fov,label,centroid-0,centroid-1,major_axis_length,minor_axis_length,orientation,area,eccentricity,euler_number,alignment_score
fov0,1,690.1264181523501,11355.535656401946,138.85611709862349,58.57391629290975,-1.2949057745403136,1234,0.9066741368174404,1,0.8197346718189019
fov0,2,691.4293333333334,11171.605333333333,51.1445075236119,16.286208724305663,1.0317238241364517,375,0.9479446490924816,1,0.8632355606790928
fov0,3,774.2473532242541,11141.222329162656,74.63451159713627,41.80730270263465,-1.4479958405792275,1039,0.8283841220902058,1,
fov0,4,930.8206008583691,11432.017167381975,182.9879110686522,156.55946785216904,-1.2285425438020836,3495,0.517682617297231,1,
fov0,5,949.2598566308244,15136.45340501792,43.37556711395359,17.363411050844334,0.15215862992287668,558,0.916382422295756,1,0.334458504121709
fov0,6,989.9281674208145,15065.640837104072,167.53232647620516,74.78635773541993,0.7740181712619988,1768,0.8948337432052751,1,0.19544525467167778
fov0,7,971.0723404255319,15218.924822695035,40.00462112052629,22.752462998319274,-1.1161707164981163,705,0.8225133048373642,1,
fov0,8,1045.0080591000672,15010.357958361315,158.84196831404475,54.120378700955555,0.8072828137871194,1489,0.9401654019574117,1,0.20265380273877462
fov0,9,1086.8816225165563,15322.42798013245,67.39105725824717,56.522448697837156,0.7032719855677649,1208,0.5445578544194046,1,
fov0,10,1137.8813700918963,15227.80618212197,112.51507570121159,21.750526657149297,0.43075612993292733,1197,0.9811373136530528,1,0.2530770022852688
fov0,11,1196.4797101449276,17085.682608695653,57.6995443226917,27.89559987016046,0.9288822434941897,690,0.8753647483268012,1,0.24529950325934563
fov0,12,1207.5195094760313,15359.241917502786,57.191455825884546,32.0138422907349,-0.6598344760985991,897,0.8286506096308672,0,
fov0,13,1214.7444298820446,11412.906946264744,82.06399290076233,24.636445101295525,0.867990974617456,763,0.9538730811732377,1,0.7933193914447305
fov0,14,1261.1384615384616,15169.914685314685,79.94462725403964,20.984904985605958,1.098882614629695,715,0.9649338968654712,1,0.3785806317248839
fov0,15,1340.9994275901545,11639.615912993704,158.79995000780798,29.191083264700982,-0.5548140480717777,1747,0.9829593605765293,1,0.3977957546972417
fov0,16,1330.5514018691588,15186.336448598131,69.19442747953424,23.6666335692049,-0.18805653136987424,856,0.9396886989610772,1,0.4972065479227745
fov0,17,1336.4651162790697,12253.32558139535,56.27712169977664,14.260297956088621,1.5660668507545725,473,0.9673630982600587,1,0.8273853045682004
fov0,18,1368.1433447098975,16490.0,30.841776054253923,14.613756826132718,0.29940170795273097,293,0.8806163694513752,1,0.4740164539178606
fov0,20,1410.6676324503312,12276.246688741721,148.56417695392153,60.61159411930239,-0.9366245142242869,2416,0.9129897183951087,1,1.0644376845480494
fov0,21,1438.0775494377665,16451.11632415665,129.4076774946276,87.11222630407977,-0.04783672609208107,2579,0.7394957815701502,1,
fov0,22,1486.0313880492909,12122.507556382237,249.91623364154728,124.81213005606642,-0.5940313370108254,4301,0.8663623962073211,1,0.7539360264502438
fov0,23,1419.975155279503,12336.170807453416,33.484175862689945,16.686301763361897,1.5590404868682288,322,0.8669851613578026,1,0.9174136646719967
fov0,24,1521.9533898305085,16288.903072033898,115.34297063479839,58.408631911832806,-0.39163186165994446,1888,0.8623040332913734,1,
fov0,25,1532.96255850234,12207.232449297971,100.17449076586193,9.121320501542836,1.4126867460145804,641,0.9958459269126453,1,1.0006014916072485
fov0,26,1622.1776658874303,16688.509800395612,285.1823906198874,212.40891194456944,-1.3144374963759111,5561,0.6672679304116589,1,
fov0,27,1654.59169550173,11940.306754927034,213.9435626891926,93.03532772779533,0.030022560747407216,6647,0.900498457105784,-1,0.5373643724430389
fov0,28,1600.658640226629,12212.818696883853,97.2924297673866,16.604962037077453,-1.1273237343610927,706,0.9853281331110426,1,0.935045886011472
fov0,29,1658.0481220657277,16421.573943661973,90.6212107616394,27.46351025768355,0.7981625653433737,852,0.9529720172151176,1,0.4813953668364417
fov0,30,1643.3046875,16446.75,18.922488946432868,8.990498346010968,1.5166971544892676,128,0.8799197155600902,1,0.7177965523673323
fov0,31,1661.05,11669.578125,50.91499569082034,8.753602547165725,-0.9596812015009071,320,0.985109898091768,1,0.5866266741931528
fov0,32,1844.282999660672,11698.432304038004,549.9672531201139,153.63867638059548,-0.08996234519867216,8841,0.9601865280471533,1,0.3117743644233124
fov0,33,1731.7738840216937,18046.437630371296,135.7602734474106,84.78251166179356,-0.6675281480720361,2397,0.7810235065378515,0,
fov0,34,1719.3973589435775,16532.81512605042,48.85343693562385,37.97759011555692,-0.0638109566844853,833,0.6290336629203821,1,
fov0,35,1852.7527027027027,17867.23918918919,69.43574064711282,15.952810102028511,0.47734067030414395,740,0.9732498533577643,1,0.46843219000668795
fov0,36,1865.5638138138138,11645.256756756757,109.23830475519733,24.30657876765033,0.777440412250433,1332,0.9749304838209325,1,0.5562795319125822
fov0,37,1965.7537313432836,11627.8794489093,158.70368331870588,36.7790124625565,-0.09216880907039184,1742,0.972776228605174,1,0.3118701178770229
fov0,38,1981.8541666666667,13929.3875,60.715245748993325,12.976240693214512,-0.5811359157685201,480,0.9768943166180272,1,0.6019596465906345
fov0,39,2134.560941176471,15584.344,168.32288562378346,132.3936597528626,-0.25114926957307193,2125,0.6175319384087419,1,
fov0,40,2127.1823444283646,11586.767004341535,113.9647809315346,34.50455691523204,0.12555741692111722,1382,0.9530652136943528,1,0.32562898518317024
fov0,41,2104.2378223495703,15699.389684813754,44.4150538061055,10.990613755203256,0.9653948590064555,349,0.968900039422527,1,0.5722755074167518
fov0,42,2175.353846153846,15642.046153846153,35.432628988784465,14.595015704565844,-0.28443812871440544,325,0.911225025494489,1,0.4975536789834909
fov0,43,2190.4285714285716,15714.135238095238,60.46034142878708,17.620266869827063,0.6044410261482663,525,0.956590597241792,1,0.4518281910412944
fov0,44,2195.1473684210528,15201.803508771929,28.76210461315371,13.389206660455802,0.836307307695865,285,0.885039706465687,1,0.42143993403410734
fov0,45,2225.6087533156497,11286.905835543766,75.44096907801583,56.94196547671852,-1.0883917603318425,1508,0.6559683899524157,0,
fov0,46,2231.2980625931446,15167.90611028316,80.81869695451202,20.744938377317926,0.39904459742441606,671,0.9664951458719842,1,0.29108594877225924
fov0,47,2270.1934805467927,13019.305467928496,80.90773417016234,63.03086337601805,0.7066428679772128,1902,0.6269665128608006,0,
fov0,48,2267.711246200608,16025.045592705168,39.06419016092862,13.907701444124566,-0.9123116392167288,329,0.9344776678398807,1,0.7588322699577525
fov0,49,2291.8756218905473,15187.76119402985,23.41414602887675,12.933464766585404,0.4902974559740415,201,0.8335935942349485,1,
fov0,50,2300.5549132947976,15229.976878612717,24.836146370770102,9.934427380712874,-0.34331549491710034,173,0.916515686685972,1,0.4479970508077551
fov0,51,2363.496824276641,14328.95836273818,150.52416998742262,15.93977899177335,0.4730171707150048,1417,0.9943773016341433,1,0.2915143417381714
fov0,52,2357.6169467787113,13266.268207282914,71.59588237789957,60.7632952256734,1.2682999811991635,1428,0.5288774863471788,0,
fov0,53,2378.2974683544303,14285.027426160337,97.76053037224136,18.039789074221815,0.6718545029695138,948,0.9828268077931434,1,0.3271419358518281
fov0,54,2377.0578206078576,11307.936249073387,71.0608458811742,37.567222762620034,-0.05998909198113665,1349,0.8488319553386504,1,
fov0,55,2411.6047957371225,11466.864120781527,49.00447268593413,30.742642534845707,0.19257553252531567,1126,0.7787425773675969,1,
fov0,56,2409.003813155386,13195.691134413728,39.23252987759171,34.45419193343487,-1.1910926551366363,1049,0.47828497128832126,1,
fov0,57,2409.4135338345864,12941.304511278195,32.86734583386819,22.075036894799997,-1.0315744655215657,532,0.7408773108704342,1,
fov0,58,2419.425675675676,8998.18581081081,48.81957935123064,8.037566196423098,1.047816734989327,296,0.986354030272046,1,0.6393829228783372
fov0,59,2441.132701421801,13113.037914691944,72.89715440261767,32.95264875803731,1.0129587723922868,1266,0.8919961442231645,1,0.29993267970705784
fov0,60,2433.6820512820514,17272.015384615384,24.156418353774622,12.673212130448654,0.8842752593382169,195,0.8513295742344423,1,
fov0,61,2445.910891089109,8961.47194719472,43.22302732230278,10.164321899967055,0.31797676153093285,303,0.9719567022447083,1,0.5271473797322733
fov0,62,2466.5161812297733,13006.459546925566,47.59263559181309,26.035536795251538,1.0260910317322447,618,0.8371001319788041,1,
fov0,63,2466.1694117647057,17179.124705882354,99.79519373190544,24.852401610245277,1.5567877493187758,850,0.9684947290617857,1,0.7449095956841377
fov0,64,2533.5010148849797,13330.853856562922,174.69452260730475,157.80994040911645,1.4282577329635926,5912,0.42890845800682664,0,
fov0,65,2508.262162162162,15013.917567567567,90.86352212002372,39.730117449250656,0.7814719130504687,740,0.8993397741713549,1,0.2978461868009789
fov0,66,2531.980448259418,15769.685264663805,182.99551504226673,98.73869490531968,0.7031113002240124,2097,0.8419414266393546,1,
fov0,67,2502.746913580247,17185.222222222223,44.21106613675767,11.658144913878008,1.383047278817288,324,0.9646066796737527,1,0.6730218351400736
fov0,68,2563.1194267515925,15702.875796178343,78.75638354694493,18.15963402213127,0.817623948114738,628,0.9730534102060122,1,0.5168716691443319
fov0,69,2580.9113924050635,13062.142857142857,95.64569771634105,46.350765954051994,0.13691035559078105,1659,0.8747308825122938,0,0.3998599077403798
fov0,70,2597.032967032967,12746.941391941393,33.64538318293116,21.31750429382239,-1.0370088337957768,546,0.7736659277531532,1,
fov0,71,2638.095928226363,8712.492753623188,125.97337207462184,114.17595523569202,-1.2935742422065337,2898,0.4225279034873704,1,
fov0,72,2689.22146619842,11215.84811237928,165.49324711465846,114.38884761366992,-0.06189618149603796,4556,0.7226640078799054,0,
fov0,73,2659.073784722222,13778.480034722223,69.22074782206141,32.43228205857721,0.9300079519995555,1152,0.8834454028730441,1,0.2950674570299507
fov0,74,2690.4938505203404,17298.932198044782,155.28670710418413,103.53678291123987,1.03313196295547,3171,0.7452850725426496,1,
fov0,75,2660.078034682081,16030.537572254336,35.60666571120103,22.590581154484894,1.2089408118574978,346,0.7729654697552054,1,
fov0,76,2693.0880398671097,13718.252491694353,92.36321551882418,34.85840381722048,0.3315015531594383,1204,0.926048022059068,1,0.3253327182984662
fov0,77,2685.4724172517554,13113.437311935808,68.84386890605259,40.13359491439739,0.46518407688997854,997,0.8124969659686226,1,
fov0,78,2753.269847050255,11440.257647487255,195.21827649426095,164.80732119150264,-0.5722918397237486,5492,0.5359956279645237,1,
fov0,79,2783.950135614438,13870.297517212603,261.4025802405007,81.97758281800213,0.4816307881161975,4793,0.9495529897205475,0,0.14638889183201914
fov0,80,2699.3422733077905,11735.278416347383,51.526036205820624,26.137985870211203,-1.4526581132032403,783,0.8617829153570556,1,
fov0,81,2712.561046511628,13762.28488372093,34.080568187642825,15.998356262607684,0.13625349962165148,344,0.882971014748263,1,0.23778635143990043
fov0,82,2730.5414364640883,11764.839779005524,20.064731427872477,12.749882704806073,0.6241529233916145,181,0.7721523089050114,1,
fov0,83,2840.993293591654,13800.317809239941,213.06292531478303,29.60028158710324,0.47863366611748065,2684,0.9903025664804792,1,0.146334327348592
fov0,84,2788.917491749175,14832.752475247526,86.70327531174546,21.313331811592672,0.8521354149794722,606,0.9693156912793651,1,0.3338336169190701
fov0,85,2771.365671641791,13627.402985074626,37.39815068592083,14.346935268697301,1.4608741537661418,268,0.923488185730337,1,0.5170056605191625
fov0,86,2867.537515006002,11669.083133253302,202.23718096731895,81.72447551572463,-0.4963358055240627,3332,0.9147138726632674,1,0.5890252587907197
fov0,87,2796.6153846153848,8772.971659919029,41.166153260004094,9.949085668416007,-1.402591768785941,247,0.9703557046088201,1,1.1343549253365521
fov0,88,2928.3466135458166,17530.5234063745,150.52410726550005,35.69219282863323,-0.6722067261675477,2008,0.9714805034742078,1,0.41047450785076395
fov0,89,2881.953125,17632.645833333332,17.104250508387672,14.375413519334867,1.2627757569047242,192,0.5418758453773825,1,
fov0,90,2938.9435626102295,8680.609523809524,132.47352907351402,106.65292175791036,-1.0364467643998445,2835,0.5931546364449852,1,
fov0,91,2973.641476274165,11264.514938488577,94.04480904020991,62.560948023423116,-0.07638362435602045,1707,0.7466430484776728,0,
fov0,92,3023.5622222222223,17595.673703703702,204.42649414214438,38.34882877396408,-1.2539459559104926,2700,0.982246986577739,1,0.8382367923341899
fov0,93,3095.555306187881,17066.01506893235,309.1448739338782,96.54089925283029,-0.12921768410712475,3119,0.9499888959682355,1,0.1611238706786751
fov0,94,2996.809523809524,16971.89523809524,32.44397435933781,8.929568293156764,0.4826992784620652,210,0.9613782931964465,1,0.30538136279572337
fov0,95,3003.1776649746193,16925.142131979694,31.52012170879175,16.615351625290373,-0.231219755233684,394,0.8497817074874406,1,
fov0,96,3040.0362622036264,13998.750348675036,121.4937877665471,68.96355972690826,-1.2126839814341959,2151,0.8232835478761371,1,
fov0,97,3059.1917525773197,13785.841237113402,52.310908179061414,20.10764770892557,1.2887165161938257,485,0.9231719335960112,1,0.8906869320252236
fov0,98,3075.3500866551126,17125.13171577123,65.49700231653762,12.118756983617846,-0.09426546781595738,577,0.982733313546898,1,0.15330658795287902
fov0,99,3139.7101218865923,11938.688394276629,180.81731912098675,28.22336562525254,0.5862351489658385,1887,0.9877431949994061,1,0.7180542808031142
fov0,100,3099.651639344262,14029.777322404372,51.28260326660749,25.377025725096015,-0.6883540987011214,732,0.8689803035658097,1,0.6916344992214208
fov0,101,3176.9121875,13471.81578125,207.83978071925043,182.65894910801873,1.0481475845133388,6400,0.47710742098756176,1,
fov0,102,3123.2875929102343,11833.069754145226,142.07378549100753,46.54880159308703,-1.3772745822905612,1749,0.9448032596970627,1,0.7927434475628933
fov0,103,3114.009036144578,13973.617469879518,37.35920885473101,15.279561869307258,0.6333652892766574,332,0.9125386364549285,1,0.6467112381661496
fov0,104,3140.7042900919305,8604.250766087845,108.31302784599512,45.037394670005796,1.025998326963804,1958,0.9094525432126142,0,0.6325101129454052
fov0,105,3230.3460119216575,8473.448765256884,378.2359433186185,75.68232659597658,0.9901618311695671,7046,0.9797769294932988,1,0.8734991975071894
fov0,106,3140.8132911392404,11974.104430379746,44.138903207132884,11.72629446514027,0.9426319843400934,316,0.9640645776236711,1,0.8680424011744869
fov0,107,3157.4452214452213,17113.55710955711,58.27444120568907,9.928346170546648,-0.26856453765145444,429,0.9853797771278282,1,0.20820755661585058
fov0,108,3201.873929427886,12376.913669064748,157.54066425008594,85.65348993218583,0.17487682050850262,2919,0.8392852678065945,1,
fov0,109,3189.3494736842104,17358.082105263158,57.47240523244263,17.50950518940944,0.5742128391929618,475,0.9524613824370151,1,0.5193817658396859
fov0,110,3190.3072916666665,17304.375,28.39656236596537,9.449394783162653,0.013235308642700705,192,0.9430096271779768,1,0.3279311114113662
fov0,111,3268.419623059867,11240.207317073171,185.52320974489356,83.37701571919463,0.9604346412020298,3608,0.8933228204890855,0,0.6627612092874084
fov0,112,3238.1997885835094,13805.531712473572,64.00701732216025,42.863208069030975,0.3489665272685751,946,0.7426640282309542,1,
fov0,113,3231.5459459459457,13864.285135135135,47.0085278910116,37.52302239731894,-1.4598638665654868,740,0.6023695441362216,1,
fov0,114,3267.370109546166,11988.487480438185,92.52370949304098,48.79369517312636,-0.5075824538986178,1278,0.8496393145431768,1,
fov0,115,3267.9497716894975,11543.20890410959,64.22813870983069,31.06420360893958,0.7416346253477826,876,0.875259216858114,1,0.7171136284947491
fov0,116,3296.961421319797,12655.660913705584,113.86508550563832,27.61404842306754,-0.3879361987880426,985,0.9701475305698416,1,0.3191627600558515
fov0,117,3274.5566502463053,13853.394088669951,31.094594992122644,10.158777368918223,-1.4859264704257773,203,0.9451261665942209,1,0.9636181533699157
fov0,118,3319.315082644628,12372.418904958678,141.3010554668757,31.18890540487542,0.23609377933576442,1936,0.97533571451466,1,0.5188080432197372
fov0,119,3368.926326129666,12324.383104125736,122.22101173748662,13.691727698184433,-0.2636973817910042,1018,0.9937054634648272,1,0.3429797117673304
fov0,120,3405.6400709219856,9693.706028368795,167.7001015444655,47.51976695245826,-0.3088452495267619,2820,0.9590131442696004,0,0.5065477162262313
fov0,121,3364.398889403054,11775.259602036094,137.47174478329921,54.90470362301813,-1.1731062512081876,2161,0.9167815558701354,1,0.8396259500329053
fov0,122,3349.366894197952,17625.962457337882,36.15519804764804,21.030874357017034,-0.5378017946409184,586,0.8134153652195181,1,
fov0,123,3418.9462339549527,9595.681036570599,224.55397666355228,117.13690189006034,-0.1557728547105605,4129,0.8531641595026097,1,
fov0,124,3397.2907317073173,10234.450243902438,132.9520720352435,37.477972656699315,0.07682107370723615,2050,0.9594464802300401,1,0.41333968841026564
fov0,125,3458.7634854771786,13418.490219324245,289.73697129662673,162.93142603995778,0.34102237217921805,8435,0.8269043845737581,1,
fov0,126,3382.9405594405594,13906.29020979021,68.50304758462266,49.313593370205524,0.7745024325339422,1144,0.6941043028522648,1,
fov0,127,3382.813852813853,17366.64502164502,30.0446801620455,11.287366216251698,-1.1334807247374075,231,0.9267470079678584,1,0.8729194085309195
fov0,128,3399.619524405507,14141.140175219023,60.60439040128072,40.98843446453798,-1.0379020346206325,799,0.7366007719642464,1,
fov0,129,3382.8529411764707,17423.948529411766,22.147313551083016,8.24919818140556,1.186529664044095,136,0.9280444453447061,1,0.8083692152730659
fov0,130,3409.2948430493275,17805.282511210764,58.96436563889187,37.76083892282849,-0.8705458668097185,892,0.7680407246901916,1,
fov0,131,3412.028481012658,11927.835443037975,47.00158870148106,23.607000929742153,-0.6912887288831844,632,0.8647168646265738,1,
fov0,132,3426.663220088626,12379.77400295421,45.65006555373379,26.113449839595248,-0.022115524112113746,677,0.8202289882160783,1,
fov0,133,3419.1475409836066,17592.983606557376,28.23596612828986,18.527649561576396,-0.315111313461449,366,0.7546113859591796,1,
fov0,134,3439.095602294455,17361.187380497133,71.03004442777757,13.241899574933964,0.8312278403286381,523,0.982468865091582,1,0.6722620357874244
fov0,135,3465.8267045454545,13903.928267045454,92.8509395176708,51.78356811824789,1.2852462399588709,1408,0.8300382596584497,1,
fov0,136,3472.2621908127207,10312.542049469965,87.64073523662,42.34958220833126,1.0992851642746486,1415,0.8755000565055557,1,0.7209330965450117
fov0,137,3474.53373015873,13961.63492063492,50.047326008847264,16.62576362165399,-0.060866410643644286,504,0.9432086744050711,1,0.6190751939269464
fov0,138,3469.273076923077,13261.690384615385,41.334545610502204,24.756459000637314,0.9595863180903562,520,0.8008021140894793,1,
fov0,139,3487.81338028169,14182.665492957747,40.29930295101632,25.710994754992445,0.4839603624068691,568,0.7700355512482994,1,
fov0,140,3481.6677215189875,17536.42405063291,22.318340777261778,18.062687405986853,1.2256723457077932,316,0.5873674900887722,1,
fov0,141,3525.2930640243903,11722.614329268292,127.88652195820373,91.28545035471362,-1.5404877650134854,2624,0.7003491921166344,0,
fov0,142,3534.9177330895795,9348.652650822669,103.29128894885524,67.74705247044724,-0.7584189657349505,1641,0.7548621264292704,0,
fov0,143,3519.9620493358634,11922.675521821631,47.66435248088677,28.18769401074119,0.7408496872636183,527,0.8063937965786957,1,
fov0,144,3536.5795971410007,12444.302144249512,87.50350555757997,62.999072433425354,-1.4906094809033525,1539,0.6940149847925848,1,
fov0,145,3528.731707317073,13214.424796747968,33.1759453556809,28.449367275775163,-0.3880208606191523,492,0.514434017436663,1,
fov0,146,3525.9844020797227,17786.064124783363,60.163961779447746,31.530337146757624,1.4954234024146558,577,0.8516730486953548,1,
fov0,147,3544.4549356223174,14011.729613733905,34.12057929164346,12.40760424792676,1.473828694054152,233,0.9315395958998116,1,0.719128840888884
fov0,148,3564.468085106383,17421.782978723404,46.868166501110366,16.897210965221173,-0.9516361684473131,470,0.9327490127139445,1,0.7949701188484809
fov0,149,3656.6550086355787,14094.123632700057,466.4481431085397,75.63265640257802,0.994669117295739,6948,0.9867667938375044,1,0.5459436235034554
fov0,150,3580.6029011786036,12339.193563009972,137.74094228106,53.39340912459139,-1.4940621862599825,2206,0.9218123382305512,1,0.6401866715797576
fov0,151,3704.3571428571427,12932.575682937751,440.315215010608,196.83844427742713,-0.34953722618841404,8932,0.8945140465095561,1,0.1847802139661212
fov0,152,3572.5247524752476,14040.232673267326,30.48040581453508,10.969334281262494,-0.8557406413613549,202,0.932998018870203,1,0.8938960133790818
fov0,153,3603.131467345208,13704.456318914334,98.8367067702263,55.66169949542518,0.36497808582707486,1179,0.826342225170477,1,
fov0,154,3650.3354430379745,13996.706751054853,38.256991412500255,23.19961458830092,0.3832559013973969,474,0.7951482953552206,1,
fov0,155,3654.707753479125,9671.798210735586,56.49451850340045,47.8899236526185,1.4719721707700686,1006,0.5304894958450241,0,
fov0,156,3710.9900118139835,9240.84222962088,410.80265951604736,175.4311333834726,-1.4653680009349648,9311,0.9042304748571627,0,0.7057540817690707
fov0,157,3737.6535400938583,13599.219955111203,203.47424540497593,108.57657984769105,0.13913507345972706,4901,0.8457285383682734,1,
fov0,158,3662.7131367292227,14248.906166219838,27.098267594619692,17.719018983995902,0.3566369619371755,373,0.7565981520579257,1,
fov0,159,3713.065778517902,14063.172772689426,145.03368243086754,41.87672358897802,0.9614183273751518,2402,0.9574081754270228,1,0.5119653128423143
fov0,160,3699.9423076923076,13904.15811965812,32.577453103395314,19.159247857318928,-0.1685317390666165,468,0.8087782305349663,1,
fov0,161,3753.0544720914595,12348.860121049092,101.64680357052374,40.9501790044086,-0.5848473194817381,1487,0.9152583752345929,1,0.3204027966511332
fov0,162,3757.0421324161653,11198.081685296647,118.44084563157121,18.861461813450482,1.5135968304366023,1163,0.9872386188527538,1,0.7381853944539388
fov0,163,3839.493134790176,14217.82285824792,205.8553925634578,118.21936398039304,0.4107474582468125,5171,0.8186564684848698,1,
fov0,164,3771.709281961471,11858.199649737304,41.03240490295236,32.425121334157865,-1.4611242879044015,571,0.6128077278730149,1,
fov0,165,3799.2698768197088,11717.780515117582,107.1926241082681,22.343296895709166,1.44761506597599,893,0.9780350241431346,1,0.7759039042645403
fov0,166,3835.6583541147133,11069.730673316708,73.67713458888271,22.521219202332265,0.13263656479228578,802,0.9521360812739703,1,0.34761362806119805
fov0,167,3878.5385041551244,13298.235457063713,182.62888644772926,30.019487920330143,-0.04825365047193934,1805,0.9863980448626793,1,0.2259247274091539
fov0,168,3866.391785150079,13259.365718799369,148.78236526990145,14.409553494670737,0.08980713717640502,1266,0.9952990011506866,1,0.2648263355959008
fov0,169,3893.104363207547,12949.534787735849,169.27287705823574,45.75446601906887,-0.8604480754177082,1696,0.9627761352079052,1,0.3445677024827585
fov0,170,3875.4235914065666,11690.882853668423,143.76224007047185,31.38802158547961,1.2906299089252324,2467,0.9758743569594129,1,0.5149047305761224
fov0,171,3873.8228228228227,9855.93873873874,91.90061102559534,78.99984454462158,1.527028367760791,1665,0.5109294878416974,1,
fov0,172,4013.643095026643,11015.208814387212,438.7861531546408,101.65233922977754,0.06960169729572988,9008,0.9727951119575629,1,0.36725179810109054
fov0,173,3860.145945945946,11774.978378378379,29.015517524333198,9.440573729892284,0.4218815293714744,185,0.9455892159341396,1,0.5259235569256421
fov0,174,3887.586956521739,14068.997826086956,29.255869339534303,20.200064747528756,-0.21419581291588738,460,0.7233687084149135,1,
fov0,175,3969.7658909343522,9451.171413685308,215.8159779683853,165.99731931190226,-0.014046875898407423,5758,0.63905457037669,-1,
fov0,176,3950.8014492753623,13987.366666666667,76.25969040114666,19.250207899897458,0.16895445546067495,690,0.9676152466549446,1,0.22269724755615447
fov0,177,3997.8786692759295,13481.12548923679,173.54586300423074,124.68064702769837,-0.05621927646830849,4088,0.695598711793622,1,
fov0,178,3952.1632775119615,11832.130980861244,66.12767796174211,59.08681854174001,0.43005966248825134,1672,0.4490108850069664,0,
fov0,179,3944.649093904448,9767.845140032949,30.986530643919384,25.158967347403895,0.6158554034568169,607,0.5837515072054391,1,
fov0,180,3995.4703363914373,14286.168195718654,128.6646701522393,36.886952353495175,0.23902179003130578,1635,0.9580232231006477,1,0.4210283755299829
fov0,181,3977.732269503546,11374.661347517731,45.66423033428751,17.895533708908953,0.14858617928629061,564,0.9200104153770826,1,0.4524081441594779
fov0,182,4001.126033057851,9715.179752066115,30.260920000875277,20.808488696089977,0.44777384213980437,484,0.7260558888205679,1,
fov0,183,4002.4615384615386,14229.174825174825,20.394084459978423,9.454459833874834,0.2633307378718461,143,0.8860507026608087,1,0.42511658822745046
fov0,184,4068.8826156299842,14238.213397129186,159.26666213352564,78.83819707375433,0.9683254135144571,3135,0.86888868389257,1,0.66462019906483
fov0,185,4046.7488764044942,13295.39213483146,91.0606055927598,60.33496515665415,-0.2895849523937177,1780,0.7489908678203425,1,
fov0,186,4172.561166698131,9173.921842552389,505.0140562215193,140.51264510154556,0.6991314065123214,10594,0.9605129981304386,1,0.6878190592787825
fov0,187,4064.1616438356164,10273.620547945206,51.60371573534523,46.4404220807022,-0.7950747018952175,730,0.43600679182299346,0,
fov0,188,4060.075721153846,14373.935096153846,39.9397327222345,27.56155619824602,-0.5172820001095592,832,0.7237343980581457,1,
fov0,189,4081.9308270676693,14026.28872180451,70.90167763712566,18.737734326680858,0.28795248113431676,665,0.964446619629746,1,0.21273449281821588
fov0,190,4090.777056277056,13388.05303030303,65.77655536378042,35.169327017819846,-0.32542801808669,924,0.8450553971628011,1,
fov0,191,4099.538978494624,10871.138440860215,68.3505766163889,17.242638235057893,-0.015972690002516228,744,0.9676575018639118,1,0.3869279539895106
fov0,192,4106.0,11341.952959028831,86.5684226216085,13.474990865497665,-0.17851887121772897,659,0.9878111472995549,1,0.44219868157087994
fov0,193,4124.353251318102,14403.367311072056,110.91879349348459,19.65433927400629,-0.11669314307152558,1138,0.9841756269459253,1,0.39996816337195945
fov0,194,4102.053691275168,19173.230872483222,83.90514291371389,26.92380214926862,1.3274412910959625,745,0.9471185664183571,1,1.0516057217128665
fov0,195,4111.969289827255,8429.777351247601,32.07603022862732,21.276749607339543,0.7524523865299692,521,0.7483337378261953,1,
fov0,196,4111.557422969187,18159.803921568626,30.423041496987633,19.59907091856146,-0.20393674308427176,357,0.764841924638612,1,
fov0,197,4153.508196721312,14001.793715846994,103.99439502439239,11.311909119965195,-0.2084559630756079,732,0.9940664812966024,1,0.34383908753976006
fov0,198,4133.3790849673205,9684.271241830065,28.246235322123937,15.841759092390522,0.044664516463225036,306,0.8279208392293398,1,
fov0,199,4130.22794117647,14263.014705882353,19.17108906063183,9.479971690910505,-1.2365223381531212,136,0.8691815413486368,1,0.8117173445106896
fov0,200,4146.793296089386,10936.56843575419,46.44660744010055,32.06712439047881,1.0880082519474126,716,0.7234198963128026,1,
fov0,201,4143.4080188679245,9876.702830188678,53.0922386982679,15.363698177522808,-1.1065511924343021,424,0.9572150619230773,1,0.4409879037638133
fov0,202,4165.2951048951045,18357.906293706295,69.19181950041812,36.68614064246503,-0.3521505411332283,715,0.847866842792654,1,
fov0,203,4167.519018404908,8477.463803680981,44.85761111034592,42.125009694466165,0.26017883633442984,815,0.34369106941966937,1,
fov0,204,4232.8617121354655,9871.896048918155,178.33994239740554,38.84562396367763,-0.6960238067081966,2126,0.9759894371523089,0,0.37522616338546877
fov0,205,4212.656131479141,9795.254740834387,150.50654605520498,31.47852315071523,-0.5461351159025073,1582,0.9778834581974785,1,0.29415566128796883
fov0,206,4194.727272727273,18116.05991735537,44.765453855020304,16.109029516201662,-0.9959790417650028,484,0.9330086110984098,1,0.550448200286134
fov0,207,4246.166051660517,14369.568265682658,157.34238009461362,66.00556212312185,-0.15884405590672004,3252,0.907754062236392,1,0.41650192953173804
fov0,208,4272.435302150905,10414.551041311028,165.3223658149285,40.05709154916288,0.4497204148059991,2929,0.9702021580365772,-1,0.7069494917437753
fov0,209,4229.086053412463,8433.511869436203,95.89070076183732,48.010118356371414,1.1891548044100624,1348,0.8656350896134156,1,
fov0,210,4215.625,17903.331632653062,34.92468185082108,17.267752647656398,-1.0081450078679313,392,0.8692183912264557,1,0.410275385720928
fov0,211,4264.486590038314,8259.430076628352,66.74811696551556,36.99842750641195,0.07899935468209694,1044,0.8323174889096959,1,
fov0,212,4244.238636363636,18063.090909090908,33.357212833874335,12.180893877177871,-1.4723239771576404,264,0.9309427286266656,1,0.5740055782487695
fov0,213,4318.134284016637,18266.059417706478,105.4094314377229,42.48108089221937,0.4850445819883742,1683,0.9151954663545792,0,0.7475470569468666
fov0,214,4323.649543378995,17986.15068493151,92.25343657071717,46.12488166477325,0.43693703946632395,876,0.8660368976136332,1,0.727195326479828
fov0,215,4318.110921501707,18048.228668941978,64.01615635214782,14.933205481168244,-0.3841722326080942,586,0.9724114176464325,1,0.4048104689117661
fov0,216,4346.681395348837,14283.994186046511,89.10245708366345,34.361444285565,0.4258811142244809,860,0.9226494601967931,1,0.46667131833682957
fov0,217,4362.369082125604,14158.11884057971,106.667277040373,25.444142115764798,0.13495445338105444,1035,0.9711332950032332,1,0.3682590112523588
fov0,218,4351.776842105263,10977.527368421053,40.465364583080586,30.257321321212462,0.2546764598958198,950,0.6639986039996238,1,
fov0,219,4410.60718763059,8892.056414542416,138.03620952765965,83.9393246793421,-0.04275088589945698,2393,0.7938631780320603,1,
fov0,220,4449.473612990528,18220.269282814614,178.43283752151297,53.07209027919661,-0.9849775662708241,2217,0.9547422112699637,1,0.42110753942612944
fov0,221,4404.810964083175,9325.918714555766,44.69404515737979,18.507118610956656,-0.41568732251427637,529,0.9102383710695324,1,0.4047527631701225
fov0,222,4438.827150084317,10393.593591905565,124.35634815440342,66.32380238102881,-0.7537360541347881,2372,0.8459030566862223,1,
fov0,223,4414.05572755418,10070.919504643964,39.761919944093684,21.56394082768289,-1.463216463783573,646,0.8401678542341647,1,
fov0,224,4434.0670826833075,8310.140405616225,40.731158401571925,22.111163850432934,-0.7856461263105385,641,0.839825632718667,1,
fov0,225,4476.033478893741,14269.732168850072,32.356906396108315,27.21960968148737,0.24835083198602648,687,0.5406769856450478,1,
fov0,226,4485.104859335039,9067.030690537084,71.18723904969453,46.06868899449111,1.0949757389088435,1173,0.7623642772496285,1,
fov0,227,4603.97598712712,14165.217724965962,277.2887865302235,147.50454838660423,0.5185974430824993,8079,0.8467740022950632,0,
fov0,228,4522.165898617512,11979.764976958526,33.03448122110675,9.656202023758414,-0.13310924351091163,217,0.9563246105363687,1,0.403837927059592
fov0,229,4615.433293627159,13465.211137581893,305.2691544141346,144.8013179416616,0.8865545094421023,6716,0.8803418247312356,1,0.392410808071173
fov0,230,4542.671826625387,18238.018575851394,29.780439303257747,15.91513388351253,0.48996463224918696,323,0.8452217904997942,1,
fov0,231,4583.061224489796,13238.42229199372,100.75380124471141,42.43166116709997,0.005791730055804053,1274,0.9069946990148753,1,0.2808961533023901
fov0,232,4575.433619866285,9884.510983763133,94.63877705028371,37.05818537305731,-1.561463350424528,1047,0.9201461664641577,1,0.45412173514286436
fov0,233,4575.170370370371,13130.722222222223,25.59576167145519,13.951856358331854,0.8036761334798422,270,0.8383810248402925,1,
fov0,234,4645.657963446475,8434.831919060052,189.13669673374855,79.16838778784832,0.17239756850310053,3064,0.9081810274539036,0,0.2094952132447477
fov0,235,4616.694151486098,8954.671140939598,66.0435897955128,44.36710493364359,0.8838405424884064,1043,0.7407460228757271,1,
fov0,236,4628.52531120332,8244.389211618258,116.26001931178644,62.858456125071235,0.8595164748952573,2410,0.841233940197692,1,
fov0,237,4636.777945619336,11306.62990936556,160.56464169875812,30.797511776640476,-0.6364038300662587,1986,0.9814325554058885,1,0.31400808069266234
fov0,238,4657.605720976915,17715.72030779525,234.78800290353644,152.5554474816926,-1.1184530887570896,5978,0.760140898514514,0,
fov0,239,4680.106578947369,8879.82302631579,172.2591288744492,53.711061061551526,0.39754603279679274,3040,0.950146490686693,0,0.37046266148133705
fov0,240,4619.078328981724,18373.913838120105,53.70714279879958,11.803637727690214,-1.2640228433317917,383,0.9755499568485886,1,0.5031402034099653
fov0,241,4651.131443298969,12293.341494845361,58.66072274817212,32.052372597448716,-0.09734436125391531,776,0.8375226426298029,1,
fov0,242,5012.6192398841395,13969.788291055911,901.1001462727925,122.62415042000116,-0.4477574709880856,11393,0.9906974794950413,0,0.2663106590357637
fov0,243,4731.263329706202,17203.190061661226,207.57936638478776,86.11347462755636,-0.43442142809654366,2757,0.9098916293148831,1,0.5373143658102674
fov0,244,4709.858860759494,13392.272784810126,119.88865898065028,28.934935945369496,0.5590797133371475,1580,0.9704385349575223,1,0.27853686912902176
fov0,245,4727.400914000831,8333.988782717075,135.27863641466075,41.808077070541266,0.2030487521650722,2407,0.9510452762562731,0,0.21218730039973221
fov0,246,4707.279123414071,13237.326412918108,80.01051496271813,16.673211112796146,-0.34695217806705303,867,0.9780462903406377,1,0.3769372957601079
fov0,247,4743.825966850829,12376.866614048935,173.8282732097554,48.69307787990218,0.011831324614503029,2534,0.9599644849176583,1,0.41674325959008873
fov0,248,4701.325284090909,12220.680397727272,39.55025908155112,27.522630242895428,-0.2636818617611683,704,0.7181483774555839,1,
fov0,249,4701.941052631579,16888.46947368421,50.39098349338711,17.732170063062366,1.2484715225258731,475,0.9360407119753373,1,0.8671468031854833
fov0,250,4707.77474892396,11132.958393113342,48.25668768126105,27.936016596927075,-0.7372726913129682,697,0.8153953085869287,1,
fov0,251,4724.053097345132,16792.953539823007,60.482388318190345,12.424468962146793,-0.8307685885873389,452,0.9786732973531133,1,0.6392107289555317
fov0,252,4739.604203152364,16837.27320490368,29.462796102800514,25.15112643541186,-1.0819319795066722,571,0.5208353646004732,1,
fov0,253,4740.686440677966,14210.728813559323,17.038885815748532,10.027646995047254,0.9437697993760387,118,0.8084859947325092,1,
fov0,254,4767.437394247039,18066.84179357022,97.14162315484552,72.08260144330265,1.1995568948259883,1182,0.6703598061535534,1,
fov0,255,4765.132450331126,9373.827814569537,37.57436536044661,22.608758093195316,0.9311475551087044,453,0.798716911200908,1,
fov0,256,4776.914735866543,9000.518999073216,70.88996768880793,32.487926417584305,0.6912097697314293,1079,0.8888044433874134,1,0.48469105209630553
fov0,257,4769.186544342508,16785.74006116208,33.80323608130104,14.337884021220097,-0.527302194827814,327,0.9055886033533046,1,0.48447242554697056
fov0,258,5013.578190141421,14083.615139377094,717.8199764921181,79.38884049143051,-0.5668055507505941,12233,0.9938653185285268,0,0.27985626993171764
fov0,259,4827.985702091336,18520.156636790438,203.66968417952276,201.68539154325768,0.12622612754529894,4686,0.13924970318690638,1,
fov0,260,4776.734892787525,13575.863547758285,37.853400837216,20.272360085809815,-0.2564344418487821,513,0.844504002664348,1,
fov0,261,4827.748440748441,13431.900207900208,102.78535968032527,17.36540349723553,0.6431242054718128,962,0.9856249282385923,1,0.3818936454654431
fov0,262,4844.749798873692,17119.51568785197,120.93301155680282,61.652648904300804,1.058683761709894,1243,0.8602880518079893,1,
fov0,263,4824.71954674221,10223.480169971672,52.25533743518368,34.270072943509604,0.9712330890271644,706,0.7549176717955977,1,
fov0,264,4847.5063520871145,16474.919237749546,84.62960228081616,27.481018090452732,0.35456864881609435,1102,0.9458098133506925,1,0.38813764500367687
fov0,265,4836.160775370581,8369.972633979476,63.34835894133813,22.63721608215807,0.45310100651420315,877,0.933972476880605,1,0.2760778833944633
fov0,266,4846.812339331619,13551.321336760926,89.43055853608205,16.949971114782574,-0.4912968223478975,778,0.9818745044990081,1,0.5625773104871675
fov0,267,4838.199306759098,13187.129982668977,50.438178104364184,23.909695636355504,0.2427378258828449,577,0.8805035051677288,1,0.20375524468780853
fov0,268,4850.627826086957,9252.132173913044,54.42503623847494,26.52796147617683,-0.7846564140263597,575,0.8731665177477549,1,0.4942768837167179
fov0,269,4866.7958041958045,8467.443356643356,50.37753221653011,29.80155416380956,0.07409688137576127,715,0.8062577573868527,1,
fov0,270,4853.362886597938,16421.373195876287,30.185382631611702,22.311849454240864,0.7667703351963453,485,0.6735290755209801,1,
fov0,271,5052.15676556896,12094.875383110531,511.92542675739156,315.36023663934986,-0.32183091437420386,15335,0.7877245004840814,1,
fov0,272,4954.729886685553,10025.593059490086,238.92781054378307,188.216813222192,-0.5601409180491967,7060,0.6159874226875273,0,
fov0,273,4910.371458189357,6771.0691085003455,196.443972881799,46.366777831404775,-1.191685332792057,2894,0.9717456365670498,1,0.7434110365949964
fov0,274,4957.67948038176,8358.194326617178,217.83607499178956,53.39272354837643,-0.583767865654304,3772,0.969496524541789,-1,0.5816950891185299
fov0,275,4899.430022573363,13887.895033860044,79.87066241984868,21.415129009704685,0.38916638347440036,886,0.9633848015274264,1,0.5340022783019635
fov0,276,4891.83498349835,18636.429042904292,45.379606116537175,10.570064244813251,-0.890980209787406,303,0.9724945985950629,1,0.6097449447704044
fov0,277,4908.575757575758,13268.714377820761,105.99716850217504,66.94773168241306,1.5168251778293982,1551,0.7752950359126419,1,
fov0,278,4902.832103321033,16601.9889298893,45.95913262527865,21.265818304415113,0.016043101229883835,542,0.8865089315485233,1,0.3144731921071878
fov0,279,5172.95014354067,10076.691674641148,593.1052642379915,122.2007879556308,-0.6610000069416982,10450,0.9785445003638472,1,0.5831465773480247
fov0,280,4930.878240377062,17528.226237234878,158.01147550945538,12.793456726804529,-1.5070283689507267,1273,0.9967169155452122,1,0.3241689565897169
fov0,281,4984.722515856237,6779.017970401691,102.11208075871215,62.423805578658566,0.385032832687165,1892,0.7913786036431613,1,
fov0,282,4998.189766994956,6954.065817919769,196.30208006565977,58.42559579339369,-1.351173347297061,4163,0.9546809693639732,1,0.8247825150691872
fov0,283,5026.3645878761445,16520.731792411687,196.56797159768195,139.0197125402302,1.2025841843281433,4586,0.7069787266675499,-1,
fov0,284,5019.009254749148,17481.239649293715,242.89640985177417,29.571855867551356,-1.531076329898882,2053,0.9925611928061975,1,0.3339062272133449
fov0,285,5047.9182338511855,16911.381030253477,137.01266632819167,42.33380283176652,-0.06391440936916819,1223,0.9510694149409824,1,0.3385993201998976
fov0,286,5016.19739292365,17306.292364990688,79.74581631593263,11.497839458737635,-0.9362503918969807,537,0.9895513178268471,1,0.24309078503496093
fov0,287,5019.713780918728,17030.819787985867,25.407747330641545,18.82693463345281,1.4037047152697764,283,0.6715139787978317,1,
fov0,288,5061.820238095238,6296.889880952381,76.19270816301079,59.44175366520861,0.04880613117708269,1680,0.6255922983347683,1,
fov0,289,5073.102756892231,18142.147556390977,145.45824539399277,113.67730383280768,0.8903926578220099,3192,0.6238907302816963,1,
fov0,290,5050.625,17336.35648148148,82.18361813142442,20.000352260058378,-1.054793092153844,864,0.9699355855407586,1,0.22779868325533925
fov0,291,5065.760720411664,6464.888507718696,131.45644279881049,68.79763376503661,1.3859803650924587,2332,0.8521182655531349,0,
fov0,292,5053.744360902256,10029.067669172933,18.857997979771337,10.251419961006926,-0.0721325739742959,133,0.839337121018934,1,
fov0,293,5233.151594515483,9718.986134647974,409.5710366223409,58.65903027517223,-0.3407731001907547,6491,0.9896907826596315,0,0.4640623996360949
fov0,294,5082.37984496124,18884.544573643412,70.65741885470874,10.079283580551664,-1.4435236872256998,516,0.9897731893071211,1,0.04976229672438418
fov0,295,5096.312351543943,18756.541567695964,119.50221107679367,15.51395395207143,-1.3935314173807898,842,0.9915373836769373,1,0.7005620758140375
fov0,296,5101.333333333333,18645.00282485876,112.14995539964653,12.084424984906907,1.4034429858628792,708,0.9941777627196456,1,1.390028434338608
fov0,297,5117.6209150326795,18525.38071895425,67.81626160361073,17.782168197473272,-1.3908215474867063,612,0.9650105717813241,1,0.9140077735816511
fov0,298,5129.868637110017,12350.114942528735,59.159855150338,35.946663802633026,-0.7508984092491544,609,0.79422849919924,1,
fov0,299,5136.420118343195,16799.467455621303,25.967892193258482,9.925721424139853,0.6908619819213454,169,0.9240669971490879,1,0.40157229566626695
fov0,300,5143.799249530957,16852.816135084428,39.168429344798135,25.09006714086653,-1.033025731958217,533,0.7679009244228567,1,
fov0,301,5263.770605916785,5774.072931498181,272.4629071412325,81.54218146071271,-0.5016812033729526,6321,0.9541659280340568,0,0.7586677641336839
fov0,302,5164.823076923077,18830.984615384616,20.134209061791434,8.471750027768685,-1.5333701171619998,130,0.9071701435916152,1,0.08517786937299576
fov0,303,5171.051923076923,18772.851923076923,64.94258125805655,11.546805337634265,-1.3288710358222333,520,0.984066604049869,1,0.06086734616621715
fov0,304,5186.122772277227,14093.742574257425,28.055569180583777,23.421142539748388,-1.452556088413937,505,0.550534221977896,1,
fov0,305,5197.085889570552,18678.047034764826,68.61921177613644,16.209102664845954,-1.3174136546581798,489,0.9717000513068051,1,0.6808292337087704
fov0,306,5200.30990990991,18568.572972972972,87.74183370894815,12.372924093322052,-1.4038375165654535,555,0.9900074441735763,1,0.9186629868781072
fov0,307,5291.246699096595,12078.648366921474,320.7324391084736,211.26347604389701,1.4867027002161544,5756,0.7524138201440095,1,
fov0,308,5208.764563106796,12248.932038834952,35.5664216126019,20.6677585699379,0.8449615943155133,412,0.8138299354336819,1,
fov0,309,5257.256896551724,6704.672727272728,337.004360765666,116.5542682277079,1.487575769577046,6380,0.9382883824276708,1,0.8881481820967017
fov0,310,5215.585585585585,13993.234234234234,13.786519742028267,10.536930975839114,-0.39103780386014336,111,0.6448699635012799,1,
fov0,311,5226.781512605042,16956.93487394958,45.75889634995704,19.179321582773625,0.9576447666819936,476,0.90792224363203,1,0.739573407943036
fov0,312,5252.045871559633,18482.16880733945,47.984852415199306,21.770342740634792,0.9656781758671982,545,0.8911585642061751,1,1.0177131809335418
fov0,313,5257.651069518716,5262.187165775401,83.21881494674676,39.067369250568596,1.3443858450571218,1496,0.8829571628630752,0,0.6940728296729656
fov0,314,5277.910201149425,14049.262212643678,85.93001719306861,40.599510806327864,-1.0849420242439407,1392,0.8813457824303842,0,0.3066821785558601
fov0,315,5277.120423108218,12213.342554922701,92.8933958879129,28.485124972373423,1.3493702419980271,1229,0.9518245473986383,1,0.6719255955778225
fov0,316,5273.233236151604,5122.107871720116,47.337257096343514,10.569462136690206,1.5675456092030402,343,0.9747543523997358,1,0.8067478651152612
fov0,317,5299.999021526419,6228.095890410959,66.66522850885168,38.07027409775611,-0.6755772261081723,1022,0.8209038504620799,1,
fov0,318,5384.84483488569,8402.376905165114,357.34537196045005,240.81345963612216,1.5544681728527805,9448,0.7388266196409586,-1,
fov0,319,5313.85234215886,4978.625254582485,86.5232645084597,24.564155724286667,-0.23649986498591782,982,0.9588532063929318,1,0.7438047595296219
fov0,320,5343.845084409136,5171.090491559086,294.185809688,114.29514459203529,1.3051973250813251,8056,0.9214430515464981,1,0.7143214618339918
fov0,321,5318.770181219111,6051.46732564525,173.35752441749528,74.62137370001511,1.5405915794198912,3642,0.9026154487186647,0,0.9689043715198139
fov0,322,5309.06611570248,12024.363636363636,42.87478407131947,28.385137098684943,1.2949494036980043,484,0.7494620128819568,1,
fov0,323,5423.106084740363,6444.082351067219,375.3058994329431,73.35183123593647,-0.6913659895298039,6278,0.9807145737706108,1,0.10755851780395001
fov0,324,5339.320833333333,9631.065277777778,95.80418189426898,49.76812062289734,0.11214702663417395,1440,0.8544841055398971,1,
fov0,325,5312.617924528302,6495.433962264151,25.497518772681758,10.995681712509757,-0.7511467287050244,212,0.9022347848038201,1,0.5601707825787626
fov0,326,5367.142936596218,6816.940489432703,168.42402254368963,36.44838183274532,0.01023345238860297,1798,0.9763029152514033,1,0.4375846231608359
fov0,327,5388.405986509275,13828.669055649241,211.27130609620795,29.779262689773905,-0.7287596396693238,2372,0.9900163302409403,1,0.13688072207356572
fov0,328,5330.227765726681,14233.523861171367,38.240966151051595,31.317279718183652,1.071551303355848,922,0.573870829989279,1,
fov0,329,5334.673170731708,14121.073170731708,49.01178613733615,12.763948099451433,-0.3289141477189346,410,0.9654937849406338,1,0.22200175873193237
fov0,330,5371.851603281133,5583.369873228934,131.6488059172607,54.66081385125733,-0.9265738282074563,2682,0.90972936169722,0,0.7688142468224085
fov0,331,5355.740875912409,12148.284671532847,61.527457419139,45.40363535930569,0.8607818869007731,1096,0.674865197537842,1,
fov0,332,5382.759953614225,9815.168534982606,117.565727797597,55.81427450119549,-0.27650016343513023,2587,0.8801209461467899,0,0.45609922793611707
fov0,334,5341.329466357309,4148.563805104408,44.046810049084996,14.46100623315541,1.2127677538778356,431,0.944570046808569,1,0.9556906369612888
fov0,335,5347.928838951311,6248.958801498127,20.812106932640628,16.37410521286487,-1.1384292971325853,267,0.6172607408527897,1,
fov0,336,5415.820125130344,6860.137122002086,210.29229174654645,37.22467701785719,-0.3780866579075513,1918,0.9842083358577915,1,0.5895457353089489
fov0,337,5373.134110787172,13799.139941690963,39.37966203489229,12.705672388796716,-0.3514886228802251,343,0.9465198647825084,1,0.25478118423278784
fov0,338,5389.915223336372,4269.14676390155,106.53060528134894,21.51405066155891,0.9624886747037485,1097,0.9793954556042689,1,0.6248635256538276
fov0,339,5394.310769230769,6572.532923076923,133.74342583984492,33.5309535524519,-0.823287331221457,1625,0.9680619679525079,0,0.505967475388775
fov0,340,5410.305447470817,6730.947470817121,117.05839535418785,18.385766306551254,1.1936232620444347,1028,0.9875882816803948,1,0.5450265999304726
fov0,341,5451.474162679426,4101.845454545454,292.52704660439144,144.47902651702574,-1.4347239272902612,10450,0.8695188705391352,-3,0.9950366601588088
fov0,342,5483.871375464684,13622.898389095415,279.62327084861346,69.26813346881595,-0.783166351210772,4035,0.9688317992810358,1,0.16139558286234082
fov0,343,5445.474066390041,19096.598547717844,105.3607857269062,39.01889226312584,0.43605847593251124,964,0.9288978656737641,1,0.8115469599119659
fov0,344,5461.213939980639,19036.426911907067,114.7937905989775,27.370527457975392,0.5422715516534369,1033,0.9711591639113251,1,0.857471824179854
fov0,345,5437.708641975309,13481.785185185185,30.66416397509089,19.117121674277595,1.5000011993099505,405,0.781874958556489,1,
fov0,346,5505.210008481764,8443.455810008481,302.33908435724084,111.3878286817757,1.190476541216029,5895,0.9296593728444326,0,0.7994142647742175
fov0,347,5466.529484029484,5070.060196560196,43.89438255745618,28.52409629367419,-0.4452723656396982,814,0.7600754980998099,1,
fov0,348,5472.93359375,9482.221875,110.6230112834314,38.8658418369548,1.4317826517076226,1280,0.9362494557563066,1,0.9795574721065095
fov0,349,5515.402234636871,13686.050900062073,155.85105952208903,32.762916041922374,-0.6959506800045172,1611,0.9776542355811172,1,0.13863756360304344
fov0,350,5536.671218846022,6446.7483782861045,246.03154773834868,36.86848201374043,-0.749034181339989,2929,0.9887083392582878,0,0.11705168725188775
fov0,351,5480.762596071733,12714.581554227156,86.89102946130798,19.436855886723574,0.9686297226526469,1171,0.974659810594622,1,0.6670706298730863
fov0,352,5468.706106870229,13478.774809160306,32.867884024784175,14.607762215774653,-1.1134278111389824,262,0.8958092277332944,1,0.23237365467757395
fov0,353,5468.541538461538,13754.218461538461,32.89163043226218,13.978287099261397,-1.1204372813620431,325,0.9052027109797736,1,0.254783482765284
fov0,354,5479.426395939086,6758.350253807107,24.79250175570864,11.663344337449123,0.25463427131581834,197,0.8824328481865241,1,0.3870247629291439
fov0,355,5636.648138572906,4305.943209238194,396.88133295349417,138.57805833672484,0.32118684039864204,11604,0.9370603314832143,-1,0.49270897666320485
fov0,356,5502.407465007776,19293.15163297045,76.800786443708,63.27143341195565,1.3793413424363865,1286,0.5668248125711103,1,
fov0,357,5508.286751361162,6804.558983666062,74.72447907064551,16.15012366837598,1.215533883351355,551,0.976364826418548,1,0.5819388600292144
fov0,358,5570.135673797769,5657.56628268422,331.80008975558354,138.29369740886494,1.4866937115025756,5469,0.9089990193430846,0,0.752926273940533
fov0,359,5510.425,6497.985,18.60242718930364,15.05775888592511,0.3795717246459364,200,0.5871870159294905,1,
fov0,360,5520.804202483286,5631.057306590258,98.57689759782963,20.568705354188044,-1.4525659268217015,1047,0.9779890012218417,1,1.1992231684129981
fov0,361,5567.336345665067,6150.224230443378,129.5467461226331,103.37903491405832,1.221837530502521,3541,0.6026499712743525,0,
fov0,362,5533.752293577982,8572.591743119267,23.504166649179766,13.632702953604397,-0.17088904568751775,218,0.8146078014883481,1,
fov0,364,5576.636442894507,4435.5518744551,142.12445425116428,41.36543158947679,0.7989805961073319,2294,0.956707609633969,1,0.3941341764116782
fov0,365,5585.712772998015,5504.674387822634,144.8704217463812,28.479000601401392,0.8556000940605795,1511,0.9804872722591014,1,0.6302506535997399
fov0,366,5556.241379310345,6796.805418719212,45.51129186676664,12.377162489601478,-0.18268313118365467,406,0.9623091059781343,1,0.5048922630473215
fov0,367,5551.283208020051,4074.9223057644112,54.8025826194177,11.12466630035577,-1.3846819862712754,399,0.9791797134007793,1,0.9736672915454668
fov0,368,5590.579399141631,8574.45922746781,35.75153026651516,9.074854166779042,-0.005857205547683789,233,0.9672485291359532,1,0.4405004391233878
fov0,369,5596.944834503511,5029.724172517553,48.148860287733704,35.83518502996797,-1.5064172974053116,997,0.6678919842815766,0,
fov0,370,5612.087912087912,5928.799450549451,39.1647444586051,13.352104348684867,-0.883583077441298,364,0.9400917587172085,1,0.7757062447753289
fov0,371,5650.995229576625,6362.447227191413,107.42368284581666,48.82243744308185,-0.29036878440462577,1677,0.8907544623319792,1,0.298312865476941
fov0,373,5643.610126582278,5054.57088607595,79.89007318378236,30.637868376921467,-1.085804520431489,790,0.9235407446330385,1,0.848334623627185
fov0,374,5651.266716196136,4984.749628528974,69.87134903395477,36.78218576729585,0.9848268593775583,1346,0.8502201453651135,1,
fov0,375,5658.723577235773,5934.243902439024,35.48025346048914,10.464885696259527,-0.22810126864278585,246,0.9555128193391321,1,0.5230773451273815
fov0,376,5647.514705882353,5679.593137254902,33.66994315750606,8.279227981349342,1.5082842945326054,204,0.9692967927998696,1,0.7596754108552324
fov0,377,5662.506398537477,5117.166361974406,47.41268702108509,20.974682985586927,0.7665229815141432,547,0.8968250173383001,1,0.5619037113877895
fov0,378,5674.552702702703,8400.03108108108,57.62112581400069,37.28930018299453,-0.7461154146203074,740,0.7623658083398897,1,
fov0,379,5677.219063545151,5896.635451505017,53.62258328359272,15.812826475875237,0.18241794497150665,598,0.9555308452235982,1,0.4526293387514993
fov0,381,5758.934303144064,5999.396058188644,180.26493054633295,35.61042916835331,0.646279251126478,2131,0.9802938270238145,1,0.4858783991711481
fov0,382,5706.807692307692,5663.542933810376,107.06105725140799,36.51724481697643,1.3067630162173287,1118,0.9400313599250432,1,0.7022477340183075
fov0,383,5762.324485733245,4941.475116124751,164.05252750506168,17.667616081929904,0.19693502477770655,1507,0.9941839942248694,1,0.36854317061735803
fov0,384,5739.766280916723,6554.687542545949,156.16979396842808,112.41864083090326,-1.4231891902623295,4407,0.6941308855485745,1,
fov0,385,5762.665653495441,6291.543796628903,122.775064558009,97.98114650845201,-1.2103726290417078,3619,0.6025857750480412,1,
fov0,386,5713.691729323308,6022.285714285715,16.383003186751385,11.774347235678166,-0.269987406794428,133,0.6953276844605969,1,
fov0,387,5743.92429022082,17699.57939011567,90.84537703102144,23.566930327957202,0.7793318276253258,951,0.9657651249991345,1,0.8571745019808756
fov0,388,5729.807116104869,17809.84456928839,48.28641526548763,15.912513460206448,1.1121194504242553,534,0.9441401098030993,1,0.8592942798120146
fov0,389,5739.219135802469,6377.219135802469,28.172771284051567,14.993588126096016,-0.4787829576972541,324,0.8466177869237794,1,
fov0,390,5794.409307065217,4494.589673913043,151.0984169566147,45.065501568796876,0.0725641569185763,2944,0.9544869634921868,1,0.30051948755773183
fov0,391,5868.263985539991,6095.564121102576,426.4324125446817,169.98736194833307,1.3223397154544096,11065,0.9171132553190128,1,0.8045846643466332
fov0,392,5774.295774647887,10758.781690140846,19.618349618057795,10.346139179177483,0.7331201695426076,142,0.8496354146834602,1,
fov0,393,5807.904388714734,4396.233542319749,59.40748778233238,20.41361763341055,-0.5059199274450239,638,0.9391086745540497,1,0.5251189233268854
fov0,394,5857.287841191067,18879.38786027868,176.9333681030414,165.0047426308807,-0.212202912227263,5239,0.3609601102608706,1,
fov0,395,5823.754504504504,4609.256756756757,30.427994257674495,22.429289941563052,1.3509529944734882,444,0.6757544564216632,1,
fov0,396,5820.933920704846,6760.174008810573,51.946464061885024,14.41141758931871,-1.528754828603626,454,0.9607463534830617,1,1.0741543733754124
fov0,397,5835.238578680203,10802.517766497462,29.423975276752614,9.585003264803657,-0.08332848687307165,197,0.9454542633823177,1,0.43153178795688013
fov0,398,5836.48031496063,13363.475065616798,39.56378950429242,21.48948636009588,1.1523572716160508,381,0.8396289107274381,1,
fov0,399,5843.589189189189,6835.995945945946,64.49692421201979,16.07878530697903,0.9079264502250798,740,0.9684274949203135,1,0.6913870984112925
fov0,400,5860.175271149675,18664.410412147507,98.35074570022795,73.23629954010447,1.2994022586100786,2305,0.6674617662474887,-1,
fov0,401,5915.484670580561,13325.883561643835,151.15137458589857,90.0787807482369,-0.33969589760562136,3066,0.8030209577746377,1,
fov0,402,5845.986206896552,6244.868965517241,23.214416905045304,8.38138210269492,-1.1671094353040663,145,0.93254951264544,1,0.8342716175009546
fov0,403,5876.888235294117,13387.729411764705,22.888685698646597,20.363930334885563,-0.6753463501671076,340,0.45655697927986333,1,
fov0,404,5909.660980810235,6879.795842217484,145.28796407084675,76.5589768224067,1.412633566459194,1876,0.8498984876783594,1,
fov0,405,5931.373825018077,4589.089660159075,83.49365238936936,67.30084880980604,0.21307768405315697,1383,0.5918345530878432,1,
fov0,406,5925.067251461988,10777.213450292398,41.4329463296105,12.19844315988753,-0.6011499614855518,342,0.9556779499561868,1,0.24082863712200178
fov0,407,5964.543906131718,18501.36601059803,137.1206485222483,76.10201902728406,0.8018707760026409,2642,0.8318500595675093,1,
fov0,408,5986.6598557692305,19312.00641025641,167.67377630966698,43.570812840051175,0.5885071777080737,2496,0.9656477377840432,1,0.21548113981293532
fov0,409,6000.07063197026,4562.410161090458,55.01266310506225,32.86214941269173,0.4829513482334383,807,0.801976121843826,1,
fov0,410,6006.456349206349,19372.18650793651,30.08897935370681,10.871672177936594,0.3062254253256543,252,0.9324428814195236,1,0.3861955884158096
fov0,411,6069.431311560394,12553.145152928979,138.2813138613602,71.2366612404011,0.26216428723957286,1929,0.8570955085300712,1,
fov0,412,6028.506329113924,10694.20253164557,16.89342335779347,12.393581841919946,-1.0972268760382617,158,0.679545319342597,1,
fov0,413,6097.1930510814545,11440.380119650254,172.41881524036327,136.32164329230557,-0.12686457661831366,4346,0.6122780705636122,0,
fov0,414,6080.636288318145,13082.410107705055,98.50516742603938,27.600426681870793,-0.35747128194694416,1207,0.9599437811971337,1,0.418645481847202
fov0,415,6100.282914358756,18561.894333191307,132.50044981607704,78.2601620755832,-0.2963380451079759,2347,0.8069346510091185,1,
fov0,416,6453.3589033271455,21488.160245609026,1031.9224971362119,438.4710734616299,0.41130925269825147,35015,0.9052370170413266,-4,0.3876832339784486
fov0,417,6082.043374925728,4131.032679738562,168.01432311171195,32.751251824156846,1.3560989711485971,1683,0.9808168967898907,1,0.9479199147432307
fov0,418,6069.3117647058825,3589.205882352941,25.915774726829433,9.081226551053039,-1.2013467610005664,170,0.9365952543294612,1,0.9242798985025914
fov0,419,6071.354515050167,4004.5852842809363,32.99185269039605,14.623674584631399,-1.3548998549856508,299,0.8963974974328676,1,1.116052489976838
fov0,420,6086.330891330891,3920.778998778999,90.4146228406906,22.496037921910087,-1.2323444148822895,819,0.968552382744718,1,0.9349411646191061
fov0,421,6101.615199034982,19000.22195416164,70.94584703717885,64.42229017909793,-0.11305201100342546,1658,0.4188644227783904,1,
fov0,422,6120.723684210527,13111.866666666667,100.45350628684619,19.567454336217068,0.029874795987278338,1140,0.9808447413433888,1,0.44598797447055155
fov0,423,6085.364130434783,3809.4184782608695,22.86634682039132,12.030315115005445,1.190151483755844,184,0.8504137830134648,1,
fov0,424,6137.543374642517,15258.312678741659,104.81308830556729,23.743236748042378,-0.34011033657337003,1049,0.9740043485290805,1,0.6040169449264954
fov0,425,6161.925084040339,21725.641267808547,179.81926911552074,157.00325787584077,0.6724278075721891,6247,0.48751075130014665,0,
fov0,426,6131.012383900928,4253.859133126935,76.27132859887166,21.89078778014235,0.7942659517790958,646,0.9579269819260012,1,0.7701522040430919
fov0,427,6137.720588235294,12135.669934640522,62.23155544739971,26.07943071121939,-0.4090452300506167,612,0.9079535364708818,1,0.44407730143713503
fov0,428,6141.737486398259,4073.9415125136015,347.5641103749753,25.872527011533403,1.4639159300505113,3676,0.9972255254791719,1,0.9898105206190964
fov0,429,6158.996721311475,15179.6,28.74239604034765,17.0263943458505,-0.20139389389701173,305,0.8056593674798385,1,
fov0,430,6190.669037037037,18671.064296296296,115.11079804211343,88.36449493253028,0.5527218044144742,3375,0.6408725312159715,0,
fov0,431,6236.617112438328,19263.405349259934,231.7773855026393,203.8867269569435,-1.2326725674436212,7702,0.47559164677885823,1,
fov0,432,6190.604878048781,14010.30243902439,41.75518818966507,18.73190516587499,-1.4318446267981388,410,0.8937263004554873,1,0.6359692324535139
fov0,433,6221.995767195767,8048.991005291005,124.01799664858966,32.50286931071234,-0.631843446499123,1890,0.9650456413488896,1,0.7617233904942607
fov0,434,6200.246200607903,8752.95744680851,70.88931168197198,37.034014516295734,1.4147551949725719,987,0.8526881283848466,1,
fov0,435,6189.303921568628,15531.627450980392,26.76340155873443,16.97582464214406,-0.8775716505424968,306,0.7730931611840154,1,
fov0,436,6200.053658536585,12182.424390243903,40.55899021242501,21.10234168400868,0.6304959015724944,410,0.8539910782732213,1,
fov0,437,6191.788300835655,12122.116991643454,43.757322849795315,18.49591309683054,-1.4591416225157774,359,0.9062729426068536,1,0.5263257926644259
fov0,438,6214.170668953688,13909.608061749572,65.49710401384505,58.14190939298079,1.415057555612458,1166,0.4604184855232385,0,
fov0,439,6214.244648318043,8891.481651376147,45.56684228966684,24.470343510697834,-0.8302008303294836,654,0.8435689818344437,1,
fov0,440,6232.748299319728,7952.726919339164,73.72704736608371,38.125579165545055,0.6824873271219111,1029,0.8559141497785497,1,
fov0,441,6235.704918032787,8674.039344262295,39.4301912805924,16.394704524857364,-1.0683130327502754,305,0.9094603578423518,1,0.9024023340933791
fov0,442,6239.3725490196075,12153.688453159042,37.89061512435222,25.05254507459111,-0.8974826873772908,459,0.7502266488197414,1,
fov0,443,6303.71874071874,12540.356697356698,179.4329495818121,112.62642313403099,-0.6814058477530999,3367,0.778471689932872,1,
fov0,444,6492.473490527464,12088.631048112307,546.1154423439805,168.722985927299,-0.7393242643076935,7337,0.951077912678676,1,0.3373890781695093
fov0,445,6263.902843601896,15314.085308056872,32.19790766821094,19.94575041729433,-0.7487460931041101,422,0.7850175718614882,1,
fov0,446,6341.959893048128,22611.592988710636,180.75456474856892,45.540850300810014,0.16562190816670833,3366,0.9677406308987189,1,0.3626016698871953
fov0,447,6336.6661935850125,15470.376383763838,305.492259636148,69.04759066461126,-1.2663601725929337,3523,0.9741224866804463,0,0.8953102408908152
fov0,448,6295.2051597051595,18737.149262899264,73.38372319176584,63.275465306989744,-0.839114392887866,1628,0.5064747900101104,1,
fov0,449,6284.223549488054,13695.986348122868,39.46443212397421,22.516320616754232,0.547099139606397,586,0.8212648238066123,1,
fov0,450,6295.135135135135,7989.209459459459,90.65089182300093,29.428337716926958,1.5022571641704352,740,0.945839805261185,1,0.7253578580490095
fov0,451,6298.996376811594,12152.032608695652,40.2859013255141,9.078559107388445,0.3254661891660707,276,0.9742771213550361,1,0.7060927603304381
fov0,452,6306.599045346062,15455.252983293556,32.531327522147734,16.9457091777768,-0.545668896329741,419,0.8536150684266292,1,
fov0,453,6326.189583333334,15298.05625,58.59762374885647,29.492249770795834,0.4008790369892789,960,0.8641110928232547,1,
fov0,454,6316.418781725888,15097.213197969542,43.13471484887061,18.375251639272665,-0.9177583121997532,394,0.9047246563341337,1,0.7641821093416884
fov0,455,6346.453016003283,18918.349610176447,87.28586451683937,67.9847024519919,1.1432223334250675,2437,0.6271802593722957,0,
fov0,456,6349.069093152375,15180.521283158545,134.26736875567613,55.60047445911213,0.9621365993386685,1621,0.9102301838324203,1,0.8238363963709142
fov0,457,6343.398948598131,20860.845210280375,132.10524498454484,40.48956867187947,1.3716134052429527,1712,0.9518723374001501,1,0.9464155628591552
fov0,458,6344.749877390878,19042.706228543404,93.41578528436355,74.06556936446059,0.974775988218431,2039,0.6094048008421842,0,
fov0,459,6334.733944954129,13701.055045871559,47.27113206572269,28.93996221800493,0.9937651255792193,545,0.7906935323321708,1,
fov0,460,6333.938053097345,18971.132743362832,17.029929789667502,8.508773225319084,1.3871639364746293,113,0.8662352126090149,1,0.7515791560697911
fov0,461,6368.807885906041,21820.64177852349,63.80827356217562,52.45523627781164,-1.210099766858383,1192,0.5693780918288865,0,
fov0,462,6489.553169137388,21973.301038870082,310.05634159602397,133.27566724055026,-0.3029409460576849,8567,0.902903463747975,1,0.3372812451334117
fov0,463,6369.386243386243,12209.222222222223,25.251508167539992,10.398877319479439,-1.44059185143522,189,0.9112687699263503,1,0.4835904780137532
fov0,464,6377.9022869022865,7685.679833679834,41.339251485970195,19.362206461268716,1.2539960243953596,481,0.8835306121194879,1,0.5382926955585347
fov0,465,6389.710116731518,13625.007782101167,48.79796235015775,19.48792301145344,-0.9268336437325405,514,0.9167944707584598,1,0.5557595499006568
fov0,466,6405.595777951525,21501.8967943706,62.60697989279384,45.087097596337394,0.3626941504788859,1279,0.6938071130210491,0,
fov0,467,6407.801444043322,15120.781949458484,78.37359635438568,57.744189980315035,-0.8960699700905106,1385,0.6761312803461375,1,
fov0,468,6433.0007824726135,20638.256651017215,71.36585623745881,51.58066365544425,-0.8356139370932436,1278,0.6910950467226558,1,
fov0,469,6460.693865030675,12020.715337423313,348.5518507668288,42.79546465904604,-1.0791023200876984,3260,0.9924338176886967,1,0.4385825174188381
fov0,470,6427.465753424657,7785.254403131115,53.962211204004774,32.628190985653305,-0.16576107615258642,511,0.7964921358863288,1,
fov0,471,6441.574091332712,20484.739049394222,97.66694834085828,17.665977764817047,-1.1096111617564126,1073,0.9835052105244178,1,0.8470663568203528
fov0,472,6526.45886864813,3511.195589645254,261.1109840374492,149.3069007904869,-0.3841127214637583,5215,0.820383335405467,0,
fov0,473,6546.740986625315,10795.560912967629,786.6225270774692,210.37623579885627,-1.1460888222385592,20636,0.9635738423098261,-1,0.6162175884468628
fov0,474,6482.888175113015,21733.56935522246,142.12234053443862,136.2542624944145,-0.16539775714174013,4203,0.2843819022362159,0,
fov0,475,6456.153363228699,13517.244843049328,71.59876931613903,52.14950070838097,-1.0991640632013884,1115,0.6851973076712576,1,
fov0,476,6524.2813483146065,8372.145168539326,201.81224851359272,135.87458277926672,-0.9232368369127466,6675,0.7393946869580368,-1,
fov0,477,6469.073891625616,15198.28735632184,36.90485801256906,28.134539439453402,0.8104884740361976,609,0.6471610936993124,1,
fov0,478,6529.57085492228,19815.298445595854,187.91462947908641,172.3435779610929,0.7245953772888776,7720,0.3985706552971223,-2,
fov0,479,6488.3494176372715,22293.51525235718,80.18374716771082,65.50392104672662,-0.4746399309237819,1803,0.5767472121821071,0,
fov0,480,6482.182608695653,7614.915217391304,52.67155788550617,35.363174315440716,0.7816206071882646,920,0.7411039284816805,1,
fov0,481,6478.5989263803685,10589.013036809816,62.9515741713197,45.886711735610476,-1.5012179075915906,1304,0.6845980345885402,0,
fov0,482,6477.138508371385,7429.054794520548,51.58639649037581,23.150197134740736,1.1066862801759003,657,0.8936495337185276,1,0.40519343662150115
fov0,483,6491.116246498599,7678.941176470588,45.91491222119988,20.562066047520943,0.22859413063407932,714,0.8941188223423688,1,0.3357398905444495
fov0,484,6477.9009009009005,15240.234234234234,25.37598639842257,12.955815767794359,1.2976069923502949,222,0.859845588291538,1,
fov0,485,6484.858736059479,11890.520446096654,37.57583975238936,11.057041703977195,-1.0226935910439727,269,0.9557256104199456,1,0.41671250970479573
fov0,486,6481.59393939394,15152.945454545454,22.66592717431143,11.011026557185481,1.377422921203483,165,0.8740719800542796,1,1.118022619961908
fov0,487,6557.3789938817135,7408.008837525493,219.95902493688038,57.076140104167976,0.6796143373275392,2942,0.9657470495297222,1,0.26071858323953034
fov0,488,6551.82083958021,7833.456271864068,181.72773589337044,99.44028808710482,1.0585300031983702,4002,0.8370059491919755,-1,
fov0,489,6535.689886480908,7491.529927760578,117.3224895505841,73.7916214892975,0.8021556502246376,1938,0.7774344316957131,1,
fov0,490,6541.240611961057,20999.57719054242,114.97379220166117,57.66784091450109,-0.4949610090498108,2157,0.8651148659914486,0,
fov0,491,6518.476851851852,15190.175,92.34758468377267,22.191152559239796,-1.3738830577101064,1080,0.970698596110277,1,0.9098860980232205
fov0,492,6569.233647901074,19383.065408395705,161.86327658683408,120.8411416477793,-0.3126269585934381,3073,0.6653146703369595,1,
fov0,493,6526.81094049904,20404.564299424183,102.81638432237614,14.715194373813084,-1.2249169103412658,1042,0.9897051832520678,1,0.8958610996904636
fov0,494,6534.065182829889,11862.66295707472,50.067880509234534,21.75427915608445,-0.08601107338485747,629,0.90067390342833,1,0.3920886400257763
fov0,495,6579.987445414848,13446.909388646289,93.44229318268454,66.96823551172946,-1.2493045017643847,1832,0.6974020223223281,0,
fov0,496,6587.457430340557,7720.583591331269,78.32865962185912,30.34186701027127,0.02575189064259589,1292,0.9219259777148203,1,0.3281515945962277
fov0,497,6591.947036569987,21642.86128625473,82.9189582565911,62.524106192647324,0.9923159387265962,1586,0.6568299549601035,1,
fov0,498,6587.396624472573,19305.432489451476,40.534681783392436,17.301602670484876,-0.7527291754700546,474,0.9043297333782327,1,0.8258783250632212
fov0,499,6636.590930451128,10778.277490601504,145.79232613307346,107.8172546408174,-1.056104073665835,4256,0.6731277003973206,0,
fov0,500,6640.14835355286,19042.798613518196,131.25257130333506,123.56902220767168,1.32555774609177,2885,0.33712520901347287,1,
fov0,501,6655.740225314778,22361.689198144468,180.9775744641201,153.95872722191734,-1.3248375403298658,4527,0.5256416319112904,0,
fov0,502,6636.182348043298,6943.804329725229,100.33043509238281,31.562840442102424,0.30286939551702874,1201,0.9492280172994944,1,0.5711782735057295
fov0,503,6623.281407035176,7542.964824120603,32.03405160860355,8.876032764007041,-0.1793258378873146,199,0.9608465125380765,1,0.38847146653647535
fov0,504,6654.923796791444,6882.7713903743315,64.54725975153931,31.249131926901875,0.13647080158633845,1496,0.8749972212813996,1,0.5226626931747503
fov0,505,6689.64496124031,22027.76046511628,150.0264437085029,40.177468696964944,0.5786679599688976,2580,0.9634738077044338,1,0.46968071663727534
fov0,506,6647.257328990228,19271.24104234528,32.84928103825492,15.470181020457373,-0.5613610079878077,307,0.8821629581611734,1,0.7444970607707211
fov0,507,6668.464487034949,4002.47801578354,133.27353360816232,22.14566438056902,1.0667310065932187,887,0.9860976246368295,1,0.46443587421587285
fov0,508,6743.570847457627,6726.45206779661,264.23484445351477,223.76752511641044,0.19244131270650794,7375,0.5318303241528609,1,
fov0,509,6659.3490813648295,3898.9002624671916,38.5424474278374,16.641763371060254,-0.6056539503338744,381,0.9019801276548738,1,0.6043843747640255
fov0,510,6657.310626702997,7504.702997275204,43.44778621745504,15.774796877064675,0.9665288614011748,367,0.9317599904566304,1,0.3306962724713364
fov0,511,6651.264150943396,4017.4811320754716,14.235889004702099,9.755037312109426,0.4699107110860815,106,0.7283149087920583,1,
fov0,512,6666.198773006135,18902.584049079756,64.5089700324616,44.810627883735755,0.8038644351526527,815,0.7193557895378889,1,
fov0,513,6684.633879781421,20309.348816029145,72.3185961714976,41.10511472606719,-0.3837259537476824,1098,0.8227597630397893,1,
fov0,514,6764.590241343127,20970.394893319342,238.45975598624173,130.1091844373499,0.28766951765206544,5718,0.8380305967208637,0,
fov0,515,6797.61471484545,4012.508489333914,307.58817528163416,137.10104986826306,0.5524488642647979,6891,0.8951678202694121,0,0.5787277286585087
fov0,516,6687.853913043478,19270.77739130435,88.28784445086252,21.256293463897492,1.542711476966673,575,0.9705843659197648,1,0.8114445867009852
fov0,517,6703.573804573804,17112.952182952184,84.31029978536637,58.91411929209047,1.383119808671077,1443,0.7153393300944472,1,
fov0,518,6699.13829787234,7549.372340425532,30.328421910576058,14.071354975351104,0.38789827460207255,282,0.885853035529548,1,0.23310295314044155
fov0,519,6714.408104196817,13547.788712011577,62.088918854700864,30.407856555375666,0.9298834069314547,691,0.8718646442072866,1,0.8475130937882879
fov0,520,6730.927646610815,15267.725057121097,79.81922720416516,68.0014100614276,-1.0866861301414794,1313,0.5236349783489744,0,
fov0,521,6771.143459915612,7608.347960618847,191.2554893777306,100.87062684989236,-0.9071653773481089,3555,0.8496090587039702,1,
fov0,522,6716.76517571885,11192.840255591054,55.21913474679352,29.287776267656646,-1.1073158372081267,626,0.8477526399790553,1,
fov0,524,6804.324398514452,22996.278701760053,213.9537348416366,116.10165625389124,-0.5777913552128471,6193,0.8399599346517397,0,
fov0,525,6873.71140088744,15370.228289414108,384.87956809180525,125.13313170062455,-0.3582906259270601,11043,0.9456717982216014,-2,0.5592408120765432
fov0,526,6731.664107485604,11089.038387715931,70.49041553255194,16.55810472951433,-1.2005625488232896,521,0.9720198638286726,1,0.6402973826173459
fov0,527,6745.837416481069,18660.318485523385,28.905099643062353,20.380553142927234,0.8127365799549326,449,0.7091227650320138,1,
fov0,528,6781.714619492657,17039.024365821097,155.5356808250817,89.39166325053125,1.4244509945403039,2996,0.8183402023926014,1,
fov0,529,6807.015280135824,18812.59117147708,172.2737487727868,123.67243445593924,-0.05593870526168079,2945,0.6961635399789912,1,
fov0,530,6770.540664375716,16654.352806414663,36.04690723379085,31.212165196034853,-1.3291471449100343,873,0.5002580447738336,1,
fov0,531,6775.6888217522655,3211.9959718026184,134.81652128408768,11.25531436181935,-1.2908069029213893,993,0.9965089363509859,1,0.6939004636337237
fov0,532,6787.85832083958,16527.92503748126,76.80837732454256,55.84296650022266,-0.8151739872588972,1334,0.6865922947793439,0,
fov0,533,6873.665539501998,3924.521364893944,244.7818753869536,64.09874191694216,0.4450151285569214,3253,0.9651056926644986,1,0.7673276742177991
fov0,534,6804.048524590164,18633.07475409836,100.1891733739745,43.46359880262606,0.618473294208166,1525,0.9010018112344996,1,0.4631044394337438
fov0,535,6814.062420382165,19457.578343949044,93.20948471986148,13.16236960095244,0.7574575831984286,785,0.9899792691599963,1,0.5440031086051673
fov0,536,6844.076233183857,17142.917040358745,137.90440007092914,25.105873414046044,-0.29561009247194103,1338,0.9832887679200345,1,0.3315228923626858
fov0,537,6852.1587645624495,16043.180709834733,165.5527185332618,53.80716681277564,-0.6341169743294066,3691,0.945708757207478,1,0.3578659068857475
fov0,538,6843.432967032967,18584.015934065934,101.91419326334905,52.23115719513827,0.5586203770403878,1820,0.8586864450241394,0,
fov0,539,6827.114399544678,6946.486624928856,88.43344173019071,74.69668097141556,-0.9294840523640127,1757,0.5352944260050162,0,
fov0,540,6880.0482069370955,16615.738389182832,132.9699319136031,101.07904698991715,0.4917988812504127,3402,0.6497304402754813,1,
fov0,541,6818.958637469586,7168.367396593674,34.30727449053992,17.425448160765495,-0.936787518421715,411,0.8614025728363567,1,
fov0,542,6861.364920273349,19398.80410022779,149.4768213860275,66.4781180787537,1.0712408118119252,2195,0.8956603949813812,0,0.6281420877864435
fov0,543,6835.864959254947,7239.30151338766,72.00432506767842,20.723943154202015,-1.3116474087567171,859,0.9576859501940997,1,0.9018057105397153
fov0,544,6840.151079136691,17204.497841726617,44.87761566022808,31.75798468782957,0.1052493535077418,695,0.7065555576029673,1,
fov0,545,6857.02746365105,7285.620355411955,73.33141763619939,39.60855595460645,-0.5396317448498545,619,0.8415810943174374,1,
fov0,546,6907.442579269918,7473.451372235545,137.3967947222078,91.48520136311069,-0.3093981120078799,3753,0.7460885883901407,1,
fov0,547,6836.109649122807,2740.4327485380118,45.66711074344983,21.80305190414135,-1.4701733010677998,684,0.8786673693071647,1,0.6888429159132419
fov0,548,6833.741935483871,16662.814516129034,16.671147499604864,10.414260226844396,-0.11126787224772787,124,0.7808747143522563,1,
fov0,549,6839.941558441558,3258.3333333333335,45.90675471381251,17.92726409314527,1.3387524560746704,462,0.9205966775658935,1,1.1656240548762005
fov0,550,6841.446428571428,23081.416666666668,25.857333180662344,9.46187114642102,-0.6445111656713334,168,0.9306439406505425,1,0.38051842915925205
fov0,551,6935.946554621849,8253.40224089636,252.11846596931608,155.08846612818897,0.6637630457064231,8925,0.7884169285144118,-1,
fov0,552,6862.752427184466,4180.322006472492,61.16904615940305,21.573521787965156,1.009088131385586,618,0.9357413876431692,1,1.0138822309509903
fov0,554,6932.058823529412,11213.003171856979,228.5531088532877,76.76151242910825,-0.6164278496443191,3468,0.9419124397284114,1,0.5692614466084696
fov0,555,6883.513582778062,21836.247565351103,100.0719759924615,61.29936756233094,-0.9534783062627181,1951,0.790429684402239,1,
fov0,556,6930.161048689139,2687.082056520259,187.20138293021225,35.53631125821629,-0.16169384810272405,2937,0.9818171057790589,1,0.3660227665650422
fov0,557,6865.789915966387,7401.83193277311,19.38421587662767,8.081618151107428,1.1415118550992445,119,0.9089443476280534,1,0.9215874570141402
fov0,558,6929.303934284479,22751.464548205793,177.25147178581574,116.36824156665423,-0.8072241838853519,4626,0.7543130101243992,0,
fov0,559,6945.0831781502175,2749.479205462446,187.58146040375016,24.235048229515847,-0.3335164687096456,1611,0.9916188866325782,1,0.3430119818702817
fov0,560,6870.142857142857,7100.642857142857,13.152629313816748,10.99666810812562,0.9560663860566434,112,0.5486054790868525,1,
fov0,561,6899.127659574468,7534.709864603482,74.23374687455384,21.789357464872882,0.030495172791492692,517,0.955951823887686,1,0.40455821283264254
fov0,562,6894.548311990687,4494.231664726426,90.89159763205151,21.350029664600683,-0.921144665690919,859,0.9720206230893209,1,0.7569824111068666
fov0,563,6907.614293817357,19756.37379466818,133.51865723593775,56.88373923835539,-1.0310510249132827,1763,0.9047062645315479,1,0.5627412822909483
fov0,564,6889.248101265823,3245.7696202531647,50.22503044163306,12.614121037619292,-1.0614736674730685,395,0.9679476385477102,1,0.6212759860700474
fov0,565,6890.46218487395,17099.974789915967,32.905673867269755,10.269006105285088,0.5417440529503438,238,0.950057789091396,1,0.5585037667607737
fov0,566,6920.607501933488,21725.929234338746,113.67518710490967,81.65362226541293,0.9674755772702596,2586,0.6957268260982024,0,
fov0,567,6909.653345724907,17206.311338289965,62.77060905078126,42.853837370305136,-0.008128164821495138,1076,0.7306936829367454,0,
fov0,568,6932.689357290947,7254.215272978577,188.2974631896948,51.213899637140265,-1.2603401769573563,2894,0.9623017701245435,1,0.8802246598912411
fov0,569,6901.41450777202,3290.7875647668393,24.306862214982523,11.89355362610288,-0.45991791428442974,193,0.8721107834224333,1,0.5400371752026277
fov0,570,6905.05076142132,16544.13197969543,25.307584525560213,12.344387577593116,0.14316896185760858,197,0.8729698160196777,1,0.2877863511805328
fov0,571,6905.8125,3399.5833333333335,36.122553703343925,9.459783445614573,-1.0753701648880771,240,0.9651003750482985,1,0.625168757344366
fov0,572,6977.132092779452,7953.339667147163,241.64588543207046,141.88238884432468,-1.0240893316439776,7631,0.8094781296911829,0,
fov0,573,6912.307110438729,4160.857791225416,73.38909223576341,30.342817302227903,1.3447212626414178,661,0.9105262232598449,1,1.1585023524104352
fov0,574,6950.134335596508,16068.896217264792,114.8814543281168,68.79795044321197,-0.3196740505079043,2062,0.8008534542459907,0,
fov0,575,6951.610598392379,19041.58827031855,198.66873731558061,142.2165528057741,-1.195434014436784,3359,0.6982564805711567,1,
fov0,576,6924.449523809524,18421.84,50.28613896739016,18.65385330626963,-0.7733688577237698,525,0.9286511715398214,1,0.9130553649146328
fov0,577,6936.480891719745,17154.23407643312,40.506731189659696,21.150445058254277,0.8697137828630235,628,0.852855853143675,1,
fov0,578,7005.478217426059,4088.634692246203,406.47155414861334,95.76309211120035,-1.468863037077739,5004,0.9718510697555304,1,0.9419071361111291
fov0,579,6937.264483627204,4125.942065491184,34.35766984265564,18.369829691646043,1.5535301568734012,397,0.845064357894489,1,
fov0,580,6944.319350473613,4026.4357239512856,60.58002622825464,21.72680461971312,-1.3818681428527937,739,0.9334735151916305,1,0.8236702527625518
fov0,581,6939.0502183406115,5476.923580786026,67.45113505715432,9.834043301076314,1.4144734586188454,458,0.9893148114110516,1,0.6702502358526469
fov0,582,7152.648152433851,11544.900948854432,653.5915882192496,341.5848319188677,-0.37011312022674214,12963,0.8525612385800897,1,
fov0,583,6977.665671641791,19794.26567164179,87.1855020499359,12.689533233584093,-0.12765736821991291,670,0.9893514312594426,1,0.3260501238812462
fov0,584,7054.511541235874,20678.91115652801,309.4596968869088,183.5835545796349,-0.5439211813809844,8318,0.8050264057536772,1,
fov0,585,6978.4481605351175,15086.21293199554,68.71015697703761,34.254032689002436,0.009520150835999266,897,0.8668727972784812,1,0.3647017169040724
fov0,586,7042.893825301205,5489.894954819277,264.4100478090606,32.62307277720259,0.7082205239146013,2656,0.9923594234316072,1,0.43109671109825504
fov0,588,6995.732430143946,5595.97967823878,101.78836483201285,19.029511777347864,0.7828617229766077,1181,0.9823690993838967,1,0.4218048408168098
fov0,589,7030.076923076923,16343.076923076924,176.79801554906234,151.5971704233291,0.6139620832354741,4433,0.5145511553676818,1,
fov0,590,6974.819727891157,4072.8197278911566,36.70651366496989,16.177588401233034,-1.1069816582020087,294,0.8976407014471925,1,0.8175848303959864
fov0,591,7007.7208357515965,18373.083575159606,94.0439591726511,38.23910049733366,0.39683067353115,1723,0.9136023705370144,1,0.4476572392221224
fov0,592,6983.191176470588,4006.149509803922,31.877985714688734,20.844631433719968,1.2347091894037556,408,0.7565913824109168,1,
fov0,593,6979.176136363636,22833.017045454544,15.513849203698193,14.494556809360848,-1.3212213502940084,176,0.3564932323754669,1,
fov0,594,7006.711538461538,15983.142482517482,53.14040946450741,45.11919103900065,-0.2965502622043391,1144,0.5283026290861506,0,
fov0,595,7057.547330494595,2799.293809367835,185.28568311956369,83.219686731908,-0.440140782805566,3053,0.8934601040222134,1,0.3417756122990854
fov0,596,7097.712486505938,19745.445304066212,275.66024005247783,205.872521655881,-0.7601487926006407,5558,0.6650101747115919,1,
fov0,597,7015.7662007623885,10617.490470139772,94.87345200107802,50.91195866851186,-1.2260933057700774,1574,0.8438175383952455,0,
fov0,598,7001.68359375,11232.76171875,27.96947527818735,13.86806398732774,-0.5208322424166251,256,0.8684204411595501,1,0.5225128470455558
fov0,599,7012.0,5207.8456790123455,49.961892037830765,9.011441743818315,-0.8156423305310183,324,0.983599510391649,1,0.789780562505708
fov0,600,7023.614503816794,5759.339694656489,65.4484873639151,27.159818287746454,0.8819853020458773,786,0.909830498596181,1,0.4383887957189705
fov0,601,7015.058333333333,7788.45,16.925082565537117,10.131492274354612,-0.9792170032023819,120,0.8010420020416343,1,
fov0,602,7098.158956692913,5197.812007874016,215.92579860531572,57.28572743268404,0.740891962975194,2032,0.9641651328985434,1,0.4316762225124417
fov0,603,7075.831488314883,7742.493234932349,86.94392389409616,27.625662985950655,-0.5862895946624971,813,0.9481774923757768,1,0.6935899364881835
fov0,604,7060.669918699187,19779.31219512195,70.35471358110154,16.99558110081024,-0.4392198967105456,615,0.9703834209091807,1,0.3481927201196288
fov0,605,7087.873362445415,11136.736006351726,107.83675741466266,81.68686657533213,1.392978211622987,2519,0.652829537229072,1,
fov0,606,7060.281609195402,8238.968390804597,39.27091219531538,16.785469566725528,0.09497508377163717,348,0.9040496083026701,1,0.47270494919675526
fov0,607,7048.201030927835,7776.6082474226805,30.340640786609132,8.5562468283044,1.4498749506660682,194,0.9594126015800192,1,0.9142327760821559
fov0,608,7052.414814814815,8268.748148148148,17.982426455687555,9.857008881407568,0.17158663506640634,135,0.8363821641179288,1,
fov0,609,7073.425196850394,5598.828346456693,57.30700859742804,15.367036097191088,-0.7767468826222433,635,0.9633763874275973,1,0.8728669087215325
fov0,610,7089.781291172596,5309.760210803689,79.4990242110771,18.71134492986572,0.19439441104840605,759,0.9719068775838855,1,0.32022033532557087
fov0,611,7078.604821802935,15080.464360587002,62.847789933657566,51.47351860233154,-1.0142417503415702,954,0.5737667475697633,1,
fov0,612,7105.719337848006,16748.703285678454,193.87066876059532,101.82937412992433,-1.1514496873475477,3987,0.8509517675361666,1,
fov0,613,7095.404334365325,4505.443962848297,184.959465542833,37.81596370465381,-1.0128804883604805,1615,0.9788758780161286,1,0.5195559168346309
fov0,614,7076.366141732284,11046.12467191601,51.84442475372171,26.450335423129186,1.4103268334470225,762,0.8600636848940921,1,
fov0,615,7096.188421052631,10991.03894736842,61.58435312652205,22.648722114563917,1.1980782721137153,950,0.9299177832191727,1,0.8777996738774878
fov0,616,7154.72052321297,2229.0138172439206,306.417102462548,85.13885223436536,1.54676526348883,5428,0.9606236605847607,0,0.4358182561315163
fov0,617,7103.187878787879,7942.181818181818,69.2126795105608,11.789833892574347,-1.0168527667380787,495,0.9853849833607217,1,0.7106985963019907
fov0,618,7125.224258289703,4914.651832460733,117.24739889623008,27.351240171676583,1.148780467646856,1146,0.972410082700858,0,0.5767423934365907
fov0,619,7113.905759162304,11216.298429319371,32.170412799927476,26.505228661298588,0.3599256714030707,573,0.5667340478785697,1,
fov0,620,7126.0,19741.496363636365,44.58692247199217,18.328882974369435,-0.19337758725506388,550,0.9115983532953063,1,0.3231236119736042
fov0,621,7132.781545741325,22104.031545741323,86.7036916483991,41.071602063497394,-0.8625832024436016,1268,0.8806858793035015,0,0.743409467974722
fov0,622,7135.562289562289,20875.37626262626,67.72393246396847,50.31661001478032,-0.48716714661246935,1188,0.6693286538691469,0,
fov0,623,7134.835466179159,5166.17915904936,54.311793357435484,15.938035225483599,0.43482307537693327,547,0.9559730695970076,1,0.37290104216264963
fov0,624,7153.990476190476,20510.903401360545,65.63665284813148,24.823296672583854,0.3700853437844543,735,0.9257269328031651,1,0.6098831148721114
fov0,625,7164.2031326480665,21757.29123837494,170.46312824162266,22.99854506220971,1.3831252279790778,2043,0.9908567667057655,1,0.6799814819739978
fov0,626,7156.60989010989,20546.21978021978,23.63322982446309,10.276345764077648,0.6570438950282247,182,0.9005144309477313,1,0.7320572601381093
fov0,627,7158.7692307692305,2279.4615384615386,26.51908202043606,8.503661169780129,1.280998355331586,169,0.947193696613038,1,0.37017948051429866
fov0,628,7279.549741602067,3003.6950904392766,265.03535151824605,149.53310434152357,-0.048021629711350766,7740,0.8256377431939416,1,
fov0,629,7178.516691957511,21962.21699544765,63.71057428903602,44.19186701364404,1.0228610768295354,1318,0.7203269125435228,0,
fov0,630,7189.540372670807,12912.815734989648,51.1096673551528,12.82961518236406,-0.3023663058036937,483,0.9679815631252435,1,0.2747853176299514
fov0,631,7231.266270118965,16848.247725682297,167.52072581214202,131.8376554538094,0.4183042824449623,2858,0.6169617972824014,1,
fov0,632,7195.176923076923,12826.13076923077,37.38543938489403,10.586669025319965,-0.8159014698617542,260,0.9590678828563287,1,0.13299194714273593
fov0,633,7211.729824561404,18163.155555555557,52.878277424860435,33.14322028229798,-1.2481800430673078,855,0.779193632631944,1,
fov0,634,7268.60998291896,8388.461567659897,166.28254550414778,130.33205178385506,0.15178486437589275,5269,0.6210149072761851,0,
fov0,635,7432.818682649231,10276.500060540016,980.840892556337,216.39397419080143,-1.1639203420754614,16518,0.9753596415201576,1,0.409650073673974
fov0,636,7252.1884615384615,12907.992307692308,187.51572483639234,41.06944232551189,-0.8868734550172462,1820,0.9757206709092274,1,0.1505310371463223
fov0,637,7258.0152510061425,18001.26392713408,144.92465445101848,120.49515140286607,-0.5839945696381683,4721,0.5556249078709824,0,
fov0,638,7277.85982360668,3448.3252017264026,298.39995644869856,112.77605207682795,1.0218827501022092,5329,0.9258317696445885,1,0.7990799962538488
fov0,639,7229.244839857652,10099.6384341637,75.82448081134517,47.05222500455539,-1.4576344081490114,1405,0.7841737333584876,0,
fov0,640,7240.426778242678,21341.63179916318,77.05564921431998,51.7506536252809,0.866694460488183,1434,0.7409129855936578,1,
fov0,641,7239.159680638722,2924.6546906187623,62.01394050539989,13.281059337071623,0.40785725853601756,501,0.9767980507030578,1,0.4393803967417026
fov0,642,7254.660626029654,7423.736408566721,33.615030378873534,23.319098557712103,0.8510071931071108,607,0.7202539707545031,1,
fov0,643,7290.023311621529,7540.617757970517,128.2820776657051,90.27099200865833,-1.0863464084017607,2917,0.7105057666841492,0,
fov0,644,7274.541964866623,5571.549121665582,157.28408727216208,52.22788436086336,-1.051849813180808,1537,0.9432579742802586,1,0.8396147350243194
fov0,645,7279.355126300148,21231.161961367012,107.4838922893145,54.180377893358866,-0.7165847575899232,2019,0.8636575220019918,0,
fov0,646,7296.724434035909,14771.462919594067,105.95168078027467,31.265559169901262,-0.19198560740287862,1281,0.9554686520719016,1,0.40597204397988856
fov0,647,7296.039087947883,11739.021715526602,100.64560444866498,20.341768228627878,0.07806051445919225,921,0.9793622428902004,1,0.2669649520806504
fov0,648,7311.269868995633,5690.212227074236,140.63356588662256,44.889342799247245,0.8959552554616039,1145,0.9476895095841343,1,0.6455515180305178
fov0,649,7363.225052814713,10220.495961227787,521.4904834313223,65.13289799956695,-1.2290255732921849,8047,0.9921696403177783,1,0.43708448117189036
fov0,650,7311.087234042553,3367.51914893617,51.0399151371725,14.06215205017737,0.659501430795104,470,0.9612973911125449,1,0.6662658742744783
fov0,651,7325.515657620042,19129.439109255392,76.23856338794239,66.07273023680156,-0.6467698814207781,1437,0.4989034049435523,0,
fov0,652,7320.085526315789,7420.815789473684,45.131322884433494,27.73012554520296,-0.035753012353153486,912,0.7889698416097066,1,
fov0,654,7321.2415254237285,14800.207627118643,31.78762600280237,12.877190740974811,0.20553979648999998,236,0.9142720559977949,1,0.5720642650283201
fov0,655,7377.798092209857,21299.402225755166,153.95680029567697,40.44689750694414,0.324392564129479,2516,0.964873236326925,1,0.3838477773950639
fov0,656,7370.071065989848,3457.9564902102975,129.50444681398025,30.64522237378659,0.5695653548339312,1379,0.9715987365195964,1,0.6699810845919941
fov0,657,7438.073936772732,14653.196684172588,290.6687898481444,143.5464551458038,-1.2276966428358014,9711,0.8695477489500271,-1,0.45327990390866235
fov0,658,7336.49604743083,21402.045454545456,54.15457770923581,29.915945920829824,0.7477287894529171,506,0.8335674610377988,1,
fov0,659,7362.6459197787,8246.623789764868,68.32891177049417,19.53586507885775,-0.2584409587846388,723,0.9582567111796999,1,0.5336496465008507
fov0,660,7375.943970767357,3241.3215590743,118.16098914430715,46.0988532444117,-0.81515459096162,1642,0.9207572521900431,1,0.5390098634810129
fov0,661,7368.625445897741,20679.274673008324,74.98156317297857,35.68653285933661,-0.6954846781239333,841,0.8794791400780019,1,0.5983269176043186
fov0,662,7353.017857142857,5572.5952380952385,20.841230971064135,10.720141616693265,1.1434001204977158,168,0.8575672831049014,1,
fov0,663,7483.919652358993,11243.306314295849,475.53891203681775,110.05974979246413,0.4499868131805283,5638,0.9728486674007804,1,0.2864609508348723
fov0,664,7382.263837638377,14778.376383763838,70.99769017016351,31.189169884353692,-0.8285719468852988,1626,0.8983412147785206,1,0.33226306303517056
fov0,665,7485.90440218807,11798.778848658505,276.75671748423923,59.094810880198786,0.22590962195172845,3839,0.9769373372318612,0,0.3021323602234918
fov0,666,7375.297435897436,16192.933333333332,32.25583216090419,8.709724798852552,-0.464756325049293,195,0.9628546701910192,1,0.3624611922035676
fov0,667,7403.149459193707,5648.536873156342,153.03115295251214,17.20698056463666,1.0246310205774034,1017,0.9936583993600988,1,0.5292240626005192
fov0,668,7391.770072992701,4690.361313868613,35.640727750675644,11.765387248748715,0.26162574947739725,274,0.9439422095390392,1,0.31293871041886995
fov0,669,7412.9206864564,2166.0338589981448,113.8561289105968,55.44064187635167,1.3362206554833636,2156,0.8734376819060534,0,0.08430757609802861
fov0,670,7422.8190091001015,4615.63599595551,109.8871068144115,13.56897048300525,-0.8948169404772038,989,0.9923469358979989,1,0.5737210864761328
fov0,671,7476.308245083207,11145.154689863843,214.3696056286113,53.24580287355561,0.6254067531562137,2644,0.9686618601423979,1,0.3142122002489273
fov0,672,7407.321100917431,5773.422018348624,33.5805481460142,20.31571400630977,-1.5601659346603225,436,0.7962371827008098,1,
fov0,673,7433.496964791582,3299.3589639821935,106.01651059780197,87.946857311179,1.1424481700325069,2471,0.5584203829755391,0,
fov0,674,7449.218181818182,4744.109090909091,108.90353324670669,23.068856139463414,0.5437880273497836,935,0.977306885603349,1,0.388482639348655
fov0,675,7435.752319109462,16285.117810760668,80.17297398069682,51.11538576761494,-1.4643268979250161,1078,0.770397562175165,0,
fov0,676,7443.770515613653,21466.99636891794,76.47658523385967,39.3326269079068,-0.11675307259986333,1377,0.8576047095332427,1,
fov0,677,7433.570707070707,4534.626262626262,29.49041432922303,9.979807435852628,0.6218344711045244,198,0.9409992955969937,1,0.4601567632444918
fov0,678,7481.915695681974,4684.682659355723,132.88388018635274,23.269761692885353,0.029257638442488715,1459,0.9845482523584035,1,0.30274767402074754
fov0,679,7448.083244397012,21144.9007470651,63.3239546445724,37.46415368761211,1.258671194445865,937,0.8062119047651168,1,
fov0,680,7451.3865546218485,5744.55462184874,17.028590355563527,9.63843900845149,-1.0110169991376916,119,0.8243948836305712,1,
fov0,681,7467.052410901468,5990.8721174004195,43.338538657445454,20.83392558649598,0.13768189476878565,477,0.8768713293120071,1,0.4723665793883431
fov0,682,7461.514462809917,3226.5020661157023,44.26713744476908,28.107596163482047,-1.272272024015277,484,0.7725499419983191,1,
fov0,683,7478.059553349876,4475.873449131514,52.32498812805003,14.179494492465553,0.7878081142738351,403,0.9625824534275635,1,0.2970458814817627
fov0,684,7512.065491183879,21272.486146095718,151.64846356936334,41.58975720958695,0.617145888040393,2382,0.9616581184686763,1,0.3870577889721599
fov0,685,7493.354599406528,4538.789317507419,69.07627670410844,20.240423277480804,-0.014482268735951428,674,0.9561076753635811,1,0.5144534467154315
fov0,686,7490.990909090909,8063.763636363637,60.14986016043597,25.12125191718374,0.7101025391058718,550,0.9086105655695795,1,0.6113236400677546
fov0,687,7485.090582959641,3410.3793721973093,151.6611683805153,29.031981483706577,-1.5287728533654394,1115,0.9815069320432908,1,0.7884797482756182
fov0,688,7503.0113421550095,5786.6616257088845,72.1294460603948,21.39166931525263,0.6523290700943212,529,0.9550100866688178,1,0.5065944702037355
fov0,689,7514.549648680896,2296.318838658359,269.2133153795461,79.9631502086756,1.4746041892977086,7543,0.9548696274810917,-2,0.10848751979647367
fov0,690,7585.4387206340225,19900.988112086045,277.6458315473875,78.00328519768026,0.37922645704925595,3533,0.9597237889291491,1,0.5847597769851559
fov0,691,7506.792833876221,4609.611074918566,102.23254621215919,70.31267716990419,1.1826714293991527,1535,0.7259268223531242,1,
fov0,692,7505.200956937799,16229.1004784689,58.9841570704659,37.62041986249464,-0.5152217198066399,836,0.7701974699088618,1,
fov0,693,7544.1034579702,14666.364351982007,166.89520841799552,61.82896947978203,-1.1925088927980645,3557,0.9288461011327841,0,0.3612729570300143
fov0,694,7505.436734693878,16163.408163265307,32.58766372281297,12.197703260954333,0.5235321462537071,245,0.9273059242556416,1,0.4567664024280466
fov0,695,7521.218102508179,3308.1668484187567,54.66360760481514,41.5053275392988,-0.6916330989476812,917,0.6507567421952292,1,
fov0,696,7528.477086743044,19471.251227495908,120.44603966461736,58.05394292954343,-1.2129093128723967,1222,0.8761760035469054,1,0.876242869612368
fov0,697,7525.700754400671,4452.373009220452,163.76662893642694,19.251216547875003,1.431297379626837,1193,0.9930666404945362,1,0.7383432940598574
fov0,698,7516.8490566037735,4738.943396226415,23.98591385926302,9.18070189211827,0.5713352882851424,159,0.9238503438662397,1,0.5118073758729014
fov0,699,7516.875,6037.879032258064,36.47689211535885,10.076351306516562,-1.2564357504782349,248,0.9610888859392182,1,0.9818031818263457
fov0,700,7520.832,3370.536,20.737386767604047,8.03893463406692,-1.0323995947096336,125,0.9218048805471079,1,0.5980385952862991
fov0,701,7574.8771777003485,14528.903019744483,145.32265126170222,74.4056839094766,0.35656824085126515,3444,0.8589834527961608,0,
fov0,702,7564.74504084014,21203.50233372229,83.26128553703535,46.21034144419299,0.0006704241400679111,1714,0.8318477190139415,0,
fov0,703,7611.037677578753,11400.318097591105,165.32411035124397,52.46260819223093,-0.5811897435984351,1619,0.9483145510554613,1,0.6132231410148891
fov0,704,7575.28880866426,19792.374729241878,60.85846018075051,52.811435624081625,0.7127247026187624,1385,0.4969577119083609,1,
fov0,705,7558.006472491909,4408.462783171521,46.09695931844232,9.019518664875507,1.3591963778591218,309,0.9806709803985677,1,0.7105147700302707
fov0,706,7579.2081811541275,4667.177501826151,117.6975351455878,45.754776213193,-1.3781830141408709,1369,0.9213437828101381,1,0.7736246574613824
fov0,707,7597.11738648948,17860.331672203763,97.13949072578987,73.9712816136406,0.5599847051084056,1806,0.6481702380646767,0,
fov0,708,7577.186813186813,19549.043956043955,42.47445682201849,18.537500078842864,-0.1893865828403696,364,0.8997339562822524,1,0.5252859431062313
fov0,709,7586.323290845887,4515.990730011587,64.92464553435309,21.839766217975153,-1.061263018323451,863,0.9417240604911898,1,1.0181568830830474
fov0,710,7612.748747913189,17676.797996661102,106.64427117673597,18.925059227653637,-0.5015566011480231,1198,0.9841280702616192,1,0.3674052740190795
fov0,711,7592.2209944751385,14610.298342541437,18.650196957563075,13.696713594106061,1.0959218779070417,181,0.6787163879420358,1,
fov0,712,7613.610503282276,19465.09409190372,85.72179046184237,33.63958113990101,1.5552823417006372,914,0.9197829740653143,1,0.8810195478006481
fov0,713,7647.945768772348,20350.75566150179,103.49026500573845,61.5262375646828,0.7270793658849288,1678,0.8040865010390953,1,
fov0,714,7613.680981595092,11773.349693251534,16.94006713869356,14.712003961453284,1.0112911883995805,163,0.49573512272463577,1,
fov0,715,7626.351503759399,14606.616541353384,67.32372866146378,14.355251664047325,-1.2003813591373864,532,0.9770026364487888,1,0.36363311140228255
fov0,716,7697.915368991198,11274.08259986459,171.71689707896326,21.042310320317895,0.5218065098944498,1477,0.9924634878073184,1,0.31208475223130294
fov0,717,7662.087167070218,2793.6077481840193,112.51292225041095,20.772002404238666,1.118974846835133,1239,0.9828102019525834,1,0.3974809808615022
fov0,718,7831.0782682874815,11044.904457240349,428.9640344023414,80.75952090762502,0.1889067159439843,4689,0.9821179954540441,1,0.293822599149684
fov0,719,7653.367088607595,12952.316455696202,29.78695404054265,14.273403650957272,-0.9245838845709796,237,0.8777149875267144,1,0.16304167385098167
fov0,720,7686.027568922305,11751.008771929824,57.098500582598994,31.358841050411403,-0.41481747230444427,798,0.8356869822215897,1,
fov0,721,7680.642414860681,5492.393188854489,70.59565015559228,31.905351646094996,0.9050029003901665,646,0.892045800452785,1,0.4990006866917539
fov0,722,7684.804347826087,17671.44927536232,42.64627687743523,13.647879421600047,-1.2024815622835394,276,0.9474090612705734,1,0.6443414497234423
fov0,723,7688.696793002915,11096.559766763849,44.504113410932575,10.383960236905269,0.9122667134831851,343,0.9723986045765707,1,0.2313453401760777
fov0,724,7705.974106041924,10270.480887792848,47.63441171823876,29.548209411855286,-0.6583220975388349,811,0.7843549608740696,1,
fov0,725,7710.437652811736,12881.515892420537,41.02865945981189,18.790987320640234,-0.7666828411833585,409,0.8889539340437526,1,0.12683425246966595
fov0,726,7791.196121883657,17751.21994459834,201.2555988343285,58.1107171608706,0.27403196895198384,1805,0.9574072846331572,1,0.4275697214974596
fov0,727,7728.904382470119,12168.620517928286,83.79044824004623,30.807350813974566,0.3726579603768518,1004,0.9299557768313059,1,0.29789482578699145
fov0,728,7731.824355971897,12304.84543325527,40.1484270904592,14.071274591691278,-0.1606637800394153,427,0.9365697139867046,1,0.2347115789158913
fov0,729,7738.99066874028,17355.349922239504,57.78051937440214,31.023470536297136,-0.20777959404140742,643,0.8436336687977888,1,
fov0,730,7726.960526315789,3075.5263157894738,19.955809940762315,10.830908821343693,0.38984384251294724,152,0.8398977670299724,1,
fov0,731,7774.233834586466,11688.096240601504,133.08380046499673,26.102013143495377,-0.660536220718295,1330,0.9805774707367502,1,0.5087029514235316
fov0,732,7809.426666666666,11205.399555555556,245.95962243552904,29.90700764017187,0.5986855130363139,2250,0.9925800237383565,1,0.157243633778331
fov0,733,7757.33244680851,12128.91489361702,58.06677998984854,11.386019222037326,0.26448983790111347,376,0.9805869205674532,1,0.2598938427291299
fov0,734,7764.592943201377,19912.210843373494,67.42878422616933,35.904253451238716,0.04907629795552776,1162,0.8464446894290689,1,
fov0,735,7772.974900171135,3188.7547062179124,115.65672220584868,53.4636365609964,0.7265268072417113,1753,0.8867437127948554,1,0.759077724079353
fov0,736,7763.095528455285,13999.353658536585,72.67897551437837,45.438887400241214,0.022520165278263324,984,0.7804646687755837,1,
fov0,737,7784.259096612296,3110.504391468005,112.88193237742087,49.85738965972215,0.38494055656487286,1594,0.8971739757269175,1,0.4364079052671396
fov0,738,7875.49379532635,12275.90507655117,359.3296124515073,111.35424260532383,-0.6771961910839569,6205,0.9507709751206689,1,0.3755037951536939
fov0,739,7767.459537572255,17785.20809248555,55.51384086392105,9.267550974742349,0.43609979664597676,346,0.9859668417865229,1,0.4902030646396099
fov0,740,7815.566865186789,11371.384407146725,143.22425069786286,23.73242933591386,0.9500354139567466,1847,0.9861760057618889,1,0.7415222395540686
fov0,741,7820.640459770115,2720.7485057471263,172.9896146522097,53.30743888843643,1.0487696146376673,2175,0.951336492703266,0,0.3703482452783975
fov0,742,7786.145569620253,10147.582278481013,25.145504350002746,9.430118390321939,-0.28226458427414414,158,0.9270158941240165,1,0.3377662053268408
fov0,743,7822.320452403393,17411.27615457116,76.10688765004853,38.945574766305384,-0.17538622351052377,1061,0.859151042584565,1,
fov0,744,7814.514634146341,4990.263414634146,40.73653932300607,18.72643259478432,-0.1745425867716198,410,0.8880762341618026,1,0.42387798778652924
fov0,745,7823.422169811321,7387.811320754717,68.95497876011085,19.46978910377635,-1.1981835435294252,848,0.9593099625332746,1,0.9927281131890469
fov0,746,7927.125516403402,9883.723693803158,280.4691125159836,87.54185350612866,0.043309804202947236,8230,0.9500405377585422,0,0.4659097061536408
fov0,747,7901.803341288783,19926.16754176611,245.43216916664093,51.27823476113496,-0.7297277375214627,4190,0.977930518518153,0,0.6651204096837634
fov0,748,7832.9435736677115,10156.225705329154,33.6476601087306,27.258606639128914,-1.5412060952098972,638,0.586265560942625,1,
fov0,749,7908.579588182632,17214.288988361684,287.8305014398509,115.47894952147642,0.7770897423178623,5585,0.9159884224044713,1,0.8194380965771804
fov0,750,7853.984578884934,3164.2858837485173,67.0289407482462,27.9760428309833,-0.23383981328825768,843,0.9087354501190411,1,0.48560519078595704
fov0,751,7863.9355726872245,18669.094162995596,122.37396950192338,98.0989240628156,1.4763565623317971,1816,0.5978174380661161,1,
fov0,752,7887.333438485804,13910.90883280757,156.4466940764044,107.16342143672242,1.1283077831659314,3170,0.7285584758054277,0,
fov0,753,7868.527714154833,11540.462207970682,216.95547314190577,34.76231501425594,-1.5291189736866324,2183,0.987080051065616,1,0.866224120861028
fov0,754,7863.595744680851,16404.797872340427,38.727020225841656,15.86420062345929,0.38793328269919136,282,0.9122465210845374,1,0.5499566601134465
fov0,755,7862.432675044884,7318.342908438061,60.66934614603887,21.01581139071228,0.9789618216067034,557,0.9380872093084178,1,0.6779079801204464
fov0,756,7980.400277863539,12586.846403210868,267.6358682488026,243.93279175650946,-0.24540089187869094,6478,0.41144331240143367,1,
fov0,757,7874.7467532467535,16690.227272727272,47.446177062199276,10.577845248257322,1.5249891355939433,308,0.9748312306400347,1,1.073892527817282
fov0,758,7937.798812664908,19667.173043095867,159.30593366433118,145.3997137830415,-1.136351798906992,4548,0.40861362659205297,0,
fov0,759,7932.564926372155,16695.435073627843,98.94413164476343,20.354724662915423,-0.9391372684898356,747,0.9786110258046624,1,0.63141964465476
fov0,760,7924.305015353122,5688.507676560901,48.8413740091258,41.5025740191118,-0.281127228222861,977,0.5271985237054775,0,
fov0,761,8107.597371151851,11181.018563357546,459.07048960749796,254.45116618288517,-0.784829029260651,8673,0.83233378938576,1,
fov0,762,7930.1297709923665,10074.619847328244,45.42750623154023,24.418388203937457,-1.1729590849994942,655,0.8432482633414929,1,
fov0,763,7953.357963875205,17688.108374384236,44.51692872036752,30.986489999416317,-1.1702559184849373,609,0.717982821544391,1,
fov0,764,7979.903614457831,19255.933417882054,141.2448605322069,73.07230665579932,0.920435439157915,1577,0.8557769955451918,1,
fov0,765,7961.091324200913,9952.62100456621,23.142362484681378,15.018082275941511,1.0245772802784168,219,0.760836727785538,1,
fov0,766,7972.497967479675,14385.69918699187,28.517298068091723,22.107984616766192,-0.0566783340528173,492,0.6316567063316165,1,
fov0,767,7994.955965909091,5200.410511363636,66.79551588252728,61.578810499325485,1.4112376943899192,1408,0.3874270463860575,0,
fov0,768,7990.489051094891,6305.109489051095,23.239985999530525,7.978153476069329,-1.3190038704846438,137,0.9392279065841356,1,1.058458076478336
fov0,769,8001.854368932039,5749.830097087379,32.88540788308794,8.196684393342046,1.1817689944759102,206,0.968439203503046,1,0.7156008729581311
fov0,770,8053.417584888689,3603.5331684281537,151.75631809708992,113.96634432911068,-0.502718912887502,4447,0.6603220680000801,-1,
fov0,771,8043.848575712144,17835.943528235883,126.04507527455122,61.29338280920388,-0.06825161098988891,2001,0.8738022344384266,1,0.32290843861200896
fov0,772,8005.721830985915,10744.30985915493,43.149555779709445,9.598453899845689,-1.4766326683158617,284,0.9749449710157982,1,0.9661416881287282
fov0,773,8026.904827586207,14410.03172413793,46.86775277969983,33.29380647536043,-0.514892846724164,725,0.7038206602395649,1,
fov0,774,8023.800531914893,6395.702127659574,36.41146246289286,22.70673826539861,-0.48218388043779026,376,0.7817315340189694,1,
fov0,775,8044.716426858513,10747.143884892086,229.26197536676415,48.33719748608852,1.4216847644862773,3336,0.9775209590246993,1,0.9593190858356775
fov0,776,8032.800376647834,19239.338983050846,75.39198286258953,9.676805918964591,0.981466202872417,531,0.99172851303837,1,0.8294514986414777
fov0,777,8038.838383838384,5795.080808080808,48.5327737794552,23.993749162038846,0.5270929243729267,495,0.8692445242455958,1,0.5535846907482715
fov0,778,8052.888075313807,6291.949267782426,114.8830064114128,66.94808831491873,-1.0884943523495736,1912,0.8126513839549848,1,
fov0,779,8029.680722891566,6437.4277108433735,18.167383739997096,12.497334026360802,-0.25437669063490714,166,0.7258059591734354,1,
fov0,780,8126.285586070723,6510.047926763597,255.77151919175964,159.6427926984661,1.385782163137019,5571,0.7812951687323484,1,
fov0,781,8076.674430915828,17755.179460031763,134.53431184742547,53.52347079749719,0.03329533251816885,1889,0.9174537168185912,1,0.33144210277817926
fov0,782,8059.543003851091,14194.727214377406,91.42140850574172,64.34356680398315,-1.42726678433321,1558,0.710385387875751,0,
fov0,783,8062.026315789473,5747.506578947368,47.378494781383125,11.002542119050316,-1.5475894643930197,304,0.9726617355024152,1,1.1934664143353568
fov0,784,8136.225519287834,4731.366963402572,148.50233613688653,100.08890603026167,-0.5370192456415185,5055,0.7387415959467448,0,
fov0,785,8071.137614678899,6379.570642201835,78.511317655471,10.556673769821705,1.466309488417192,545,0.9909189495347216,1,1.0535166267118012
fov0,786,8089.021043000915,6451.703568161025,71.7890830286365,25.371666814741147,1.2801070047367173,1093,0.9354649153945892,1,0.9795708956405873
fov0,787,8111.5727802037845,5162.224163027657,110.87915338578337,90.5725537357289,1.3071024306388586,2748,0.5768384193072447,0,
fov0,788,8400.64897019317,10801.525393373417,774.5794069207944,93.34457280293407,0.3514332210667744,7817,0.9927121119755348,1,0.24148039443304817
fov0,789,8327.106924227995,10945.68466875255,617.0116755826355,90.13522507884802,0.19640902940188745,7351,0.9892722633544769,0,0.36391976738754916
fov0,790,8095.736842105263,6335.606811145511,23.136398194528873,18.274102527888804,1.0900782003889724,323,0.6133101790419643,1,
fov0,791,8108.758620689655,10531.278325123152,57.480151419242084,14.724679837449257,-0.496050045312616,406,0.966631793988849,1,0.6151643500505812
fov0,792,8110.594923857868,4974.456852791878,51.86722580022535,24.699055208686502,-0.7692507693271106,985,0.8793382293254225,1,0.41558078648547353
fov0,793,8109.132379248658,19660.08765652952,49.58782066197432,22.45426262571656,-1.3086435507462204,559,0.8916029218848875,1,1.1496852337709689
fov0,794,8114.924228250701,4900.1393826005615,68.17974535514546,41.66895768915704,-1.4687230398451474,1069,0.7915045352071285,1,
fov0,795,8110.573560767591,16770.47974413646,48.18544244224236,19.730315371862037,-1.0450434857592084,469,0.9123252380411386,1,0.665998772563834
fov0,796,8147.38347164592,15011.58540802213,173.14675853788412,83.71739279613736,-1.298327915851659,2892,0.8753413779140037,1,0.1241094881343596
fov0,797,8112.396449704142,16710.31952662722,23.564383533907336,20.361319919194447,0.27516285524289474,338,0.5033685317378848,1,
fov0,798,8121.29781420765,9802.860655737704,52.804870555811945,26.586348308096444,-0.9956274015571601,732,0.8640052022394141,1,
fov0,799,8145.907605633803,14109.878873239437,88.03748562420142,59.509487362660956,1.474094058157747,1775,0.7369417668520664,-1,
fov0,800,8147.04199066874,4812.870917573872,37.19574206137035,23.38656827919771,-0.254833927273013,643,0.7776130418864864,1,
fov0,801,8158.193939393939,16658.836363636365,77.39934497856645,13.51049183200495,-0.5920937532189259,495,0.9846473125929084,1,0.5484527163386882
fov0,802,8246.80406681191,12418.126652142339,290.16035484704116,247.96792430786618,-0.29817528494952805,6885,0.5193045239325363,1,
fov0,803,8160.29120059657,19436.513422818793,168.88675334134,56.35246798419727,1.487477037782833,2682,0.9426898919196716,1,0.7108004918388666
fov0,804,8161.728723404255,4871.02460106383,52.0120689140103,39.04244955395772,1.2017084880058402,1504,0.6607090215680622,1,
fov0,805,8164.1275797373355,5656.303939962477,30.64206451308721,22.387196076331563,-1.2445812492130717,533,0.6828020891063499,1,
fov0,806,8174.283072546231,16696.715504978663,47.488303588386614,22.004577682916793,-0.5202363030524897,703,0.8861657613061205,1,0.5384590969781167
fov0,807,8176.610516066212,6183.66017526777,49.54407998616024,27.26935198213424,-0.18392396460915653,1027,0.8348972323726274,1,
fov0,808,8170.268817204301,19352.7688172043,26.752171241923456,10.167854831296584,1.4753071743922759,186,0.9249553129714422,1,0.7071739537487056
fov0,809,8183.753926701571,17228.955497382198,35.16592193152483,22.84872469459875,0.7153998231717931,382,0.7601560667785908,1,
fov0,810,8231.212085996514,18064.312608948287,174.8814442833698,117.66255665205502,-1.1993438281932094,3442,0.7398123422194776,1,
fov0,811,8284.317210194575,3063.9683474924636,239.08381234551499,172.15174019122148,-0.8361159250690356,7298,0.6939246096713342,0,
fov0,812,8216.968,21726.472,13.380992510171025,12.038276929974112,1.1853953773590113,125,0.43660149535749376,1,
fov0,813,8257.405279503106,18916.471014492752,163.969282777159,23.468496191700474,-1.3127238641795402,1932,0.9897042735061888,1,1.3068903629935888
fov0,814,8314.036905412793,10413.319300164025,132.19692963964948,112.33535917477326,-1.4230030573278911,3658,0.5271734510300352,1,
fov0,815,8281.459649122808,21025.19649122807,20.327714217976194,17.950220560619993,1.255989355536654,285,0.4692944153608434,1,
fov0,816,8288.558419243986,6180.103092783505,31.175184395131648,23.826839374845154,-0.054147039097098316,582,0.6448743057904619,1,
fov0,817,8313.21373555841,5986.462772785622,92.62169864013057,72.94801328324922,-1.03632625561555,1558,0.6161983992481397,1,
fov0,818,8401.874932028277,21078.852818560812,316.49919307195023,56.76998197445959,-0.7151812347389519,5517,0.983781960201539,-1,0.4237129625087821
fov0,819,8314.21689497717,17231.352739726026,48.64878648926456,30.980838387098714,1.013321717397097,876,0.7710071060885172,1,
fov0,820,8327.111731843575,18621.575418994413,28.780840195811287,8.124614246729465,1.329428352028623,179,0.9593283930506199,1,0.7572734557140613
fov0,821,8338.429078014184,5751.0496453900705,30.880987558456738,13.43766851295099,0.6931424239185127,282,0.9003609959064837,1,0.5792974821946271
fov0,822,8343.25855513308,21776.977186311786,36.182651743161436,9.768622534496076,-0.6283367104879218,263,0.9628656960695975,1,0.450658462021283
fov0,824,8404.903921568628,16254.93843137255,111.73986818865014,77.43903724479968,0.1846511391962166,2550,0.7209091204885141,0,
fov0,825,8377.138157894737,19244.359210526316,57.57254907304566,36.9779463794233,1.0171985622666886,760,0.7664664593935917,1,
fov0,826,8384.53995157385,21936.755447941887,50.22752217011799,12.274524448969814,-0.8109495843534291,413,0.9696799311914038,1,0.5149565229579288
fov0,827,8433.225821596245,16579.244600938968,154.1835724773446,110.48387050502181,-0.8800663273633887,4260,0.6975115351356257,0,
fov0,828,8403.942680776014,17195.088183421518,70.40945999787148,37.896025274923126,-0.5869157790388874,1134,0.8428021565162843,0,
fov0,829,8460.166748166259,26258.73476772616,236.3963531053231,167.90090932908902,-1.0341725728532036,10225,0.7039478224234587,-1,
fov0,830,8392.278481012658,5368.776371308017,30.890341330436897,11.344948406446365,-0.2776503599523693,237,0.9301162554342022,1,0.4098319502581916
fov0,831,8399.530120481928,11067.02065404475,31.869179042166262,23.31783328676753,-0.3488166814358318,581,0.681655273341383,1,
fov0,832,8437.27478753541,16388.16997167139,60.68914038845718,48.48145558095122,-0.6732263959636471,1059,0.6015316850417664,0,
fov0,833,8489.208794526061,19223.608875025155,356.815807450349,162.910524830277,1.3909782763593956,9938,0.8896887418582564,-1,0.7736635126798893
fov0,834,8459.421862971516,10308.387990762125,88.00035576099282,42.968264532821614,0.1493287289230652,1299,0.8726905155415573,0,0.41290455871414233
fov0,835,8447.405172413793,10996.896551724138,17.497776499224155,8.827599312185205,1.1011075593711475,116,0.8634126581923991,1,
fov0,836,8478.02427184466,2516.828155339806,47.01902764917545,41.212202421437716,-0.8076628997054326,1030,0.48140090320041473,0,
fov0,837,8479.949343339587,10477.95722326454,169.38779855923806,25.19434006365303,-1.3311296062689721,2665,0.9888766944359033,1,0.6689467970545605
fov0,838,8473.482352941177,16501.488235294117,19.48838180453285,12.527917567791931,0.8922224189497691,170,0.7660002120174492,1,
fov0,839,8485.721354166666,13692.135416666666,70.17984857857337,47.68024677454561,1.477070420920417,1152,0.7337673499094897,0,
fov0,840,8490.46619217082,26365.300711743774,33.957548325853566,23.812356545879336,-1.4297236107484905,562,0.7129262887237062,1,
fov0,841,8510.86865267434,21266.748138117808,52.05555890588078,36.88715765290422,-0.35651605156287275,1477,0.7055990469434115,1,
fov0,842,8514.530757097791,3681.255520504732,95.7860588710338,35.2889313772545,-0.9597424579315528,1268,0.9296618074666236,1,0.6633494232905659
fov0,843,8537.805578011317,17009.521018593372,168.1175433861386,85.64973149476214,-1.10512510417289,2474,0.8604923397911655,1,
fov0,844,8604.967247097844,11182.749170812604,261.1613844797785,40.02945828989474,-0.5895209970597938,2412,0.9881836046442966,1,0.16349580024280275
fov0,845,8522.898395721924,26334.775401069517,23.113214084672553,10.936598372948714,0.48033298205184716,187,0.8809683787307813,1,0.5053904758379545
fov0,846,8538.213709677419,17681.141129032258,47.099821626205426,18.576154180356863,-0.7227679874974322,496,0.9189390072610262,1,0.745940177636183
fov0,847,8610.729135432284,11237.102948525737,242.07013529731557,18.449181766353803,-0.6079636534741445,2001,0.9970914680610247,1,0.17085322202298547
fov0,848,8526.7533632287,22153.2466367713,24.81999200102646,13.480892079185526,1.2696608189113745,223,0.8396379378512189,1,
fov0,849,8542.440878378378,5260.2246621621625,44.19373571744315,24.782763429850114,0.8299590311276711,592,0.8279679095572763,1,
fov0,850,8627.879443019421,10692.241113961158,207.40017550214122,41.58989536802887,-0.1312526736903903,2729,0.9796876229976481,1,0.32992506286590617
fov0,851,8542.473557692309,26298.05769230769,52.97003601645959,11.393118560746831,-1.1224629248093905,416,0.9765950894808858,1,0.9731051912269194
fov0,852,8551.787469287468,13671.103194103194,46.265932122661745,24.787161100596688,1.354428014399814,814,0.8443740783982187,1,
fov0,853,8552.680365296803,16551.817351598173,29.62948364269101,19.53613140747223,-0.5751342242412263,438,0.7518381688029769,1,
fov0,854,8556.240223463687,17547.048417132217,37.18332721063525,30.416718810799825,-1.0087005266169058,537,0.5751892612239724,1,
fov0,855,8577.961589403974,21422.898013245034,72.9781175645579,45.92226759542891,-0.5106806077641507,1510,0.7771942251569592,0,
fov0,856,8561.692913385827,5612.555118110236,37.31857610712358,9.830186974530132,0.4065043088982677,254,0.9646832372966565,1,0.4922471121014156
fov0,857,8624.54011413226,3182.192346424975,223.92653867702796,115.6929945097282,0.7319115326316795,5958,0.8561930598745346,0,
fov0,858,8576.473448496481,20663.107485604607,78.99729858835796,44.4493541115583,1.3379326085287324,1563,0.826682083512227,0,
fov0,859,8608.091245947198,18008.37748957851,141.28301934120825,98.74925334517941,0.6310625471474011,2159,0.7151740861540298,1,
fov0,860,8585.181379310345,17886.779310344828,129.4194190459718,19.709775044503665,1.186075683718774,1450,0.9883352663241124,1,0.5785681199917478
fov0,861,8585.70477137177,2456.2842942345924,55.186160285728796,30.865944713843493,-0.9288694238593487,1006,0.8289613482913721,1,
fov0,862,8594.595394736842,18903.246710526317,52.127039441452034,33.84126544034561,0.6324664108687085,608,0.7606113396037487,1,
fov0,863,8628.5834648154,10588.017355632692,144.55142287125582,102.82496946418152,-1.0811353414826472,3169,0.7028497445018658,0,
fov0,864,8694.101279854882,14650.052101179079,272.14233444638705,243.48089307219843,0.7970643877931932,9923,0.44670328291071004,0,
fov0,865,8603.26112412178,3741.3946135831384,51.621169741727336,39.697217343482535,-1.0898410227380435,854,0.639236244536953,0,
fov0,866,8607.297376093295,19221.826044703597,44.53247144682046,43.262501758913515,1.3011399392189524,1029,0.23711263935796448,0,
fov0,867,8597.69642857143,17971.089285714286,21.50807251901569,10.769923485842952,-0.8195161637104167,168,0.8655985160336075,1,
fov0,868,8611.86221590909,2526.0355113636365,32.02200725810839,28.312281871607528,1.197185977774354,704,0.46720171624514284,1,
fov0,869,8612.162346521145,5518.027285129604,34.18768777802767,27.876780868645163,0.9381119689131815,733,0.5788921744610962,1,
fov0,870,8625.10103626943,11112.119170984455,50.84573355215136,10.640600224016987,-0.32049558896587316,386,0.9778574192023662,1,0.12253522921470379
fov0,871,8679.656113969133,10929.894341115947,144.52836016684935,31.25547319845683,-0.3749735412534157,2527,0.976336161686336,1,0.11855196448041169
fov0,872,8662.330306088126,26156.704002690883,127.91892852072233,71.78539413712097,-1.374950906938365,2973,0.827694584487911,0,
fov0,873,8657.527622594662,16221.902545003104,81.42856242753679,60.56859468550342,1.1027809661128598,1611,0.6683745017923078,0,
fov0,874,8667.89240506329,20845.500791139242,78.64011296338177,39.958244711401925,-0.2865942119531728,1264,0.8612890573684012,0,
fov0,875,8660.952380952382,4367.525974025974,40.28825962728279,18.739371360322906,0.03590419988235634,462,0.8852411716721411,1,0.4371919452042541
fov0,876,8703.880266075388,5546.7572062084255,126.24755115440045,24.278176004450216,0.04491853520755658,902,0.9813349878591758,1,0.42181701339054195
fov0,877,8673.791044776119,14512.466417910447,38.40845858199936,22.399672106275876,-0.03365698663901538,536,0.8123312378938496,1,
fov0,878,8679.173745173744,5253.277992277992,38.03316520553217,22.574932931130792,1.2942510675890198,518,0.8047903728258442,1,
fov0,879,8710.267164179104,2443.1130597014926,141.83577160158785,54.614594333668876,-0.7708249355866909,2680,0.922893564462766,0,0.2336632072636933
fov0,880,8740.22139102305,5366.562879094217,162.5380778251715,112.37496486212802,0.10267505963714034,4946,0.7224949112745904,0,
fov0,881,8721.56135770235,10845.939947780678,39.82840024732657,13.967265788296357,-0.033689534668680764,383,0.9364930694848035,1,0.1492838297114539
fov0,882,8732.138922888616,17466.274785801714,98.61686943749741,43.470515864640205,1.0284486669543136,1634,0.8976043525440957,1,0.625830244957256
fov0,883,8734.63782696177,3570.1710261569415,73.12181791794497,10.554507274354373,0.49794439989533573,497,0.989527944786121,1,0.6385699359789979
fov0,884,8726.380090497738,3606.552036199095,47.663045949752664,15.332116490808652,0.9681636026339949,442,0.9468493867024832,1,0.6401059502582296
fov0,885,8734.086070215175,17903.482446206115,57.243716738912475,37.242472049448544,-1.249225770816331,883,0.7594249359306531,0,
fov0,886,8765.68745387454,2978.250922509225,98.87968101793207,92.90038680892881,-0.19237326713256359,2710,0.3424677171626569,0,
fov0,887,8758.964444444444,3659.5377777777776,44.12668125548136,20.48418483947173,-0.5041831346637512,450,0.8857235288567806,1,0.5013730386645218
fov0,888,8797.294809511634,13504.116594221427,153.29434164727667,125.45072588587153,-1.0907856606424833,3911,0.5746987955398679,1,
fov0,889,8823.596101127017,18972.385013706975,216.30329061950926,143.19376824888136,1.005212134837981,6566,0.7494997938751964,0,
fov0,890,8821.374796747967,5158.539837398374,145.36215457974873,20.866131703015572,0.8053264204950824,1230,0.9896436699930854,1,0.6215591448144531
fov0,891,8835.083104664838,9359.28694629557,150.53883699551926,40.779934355341375,0.021923322596612414,2551,0.9626094331046912,1,0.28141748467650973
fov0,892,8809.136454849498,9295.704347826088,84.59308445905931,44.14020533161796,0.49230734266895,1495,0.8530712224608418,0,
fov0,893,8815.916320474778,9111.373293768545,71.41949946405616,57.78414364547122,0.4422809138496286,1685,0.5876974621566377,0,
fov0,894,8801.436154949784,8946.48493543759,37.26315068903636,24.182530397944134,-1.037066524419824,697,0.760817122429635,1,
fov0,895,8808.035087719298,19060.456140350878,33.16743612664567,9.632392455499645,-0.10917340093208575,228,0.9569001388780268,1,0.7193374759833459
fov0,896,8816.00562248996,19216.458634538154,62.343340793848135,45.044605908206314,-0.9116259873564428,1245,0.6913450690376367,0,
fov0,897,8829.441330998248,14153.970227670754,91.4012829857495,22.240186166390075,0.8207136709231017,1142,0.9699449002467759,1,0.34143740985468957
fov0,898,8842.991638795987,9219.589186176143,95.42196919060531,40.70148432523997,-0.6436461489681906,1794,0.9044677230034651,0,0.3160298680913458
fov0,899,8831.985462097611,2833.713395638629,50.471191884223934,43.42331316091683,1.4028275333209121,963,0.5096895610046978,1,
fov0,900,8837.995468277946,2753.635951661631,37.97052580067282,22.337913758720386,-0.15735213420544403,662,0.8086455662230609,1,
fov0,901,8896.815576534053,14108.273769386378,154.82729420667087,71.63218666824066,0.37557152624164003,2966,0.8865365052211059,0,0.30522632691841334
fov0,902,8843.862130707252,14376.92927484333,53.033042019087304,27.961932698259382,-0.4760751566712933,1117,0.8497071507032651,1,
fov0,903,8855.432537120723,18618.845706907683,81.3291577935962,59.10357990277246,-1.1030602440671229,1549,0.6869330901101102,1,
fov0,904,8870.875432525952,26345.756747404845,166.3105264460394,87.39235751353668,1.0454420990097837,2890,0.850807802091419,1,
fov0,905,8846.880829015545,5691.606217616581,86.14496250155264,16.529411914179512,-1.381215528863495,579,0.9814185842618046,1,0.9458371688484999
fov0,906,8865.338235294117,13582.020220588236,29.276736909737313,23.90558220597453,-0.19873551528967437,544,0.5772910127911972,1,
fov0,907,8870.416666666666,15370.02037037037,47.89166160714675,26.962056294820904,-0.2501473015459716,540,0.826470396561646,1,
fov0,908,8886.970430107527,21637.288978494624,32.799596774457676,29.10673316688945,-1.05781606270874,744,0.46097848701238053,1,
fov0,909,8889.04705882353,26334.52470588235,33.10306708258342,17.223256795376336,-0.7027950882851101,425,0.8539885047423573,1,
fov0,910,8942.287369207772,2662.162556053812,164.89644061860653,22.893130368640715,-0.8177145457635715,2676,0.9903157538460007,1,0.2135321459169527
fov0,911,8906.30153846154,9402.172307692308,29.892242934463663,28.011112575755053,-0.44017803483858436,650,0.34914257372854124,1,
fov0,912,8959.140770252325,17860.375166002657,197.5495971705562,56.30156738064477,0.5873903441102686,3012,0.9585276186235375,1,0.34625119564452445
fov0,913,8921.60108108108,21829.762162162162,40.42721477765409,29.24137897321115,-0.5296591064471905,925,0.690524227212826,1,
fov0,914,9032.08864456279,9006.697302868923,272.9215336415339,238.26625993270045,-0.04022555427050331,11642,0.4876824207178274,0,
fov0,915,8946.656862745098,5114.88137254902,123.57462979222935,29.944292358939354,1.153195413186725,1020,0.9701970114066729,1,0.790625034203342
fov0,916,8964.91274817137,2548.4399164054335,157.7989827650105,39.79313683427804,-1.2448807787939329,1914,0.9676813521618939,1,0.16390282983910398
fov0,917,8960.071618037135,17480.818302387266,73.67116126549806,30.444324084223684,-0.03293525999169701,754,0.9106193583828307,1,0.36434951863398013
fov0,918,9026.610958508023,21047.270637559635,195.31206934623415,134.02312782004935,-0.0355773063419055,6917,0.7274129910412752,-1,
fov0,919,8975.281496062993,22126.563648293963,113.24280487704549,50.81420634747094,0.659053072729096,1524,0.8936728675342903,1,0.565724055315199
fov0,920,9086.8774965696,10169.16717487422,562.082341486058,413.60166093849534,-1.3660834153543577,13118,0.6771573944090311,1,
fov0,921,8965.111531190927,12231.35349716446,61.02830319081752,17.982610584915122,-1.4350014748070652,529,0.955602103613848,1,0.944893737520457
fov0,922,8998.33629300777,25442.92748797632,79.64227482619746,75.04297608103256,1.4267539040067927,2703,0.33490883667016164,0,
fov0,923,9043.304208600182,15369.03613906679,192.8194776811539,35.15361865434491,-0.4674609619330315,2186,0.9832404287869282,1,0.514731024021635
fov0,924,8976.251121076233,12059.080717488789,29.10619101879858,13.650466831985167,0.8422286843091203,223,0.8832043095659936,1,0.8696325825311698
fov0,925,9003.617819460727,12125.041031652989,59.31506194281734,55.53193320600352,-0.7847539265365958,853,0.351415076890182,1,
fov0,926,8991.48275862069,4981.467766116942,86.42501978484518,16.082866428783262,-1.2705590852512036,667,0.9825326271132929,1,1.0567097747688414
fov0,927,8991.967479674797,11935.321138211382,34.09355854082462,10.92746188907256,-0.9104186499171072,246,0.9472437877061104,1,0.760597523764494
fov0,928,9009.878077373975,22056.450175849943,56.06820972999152,40.677711173463656,-0.889497599442926,853,0.688217935536456,1,
fov0,929,9007.960207612457,15316.870242214532,39.855048079932004,28.037298422916763,0.5880588094917151,578,0.7107133365261433,1,
fov0,930,9003.64039408867,17511.35960591133,30.69173901084085,9.387509613434043,-0.40280045197278036,203,0.9520750932801589,1,0.45194934292366273
fov0,931,9000.659836065573,12238.70081967213,32.669824460212645,10.374418152442283,-0.9945272743064149,244,0.948240346226444,1,0.7878743587214685
fov0,932,9023.02669039146,11972.343416370108,39.273058574069,29.585734805236612,0.18763275856319747,562,0.6576379793672117,1,
fov0,933,9006.41743119266,26080.853211009173,24.131763924200317,11.595337100589743,1.4689283879608817,218,0.8769941692739044,1,0.7933925575123861
fov0,934,9065.44525065963,2994.6810686015833,203.34278990373588,98.10011877220894,-1.2836639578962028,6064,0.8759305813293008,-1,0.21981664451529612
fov0,935,9018.95744680851,14116.441489361701,53.00329363043854,10.607759557589146,1.3782373701856139,376,0.9797685411367104,1,0.5662139777992954
fov0,936,9033.543933054394,12276.12970711297,64.27508185693085,19.64342830707286,-1.0720002416858643,717,0.9521551762774922,1,0.8122882523680061
fov0,937,9035.073619631901,14512.108384458077,40.34058221429416,22.6911956784668,-0.5294523518916572,489,0.8268037238989168,1,
fov0,938,9047.80782396088,20484.29095354523,77.60270223508749,70.80726572404987,-0.23036494672313748,2045,0.40922614359962584,0,
fov0,939,9037.060445387062,21309.412513255567,49.331926533057,43.59565289898845,-0.8124822904507635,943,0.4680143467715162,1,
fov0,940,9113.010634526763,26074.08117688763,198.16680873761842,182.18672090292438,-0.12740008308135645,8463,0.3934163373598052,-1,
fov0,941,9056.535230352303,3240.0738482384822,75.59416339058222,54.817713752956784,-0.9200287391856186,1476,0.6885824916817617,1,
fov0,942,9039.469168900805,12072.077747989277,55.106994172492335,12.808656914804303,1.527028604233917,373,0.9726125275745874,1,1.1535663854293903
fov0,943,9054.038364779874,26476.96037735849,72.09009345416628,52.87537212100239,-0.8533429390580822,1590,0.6797300382367314,1,
fov0,944,9096.273351648351,17642.92651098901,142.1935423506141,102.55081964375452,-0.5309345987652541,4368,0.6927207738427095,1,
fov0,945,9067.373956594323,18645.819699499167,56.32674800023366,50.9163338514692,-0.4847466766091161,1198,0.4276467933007748,0,
fov0,946,9061.822360248447,20841.447204968943,44.808080030543266,39.82345528507889,0.4471323764268352,805,0.45838036807969584,0,
fov0,947,9086.981377219576,18516.313988739716,119.41164270148644,92.61662250191765,0.6174779584691138,2309,0.631214913975554,1,
fov0,948,9087.807291666666,26368.62037037037,89.49095312223662,58.71665140895477,0.4263318133593576,1728,0.7546580586474423,0,
fov0,949,9105.901766004416,17812.936534216336,103.7334084019356,53.47178486189215,-0.08959404584058597,1812,0.8569057420646086,1,
fov0,950,9090.463157894737,21453.582186234817,72.6145855098324,40.75072183834524,-1.1975757010907409,1235,0.827685676954082,1,
fov0,951,9154.690679925994,25418.04532839963,324.0927714436499,102.57668782772481,0.9522467168706038,8648,0.9485911452076924,-1,0.2591665407478085
fov0,952,9128.269822248853,18844.02456560815,155.6454817647443,137.08287318076066,-1.403555966751367,5007,0.473604021634058,1,
fov0,953,9141.864048338368,4115.5611782477345,172.60507615481959,76.1193089518755,0.2973154461373176,3972,0.8975057640186346,-1,0.33764051375730425
fov0,954,9170.50100738751,10422.91840161182,293.3087370463593,72.27419933024866,-0.8766647756278741,2978,0.9691656839421995,1,0.3282985336856987
fov0,955,9103.503642039543,2532.945889698231,35.59534508877393,34.50075478179283,-0.8485980394694559,961,0.2460818134685763,1,
fov0,956,9123.00390625,2665.1712239583335,124.14342397245987,26.735068255338522,-1.3902153375427155,1536,0.9765355419781913,1,0.21562075460955044
fov0,957,9111.061538461538,15246.646153846154,28.318659155176615,11.955897477033417,-1.3607595528289127,195,0.9065066622321105,1,0.8793535067321062
fov0,958,9139.960293219303,11936.069028711057,371.49271679401033,54.98859248667208,-1.3924066825610102,4911,0.9889842708099388,1,0.9293378691740106
fov0,959,9156.627586206896,2913.0489655172414,85.61530035902489,49.62702419691161,-0.6579428417087344,1450,0.8148645995810349,1,
fov0,960,9155.218157181573,4398.481029810298,44.26822722047663,22.547779234949882,-0.48956316545084655,738,0.8605626957233284,1,
fov0,961,9144.273869346735,2577.889447236181,28.657093201842773,17.929188211077847,-0.9746516007611725,398,0.7801073074514452,1,
fov0,962,9253.175054177704,14650.95280520106,290.1686670049255,62.19110744373078,0.5922937807634635,4153,0.9767618689556354,1,0.1816320032001987
fov0,963,9270.127102446484,14749.6624617737,348.1135254686847,73.69800933228498,0.6350860590958568,5232,0.9773332185634681,1,0.19674070980971112
fov0,964,9174.723158828749,13880.596273291925,92.61989240625213,37.976642070267204,0.02517695691888822,1127,0.9120734554444085,1,0.45318398986776876
fov0,965,9334.204636039438,11992.290434235369,722.5687325404232,155.3124115514522,-1.1284144079919882,9534,0.9766261931484804,1,0.6840910848874763
fov0,966,9167.425629290618,3785.9267734553778,44.69624026632235,31.558067636038828,-0.7767879480500386,874,0.7081555789516635,1,
fov0,967,9181.43445409898,13978.523989421987,123.13489862383257,72.80985178009134,-1.0512736182916669,2647,0.8064505697718551,1,
fov0,968,9193.72009569378,26007.741626794257,40.335050351799694,17.983680954569927,-0.00928664993999229,418,0.8951040010897563,1,0.5256435828281808
fov0,969,9338.678426601784,9663.342022940564,624.8966027089584,319.65079888525474,-1.1391247389506853,17262,0.8592678573756645,-1,
fov0,970,9193.11496746204,11721.81344902386,59.38038543473797,12.512718307291594,-0.806000107711851,461,0.9775461569950467,1,0.5248184504420407
fov0,971,9192.957746478873,15229.528169014084,34.546379378850816,21.02378100876616,-1.0197909276635964,568,0.7935026140781134,1,
fov0,972,9253.199892530898,4978.900770195236,182.1653322392097,101.77685971518582,1.2487683795727094,5583,0.8293658014090093,1,
fov0,973,9302.181467181466,25648.554796554796,302.63892216828225,81.78110505401493,1.0287028840486783,6734,0.9627967347002135,-1,0.2856622328705424
fov0,974,9246.741732283464,11680.352755905511,74.84962407811972,14.409750400975884,-0.6159016710539263,635,0.9812938341085524,1,0.4897835824366555
fov0,975,9279.9759765625,3995.0732421875,212.61501034921133,84.13809220268482,1.1931305397146605,5120,0.9183669951331782,1,0.4904354574363761
fov0,976,9251.069264069263,2416.8037518037518,34.447731625970725,25.77888950017593,-0.6800497370103169,693,0.6633063688557247,1,
fov0,977,9248.197478991597,4092.6428571428573,20.35279327815033,14.976952502094978,-1.4763601959370944,238,0.677125911552897,1,
fov0,978,9265.079365079366,12982.653439153439,43.87555585314489,21.92973202751226,0.8133448505464619,378,0.8661312523880527,1,0.7396855751947444
fov0,979,9304.557594936708,14465.837974683544,125.25738365971154,29.365411403097486,-0.029820990353485528,1580,0.9721304557268888,1,0.2370323160838645
fov0,981,9305.152419861723,14007.28975487115,121.5410209648046,113.17540524753653,-1.1422555895884585,3182,0.36458417784918745,0,
fov0,982,9272.265017667845,14844.060070671378,36.775052345135144,10.447102689724245,0.5825371393518312,283,0.9588002115691412,1,0.17845725171911603
fov0,983,9271.391304347826,27007.521739130436,12.518964899772861,11.757726730795467,0.4095986185290011,115,0.3433891803611795,1,
fov0,984,9274.812154696132,12875.149171270717,16.013733134562152,14.442454627145558,-1.409275597169982,181,0.43198808548529005,1,
fov0,985,9317.72848200313,5478.3411580594675,94.19221682474387,47.95944599133503,-1.1422907754230465,1278,0.8606685135346069,1,
fov0,986,9324.06243902439,24832.99414634146,166.1474830550146,53.667310501113775,-0.7353689944678594,3075,0.9463955268507451,1,0.6167600589683698
fov0,987,9365.355834136933,11622.169720347156,153.38510558164356,10.238993466666033,-0.1929408744167984,1037,0.9977694971900851,1,0.4467976174479601
fov0,988,9338.079462102689,27227.117766911164,79.71040276650689,66.00735052443294,-0.9393552958542799,2454,0.5605958603484353,0,
fov0,989,9442.058231292516,4098.702040816326,223.52884301762177,145.766942323052,0.09021074263787174,7350,0.7581184029084471,0,
fov0,990,9386.347232207045,20384.05319913731,156.78083161018316,58.08431636053871,-0.44008863880824306,2782,0.928840052116987,1,0.7237199013199257
fov0,991,9332.607449856734,12952.722063037249,30.876757505970392,26.460144226876416,-0.08331465036129698,349,0.5153830255817402,1,
fov0,992,9339.124293785311,5287.957627118644,31.096711841759255,16.761401815865348,0.17467917033521316,354,0.8423001227650586,1,
fov0,993,9345.549152542373,5327.908474576271,42.78415978162103,9.067763875573617,-0.8238353185635416,295,0.9772822284922692,1,0.7035770045106815
fov0,994,9356.663385826772,25662.793307086613,29.141669171123517,25.17182853184204,-0.5512358361440445,508,0.50387869841367,1,
fov0,995,9356.71,25618.423333333332,27.94853665887863,14.907704524267746,1.1159179901947838,300,0.8458641468737249,1,
fov0,996,9404.178817056396,21174.243810178818,103.88740437096968,83.84880001382281,-0.8379617292148505,2908,0.590397971058989,0,
fov0,997,9379.406451612904,6323.825806451613,20.400783953205192,11.04515288404839,-0.7479782283624855,155,0.8407598343873227,1,
fov0,998,9440.87844488189,14571.711614173228,139.01100483397835,53.232548043465876,0.21961457044195143,2032,0.9237741895627752,1,0.15812311401491283
fov0,999,9391.93602103418,5122.998247151621,160.09744527599335,23.91100874162933,1.464897027371155,1141,0.9887839642916815,1,1.1560423023497814
fov0,1000,9445.410288193369,3272.249767585993,154.71655008058013,109.90301380988359,-1.3974132493728824,3227,0.7038478847187779,0,
fov0,1001,9423.282926829268,5561.058536585366,30.804830878034142,8.784130859478363,0.7333647129795029,205,0.958481616419264,1,0.8020617743424144
fov0,1002,9450.301510989011,13698.845467032967,91.08356943697837,53.459767578888965,-1.0556510594518167,1456,0.8096369796384659,1,
fov0,1003,9429.734693877552,25702.63775510204,17.400892417458774,14.36632754276576,-1.513224063991438,196,0.5642431512904831,1,
fov0,1004,9437.112128146453,5438.569794050343,64.87662192461883,15.950688343337998,-1.206006738586154,437,0.9693048721312905,1,0.5794649865018214
fov0,1005,9434.529411764706,25662.191176470587,13.39751529029708,12.97607630852235,0.9646377524993319,136,0.24884431817287164,1,
fov0,1006,9449.648684210526,21709.551315789475,43.441036721794234,31.660309861125572,0.3047290737661665,760,0.6847148144069152,1,
fov0,1007,9447.365949119374,5304.544031311155,60.815655218424844,15.134186881710553,-1.1571623900295078,511,0.9685411452578867,1,0.7217943200556459
fov0,1008,9516.753246753247,2476.955788891959,173.75198017913038,130.59847546241943,-1.0228605903175123,3619,0.6595766183793779,1,
fov0,1009,9453.57085020243,11626.21052631579,30.37165689186225,16.09573221358725,1.5122372428951778,247,0.8480232796265174,1,
fov0,1010,9508.639274582034,25246.540663077358,142.26672234676442,101.94537009368923,0.3504881582192743,3529,0.6975057636633032,0,
fov0,1011,9465.986413043478,5954.896739130435,43.386619913142894,15.614703271569542,-1.1202938467563561,368,0.9329921399094894,1,0.9938875082586303
fov0,1012,9485.169534555713,21122.699858956275,184.56608272953673,54.6490773685833,1.4244097292909899,3545,0.9551585235920834,0,0.5151541451221848
fov0,1013,9529.160888284614,3654.486517108543,207.851943632419,93.98832414846585,0.8548074800795604,4413,0.8919222361392676,1,0.5145559966485886
fov0,1014,9478.231950844855,6157.021505376344,37.80476377382855,25.733165877989954,-0.5085445209130346,651,0.7325754851930639,1,
fov0,1015,9474.506986027944,11668.189620758483,43.49195201502174,21.11998279486666,1.1047847531805854,501,0.8741774099540617,1,0.8346685656634478
fov0,1016,9481.682974559686,21398.892367906068,60.06140094000623,43.13299239115115,-1.2837430456987255,1022,0.6958901014564587,0,
fov0,1017,9609.842176258993,14661.531025179856,274.698922148576,64.31650966856434,0.05737321846016541,4448,0.9722042020805384,1,0.20214741226295613
fov0,1018,9489.301369863013,11619.191780821919,23.383798234132694,8.281363343786193,0.19798548349214184,146,0.9351887745684531,1,0.488445117817251
fov0,1019,9510.17720726362,3886.529743268629,70.43447602614428,63.056074208920094,-0.38786132606106005,1597,0.44557531698378366,0,
fov0,1020,9520.906145251396,5307.981750465549,123.20496080385811,87.361998257091,1.1362438080791835,2685,0.7051294717809139,0,
fov0,1021,9499.16632231405,27543.778925619834,89.59838667558955,27.06732440456865,1.3728474185766493,968,0.9532774717330569,1,0.41290082024829017
fov0,1022,9499.917293233082,14617.988721804511,21.007725397191987,16.283441223825815,1.105326578062293,266,0.6318179495437741,1,
fov0,1023,9513.13698630137,11691.188356164384,36.94000518947029,11.609793366865352,-1.2784079250415021,292,0.9493277473553169,1,0.7695980319644755
fov0,1024,9557.271721084671,21121.958494742667,89.13983467066683,61.285130001106744,1.519022306783001,1807,0.726168513248668,1,
fov0,1025,9584.853892746343,27525.27980499335,182.8588141348235,140.39804458786762,1.207403673543685,6769,0.6406958422028072,-1,
fov0,1026,9536.8281938326,25681.568281938326,34.21885083888933,9.824630820020985,0.5770114907435292,227,0.9578971233109612,1,0.22200288642849547
fov0,1027,9547.443708609271,24598.735099337748,34.88372458831521,22.262550970503227,1.4036756676429418,604,0.7698763647644838,1,
fov0,1028,9604.200808625337,2953.7516846361186,146.31008602871503,52.173273066021,-0.546681238191849,2968,0.9342595167771122,0,0.4525016014827264
fov0,1029,9571.225920679886,21746.777620396602,71.56501543979125,35.1772830987406,1.5056038572019146,1412,0.8708532995499576,1,0.3209846773017509
fov0,1030,9578.408080808082,25581.567676767678,78.97746906270356,10.029824354022711,0.8932272491108144,495,0.9919032263983765,1,0.4333439769677135
fov0,1031,9610.468587434974,13723.106442577031,138.45969148032526,66.49633061242726,-0.811234520328106,2499,0.8771274468209872,1,0.10789242157612479
fov0,1032,9611.128451380553,5399.123649459784,88.14208482809767,43.484383748280074,0.0034858564672389917,833,0.8698341963733285,1,0.5016946382899989
fov0,1033,9633.73535791757,2698.510122921186,97.69683685101195,84.80631971891991,-0.548956471899115,2766,0.4964663956287835,0,
fov0,1034,9603.24330357143,27032.86160714286,52.33468628820681,11.689672891657697,1.2647491190987683,448,0.9747351567141088,1,0.37847145145249045
fov0,1035,9660.660309108845,26924.039789542912,176.44275842364405,140.22918436017235,1.482646632832794,6082,0.6069272669250454,0,
fov0,1036,9627.246260069045,6416.425776754891,61.296278135850216,24.327268798935545,0.8814414792741045,869,0.917870492268126,1,1.030080336737086
fov0,1037,9643.012490815578,17388.69728141073,80.72789169918956,45.57715673881408,0.4644951716009613,1361,0.8253800155574462,1,
fov0,1038,9652.603122966819,17045.22294513121,183.60077716045453,72.02552322951165,1.4705685562960846,4611,0.919839794109005,-1,0.8874730231900906
fov0,1039,9640.077981651377,14186.114678899083,29.589561054168282,12.812109834688016,-0.44812348028791,218,0.901396682015571,1,0.5344175394411872
fov0,1040,9652.47767857143,6608.834821428572,50.68151358485124,20.662518371254215,-0.8944879058993489,448,0.9131188833468706,1,0.4887100231998667
fov0,1041,9673.451042611061,11078.485040797825,179.86334097594064,36.50315399598806,1.286016913442863,2206,0.9791892299852448,1,0.9013266591884381
fov0,1042,9667.202830188678,13637.232704402515,60.3703479406372,17.031515709563102,-0.7088013808261262,636,0.9593799377919933,1,0.1413054586349154
fov0,1043,9664.667286245352,13817.371747211895,53.80555597407494,25.41050157029945,-1.1406534576153176,538,0.8814564122968289,1,0.6533758086767126
fov0,1044,9675.267909715407,14744.306182531895,55.73542111003019,32.50270366487298,-0.8325829063775192,1019,0.8123568623014205,1,
fov0,1045,9676.941538461539,10975.75076923077,38.349471844999975,22.452108183248086,-0.9022001874915295,650,0.8107007971050758,1,
fov0,1046,9728.218642556985,21125.33515853814,324.34544274007726,124.42262349468753,1.3800862187976504,7853,0.9234945914222947,-2,0.33486193630902655
fov0,1047,9689.903765690377,27025.029288702928,25.583635020168764,14.58296943568199,0.4632851288016696,239,0.8216366255796267,1,
fov0,1048,9711.802900107412,19623.43233082707,88.92761390168155,53.900661556668474,-1.0122166833553667,1862,0.7953744436373075,0,
fov0,1049,9706.745519713262,14132.901433691757,45.20466721302155,29.388856333033694,-0.4029230338803458,558,0.7598240159786754,1,
fov0,1050,9703.213197969542,5810.197969543147,18.38604537719093,13.703533399056598,0.28789809485974693,197,0.6667041048472179,1,
fov0,1051,9748.603832442068,13556.622994652407,133.9364355620559,29.807641219011135,-0.7316589442653081,2244,0.9749211284862521,0,0.13244171525783885
fov0,1052,9718.496567505721,13638.281464530892,48.38923195387528,12.106197736895458,-1.0580355282668292,437,0.9681983833745145,1,0.13606584437610947
fov0,1053,9752.167723749119,16331.473572938688,85.01793299359174,24.15833400136784,0.11912997728328273,1419,0.958778135526477,1,0.5591722233420429
fov0,1054,9718.654205607476,10976.504672897196,23.298962240711898,15.89545185540957,0.7677557369559266,214,0.7311295814428449,1,
fov0,1055,9726.25441696113,7119.802120141343,37.469858262146396,12.531284184989952,-1.3489110461812686,283,0.942418325416089,1,0.8718321134770931
fov0,1056,9736.76736493936,5756.293274531422,36.25091487589144,32.040003926647394,1.3047706899194609,907,0.4677895707198087,1,
fov0,1057,9761.095626631854,26034.863250652743,111.88415947945849,84.02197924079421,1.1396159498533898,3064,0.6603329481020987,0,
fov0,1058,9752.92400482509,6393.471652593486,140.92296256536116,13.083958064744328,-1.3460353141841677,829,0.9956805970268433,1,0.6469360915235045
fov0,1059,9768.438112745098,16191.654411764706,81.30687049062549,57.704665963740055,-0.4002521290440054,1632,0.7044893970544164,0,
fov0,1060,9794.37356709373,24601.68105192178,159.0413374335526,17.138185007197666,0.5149651114394281,1483,0.9941770118067208,1,0.331513854523458
fov0,1061,9755.689781021898,11150.602189781022,36.540646394293624,11.128046914138451,-0.4925618639834868,274,0.9524999111760584,1,0.4774610914676455
fov0,1062,9792.189002036659,27358.93482688391,100.18510873710648,70.80957940478017,-0.036359825880697826,2455,0.7074259495538038,0,
fov0,1063,9795.201596806388,24642.944111776447,132.6180174015933,18.774657683240157,0.4421967385376399,1002,0.9899283283708115,1,0.2633296954778218
fov0,1064,9767.766467065869,10987.874251497005,18.930065107443713,12.792216477442889,0.24996613045450608,167,0.7371199868247946,1,
fov0,1065,9778.413461538461,6707.759615384615,31.12392719600697,8.932818073704077,-0.21430525101105957,208,0.9579281661344706,1,0.3766261459279866
fov0,1066,9830.6109375,19643.545089285715,167.0554252246657,107.50946019617622,-0.4359245797516556,4480,0.7653993370499704,-1,
fov0,1067,9822.576171875,5734.1484375,150.83835116311946,10.61114719793769,0.9236647294541165,1024,0.9975225240900437,1,0.6654519482462147
fov0,1068,9806.129840546697,3650.5330296127563,44.05961302379344,28.18929634730768,1.2094658442686022,878,0.7685422823531636,1,
fov0,1069,9828.788738183313,26367.294286888617,101.44164757264336,75.28364476755684,1.2919185246388958,2433,0.6702477290289048,0,
fov0,1070,9912.144603458557,10980.634764460347,224.13395514007073,115.77715310660054,-0.3630053589222128,3354,0.856254985954849,1,
fov0,1071,9846.503051438536,10193.926765475153,87.63584721266538,19.729857195081088,-0.06466160909932528,1147,0.9743276828295704,1,0.34391745748954017
fov0,1072,9853.874029850746,26798.710447761194,173.26251162367933,105.1285233593002,1.5091219457496587,5025,0.7948861369344999,1,
fov0,1073,9817.71590909091,13905.022727272728,54.46508707329062,12.749337724482805,1.4144513118809874,440,0.9722166749387473,1,1.1347804362409766
fov0,1074,9819.11570247934,6576.413223140496,15.849421701927835,9.94522177294532,0.7152563898070428,121,0.7786313248043115,1,
fov0,1075,9831.35693501455,21342.290979631427,60.92011494959206,34.64012276398767,-1.181243169044324,1031,0.8226034231899606,0,
fov0,1076,10050.096914196432,20610.102816718023,609.2384964935864,299.17591673119495,0.33891459500545223,23041,0.8711227353635874,0,0.3999891761799354
fov0,1077,9840.745569620252,19557.282278481012,48.29972746380187,34.485958994658965,-0.11865844013906864,790,0.700146679104794,1,
fov0,1078,9861.430513595165,6036.366314199396,104.24487120571553,37.000573168327115,0.92524692094693,1324,0.9348894517668512,1,0.4387644452206275
fov0,1079,9847.068852459017,6457.977049180328,42.95461195840995,12.257777068311169,-1.4846169350530884,305,0.958418677827805,1,0.39368872987776826
fov0,1080,9872.435124508518,6593.583224115334,76.65811341573729,34.67611299668765,-0.9250018593313442,763,0.891841721483805,1,0.5531033044210022
fov0,1081,9855.535398230088,10136.787610619469,52.29764875107154,17.804294415477425,-0.9093032733765769,452,0.9402656685349401,1,0.6125455815754074
fov0,1082,9878.0,25733.962692026336,79.09687041060945,41.042050949974616,-0.11765203172364491,1367,0.8548450413561329,0,
fov0,1083,9857.482837528603,24785.107551487414,35.11681915235005,22.706192277335308,-0.9015635070014003,437,0.7628375125878111,1,
fov0,1084,9936.681396888447,20935.267957629923,226.12983042246682,107.08820668897931,0.5519250777636789,6042,0.8807564145770664,0,0.391130313198366
fov0,1085,9884.186960690316,12011.110258868648,72.438076819303,50.464097422475064,-0.3124840244441804,1043,0.71740967272233,0,
fov0,1086,9880.91932457786,16169.47842401501,58.45737538103952,38.267117368321976,0.34611468405802986,1066,0.7559618033116167,0,
fov0,1087,9876.208255159474,6740.005628517823,62.48321192854676,27.195524881149115,0.8061171007866764,533,0.9003119020769464,1,0.5229311662977827
fov0,1088,9941.826443622325,25896.909441852982,184.1637143285497,165.3845419996997,1.0112902188288866,6217,0.4399342033633018,-2,
fov0,1089,9879.405063291139,16034.254972875226,36.93571220663486,19.68910870728952,-0.9906796238311419,553,0.8460747467200167,1,
fov0,1090,9879.604790419162,25070.616766467065,25.163771280347184,9.541356009537358,-0.42622057106696987,167,0.9253268851055758,1,0.4255952385293914
fov0,1091,9878.488888888889,12502.14074074074,20.542406622173598,8.96091708311017,1.517378947696464,135,0.899842207851205,1,1.1567091245111492
fov0,1092,9906.90511727079,16092.877398720682,99.55439339666854,45.902753019632016,-1.127201270458636,1876,0.8873574576854943,0,0.7076804702876535
fov0,1093,9909.746423927178,6682.6749024707415,74.21778153240183,28.91739340131089,0.2961417801369771,769,0.9209719385789674,1,0.3593138674604362
fov0,1094,9886.625,25010.666666666668,18.120538631139603,8.900466388880952,0.9833391990960184,120,0.8710574672217504,1,0.6682566289556608
fov0,1095,9987.562006319115,10075.973736176935,242.82570325329038,109.92753714267286,-0.29081783211618956,5064,0.891662176780894,1,0.3786334705443276
fov0,1096,9918.078612716763,24771.96069364162,64.28269947888194,20.52567743272188,-0.3083640309705819,865,0.9476525782188199,1,0.43109556619603456
fov0,1097,9980.05887007438,17302.640924196865,176.04144895539284,158.39237880471367,-0.28288369499730753,6319,0.4364164175768577,0,
fov0,1098,9932.630122950819,2248.1803278688526,74.51527815588797,19.045936394918847,-0.5738821897652854,976,0.9667832214854318,1,0.5920947842580944
fov0,1099,9950.9569416499,21497.368209255532,101.0306088267909,70.4943956835265,0.34047739893364853,2485,0.7163385751690532,0,
fov0,1100,9947.570394736842,24603.865131578947,105.05176221418529,31.98879886654369,-0.055807868758671934,1520,0.9525107009004148,1,0.41087510481808975
fov0,1101,9955.342535513268,17509.65183596891,152.49305280648198,74.17143906964145,-0.7666870103891814,3731,0.8737405673902284,0,0.6669824446965653
fov0,1102,9934.225153913809,25038.727352682497,67.18757490802793,44.65249282625091,-1.1072979418689388,1137,0.7472042218196082,1,
fov0,1103,9918.290456431536,6225.896265560166,37.020706226549336,8.632375816272654,0.8003261518794633,241,0.9724343187592939,1,0.6103225029744588
fov0,1104,10085.926836158193,12239.514576271187,614.229819689329,179.57266979849206,-0.9905634007712897,17700,0.9563101064002649,0,0.7634540933823643
fov0,1105,9942.100719424461,5430.598920863309,79.15635707488732,11.275287797367357,-0.6157795329929059,556,0.9898029723099708,1,0.4447264076561858
fov0,1106,9927.610236220473,6495.555118110236,39.88070919330446,8.931639420026869,-1.2310060594884988,254,0.9745985917049911,1,0.6917900242354633
fov0,1107,9951.562891291975,15977.579396698919,94.90261000650123,28.891034578988585,-1.0986342175819752,1757,0.9525352730543304,1,0.6990025827259729
fov0,1108,9965.936899862825,6435.6927297668035,77.11815372026619,14.039356749789306,-0.04130107159769867,729,0.9832892821043497,1,0.5663047156838878
fov0,1109,9940.091743119267,24268.908256880735,34.53678377921889,8.68859524349212,1.3806873902883732,218,0.9678377772533893,1,0.639660705982108
fov0,1110,10014.78417002565,6759.38292414804,203.35094294745429,48.722510393845035,0.5282635113395274,2729,0.9708721465540675,1,0.41791683679854014
fov0,1111,9993.539616778871,10820.853961677887,166.95638602619786,30.262607893447807,-0.8363908099817657,1931,0.9834351069988252,1,0.6076267135079996
fov0,1112,10025.041657284395,25053.243188471064,161.82315927089687,104.3979197588103,-0.4207189145287829,4441,0.7640678950052234,0,
fov0,1113,9956.148351648351,25304.70879120879,24.488480845059943,11.098502697491481,-0.8046427950653714,182,0.8914021527435991,1,0.6358625190274787
fov0,1114,9971.701077199283,7090.077199281867,39.80609878654134,35.726113857238786,0.299611722695673,1114,0.4410072879578711,1,
fov0,1115,9992.386876281613,5502.904306220095,165.92230604632334,26.618163533653963,-1.1645416522347063,1463,0.9870479569623639,1,0.8628308257804495
fov0,1116,9966.741666666667,6157.916666666667,27.982368128070153,16.393337622022187,1.22163254392833,240,0.810422936444705,1,
fov0,1117,9985.671919770773,24770.667621776505,46.62743369952435,25.804590222670186,0.5792567725619678,698,0.8329018262947939,1,
fov0,1118,9974.18857142857,6626.862857142857,20.010814524876356,14.487837122910278,0.8658637324636919,175,0.6897995825093913,1,
fov0,1119,10016.38492706645,6256.125607779579,101.77407118979882,55.26302565701483,-1.4564275087233667,1234,0.8397345698708802,1,
fov0,1120,10024.75038600103,16926.8605249614,90.15443047704184,63.09204354774165,-1.085388307273217,1943,0.7143173861703526,0,
fov0,1121,10009.777070063694,5698.620665251238,120.87972012405477,72.50740762387684,1.50570427418282,1413,0.8001266959279811,1,
fov0,1122,10079.976920015917,9995.84679665738,149.2669537615819,64.12503960719258,0.35058048803252706,2513,0.9030194304158005,-1,0.5005713496271768
fov0,1123,10028.230296827021,10688.551688843398,69.58721629721975,35.367108948726866,0.8797992806657134,977,0.8612146134628266,1,
fov0,1124,10021.811320754718,17955.16037735849,37.8913281436085,12.585134734807452,-0.7338278848334227,318,0.9432309450189664,1,0.39563502175932685
fov0,1125,10022.181818181818,25892.70053475936,19.844503880115816,13.925577503959559,0.22743408188687647,187,0.7124383296432615,1,
fov0,1126,10032.318529862174,6160.050535987749,36.38705006878577,23.058945675796885,0.9141932329105108,653,0.7735682697221545,1,
fov0,1127,10022.444444444445,5873.616666666667,31.117939632151906,7.759295880163525,1.519251577661851,180,0.9684131217559908,1,0.6013900439084202
fov0,1128,10044.753993610224,10942.143769968052,45.29174967612283,22.26439839830311,0.08142723706382007,626,0.8708339143927032,1,0.5589203033560405
fov0,1129,10047.64744645799,6083.716639209226,62.12524812541011,33.589153290797825,0.9712284981180626,607,0.8412358598952127,1,
fov0,1130,10116.704832954914,10816.338306843983,231.97664207292914,76.98151733414136,-1.3117124805342513,3083,0.9433320629835793,1,0.7781835508753449
fov0,1131,10110.719588663154,2534.0910458991725,219.93832870646722,52.95411825963388,-0.7859703022093508,3987,0.9705826886119934,0,0.6194166319683331
fov0,1132,10042.739583333334,12171.072916666666,28.089155866502484,9.146721661435528,-0.6744965443635088,192,0.9454966671605699,1,0.679362132134082
fov0,1133,10056.854974704891,6454.821247892074,68.2323020097283,31.369273920449732,1.2355340267814445,593,0.8880523849079542,1,0.8057973319481053
fov0,1134,10059.654736842105,6543.618947368421,39.96056514635186,27.32295301968703,-0.48760590086194466,475,0.7297182959999942,1,
fov0,1135,10091.07530823059,15993.564811729424,108.903596597231,86.24924156357713,0.053858298034769755,3001,0.6105497591617379,0,
fov0,1136,10073.597222222223,18916.50925925926,76.13632347460573,23.992210402101467,0.5675003270778342,864,0.9490512587305123,1,0.680962051043843
fov0,1137,10079.04282115869,6318.274559193955,51.3897524117324,10.821843312459839,0.007175600378029912,397,0.9775758347098863,1,0.49118203293179147
fov0,1138,10071.4696485623,18983.044728434506,28.95694379574344,17.911517480244648,0.651250563929745,313,0.7857400063071813,1,
fov0,1139,10111.43402545211,10615.264567983924,125.92185594703994,32.921260700976724,0.49440380492528524,1493,0.9652191903703481,1,0.6692628910771228
fov0,1140,10086.940761636108,17880.156558533145,62.79702141428865,42.373129672324694,-0.6164578782970696,709,0.7380341436225158,1,
fov0,1141,10080.79702970297,10917.519801980197,28.855034514405936,9.23771722885277,-0.6835623930634177,202,0.9473694660727743,1,0.5685193047714888
fov0,1142,10215.358821635544,18192.994526722472,361.46856284432056,150.86838238719625,-0.47062024833516525,12424,0.9087337844651702,-1,0.2946847923480832
fov0,1143,10101.42824858757,19515.699435028248,53.73778596531741,44.375000141553876,-0.09570300920696317,885,0.5640084095327493,0,
fov0,1144,10108.701357466063,10656.538461538461,78.90133934495537,26.06488749635866,1.3580764111221117,663,0.943859258929154,1,1.0264525831706142
fov0,1145,10102.20782396088,13825.38141809291,42.177607598452596,17.332541543996893,-0.31996421909796247,409,0.9116615850356299,1,0.5432124669806978
fov0,1146,10108.092879256967,5420.800309597524,31.197627542772057,26.414652151337446,0.4664621926089071,646,0.5320899235302511,1,
fov0,1147,10162.425352112676,6488.0478873239435,143.06251077097795,53.86493850806399,0.15573906779651264,1420,0.926411211310535,1,0.554162132904326
fov0,1148,10208.519029649595,9694.295741239892,503.05898550347774,135.5640525188819,-0.9546620631657464,9275,0.9630061436372926,0,0.593288447049432
fov0,1149,10138.266393442624,6321.005464480874,78.97323577052383,20.001482940492938,-1.2798431970918964,732,0.9673958581443346,1,0.9531344085568649
fov0,1150,10177.05900151286,19516.30030257186,136.64522617799707,31.39480024000923,-0.5502501547059998,1322,0.9732487122795305,1,0.325729866518029
fov0,1151,10159.177865612648,6189.268774703557,57.098283476608934,42.18979829543647,-1.1319087017094351,759,0.673817470017651,1,
fov0,1152,10146.03125,9948.53125,27.870828212955967,11.172669415442078,0.9128225614038892,224,0.9161335270918878,1,0.7385168728992133
fov0,1153,10147.568421052632,17849.505263157895,20.850998823493626,17.57018437567637,-0.2508235083234008,285,0.5384549058272935,1,
fov0,1154,10154.06511627907,6123.279069767442,31.349848937496404,10.787741938846695,-0.721500959016151,215,0.9389299793194905,1,0.6478053305390779
fov0,1155,10170.784419591208,15547.54917084458,121.14866473687692,56.74461301182692,-1.4349130801154202,2593,0.8835227400669861,1,0.8331054534945903
fov0,1156,10169.603015075378,5983.393634840871,66.3566358651586,13.221872995530122,1.2780408772175909,597,0.979947731249341,1,0.507331066888125
fov0,1157,10170.83284457478,11583.741935483871,32.81656035035259,17.142170522223402,0.7898267699843204,341,0.8527229696787981,1,
fov0,1158,10291.773763523957,9800.410935085009,457.9307498632476,73.81873624043058,-0.9510845113664331,5176,0.9869216530391046,1,0.5918427912666372
fov0,1159,10289.508683255573,17948.78499222395,254.3137412109793,111.73742630298285,-0.19074060512187874,7716,0.898306959085176,-3,0.24543175092998906
fov0,1160,10185.948339483395,19540.166051660515,35.663658631382546,12.765397564320777,-0.13079035216957152,271,0.9337451517155986,1,0.3330685934730415
fov0,1161,10214.720768820074,13623.572343833423,196.6762533818464,53.351657218370036,0.8152803521310638,1873,0.9625043094727429,1,0.5741173897156432
fov0,1162,10187.779829545454,6642.950284090909,36.53567845743202,25.086431640318924,1.0243690066918174,704,0.7270086283014622,1,
fov0,1163,10189.292682926829,17863.59756097561,28.960827877883943,14.561601166097802,-0.1359693514988961,328,0.864400830076559,1,
fov0,1164,10281.942964587903,13552.469758696334,265.8457048210083,100.15501085091226,1.072984042347775,3191,0.9263185856220646,1,0.6817461328593802
fov0,1165,10212.580598103574,7268.866520787747,58.27931071820666,32.080261059796555,-0.7097459816609669,1371,0.8348634427199825,1,
fov0,1166,10247.524187725632,6369.407942238267,162.24540146283135,20.278465357759373,0.8393563710745587,1385,0.9921584575461345,1,0.7155271843734462
fov0,1167,10225.496821071752,15801.816530426884,49.98666879590659,42.111163151371905,-1.4998799740059297,1101,0.538777848114037,0,
fov0,1168,10293.420546499356,2536.210625073297,230.25840972711384,112.70132440090524,-0.7941499097462033,8527,0.8720280822441004,-2,0.620899825254609
fov0,1169,10241.386375455018,6676.9329173166925,78.87115356134066,62.560835973880174,1.3841078745432187,1923,0.6089573003415116,0,
fov0,1170,10228.018115942028,7326.253623188406,20.480684817687077,17.277777507750862,-1.1863681554533303,276,0.5369512541104179,1,
fov0,1171,10247.515912897823,13825.606365159128,55.3478969299219,25.47708487193646,-0.10784294655855095,597,0.8877592352521385,1,0.4313557444764803
fov0,1172,10253.818362480128,21010.08704292528,146.65845340674048,56.89096741255558,1.5293057313516836,2516,0.9216952853180171,0,0.4709852435742493
fov0,1173,10243.440366972478,6923.152905198776,44.45800987045159,11.989646721263263,-1.4300939695043846,327,0.9629486706801533,1,0.8768481228692456
fov0,1174,10247.691983122362,12015.172995780591,34.950825551145655,9.66637175427868,0.6230603767438639,237,0.9609935941539692,1,0.7859642057129442
fov0,1175,10266.759276879162,14921.490009514748,124.0932599699717,46.01806112109708,1.0239273853862316,1051,0.9286989711140892,1,0.7492529672846697
fov0,1176,10270.471855455176,15010.593467685892,64.80064915630543,51.97284394919483,-0.29267233805998727,1439,0.5972676018245812,0,
fov0,1177,10253.718390804597,6469.362068965517,25.773195961682514,9.991210286405115,-0.9485002643541757,174,0.9218028706917956,1,0.7622159214851236
fov0,1178,10265.705577172503,15874.844357976654,35.563788324835535,28.64107912476045,-0.6727459355895127,771,0.5928079299760388,1,
fov0,1179,10278.21568627451,6986.050980392157,73.6957636045553,10.972670323276793,-0.6170898189582821,510,0.9888535438485481,1,0.6766328085363488
fov0,1180,10404.731837666313,8841.89862495129,530.3784805964343,242.20147457010242,1.056672155459989,17963,0.8896424259386702,0,0.8544034569104091
fov0,1181,10275.416044776119,7126.67723880597,91.00909585164476,19.708642054188196,1.2105010957495743,536,0.9762700117208555,1,0.8099679978838772
fov0,1182,10263.961605584642,12528.258289703315,67.72657573085324,14.875834183321903,-1.56705248732617,573,0.9755797642552272,1,0.9823221026271016
fov0,1183,10279.011326860842,7317.917475728155,56.97968033237245,28.78445445365207,1.2486121460060207,618,0.8630195541541565,1,
fov0,1184,10297.624394539851,7428.878907970057,142.11567591255064,42.97076794273842,1.339583628377689,2271,0.9531923049384325,0,0.14980185800206297
fov0,1185,10443.486002388217,15350.186347353057,460.61649352703313,173.7665412565189,-0.38114819948102735,15074,0.9261123723261012,-1,0.5943974541135446
fov0,1186,10294.46344925479,15562.090844570617,70.45315183226778,53.205079939755294,-1.4373543940034592,1409,0.655513086378422,0,
fov0,1187,10298.56681190995,2192.129992737836,119.92839671866871,46.736749011654084,-1.5563611139656617,2754,0.9209395568849235,0,0.8604890131570864
fov0,1188,10284.681640625,7883.013671875,64.25391915786022,29.95094721483946,-1.005933549162391,512,0.884714042187809,1,1.0600763785050962
fov0,1189,10314.935558112773,6264.856156501726,128.66632362813195,27.984126040475818,0.6472739686175073,869,0.9760617052367613,1,0.6515857774526708
fov0,1190,10287.369565217392,13716.94347826087,31.960788773773245,11.270289993376823,-0.9358405408236681,230,0.9357633412850822,1,0.7144352773112003
fov0,1191,10290.146881287727,5779.225352112676,59.59374595975922,13.745866514930867,1.4992959014551728,497,0.9730345178115511,1,0.5592960617719748
fov0,1192,10303.883870967742,14891.967741935483,92.77205349638814,13.076799981784875,1.190418682989221,775,0.9900158271300112,1,0.816765752423498
fov0,1194,10337.003671408904,7622.854061496099,176.1560090432155,45.11129359426554,1.464281503797974,2179,0.9666536929322207,0,0.6421456524006697
fov0,1195,10339.204081632653,15848.07142857143,52.080541545402504,29.768468010409347,0.10906890871763127,882,0.8205427055260835,1,
fov0,1196,10323.631147540984,2430.4262295081967,18.901385575437367,8.369437631568694,1.5592975176964703,122,0.8966229158920234,1,1.2573976179544328
fov0,1197,10361.723741007194,5422.102158273381,161.6815862986745,15.622765793730691,-0.9474225932088272,1390,0.9953206878652795,1,0.7549253401036262
fov0,1198,10350.17316017316,20879.718614718615,57.55015213306252,37.30301302560368,0.1337705626210767,924,0.7614848565347635,1,
fov0,1199,10446.22085930248,16043.46724572338,389.79302508866454,217.63297658428525,-1.2447051420490782,15082,0.8296192369872549,-2,
fov0,1200,10372.881996974282,5555.322995461422,129.45482472558766,47.03715888019867,-0.7242153829454202,1322,0.9316534711650362,1,0.7770143445632974
fov0,1201,10355.73996789727,6341.45264847512,34.80380454703471,27.831664059423904,-1.5507563665932629,623,0.6004357042178872,1,
fov0,1202,10375.547540983607,18601.966276346604,105.12925126243066,73.52340822172793,-1.5399870541643685,2135,0.7147676049517959,0,
fov0,1203,10364.288343558283,5773.0102249488755,70.59955514207925,11.006909417255315,1.391412126965056,489,0.987771862400038,1,0.7362622651288561
fov0,1204,10365.614649681529,6529.955414012738,28.953191710715046,16.412454404469827,0.17198780628993313,314,0.8238129975520327,1,
fov0,1205,10409.602246139448,15752.072531586336,102.91536527293083,55.57218608652377,-0.023577174127376397,2137,0.8416781773501943,0,
fov0,1206,10432.495667244368,18633.397227036396,195.06731779561702,52.648847793226004,-1.0682747940734343,2885,0.962888101201666,0,0.45242265912550406
fov0,1207,10396.703797468355,18733.82151898734,84.4909046838612,20.033677811646516,-0.612995215117119,790,0.9714826950331341,1,0.3389342391698582
fov0,1208,10443.181594730115,16952.12466817422,258.48116804162964,164.36437396196686,-1.228486121526388,10171,0.7717835776738003,-2,
fov0,1209,10378.96,5491.8026666666665,46.768941109950056,14.112931434547734,1.397829127627687,375,0.9533843565438395,1,1.0841531593134837
fov0,1210,10401.015855039637,4668.600226500566,95.03196304963181,39.44559429363939,1.2861919903182233,883,0.9097862264218151,1,1.0260968179019698
fov0,1211,10456.357142857143,4690.516439909297,166.48127143928497,57.69125804970048,-0.7421866630352005,1764,0.9380377736880816,1,0.5338218705223992
fov0,1212,10465.427189988623,7280.087030716723,237.25320759923076,29.55147506233692,0.8015055320324159,1758,0.9922124924141824,1,0.6623246076413971
fov0,1213,10405.688821752266,18138.33836858006,42.842277131951235,10.151618981743521,-0.06520149363206154,331,0.9715210410603351,1,0.2533955473884402
fov0,1214,10408.761666666667,7039.943333333334,61.20215428721147,30.64249916453954,-1.2379882879802238,600,0.8656342965418754,1,
fov0,1215,10434.918367346938,6553.153741496599,97.9124459300678,10.915075578561718,0.09845986689499601,735,0.9937669112470446,1,0.5811636304456295
fov0,1216,10402.456375838927,7865.687919463087,43.264525078898856,14.17300220943949,1.262210561806766,298,0.944820167386408,1,0.6481633857480957
fov0,1217,10426.58282208589,8202.188139059304,79.65951196576944,9.94879359804557,0.10415649497819657,489,0.9921704090362187,1,0.5402278546348191
fov0,1218,10415.600258732213,6316.610608020698,85.28040065937324,17.0646415791565,1.3514421188030579,773,0.9797753993788462,1,0.6719960270449827
fov0,1219,10413.374429223744,17838.086757990866,18.1164712917353,15.668533441751691,1.0762904198656793,219,0.501982498272907,1,
fov0,1220,10461.943277310924,2975.9004201680673,168.52411254715054,39.33008224374739,-0.8501569916595986,2380,0.9723857175634838,1,0.6280650851695929
fov0,1221,10434.806611570248,5449.722314049587,90.62969284294363,27.817729725489947,-1.5187256360303374,1815,0.9517293944187549,1,0.9711423045282318
fov0,1222,10456.129310344828,17921.109913793105,62.20108692116793,11.452080920372634,0.5673830215048271,464,0.982904926320958,1,0.4838333399149912
fov0,1223,10440.97897897898,17961.942942942944,26.18315612702506,17.210374510285575,-0.4159995563420611,333,0.753622831323576,1,
fov0,1224,10519.293791574279,8357.137749445676,280.08504397777864,148.0239408786809,0.6353907069688077,3608,0.8489355347700571,1,
fov0,1225,10471.538332635108,15496.012149141181,112.04557545516984,62.567683123241004,-0.7734890226895842,2387,0.8295632276844858,0,
fov0,1226,10443.758620689656,4601.764367816092,26.55840122356905,8.7705583921448,-1.0679305927574552,174,0.9438981574050269,1,0.633468750677821
fov0,1227,10471.236720554272,16807.71478060046,82.46032364869977,22.29468448346051,-0.255169046865373,866,0.9627568776988938,1,0.5030930380888097
fov0,1228,10555.916010498688,20805.415135608047,261.45521665041423,69.77228449249232,0.45475320485124804,4572,0.9637349404087754,1,0.42728367374536413
fov0,1229,10455.168055555556,6507.0986111111115,70.55226071360553,22.525884744179837,1.5211717258879869,720,0.947660621317953,1,0.7733744198227269
fov0,1230,10485.707535121328,5406.9782886334615,39.292802243120164,32.50334043030144,-1.166278811775897,783,0.5618950788111697,1,
fov0,1231,10604.568712474984,18163.173337780743,311.6035400024365,174.10549244218996,-0.059452849338247474,8994,0.8293425977201617,0,
fov0,1232,10488.698744769874,17032.221757322175,22.017309696152044,15.735098335418149,-0.5477637196017603,239,0.6994623614813166,1,
fov0,1233,10515.661555312157,12708.96056955093,111.10972332196063,67.4286011943664,-1.3114854141849832,1826,0.7948049340803717,1,
fov0,1234,10502.81935483871,6483.690322580645,25.617425184422274,8.042670629456989,0.9383802009110377,155,0.94943848500771,1,0.592131693689464
fov0,1235,10655.38337689493,9236.30245687402,502.1819000855724,160.60871664648397,0.6150455801324464,9565,0.9474777145207878,-1,0.7228190177441758
fov0,1236,10515.971608832808,20156.458990536277,47.829241422736494,25.367622840854448,-1.4699620712283452,634,0.8477606793728865,1,
fov0,1237,10629.512678381885,5690.117938436137,377.2189174487829,175.5740841362711,-0.6544994355070473,8479,0.8850776071530131,0,0.790783714321441
fov0,1238,10532.946153846155,8631.79358974359,45.823528409094564,25.895436014915326,0.6615665297033686,780,0.825014045438396,1,
fov0,1239,10526.696202531646,6356.420886075949,43.16562697912881,12.537030482466207,-1.157851371614679,316,0.9568931646651397,1,1.2278539473456174
fov0,1240,10549.501012829169,18726.45307224848,71.07485420214363,59.34135737438301,0.5216811927186111,1481,0.55038113921549,1,
fov0,1241,10528.239436619719,4566.180281690141,22.202353890956307,20.402599513348452,0.45796435340444835,355,0.3944006716761687,1,
fov0,1242,10580.1084004603,25459.86559263521,150.46142637034333,121.19159127761412,-0.336142030373099,4345,0.5926417322407657,0,
fov0,1243,10553.762066045723,4610.880609652837,78.78224728082816,40.71378514852514,-0.6852405649954741,1181,0.8561129063666016,1,
fov0,1244,10622.981688253685,16670.684010719073,234.89780143485712,154.13174416670623,-0.3724362037021643,8956,0.7546173432502694,-3,
fov0,1245,10551.418367346938,7926.459183673469,22.45292189404044,13.287187330274813,1.214983350233851,196,0.8060996083445469,1,
fov0,1246,10552.348717948718,15945.482051282052,29.68215814748781,10.07628336206354,1.3955238741052007,195,0.9406158956875975,1,1.2006192794851376
fov0,1247,10580.496651785714,6186.032366071428,137.90978958535956,15.39473923624404,1.3429684284781183,896,0.9937499456529304,1,0.8832405701201105
fov0,1248,10570.242574257425,12456.420792079209,23.448432259799073,14.550031729932652,-1.2309433427430136,202,0.784197013986588,1,
fov0,1249,10591.874310915106,4649.96802646086,42.60739812240338,27.498678678866533,-0.1395820055684673,907,0.76384747315061,1,
fov0,1250,10605.41640378549,15403.333753943218,75.6827022291902,57.46285420470097,-0.5392459779027873,1585,0.65078732150338,0,
fov0,1251,10588.985294117647,8934.470588235294,18.005871448328516,11.061624096050423,-1.3055418289210323,136,0.789045873681933,1,
fov0,1252,10612.992440604752,9012.651187904967,116.34145261494362,52.050125180929726,1.5704004226284487,1852,0.8943384394343079,0,1.0525717348922847
fov0,1253,10611.667103538663,14957.871559633028,49.59055168152856,31.109048163066074,-0.049016206830794766,763,0.7787631633265831,1,
fov0,1254,10676.712457337884,12474.728425158459,185.77028956809912,170.25443556758285,-0.5328425513803738,8204,0.400084442601411,-1,
fov0,1255,10686.773826458037,15703.379597642755,216.57436456502663,87.1326456223667,-0.06737591520328409,4921,0.9154982008987211,0,0.512201614160651
fov0,1256,10612.27653631285,9096.560055865923,71.01401647542684,24.139185289425534,-1.1093077346174511,716,0.9404538417807067,1,1.0296061965559509
fov0,1257,10634.851393188854,6100.299277605779,101.53937095589868,34.99636819096662,0.6199679779470229,1938,0.9387282800530161,0,0.6456085031992352
fov0,1258,10608.98206278027,6762.928251121076,28.068290928626187,13.112590600659257,-0.5174494499662181,223,0.884168884817281,1,0.501203411286362
fov0,1259,10665.06682941715,18633.03661885871,125.96634236958343,74.67429105927586,-0.29794942699564086,3277,0.8053412788687402,-1,
fov0,1260,10611.904761904761,20262.650793650795,15.252166615878297,10.782360344555588,-0.32075286979780865,126,0.7072739374046778,1,
fov0,1261,10739.352621224396,20136.465571114455,372.578511981242,213.99065811219586,-0.9551214367633011,17282,0.8186094871561794,-8,
fov0,1262,10640.077611940298,5562.731343283582,124.80735761816983,29.093598226873986,0.8531834288159494,1005,0.9724508433603511,1,0.7310449398933972
fov0,1263,10632.811282051282,4595.55282051282,50.60545135681781,26.090414310178303,0.8342025381650318,975,0.8568502959041606,1,
fov0,1264,10654.656,8638.6592,96.16789868697091,8.735924215130186,0.32953807269548835,625,0.9958654695197898,1,0.508642754657251
fov0,1265,10627.183544303798,9181.843881856541,47.171345974832484,17.76150336325097,-1.531525491992636,474,0.9264037664050891,1,1.0434632253494152
fov0,1266,10635.239875389409,15588.18691588785,28.588180901807185,14.990842713922474,0.22547904147872516,321,0.8514892627624596,1,
fov0,1267,10784.851087562743,9168.135155233314,333.3170911859434,82.86238181478585,0.3799340657809688,5379,0.9686064260179225,1,0.6663778117680657
fov0,1268,10652.653316645807,16307.349186483103,68.5805119691561,18.533017587377522,-1.1912719695278922,799,0.9627937269770962,1,0.7453464364490069
fov0,1269,10713.256382001837,18409.00183654729,172.9544364611001,119.88886895299758,-0.4400352459865164,5445,0.7207627773240755,-1,
fov0,1270,10743.000306748467,5509.301226993865,227.3395582234769,93.23413282360276,0.07845158335691486,3260,0.9120362519528956,1,0.5415253108312028
fov0,1271,10679.97719209326,25828.34870755195,85.7387183287271,51.30220044615013,-1.2923795169314567,1973,0.8012310274917438,1,
fov0,1272,10740.276321323427,17288.368849011636,198.23376347826502,153.70290421693363,0.19372125843830768,7133,0.631517180818586,0,
fov0,1273,10666.125874125873,17213.517482517484,21.447358709775493,9.00217299973828,-0.020471447147233614,143,0.9076474341968412,1,0.3428940105273671
fov0,1274,10669.753488372093,18717.3,39.23041439537396,17.421570992693034,-0.8818626115064956,430,0.8959855148740897,1,0.23529158027354294
fov0,1275,10682.483720930233,20781.81395348837,51.50790677823976,31.71230848705837,-0.9628814742673403,860,0.7879974870097557,1,
fov0,1276,10694.626865671642,8774.916593503072,109.63153767444292,51.881902790098664,-1.4324993299667894,1139,0.8809341581789952,1,1.2051724055924014
fov0,1277,10673.140350877193,6922.701754385965,19.574027116755822,11.869012905760107,0.10077073653866613,171,0.7951861379773962,1,
fov0,1278,10671.76129032258,9164.425806451613,23.2933242294159,9.594788384183916,1.4653620933489377,155,0.9112238511704271,1,1.0461671740780027
fov0,1279,10692.102639296188,13387.7642228739,90.67611807019824,59.1066635593042,1.157931679143751,1705,0.7583532728651267,0,
fov0,1280,10677.346007604563,8242.06463878327,26.131080742466747,15.853590114858862,0.8864974277034842,263,0.794934872610203,1,
fov0,1281,10679.557777777778,6819.724444444444,61.49547816775348,10.095877754578982,-1.5412522881049124,450,0.9864316142347225,1,0.6792615305661671
fov0,1282,10738.673010380622,8286.41089965398,139.32158451999229,33.22135321616476,0.06309484073633191,1156,0.971154561328079,1,0.536484089281898
fov0,1283,10686.112403100775,7180.085271317829,35.55840225203353,10.25992372931085,-1.3314651652435683,258,0.9574686696007528,1,0.8624912797190124
fov0,1284,10723.396629941672,8474.176928062216,109.1857414727997,33.22505732772378,0.6628399210467254,1543,0.9525767281592682,0,0.1536199449280366
fov0,1285,10797.421102571401,6063.9214346712215,291.91925234930727,174.21321391827658,0.9217804328841674,10539,0.8024007202957312,0,
fov0,1287,10717.422535211268,8561.015845070422,64.86801519786724,15.309428555706399,0.5174683519944474,568,0.9717508948869684,1,0.20614324309398957
fov0,1288,10742.754531722054,7760.27416918429,155.4377546907053,27.32031986797008,0.8201101223459044,1324,0.9844323798469851,1,0.5943535703705057
fov0,1289,10735.779106858054,13328.337320574163,126.81961853860066,72.04350092225167,1.1619040233950908,2508,0.8229743602689007,0,
fov0,1290,10719.187733112309,7536.680066307501,159.2674883418616,31.359214062951107,1.5327406847938334,2413,0.9804242758927275,1,0.34936667661046356
fov0,1291,10733.573091849936,7647.811125485123,78.02547305555365,43.81598100087285,-1.0700089243179727,773,0.8274360512530512,1,
fov0,1292,10777.992542878448,6958.6383296047725,197.8027252826144,24.737488771217965,-0.7705496759013442,1341,0.9921490021195055,1,0.4891439181616081
fov0,1293,10728.381746810599,8694.00098135427,47.64443251079698,36.16283905062228,0.5384888919000355,1019,0.6510731343865545,0,
fov0,1294,10726.275154004106,6294.051334702259,64.39079923185271,22.812254821510628,-1.0455292893071626,487,0.935140083039592,1,0.9719719672965262
fov0,1295,10738.282352941176,8386.025,85.65951716710232,11.429956286260465,1.1768164220229156,680,0.9910576004478086,1,0.329014755611429
fov0,1296,10728.403614457831,6797.204819277108,21.671196991440247,11.29866563544882,-0.5852076499927571,166,0.8533320296393426,1,
fov0,1297,10742.838709677419,7222.404692082111,44.7502949288575,31.573481336687923,-1.5610802514064825,682,0.7086621281018353,1,
fov0,1298,10729.900874635568,13444.953352769679,24.29676415362416,18.322189500151264,-1.4850836277430055,343,0.6567596300076562,1,
fov0,1299,10742.75681570338,25517.444929116686,79.88652830451933,20.179796551504477,1.3762163916584633,917,0.9675692916228138,1,0.8290464961952312
fov0,1300,10771.218390804597,4457.355276907001,86.66199615577055,24.928285540176848,-0.19729972521823463,957,0.9577357294492219,1,0.5591183903223529
fov0,1301,10760.582887700535,7853.582887700535,31.003576520391448,8.099124905229802,-1.4198123420678292,187,0.9652760567354983,1,1.0982589977253505
fov0,1302,10778.557086614173,6733.937007874016,45.06434431063893,16.01533066858357,0.8545879310178318,508,0.9347188425846109,1,1.0923733697402165
fov0,1303,10772.535809018567,8190.933687002653,82.65874392551697,18.336185897671893,1.5513824522931248,754,0.9750853647947656,1,0.7566845294668462
fov0,1304,10795.693284936478,7531.513611615245,79.13240016444334,14.642370500005716,0.5467440032809867,551,0.9827316770852051,1,0.3108887633267645
fov0,1305,10789.45979020979,5678.896853146854,69.28956936757957,22.675362547471675,1.0802464215256975,572,0.9449360413490676,1,0.5085671090169408
fov0,1306,10786.433846153846,12940.606153846154,50.77925490331611,22.324013244083968,-0.9409197793571049,650,0.8981796509449369,1,0.12303136403198499
fov0,1307,10803.323383084577,8467.078358208955,102.687726658723,18.787807633416673,0.9518990442303334,804,0.9831202471959122,1,0.1502397016674174
fov0,1308,10853.108083724288,12959.70371706965,280.3054046184749,64.88440979151773,-1.164018665926136,5542,0.9728402445436787,0,0.13258514851485437
fov0,1309,10802.395833333334,13096.77380952381,23.79682121438155,18.0701028963552,0.19113361746193833,336,0.6506830456050932,1,
fov0,1310,10852.841430859584,7514.742124933262,113.34433478047589,58.618780357607875,0.9085179521564374,1873,0.8558800808351178,1,
fov0,1311,10820.201320132013,6341.5379537953795,47.20981111262318,9.960375234834723,1.0800907790286396,303,0.9774901529321753,1,0.5447208965919418
fov0,1312,10866.690996503496,12226.613636363636,210.75720974189701,125.41901743328998,-1.4397147583915777,4576,0.8036607878297602,1,
fov0,1313,10822.517647058823,11694.841176470589,22.834411760198755,11.81494066666017,-0.766939169319324,170,0.8557326606867075,1,
fov0,1314,10828.61757719715,7374.698337292161,48.70283427975615,15.406771661114767,1.0442417558841497,421,0.9486450778065455,1,0.34164822438836995
fov0,1315,10830.430894308944,13823.054200542005,23.003931656697308,20.456757158487648,-0.7230423978982308,369,0.45737832844090665,1,
fov0,1316,10831.823529411764,5956.573529411765,24.609661961728932,19.365001741665075,0.5172393716149398,340,0.6170982201385661,1,
fov0,1317,10833.021881838074,6424.1728665207875,75.7969312610316,12.378522838154895,1.1635143522746811,457,0.986574528847735,1,0.8050789296818688
fov0,1318,10830.398945518453,6845.230228471002,65.89486945091087,13.480072348656677,-1.5296545681090532,569,0.9788520676063209,1,0.6255711988471578
fov0,1319,10864.755642787046,12802.859175662414,124.79675834383643,48.156535198465214,-0.722550251508104,2038,0.9225491098300527,0,0.2070565038241384
fov0,1320,10874.006543075246,8433.43947655398,136.82018682424766,33.64434027112886,0.7562502327631669,1834,0.9692947274254856,1,0.1539920905273259
fov0,1321,10858.004559270517,11068.92857142857,43.18608895100548,32.597361282142906,-0.46691828464617946,658,0.6559416400160832,1,
fov0,1322,10849.675789473684,8344.261052631578,25.43500806539023,23.816619145861544,0.9881684642721233,475,0.35101029980218384,1,
fov0,1323,10868.524044389642,8700.295930949445,93.59846742150532,35.746922405374114,1.2720323747856916,811,0.9241962890121032,1,0.741067309321044
fov0,1324,10975.165572574762,11053.460612691466,276.5126221648528,223.18525412397395,-1.221592076091429,8226,0.5903558431058737,0,
fov0,1325,10903.381224489796,5741.6751020408165,105.1904796256479,70.93238062372596,-0.8369122494195048,1225,0.7384363375372276,1,
fov0,1326,10866.674220963172,5987.487252124646,22.300316102747274,21.444658469180517,-0.016915005222085295,353,0.27434880930258454,1,
fov0,1327,10880.400960384153,7962.890756302521,99.10883299191116,28.107858663370106,-0.9737868811421301,833,0.9589408963208784,1,1.0023054199917765
fov0,1328,10862.368613138686,11147.598540145986,62.20527554639214,19.243328926062055,-1.4341299453925807,548,0.9509475879245902,1,0.524720304423877
fov0,1329,10882.506206896553,7794.424827586206,69.33445547799846,33.34917945217041,1.0487466584067948,725,0.8767260825927999,1,0.8001405844065531
fov0,1330,10925.594227504245,7194.4821731748725,147.69681442840624,45.204292130955466,-0.15075107421845177,1767,0.9520117784698046,1,0.44467805875188615
fov0,1331,10886.227817745803,8391.700239808153,28.454233473958855,18.787777148286434,0.39778266022886727,417,0.7510190310963173,1,
fov0,1332,10909.169152276296,12308.565541601256,169.3565034603554,50.05361813189918,1.2722309006723138,2548,0.9553267179768234,1,0.9436803492745103
fov0,1333,10921.14314516129,18737.8497983871,82.68388321744887,40.573225643221484,-0.20693635397946047,992,0.8713269260845217,1,0.410939572384156
fov0,1334,10929.248054474709,17140.17120622568,66.53790838721022,44.63357469085884,1.1219500560456466,1028,0.7416390321075644,1,
fov0,1335,10938.149295774649,8278.14647887324,143.37443557837133,39.18685863289648,-1.0569057764883185,1775,0.9619236459528399,0,1.057150422513689
fov0,1336,10979.631822386678,14657.324884366328,160.31194582010687,125.45955621039785,0.6116510916729507,5405,0.6225293811812916,0,
fov0,1337,10932.097845601436,6461.106822262119,124.03822135771453,31.46741567007413,1.4715098088135234,1114,0.9672852383370638,1,0.9911230990166582
fov0,1338,10974.82925257732,7670.09793814433,199.0998499866079,101.95314719664353,-0.952285764741089,3104,0.8589434600209348,1,
fov0,1339,10957.926349765257,12675.655516431925,147.8780307966921,67.07037981444506,-1.3085664803420034,3408,0.8912298041048499,-1,0.18912462451113532
fov0,1340,10938.74074074074,7799.544444444445,29.295082791462317,15.751142209196063,0.4420695921605639,270,0.8431541677298059,1,
fov0,1341,11044.651825221239,11740.75967920354,319.89538185329496,90.31112163992422,0.7996283247176962,3616,0.9593218924488555,1,0.7415877296992512
fov0,1342,10941.786561264822,7034.509881422925,31.25330659084519,11.982957750507513,-0.9005241639279277,253,0.923576550326117,1,0.6759676243227996
fov0,1343,10943.995192307691,7546.384615384615,21.784644878997636,12.424560598904245,0.315354966645585,208,0.8214117079043995,1,
fov0,1344,10945.521739130434,8512.743083003952,37.212112504118195,10.268209521519132,1.150632230080075,253,0.9611756402266979,1,0.16727809383857867
fov0,1345,11002.812734082398,11589.666250520184,174.3069912536571,44.26622327432453,-0.7238081631552857,2403,0.9672158972570186,1,0.8121164729358539
fov0,1346,11012.442390227798,12302.26229778805,176.64707578332218,126.5215917036657,0.9779557817805397,6058,0.6978546791756037,1,
fov0,1347,10964.85133189345,8101.437724982002,149.74063941562864,54.02197198732597,1.4996482855775954,2778,0.9326547094730789,1,1.1151141008550336
fov0,1349,10959.195615514334,7977.153456998313,126.64419171408744,29.63482029496529,1.4066324778696684,1186,0.9722364457580682,1,0.8836032163939808
fov0,1350,10980.038753159224,6022.541701769166,285.20813489624857,84.4500821606108,1.3518239998516484,2374,0.9551569958505145,1,0.6851246305345595
fov0,1351,11001.148568341438,6755.054385017108,304.39228720741806,86.41518606608633,-1.550682124018613,5553,0.95885562952325,1,0.9707950281565839
fov0,1352,10964.452173913043,7289.182608695653,44.21915679131522,12.44036603185798,0.07368631376273341,345,0.9596098192295881,1,0.3855999403081841
fov0,1353,10989.07304964539,20272.584397163122,102.12647630620614,48.25844079733451,-0.8657078195506732,1410,0.8813113467637764,1,0.616882551669862
fov0,1354,10972.878896882494,20067.92206235012,45.657290868581036,39.22548533367015,-0.8573167830382168,834,0.5117597218536143,1,
fov0,1355,10965.263888888889,16935.74722222222,34.360543735488385,23.7929691270468,1.4531303152554702,360,0.7214655706032066,1,
fov0,1356,10974.059760956176,7238.900398406375,32.12781131143293,10.941451493628785,0.38132165208504815,251,0.9402227395901638,1,0.31016988364224074
fov0,1357,11005.766640866874,13364.292182662539,130.1848372952648,78.62840657974235,-1.3203892318976713,2584,0.7970031484742557,0,
fov0,1358,11024.489695780177,7038.057899901864,140.1498232647248,112.40806586639548,0.5648774801607808,2038,0.5972482692087948,1,
fov0,1359,10995.28326745718,16775.880105401844,51.77931368320261,29.57106897564959,-0.27835071494517866,759,0.8208818010152092,1,
fov0,1360,11188.923076923076,8178.8014214046825,362.27028408322184,118.35462248562042,-0.3188194063407763,4784,0.9451272133629932,1,0.47145953484117675
fov0,1361,11039.80586080586,18920.733058608057,99.25352487584935,75.5548835187377,-0.642934125710338,2184,0.6484805346360678,0,
fov0,1362,11011.63779527559,11513.433070866142,17.084616162552624,11.0642479718068,-0.39322475681154717,127,0.7619680083504747,1,
fov0,1363,11042.730574324325,11233.630067567568,94.02942302078641,20.835788362887996,-0.5447308937651564,1184,0.9751403870216152,1,0.5598108780344956
fov0,1364,11034.391966759003,7872.617728531856,95.62853429666121,20.548014810141968,1.1318078044671747,722,0.9766419418603524,1,0.601949250149572
fov0,1365,11036.5,11446.778761061947,66.22659444957873,13.773714746530986,0.20223135503980824,452,0.9781333752320669,1,0.46679822247274755
fov0,1366,11033.832386363636,18821.667613636364,57.70358343006722,28.795315035730354,-0.31332992800279774,704,0.8665897413942181,1,0.36648540151485015
fov0,1367,11109.125922942676,11382.084038125922,271.62966738658076,183.6424882255449,-1.538699912749974,7449,0.736831256335597,1,
fov0,1368,11043.442167878387,8104.452081956378,156.64703375946743,30.208548754660118,-1.1898068990455954,1513,0.9812292929369086,1,1.00462548833926
fov0,1369,11044.960272417708,7362.421112372304,68.79012604730804,46.63596162324497,0.929516104162562,881,0.7351120976023688,1,
fov0,1370,11035.760869565218,11748.16304347826,23.553824596902246,12.464162349618379,0.49186743149793455,184,0.8485109304060313,1,
fov0,1371,11047.303879310344,6971.601293103448,44.61529144209176,30.21200352791888,-1.2730479408849098,464,0.7358293551537154,1,
fov0,1372,11074.107046070461,14176.102529358626,98.77435490845866,94.5813278499069,-1.3061352802710764,2214,0.28826910570667097,0,
fov0,1373,11074.72218073189,15497.782673637043,76.53171809061155,44.49487858536534,0.9377451386424773,1339,0.8136240550174791,0,
fov0,1374,11072.81560283688,11093.732860520095,58.24887520818163,27.129880907791385,-0.8636349728447132,846,0.8849121226591047,1,0.6111671178317941
fov0,1375,11088.842975206611,7609.834710743801,66.56340758426236,13.262205407314346,0.08098151600536573,484,0.9799503821275798,1,0.41672295623174826
fov0,1376,11106.47866894198,15644.119453924915,109.81031410856255,16.227434624075517,-0.3655724266262344,1172,0.9890207123605858,1,0.5865369863271667
fov0,1377,11065.721893491123,7204.621301775148,24.938704638247128,9.425945490025256,1.3552980623349293,169,0.9258200812105725,1,0.5657986466602399
fov0,1378,11072.145299145299,14522.438746438747,26.36059660888363,18.02318188032897,0.5572360667489159,351,0.72974747893013,1,
fov0,1379,11091.569465648856,7332.700763358778,65.58417277464058,27.307974599637248,0.8427485393752121,655,0.9091904251003483,1,0.3583050354512288
fov0,1380,11083.933085501858,6942.732342007435,30.18224725535399,15.296570227257536,-0.5729404062073378,269,0.8620596253483443,1,
fov0,1381,11090.84917617237,12013.65525982256,97.14751421794008,21.62085266225422,1.1254180332747465,789,0.9749196952897982,1,0.7548239733340225
fov0,1382,11095.408163265307,6170.439127375088,66.10193493762647,43.31773102479652,-1.4639261783452233,1421,0.7553538538822149,0,
fov0,1383,11093.462249614791,11164.936825885978,36.78745895186905,28.64362986801534,1.1457387914000048,649,0.6274897100357345,1,
fov0,1384,11095.714452214452,6755.2389277389275,64.00732763771315,19.610548905420288,1.0671930618656895,858,0.9519093707262749,1,0.8591152001321803
fov0,1385,11092.636363636364,16013.449631449632,32.669631596168024,22.604239722897972,0.37049829838762,407,0.7219897772251728,1,
fov0,1386,11146.083129584353,6844.4115729421355,140.98031367935565,22.711454806754567,0.4778967848660421,1227,0.9869386367228906,1,0.6440646194530447
fov0,1387,11103.218579234972,5944.960382513661,69.2939555017736,15.095533378253709,1.2480220030058848,732,0.9759827616339843,1,0.6466207044891645
fov0,1388,11108.631918819188,18856.38376383764,79.2470429238629,39.531972968115554,-1.4288988576365647,1084,0.866691349093106,1,0.44047141238615406
fov0,1389,11121.78947368421,6974.892230576441,43.76993463403296,23.261176110262753,1.1713539211951645,399,0.8470947609263291,1,
fov0,1390,11117.312903225806,11943.554838709677,26.358309141298403,17.13736864095508,0.5478824539879441,310,0.7597891963968045,1,
fov0,1391,11151.103958035288,15521.371959942775,103.94193945899984,52.11978097422439,-0.934161407540175,2097,0.8651972455344953,0,
fov0,1392,11141.742647058823,11178.873774509804,69.08749976900809,25.839148295278594,-0.6523826245119495,816,0.927426232146038,1,0.5714733277860083
fov0,1393,11181.40045941807,7034.864471669219,151.575200859246,22.221716543298378,0.1647024451993646,1306,0.9891950807482562,1,0.4302624519438679
fov0,1394,11132.299363057326,15991.543524416136,32.13406084981519,19.986023020488503,1.2170864441907872,471,0.7830509288132601,1,
fov0,1395,11133.98106060606,5976.276515151515,30.780399358734133,12.56516456667918,-0.396149650901602,264,0.9128837266738737,1,0.7099470716003443
fov0,1396,11141.83820224719,11983.650561797753,50.366434092549625,36.7259556049468,1.5307471416886642,890,0.6843270417961467,1,
fov0,1397,11174.940146579804,12064.748371335505,98.93078989902804,73.97622482583532,1.3577710523273976,2456,0.6639721022091313,1,
fov0,1398,11152.034210526315,11589.531578947368,93.30798512753626,61.94790654038176,0.9510216760245208,1520,0.7478143670885355,1,
fov0,1399,11151.733606557376,6903.770491803279,39.378687706092606,8.325138797799614,0.4766912383763656,244,0.9773969720252095,1,0.40444255677157553
fov0,1400,11165.816125860374,5886.579154375615,150.2829725930848,22.12300299251048,1.0830657674977926,2034,0.9891054121938951,1,0.5920180213853744
fov0,1401,11182.03969218307,6118.665451599838,112.81139608712597,51.68565374562564,-0.7390883426694543,2469,0.888869810592915,0,0.8572621571574491
fov0,1402,11155.02608695652,11513.426086956522,35.21254877516148,29.722576036225288,-0.8996365336025729,805,0.5362008180290827,1,
fov0,1403,11198.871339635692,11326.858196910307,338.5101437879741,90.20347660320112,1.4825559943762148,4337,0.9638426587092895,1,0.9940981550509425
fov0,1404,11183.175862068965,7978.294827586207,85.9716194419175,21.29372265187039,-0.00023886459215102034,580,0.9688410863756527,1,0.6299780309552186
fov0,1405,11153.932038834952,12115.543689320388,16.186952819654525,8.391770260674134,-1.539809841898184,103,0.8551212574740553,1,
fov0,1406,11245.3483856401,11816.266200045156,255.93374172333856,104.47604595079666,-1.3109177877489098,4429,0.9128857227912758,1,0.9866191339690538
fov0,1407,11251.738145195131,11901.441460344104,238.90591071255687,48.58521050462671,-0.6217861638579132,2383,0.9791029003888498,1,0.6955896112152802
fov0,1408,11545.531115637023,14060.303864624979,1055.9097211759445,202.81768850176272,-0.6057231231295936,39771,0.9813795399362499,-13,0.34132553721218795
fov0,1409,11185.529088913283,6039.412733260154,45.9352312387078,28.58724856000671,-0.6549302598665515,911,0.7827484782153618,1,
fov0,1410,11179.047131147541,6956.477459016393,31.0414326154072,21.02361404478345,1.5310251403069979,488,0.7357291366876598,1,
fov0,1411,11218.087164398676,17451.55424788525,206.16388378046435,67.95197994381678,0.9406359000500107,2719,0.944120054126139,1,0.6978115087097898
fov0,1412,11184.054794520547,7696.061643835616,18.931486920285256,12.07100421000817,1.2578361351624399,146,0.7703550028323679,1,
fov0,1413,11213.96881091618,11665.583495776478,104.52625198239798,44.61990651572537,0.8592521428150477,1539,0.9043094540478838,1,0.7670050083514806
fov0,1414,11218.793370165746,8546.556906077349,75.8339062639925,26.38369161653783,0.14279493949841995,905,0.9375263839376707,1,0.258607180677082
fov0,1415,11197.11403508772,6917.508771929824,29.34714201636943,12.349124365071477,-0.996790910715461,228,0.9071558562259253,1,0.7887866512125563
fov0,1416,11573.763205967423,17638.220200943826,947.1352308348263,139.12710370639255,-0.7518197961418113,26276,0.9891524556278983,-2,0.20703162951405685
fov0,1417,11213.409556313993,6987.331058020478,24.760742232982267,15.704524634682063,0.25726232752951717,293,0.7731272304460639,1,
fov0,1418,11215.310734463277,7591.067796610169,25.182733699402636,11.126756363453776,0.47776117620105407,177,0.8970935331000277,1,0.7271040344295837
fov0,1419,11236.848176420695,8459.193384223918,79.81817892610351,45.450375240034894,-0.6591883104758057,1179,0.8220440815278911,1,
fov0,1420,11211.791666666666,17724.291666666668,14.410037067539365,10.802558778205558,-0.5874998597687145,120,0.6618286236382261,1,
fov0,1421,11320.472879330944,13225.196654719235,268.53069178738906,248.09604387541205,-1.4045948385711162,12555,0.3826291805053538,-1,
fov0,1422,11224.291479820628,16366.695067264574,75.3339026037029,29.370998599329784,-1.4315160243025262,669,0.9208667022840573,1,0.48504232181202583
fov0,1423,11230.522082018928,8378.95425867508,35.39426280671057,24.292379642967877,0.04103112249280759,634,0.7272839937464667,1,
fov0,1424,11222.36518771331,8317.43686006826,46.19437043984908,10.310137848138867,1.2731602327125042,293,0.9747748798046671,1,0.8082598319911971
fov0,1426,11233.778656126482,8732.134387351778,34.708043455579066,11.812861316778076,-0.7104179220514402,253,0.9402990453657415,1,0.40553642769758297
fov0,1427,11235.747237569061,6050.390883977901,43.797292134437505,23.515575036592608,1.543417237392153,724,0.8436341373544806,1,
fov0,1428,11237.43119266055,6952.045871559633,29.028218204122012,25.503479006232865,-0.4625465623498308,436,0.4776036338085254,1,
fov0,1429,11253.701957295374,7862.474199288256,117.07989296429379,35.55986153034822,-1.4069488470111162,1124,0.9527603645692523,1,0.7264115912347835
fov0,1430,11258.885572139303,9028.39800995025,71.97422638191087,19.08377653478604,0.14487545458625756,402,0.9642078999774351,1,0.38474065583753847
fov0,1431,11276.165636186137,12788.951838594208,162.39181766188486,68.41422429926052,-1.0387206175064612,3073,0.9069254796485589,-1,0.15207676060866346
fov0,1432,11250.511627906977,14124.767441860466,30.038243165874928,10.521260223010056,-0.7890012003956669,215,0.9366517028914301,1,0.31340664123484135
fov0,1433,11281.119934282586,12549.43373493976,98.47996122900338,56.14286372400338,-1.0996258319536687,1826,0.8215792711581237,0,
fov0,1434,11303.197613721104,8304.127516778524,97.91293201054414,22.119256259192934,-0.5966242064805274,1341,0.9741487796806799,1,0.6447177314149802
fov0,1435,11275.052083333334,8408.756944444445,43.276883009872016,9.205101261463728,0.7008111372253718,288,0.9771170073088553,1,0.4027554951022952
fov0,1436,11276.160958904109,8183.8835616438355,34.98357844069473,14.099839011955442,-0.7503186500173002,292,0.9151816389018022,1,0.609676304611474
fov0,1437,11302.925831202047,8638.680306905371,78.11413979161733,16.50939706471598,0.31435441557752536,782,0.9774105177721457,1,0.3255026067655841
fov0,1438,11282.80204778157,16501.998293515357,41.671920328835874,31.27634431563616,-0.6639141033937187,586,0.660827712912161,1,
fov0,1439,11285.791907514451,10079.346820809249,19.166727944174305,13.861685072304454,1.5197795081670034,173,0.6906218649411922,1,
fov0,1440,11285.101941747573,12624.09223300971,18.479978588076357,14.333532102692597,-0.6300323461233314,206,0.6311940807975894,1,
fov0,1441,11305.275545350172,7524.105051664753,95.0634080126784,50.19827754074511,-1.1252193235956556,1742,0.8492129875631957,0,
fov0,1442,11297.98947368421,7598.525,33.60170557059026,29.112629370112664,1.1712549788625763,760,0.4993448524036087,1,
fov0,1443,11296.89058524173,7856.3511450381675,43.547477573134906,14.846367846846123,-1.2942722365036015,393,0.9400909638623068,1,0.3852839334446644
fov0,1444,11311.626721763085,16274.685950413223,39.11544937221861,25.34941681045209,-0.061223021922440043,726,0.7615836555873373,1,
fov0,1445,11335.49213836478,8523.985849056604,93.42817186538383,11.535133353066065,0.17823311794624952,636,0.9923488953198755,1,0.3517602106128538
fov0,1446,11348.754911131899,8745.089803554723,113.21200048586985,26.89110421562912,-0.45837525688766084,1069,0.9713805104327866,1,0.41140074642345986
fov0,1447,11320.58316221766,14474.924024640657,43.89381164033976,19.252267282438716,-0.8378557747225538,487,0.8986774820595356,1,0.424320940603094
fov0,1448,11381.777452415812,8148.953635919961,298.54637718070086,151.80831607696456,1.4990369001262884,6147,0.8610669678651803,1,
fov0,1449,11422.774451097805,7168.461477045908,241.16442386476774,93.5253694845274,0.7499010522150708,2505,0.921740392965495,1,0.23112315561693406
fov0,1450,11325.878326996197,8053.783269961978,20.895651400260295,16.453046056156612,-0.8564998810162632,263,0.6164540116169936,1,
fov0,1451,11362.542857142857,8944.374285714286,53.54969330348511,13.438944783672587,0.8690953461575838,350,0.9679969071224067,1,0.5090554072392823
fov0,1452,11425.262989095574,6984.040410519564,139.3613932699137,26.359663608751518,0.17236752545834094,1559,0.98194895691765,1,0.3340174560712547
fov0,1453,11437.552822999654,8390.100103914097,222.58959324469018,82.63718642305788,0.6065054411860638,2887,0.9285315121895384,1,0.2420833492397243
fov0,1454,11387.550209205021,8628.792887029289,42.12307354846178,26.248879764453896,1.4256516210121009,478,0.7821044918300017,1,
fov0,1455,11386.351955307262,16375.396648044692,32.24933995114873,21.307241215975694,-1.4221916871054296,537,0.7506472659514357,1,
fov0,1456,11422.018707482994,8465.291950113378,128.27663929734427,51.65968559033819,0.6831552550351596,1764,0.9153228197604688,1,0.4703546336541599
fov0,1457,11424.696025778732,21089.645542427497,134.11535414412458,53.28505813587831,0.8350906493097845,1862,0.9176854688216373,1,0.789574482962781
fov0,1458,11473.132542037587,19453.62919002088,220.47601375722462,178.76902270387592,-0.08566984463707548,9099,0.5852788682700396,-2,
fov0,1459,11412.031319910515,6940.697986577181,36.191109556716654,21.908373341981957,0.8882363707453742,447,0.7959576171155377,1,
fov0,1460,11438.364232619151,8565.626585045911,154.5856356522864,71.28231248803894,-1.1275358875227244,2287,0.8873385110422644,1,0.7293132311063275
fov0,1461,11498.576776776777,19171.96142809476,332.3471788006035,240.21459220077264,-1.1552907102854508,14985,0.6910759974667037,0,
fov0,1462,11418.777777777777,7654.456790123457,58.970349754078434,9.45365961363486,-0.8268303806920972,405,0.9870663787170182,1,0.5447299987516454
fov0,1463,11412.01028277635,16419.21850899743,38.10582894933091,21.26422620117518,-0.9715830904944812,389,0.829820237524523,1,
fov0,1464,11534.285795941698,8673.541297513575,301.4055769519979,44.432372305478786,0.07566063404492286,3499,0.9890743971967086,1,0.44150431385806116
fov0,1465,11584.054819061268,8799.68792547474,295.746985308513,226.74195400449258,0.355106390545586,5582,0.642034850616267,1,
fov0,1466,11426.857142857143,17848.628571428573,18.859766489412934,9.67786364336214,-0.24891949711085615,140,0.8582997534731873,1,
fov0,1467,11434.262357414449,7764.98288973384,44.55756161130706,19.54104186651887,-1.484191772034121,526,0.8987032518789688,1,0.5815382566683722
fov0,1468,11458.212620932278,15228.74142480211,265.63561445552773,44.19439410694358,-1.41579612106785,4548,0.9860630179504797,1,0.400391783760336
fov0,1469,11453.878698224851,14144.440828402367,44.079333093130835,10.595812547647355,0.34297140034963636,338,0.9706787370954638,1,0.6927304713270853
fov0,1470,11535.158323959506,17853.264904386953,171.6160696215951,75.89634090619063,0.004131626014934962,3556,0.8968943082626506,1,0.43702184367755675
fov0,1471,11481.421296296296,7960.055555555556,62.715945004184164,12.76738797064283,-0.48692377779610335,432,0.9790593892909036,1,0.5956213420121202
fov0,1472,11479.156875,20900.626875,105.31707635490041,53.593023011918994,1.201150355990681,1600,0.8608415695523619,1,
fov0,1473,11467.730688935282,15380.91649269311,60.87024229145743,27.370130363713734,-1.4660536999947178,479,0.8932062748309827,1,0.41549540981481614
fov0,1474,11632.478946744159,7853.417744039853,331.39664200079653,252.07004055461212,0.39541492815239265,8431,0.6491863081301754,1,
fov0,1475,11468.38679245283,7674.0,33.88293375185757,8.425380003674599,-1.2679075579756554,212,0.9685904578129467,1,0.7458410323183614
fov0,1476,11472.82320441989,9040.06629834254,27.79984538046614,8.58054699734475,-0.5335959396402039,181,0.9511742259111321,1,0.584238015838863
fov0,1477,11477.306666666667,8271.168,45.19405193798594,16.120878004899488,0.5314780477293808,375,0.9342176349322953,1,0.37045934603467223
fov0,1478,11484.532319391636,7721.585551330799,38.384992189724194,9.55325290529721,0.7285024258721545,263,0.9685343550093163,1,0.8414307087317874
fov0,1479,11514.403908794788,7223.482084690554,149.6024045247258,27.629793227385456,1.0604668380158642,1535,0.9827971726444759,1,0.6448273563663252
fov0,1481,11521.85736925515,7539.280507131537,174.18118309340218,132.56861314943595,1.2781645166923377,2524,0.6486391747093112,1,
fov0,1482,11499.731170336037,8890.190034762456,66.93351953756114,28.2433673865348,1.200724113085833,863,0.9066137568390916,1,0.7223578503945365
fov0,1483,11501.584507042253,8102.136150234742,33.39887555569235,16.841459996732173,-0.8815432043046995,426,0.8635563748236625,1,
fov0,1484,11522.56548856549,8220.25155925156,61.603412663796604,14.570381037690662,0.4000180421857522,481,0.9716268501504669,1,0.35247891217260213
fov0,1485,11526.084120557805,15022.431399010346,194.1639251493748,25.85293378665427,-1.1712515818838487,2223,0.9910958922775761,1,0.44128317199573697
fov0,1486,11589.415960451977,8478.839689265536,163.173849226067,70.54843349342762,-0.2709990150291466,2832,0.9017052250180504,0,0.3183557133127259
fov0,1487,11597.99191919192,7018.962424242424,200.0889353720725,83.47124565581163,0.46313787901108583,2475,0.9088281403062172,1,0.5253214670652656
fov0,1488,11539.853383458647,8936.46992481203,40.49463522867194,10.75106977742048,-0.3735564910751306,266,0.9641125998660433,1,0.5740892719994565
fov0,1489,11540.840782122905,20953.332402234635,31.053517798042716,22.752186525694583,0.606901927291177,358,0.6805769371467953,1,
fov0,1490,11583.905669366364,8397.783230109577,102.68755610429285,35.17485103269901,-0.18904149852623375,2099,0.9395023381523623,1,0.41024013341662935
fov0,1491,11552.012315270937,8314.418719211822,49.60405870540258,13.368559787566964,1.1480498351634645,406,0.962998888871303,1,0.614990550010471
fov0,1492,11640.755566551212,12388.60279564572,305.00886424709876,122.8003235042986,-1.1648346457068173,8084,0.915370595755794,0,0.6052375095638169
fov0,1493,11569.790650406505,8195.174796747968,64.11815465279444,10.749049452540898,-0.7762474575428553,492,0.9858475316910268,1,0.6926394421845238
fov0,1494,11569.629719853836,8269.494518879415,63.230294493624086,22.25910360920029,0.23440308450582828,821,0.9359878665779096,1,0.3510561521245705
fov0,1495,11578.689407540394,13160.638240574506,99.43124451530797,34.384486417698454,-1.1244501170290138,1114,0.9383039363954857,1,0.6372932886762134
fov0,1496,11608.291997880233,21056.684684684686,103.92086735754623,51.375563539223094,-0.8302478339071544,1887,0.8692504580947508,0,0.45683293689147375
fov0,1497,11636.86598812553,8332.960135708227,137.4961051624837,42.340448159330016,-0.5979998883438279,1179,0.9514060202476949,1,0.522197527147596
fov0,1498,11609.097036134795,7396.5895249695495,153.59153950059456,55.98727427600284,-1.2656594979240385,2463,0.9311953393245846,1,1.0651954822172163
fov0,1499,11639.740014265335,8118.695435092724,166.59029344360033,89.76584735470807,0.994214090562238,2804,0.8424068471307422,0,
fov0,1500,11601.923959827833,7514.295552367288,91.84442380881636,27.042472639579902,0.8540294165599954,697,0.9556706365556699,1,0.7520100398792635
fov0,1501,11605.022909507446,8145.515463917526,64.84125263193236,22.968940812770672,1.1107685224584798,873,0.9351570246852315,1,0.5534942144532657
fov0,1502,11636.289323553383,8011.152404237979,56.81161640318492,49.55394206935672,0.08303111132354017,1227,0.4890599562642976,0,
fov0,1503,11619.309210526315,13101.506578947368,20.551837430762358,10.166349649708335,-0.838542682486691,152,0.8690816578526388,1,0.5581267475626086
fov0,1505,11631.582781456953,14574.763796909492,30.496665084448075,19.014044426966798,0.8800092614048576,453,0.7818397258350207,1,
fov0,1506,11632.97463768116,7623.615942028986,31.70447388594921,16.807290702708244,-1.245146404377978,276,0.8479203616040619,1,
fov0,1507,11663.058139534884,7663.554263565891,45.118787688843305,15.063946488819852,0.8939159238694682,516,0.9426180551352773,1,0.5461833256131967
fov0,1508,11704.316502463054,12621.87684729064,151.432372657751,9.142922689397992,-0.6126251271374323,812,0.9981756886071166,1,0.2235363898512888
fov0,1509,11681.192737430167,19163.04189944134,99.08013385167052,18.435502486884264,-1.1694648768572349,716,0.9825371365349688,1,0.7876749045008331
fov0,1510,11679.829787234043,8463.32269503546,35.94871696787146,15.189575286542702,-1.0440118133965695,282,0.9063468133538796,1,0.3719526001274835
fov0,1511,11699.54991539763,14186.391539763114,154.3880978072181,63.52396351724185,-1.2932233463240042,2955,0.9114294653960399,1,0.4438293955038545
fov0,1512,11690.135062611807,14401.98121645796,77.81799281172073,36.788301345910895,-1.336162774670557,1118,0.8811976610284588,0,0.4039506267713728
fov0,1513,11790.636491557223,17641.66525953721,348.68456655616734,54.14909150948992,-0.8273800940265964,6396,0.9878680855912729,-1,0.21611807617542447
fov0,1514,11703.977961432507,7478.797520661157,69.36920846733382,36.58370725634582,1.0649490348725463,726,0.8496315498386122,1,
fov0,1515,11698.101604278076,12245.529411764706,33.95123801021482,25.996517340842676,1.4220323370204577,374,0.6431959704473712,1,
fov0,1516,11734.699765441752,7679.96520719312,135.01392159328225,87.74846681411539,-1.0211969581776972,2558,0.760001240935311,1,
fov0,1517,11694.985163204748,12999.548961424332,23.101690267087278,18.608651176662704,0.6968384512707565,337,0.5925816709194406,1,
fov0,1518,11758.844887506859,8672.681543808305,514.221892563608,122.64773181294046,-1.3010124498959401,5467,0.971139722194279,1,0.5179285118417735
fov0,1519,11742.910880829015,8974.029015544042,102.60833478209469,25.900936609367246,0.7332859734543044,965,0.9676163925215995,1,0.5046596959285538
fov0,1520,11745.783155856729,8381.11132623427,92.47079708609931,38.08371684969366,-0.2156820935223138,1033,0.9112535161448696,1,0.517637846701639
fov0,1521,11714.637096774193,8249.59677419355,18.02868179268164,8.897259229001518,-1.2719530076139978,124,0.8697424989781539,1,0.8276127190660376
fov0,1522,11739.47342192691,8109.818936877076,76.3383010439746,11.01166896518242,0.8506116618809642,602,0.9895415263780368,1,0.559929151418622
fov0,1523,11736.269058295964,14549.578475336322,30.93256223309548,10.341286346472028,0.27377488207398376,223,0.9424606287603806,1,0.7782802732434915
fov0,1524,11743.807046979866,13834.746644295303,42.96734300943348,27.46022413679921,-1.09365435092986,596,0.7691276108840028,1,
fov0,1525,11779.060950413223,9129.861570247935,110.17691824764084,26.36369241646996,0.10444462323510356,968,0.9709493558925166,1,0.4337979429422353
fov0,1526,11763.872294372295,8179.279220779221,59.936187660594975,14.28884233258858,0.37221186389484057,462,0.9711668244547123,1,0.5222615412925811
fov0,1527,11754.687,14353.12,50.86670356409808,25.37172766135905,-1.2823184588161642,1000,0.8667237246090236,1,0.38960699787327113
fov0,1528,11769.644327030033,18788.035873192435,167.19531538914458,84.79677990886579,1.394676677660148,3596,0.8618448689381256,1,
fov0,1529,11801.92294117647,17110.548627450982,190.6822435231443,86.37322652280132,-0.9687473829008911,5100,0.8915260503832069,1,0.1523347738284752
fov0,1530,11769.664899882215,13342.324499411072,77.48586003180323,55.981640943831884,-0.9205649322518633,1698,0.6913964490891217,0,
fov0,1531,11782.221448467966,7497.07660167131,85.5941857616626,12.363990802755215,0.628159875200333,718,0.9895122530872901,1,0.4860575698800227
fov0,1532,11797.265493496558,8793.820964039785,158.45131926174358,61.685538991502156,-0.6263863131968406,1307,0.9211098446630439,1,0.29417463537814226
fov0,1533,11778.12483912484,8733.409266409266,55.99733714799509,21.161742413390947,-0.7180337505439105,777,0.9258438763976845,1,0.30745347277777885
fov0,1534,11781.92795389049,7420.083573487032,38.16085356179254,23.499426389118433,0.7374922783682971,694,0.7879030644404945,1,
fov0,1535,11788.550224887556,8437.416791604199,42.4457121090207,22.78240485422115,0.8616358678594094,667,0.8437462959002604,1,
fov0,1536,11815.553637484587,8651.415536374845,87.5715894131759,26.535202459111222,-0.29116060504289687,811,0.9529868858565468,1,0.319429849449258
fov0,1537,11789.257142857143,9024.4,15.859857649230616,9.258679529968528,0.13126527670368826,105,0.8119113502077877,1,
fov0,1538,11876.348977218307,16821.19087364028,422.4255107678607,176.64091843885757,-1.4022644845078975,14617,0.9083739703002586,-1,0.4112758032358868
fov0,1539,11855.19753907549,7776.564682407716,106.69807612051687,94.32394632229129,-0.7025779920767835,3007,0.467436438062119,1,
fov0,1540,11903.00822904166,18344.375450025716,319.1942083662654,106.70789200845361,-0.3704793074138941,5833,0.9424653063381344,0,0.5805248633104862
fov0,1541,11810.349642004774,16793.91527446301,93.42657585938704,14.173179472313091,-1.333675439520816,838,0.9884259786111358,1,0.3886002496037077
fov0,1542,11838.5,8266.995667244368,175.8901510588865,33.90013940166392,1.3137549860551119,2308,0.9812508990361926,1,0.7955371140982774
fov0,1543,11811.35278514589,14332.23076923077,23.07440831190602,20.878997493529265,0.3764402636938287,377,0.4257195485818259,1,
fov0,1544,11820.270122783084,7184.451568894952,81.96603703600275,21.268845346529634,-1.509631722051519,733,0.9657475045121594,1,0.6543781186689579
fov0,1545,11820.916455696202,8413.020253164557,27.750319070814562,23.92454456174773,-1.0816571476231533,395,0.5066772132214856,1,
fov0,1546,11822.5,8924.820689655173,30.197311586185624,20.45468515199333,-1.360132960026915,290,0.7356445640889621,1,
fov0,1547,11835.546935609,13402.3359193173,57.19520018006728,45.88156674076414,-0.6907525248286892,1289,0.5970653408652247,0,
fov0,1548,11843.520152091254,13764.365019011408,72.55585726400226,28.83619231029342,-0.5618914932995953,1315,0.9176305965943204,1,0.309784345216355
fov0,1549,11867.189353340478,15166.410146480886,118.9969208037568,73.30214900170117,0.013008099958307017,2799,0.7877458511231552,-1,
fov0,1550,12000.857791675973,14930.641501005137,387.69007446519106,162.89424641462006,-0.23269865095237527,13431,0.9074471915515734,-2,0.3628911598463811
fov0,1551,12161.032247693944,8052.21730098672,669.1971817634566,586.8006775615985,-1.0090619063080837,40437,0.48072282095906543,-6,
fov0,1552,11863.947013487475,9033.108863198458,100.65779089951616,47.62989566341364,1.5115225229666944,1038,0.8809623431652073,1,0.8705994957286126
fov0,1553,11844.219696969696,14432.89393939394,32.40331657915692,11.030815269351736,-1.217101956417453,264,0.9402726092314709,1,0.3747446534124726
fov0,1554,11847.559748427673,17414.094339622643,22.466971016145237,9.109631247757978,-1.0129547044171918,159,0.9141093685220748,1,0.06650525779331627
fov0,1555,11865.61776061776,18016.482625482626,63.993529305650775,48.55206127773346,1.47037841429823,1295,0.6514370767140869,1,
fov0,1556,11870.277777777777,20888.892512077295,38.85103111894113,36.0160885017501,-0.059985391447237274,828,0.3749860823076994,1,
fov0,1557,11921.981165133597,16575.7761717039,179.35373700393623,34.25652464358763,0.1687124355958574,2283,0.981590079070334,0,0.7009191211792423
fov0,1558,11900.632281553399,8205.401699029126,119.30670141736525,68.08076803452319,0.726026287025262,1648,0.8212027118105812,1,
fov0,1559,11882.458506224066,7316.4668049792535,64.62462845645844,10.591342404619988,0.3601370503078883,482,0.9864785891226479,1,0.5497615224907929
fov0,1560,11874.875420875422,8689.107744107743,45.314242230728084,9.010480455653541,0.2729042433535198,297,0.9800310860477718,1,0.535377467501663
fov0,1561,11866.273037542662,13332.319112627987,35.07821788694678,21.540190073945634,-1.3294996310966865,586,0.7892580248609496,1,
fov0,1562,11873.683615819209,7215.182674199624,39.61558833312753,19.306107337795247,-0.3402663970577243,531,0.8732144642260107,1,0.34619362747289717
fov0,1563,11887.530927835052,7091.2697594501715,47.57206250364049,19.086554473407293,-0.5038434132718225,582,0.9159845601103129,1,0.2900871100604859
fov0,1564,11901.498920086393,17489.56515478762,78.58786940537222,51.898553302030244,-0.6413898950909459,1389,0.7509238021844862,1,
fov0,1565,11877.927966101695,17303.762711864405,19.769988954403413,15.751057979190612,0.19279011774357732,236,0.6043544520428967,1,
fov0,1566,11885.386462882096,8928.908296943231,38.58209331408913,24.787799120718855,1.1010852715808843,458,0.7663116709287118,1,
fov0,1567,11904.380563124432,14239.812897366031,66.92917921399737,46.450367740529245,-0.66195011409089,1101,0.719953145583363,0,
fov0,1568,11907.148453608248,18363.05360824742,50.4477805762505,15.751948094455601,-1.0514170642670926,485,0.9500023868072717,1,0.7433722708003498
fov0,1569,11940.087744060222,17750.538226299694,204.17380475834057,71.61052191880935,-0.9528923659038129,4251,0.9364754437283822,0,0.06127538130849224
fov0,1570,11909.849765258215,8633.488262910798,17.42859683814392,15.650313851661197,-1.1606108254681287,213,0.44006174104039064,1,
fov0,1571,11990.741176470588,18138.53137254902,201.46911728680388,173.04245580695573,0.22775489286735728,8160,0.5121380771950623,-2,
fov0,1572,11932.521518987342,18420.32911392405,62.35280551374888,18.343483377677497,0.9884448555352922,790,0.9557473927708461,1,0.8792113708967875
fov0,1573,11922.785714285714,8470.242236024846,21.578429514158493,19.025375525927554,-0.6109735535391133,322,0.47183867201261803,1,
fov0,1574,12069.230056179775,15501.479400749064,377.4292220427529,117.5312943428125,-0.25705005106807033,10680,0.9502790710787358,-3,0.34930471890197823
fov0,1575,12010.285257690772,8526.938873351977,252.31144035637547,116.47425174444679,-0.05439346314894447,2503,0.8870731435842183,1,0.15667311544580842
fov0,1576,11985.617873651772,7162.701848998459,180.1126404478541,32.07145091459328,-0.5215472582441851,1298,0.9840190351912618,1,0.28909014608580486
fov0,1577,12001.503186646434,7309.404248861912,195.82178484285976,118.08697867791315,-0.828691192278637,3295,0.7977163169014626,1,
fov0,1578,11966.755060728745,21099.376518218625,64.37550802401691,30.093494625578924,-0.20392846856599822,494,0.884009955588562,1,0.3099895097640626
fov0,1579,12178.436568213783,18625.77821981113,735.3068091401764,230.9786164602034,0.9447869124760411,24885,0.9493814683695251,-2,0.8608489415476139
fov0,1580,12026.735583084152,7604.161255873559,285.96140241176346,120.88882688766526,-1.0677422547959972,4682,0.9062485567985009,0,0.7307752998602478
fov0,1581,12144.179024744648,20889.12581734262,544.132465345875,233.15815668532153,-0.6022480935785035,23399,0.9035440511466463,-7,0.5617242708101767
fov0,1582,12008.024467873483,17291.886214442013,280.4060188904252,68.88706601816833,-1.1883613212294566,5027,0.9693537759010488,1,0.12863486076020095
fov0,1583,11960.454201362603,14138.589704769114,93.53717084964951,33.158638582588345,-1.5611804310049378,1321,0.9350571836310416,0,0.215715597359239
fov0,1584,12001.770397111914,8736.776895306859,130.25550282415367,63.125865723225516,-0.46917666965176,1385,0.8747186467589854,1,0.21727702111900404
fov0,1585,11987.20588235294,8402.525437201908,76.29628450865489,36.47479941245994,0.18543119174868763,1258,0.878322917216169,1,0.32774438003236045
fov0,1586,12021.603587115666,7779.692166910688,99.30329371808178,72.835619283074,0.33729096239572987,2732,0.6797258188453327,0,
fov0,1587,12050.030095036958,13466.526399155227,185.9455046640545,21.05021751497107,-0.551140836758156,1894,0.9935714948913918,1,0.5097180233051442
fov0,1588,12020.2338501292,22929.586563307494,89.8036766384128,59.604813038594294,0.3891802921297116,1548,0.7479779937119042,0,
fov0,1589,12010.508506616257,7715.351606805293,46.18150128846053,15.703675792509186,0.5475918204180953,529,0.9404100484931741,1,0.513399963005522
fov0,1590,12008.75173370319,8970.202496532595,32.66846051878386,28.377882031904832,-0.025068047635176633,721,0.4954035119381017,1,
fov0,1591,12015.786692759295,13126.770384866275,95.72999491631727,30.710219369169238,1.354909950443119,1533,0.9471468270648221,1,1.1489544484008218
fov0,1592,12045.826494724502,7188.664712778429,70.35372517517632,25.971539028995316,0.05088851688334405,853,0.9293672232635924,1,0.2350594410336734
fov0,1593,12094.90476965652,15740.803190623474,172.53983332683651,161.8186181007189,0.0781275644242153,6143,0.3470074394127454,-1,
fov0,1594,12030.988524590164,23010.660655737705,49.2465338893228,21.571153152821893,1.2990135342682598,610,0.8989633830815015,1,0.6634231646142507
fov0,1595,12060.740944881889,15993.035433070867,81.71786496526542,50.27496688374987,-0.10564997029574592,1270,0.7883506788633607,1,
fov0,1596,12074.941493456505,8412.94688221709,58.80469681189427,32.469066573273956,0.45942777864494927,1299,0.833744192131844,1,
fov0,1597,12083.548974943053,7718.145785876994,69.64968018286699,12.46029210378716,-0.7062894760071671,439,0.983867355540155,1,0.5760938553852873
fov0,1598,12098.914538310413,22743.189587426325,131.25744269418973,58.7827577529935,-1.0535199540402835,2036,0.8941120941311306,1,0.9690039296609548
fov0,1599,12097.030723488602,22966.355797819622,63.50672812679824,57.49686595023624,0.20231310752223827,1009,0.4246309573456151,0,
fov0,1600,12117.655667144907,8814.489239598279,95.10369217122637,24.820619643494716,-0.4996718069565201,697,0.9653429057029205,1,0.2368632756704534
fov0,1601,12102.965625,7854.3546875,42.30857235579578,39.33831398778923,-0.08527412611298789,1280,0.36807689507906627,1,
fov0,1602,12097.706766917294,7271.082706766917,18.80753550887897,9.481781121484602,-0.11069443346636004,133,0.863617281934795,1,
fov0,1603,12119.926741393114,7442.7806244996,235.54773689540824,35.22474221726572,1.3951333816527764,2498,0.9887550773165031,1,0.9071215250661742
fov0,1604,12130.620801033592,20618.081395348836,94.1644075173532,42.88680262040525,-0.5908761348479675,1548,0.8902634117497848,1,0.5503679926281457
fov0,1605,12159.86886870355,17441.59075144509,164.66383635902028,140.44118425302113,-0.3861507161040842,6055,0.5220802849884317,-1,
fov0,1606,12129.72617946346,16037.722479185939,67.57059010490404,47.96543122392531,-0.9263144053931688,1081,0.7043461990405271,0,
fov0,1607,12120.203703703704,13370.446913580246,65.15521770542341,20.794222827510396,-1.2004864555040775,810,0.9477045495985811,1,0.6842197812422637
fov0,1608,12146.871750433276,7344.961871750434,67.82338431578586,45.613022991424394,1.365007313073938,1154,0.7400730452888011,1,
fov0,1609,12131.839805825242,20005.81553398058,20.2185579626101,13.05858799402277,1.4856583075622214,206,0.7634462368714414,1,
fov0,1610,12135.833333333334,7587.29012345679,24.230267959050423,8.785044014651627,0.7358173518361373,162,0.9319585361946282,1,0.7296713885799123
fov0,1611,12137.733333333334,20722.32888888889,23.124153365606393,12.513661877845752,-0.6651707232416462,225,0.8409253518020486,1,
fov0,1612,12141.755339805824,22376.242718446603,63.57546091895787,12.317019889260022,1.3137590772788477,515,0.9810531893719425,1,0.8317397654469384
fov0,1613,12163.263791374122,22908.847542627882,63.401770848075294,22.227283977037363,0.8553245528839475,997,0.9365334309753137,1,0.5191770423403516
fov0,1614,12177.520942408377,22238.288830715534,89.71085733861047,39.735719983751196,-0.9597156208820591,1146,0.8965557020894136,1,0.791609563621471
fov0,1615,12170.140957446809,7588.255319148936,32.07448158073213,15.249510565166233,0.529674748261241,376,0.8797478285668143,1,0.5645918592559757
fov0,1616,12194.61797752809,8023.083549409392,88.24976528720043,86.37832638130645,0.2725790048150003,3471,0.20484780842758699,0,
fov0,1617,12194.635018495685,9206.50924784217,106.16687237556269,20.407351409786084,0.946971942821717,811,0.9813519418732415,1,0.5877999340317039
fov0,1618,12297.728993971365,8749.02213639789,439.623285994527,273.85185332544273,1.109828005318116,10616,0.7822824365958594,0,
fov0,1619,12213.366935483871,7864.181451612903,32.26948192731001,10.509571240153289,-0.3003403012986433,248,0.9454795617559085,1,0.40975830517390815
fov0,1620,12243.675,13992.796938775511,152.68909520988643,50.33739889503735,-0.8708352219488559,1960,0.9440953495924639,1,0.4650823047807228
fov0,1621,12207.487632508833,18563.9222614841,30.910363281750406,13.649762872107539,-1.5331785515039418,283,0.8972160746949288,1,0.9381784581836601
fov0,1622,12209.392307692307,7588.692307692308,17.157449346158558,9.989919918665043,-1.5617458240731432,130,0.8130100087667179,1,
fov0,1623,12219.172897196262,20929.532710280375,26.045065581896402,12.194693364623724,-1.1788582511176164,214,0.8836145123958185,1,0.6899187124520183
fov0,1624,12282.95928030303,22303.547664141413,160.22720995363682,101.75352240167715,-0.24863829639636933,3168,0.7724647084668247,1,
fov0,1625,12235.145569620254,8198.338607594937,41.04920834958831,23.2330864450079,-1.1246836841062926,632,0.8244180426558416,1,
fov0,1626,12236.56647398844,9027.734104046243,33.30569564727025,15.019923116428977,-0.8184050361709843,346,0.8925382954910943,1,0.6551484393024496
fov0,1627,12269.095823095822,7684.070434070434,143.37745346870082,18.64763849665331,0.754989647372586,1221,0.991506155529924,1,0.5230285388573849
fov0,1628,12250.700096432016,7600.444551591128,43.96492744572398,33.56738746434795,1.2445382931124134,1037,0.6458033808213244,1,
fov0,1629,12246.98224852071,7541.100591715976,26.46124208652669,8.394996306799564,-1.0372396789438159,169,0.9483398267210436,1,0.9594098681157519
fov0,1630,12297.35639312977,21857.71851145038,174.04991239466207,29.61985143673087,-0.7621986090482503,2096,0.9854129563639054,1,0.5615476824725236
fov0,1631,12302.566127497621,18201.380589914366,120.60511461535316,114.02306568092528,0.3983663248540448,3153,0.32584038770127,1,
fov0,1632,12248.220289855073,20678.915942028987,35.68770843144489,12.418873052373291,1.386139201438156,345,0.9374992084612407,1,1.1638739198217605
fov0,1633,12299.512449799196,8189.660240963855,118.26693826284243,19.99632313871961,-0.5688127660145074,1245,0.9856026941203347,1,0.44283987556863297
fov0,1634,12289.132561132561,22706.326898326897,98.03008955753435,28.690374846782742,1.0208475371282415,777,0.9562137926389561,1,0.5761423382280668
fov0,1635,12354.283177010577,20489.671323089206,244.32395225665346,77.00511856026536,-0.9852358883460048,5011,0.949033140495514,0,0.6207757816142682
fov0,1636,12303.1,14406.4,20.91257081470108,11.914041376464686,-0.25981659904360305,160,0.8218477651958528,1,
fov0,1637,12304.006230529594,20740.28971962617,50.39442052788026,9.491406457515167,-1.4753196098183117,321,0.9821034251828641,1,0.7834351440374162
fov0,1638,12409.686736474694,21164.321465968587,261.1777552702627,71.40984271475803,-0.39385842050255976,5730,0.9618962475876803,0,0.34143838028892853
fov0,1639,12342.489074848907,16431.354253835427,96.40064927469844,84.12889594230842,0.37575528803802566,2151,0.4882558929723157,0,
fov0,1640,12462.058734560122,17782.85102092261,320.6901526546108,137.22155985789595,-0.5267541714453141,7934,0.9038286769634355,-1,0.18775647973538517
fov0,1641,12372.16589386914,22920.438948995365,158.57299866281625,71.17147411560322,0.1884124907928442,1941,0.8936198373966199,1,0.4159154168051219
fov0,1642,12360.147597254005,9190.054347826086,189.64497580433314,64.37631187634776,0.937547247020717,1748,0.9406215789190849,1,0.5581430036442246
fov0,1643,12334.92602739726,17802.8602739726,37.270642183342034,13.46820169834133,-0.9697376756916113,365,0.9324255207843964,1,0.2136787739248236
fov0,1644,12346.338411316648,17335.681175190424,65.10771684758451,39.79685657116618,-0.5453594819449218,919,0.7914403683096828,1,
fov0,1645,12367.329925650558,17566.508828996284,97.50593253468358,65.86724057557882,-0.6900585714826345,2152,0.7373413537435858,0,
fov0,1646,12346.649390243903,7804.917682926829,28.34961946805029,18.292459295936244,-1.4084954791842739,328,0.7639754423702833,1,
fov0,1647,12418.7543758967,15910.5368723099,215.18834850628596,83.08157101724214,0.09157314156471108,3485,0.9224620862427761,1,0.2868255911697162
fov0,1648,12392.246741154562,21866.53445065177,98.18124413722478,26.476114926518907,-0.013142526260047156,1074,0.9629539992926326,1,0.45844152409462663
fov0,1649,12387.455757575757,15376.57212121212,43.50959794818438,41.10578053134068,0.7213068510679758,825,0.3277859386197798,0,
fov0,1650,12406.861032331253,17459.335224049915,99.43976573943837,57.27789295635057,1.2197881114366897,1763,0.8174455268160892,0,
fov0,1651,12400.766483516483,14024.802197802197,32.60362582804163,29.3600168060252,0.7340888831676857,728,0.4348273169800177,1,
fov0,1652,12425.03982300885,14477.074336283185,61.430694304193224,55.362652265416465,-0.05375413617730506,1130,0.4333590973537964,0,
fov0,1653,12438.969011725294,15226.234505862647,67.46418289830459,57.150279396876876,-0.08123597692122454,1194,0.5314011514349982,0,
fov0,1654,12427.380228136883,22852.395437262356,41.040454956680335,8.695470031250744,0.4844769103363616,263,0.9772966490862933,1,0.4241395641929264
fov0,1655,12430.208416833668,8446.613226452906,32.76944051725546,19.63058419079088,0.8478753965843615,499,0.8007104585206307,1,
fov0,1656,12426.89270386266,8699.45922746781,32.365533305293006,10.532785371612233,-1.1709556270721173,233,0.9455653917481927,1,0.21431390063894257
fov0,1657,12435.081481481482,14099.042592592592,29.6125159523111,24.6450494017895,1.2318906477939369,540,0.5543988479097083,1,
fov0,1658,12439.135881104034,8371.458598726114,30.384797428169907,20.308022151442227,-1.530162438598529,471,0.7438368081813838,1,
fov0,1659,12632.686266503335,15492.11229073091,618.6158459047765,185.79839528200856,-0.8640093924642,22041,0.9538305238764602,-2,0.5503367448067115
fov0,1660,12502.587869362364,9173.136469673405,143.71245510471576,129.97387290983698,0.08474018270327495,2572,0.4266808001872081,0,
fov0,1661,12449.440217391304,21902.222826086956,21.808034111185716,12.433885943699856,0.34573929612964527,184,0.8215394889955885,1,
fov0,1662,12771.712648177141,16770.79210467457,730.7270936691162,154.89406734586217,-0.07147148650556417,17884,0.9772756256657799,-3,0.35616572316113543
fov0,1663,12527.797032423521,8673.319838798314,169.80417330245692,126.30322838865378,-0.16135399743380907,5459,0.668383341655609,0,
fov0,1664,12479.495192307691,22798.891826923078,43.33885737602494,23.668749334064795,0.6054029101851268,416,0.8376989459853301,1,
fov0,1665,12480.354700854701,8052.418803418804,36.31478838742581,9.599129965999456,0.9252173056389003,234,0.9644319780991979,1,0.6336851119208926
fov0,1666,12484.577160493827,9314.92901234568,28.878746615566886,14.75445552854315,0.20255497241367773,324,0.8596338975314471,1,
fov0,1667,12548.481274900398,14141.68406374502,176.35671739763427,163.7729686134462,-0.08938454287475366,5020,0.3709670038081214,0,
fov0,1668,12608.610437280562,12888.51978933929,311.2976110803883,61.00259275847095,-0.32787055747302307,6266,0.9806114321550832,1,0.6259439301768323
fov0,1669,12499.63679245283,21886.73466981132,44.34729965261621,28.72420401368043,-1.4330429594598924,848,0.7618866915209505,1,
fov0,1670,12593.2608894304,15053.798964361864,262.3461150147929,127.32613422933413,0.7436658302776735,6566,0.8743274687114871,1,0.5006176779752005
fov0,1671,12528.359706362153,21817.43230016313,88.3378682002532,48.7178530290895,0.3265045509653495,1226,0.8341784936973089,1,
fov0,1672,12582.425578562728,18240.988794153473,153.06769872056475,99.31035001798814,0.47152638577721445,4105,0.7609588230425359,0,
fov0,1673,12521.147783251232,22866.77093596059,45.22936428487687,34.34069205031714,0.42986612839563676,812,0.6507914096652067,1,
fov0,1674,12531.798387096775,16743.95564516129,20.316890702444283,15.773400865686403,-0.7045053147185446,248,0.6302788465292936,1,
fov0,1675,12611.773988005996,15878.83395802099,191.8866588863345,125.75441844585973,-0.43425385693736623,5336,0.7553185785804805,-1,
fov0,1676,12573.940239043824,8832.392430278884,92.65898918841698,40.33192772768909,-1.1586345261645679,1506,0.9002986632125479,1,0.5045200729918019
fov0,1677,12552.310160427807,9984.946524064171,23.99262692943397,11.462514000583244,0.8355040633852902,187,0.8784950110788375,1,0.630235428411791
fov0,1678,12566.460829493088,8968.481105990784,125.11229194302484,17.3059563542439,-1.5707324051520293,1085,0.9903871161189711,1,0.8912694714668358
fov0,1679,12575.258389261746,10160.657718120805,38.99834838964854,12.404730860474983,0.589074192468004,298,0.9480627045457777,1,0.5530853187640675
fov0,1680,12582.142857142857,14222.628246753247,30.061460073634933,26.405026518827963,0.18210009639806224,616,0.4779848765601021,1,
fov0,1681,12581.41017964072,9349.58383233533,50.76695464244396,8.845070178112914,1.427110309621251,334,0.9847051811267252,1,0.8224398288181918
fov0,1682,12632.838506049447,9891.04383657724,148.49121089570147,101.89780923515443,1.1771227234990236,5703,0.7273929720540296,-3,
fov0,1683,12648.159705159705,9217.154791154791,147.73875835552843,19.539816587398686,-0.3513470707074844,814,0.9912151593884381,1,0.5765991104038677
fov0,1684,12648.923416789396,16141.947569955817,141.06879213603435,119.86757067219078,-0.20664102097460046,3395,0.5272502516671571,0,
fov0,1685,12640.002041858092,8753.952526799387,105.8565014140231,75.07685019826046,-0.922150831487998,1959,0.7049748517137661,1,
fov0,1686,12637.09430894309,9402.08617886179,90.27958244901747,12.556056564486772,0.5077144855359865,615,0.9902811919545297,1,0.5017816220159416
fov0,1687,12629.050955414014,17452.974522292992,55.11518086463788,12.905237849454052,-0.8560485543356808,471,0.9722004024038365,1,0.17928555330114399
fov0,1688,12634.901162790698,14216.906976744185,34.96803401511448,16.193954698533446,0.5830912288330953,344,0.8863021789527694,1,0.5200864368081866
fov0,1689,12649.249828414551,10050.702814001374,90.08376683731515,38.117032334498944,-1.4396570809095564,1457,0.9060695638638786,1,0.9983663395056207
fov0,1690,12695.290880503144,9105.512578616352,120.91275997842084,35.477422827071145,0.6113739770099705,1272,0.9559856601618127,1,0.6424872422972733
fov0,1691,12702.119751166407,10256.998444790046,63.970303820753145,38.44488670966317,-0.11315775961992514,643,0.7992639023364245,1,
fov0,1692,12699.253652058433,10132.584329349269,84.507025140822,29.0314862085528,0.8346945092094357,753,0.9391382930798172,1,0.6299481298927035
fov0,1693,12857.244573447753,8782.35323069157,374.97502357308764,211.93194619124324,-0.3972396397666839,7924,0.8249611074297811,0,
fov0,1694,12689.210191082802,15128.656050955415,16.80158128458996,12.99677205115899,0.20462902275526815,157,0.6337418960115857,1,
fov0,1695,12694.485714285714,15089.3,20.12870960907163,9.178721426467181,0.12582457325120555,140,0.8899790153594969,1,0.31531654951907684
fov0,1696,12719.977346278318,9293.42718446602,81.75141841380363,16.49294010739214,-1.0525854888771604,618,0.9794380807332114,1,0.775135219045914
fov0,1697,12818.906453269428,13793.438890790825,291.4081458514449,226.7243242254964,-0.7423017470274,11684,0.6282269346602579,-1,
fov0,1698,12771.3108348135,9378.548845470692,50.163253115933216,26.74947967650506,-1.408190636412053,563,0.8459586473656765,1,
fov0,1699,12801.730544747083,10255.193579766537,93.33482560548805,22.456201095877944,-0.22187976211942778,1028,0.9706247752362347,1,0.36749788330385136
fov0,1700,12779.994791666666,17859.034722222223,42.94760572001516,23.9272066180878,-1.498856089385839,576,0.8304283047146702,1,
fov0,1701,12857.892340275326,18997.475467702083,261.05409818622644,215.99310821204634,-0.8850729572650776,8499,0.5616302967352294,0,
fov0,1702,12777.936454849498,13834.923076923076,22.994940091188926,19.40890401056675,1.2229930423833277,299,0.5362627853333398,1,
fov0,1703,12791.19733924612,13931.625277161862,34.708913999994536,17.167371572897192,0.009448791367637283,451,0.8691151090334583,1,0.5696936735997569
fov0,1704,12806.462929475587,17340.17540687161,59.70723889713222,23.640306367116988,-0.7042247901943024,553,0.918277667443587,1,0.2896560340846416
fov0,1705,12830.942714819426,9149.516811955167,99.28936288790615,28.541835494312554,-0.3189703700823916,803,0.9577922953998295,1,0.46077908138289964
fov0,1706,12811.0,17918.308917197453,39.33118904251605,25.31462135211748,-0.5370114972868315,628,0.7653391952878474,1,
fov0,1707,12839.671689644118,8430.40974671369,127.26716294505809,72.96524316557539,-1.0087795108612214,3119,0.8193291607336826,0,
fov0,1708,12864.499197063547,16557.18628125717,154.5870771105008,123.98655667904818,-0.21591059371772225,4359,0.5972569680485923,0,
fov0,1709,12820.541062801933,10320.874396135267,34.01973262312078,8.769822886748386,0.22333867977004915,207,0.9662019431448983,1,0.43096461587471985
fov0,1710,12868.96822742475,17250.75710702341,119.05261830103942,76.54501544720844,-0.9763696050314439,2392,0.7659072036715038,1,
fov0,1711,12876.86656394453,16228.665331278891,139.6066556670546,109.65429209104097,-0.3093498576538494,3245,0.6189228929822752,0,
fov0,1712,12916.50195019502,17730.594659465947,258.2865912501513,195.18944042986413,-0.4167246642041518,9999,0.6549078295402092,-1,
fov0,1713,12884.936835522201,9489.90243902439,205.30402427964486,133.60887805461786,0.26128458636587193,3198,0.7592616535760065,1,
fov0,1714,12928.41315882561,8982.547576936682,276.3713447638655,34.855493681578324,-0.28128539832392224,2827,0.9920152043816939,1,0.4070772424540098
fov0,1715,12903.662154845695,19822.583107742284,205.2800567674214,36.250858433743375,0.15979306248390565,1847,0.9842841013438652,1,0.4030946118874296
fov0,1716,12875.469111969112,9093.416988416988,80.38967372871552,20.757478348654825,0.8364895501697217,518,0.966088611875829,1,0.41485012489691414
fov0,1717,12855.134615384615,17754.24358974359,18.743411570841086,12.066443245654057,-0.1571909104768161,156,0.7652191718088324,1,
fov0,1718,12933.632873021219,20694.13843044796,138.79360005226914,91.718208716428,0.19601822003952932,2969,0.750540475491763,0,
fov0,1719,12880.178233438486,18392.48264984227,37.55469440860914,22.524490162491425,-1.547744406611502,634,0.8001662391248557,1,
fov0,1720,12888.75376884422,17866.834170854272,29.771889648031035,9.691907144450036,-0.24786890021687558,199,0.9455286604975452,1,0.3692438513530712
fov0,1721,12905.245166959578,9922.818980667838,48.67475826789959,45.930745737723846,-0.27056870013386447,1138,0.3310148241173241,0,
fov0,1722,12918.685774946922,8592.670912951167,69.45484834498595,11.91861135209448,0.08521050024140735,471,0.9851663070077602,1,0.3646184403147793
fov0,1723,12907.972972972973,14088.724039829303,87.56652217913752,19.616104054536756,-1.3101512458738196,703,0.9745859862979107,1,0.671206131451549
fov0,1724,12908.738461538462,17830.938461538462,17.877364066067617,9.5167169437024,-0.5827883511391251,130,0.8465348273593799,1,
fov0,1725,12926.510429447853,10376.201226993866,58.13898306945602,26.330494108485293,-0.9045823892606634,815,0.8915670123088281,1,0.5188621836780959
fov0,1726,12929.42251223491,10322.814029363784,67.80546051816494,17.87509075580269,-0.8385024820923633,613,0.9646257418414843,1,0.49178502974900407
fov0,1727,12954.9,9442.861818181818,74.55789372815256,14.184770095289386,0.9828095903172134,550,0.9817353359745581,1,0.8977699337255396
fov0,1728,12964.589949748744,17023.757788944724,57.371635607997106,35.592531776297825,0.27562926463811965,995,0.7842970172034756,1,
fov0,1729,13057.817159336699,14115.905984138428,237.52713265505702,115.99012869914964,-0.042419633307923726,6935,0.8726625706695739,1,0.34996786279110187
fov0,1730,12975.475994513032,9069.894375857339,82.49943747716057,20.26283272529862,0.4923608911427043,729,0.969368278445301,1,0.2947534462451187
fov0,1731,12965.76549865229,14169.21832884097,44.48122406004673,14.786321893528365,0.4309666901245182,371,0.9431324593873172,1,0.5076806898634215
fov0,1732,12968.375457875458,13753.408424908424,96.55150348634128,18.775810337301973,1.2925721285459526,1092,0.9809096172031594,1,0.9409053570215614
fov0,1733,12963.687830687832,13859.47619047619,25.175684648111144,11.234052648978185,-0.019835364458578652,189,0.8949201572341884,1,0.5543641979549537
fov0,1734,12967.372294372295,9774.87012987013,30.75212320027324,11.198771480117676,-1.073884564713737,231,0.9313354068629495,1,0.6964909824717437
fov0,1735,13032.789731051345,9402.284841075794,90.70994988732319,18.657580226340166,0.21380633866003432,818,0.9786184727977004,1,0.5925580245394063
fov0,1736,13017.11009174312,17117.968399592253,64.3372243366586,31.372185272277125,-0.7222301748751878,981,0.873055385258212,1,0.3264279317598562
fov0,1737,13060.583995852057,17616.614068441064,160.02229653676144,127.18575877679233,0.48056783003869125,5786,0.6068711457920101,-2,
fov0,1738,13010.334,13928.994,31.722093666645975,20.260387493938488,0.9064483273745709,500,0.769469295614933,1,
fov0,1739,13015.567010309278,13771.005154639175,24.429115123440532,10.420621959609104,0.7081711332431226,194,0.9044565913871339,1,0.7035486759690132
fov0,1740,13033.947727272727,9303.824242424242,168.02276331431892,20.404864423724423,-1.3661904179058433,1320,0.992598643026393,1,0.7591919685321837
fov0,1741,13024.761904761905,9488.37037037037,25.636310676340273,10.124906759260059,-0.2690934453268615,189,0.9187052012817589,1,0.5043901621101641
fov0,1742,13046.36607142857,8903.3625,61.90954047194473,23.44578902580231,0.6142705895414293,560,0.9255152111880454,1,0.32950744084423406
fov0,1743,13035.86563876652,13824.986784140969,53.61124542303211,13.767451564888184,-1.3337588580118829,454,0.9664641523405115,1,0.8983558103376289
fov0,1744,13068.887971698114,9958.357900943396,74.29833714171032,32.78758409962461,0.03325931158114807,1696,0.8973614333554499,1,0.5215217123060589
fov0,1745,13035.243027888446,8680.95219123506,18.868428440920244,17.06528476230354,-1.182648218110233,251,0.42660946464410104,1,
fov0,1746,13072.239685658153,13818.444007858547,54.15678846216321,12.551435494434626,-0.9885008321439764,509,0.9727727402994976,1,0.7557903769743969
fov0,1747,13073.732113144759,9176.657237936772,31.29513771888663,24.684141343358753,-0.15476295306873888,601,0.6147099501337218,1,
fov0,1748,13087.23697148476,16913.91248770895,69.3113201400834,22.472216347524572,0.34970810223938387,1017,0.9459812127197349,1,0.5301685856300131
fov0,1749,13163.933892731602,20153.19208527044,232.412238718506,206.77192446864012,-0.7867644153952432,8819,0.45658959818403466,-1,
fov0,1750,13117.932182985554,10379.497993579454,184.30823734268674,48.32360150434427,0.6969269242367425,2492,0.9650165296468904,1,0.7809532481950145
fov0,1751,13075.155844155845,18109.987012987014,26.204641063344884,8.533556915067091,-1.5469758146140784,154,0.9454901855359407,1,0.9210568083764885
fov0,1752,13153.13396921743,19317.97420333839,269.8141141868288,59.69589106475709,-0.8998237869232124,4613,0.9752175282940547,0,0.6409925062919586
fov0,1753,13155.214972814721,14935.355081555834,146.8049943325546,59.72505919794947,0.4432429431490413,2391,0.9135027237907385,1,0.2848599755208036
fov0,1754,13096.157777777778,16976.284444444445,25.850216805519565,22.294446404662068,1.332404303974367,450,0.5061470871502746,1,
fov0,1755,13118.002954209749,18059.432791728213,72.80484910321621,13.431004278370555,-0.46262012132151126,677,0.9828363563406703,1,0.57059213762411
fov0,1756,13101.924137931035,13988.924137931035,19.74979329470737,9.70439571573278,-0.4000395123329482,145,0.8709526504832211,1,0.3052218161992586
fov0,1757,13144.189804278561,9976.969503868911,87.73287037187194,70.42978699711068,-0.5896406301982781,2197,0.5962815727888803,1,
fov0,1758,13118.357692307693,19559.26153846154,26.35158071585446,20.54616662559165,0.7953983774942696,260,0.6261608651488952,1,
fov0,1759,13124.871499176277,22117.062602965405,63.48344585001447,13.583459445316636,-1.2035472379619372,607,0.9768405546098748,1,0.3302844949867764
fov0,1760,13143.07001321004,10367.313077939234,64.5101759384522,18.734690727486107,0.6645196995048495,757,0.9569009436990853,1,0.7671181640012739
fov0,1761,13135.916948008102,10236.374746792708,68.81879081318894,28.68015359185171,-1.5018868110777335,1481,0.9090216586493455,1,0.803311519273804
fov0,1762,13170.094339622641,19492.11590296496,150.98031883026047,11.785451287257377,-0.6455918417794897,1113,0.9969487004179651,1,0.2963713841009661
fov0,1763,13160.75,16629.683215130022,103.52937452041738,45.7672091899291,-1.0855762630870491,1692,0.8969806563647862,0,0.7922817826399364
fov0,1764,13268.226846616815,15663.079409082618,643.3665884270778,262.86175866045784,-1.5563562659598478,27415,0.9127259643405248,-6,1.020423041280922
fov0,1765,13231.225038799794,19890.755302638387,94.04868634810455,78.33492390063334,0.5871547889420375,1933,0.5533951439567216,0,
fov0,1766,13267.850889192887,16415.74418604651,163.44218474703322,143.0763030636305,1.354997032723718,5117,0.4834101739695802,0,
fov0,1767,13219.227979274612,20015.15025906736,28.68698476078048,9.609409549028744,0.07292324057354967,193,0.9422271790670398,1,0.37380985417076484
fov0,1768,13229.012658227848,11040.716455696203,39.28711256567861,18.27008182578779,-0.4304351432938455,395,0.8852896291156855,1,0.7029804327838048
fov0,1769,13278.572309273055,10888.493706652967,195.3276074339176,51.91060230918516,0.6509705934140004,3893,0.9640387463111291,0,0.33513045353625337
fov0,1770,13231.928497409326,9424.421761658032,130.66183897055714,37.66121755240263,-1.3017965928309612,965,0.9575599278335536,1,0.4638402716281754
fov0,1771,13270.115621788284,16028.176258992806,115.86241482984694,50.22796678111551,-0.43347555668289167,1946,0.9011468817633155,1,0.8022595963459765
fov0,1772,13233.171875,10112.359375,13.444690108743014,12.15324011858022,0.08393413954303235,128,0.42765191948082093,1,
fov0,1773,13254.176954732511,13806.839506172839,31.15325961632707,10.917647191545518,-1.0987706896024116,243,0.9365815938307974,1,0.4886616218044608
fov0,1774,13277.909410729992,27338.759894459105,57.76828783093812,25.344102635345674,1.0120831151564276,1137,0.8986238204840635,1,0.7722200666687722
fov0,1775,13270.85294117647,15564.10294117647,18.24570061717174,11.67158501994533,-0.5997694207028446,136,0.7686333386674987,1,
fov0,1776,13285.263966480446,10525.891061452514,54.42700364114022,31.316636722662107,1.4250881228202226,716,0.8178806878923456,1,
fov0,1777,13279.40522875817,16203.006535947712,44.512689865444855,17.71306694182669,1.5264912480227042,459,0.9174144920899504,1,1.124701809497677
fov0,1778,13284.398625429554,10037.823024054982,29.101891656416175,25.527330176688572,-0.6058123819514205,582,0.4801784584977619,1,
fov0,1779,13294.7921875,27026.55234375,50.96555254993707,37.633796497649264,0.8754649004176432,1280,0.6743451023050191,0,
fov0,1780,13284.5,13758.80625,19.208459926713395,12.03056283986105,-0.45307622509137835,160,0.7795694070217756,1,
fov0,1781,13317.637236084453,9350.843570057581,124.8257350861565,47.66896809326618,-1.0285015877012569,1042,0.9242102066433802,1,0.3798645824894715
fov0,1782,13322.062980030722,27470.42242703533,99.15843278925108,51.39894956137873,0.9550930918013171,1953,0.8551674913154446,0,
fov0,1783,13328.594713656388,27286.569750367107,153.55861986484464,66.50492541166552,1.3636902093041163,3405,0.9013499850320188,0,0.8461983902308954
fov0,1784,13405.618712273641,9471.743209255534,192.33954984934334,118.86053456153535,-0.24020328115493536,3976,0.7861997865149611,1,
fov0,1785,13345.09513395298,10823.221432476763,162.98617099171116,69.23417886730368,1.3536108320825457,3658,0.905293980862916,-1,0.6970799098639036
fov0,1786,13329.253144654089,18160.546383647797,116.82771890332211,56.00447381118118,1.5341039650157988,2544,0.8776092994323708,0,1.2399560424258813
fov0,1787,13309.652694610779,20129.74251497006,23.723536990794607,9.844270734205645,1.0657650160240124,167,0.9098405814856774,1,0.860344214363873
fov0,1788,13401.364976829098,13765.49726162056,243.9012714663179,134.78759572051317,-0.38000578707020893,7121,0.8334255257711916,0,
fov0,1789,13366.629695095007,10175.639195757843,129.26478246586117,95.15013010013327,-0.04145533458158734,4526,0.676886904105022,-1,
fov0,1790,13366.39453125,19206.966355846773,243.49943527699992,122.87280459003578,1.550514702699148,7936,0.8633460774559997,0,
fov0,1791,13319.794392523365,10533.177570093458,14.752173667309792,9.765280704002906,-1.1780810806063295,107,0.7495432454785472,1,
fov0,1792,13321.95890410959,25558.19178082192,14.533338200481934,12.825573974675518,0.06149202572348533,146,0.4703249180764532,1,
fov0,1793,13447.361083743843,17513.211740558294,329.19765678405753,140.78026575975176,-0.6742342741845461,12180,0.9039459978565241,-2,0.24551369500535894
fov0,1794,13341.077826725405,10340.0234948605,41.913950827037944,38.41976407041829,1.3239549454226136,681,0.39972690639714703,1,
fov0,1795,13367.301813471502,15522.238341968912,95.84609775731064,22.090454680438118,0.6426570690363274,772,0.973077442913975,1,0.687550383489239
fov0,1796,13389.281011781011,17132.26819126819,118.0075337069268,69.23117282494734,0.42956850445181544,2886,0.809827983785104,1,
fov0,1797,13364.916063675832,10055.554269175109,63.052679906558325,18.750475119786913,-0.06342852046393861,691,0.9547598492237813,1,0.40689522004457895
fov0,1798,13378.84643114636,16877.953857245855,70.03138807195964,63.87077507231795,-0.2253198449365115,1387,0.41012196165431164,0,
fov0,1799,13360.831125827815,19977.158940397352,29.599081932258283,15.672583918501275,-1.097959886907753,302,0.8483126781281783,1,
fov0,1800,13396.351998193722,18735.555430119664,146.31731758522199,90.59624301428822,0.9762006976115775,4429,0.7852518546294777,-1,
fov0,1801,13392.788522848034,15140.981934112646,54.39523395285989,35.55654240697805,-0.20165120806787162,941,0.7567795550017165,1,
fov0,1802,13600.564087495919,11077.93685928828,621.8613940586572,107.69322441894197,0.6345351180727172,15315,0.9848903975538359,-4,0.1563912993043382
fov0,1803,13459.663613920522,27637.85657402246,373.95968775741073,197.72750563248653,-1.1294971683755939,12557,0.8487837426612328,-1,
fov0,1805,13493.483052112886,19862.593250709273,291.1697305169256,88.41070886668983,-0.699053705262001,6697,0.952786908205986,-1,0.5125678450829849
fov0,1806,13431.782638414217,25796.82159945318,83.50343495025164,38.039408872361825,-0.7158620344195266,1463,0.8902137584983041,1,0.6991232608523172
fov0,1807,13521.010498075353,17022.85664294879,267.98243474263097,139.31786538645466,-0.7712623497535934,8573,0.854241216266532,0,
fov0,1808,13450.389411764705,19480.402823529414,153.16315102674187,78.5486963182048,-1.4328910733746267,4250,0.8584822340900238,0,
fov0,1809,13456.035059760956,10325.032669322709,79.99527902114706,36.83327171900582,-0.2649232347002063,1255,0.8876892366639819,1,0.2557850411982397
fov0,1810,13456.364648573417,25674.038274182323,73.77340932723477,56.81246373142253,-0.2880074057141324,1437,0.6379303651715248,0,
fov0,1811,13446.024940617577,20091.88004750594,38.172988057711635,28.339784449661497,-0.10657618973179571,842,0.6699523041386378,1,
fov0,1812,13463.805260495701,18835.744562468386,85.93636138237109,65.65030668839759,0.3561573637012042,1977,0.645286141757471,0,
fov0,1813,13460.918871252205,14009.249559082893,66.68444715152535,50.624998592428106,0.5669558648156293,1134,0.6508894776518165,0,
fov0,1814,13455.968193384224,20318.70737913486,57.5126308767522,20.51847371619175,-0.7311360552888556,786,0.9341942963768429,1,0.49898503215260853
fov0,1815,13492.022319474836,17914.292778993437,204.50149055247854,49.590672905899844,-0.727837680319626,2285,0.9701525528858781,1,0.27481544269296493
fov0,1816,13465.35546875,10754.71875,68.88863927449619,29.51756723364438,0.9671938399756841,1024,0.9035501430177604,1,0.5323446595986738
fov0,1817,13475.682593856654,11174.35039817975,98.10444399753487,44.88560505229937,0.8349812456920608,1758,0.8891948209882802,1,0.34018986532114215
fov0,1818,13481.804285714286,18052.13142857143,104.81041903900787,26.027040170777273,-0.44381143200728973,700,0.9686767924310288,1,0.5598253303738424
fov0,1819,13460.15652173913,19363.852173913045,33.19909840026193,15.088914511989136,-1.4728564232356538,345,0.8907479009124121,1,0.8440909708560581
fov0,1820,13486.834319526628,22485.811561219845,123.84056204978204,54.02476603597673,-0.9313346102517603,2197,0.8998281626937811,0,0.5041834947641526
fov0,1821,13485.658097686375,10204.051413881749,78.19015690996672,42.56255333273929,-1.3651103344525173,1167,0.8388603446989311,1,
fov0,1822,13475.724444444444,10647.25111111111,24.642827394610407,23.28644169128066,0.5897884633307737,450,0.3271910908778291,1,
fov0,1823,13491.515432098766,20333.44135802469,41.33721334479068,12.421234701241419,-1.0588293699385596,324,0.9537863716590758,1,0.6139822225451759
fov0,1824,13495.507430997877,27299.36093418259,32.35786296429959,19.577170651716745,0.6234403824483775,471,0.7962098883292441,1,
fov0,1825,13502.582524271844,18208.479611650484,77.84483146026254,11.597647814576252,-1.1506207492129439,515,0.9888395806615904,1,0.7150818841492317
fov0,1826,13576.052275522756,19708.58364083641,218.49723325814145,36.29622498753932,-0.5576683332962861,1626,0.98610595764772,1,0.23660896647353585
fov0,1827,13526.270622286542,26987.980221900627,102.36556991052173,51.6542379155656,-1.5255131342017356,2073,0.8633499911762854,0,
fov0,1828,13574.712709994908,26004.736127609027,173.8276644926031,136.89050570158562,0.29843007861198567,5893,0.6163056844466767,0,
fov0,1829,13581.23312236287,27821.768284106893,149.50872131458217,34.97125797496845,-0.07662008153462987,2844,0.9722587799453094,1,0.5787694563023617
fov0,1830,13583.407538659794,10603.305090206186,247.70131997727734,89.97417793896973,-0.6335693240009643,3104,0.9316969431969565,1,0.6485733667422762
fov0,1831,13626.726649628254,19145.157876394052,632.9778621375027,165.61614857677603,1.364490082930589,17216,0.9651638989235705,1,0.9436628085639741
fov0,1832,13545.851318944844,10505.779376498802,54.549650721537496,14.981019035331663,-0.34524489956692433,417,0.9615497257964654,1,0.5418826432899603
fov0,1833,13566.589658048373,18540.157631359467,81.19062607491777,56.4603362498335,0.21235533931413017,1199,0.71861840938623,1,
fov0,1834,13582.55,27956.287447698745,176.27528968900808,87.17483020438371,1.4384920002134836,4780,0.8691560049778236,-1,1.1247171613175193
fov0,1835,13553.131346578366,11820.971302428256,47.02134530835419,35.76285815618656,-1.5245048712487554,906,0.6492600862374038,0,
fov0,1836,13560.42019543974,10715.221498371335,37.08145773572612,21.761225152910338,0.4071724862400505,614,0.8096962231974165,1,
fov0,1837,13564.99413489736,17791.266862170087,81.14609896699204,12.956070967820636,-1.166356081181861,682,0.9871714965686896,1,0.40838208918906005
fov0,1838,13556.625429553265,18588.635738831614,24.499183835059114,17.52718553136042,1.080660699975493,291,0.6986955165444233,1,
fov0,1839,13588.043062200957,25120.545454545456,58.19652339414624,33.27620213273631,0.8376063314719483,1463,0.8203998779129874,1,
fov0,1841,13576.57142857143,18635.836734693876,23.349854930855827,8.709442254502386,0.8390789262368596,147,0.9278322658539102,1,0.8544629612988673
fov0,1842,13598.928057553956,10217.510791366907,46.31546166515162,23.416406817012877,1.252449475672833,417,0.8627767484032131,1,
fov0,1843,13596.745989304813,16197.299465240641,26.064973250323163,19.072342114088947,1.1294617471513193,374,0.6816020512344249,1,
fov0,1844,13631.262319377547,18583.334197851054,186.3828896445609,67.52633916739619,1.443067295135949,2699,0.9320619167153021,1,1.1092817520113505
fov0,1845,13629.883817427386,26209.232365145228,165.16254566506504,66.13318408001552,1.0671867534510373,2892,0.9163349027569654,0,0.8519952780859681
fov0,1846,13617.76797385621,17741.549019607843,45.89489899739641,11.633858193188122,0.14202530872662616,306,0.967338234042161,1,0.4662354471361146
fov0,1847,13656.621786376889,27624.803339517624,173.26810543599638,77.29026197585387,-1.0831175448564396,3773,0.8949964698569507,0,0.7143410668284826
fov0,1848,13615.374663072776,16098.137466307278,42.037335052635285,18.224605719700428,1.2601245609422405,371,0.9011373047088781,1,0.46016699918964743
fov0,1849,13631.181244364292,19857.082957619477,61.8172444631429,47.37892618374213,-0.8320522049224238,1109,0.6423213647024396,0,
fov0,1850,13662.883323152108,10673.119731215638,118.90576551640578,63.79944686926931,-1.2394147311810997,1637,0.8438655450962825,1,
fov0,1851,13618.581081081082,12481.306306306305,17.439162901343078,16.26245468490968,-0.4056527010431167,222,0.3611055236374159,1,
fov0,1852,13652.144843049327,26355.7331838565,106.00573388021645,63.847325387609246,0.8107540399759959,2230,0.7982693112506085,0,
fov0,1853,13684.991055456172,27024.181395348838,170.6856317345426,153.3767739164679,-0.464711531048195,5590,0.43878479238414875,0,
fov0,1854,13632.93488372093,19542.339534883722,34.091594873176525,9.417429757238283,0.12673585797624445,215,0.9610889592728344,1,0.4999207876203602
fov0,1855,13646.652522017614,26895.209767814253,47.878819914149034,34.09048622000767,0.2712496252584597,1249,0.7021632320489558,1,
fov0,1856,13841.668826637424,19883.445618582395,388.4876369723927,196.78168565086463,0.6032052809962588,10031,0.8622207603234577,1,
fov0,1857,13648.561527581329,11459.956152758134,60.33553428263166,18.72941033286878,1.254920650525605,707,0.9505992163922128,1,1.1439599471688182
fov0,1858,13679.516757865937,20047.144664842683,118.52724067576847,82.42676378558073,1.2037562594903792,2924,0.7185990320118558,0,
fov0,1859,13682.42418032787,19502.26536885246,79.42756874440933,44.437024796002945,-0.289203315758542,976,0.8288532958840793,1,
fov0,1860,13679.30977872948,11896.980728051392,76.24043965153483,49.40159739316123,0.016931443526724776,1401,0.7616649684385128,0,
fov0,1861,13807.006091757092,19742.145059965733,297.55229402273665,114.18836147072237,-0.011238769614940042,5253,0.9234332969890835,0,0.22880771063141522
fov0,1862,13668.77380952381,19188.690476190477,15.43042649819237,14.126233190804275,-0.2691756828263627,168,0.4023654936170433,1,
fov0,1863,13716.346522282382,26437.421907538526,130.42702809419853,72.89081263496327,-0.5373442404962897,2401,0.8292601422181747,1,
fov0,1864,13709.189598420013,16688.286372613562,141.18445801296141,64.29661161076304,1.1398337247562238,3038,0.8902825606062893,-1,0.8002441295411978
fov0,1865,13691.31417624521,17787.568965517243,27.71016147065747,24.321780675856957,-0.9282919874343414,522,0.4791727007530286,1,
fov0,1866,13687.747448979591,18666.79974489796,102.58450480648773,11.385726970521656,-1.470423319386169,784,0.9938216616587446,1,1.2053035697039682
fov0,1867,13706.184245660881,19421.608811749,57.994838652675746,22.103884887356283,-0.792977015659643,749,0.9245192382297255,1,0.6266029635568092
fov0,1868,13736.372727272726,19625.944155844158,95.63423648908785,17.048650027270696,-0.2278855870094,770,0.9839817328548099,1,0.19377454606019406
fov0,1869,13704.88275862069,28068.627586206898,36.62573108459958,11.944971267061065,-0.29226210272040637,290,0.945322842652768,1,0.5650130724067892
fov0,1870,13718.698113207547,14854.480274442538,75.02909163582066,13.695456316737335,-0.5899796680034213,583,0.9831993039206558,1,0.43675822998650354
fov0,1871,13773.079855465221,24666.56711833785,211.41412872759653,131.35725820749735,-0.8586865752305799,5535,0.7835515567607811,-1,
fov0,1872,13771.068309260832,27183.365165675445,201.2396300348771,99.5459942869347,-0.948124347587275,5885,0.8690843209486535,-1,1.0004744764967017
fov0,1873,13722.724890829695,16996.910480349346,60.65367737246324,10.381462939932723,-1.1250784435807504,458,0.9852433049663331,1,0.685093213245253
fov0,1874,13739.11475409836,27891.09318377912,64.89444233093683,49.23020216854861,0.39188385956560334,1159,0.6515336948665481,1,
fov0,1875,13744.021298174443,24072.41480730223,107.37455717634235,16.83763754054136,0.8997235252049833,986,0.9876284436350868,1,0.6839318745729522
fov0,1876,13746.247091033538,25746.109514031486,75.77826406333286,72.43207281390214,0.15125029294370995,1461,0.2938799617178312,1,
fov0,1877,13751.159663865546,25424.106242497,60.0895346498645,39.786242088922805,-0.7410260899349776,1666,0.7494013662448248,1,
fov0,1878,13811.569452561855,22524.270017533607,185.00771725203748,96.64450790906233,0.18558257330279201,5133,0.8527122248933283,-1,
fov0,1879,13856.712081784386,10703.308550185873,235.22848998463468,223.9753374009342,-1.0206033702247412,5380,0.30559759541927,1,
fov0,1880,13763.978571428572,15889.890476190476,50.35547746593095,13.055666368497345,-0.5269188460034996,420,0.9658048712485015,1,0.8334469209626842
fov0,1881,13813.149898028552,11295.898368456832,137.89200960816063,55.097037995512636,0.17404386491278376,2942,0.9167041792001273,1,0.5931280312329141
fov0,1882,13759.757142857143,15924.533333333333,30.31738872611467,9.51836390811213,1.092078453384698,210,0.9494371210892522,1,0.41006317235122824
fov0,1883,13797.602760736196,27382.581288343557,65.2531472649363,42.796536098663964,0.2232157757266853,1304,0.7548877809279165,0,
fov0,1884,13832.187624750499,11999.388423153692,175.92444819965178,20.421060192565356,0.8196391127117438,2505,0.9932400330173432,1,0.790293347749046
fov0,1885,13803.653296128357,25097.816881757935,109.83548748019096,74.96018908884292,-1.0222236364363895,2867,0.7309071113121997,0,
fov0,1886,13797.268031642625,26189.845044206606,95.9538839341036,72.5703057751808,1.0698043620298245,2149,0.6542203503644191,1,
fov0,1887,13782.916666666666,10980.235632183909,21.514524330887706,20.64448441604388,-1.416480293107787,348,0.2815030051916763,1,
fov0,1888,13794.22480620155,11671.472868217053,20.367765438963506,8.258917400312864,-1.3705830527101062,129,0.9140996503506066,1,0.8558408229305932
fov0,1889,13801.930107526881,10911.150537634408,28.56050562572732,9.75984750241585,0.8031742191052892,186,0.9397998807016704,1,0.2065138439579785
fov0,1890,13828.773775216137,18224.054755043227,106.14185928698599,15.650772370717679,-0.6071118797430299,694,0.9890692929438494,1,0.37485617792257836
fov0,1891,13828.824595469256,11427.359223300971,144.543390754302,57.50460342024035,-1.200285837358361,1545,0.9174564307534485,1,0.7058682771932199
fov0,1892,13804.179487179486,11646.297435897435,27.0264541679625,12.581991162083565,-1.3620827029485758,195,0.8850249780908221,1,0.7597138386526501
fov0,1893,13907.871434581406,23791.34598233067,474.94248302690886,150.23137824569048,-0.868122744729463,11885,0.948654253000175,-3,0.8575963728570761
fov0,1894,13820.058544303798,11075.428006329113,45.75579317797264,38.4512349654648,0.45420750526996695,1264,0.5420321652281775,0,
fov0,1895,13878.153041685078,26600.006922963617,171.97856644348585,164.23878507001362,0.5065500672669787,6789,0.29661976297899,0,
fov0,1896,13865.408763505402,16194.992396958784,189.2662784615885,110.75822960084054,-1.0350362305943923,4998,0.8108905057056126,0,
fov0,1897,13829.809264305177,15867.59128065395,46.154479203298024,20.73426363982163,0.9513465990803565,734,0.8934130182841639,1,0.38588109325540737
fov0,1898,13851.385185185185,18328.216666666667,73.275368904001,11.89627020402619,-0.5836662599851239,540,0.9867332036502896,1,0.5473765242179093
fov0,1899,13840.616858237549,10921.07662835249,23.90438252114968,16.997403637322428,0.6463395806465687,261,0.7031333078550848,1,
fov0,1900,13861.22630834512,27322.939886845827,70.45359093555983,52.443947060214775,0.6310717316249695,1414,0.6677609532416369,1,
fov0,1901,13860.76997084548,27068.84635568513,191.97504167806912,49.21532255494932,1.4066456529590687,3430,0.9665805427419761,0,0.5908808848328426
fov0,1902,13895.417438692099,27678.020572207086,325.2617362260748,70.71780221275546,-1.4924174157400145,7340,0.9760785581693983,-2,1.0661007970805974
fov0,1903,13862.698630136987,11134.994520547945,22.274482212927968,20.891220551102446,0.06433999010166007,365,0.3469077169103802,1,
fov0,1904,13948.516783097632,10959.31640824672,351.92143469846405,154.75223627115494,1.144842785404208,5869,0.898127479468111,1,0.431158530671026
fov0,1905,14099.126983255559,20811.72522646171,901.7315135206657,234.11911491567258,-0.9811858836048103,36430,0.9657074027548128,-9,0.16568427561998297
fov0,1906,13928.322077922077,17989.571428571428,52.940847754790504,10.01936110773182,0.5816037902078789,385,0.9819278242729584,1,0.6973459734313305
fov0,1907,14002.951464435146,26430.71631799163,231.5758218315052,176.01415641601167,-0.498164417446822,8365,0.6498395837109076,0,
fov0,1908,13976.884065202927,26079.427811044578,239.3873754744403,149.54155536615787,-1.072564681869078,6012,0.7808773395638701,0,
fov0,1909,13944.447871684146,27128.98704503393,168.63402873037225,47.0038390004726,1.3118613571694324,3242,0.9603686859693051,0,0.9009322830950353
fov0,1910,13939.454884414616,18937.96942580164,101.9296489254251,37.61406867698766,1.4682057583325876,1341,0.9294214946309486,0,0.7390477045809858
fov0,1911,13939.665263157895,20796.18105263158,49.80930593078877,41.84281353959313,0.9883705985594103,950,0.5424932502554257,0,
fov0,1912,13993.092463092464,10769.358974358975,176.89058036388573,35.93734695653957,0.08078495902298322,1287,0.9791452521816592,1,0.38920828939990804
fov0,1913,13947.131713554987,24657.8631713555,40.58518681206495,34.54489660992484,-1.3845567792880855,782,0.5248899874521937,0,
fov0,1914,13950.314112291351,19278.25037936267,53.351365488744555,34.781564524836206,-1.0545413524856802,659,0.7582757886589226,0,
fov0,1915,13964.31757119828,15829.194519075765,118.94355098587862,49.99248598369609,1.2377894021586087,1861,0.9073832129089169,1,0.7322192114610913
fov0,1916,13968.693730729701,19118.538540596095,57.22037579753257,36.87438476953006,-1.5024654607079522,973,0.764665399831692,0,
fov0,1917,13958.626016260163,18957.52032520325,13.971308957337321,12.075186429788612,-1.2583142027238106,123,0.5030032030094351,1,
fov0,1918,13986.547186932848,27593.770417422867,61.06106799013978,43.954223172584626,-0.311382373481428,1102,0.6941396176255774,1,
fov0,1919,13982.95294117647,23967.076470588236,23.249341849705687,9.781028513425232,-1.1238062181490431,170,0.9071992118126015,1,0.9674050109197877
fov0,1920,14106.6034470273,24072.923672966906,332.19594350939144,202.48192178622278,0.8659378819723591,13809,0.7927664092514092,-2,
fov0,1921,14136.316063193013,26468.762829947995,485.688490970924,136.4798970730359,-1.0222038303071506,10191,0.9597069052709182,-1,0.8063139678740625
fov0,1922,14052.195691202873,18249.712746858168,74.31883923866435,20.401837987847507,-1.3414673343850212,557,0.9615820421151225,1,0.3444452215863592
fov0,1923,14057.551724137931,20873.758620689656,23.40532414000841,16.456062076668747,1.4321193756251214,232,0.7111003355812606,1,
fov0,1924,14084.892947103275,25640.231738035265,95.54497575200065,74.41023065042069,-0.8723470465210172,2382,0.6272748702324482,0,
fov0,1925,14057.986111111111,21015.145833333332,41.53595173345821,9.596250104335857,-1.3676669331363418,288,0.9729454883922702,1,0.7590986640740852
fov0,1926,14091.919408999329,10709.75083948959,178.5341326384645,36.5499582181757,0.9270478856559753,1489,0.9788200489614994,1,0.6723748253770073
fov0,1927,14102.907416879796,14216.100767263428,105.76113180077651,51.925049399488024,-0.8604042495639176,1955,0.8711791094853876,0,0.6555749814514564
fov0,1928,14135.699374511338,18432.768960125097,173.7615435704085,50.01032355352573,-0.9175462973292242,2558,0.9576875056723224,1,0.1585103686168328
fov0,1929,14073.28990228013,20613.296416938112,50.0898390476056,9.03396766173762,-1.2361779585931063,307,0.9836015289872819,1,0.3149509161847083
fov0,1930,14072.4,18225.88,15.072816888817211,8.750988003430626,-0.10292303145826143,100,0.8142026413323955,1,
fov0,1931,14105.325788197251,12105.886822958772,74.19409988607299,35.73707280173332,0.3230870248625707,1237,0.8763526698118779,0,0.6480344533178183
fov0,1932,14095.153846153846,14280.60753532182,42.87374541118729,22.718889418095735,0.325578214480959,637,0.8480587966904534,1,
fov0,1933,14137.16652419217,14035.811420755685,218.14731531080199,136.46244760930426,1.4261058389042736,5849,0.7801826291954769,-1,
fov0,1934,14188.659206510682,13610.358697863683,319.1912960689739,154.38796782277754,0.9569183683980702,9830,0.8752422782873941,1,0.830864033629364
fov0,1935,14285.478181427343,22024.39821582115,491.4168586177843,76.86804145717612,-0.47190041320054166,9304,0.9876904328647953,0,0.4210576530160628
fov0,1936,14107.238549618321,17298.564885496184,33.25508074670388,20.31187163806775,-0.8011586524383496,524,0.7917926142534042,1,
fov0,1937,14134.320936639118,18036.57300275482,88.44383181219364,14.83237728264603,-0.56363012584054,726,0.9858374081269401,1,0.3611139476283137
fov0,1938,14154.271159245889,14670.163257119935,152.1000002131079,34.36609327920537,0.7840732317042315,2493,0.9741402756713271,0,0.5556231760970791
fov0,1939,14144.776993925143,21233.814226925337,187.05163140658408,91.2721266400681,1.4674665524877593,5103,0.8728707352820148,-2,1.2423263441248023
fov0,1940,14164.983526682134,15925.744779582366,255.76633384907447,64.42422093933739,-1.0775600783656467,4310,0.9677566463812618,-1,0.7894655130630452
fov0,1941,14140.465673230441,17548.42522618414,130.480101950122,22.346184916215567,1.173792740066552,1879,0.9852256520278437,1,1.074608373459743
fov0,1942,14134.671785028791,21879.08349328215,40.63034870721784,33.805925286773906,0.8774764966404236,1042,0.5547211767955287,1,
fov0,1943,14152.09958506224,18993.46929460581,89.38765598668084,77.34153496755826,1.3859941914855063,2410,0.5013625417460156,0,
fov0,1944,14138.825327510916,20550.25327510917,31.107314545594026,10.348065053197931,-0.8449807644149598,229,0.9430478986808183,1,0.1968134276514364
fov0,1945,14140.369942196532,20509.878612716762,23.98401921890619,10.281880714615804,-0.1880322608437268,173,0.903448256687722,1,0.39036689489051063
fov0,1946,14148.926886792453,14295.924528301886,41.430020952607585,14.177423640513384,-0.43692989286080497,424,0.9396265193493981,1,0.5885766706855238
fov0,1947,14174.93006993007,10901.643356643357,40.14050351938276,9.84623280020364,-0.15052271193240502,286,0.9694486856981884,1,0.5242189663621589
fov0,1948,14202.10858290112,28282.0737828342,308.7087350989123,60.748950638736794,-1.3053232303143258,5977,0.9804468590564671,-1,0.3033949210398439
fov0,1949,14199.68451143451,21098.4974012474,82.61738903327999,64.15613236428057,0.8699566759192965,1924,0.6300616140031325,0,
fov0,1950,14195.978036175711,14245.116279069767,118.14767366469636,41.558200568204256,1.4594488816619267,1548,0.9360947538838166,1,0.8834892867925394
fov0,1951,14191.708823529412,21729.988235294117,60.1402994376956,12.136371433504815,-1.0692846016022666,340,0.9794265485500837,1,0.8239925702095281
fov0,1952,14233.094304388422,17515.297852474323,140.38686922898845,18.909799318039013,-0.460017263757705,1071,0.9908867284682947,1,0.5083440425566546
fov0,1953,14201.530685920578,14157.393501805054,62.33979005340846,12.034617508518114,-1.157936548759404,554,0.9811891696014959,1,1.0488732869625599
fov0,1954,14240.103383458647,20855.89097744361,133.58776380335664,50.731484459330474,-0.5880160850058614,2660,0.9250844459499328,-1,0.2737434292624473
fov0,1955,14204.85606060606,21784.515151515152,42.64674667136802,8.55349359676851,0.5039768749238226,264,0.9796801627525045,1,0.5274814304171881
fov0,1956,14215.24064171123,14045.598930481283,27.1452754245342,10.814803847610918,1.1473666068701907,187,0.91720975681727,1,0.7762313672284951
fov0,1957,14216.880813953489,18966.441860465115,47.074485405971835,10.131223421378628,1.164669246076464,344,0.9765662797404905,1,0.7581766213212972
fov0,1958,14225.454484153743,19920.405933917733,70.42782423363062,34.07627576385431,-1.4399545196286063,1483,0.875152727484725,1,0.577746023949257
fov0,1959,14237.464130434782,25306.454347826086,53.28680265168254,29.437216032351074,-0.7412629053643849,920,0.8335594467718784,1,
fov0,1960,14221.34355828221,27411.70552147239,22.7097504142449,10.664306545565314,1.2320818175505552,163,0.8828837923012481,1,0.7558766719281941
fov0,1961,14237.968858131488,10771.529411764706,101.2754554372431,38.694320788558564,-1.3770034463840508,867,0.9241333552510353,1,0.9778088701396445
fov0,1962,14233.602649006623,14262.728476821192,22.040287345368935,9.238742795563358,0.24724296438699442,151,0.9079053452693255,1,0.48923133414706377
fov0,1963,14245.851028806585,28683.972016460906,53.166721120738764,39.61834977421733,1.4394465032331998,1215,0.6668723643342793,1,
fov0,1964,14333.765550239234,20150.44104579631,273.67189269183285,81.15363516427043,-0.795057629206841,5852,0.9550215997334274,0,0.24767055506495064
fov0,1965,14262.1,24622.218987341774,38.374062828150606,26.56280286001657,0.33642827321885155,790,0.7216988168693427,1,
fov0,1966,14261.056818181818,14200.125,35.36271664752784,10.483505670402828,0.7028439753095521,264,0.955046370279994,1,0.5563234765175445
fov0,1967,14309.241976659372,21872.690007293946,134.7419279552853,131.17971107664033,1.1645409029197518,5484,0.2284200702957024,-1,
fov0,1968,14269.402274342572,23438.400852878465,75.92671073856279,33.15478210830082,0.9743291993375668,1407,0.8996226209500655,0,0.7218613086189152
fov0,1969,14283.23204994797,28780.00277488727,115.37294721657808,61.11875879551272,1.3564019323621201,2883,0.8481541654830766,0,
fov0,1970,14287.271763392857,16458.129464285714,76.49228973918798,68.34032039598362,-0.09624904949315885,1792,0.4492072802779228,0,
fov0,1971,14334.30046354825,24829.356651215057,188.3814529175328,143.58747775697094,1.4108699374698286,7119,0.6473220190370571,0,
fov0,1972,14289.713178294574,16622.711240310076,38.80509159162551,33.90334740992495,0.13350020142545121,1032,0.48649571403380665,1,
fov0,1973,14326.985368314834,20757.454591321897,130.85177002463152,33.648654529621915,-0.7161398187041466,1982,0.966371252940499,1,0.15282849126695544
fov0,1974,14296.040963855421,18163.62891566265,26.01068201638449,20.530784453040816,0.10729024435058891,415,0.6139804063513626,1,
fov0,1975,14311.815789473685,28626.849364791287,50.70818248340923,44.48486365167193,-0.5883574641370244,1102,0.47999376186804443,0,
fov0,1976,14318.277227722772,23392.794719471945,74.38234187117165,50.287420683618485,-1.0313475303596649,1515,0.7368404744837137,0,
fov0,1977,14523.119171575147,22162.605092152764,518.8233600608748,302.4895147789897,0.48587782845748767,26315,0.8124507208516808,-5,
fov0,1978,14364.510688328346,28169.42817443352,277.28851472585137,49.08368509183206,-1.0748003111102788,4678,0.9842085048066492,0,0.4008929530338876
fov0,1979,14308.070175438597,14231.57456140351,33.02639113257473,9.824883781918764,1.5451061341227035,228,0.9547262296974011,1,0.7789267962197507
fov0,1980,14409.666782457663,18624.554233608338,404.3394695318975,134.65074778318342,-1.0377716637344359,11515,0.9429218439828798,-2,0.777749095272942
fov0,1981,14379.399159663866,22675.96638655462,107.73100401919045,39.38350008388234,0.3808838878268159,1666,0.9307828401665101,1,0.534495137242792
fov0,1982,14421.098048220436,28604.704247990816,242.80117157072252,59.27151800587699,-1.0420044479288697,4355,0.9697461758462783,0,0.5340266217979963
fov0,1983,14381.905806451612,17590.854193548388,50.13893417932865,20.49453130442373,-0.8371773442722481,775,0.912644231020665,1,0.6688034825814743
fov0,1984,14442.812487650663,25701.442402687215,182.05399522033548,150.02342648685772,-0.3361108494669188,5061,0.5665024405400017,-1,
fov0,1985,14466.90243902439,28808.46570918671,496.8229700311542,127.30533401327071,-1.3158531245981013,11767,0.9666135032292115,-1,0.6260751083199403
fov0,1986,14410.275689223057,11166.744360902256,24.152447929148128,21.187350715883703,-1.4653550782531146,399,0.4800628591801147,1,
fov0,1987,14446.148306595365,16325.757575757576,110.50072153372889,68.72902891749557,0.958388801530008,2805,0.7830346365997481,0,
fov0,1988,14455.932562620425,16235.783558124598,106.81845675021081,74.68253161527687,0.8374447789289813,1557,0.7149712876106061,1,
fov0,1989,14473.202442748092,19340.41099236641,252.0597326889152,55.548613999986024,-0.8977436705347456,3275,0.9754143721938923,1,0.9036559222707398
fov0,1990,14422.246031746032,27074.579365079364,15.063984331846415,10.767710852931778,1.2435171419656088,126,0.699330641784602,1,
fov0,1991,14443.20708955224,28161.28171641791,74.21222353429228,22.9052303202676,-0.7361086801426077,1072,0.9511773103495584,1,0.3535152462596281
fov0,1992,14439.867549668874,16511.719646799116,78.87490959702006,15.486539203412631,1.1158119148667698,453,0.9805352682435876,1,1.0677745361553748
fov0,1993,14432.146739130434,29074.42391304348,17.75168549192703,13.266715269024044,0.44694991108404186,184,0.6644310024995351,1,
fov0,1994,14448.275167785236,18122.691275167785,36.5372769119852,18.388551255179355,0.8604441483507832,447,0.8641222706021345,1,
fov0,1995,14457.18686006826,25502.418941979522,56.96742125803007,49.284034088164866,0.060857533558454815,1172,0.5015534729829288,0,
fov0,1996,14473.392508143323,14042.312703583062,96.53565848301162,47.18461180380474,0.16819171560312546,1228,0.8724075860150238,1,0.6234819323046583
fov0,1997,14474.53704496788,23238.276231263382,89.22108994517436,78.52054184409533,-0.07810543273759349,2335,0.47484942798000157,0,
fov0,1998,14457.877291960507,19044.94358251058,49.14722181471741,31.643809458674188,-0.002105044827566471,709,0.765145388117021,1,
fov0,1999,14477.882154882154,26379.88552188552,121.51511413722609,37.41649848927894,-0.9213521388548953,2079,0.951413411973185,0,0.7417878845467946
fov0,2000,14455.020408163266,14082.040816326531,28.3825376860584,11.68071279399405,-1.4750333361121801,245,0.9113891016681983,1,1.1887287250357264
fov0,2001,14539.63971320454,15955.522605058753,158.80058428681508,130.65550790182792,1.3442963742326686,5021,0.5683821979313937,0,
fov0,2002,14528.085440613027,27013.92337164751,165.3583322746448,37.374367943980616,-0.06478336853034602,2610,0.9741225524732866,1,0.7016430634148509
fov0,2003,14479.573835480674,15923.91674925669,61.36679819941397,28.030763621180945,-1.5152602628848335,1009,0.8895827266015568,1,0.9351087785132242
fov0,2004,14470.595041322315,17236.84297520661,38.54850244111502,8.947202787747099,-1.469017420674472,242,0.9726913392936923,1,0.2688631787484767
fov0,2005,14509.069135802469,17933.90740740741,94.49575787942808,12.248348584670993,-0.15378817781548998,810,0.9915640075655232,1,0.3346802765997279
fov0,2006,14481.282296650717,27088.41746411483,45.14442625605865,29.382212718224867,1.404230568234624,836,0.7592070518303862,1,
fov0,2007,14492.871271585558,19409.96546310832,54.39788017484308,16.50866972773572,-0.2506624192624393,637,0.9528378024926099,1,0.6043980635814842
fov0,2008,14559.53999766437,17303.604461053368,278.99155361711945,138.14400120002566,-1.0122422885958178,8563,0.8688047792149036,0,0.17609719584486305
fov0,2009,14501.264804469274,10930.641340782124,50.37808833878201,42.875302372727106,0.6657487112568692,895,0.525051509002854,0,
fov0,2010,14522.750874125873,22696.647727272728,66.42463885544866,49.07228847134901,0.6113227553355864,1144,0.6739616232125016,0,
fov0,2011,14520.415425065732,28123.384750219106,49.765114947025175,29.926470878715126,-0.4684251380303843,1141,0.7989824057277806,1,
fov0,2012,14507.820276497696,22241.585253456222,25.408089934389565,12.617320972366041,0.19416074043574563,217,0.8679870927335511,1,0.4659528149423245
fov0,2013,14517.61938534279,17210.678486997636,51.61820602785518,12.620496808000313,-0.7291462407719587,423,0.9696500473134837,1,0.2662374462762855
fov0,2014,14590.156597638199,17747.158309087798,247.46003278329812,96.56360433593517,0.8774279840291016,5843,0.9207220747690565,0,0.764971067032878
fov0,2015,14549.855321861058,18777.428935627788,212.562977324584,42.62988193944688,1.1349840341888802,3138,0.9796831050991294,1,0.942449742577711
fov0,2016,14538.320484581498,27060.737885462557,54.79852974278341,43.208740409249415,0.14302342278056382,908,0.615032422407459,0,
fov0,2017,14526.43359375,12211.421875,36.22020216821519,9.343647146751337,-1.5700395419723003,256,0.9661535053814001,1,1.0038477627239868
fov0,2018,14552.017438692099,17062.85940054496,231.66242143998628,39.61122684201529,-1.43263368936516,3670,0.9852733115240542,-1,0.31809295098233387
fov0,2019,14529.625,24658.115384615383,12.298355417446178,10.783665252347783,-0.1450374149027302,104,0.48078595880005526,1,
fov0,2020,14581.24109263658,12272.496437054631,116.47430191370594,24.212816064250152,0.18107316172807822,842,0.9781540841557147,1,0.5679034507493447
fov0,2021,14606.97155287818,20798.637382864792,180.71487010654556,155.98489667872263,1.509935929725071,5976,0.5049394965923225,0,
fov0,2022,14557.007042253521,26718.802816901407,20.03367810537867,9.966173986775544,-1.3789131644887664,142,0.8674806043329968,1,0.9567782194649974
fov0,2023,14589.65776699029,25163.288834951458,82.54106361870535,67.4034149162976,-0.4612050315974387,2060,0.5771974309562561,0,
fov0,2024,14751.016029246344,26614.255744817612,532.5587913051464,326.8150124347715,-1.083677267888676,24892,0.7895631178253374,-3,
fov0,2025,14631.469398340249,18762.46317427386,149.72014090673832,103.6649986106869,1.0124590287059407,3856,0.7215217171625861,0,
fov0,2026,14593.653495440729,12392.66565349544,47.56244750942398,11.10439491437521,0.7123190706018713,329,0.9723640544488952,1,0.835914229037744
fov0,2027,14661.879551820728,21114.733893557423,258.34665872332357,28.990438471001745,-0.7540116259408168,1785,0.9936839208526832,1,0.5813825084717893
fov0,2028,14610.0,16442.897058823528,92.97233512023261,13.20631381829058,0.996301003125368,612,0.9898601109715311,1,0.8784645840592537
fov0,2029,14594.934306569343,26660.116788321167,17.288400756112797,10.835490698680646,-0.12149931280620073,137,0.7792210771202172,1,
fov0,2030,14617.508027522936,29149.09002293578,99.38025530827287,55.108843359815175,1.4255995933681533,1744,0.8321670163356123,0,
fov0,2031,14605.090452261307,29370.120603015075,18.37525404914079,13.82723550096537,0.589588213611016,199,0.6586011510503951,1,
fov0,2032,14637.084066471163,22709.351906158357,74.72853841193059,34.04244862468842,-0.09053444360484258,1023,0.8902111369861271,1,0.4673469534337085
fov0,2033,14637.535194174758,25588.01213592233,37.33029191059396,28.178693755859538,0.3220416724016608,824,0.6558998363018376,1,
fov0,2034,14644.216470588235,15801.64705882353,65.57235172113569,8.536101826732859,0.6423888448003393,425,0.9914905910459293,1,0.7472151032002106
fov0,2035,14733.537325413388,14504.657408893883,240.82228626313352,96.09038947089074,0.06545363036574108,6229,0.9169467746971894,1,0.6487410994571499
fov0,2036,14686.409680207433,15618.569360414866,220.92267332727894,61.059985842319236,-1.2102083260306038,4628,0.9610466426061313,1,0.9899788651140354
fov0,2037,14636.783783783783,12202.351351351352,36.667451311093636,9.676762042409743,-0.8314125940674358,222,0.9645483915306441,1,0.5832216924140274
fov0,2038,14668.246021220159,28095.63196286472,79.34473132607528,43.90675534986071,0.09251358879358958,1508,0.8329375556057945,1,
fov0,2039,14716.743019648397,14782.943984832817,173.22743243528066,141.88794201392614,0.5983968278841126,5802,0.5736725814585569,0,
fov0,2040,14666.715183246073,17343.3445026178,52.05707924753881,30.749567628383648,-0.972714129463829,955,0.8068989843574103,1,
fov0,2041,14656.565,22263.5275,42.233253049850404,15.290279161195901,-1.5129532188745236,400,0.9321611601474806,1,0.7749162524602358
fov0,2042,14666.08076923077,15503.803846153845,37.09865367709277,11.21883251677459,0.9914729245998077,260,0.9531794087503398,1,0.8479641180849519
fov0,2043,14665.748717948718,14712.174358974358,18.302221338304665,13.756255255210013,-0.28849747031779444,195,0.6596001304990645,1,
fov0,2044,14682.061270801816,28788.98487140696,58.45157227556126,40.630476228857184,0.5995509582941531,1322,0.7189000209356579,0,
fov0,2045,14673.125,14061.02380952381,33.0766050549192,19.550417138408886,-0.7704244877309412,504,0.8066240732334601,1,
fov0,2046,14746.643305835163,21556.83395141149,343.08148845718625,199.691997700987,1.5642119051732983,13213,0.8131500404795242,-4,
fov0,2047,14692.68,13853.713333333333,65.29552577664661,21.47729970085083,0.46018596014046215,600,0.9443562134383338,1,0.5602270807766248
fov0,2048,14690.507543103447,14119.848060344828,56.59884780981135,22.861128147337688,0.9835506331148322,928,0.9147964845025627,1,0.909689479687089
fov0,2049,14721.149038461539,28574.50480769231,103.68262747134388,43.03776596316389,0.41288345205457005,2080,0.9097797194321079,0,0.633901399822025
fov0,2050,14762.910316399288,15562.253787878788,369.8915084940256,138.08163152087937,1.4931890112161341,8976,0.9277094514659108,0,1.0408741564369746
fov0,2051,14795.97536541304,23668.998111348334,252.51019588923307,161.77554296363212,-0.31351799378525597,12178,0.7678168951669887,-6,
fov0,2052,14699.16149068323,29452.599378881987,50.427469239264845,9.186712186289968,0.9781795520762376,322,0.9832658001341641,1,0.6807094445953924
fov0,2053,14702.239837398374,12307.90650406504,30.59954477394236,12.952929238385053,-0.705766140244611,246,0.9059874077689027,1,0.5531196446958105
fov0,2054,14705.032110091743,12214.20642201835,35.783213898164874,8.111665994866907,1.1322259864300546,218,0.9739671625271487,1,0.7551560268048919
fov0,2055,14771.717962466488,21877.09383378016,139.68381162279564,88.61637281337423,-0.814860693012755,1865,0.7729992853877189,0,
fov0,2056,14810.530255184774,13786.479559614236,307.2822312079853,175.34898383603516,-0.92612651833243,11717,0.821197052872213,-2,
fov0,2057,14732.409703504043,12473.691374663073,53.14205075929377,20.292830988031668,-1.2054121033680631,742,0.924220121415666,1,0.6918556988033031
fov0,2059,14757.692570452604,14131.923996584117,73.4106712641304,33.560347055091974,-1.5178896144686247,1171,0.8893849974814536,1,1.122929402558069
fov0,2060,14773.160964666293,29126.90914189568,77.75392343987285,52.04609395162269,-1.4308885036319197,1783,0.7429297814848473,0,
fov0,2061,14808.984245766049,23338.303859787316,160.47240434083764,111.67429533038678,1.1346549723877797,5078,0.7181293434416126,-1,
fov0,2062,14771.929530201342,12309.090604026846,38.526529597370605,13.481496557308377,0.13955949226335704,298,0.9367767425223804,1,0.5274761593608461
fov0,2063,14831.99225464191,25305.411883289125,304.6581460713439,151.30814109337345,-1.4446366643224955,9425,0.867951521768577,-1,1.012484655911578
fov0,2064,14792.007389162562,11717.897783251232,79.08508645007726,17.204128591423977,-1.0230300687524494,812,0.9760515225079368,1,0.5765867484467846
fov0,2065,14813.637362637362,28445.16727716728,106.87362504089137,41.72734379509605,0.4752042536791231,1638,0.9206299407740378,1,0.6605382124863799
fov0,2066,14841.024335286165,28981.524335286165,134.68970593935387,95.72189084476761,-0.17100265542524595,4438,0.7035108341150063,0,
fov0,2067,14831.136904761905,25991.7,101.00393396939657,89.84566330025196,-0.25481592833991434,2520,0.4568838224297371,0,
fov0,2068,14812.337690631808,23561.76906318083,36.59698399040177,20.419892289723837,-0.785301089033941,459,0.8298634511861638,1,
fov0,2069,14834.782432432432,16014.166216216216,70.06735402219861,36.63381982494193,-0.1623242646206354,740,0.8524325502913025,1,
fov0,2070,14826.289564616447,22456.819626814096,61.77319293475334,40.67035568903254,1.277358941214057,1447,0.7526839960841526,1,
fov0,2071,14820.932170542636,12305.408914728681,31.225281375792065,21.08896482664991,1.1622059364091437,516,0.7374688957626431,1,
fov0,2072,14823.10775862069,21255.875,33.93588963720328,10.05102243963737,-0.45835360517042223,232,0.9551331406549002,1,0.5119315524786638
fov0,2073,14824.492537313432,21388.407960199005,27.47154235127154,10.133625530219241,-1.3895298874505146,201,0.9294781405664254,1,0.8283430896691159
fov0,2074,14852.437703141928,21331.910075839653,87.95902939024407,24.53876390083736,0.7531662358602002,923,0.9602970645315348,1,0.7221810836477579
fov0,2075,14837.704379562043,12187.675182481751,50.63781889445586,32.46326566948714,1.0873905212685697,548,0.7674679119539156,1,
fov0,2076,14884.586838709678,14309.384516129032,256.0345598420476,64.43192604955752,1.158426986264326,3875,0.9678174661340752,0,0.9786136978043618
fov0,2077,14870.467843631777,24554.851197982345,79.70165952878659,67.10685610797069,1.557528997209741,1586,0.5395155372606125,0,
fov0,2078,14868.885160328113,28565.894108873974,60.60769095040918,52.11671355974296,0.3986139397032571,1341,0.5104580753398181,0,
fov0,2079,14869.239837398374,15809.329268292682,27.13416675333604,16.725687665660196,1.2995934315598967,246,0.7874277942881014,1,
fov0,2080,14867.037974683544,23303.056962025315,21.69649515739818,10.911486041040478,0.6852008399237273,158,0.864336056746618,1,
fov0,2081,14924.130549949547,29454.353304742683,257.0866505952393,122.89203644245853,-1.422573529024854,7928,0.878350060762669,-1,1.0030564452316593
fov0,2082,14935.739084692268,26433.386638611257,117.8818930627865,22.39977986585326,0.6692221337185567,1901,0.9817804452814529,1,0.8353361989461668
fov0,2083,14910.59375,24418.8328125,41.68879787893013,33.246522823405314,-0.14493651538069965,640,0.6033282511152146,1,
fov0,2084,14904.25495049505,23358.16584158416,60.821349885393424,11.66343956089641,1.4083352454175981,404,0.9814407644675743,1,0.12145860080343197
fov0,2085,14910.598052851183,19257.146036161335,56.83359884595161,28.334490842985844,1.1665386037135776,719,0.866859931390264,1,0.7389662172989706
fov0,2086,14992.480866873066,17201.95628482972,228.6556781293935,174.4296805763064,-0.8450336428381332,8075,0.6465770661671012,-1,
fov0,2087,15027.114073314535,29659.265572930017,234.01455638730835,64.36511006756366,-0.22039291536761982,3901,0.9614306491011501,0,0.5013430784035181
fov0,2088,14932.774058577406,12656.380753138075,34.72411690680232,10.189982681967422,0.9129791030120818,239,0.9559727383134504,1,0.9609335587035831
fov0,2089,14928.709803921569,26593.811764705883,40.679469307601146,9.829316142110974,1.539243028608877,255,0.9703688493122085,1,1.2017221595763277
fov0,2090,14983.424866698982,25614.814105671354,134.80473937003885,100.07818923323063,-0.8930341176805152,4126,0.669963875337988,0,
fov0,2091,15016.07276777427,26292.919621310564,198.7631808263874,159.3153465073332,0.17242954003143993,5387,0.5979498811837067,0,
fov0,2092,15017.229233423712,18132.971037712596,327.1087404296296,143.1157075312533,-1.1899822636279664,8114,0.8992100311466952,-2,0.03885468306211697
fov0,2093,14996.872890113675,25363.158801240097,122.64698748733475,77.12868469368044,0.21656179768764827,2903,0.7775126169833537,0,
fov0,2094,15079.86558250643,20868.53427048879,440.9830100555732,153.44153742480196,0.8723978260269041,10884,0.9375118302446288,0,0.7724409455653608
fov0,2095,15104.833351727182,28033.98697715484,404.54760373626203,136.41423838050912,-0.6233296828449281,9061,0.9414323390606127,0,0.22391666052899453
fov0,2096,15007.75847457627,12723.829802259886,110.91636461506032,71.42041092131173,0.7080497906399182,1416,0.7650993112083242,1,
fov0,2097,15058.615135135135,18659.945173745175,225.47576112750036,100.51940603835382,-1.1621348090780135,6475,0.895127487354568,-1,0.5745958939772849
fov0,2098,15013.716049382716,12214.358024691359,44.958238397723264,9.75798725078268,-0.08426742400549499,324,0.9761614687610339,1,0.5091763977808181
fov0,2099,15026.456159822419,24944.243063263042,85.70673325311606,38.94860215963044,0.8171999265526596,901,0.8907771453418726,1,0.7366217586070499
fov0,2100,15004.615023474178,18047.732394366198,25.786031782818196,11.551683165537542,-1.1935618142701372,213,0.8940424773607611,1,0.040383649858669664
fov0,2101,15007.710144927536,13758.351449275362,39.43403148191351,9.501279984502291,1.3260473312284755,276,0.9705397330122295,1,0.7526829972887797
fov0,2102,15019.455252918287,14204.719844357976,29.10199776396744,16.131388410491383,-1.1983485567859873,257,0.8323134961881552,1,
fov0,2103,15034.013253012048,12922.349397590362,52.80006569225251,28.03576684725818,-1.4634121538604365,830,0.8473844945703886,1,
fov0,2104,15086.223147047165,12541.869996036465,163.1721020332543,58.71585353190128,-1.3367935242602125,2523,0.9330140166549993,1,1.004085153183822
fov0,2105,15053.463513513514,25528.308108108107,35.10263360919172,27.167847739676066,0.06174013264787623,740,0.6332409853114337,1,
fov0,2106,15047.82882882883,13003.666666666666,16.037995773638457,9.190432448882007,-1.4179583767812172,111,0.8195265557550203,1,
fov0,2107,15053.060975609756,22695.378048780487,20.400413671847176,11.400206331858408,-0.12883112379423514,164,0.8292874192465034,1,
fov0,2108,15096.636183689629,29061.807996832937,126.20200649365012,55.532368373597436,0.5446931135078065,2526,0.897984239791245,0,0.5046975601607255
fov0,2109,15138.91920467098,18029.25185418968,310.42371214543283,90.35333084104377,-1.080582732972503,6337,0.95670342390815,1,0.04085861929416134
fov0,2110,15194.325482390668,22955.937026593685,809.8143281344511,178.18685400376714,1.2013062003662507,18087,0.9754921565449083,0,0.10030127690328469
fov0,2111,15057.248366013071,11905.444444444445,37.04168085193604,12.966588914778692,-1.0547941645885721,306,0.9367295181478574,1,0.6501120454862122
fov0,2112,15110.519815852682,22979.36729383507,290.6908137717767,67.02700035083214,0.9902287288223504,4996,0.9730537687932648,1,0.18126161448346317
fov0,2113,15123.724190768053,28186.853476345528,175.10736202092323,106.2712797275485,-0.9227448673056263,5221,0.7947842121275993,-2,
fov0,2114,15070.543189368771,12667.75415282392,45.81644651936956,18.388638996252098,-0.7090674864385811,602,0.9159227751752107,1,0.5611003145218287
fov0,2115,15103.1841868823,12270.81042228212,71.4444305927624,29.09448833726137,1.210449844221993,1113,0.9133245624784366,1,0.9500946712135215
fov0,2117,15116.1472303207,11883.032069970846,56.66462708226431,24.666614782280906,-0.2252947881228577,686,0.9002811714837035,1,0.4613636147508224
fov0,2118,15105.447530864198,23451.652777777777,66.17465363237997,37.21447923547295,1.444794952858071,1296,0.826887365310228,0,
fov0,2119,15132.234770704996,29681.745379876797,74.21428392115334,48.90392605537337,0.02363014527069927,1461,0.7521817426654701,0,
fov0,2120,15108.888111888113,22859.902097902097,19.267295794183948,10.151207961770062,0.7499932479086376,143,0.8499507782734224,1,
fov0,2121,15124.592105263158,23066.217105263157,43.48377463140131,27.85724036177555,0.6184160237697919,456,0.7678453173522893,1,
fov0,2122,15175.107304028079,23223.114323917765,291.19582905037015,64.57957821079219,1.283028592203016,5983,0.97509816084356,1,0.09333963362563619
fov0,2123,15128.926605504586,12655.121559633028,26.87646061311293,20.777838435970374,1.275822710927414,436,0.6343001758396366,1,
fov0,2124,15133.077966101695,17977.813559322032,40.373177814539574,23.29582504669671,1.3769036685476173,590,0.8167353713405319,1,
fov0,2125,15147.352307692308,26403.496923076924,138.19742090477024,60.84950416433088,-1.2498568043233784,2600,0.8978465306345998,1,1.0347200224615098
fov0,2126,15189.802488164703,21514.573158648025,237.59584568334816,166.32202608102477,-1.4754333505028856,9083,0.7141224867379611,-1,
fov0,2127,15149.911161731206,12834.38952164009,62.376583999833215,12.771056585458394,-0.6976727997412067,439,0.9788161428542527,1,0.4162972582595725
fov0,2128,15141.879146919431,17743.675355450236,65.30128436297984,19.82536296131875,-1.4210241874512266,844,0.9528001021532487,1,0.30803300379325965
fov0,2129,15135.471794871795,18143.22564102564,26.867824209094874,10.211122896928815,-1.113756368875044,195,0.9249658475282275,1,0.02882312334543078
fov0,2130,15145.81942336874,24626.05462822458,56.80778883433471,22.058187136908437,-0.9364794654123141,659,0.921535078228478,1,0.8011346314715632
fov0,2131,15160.063829787234,12940.778723404255,36.88957909568943,8.752612484641165,-0.7374098617762885,235,0.971444921833244,1,0.4300586044198067
fov0,2132,15157.73801369863,23352.82705479452,76.84242537249882,16.065592711664017,1.4599029222308357,584,0.9779002689783985,1,0.14173255325341755
fov0,2133,15194.664184157074,29497.430941096816,123.38302880913741,61.65069726783644,0.8177309346677417,2954,0.8662163165282688,0,0.7162444773291781
fov0,2134,15177.083778966133,13113.90909090909,42.12360717842962,28.739700328301495,0.85838920444418,561,0.7310997039032585,1,
fov0,2135,15197.327763496143,12390.22236503856,71.87384761164199,36.96910301468706,-0.09793136530174332,778,0.8575737738888579,1,
fov0,2136,15182.736301369863,27474.25,27.115934624899836,22.87152484253098,-0.6229574624278956,292,0.5371735345597823,1,
fov0,2137,15224.810999225407,23394.215724244772,106.63255333141264,54.67175146917852,-0.7935390111144307,2582,0.8585608729394429,1,
fov0,2138,15182.578723404255,23357.889361702128,20.647281189384692,16.26793877536211,1.5281888224530844,235,0.6158065580202462,1,
fov0,2139,15185.537414965986,21389.061224489797,18.52698887039351,10.450479797506969,1.1573040813687374,147,0.825728404854693,1,
fov0,2140,15225.877591312932,20711.65153010859,125.24835485579597,109.51798562218025,1.1494461354804648,3039,0.4851939125993023,0,
fov0,2141,15210.752562225476,14701.342606149341,80.02790366448889,27.857154099660377,-1.2514511106975694,683,0.9374600014913416,1,0.7868895422307022
fov0,2142,15248.748726200054,24614.49316170555,157.88216173204023,95.97627911772081,0.44377663893824126,3729,0.7940149873179858,1,
fov0,2143,15232.846601941748,12776.867961165048,112.86997172492995,47.690386232431706,0.7094289187423481,1545,0.9063512639553766,0,0.6301448845379332
fov0,2144,15204.508196721312,23488.122950819674,13.249377472188264,11.774433347847106,0.6609309241923709,122,0.45853135101877873,1,
fov0,2145,15230.115044247788,12930.667256637169,63.3516948922923,22.923629193887813,0.19182728266885754,565,0.9322374440226376,1,0.4133865401999063
fov0,2146,15219.28085106383,13253.421276595745,28.222949384414356,13.035209967289452,0.5087624664863115,235,0.8869499143949512,1,0.3438704903365869
fov0,2147,15227.761329305136,24537.29003021148,46.08995795106968,12.580466770188345,0.15456752255523296,331,0.9620269110837416,1,0.5734039968188686
fov0,2149,15251.897935103245,25448.26902654867,101.21802776260402,23.88399406435674,0.7628011090164268,1695,0.9717613574227917,0,0.5313504410045755
fov0,2150,15228.363148479428,25503.47763864043,28.36983403916091,25.561258918474135,1.2226587184966442,559,0.43381627191230054,1,
fov0,2151,15252.233207952713,29607.797420741535,84.06598522037453,53.893004014337095,0.25783591270989475,1861,0.7674742373143753,0,
fov0,2152,15285.042524739236,24211.194971917626,160.14802663545234,58.23296359929494,-0.5162700795262161,3739,0.9315475170086848,0,0.6864786289582704
fov0,2153,15273.415136338343,28833.850306065666,106.43632177247125,37.877050132371004,0.5703706725584828,1797,0.9345370565603225,0,0.2084373226580819
fov0,2154,15422.061761341974,28258.620892108273,424.2219871256814,152.80738481477556,-0.1309408497362051,13115,0.932872714888524,0,0.17173541778351145
fov0,2155,15311.518877448012,18135.40339188371,392.0385658159344,62.280770501343945,-1.1102105592936486,4953,0.9873004939433889,1,0.2036022757995179
fov0,2156,15307.741388002016,25908.30381448496,282.00863648629206,80.4993359898393,1.1274801523417735,5951,0.9583936335375539,0,0.6091824309238714
fov0,2157,15265.11475409836,14653.934426229509,47.81220470203284,9.123316186938027,0.6652868426379136,305,0.9816258928693433,1,0.7237792319891742
fov0,2158,15274.02102102102,14698.852852852853,42.34561486897219,18.754856543256125,-0.6567630296307213,333,0.8965712077669589,1,0.5864516294198758
fov0,2159,15359.334799886461,15947.367158671586,446.93761175197983,82.67399165864951,0.9434067961859108,7046,0.9827425077116331,-1,0.5079109985746724
fov0,2160,15357.467470555244,22282.16404935502,381.80768246610194,200.10283022229717,1.437341155211134,14264,0.8516608846478884,0,
fov0,2161,15295.24750499002,13288.44510978044,64.53801205907342,35.22230918239074,1.2496614904436685,1002,0.8379410975441342,1,
fov0,2162,15292.987616099072,23545.319659442725,80.33880114989597,43.482775161846305,-0.889080541581046,1292,0.840866538101289,0,
fov0,2163,15289.737196765498,20576.890835579514,61.218903022685666,36.962810844163954,-0.0948366516267131,742,0.7971502348823112,1,
fov0,2164,15284.291201982653,24144.491945477075,34.89079217672552,31.646529204899245,0.9134091450369887,807,0.421094773937007,1,
fov0,2165,15280.07441860465,24564.61860465116,22.989378379970688,15.050084092414398,0.48470445881162694,215,0.7559288274058337,1,
fov0,2166,15318.095702259636,16221.936198493575,92.99256115365547,61.33610554277179,0.35712140242107887,2257,0.7516336883238666,-1,
fov0,2167,15485.571987140498,15984.589017290817,715.4034718669442,100.49353772309817,0.9333004288508499,11509,0.9900847742558975,1,0.5606992177020316
fov0,2168,15305.666666666666,17906.536363636365,34.69069953061028,16.575047174898252,-0.30026717750614246,330,0.8784712954755487,1,0.4460073981742926
fov0,2169,15362.488950276243,29084.420580110498,172.312338383201,84.89166377065976,0.1839064673154417,4344,0.87022100458224,0,0.2631610544313688
fov0,2170,15337.029001673174,25269.044617958727,225.79183608028643,45.296991077385144,1.0439331786391,1793,0.9796703756402563,1,0.7103671566053638
fov0,2171,15330.07375043691,27703.989863684026,90.56519945240139,82.90375437763004,1.1874273383045966,2861,0.4025361402199254,0,
fov0,2172,15370.444366197184,13404.257042253521,176.0912336700242,82.02064821475425,0.3164621818206405,4260,0.8848979439040169,1,0.41754673018544275
fov0,2173,15306.132743362832,24262.54424778761,26.652736505146684,14.641732309277018,1.5054256132545059,226,0.8355910806749076,1,
fov0,2174,15353.967763157894,13171.661184210527,108.73709541487267,59.863803133548274,-1.4685055610826414,1520,0.8348107103806739,1,
fov0,2176,15344.511205976522,29656.870330843118,75.74678498930977,46.67233882205261,0.22885443623021726,1874,0.7876189460230738,0,
fov0,2177,15329.619302949062,24588.50670241287,91.099012147517,14.642165496315474,1.500496842950616,746,0.9869987324029382,1,1.091394245044425
fov0,2178,15338.265714285715,14838.685714285713,42.78314493523008,13.977569029760124,-0.9829894020381212,350,0.9451255420842561,1,0.7591828971374427
fov0,2179,15351.41560798548,28276.519056261342,74.20462192115818,32.99156885148998,-0.007374119201156428,551,0.8957279251705846,1,0.18004501968734432
fov0,2180,15364.689001264223,28468.83185840708,69.1515384648792,18.553074292362243,-0.13302556411844085,791,0.9633365505913873,1,0.21505686868344248
fov0,2181,15347.096296296297,24118.054320987656,49.5824642649422,19.855551282523155,-1.2638533092513489,405,0.9163163772625889,1,0.9958544463107076
fov0,2182,15358.853846153846,16302.541538461539,36.925475848558804,27.710450770029173,0.6625878079521297,650,0.6609356072670842,1,
fov0,2183,15451.605538595726,24037.496947230702,209.40182263257154,169.10553433447245,0.6355479127480815,9172,0.5897788952818436,0,
fov0,2184,15384.349173553719,13501.099173553719,92.51137690975737,36.879520125699855,0.9951245951406935,1452,0.9171038035475529,1,0.625402570699145
fov0,2185,15371.087719298246,24149.451754385966,24.81478485287753,12.242983993944268,1.05337763092779,228,0.8698169498353835,1,0.9053961715164759
fov0,2186,15380.133858267716,25820.224971878517,62.423220073389864,36.70917385022303,0.9569972378152055,889,0.8088106092821671,1,
fov0,2187,15403.704142011835,17013.57396449704,45.528331317855134,10.339911677893403,-0.21429266817818057,338,0.9738692539201381,1,0.46073449651916876
fov0,2188,15407.944695259594,25928.20090293454,48.268593555787234,36.19777405125635,0.6072614730055271,886,0.6615240571572994,0,
fov0,2189,15403.344497607655,24147.004784688994,19.459676995963537,13.89969969460209,0.4660881515285083,209,0.6998578619670708,1,
fov0,2190,15479.677161654135,19279.73402255639,218.64864139288727,40.21813565128225,-0.40394583963134206,2128,0.9829375549800641,1,0.5207899834526678
fov0,2191,15515.622651933701,19387.63867403315,265.8680101132707,52.864298256293736,0.18669297258293863,3620,0.9800326504334317,1,0.3267434766739603
fov0,2192,15434.2470055034,23851.38361929427,151.0596829808002,50.61590934741621,1.551685658725522,3089,0.9421924329372803,1,0.8824835542678217
fov0,2193,15414.269035532994,27037.649746192892,16.59206594013504,15.11239401076345,1.1308735544327708,197,0.4128026079858484,1,
fov0,2194,15576.378527137183,28506.677489026686,366.77718057288894,174.2114266493373,0.3459654701105132,14353,0.8799971772264935,-2,0.1987584289159388
fov0,2196,15449.058148431523,13334.40091813313,70.88669861751501,50.6177316841971,0.35184527975195934,1307,0.7000791012042108,0,
fov0,2197,15450.652034261242,13471.005353319058,78.53697228634312,20.022520271600452,-0.72675191467733,934,0.9669558516973399,1,0.6875650391907338
fov0,2198,15476.565030146425,27891.195090439276,119.31354320307102,52.75057643570268,-0.1988488568141727,2322,0.8969572627073671,1,0.15617045373368765
fov0,2199,15519.502345949328,23831.969815451987,240.9298114544775,145.49154297904383,1.3420912634401008,6394,0.7970788657697725,0,
fov0,2200,15585.679508361878,16511.4766471892,826.8272730492296,365.83392032423313,1.2190937169848242,24815,0.896790672112049,-3,0.8090501101841775
fov0,2201,15460.524752475247,25137.17397454031,90.22991440560521,23.643821171980697,-0.9752362968119399,707,0.9650570900652031,1,0.6921928830300128
fov0,2202,15467.948581560284,16100.340425531915,56.8184512248644,13.74260763500538,0.5769366407965322,564,0.9703089760291355,1,0.6225989318892926
fov0,2203,15477.818244170096,13279.956790123457,99.8452245065565,42.553052553173124,0.8119576515656581,1458,0.9046335968610378,0,0.4338247888042573
fov0,2204,15598.573018352206,29592.915657946116,349.49379694126793,148.45547654732695,0.14338970815218133,10244,0.9052999641112669,0,0.2454870757416869
fov0,2205,15554.625508189105,25151.564060866534,219.23739306950736,139.1713820059677,-0.3937791122737255,8609,0.7726784214756329,-1,
fov0,2206,15506.636035105834,28853.093443469283,90.25612629492335,54.076791042742755,-0.29005538668162145,1937,0.8006381798637858,0,
fov0,2207,15484.691358024691,25082.253086419754,19.41279893194445,11.135602514400825,0.7725177598023423,162,0.8191203560777044,1,
fov0,2208,15514.983644859813,29474.481308411214,58.02064560461145,9.783948839193068,-0.469396531064009,428,0.9856796362276758,1,0.3969423522640927
fov0,2209,15513.995926680245,13382.344195519348,46.64259360808299,22.45480546192521,-0.6810999802993787,491,0.8764885283471349,1,0.640614262974213
fov0,2210,15516.828525641025,25057.915064102563,47.207157398190695,26.27909277496873,0.8187331881160738,624,0.8307296805677513,1,
fov0,2211,15510.109649122807,16620.447368421053,34.45433471437326,9.61882426812049,1.3558181095459467,228,0.960239941950182,1,0.8625240392913686
fov0,2212,15528.13130252101,22464.48424369748,60.68457425667366,51.693766419362795,0.3058710243165258,952,0.5237962151067092,0,
fov0,2213,15525.846270928463,23920.969558599696,39.43133753719498,33.52734118894975,-1.4933667461458389,657,0.5263444057510521,1,
fov0,2214,15516.925925925925,18963.828703703704,19.306244787527632,15.069240602672595,-1.4444782988590732,216,0.6251094404449834,1,
fov0,2215,15552.473076923077,24507.402564102566,188.36355652380323,29.30287286353328,-1.1903272477767162,1560,0.9878255776643216,1,0.9532130165687352
fov0,2216,15535.657894736842,22281.288798920377,89.39455364144277,33.94681845316825,1.155003723962666,1482,0.9250926561109601,1,0.799123238624521
fov0,2217,15532.336898395723,25009.641711229946,25.757958506968368,10.946387851971187,-0.2797913049488576,187,0.9052069198501784,1,0.4484179886630739
fov0,2218,15534.14224137931,13177.530172413793,34.21361256800718,9.644763438072738,1.5133558527426743,232,0.959444255256667,1,0.6605175114801751
fov0,2219,15550.83282674772,25233.522796352583,29.993844295834883,14.160569973460587,-0.4276703125648549,329,0.8815365011185792,1,0.48466415503139565
fov0,2220,15612.445932289034,16510.621020717535,216.41465493635414,76.02718624464642,0.7069177409346815,3958,0.9362617043761823,0,0.6508295022650713
fov0,2221,15570.49081081081,16380.861621621621,83.94751213575586,26.03219248384353,-0.9701401654502585,925,0.9507036764672789,1,0.5531851904563437
fov0,2222,15622.68802762855,19341.897544128933,251.49245897292968,103.43044911532127,1.0608978302418328,5212,0.9115151023442776,0,0.6137367141766044
fov0,2223,15572.31479736098,22439.47313854854,117.12024303166336,16.570755250891022,1.1799152419964842,1061,0.9899404024562112,1,0.17412865533209518
fov0,2224,15567.096866096867,25013.17378917379,39.393011911360105,14.540697539791909,0.6997497278083451,351,0.9293822581020947,1,0.5675945412874619
fov0,2225,15572.708333333334,19431.71153846154,33.44782977858392,13.271772851987842,0.3683591409861481,312,0.9179093064367632,1,0.3514754399266262
fov0,2226,15658.353033599227,17973.362460720327,251.93288434808218,168.95552167377826,-0.7709797598800298,8274,0.7417856645294972,-1,
fov0,2227,15585.569866342648,22518.776427703524,71.30285673699764,16.763865820134093,0.842230094090056,823,0.9719692738791008,1,0.11966633777859112
fov0,2228,15600.46231617647,28051.774816176472,68.29645880446476,30.330691486375194,-0.6096642967298931,1088,0.8959755270624978,1,0.3234508437917684
fov0,2229,15596.317936874519,18883.560431100846,142.55801830939782,41.153992719448766,-1.5212994734850525,1299,0.9574249132014757,1,0.4504699334544848
fov0,2230,15612.739664804469,13206.347486033519,114.6591189092007,22.116394826342596,1.0230663175988506,895,0.9812207344062025,1,0.44751705934668645
fov0,2231,15602.665734265734,16297.934265734266,90.4844175267935,23.78328783351112,-1.0292347729813796,715,0.964838340038663,1,0.4383901359058401
fov0,2232,15604.18284789644,22619.04854368932,62.65949125555682,15.857740863413616,0.7563203064241565,618,0.9674458685973946,1,0.25681455421444854
fov0,2233,15593.806779661018,25575.26440677966,29.972471201107666,12.861826262629314,0.7454463326875659,295,0.9032468637155256,1,0.3027635513069576
fov0,2234,15603.71088435374,16408.287414965987,51.06016004793037,18.571343783297042,-1.1045307170962442,588,0.931510296211776,1,0.7375765352801127
fov0,2235,15674.166328806,25503.5009122238,193.10622567196617,178.0349044373087,0.1901734787435256,9866,0.38730127859782915,-3,
fov0,2236,15638.068451372415,28304.456455438834,119.56792402143327,66.73842130406246,-1.0017946783460518,2951,0.8297311517240604,0,
fov0,2237,15642.820542191675,16278.622374952272,209.213782905783,30.17178205370447,-1.2563633197036947,2619,0.9895463663879445,1,0.5006893206522183
fov0,2238,15769.052872349785,19143.064220990585,410.4552436909795,227.51584574793242,0.16484998616975038,11367,0.8323161348213299,1,
fov0,2239,15620.757475083057,13505.09634551495,42.65938732478899,10.735293606359331,1.1463984969474441,301,0.9678179497889603,1,0.66064256700092
fov0,2240,15636.883320867613,28195.178010471205,64.18432784894932,51.70806050139426,-1.533191749084258,1337,0.5924351190340161,1,
fov0,2241,15650.455037919826,18871.76814734561,118.07800250330827,51.11934007914047,-1.5455442190145519,1846,0.90142823250662,1,0.4609157775066666
fov0,2242,15704.1796875,17146.214709051725,188.0383087437361,72.8695379012893,-0.4847796215883734,3712,0.9218592116426749,1,0.3045240115825369
fov0,2243,15718.882818870123,24222.559697146185,250.3262048810582,208.1543702609911,0.40697807557677224,8585,0.5554761314978006,-1,
fov0,2244,15709.08204090807,29211.83389525736,156.50646664729615,130.23771976494544,-0.019980372682399272,4449,0.5545423288460155,0,
fov0,2245,15736.18988990174,23012.448324849058,222.97378994958927,164.38091243968668,-0.843436767342269,8447,0.6756519180061034,0,
fov0,2246,15747.482344632768,17252.96774952919,163.1563142714675,78.03745783493122,0.647262969962296,4248,0.8781972018322551,0,0.5953829145649479
fov0,2247,15779.297789602948,18580.32664756447,290.0476261503719,108.73446488344766,-0.42178314203288464,4886,0.9270713773719361,0,0.39877651841913314
fov0,2248,15737.28765060241,19865.78388554217,79.26220586790262,26.623619022884395,-0.2171996163742122,1328,0.9419001549061307,1,0.2892046074263964
fov0,2249,15708.543362831859,22233.867256637168,52.1769639413862,25.498485634887864,-1.1599382322755878,565,0.8724561536400476,1,0.3228858644288884
fov0,2250,15712.873913043479,15568.634782608695,32.97151229411513,10.02017534282801,0.6781185905539515,230,0.9527026517938929,1,0.47267568588464565
fov0,2251,15749.214020771513,22582.393175074183,138.23356656315767,59.30243891944125,0.7428247417172429,2696,0.9033036684284691,0,0.2554906335632652
fov0,2252,15797.546650226059,16928.178586107686,263.76277453522215,81.67296760224558,-0.5544856378617339,4866,0.9508520587156665,1,0.4349578999908498
fov0,2253,15763.820815450645,29385.951448497854,144.26067249007818,129.82369222628307,0.822421229572823,3728,0.4360460531534555,0,
fov0,2254,15785.72380952381,18685.368518518517,210.22930067826917,60.808782758283684,-0.6331736596265133,3780,0.9572536520419064,1,0.3362553901800953
fov0,2255,15755.647178237921,22262.253755582624,208.3010043889271,38.76410931267833,-1.0267760587214747,2463,0.9825314520980216,1,0.2869045889760957
fov0,2256,15748.690217391304,19904.96956521739,88.16837200750983,20.258462532961925,-0.5799249014149193,920,0.9732449153666913,1,0.42667720184802577
fov0,2257,15740.915151515152,22179.454545454544,59.53471398963361,35.4105914680282,-1.0103040405301689,990,0.8038818794283957,1,
fov0,2258,15734.168209876543,23829.390432098764,79.94960686851454,49.275323863754096,-1.486563973232184,1296,0.7874881576310454,0,
fov0,2259,15735.22891566265,17062.10843373494,23.34664359416416,11.80684736511029,0.8142524425686116,166,0.8626981095343416,1,
fov0,2260,15788.388840453357,22364.975588491718,130.36727543208985,27.089677971883976,-0.17548662249179228,1147,0.9781723806063836,1,0.4442528010955645
fov0,2261,15772.5546875,25424.786458333332,65.72578368896588,16.749693715040152,0.7779123020123567,768,0.9669826924619369,1,0.7249909165272993
fov0,2262,15765.203313253012,16036.798192771084,91.74335204563464,10.291581297521162,1.2625620024904867,664,0.9936881337693875,1,0.8723464248553983
fov0,2263,15763.720588235294,16588.66911764706,17.141622675104905,10.932376145600589,-0.17754327733490835,136,0.770228632740107,1,
fov0,2264,15783.070450097848,22322.62622309198,61.93237377123468,24.459395239543323,-0.37411741910151425,511,0.918708140225896,1,0.3603268926285603
fov0,2265,15793.711363636363,23093.284090909092,55.68033534673636,13.986472489508383,-0.4711819526478072,440,0.9679371981163799,1,0.6847828979172179
fov0,2266,15805.479251899475,29484.26358854471,82.01017748611268,48.60430852795655,0.4608969649206535,1711,0.8054513386888276,0,
fov0,2267,15787.735795454546,25558.909090909092,31.101656115439493,16.341015877033904,0.28459084154720965,352,0.8508512727591473,1,
fov0,2268,15824.874457429049,18852.426043405678,118.14845479795065,95.53633473434907,1.493116716910185,2995,0.5883413869876057,0,
fov0,2269,15796.820618556701,16158.344329896907,49.84274270138109,28.481617748718403,-0.9631063856906977,485,0.8206511012834703,1,
fov0,2270,15910.094198589994,26880.880489255076,333.52976429619355,155.549043501323,-0.0025048742422574483,11773,0.8845885355411759,-2,0.5056309316137861
fov0,2271,15801.461382113821,16995.481707317074,34.09689067909394,19.33968037760388,-0.28044147330541436,492,0.8235816225641486,1,
fov0,2272,15814.102666666668,22166.809333333335,53.08718718751803,30.147508171685878,-0.7386195159126137,750,0.8231067260923147,1,
fov0,2273,15791.120967741936,29617.08064516129,16.85035714283261,9.53016521191958,-1.3355613866151943,124,0.824695869193574,1,
fov0,2274,15855.402562373567,19973.090020229265,139.0085038789391,72.65364775709783,0.15033923093888746,2966,0.8525435834209332,1,
fov0,2275,15899.939969214982,16974.74362921156,255.23728855299734,96.2039110039519,-0.8372217137546623,5847,0.9262460207999986,-1,0.5407116907444718
fov0,2276,15807.327380952382,22289.440476190477,17.7458969009359,12.842532805108494,0.57351002748656,168,0.6901249180024596,1,
fov0,2277,15869.978685612788,19536.500177619895,137.49091548515392,116.11794411949516,-0.7609774515552691,2815,0.5354767992930598,1,
fov0,2278,15847.590218109715,22247.443489755453,156.18834984840495,24.321707940447133,-1.4123129859232602,1513,0.9878011772336611,1,0.4221009255191988
fov0,2279,15847.271857923497,19760.061475409835,39.636481964065375,25.68815263102768,-0.994471516700024,732,0.7615606403950236,1,
fov0,2280,15844.873684210526,19821.305263157894,21.81592672487993,16.764722570091084,0.9431300462090344,285,0.6398947703367157,1,
fov0,2281,15908.905525846701,20093.65062388592,130.82194949466353,116.7418017060504,0.2844069880427082,2805,0.45130123017762236,1,
fov0,2282,15871.1990521327,22295.58056872038,64.08666813699793,11.798064812924167,-1.1049388642034954,422,0.9829083684019096,1,0.306040206621989
fov0,2283,15886.694545454546,20039.963636363635,24.066078459959233,14.942096054477597,0.006366719786300519,275,0.7839072927722767,1,
fov0,2284,15889.211009174312,19805.06116207951,43.84802317174062,12.258331312995717,-0.9899991508627793,327,0.9601270422302264,1,0.5448089873745969
fov0,2285,15891.620689655172,19928.49261083744,25.658364790909754,11.615159220647447,-0.9170846196379104,203,0.8916704591202919,1,0.517689067604596
fov0,2286,15927.942661377569,19661.502704652,128.53511672050195,61.669497104646645,-0.5630335484853657,2773,0.8773849168690028,0,0.42379068537170206
fov0,2287,15942.767852699677,14460.470266235381,153.9125700944313,110.40940372566942,1.2197322170935367,4019,0.6967114984999809,1,
fov0,2288,15913.038374717833,21266.069977426636,42.36724248856461,15.26835051704714,-0.0462036611768152,443,0.9328051847480633,1,0.4717330733448162
fov0,2289,15925.074884792626,22029.417050691245,46.29366888259682,24.74041457489696,0.7973722951412725,868,0.8452169857527216,1,
fov0,2290,15987.694702790133,19750.191670036394,205.02281446308152,130.09453750716696,-0.44777219755598063,4946,0.7728925830238906,1,
fov0,2291,15932.1129753915,22506.52460850112,38.505755495335066,29.897083783562827,0.07763151770728753,894,0.6302015817422282,1,
fov0,2292,15989.76797658863,17353.38057413601,192.82096955804656,138.62557855576426,0.3140463405362732,7176,0.6950781953314855,-3,
fov0,2293,15942.80325203252,16633.154471544716,69.63294749723731,14.397643339107615,-1.0060581752157434,615,0.9783906746673819,1,0.6110459184761334
fov0,2294,15967.540581929556,15797.513527309851,168.01201836908396,19.765955519214117,-1.0120959654404578,1959,0.9930555873813283,1,1.0572612780241348
fov0,2295,15952.311166875785,16487.89209535759,33.62674807246535,30.247381106777965,-0.8066973706761759,797,0.4369133381627054,1,
fov0,2296,15980.703647416414,14612.022796352583,72.73287615406643,24.131195702133493,1.532249916011404,658,0.9433573594712203,1,0.8290477087435767
fov0,2297,16009.98953068592,16322.601805054152,100.97794810241322,77.62442060939799,-0.6732923546818999,2770,0.6395776960552815,0,
fov0,2298,15997.896774193548,16763.24623655914,64.22256238794223,22.70179143877562,0.6694488630443288,930,0.9354397283780568,1,0.6411317942498922
fov0,2299,15999.48680851064,25706.59914893617,60.23444594517292,49.25821199807272,1.1131640312301465,1175,0.5755383359560867,1,
fov0,2300,16041.907525172232,16612.8182299947,121.9727260592688,72.55074257672786,-0.3444741184724316,3774,0.8038654401650688,-2,
fov0,2301,16011.691449814127,18291.96282527881,53.376207058924884,21.114257292421954,-0.2547432842676458,807,0.9184339661774561,1,0.4007105544264764
fov0,2302,16032.752728998576,15704.132890365448,161.14232929799766,25.1569523663344,1.236007241430041,2107,0.987738672471806,1,0.589605205211542
fov0,2303,16027.555555555555,27140.26767676768,43.549011036438706,21.61364833300433,0.14204495147307808,594,0.8681474881670175,1,0.5053045137696603
fov0,2304,16045.216267042782,20042.5952045134,88.87023313458364,68.26213856865427,0.7692086254129046,2127,0.640317590392366,1,
fov0,2305,16023.070381231671,19818.98826979472,45.163367714312145,17.9389945978718,1.0010392838750195,341,0.9177310685185482,1,0.7941508358770618
fov0,2306,16042.892583120205,14366.319693094629,49.72049708910366,10.538256676703895,1.2028425112687724,391,0.9772805228592842,1,0.5997855926026088
fov0,2307,16096.603243243244,25013.760864864864,174.83227449349187,129.1949409436635,-0.8590631211284653,4625,0.6737437575315163,1,
fov0,2308,16147.798805147058,14252.962867647058,324.5691407443729,208.8081625171942,-1.2048037669634533,10880,0.7655809774619303,-1,
fov0,2309,16074.461538461539,19931.33846153846,53.40107638576374,12.428180944357763,1.033467962989589,455,0.9725407206227602,1,0.7174013654176431
fov0,2311,16154.256874223878,25736.081603689905,231.9508940175675,136.48228837312993,-1.3419815148850789,5637,0.8085625227256311,1,
fov0,2312,16109.585227272728,20067.102272727272,35.981134726523095,14.093254555179342,0.45510013194811283,352,0.9200995671556527,1,0.4131467549477717
fov0,2313,16120.780487804877,25617.951219512193,41.585024946100134,12.114235707462248,-1.1923099634843248,328,0.9566279598534613,1,0.7734360027348397
fov0,2314,16171.229800629591,18916.4092339979,99.74172404693967,65.77494287345813,-1.500631636384768,1906,0.7517461143603383,0,
fov0,2315,16175.785714285714,14776.542207792209,97.41043017692556,12.832718384619653,-0.6538027660318719,616,0.9912844841873795,1,0.7345666289037298
fov0,2316,16162.845238095239,25497.366071428572,21.28773055906895,20.243057217549005,-0.26076992159083123,336,0.3094182859871053,1,
fov0,2317,16273.50488975818,26037.44772403983,331.5899895432005,155.14618634514048,-0.5301110686838222,11248,0.8837890307222015,0,0.3385868087575971
fov0,2318,16172.701863354037,14435.24844720497,40.87761205544829,12.092906113240545,-0.916142283358321,322,0.9552399814826589,1,0.9067743389919665
fov0,2319,16418.2434870414,24590.758801750253,537.9411027589891,172.87194979629493,-0.3622724510755228,14855,0.9469576071756787,0,0.6265110495637194
fov0,2320,16318.023056231586,25403.576149609326,273.47235732293336,117.75413400373445,0.030829190551495144,7807,0.9025482180178092,1,0.46567376298532065
fov0,2321,16200.035838150288,15768.04739884393,71.09228527499431,26.18386220277261,1.0499316635663891,865,0.929703806287237,1,0.5231395813586234
fov0,2322,16218.422535211268,17024.462441314554,47.14661861821511,24.222517454935698,0.3840504517995622,852,0.8579279715530701,1,
fov0,2323,16227.975177304965,15154.77659574468,39.833136945859664,10.92732391914552,0.20076120099962477,282,0.9616363324649438,1,0.44959823480036837
fov0,2324,16270.229994700583,19661.65129835718,444.84995764535313,89.55156471566966,1.269999559804625,5661,0.9795281272674417,1,0.45897984644262796
fov0,2325,16228.589743589744,14419.628205128205,24.289949331785284,8.638990393337293,1.1928950500300934,156,0.9346149866690302,1,0.5968485246796386
fov0,2326,16400.1237703452,19704.545877302808,702.5963089443526,122.58054107353927,1.147008164608026,11182,0.9846628523240415,0,0.41660252120181557
fov0,2327,16253.085574572127,15682.496332518338,65.7817330526775,28.426557937011992,0.8331215603669679,818,0.9018091553588702,1,0.5008761595008462
fov0,2328,16248.336585365854,17105.943902439023,23.965324665502383,21.98348011783171,0.4822112500782783,410,0.3981883832201116,1,
fov0,2329,16306.955716878403,14413.267513611616,172.95046287604362,65.12717016999812,0.8528417281766824,2755,0.9263900130353252,1,0.4903758214875538
fov0,2330,16282.129477772982,18998.28614587829,110.38124641416532,98.38534544343337,-1.2675344045692774,2317,0.45336881396516265,0,
fov0,2331,16326.84559729064,16259.983528325123,181.97299077794472,145.65382238764377,0.7436216823095186,6496,0.5994469208713338,-2,
fov0,2332,16302.504775380261,18770.049522461974,126.23241210380729,106.40907247716063,0.666305666552671,2827,0.5379737809865959,0,
fov0,2333,16278.21921182266,24943.103448275862,31.729872720916774,16.656459791540687,1.039203405388482,406,0.851135727778972,1,
fov0,2334,16282.279761904761,14448.565476190477,23.829092349492853,9.586506932608746,0.12711979450882288,168,0.9155067340302349,1,0.48433746349199724
fov0,2335,16301.035842293906,16569.086021505376,38.46666118944667,30.01003758044903,0.7299069199592243,837,0.6255836877830553,1,
fov0,2336,16344.330299089726,19928.569570871263,56.48712963460205,27.348926101389324,-0.32703190028396545,769,0.8749783320678596,1,0.5561088828167862
fov0,2337,16393.121817469644,25151.792205248727,155.00776186800064,129.3002256497761,1.430082019469838,5106,0.5515327591728405,1,
fov0,2338,16406.130910439457,26449.40348600037,495.6683035999444,74.26831557445041,-1.4976478232840753,10786,0.9887110600446192,-4,0.5598496019310165
fov0,2339,16360.097472924188,19969.996389891698,34.83144347792794,11.053737294970198,0.919421098421196,277,0.9483086868193286,1,0.748475974765414
fov0,2340,16470.405913726958,14503.335173575371,378.7928200667574,219.55709629424263,1.3298237200004073,10687,0.8148846404662207,1,
fov0,2341,16521.362012987014,24336.48654916512,293.3043439539336,112.76773587351009,0.4188636203070447,8624,0.9231360456422563,-1,0.5036929405916808
fov0,2342,16404.566493955095,19927.424870466322,40.645052615728886,22.648893060745866,-0.9047408488716228,579,0.8303540579117665,1,
fov0,2343,16404.62282878412,19435.312655086847,41.49506318951389,15.232749955789213,0.4140649868291299,403,0.9301823167838461,1,0.3459739126642628
fov0,2344,16411.586915887852,20036.082242990655,81.23253540344045,13.053138212270628,0.7546892293479832,535,0.9870051622722221,1,0.6799182884858676
fov0,2345,16402.39175257732,14559.360824742267,30.28177857885577,8.816631150071165,1.1283088242460002,194,0.9566764978425156,1,0.5734878652938364
fov0,2346,16520.98396793587,24805.958826744398,178.99677366558268,150.17515942633244,-0.0075338310912517695,5489,0.5441584110129668,0,
fov0,2347,16496.055374592834,20070.86753528773,99.94181113684212,19.5162871749706,-0.5540861660083741,921,0.9807482287448959,1,0.5356493790821399
fov0,2348,16463.527027027027,25426.72972972973,17.977543733089277,11.006407732383257,-1.4270797974397513,148,0.7906790298814343,1,
fov0,2349,16634.572977962387,26156.96457828545,426.09766107722834,65.86910221640522,-0.14936481351369474,8667,0.987979200554999,0,0.627748388464066
fov0,2350,16560.642654922933,19044.795847750866,310.9221216506337,116.8247660264747,0.7240857615385256,6358,0.9267265723683198,1,0.1789389431491938
fov0,2351,16520.125441696113,25132.86351590106,103.22803952663594,51.40672836323952,1.08000806783127,2264,0.8671816762154906,0,0.47838243534156033
fov0,2352,16581.23325399524,27802.59707582455,188.38833655775468,40.04088383479685,-0.3144506532858361,2941,0.9771514124359422,1,0.4302199803203761
fov0,2353,16847.598401598403,23794.87232767233,1237.204918289764,218.55845367653163,0.7751917799405961,30030,0.9842728308736185,-4,0.5939156775269423
fov0,2354,16583.266423357665,21099.49614760746,167.3894648057327,119.81648980599873,1.3076998499636683,4932,0.6983107932895496,1,
fov0,2355,16551.382152588554,21181.59059945504,90.96319133394805,42.65728553817964,0.6742984454371319,1468,0.8832241492086126,1,0.9106892438764008
fov0,2356,16566.482820976493,27640.848327305604,171.01927689367398,82.01332839177951,1.0266833217158173,4424,0.8775112522151143,-1,0.8083941718785288
fov0,2357,16549.799873737375,15032.67803030303,78.46541528840933,65.55374363774695,-1.5280917864491228,1584,0.5495700971120534,0,
fov0,2358,16542.195164075994,21016.219343696026,50.220430436959006,21.201165823802047,-0.8965219932354935,579,0.9065203270532582,1,0.4486328550855348
fov0,2359,16544.930131004367,23015.266375545852,19.746964672268295,14.935271176509842,-0.3623864991888921,229,0.6541873951896047,1,
fov0,2360,16565.738598442713,20050.081201334815,63.104337173897,23.28225061687536,-1.3634400957429234,899,0.9294498391485687,1,0.8451006892976475
fov0,2361,16568.521164021164,18940.039682539682,34.19332274882047,15.542097807294976,1.1697676348206438,378,0.8907283427707033,1,0.22936713863297348
fov0,2362,16572.32222222222,21122.233333333334,26.59224476819417,9.362345103806566,-1.4681245151466398,180,0.9359734814308996,1,0.5961639611485301
fov0,2363,16590.798165137614,27523.859327217124,40.55940831092154,11.172661477588813,-0.6281825034809819,327,0.9613113553159525,1,0.4876048999651451
fov0,2364,16586.17021276596,19940.441489361703,16.155786001594002,14.961081067574508,-1.469073940022002,188,0.3773984994210995,1,
fov0,2365,16603.66530612245,15139.844897959183,50.67744748507294,41.23511533269198,0.43831223086621696,735,0.5813160881362435,1,
fov0,2366,16649.79521765788,18997.489270386268,190.97944740033893,37.28735814028283,0.92080320881724,3262,0.9807549424030811,0,0.4010199627974402
fov0,2367,16638.158982511923,21771.144674085852,41.045681850056994,24.403747901864158,-0.6689295970830379,629,0.8040579603774546,1,
fov0,2368,16632.914285714287,21512.53714285714,22.626358280207807,10.901100897230057,-0.5907126265511867,175,0.8762879785841818,1,0.45017354486020944
fov0,2369,16637.569444444445,24387.340277777777,17.455893107817204,12.486695616270865,1.2042012492654632,144,0.6987884649629437,1,
fov0,2370,16710.453164556962,15108.545485232067,232.0111923596348,101.9217215483192,1.2167944690056751,5925,0.898342096046663,0,0.6534614736720128
fov0,2371,16760.524723528662,21533.2739290708,165.5616255588131,145.797320807013,-1.3568252608385933,7867,0.47381822724167294,-2,
fov0,2372,16707.709956709958,21601.51948051948,28.12476769485141,11.426800751970585,-1.4732518747541092,231,0.9137443608731516,1,0.5980954955327527
fov0,2373,16796.72675108825,23568.296201028887,311.3489017043947,77.39704247631232,0.7971285362310291,5054,0.9686097757984827,1,0.4399138916781758
fov0,2374,16777.02561756633,21819.203110704482,66.60573402581004,46.657941932682085,0.34279398754672263,1093,0.7136431869730803,0,
fov0,2376,16776.7446300716,21687.723150357997,26.62542538950498,22.014006748140602,-0.831106235907188,419,0.5624902102324025,1,
fov0,2377,16891.17354767994,24041.579649251005,204.45614972275135,181.98616098423184,-0.042768230568401656,5474,0.45576774281939514,0,
fov0,2378,16853.62760834671,15110.290529695025,51.34966501962667,28.39758211408527,-0.05004287765340006,623,0.8331655173154181,1,
fov0,2379,16852.690476190477,21725.085978835978,47.558736050732676,29.48351017833986,0.2935806167057052,756,0.7846500933430325,1,
fov0,2380,16877.627407407406,21993.664444444443,66.2617609764342,50.9935577758001,0.9503953014709537,1350,0.6385534679809184,1,
fov0,2381,16905.387947269304,22160.612052730696,97.39893837267553,52.21535824612413,0.36403443673316016,1593,0.8441558686268867,0,
fov0,2382,16898.55579631636,21506.585048754063,41.86618987059682,35.86385178253005,1.320031822902412,923,0.5159305425763865,0,
fov0,2383,16891.327272727274,14727.254545454545,26.139239067425596,8.55935132037225,-1.1600796234484572,165,0.9448677458674982,1,1.1246671184647936
fov0,2384,17004.330031498674,25265.300563660476,632.4921255046123,262.6617472153019,1.5513582446485281,24128,0.9096933404027824,-2,0.7608515543442096
fov0,2385,16906.39794967381,21695.971109040074,52.14060898929863,28.635883377158287,-1.4467600066496678,1073,0.8356876589968275,1,
fov0,2386,16919.844897959185,14771.085714285715,34.928371135324426,10.703246878778005,1.2274830403289985,245,0.9518918485714403,1,0.6065831999631262
fov0,2387,16995.763166294288,25994.88285987871,139.35339714108687,63.81184554587983,-1.3380911107654483,3133,0.888996591199244,-1,0.8092103127652763
fov0,2388,16987.72156084656,25808.3664021164,74.85849197326976,57.03524152416485,-1.03704541534405,1512,0.6476859286602292,0,
fov0,2389,17056.798522823585,24544.211768979294,221.99337245050035,151.28160754247665,-0.8011552024775134,8259,0.7318469547166417,-1,
fov0,2390,17011.33830104322,17404.290611028315,72.88374155092723,50.548082349047455,0.3520241846323686,1342,0.7204142605222382,0,
fov0,2391,17059.04650283554,16870.581096408318,126.87190966795482,108.3104281372434,0.17464666237000112,2645,0.520766685134136,1,
fov0,2392,17024.29139072848,25248.794701986753,20.6281906655298,10.04334095966069,0.5716030421289293,151,0.8734719095157959,1,0.5684243301505978
fov0,2393,17038.342465753423,19600.351598173515,33.85083166408663,9.971744096954312,-0.5676884787276504,219,0.9556271310096204,1,0.7642180022929884
fov0,2394,17038.54074074074,19672.246913580246,57.30113715801592,38.022376559117234,-1.35140669999013,810,0.7481287345068107,1,
fov0,2395,17071.768993552003,17575.352957667506,152.53576249667046,93.57031997024359,1.5630605682887002,3567,0.7897475320644591,0,
fov0,2396,17073.119236883944,27303.087440381558,54.47976382251821,46.2753195969569,1.1924955049091241,1258,0.527743448710258,1,
fov0,2397,17159.817049749086,20034.85341676476,610.5169911984318,240.74033528803344,1.558671212289448,16141,0.9189723011021487,-2,1.0764790704693665
fov0,2398,17128.04069767442,25873.56330749354,69.42802612635771,46.773738283084455,0.20995266463740614,1548,0.7390039337254383,1,
fov0,2399,17132.202991452992,16248.517094017094,69.63665913558623,24.01395492762361,-0.02250137570115238,468,0.9386591093663017,1,0.5304311650791563
fov0,2400,17113.076530612245,24889.88775510204,28.73944215110845,11.757506841750212,1.2955196083758993,196,0.9124864195815804,1,0.673962449290208
fov0,2401,17122.498929336187,24723.01284796574,54.019018791261516,12.66529742195036,-1.2796798600240806,467,0.97212577548593,1,1.1445175673219061
fov0,2402,17144.067928730514,16731.535634743876,64.3945109014598,20.241444391983357,0.5419733879387291,898,0.9493121450307175,1,0.6585238241611938
fov0,2403,17213.20652031024,26082.96726699093,213.35982708146835,140.17945521810137,1.0875967981920749,7607,0.7538822069725247,-1,
fov0,2404,17201.71039545347,26309.613071276344,159.94528365869692,108.1471029490722,-0.9105100876098675,4223,0.7367634200124287,0,
fov0,2405,17173.46067898582,26703.793296089385,326.98190692105254,39.34226624326755,1.3480901023755836,2327,0.9927352327943908,1,0.8097047060367484
fov0,2406,17174.634686346864,12983.051660516605,39.56591085730869,35.171365323047475,-0.2023423534901636,1084,0.4580411001602452,1,
fov0,2407,17212.31778104335,13986.443056576047,114.22636233099972,43.63877645954377,0.1785227482598544,2722,0.9241467403413238,0,0.4971810014589276
fov0,2408,17175.646616541355,24123.781954887218,18.27397060284359,11.040366295144905,-1.095441088180724,133,0.7968645183092802,1,
fov0,2409,17222.302527860833,26559.007338950803,158.52560404847142,64.71291213785535,-1.3411137274161828,3679,0.9128847369219678,1,1.014517076178646
fov0,2410,17272.068597560974,14932.919969512195,107.16824585417122,23.27820178458738,0.8292095588944391,1312,0.9761245091959093,1,0.5224782542590861
fov0,2411,17290.445383615086,13301.304941482445,122.07297137014142,29.522313232728244,-0.7937772863650552,1538,0.9703157620446282,1,0.862336231643256
fov0,2412,17280.606502242154,13895.631726457399,98.056557832811,31.49951061095224,-0.594085259057419,1784,0.946998431284709,0,0.6530110253123037
fov0,2413,17274.92021276596,14812.315957446808,78.0715922840672,23.068715922828492,1.0604519934992078,940,0.955348442911858,1,0.5846987117414313
fov0,2414,17325.124033075488,17883.798879701255,346.6728120298407,86.96051256432929,-1.3417196764323727,7498,0.9680277352375045,-1,0.9002620190883689
fov0,2415,17312.98956975228,27540.814428509344,102.73603957316062,63.74343426926292,-1.031978453543994,2301,0.7842393944584541,0,
fov0,2416,17304.52005629838,26086.731175228713,68.57667154780378,27.021220933512172,1.5621209832337672,1421,0.9190978597103584,1,1.1128509229039631
fov0,2417,17314.19794344473,20139.43701799486,35.07473192818661,16.07864043340141,0.5501915372971423,389,0.8887403560912347,1,0.5240391372024191
fov0,2418,17349.87323943662,27843.274647887323,16.88098457375746,10.798639641299715,-1.4525371200986281,142,0.7686309087274573,1,
fov0,2419,17360.869863013697,13432.465753424658,20.543435648999246,18.16758316257949,-1.3948273260740367,292,0.466824844141654,1,
fov0,2420,17383.497208653174,13760.682833217028,159.92317907232172,55.45822524123954,1.538512861243557,2866,0.9379463464545061,0,0.9154438948648616
fov0,2421,17464.43095848283,21358.531419784726,241.10245560630221,154.57235113752128,-0.1676126184680954,9755,0.7674519251047599,-2,
fov0,2422,17362.391304347828,27715.0,14.934755634648424,11.898555896385558,-0.8075563206074671,138,0.6043717898374592,1,
fov0,2423,17370.72966507177,27756.409090909092,33.28415364147151,16.440481340635948,-1.2396379065351582,418,0.8694941723310328,1,0.8992195287830913
fov0,2424,17382.0,27121.362459546926,50.338391127166595,10.649886201890395,-0.44260373513547446,309,0.9773637382583561,1,0.6887595663102307
fov0,2425,17387.681081081082,27188.651351351353,57.530262577475284,8.936677952210868,1.2723504177894878,370,0.9878612649643371,1,1.002717695386977
fov0,2426,17418.989977090492,16074.67067583047,172.5284135178437,82.06869294276008,-1.4017396503084085,3492,0.8796172222207556,0,0.7673249606851604
fov0,2427,17439.42523833417,13880.47691921726,173.94917429622362,50.53149778407066,-0.9557081203810572,3986,0.9568762787157988,-2,0.7990563996135506
fov0,2428,17479.0200238121,17395.18324493993,231.82336271400757,200.657133018098,1.2293478660610788,9239,0.5008044686876398,-1,
fov0,2429,17514.646325741298,13701.951869359691,311.6948359638296,53.0564427445134,0.6497416651393921,4654,0.9854062244039684,1,0.5557027189373422
fov0,2430,17407.676646706586,16162.161676646707,16.513348507858517,14.017831898568785,1.4608509466866335,167,0.5285874935798512,1,
fov0,2431,17428.177685950413,16244.793388429753,22.981356381963106,15.798043535429992,-1.4856256706954476,242,0.7262518893143868,1,
fov0,2433,17441.181240063594,21823.236883942765,59.558094406984694,16.217171290636035,1.0171747571490213,629,0.9622147691496569,1,0.9798448558985683
fov0,2434,17459.97813288478,16204.910849453323,81.09605406033965,40.589868444532875,0.7778834787051468,1189,0.8657273155936089,0,
fov0,2435,17444.145502645504,16909.955026455027,44.818647554350136,27.682578286222192,1.198608028327091,756,0.7864471305127756,1,
fov0,2436,17485.784758364312,20882.626022304834,100.56418160586031,95.10931398726296,-0.4003761399772296,2690,0.32487387289319086,0,
fov0,2437,17575.237451737452,15649.322635135135,210.35398144714065,168.94198850187584,-0.03222892057665861,8288,0.5958012957046781,-2,
fov0,2438,17498.150982419855,16027.208893485005,66.90772079361862,27.36089726144874,1.0786236751692062,967,0.9125635905809382,1,0.9375064658509507
fov0,2439,17546.5735948241,16148.27254346947,234.8331095280418,92.63706180451673,-1.0560918069714642,4946,0.9189043500419161,1,0.6176405278948566
fov0,2440,17516.42677824268,15516.137029288702,90.32853115686635,20.797538504170134,-0.7660149660773348,956,0.9731330976957472,1,0.7707614472030536
fov0,2441,17495.284210526315,15617.173684210526,25.437052759735213,11.594109836875258,0.7468058877700026,190,0.8900842101301907,1,0.6265079380233011
fov0,2442,17615.25501432665,14853.575167144221,314.25920900589836,181.83341640178233,0.7195201597611173,10470,0.8156045934064899,0,
fov0,2443,17558.807990089812,22528.999380613193,178.96820398228832,53.83395149055902,0.6225704792564404,3229,0.9536866878929973,1,0.5238390307639476
fov0,2444,17497.874576271188,15497.552542372881,36.04877051422223,12.242760745192214,1.496479617813491,295,0.940563962457249,1,0.9070119851563987
fov0,2445,17559.182566918324,15926.468085106382,128.04026769454856,76.73003669545184,-0.9152725426839586,2914,0.800550806545524,0,
fov0,2446,17518.71597633136,15588.39053254438,24.966342469040217,8.868761127089606,-1.102175676408455,169,0.9347794273868751,1,0.9127417908933646
fov0,2447,17528.73271889401,14954.013824884792,25.718469743997442,12.51043576969601,0.3838219319720675,217,0.8737152107251677,1,0.32068063327336965
fov0,2448,17559.153141361257,16045.36387434555,54.78939771169137,37.071953819790885,-1.0576925956336618,764,0.7363264852571445,1,
fov0,2449,17557.686813186814,15531.439560439561,26.30280489262047,9.42445469720828,0.6427641630879501,182,0.9336041768027982,1,0.600475251173263
fov0,2450,17566.170103092783,16197.972508591065,32.41918135709085,25.67867751528287,0.6753992955947857,582,0.610413598403593,1,
fov0,2451,17562.726785714287,18584.14285714286,41.37778906475571,34.30265281986117,0.3216597190124364,560,0.5592319196526166,1,
fov0,2453,17600.76475216365,15335.849724626278,63.1079126077332,53.80320640234554,-0.10481077210466337,1271,0.5226313119654737,1,
fov0,2454,17684.746283309956,13983.26507713885,201.3780022016761,111.05845416755562,-0.06014916788113609,7130,0.8341798623637252,-1,
fov0,2455,17594.273291925467,15795.888198757764,25.986393558607425,9.292114818981842,-0.28521439375203517,161,0.9338839809384363,1,0.5275941905850848
fov0,2456,17603.145748987856,13592.344129554656,18.23376792622196,17.29569814645428,-0.582608211573324,247,0.31661791907186965,1,
fov0,2457,17636.16095317726,13057.886287625419,168.193902635522,28.31787611993621,1.2882359750528753,2392,0.9857248132988288,1,0.5607853324263974
fov0,2458,17612.787985865725,18239.773851590107,42.45387914701586,9.172276480115922,-1.0770014055039892,283,0.9763816968521914,1,0.4838589448792052
fov0,2459,17650.303370786518,13752.421780466724,58.93900011487055,36.88082342473822,-0.2923731860392021,1157,0.7800271605235829,0,
fov0,2460,17648.135183527305,18106.138764547897,70.8231174186904,43.91520850708065,-1.0393161714381292,1117,0.7845474041681366,0,
fov0,2461,17668.872762457668,13834.565553942912,93.29065427117962,53.66041750601364,0.4887267446423649,2067,0.8180155765658026,0,
fov0,2462,17729.516152609267,20428.635287238707,266.8096397708069,149.79333374110496,0.9307316156295825,6841,0.8275283066808751,0,
fov0,2463,17963.812438665358,20079.503864082435,608.7728071363863,167.82538357983654,0.14830484475896683,16304,0.9612499869343216,0,0.4850248313675197
fov0,2464,17686.328671328672,15384.751748251749,34.386453947782755,11.185841890440779,-1.462071864635962,286,0.9456115821431706,1,0.5709107502881442
fov0,2465,17695.91774891775,19571.39826839827,40.01901206676949,7.694749460179286,-0.8518328485029915,231,0.9813406248203016,1,0.282237178296694
fov0,2466,17709.3137829912,14521.736070381232,49.92744656942245,9.125874694208905,0.5987305315401037,341,0.9831533327764308,1,0.2380377927007256
fov0,2467,17722.392523364488,13792.961179007909,71.95688121630953,26.349250466598267,0.812220953483142,1391,0.9305436026337263,1,0.47728917662004383
fov0,2468,17730.289497716894,18810.27397260274,59.31429084548724,42.61639357242184,-0.31239455673696515,1095,0.6955430576774083,0,
fov0,2469,17716.131147540982,14782.172131147541,19.791077029449923,15.742499933142435,1.5564399112556078,244,0.6060399331619569,1,
fov0,2470,17733.830508474577,14607.301452784504,48.13829092883127,22.040180038920717,0.050621355862808734,826,0.8890287784300143,1,0.40130708122387687
fov0,2471,17747.77487594672,15425.54478976234,149.57462030467573,68.43171949537533,-1.5494130715987133,3829,0.8892050435806615,-1,0.6032030300142358
fov0,2472,17726.1146953405,15270.387096774193,20.228618124674117,18.20181685815004,-0.23403188705197223,279,0.43629176694639166,1,
fov0,2473,17763.350596359072,14474.022912743252,122.23750611801636,97.82281246132123,0.9182967311445929,3186,0.5996419771745023,0,
fov0,2474,17821.661394680086,15384.173616103522,187.99874682917,154.16258525178407,0.8509984855636566,5564,0.5723359879068213,1,
fov0,2475,17790.055759922554,18269.81064859632,165.37139885888783,105.92729781103623,0.05520076948937003,5165,0.767923283282108,-1,
fov0,2476,17790.753512396695,19252.3597107438,178.03540009600542,86.44904998235253,-0.6346790522055271,4840,0.874196539148104,-1,0.36432367116821107
fov0,2477,17740.4923857868,21698.60913705584,24.64230768650411,14.202190878524043,1.403910211340472,197,0.8172144980352989,1,
fov0,2478,17752.70056497175,21821.30320150659,29.06085512932053,23.301592917640956,-0.30500847730182085,531,0.5975648007780933,1,
fov0,2479,17762.37282229965,14836.564459930314,25.442291981294268,16.63971725059555,-1.081001469073048,287,0.7564789742791026,1,
fov0,2480,17777.380952380954,15971.229761904762,56.26624675933736,42.1434056662515,-0.7182649698715912,840,0.6625702606296039,1,
fov0,2481,17810.357660584854,17898.61009747563,139.14947187020792,96.83827332530693,-0.43742351661819234,4001,0.7181097558745216,0,
fov0,2482,17767.35763888889,19676.25,27.03488124323768,18.006536969477818,-0.2932846623649443,288,0.7459086059513854,1,
fov0,2483,17793.359879032258,18987.509072580644,76.65572432004501,34.87725877258063,-1.2343978722588227,992,0.8904987412900992,1,0.560921470267124
fov0,2484,17796.4646539028,18899.631075110457,70.66571399959244,29.315712973403443,0.5504124994759447,1358,0.9098895482404993,1,0.6589911966161704
fov0,2485,17830.308881256133,20276.306182531895,155.12631856125034,127.03119466102902,-1.2244976264710878,4076,0.5739522984185152,0,
fov0,2486,17831.679709141274,16331.705332409972,162.4483038400097,134.1195974210833,1.522717102171575,5776,0.5642353121557511,-1,
fov0,2487,17805.56744868035,19118.290322580644,32.548560117513155,26.770060245196255,0.7746216105501619,682,0.5688153317761306,1,
fov0,2488,17910.69488410089,21339.471663433065,225.82628968531654,198.6911911749048,-0.24430420816476128,9793,0.47526845666267575,0,
fov0,2489,17855.304400977995,16204.38630806846,73.11112753510689,31.27475551288505,-0.14343494940375848,818,0.903887563684558,1,0.5706626191503652
fov0,2490,17889.921028466484,13974.43771043771,239.89612333477646,48.73453125092599,0.9438892671073864,3267,0.9791479447559867,1,0.6067542625679596
fov0,2491,17847.1004784689,15259.44976076555,30.064842157301843,9.795956506141735,-0.9211772717217738,209,0.9454291884287266,1,0.6127719948341279
fov0,2492,17856.470588235294,15286.408088235294,30.084207887179595,15.55909856828822,0.01941515989138646,272,0.8558736830357758,1,
fov0,2493,17934.504916136495,15773.844563331406,287.751132336539,90.8298613815025,-1.2839579243812949,6916,0.94887428497135,-1,0.6164923830607862
fov0,2494,17948.89665282189,20389.168336183728,156.29491309159968,114.93248327491219,0.8483884823412573,4093,0.6776804479450215,1,
fov0,2495,17947.962025316454,23161.17124432768,130.4741912992808,126.40918246268225,0.3036063737314313,4187,0.24767041478679114,0,
fov0,2496,17906.258227848102,14096.222784810127,25.078175045469948,20.186191546360085,0.5461303727095991,395,0.5933689081267783,1,
fov0,2497,17901.67175572519,15153.824427480917,44.86200964509483,12.354487122837929,1.3209217636914232,393,0.9613329837081032,1,0.896488463016585
fov0,2498,17922.627160493827,13946.54074074074,98.79508557006709,47.54991000795822,1.5018368289751154,1620,0.8765568518414619,1,0.7839381874306727
fov0,2499,17930.837563451776,22546.91878172589,57.469878046783485,18.99171937039562,0.23507998696998297,788,0.9438186363936453,1,0.46652496401679316
fov0,2500,17944.55168,21777.0816,96.83974371266862,92.643094332747,-0.2518846898731795,3125,0.2911941542810007,-1,
fov0,2501,17923.825665859564,14574.029055690073,38.47378329745402,16.212404591828097,0.009836849286891904,413,0.9068802825498282,1,0.3812519963865157
fov0,2502,17961.489551083592,15157.943885448916,202.99695799565788,63.8942887100893,-1.4630047506819432,2584,0.9491729812248149,1,1.214706881701265
fov0,2503,17943.13,15054.636666666667,39.857066449205334,11.078733815401451,1.5215558570181151,300,0.9605921876444725,1,0.9707732437086339
fov0,2504,17945.572815533982,13060.213592233009,16.921483573942027,15.533055018861376,1.2790925043494257,206,0.3966989503632766,1,
fov0,2505,18117.79239953781,18528.049685453847,346.5516055945211,103.35023215802376,-0.0757091265955635,7789,0.9544957080209657,-2,0.5397686901310931
fov0,2506,18188.178282122906,15322.66124301676,585.6027208965066,128.24480875276075,0.42855012653803626,14320,0.9757256970272539,-2,0.6456648163422289
fov0,2507,18001.144853875478,19693.063532401524,44.27509857633692,33.614549817155755,-5.942163275633569e-06,787,0.6508338241164754,1,
fov0,2508,18012.89789029536,23399.14599156118,59.437274063413525,46.743203630485354,0.42746554491839855,1185,0.6176805211063731,0,
fov0,2509,18092.213846845498,22621.923123033117,223.70353467822514,111.14595394835005,-0.7357857778304958,6673,0.8678393708704542,-2,0.6614422608948
fov0,2510,18109.298540572097,22149.027320490368,236.79767939594745,117.27534493948025,-0.8739334945159768,8565,0.8687473878455854,-1,0.3040066147059825
fov0,2511,18020.153409090908,13747.501893939394,29.783799370229655,22.930135462693013,1.0910888771489289,528,0.6381812226667739,1,
fov0,2512,18017.491803278688,15141.016393442624,23.9131937319685,11.229387598145259,1.1170687094769454,183,0.8828848096978067,1,0.8297737515404255
fov0,2513,18117.67142206708,18202.08438306268,213.34620401769288,123.7135984687849,-0.9929399131739307,6589,0.8147072321209856,-1,
fov0,2514,18067.01406469761,13747.504922644162,46.26854899589698,22.698286172416786,0.7278335551422915,711,0.8713978440314656,1,0.5700806842880546
fov0,2515,18097.262180161233,19635.95057833859,103.61601189274229,85.05881725190805,1.285196599700296,2853,0.5710659573700019,0,
fov0,2516,18100.040251572325,29443.355660377358,141.53878905788358,83.8077875827148,-1.4967848743141332,3180,0.8058506349981287,1,
fov0,2517,18099.335144927536,12843.639492753624,32.842512202574255,22.41473459359601,0.8933892426676999,552,0.7308935535668684,1,
fov0,2518,18117.34587995931,22437.02543234995,39.79187745892515,32.07798892422114,0.8826308901687527,983,0.591719208621827,1,
fov0,2519,18124.461847389557,14690.375502008032,27.65201831412586,23.03363654461213,0.1992550999296647,498,0.5532999235594042,1,
fov0,2520,18141.35687732342,13133.373605947956,47.73182623082309,28.173984926334054,-0.8412094502943349,538,0.8072162961138248,1,
fov0,2521,18158.936032388665,13811.65020242915,101.87852788348357,39.12826210899759,-1.4045335366123093,1235,0.9233048926113454,1,1.0952799636062809
fov0,2522,18173.20819935691,14546.741157556271,64.17617900499707,58.86121694197294,-0.026859075214304886,1244,0.3984692330413836,1,
fov0,2523,18173.38924050633,14802.365506329113,32.639446698415334,24.991209787635338,0.004944527571399485,632,0.6432275856671577,1,
fov0,2524,18169.742424242424,17386.492424242424,13.476703118883425,12.55222907216104,0.7343069716412383,132,0.3639920317000243,1,
fov0,2525,18198.900826446283,12815.765840220385,37.67884205789298,27.94263522281031,-0.7026018655452001,363,0.67084216152327,1,
fov0,2526,18212.625748502993,12046.29640718563,49.27911669554228,8.971998972540677,-0.8267140736517024,334,0.9832865101087491,1,0.6719650382663788
fov0,2527,18230.71063257066,14643.367429340511,62.00462470810342,24.582915020034477,0.23718843791932775,743,0.9180480857266462,1,0.43891404890405095
fov0,2528,18202.805369127516,29002.758389261744,18.641542548253273,10.72160345358115,-1.2826767931490348,149,0.8180509752621936,1,
fov0,2529,18282.916994320665,19182.3123634775,221.63118367894137,150.95785157924934,0.6967032647074284,6867,0.7321700387356143,0,
fov0,2530,18225.897435897437,12004.824786324787,27.001194656647193,14.593725849858737,0.15021272359713167,234,0.8413540034059751,1,
fov0,2531,18240.41302027748,15525.196371398079,47.2943100405853,25.697776769536603,0.023417200443141488,937,0.8395006124848465,1,
fov0,2532,18247.09677419355,14057.35806451613,50.4883315407814,9.670944687680525,-0.5767996434772095,310,0.9814832245166423,1,0.7508509975424863
fov0,2533,18260.36129032258,21556.08387096774,21.392357767747075,9.894191266195007,-1.312483436997758,155,0.8866137752230038,1,0.2533383812473802
fov0,2534,18279.746666666666,21380.68,39.15771638555958,30.072046871199742,0.11234991615658692,675,0.6404828930989565,1,
fov0,2535,18282.905569007264,25727.46731234867,60.33304148129167,10.060671896118645,0.7705377173583353,413,0.9859988229912725,1,0.5449038168571162
fov0,2536,18347.381183745583,21592.16143992933,216.32294703241607,187.02155292781453,1.118514394102374,9056,0.5025503973091652,-2,
fov0,2538,18283.58778625954,25687.251908396946,30.843242805556198,11.625781624800775,0.9790600520773415,262,0.9262412447773019,1,0.5931987497080106
fov0,2539,18385.86955982641,15041.613639181649,230.1515280630408,199.6667002342979,0.254298687718166,8065,0.4973595087941908,-1,
fov0,2540,18296.51007751938,14717.051162790698,47.516435636756675,21.19439080790632,1.3974612459271283,645,0.8950113503310062,1,0.4586497780273281
fov0,2541,18379.481380915437,20360.90768037238,210.84017362664687,159.70347647822564,-0.9518683461664252,7734,0.6528789396542768,0,
fov0,2542,18330.62977867203,14862.583501006036,43.98597992545899,28.912958532266757,0.4142165444853453,994,0.7536097146033377,1,
fov0,2543,18328.844897959185,25825.579591836733,40.093081205778326,9.716460043574772,0.08216237710578832,245,0.9701894992775701,1,0.555345751975216
fov0,2544,18356.437042459736,21313.598828696926,72.67629240999733,34.83974721473966,-0.45274441962318457,1366,0.8776060390312103,1,0.5125634548170321
fov0,2545,18351.298755186723,25860.464730290456,21.140825292703692,14.644872819643709,-1.570379192133445,241,0.7211975274343488,1,
fov0,2546,18390.155313351497,15964.305177111717,37.77502859023924,25.218165501168222,0.7335975586541031,734,0.7445306702120994,1,
fov0,2547,18403.316998468606,23327.50535987749,31.519091769040283,27.6106404854966,-0.7388854954899977,653,0.48231593778035853,1,
fov0,2548,18402.821428571428,21505.714285714286,13.838536604300682,10.479572284386183,0.08485395817031621,112,0.6530966075522427,1,
fov0,2549,18430.045092838198,18182.039787798407,75.64270928611994,32.4440447174589,1.4357836272272488,1131,0.903346408912478,1,0.6229066640779547
fov0,2550,18507.556591211716,23071.848868175766,155.9314156716876,114.1123347284704,-0.11103439970799805,4506,0.6815075723437952,0,
fov0,2551,18488.310993975905,23560.818524096387,84.92185262933191,38.03849925354628,-0.5652472106631039,1328,0.8940718522530824,0,0.5011045151455932
fov0,2552,18481.362333674515,21263.309109518934,47.58685048785663,43.007860048132166,-0.519125852233908,977,0.42800547752010415,0,
fov0,2553,18499.337254901962,15909.05,56.22994883965779,43.00355274400864,0.24071185337440498,1020,0.644291248102351,1,
fov0,2554,18573.62747152023,21935.00929684431,228.4949470505282,172.22144157082246,0.3172662506896877,7637,0.657194525009646,0,
fov0,2555,18561.097955447054,23725.934543790052,223.0372522573574,130.446692677094,-1.0150941875678186,6554,0.8111306174830081,0,
fov0,2556,18517.867572156196,24817.382003395585,50.53130165675701,18.079788566716235,-1.128613796883951,589,0.9338006032051938,1,0.9237567114197945
fov0,2557,18560.666666666668,20457.617316017317,123.72331666975322,108.15244336814382,1.2486814911929665,3465,0.48566030360321955,-1,
fov0,2558,18533.997084548104,23225.60641399417,52.95334907284983,46.26247197736308,-0.6628031308945905,1029,0.48656241566279557,0,
fov0,2559,18576.89810017271,19831.599802615347,132.51739449798725,123.15100563285037,-0.0920050456499231,4053,0.3692765508816915,-1,
fov0,2560,18565.08283631544,24523.569472056548,204.7904175387751,60.7714910655887,-1.3723768390725264,4527,0.9549553009738132,-2,0.6896700010611468
fov0,2561,18562.413711583926,23148.944444444445,67.35042711347201,17.659965608883393,-0.15789110382401658,846,0.9650107963834212,1,0.5351895897185779
fov0,2562,18574.98838896952,28553.24673439768,90.94417552724963,12.401397826090724,-0.6154548465583944,689,0.9906589728802982,1,0.5306125427200981
fov0,2563,18568.729532163743,22806.077485380116,40.27920441746419,27.999016288737344,-0.12746688911581894,684,0.7188904655137329,1,
fov0,2564,18706.831646661958,15539.867968933866,323.45073764923313,118.65995204110904,0.9096847402036856,12747,0.9302776089727399,-2,0.5647587440127435
fov0,2565,18619.60335689046,18265.587455830388,91.6666197051514,28.230582737116784,0.725792948706417,1132,0.9513960195029105,1,0.30373814968897855
fov0,2566,18624.137221269295,17852.428816466552,76.58816853691053,19.933778167899405,0.4759272401668686,583,0.9655352577708444,1,0.29300500602793506
fov0,2567,18639.96907216495,24610.643593519882,114.84466377601822,77.08452612452807,0.0677072011566055,2037,0.7412700934973613,1,
fov0,2568,18621.035327635327,22901.40854700855,97.0783035478317,34.44521918692874,1.3119683543610943,1755,0.9349350412353808,0,0.6702477290470145
fov0,2569,18633.166666666668,23034.403307888042,38.74543616955364,28.159283253616568,-0.07808549394212023,786,0.6868737258449852,1,
fov0,2570,18641.972111553783,23166.03187250996,33.362268787775236,12.460537096355228,1.3354312391266037,251,0.9276334416198116,1,0.7325006568464647
fov0,2571,18664.331983805667,21287.52053209948,71.50833733960853,65.205506186797,1.3226767710576446,1729,0.4105040089347409,0,
fov0,2572,18732.594750656168,18652.824015748032,270.02088410063715,132.93937219649095,1.062271197134707,7620,0.8704086433238176,0,0.32774677180759776
fov0,2573,18671.002673796793,16411.06550802139,110.18253347265939,20.1962935947595,1.2348847757215815,1496,0.9830573016313199,1,0.47950362986722284
fov0,2574,18684.25443383356,15285.084583901773,85.14434006355755,37.22910110845157,0.7805636499224805,1466,0.899341494744622,0,0.19912057836632013
fov0,2575,18677.06320810972,22274.605843768633,89.11389615495688,34.16326477099974,-1.0673206780780533,1677,0.9235963831467776,1,0.5311262683428937
fov0,2576,18715.8427184466,23167.90226537217,94.12955202444454,60.778747512954205,0.14832397494990776,1545,0.7635975193380464,1,
fov0,2577,18741.577509888866,23014.866641552082,133.42147934454866,115.69980859809274,-1.5215255004161268,5309,0.4980030473739202,-1,
fov0,2578,18736.89138576779,19193.853100291304,163.52414799951612,99.75003203900269,-1.2323110795939198,4806,0.7923999928505238,-1,
fov0,2579,18747.314205457464,28859.0525682183,108.64543382618669,62.40984626309371,-0.5829044572545208,2492,0.8185495127169196,0,
fov0,2580,18718.34080717489,22383.312780269058,47.96201687701159,28.033079168191552,0.04249776794968624,892,0.8114045176496621,1,
fov0,2581,18804.46903207888,19632.82485071518,1048.4598151528921,229.72149995858712,-1.4672921079561596,28804,0.9757015615617632,1,1.106662958211922
fov0,2582,18763.001143292684,21807.247586382113,316.31897371849095,120.70817814830555,-1.5003753160149071,7872,0.9243264414624354,1,0.8918498702425979
fov0,2583,18717.643274853803,19281.3918128655,18.713836763021078,13.717768920836335,1.5633463904617095,171,0.6801983156535949,1,
fov0,2584,18736.842565597668,15841.910592808552,39.89004085840716,32.931352421811,-0.8446855368731006,1029,0.5643242419937677,1,
fov0,2585,18772.422379826636,29074.769109535067,69.1805393066098,44.05505983797904,1.217506035700363,1269,0.7710183725360035,0,
fov0,2586,18844.037012845634,21219.972022643153,199.45092078959146,169.63473354499962,-0.3385262906972553,9186,0.5259610583352543,-3,
fov0,2587,18781.811440677968,23445.165254237287,47.36040520700796,38.05775848621604,-1.2824449886930105,944,0.5952000652234914,1,
fov0,2588,18775.52336448598,21933.719626168226,16.268542603480082,8.597587027327908,-1.320334768529107,107,0.8489462251092568,1,
fov0,2589,18842.23884031293,22205.39484583525,108.79375299481109,28.079507830876967,0.09534591954114524,2173,0.9661185994955199,1,0.5011118883049059
fov0,2590,18819.103896103898,18047.034632034633,32.95179800833038,10.5229129194887,-0.14478019692464783,231,0.9476393314394871,1,0.4966808793766025
fov0,2591,18870.380793854034,28827.44276568502,115.25663234055193,105.57475516221707,1.24429449868273,3905,0.4011846050908239,0,
fov0,2592,18898.433538191395,28535.049517120282,171.38365863030418,140.52742788334913,0.33311037695560536,5695,0.5724234710545568,0,
fov0,2593,18846.53890160183,23132.358123569793,38.2240432428291,29.98908336031129,-0.9921148875074087,874,0.6200519794666463,1,
fov0,2594,18859.63157894737,17340.9176201373,71.20708684293541,20.128715606415373,-0.9965000770181226,874,0.959214700137127,1,0.5794873644795004
fov0,2595,18847.666666666668,22454.04651162791,18.770453951041887,9.114108278659558,-0.22492815258961993,129,0.8742055140769895,1,0.40895737200041715
fov0,2596,19056.27832801199,22372.423307486806,632.9163864808154,344.7126755378989,-0.8905471784455846,30694,0.8386688179395821,-3,
fov0,2597,18890.903973509932,18043.023178807947,50.93467197365131,11.625207161146978,0.40813300461849555,302,0.9736054637703982,1,0.2213907565547512
fov0,2598,18895.412060301507,28263.4648241206,56.986949090982826,10.616303999884385,-0.809931398702315,398,0.9824941190361378,1,0.5851629138033514
fov0,2599,18939.165542745268,23613.835762453775,146.56049920537245,115.90761347300203,0.5508137211692476,4597,0.6120078908817901,0,
fov0,2600,18897.684782608696,23256.885869565216,38.108313918600395,18.167145142931957,-0.32039927758577463,368,0.8790530674631872,1,0.6157084572454548
fov0,2601,18947.460641399415,17146.708454810494,104.45916558631279,34.16517931893328,0.8440317360447999,686,0.9450010414310979,1,0.610296639518462
fov0,2602,18943.265687583444,17438.92523364486,63.84719124087187,29.907013254193796,-0.27308590396411214,749,0.8835083080709916,1,0.21305758731415156
fov0,2603,18922.678571428572,28794.57857142857,17.457050558850703,10.89230949770955,0.8123082367083911,140,0.7814650516278709,1,
fov0,2604,18964.809677419355,24030.656451612904,207.21221011204594,83.99594970724092,1.226112820349716,4340,0.9141562630348059,1,0.968654128355483
fov0,2605,18936.156069364162,23283.58959537572,22.241474672424086,11.378451783201433,0.6335479321489913,173,0.8592314166424838,1,
fov0,2606,18939.964705882354,22295.45294117647,20.382619606708058,11.17873172062622,-0.8104108628706822,170,0.8361870844521118,1,
fov0,2607,18954.324632952692,21873.831973898858,50.120963962082165,25.707014080227953,-0.9048749579721489,613,0.8584486996533153,1,
fov0,2608,18954.5703125,17585.427083333332,35.16507398123914,22.024684656547688,0.916981719654751,384,0.7795638876866037,1,
fov0,2609,18971.718309859156,19969.26226323458,114.6600287144028,39.57937649268206,-1.4743047429421587,2059,0.9385332062969255,0,0.911708742696739
fov0,2610,18967.07615230461,28182.320641282564,40.63816891987473,16.72972298273548,-0.5587053910732938,499,0.9113306739452678,1,0.5369230358711621
fov0,2611,19036.598937688283,28507.306167750117,471.16814162490317,165.5481870623102,1.4774846099336303,12614,0.9362415899435277,-2,1.1020159071420146
fov0,2612,19047.827991452992,17064.125534188035,219.32933362622683,60.89513136542764,-0.04014282620077154,1872,0.9606844827911691,1,0.4286571510981556
fov0,2613,19030.444915254237,17280.368318122557,133.61578410346075,69.35172548295307,-0.1246061424565588,3068,0.8547509101771548,0,
fov0,2614,19000.358817533128,23547.08868501529,57.21560418276695,32.2788122879821,1.0452163570472135,981,0.825664804684801,1,
fov0,2615,18997.970747562296,22049.487540628386,86.28080130285237,20.034785589179,-1.4666743783405234,923,0.9726670014329252,1,0.6255989285431348
fov0,2616,19138.40260873559,21675.26528268957,648.3125936957532,265.48685234705323,1.02693757781538,21773,0.912308147317431,-3,0.9290388639878308
fov0,2617,18993.752136752137,29973.247863247863,12.641448071641236,11.86269611341378,0.7207211807681538,117,0.34555924819362593,1,
fov0,2618,19035.098330241188,17331.461966604824,68.17760999642474,10.959159713921798,0.1077451218227821,539,0.9869960900200145,1,0.45476636066671067
fov0,2619,19104.528729125388,23671.88225304274,190.184783218646,60.1448438594333,-0.9885953935840388,3533,0.9486778037052708,0,0.8999930427325674
fov0,2620,19077.70783847981,17505.872921615202,102.64169795025254,37.212214889392826,-0.5039081468902905,842,0.9319663409619284,1,0.2408852502658957
fov0,2621,19049.374643874642,22340.535612535612,34.49009521193682,26.021617487404267,-0.8063117117959225,702,0.6563386872595156,1,
fov0,2622,19077.51401869159,17616.179127725856,70.43160194306202,21.530403473585046,-0.2048413115977609,642,0.9521303343545693,1,0.2722120083262952
fov0,2623,19091.2086638194,19248.872483221476,175.18661654421078,50.56606426348684,1.487065667327038,3278,0.9574373576259024,1,0.7793743409928584
fov0,2624,19091.005185185186,17164.77111111111,66.86854141561197,64.41740804905079,-1.5677247722426428,1350,0.2682691575702806,1,
fov0,2625,19083.470588235294,22028.525210084033,33.282645521712155,11.54630363901422,0.44681922452343625,238,0.9378959660503444,1,0.7032556049743293
fov0,2626,19292.971024642186,19206.66630192148,610.1625643952464,280.19232485508434,0.9748291055956881,22847,0.8883281024655703,-2,0.6280657101010192
fov0,2627,19118.370402802102,17320.48949211909,66.32895101299802,50.39824005910251,-0.734131408345252,1142,0.6501303898851665,1,
fov0,2628,19126.843413421706,20099.56503728252,62.00231788357681,35.73048654157295,-0.4518817299086686,1207,0.8172547036018964,1,
fov0,2629,19173.107324926215,19983.395224040785,168.30253589065808,127.32819422654369,1.058580349868782,3727,0.6539433390352285,0,
fov0,2630,19143.376623376622,18559.424242424244,22.532825374519984,13.686234982431209,-0.9079122341215898,231,0.794403041432597,1,
fov0,2631,19176.191800878478,17780.355783308933,97.98107468916655,13.102141182512643,-0.659542672599572,683,0.9910189989273279,1,0.1956772893894728
fov0,2632,19181.022973835356,18429.34779834078,123.22910132747568,32.09771177769008,1.157060056634054,1567,0.9654814427439957,1,0.585234145512106
fov0,2633,19289.647896169143,23041.71153443584,219.65619783241834,173.80346068405987,1.0704117677677756,9554,0.6114898833396538,-1,
fov0,2634,19200.875621890547,23586.65174129353,30.512088143313626,9.246138607519454,0.8432272207488513,201,0.9529803862849748,1,0.6684085237393163
fov0,2635,19223.50332594235,22292.78122690318,55.772210155237346,49.456168924836795,-0.1114132668861788,1353,0.4622437665765006,0,
fov0,2636,19216.67701863354,17380.374741200827,45.05711541338014,16.03291163108249,-1.145446656881596,483,0.9345486867723938,1,0.47617046532868545
fov0,2637,19254.959902794653,19258.158566221144,104.48153509430658,92.03386906836525,-0.33221236050082437,3292,0.47337216632024515,0,
fov0,2638,19262.85597416577,28220.16232508073,136.2407161869851,117.03190152076932,-0.7481427262866567,4645,0.5119617144350183,-1,
fov0,2639,19277.280193236715,28474.020810107766,129.9636753621007,119.73859867860168,-0.25719877643025885,5382,0.3887966828500932,-1,
fov0,2640,19326.68812442064,28942.983005458853,344.52334938425093,164.55261654710864,-0.9041718867507436,9709,0.8785643544016434,-1,0.96349745749706
fov0,2641,19258.351445086704,22419.032369942197,113.3015058606363,11.226262312493578,-0.7922056652509137,865,0.9950791641911125,1,0.6654632147028416
fov0,2642,19262.353084168946,29227.249468246733,124.39879757757166,72.16185347895002,1.2541101270741097,3291,0.8145560799643924,0,
fov0,2643,19246.166666666668,18091.464912280702,19.446273663433185,7.7850091823407785,1.0188743299878729,114,0.9163691922537528,1,0.5856188093954439
fov0,2644,19295.30779054917,20258.973180076628,84.89284678568842,53.211874655965225,-0.28413314727438627,1566,0.7791703456668841,0,
fov0,2645,19307.899590163935,19118.695696721312,103.04924428680678,17.674112832463667,0.746982352481868,976,0.9851821476508762,1,0.5953366991358531
fov0,2646,19289.225,23172.745833333334,34.92454690742243,9.823394467637257,1.0736381089054845,240,0.9596272685776943,1,0.7664739259744371
fov0,2647,19334.866764995084,16929.8598820059,142.86956720449146,99.40566410603357,0.8640095951544053,4068,0.7182557992587397,0,
fov0,2648,19317.80834914611,24114.869702719796,56.13044368491924,39.161972408123646,0.10443706593998014,1581,0.7163941864643973,1,
fov0,2649,19310.098039215685,24178.946078431374,17.71802939613201,14.776390458399712,-0.38811857734135236,204,0.5518024935482436,1,
fov0,2650,19342.83879781421,27754.286885245903,50.95811818544613,12.003955157487052,0.513135000204171,366,0.9718585673165682,1,0.4728455570745905
fov0,2651,19343.151515151516,28414.959595959597,20.923187958202522,12.2980046283109,0.6678785160593225,198,0.8090286852542895,1,
fov0,2652,19353.783524904215,20534.802681992336,32.3586315313368,21.311911519229128,-0.7878315802497781,522,0.752479237606744,1,
fov0,2653,19381.7294938918,17908.668411867366,80.86846954917257,22.06430588655027,-0.12374196012319569,573,0.9620588881771879,1,0.49214186851956193
fov0,2654,19392.58620689655,17975.616858237547,111.43738910911887,46.469938671182234,-0.9670744409506465,1044,0.9089042320985757,1,0.8313998794928938
fov0,2655,19398.315774647886,16262.261971830985,156.9842314982122,73.77899313857026,1.2583996207230463,3550,0.8826786107223211,0,0.5662584260517929
fov0,2656,19403.388475836433,20575.951672862455,125.3072451549956,36.78854406880703,-0.5960033232850492,1076,0.9559324418008022,1,0.524272746339241
fov0,2658,19407.67982832618,21463.151072961373,91.70602423223126,48.78080743945988,1.0559713598947538,1165,0.8467909190140066,1,
fov0,2659,19395.38613861386,27714.91089108911,16.137487991630266,8.13983447608305,-0.5655370661757348,101,0.8634670190897282,1,
fov0,2660,19431.331047265987,15981.110843373493,178.2723305551952,100.0567103502659,1.481089862545315,5395,0.8276411322246715,0,
fov0,2661,19421.479099678458,20635.514469453377,68.05143508833976,13.808574541238448,-1.203102789545457,622,0.9791966065250783,1,0.6845635867750604
fov0,2662,19444.517747858015,27839.553855569156,72.52318671218225,56.9819321691714,0.9051312071558894,1634,0.618599586332023,0,
fov0,2663,19430.027237354087,27705.996108949417,23.64302583649066,14.204697363620623,-0.10908762392315802,257,0.7994004095121396,1,
fov0,2664,19445.124423963134,15812.082949308755,18.488825886452446,15.186672442019825,1.0255565336515808,217,0.5703563853951436,1,
fov0,2665,19463.336405529953,20613.327188940093,30.663781671359317,11.267452989046596,0.8646618030156266,217,0.9300426791949782,1,0.867476184895546
fov0,2666,19460.45205479452,28054.794520547945,30.51598734893411,9.252821124829724,-1.1913006924927991,219,0.9529230465501892,1,0.6095955925426527
fov0,2667,19465.36220472441,17890.43307086614,19.833259179405406,8.811154085120934,1.0702802346385996,127,0.8958971437569577,1,0.6055271186442585
fov0,2668,19477.942042318307,29083.166513339467,40.230393018364765,34.48929116845542,1.0625067676383573,1087,0.5148264653217015,1,
fov0,2669,19527.11794247451,23298.792573428702,138.98182657839843,131.36025924441026,-0.19617203711850975,6571,0.3266035947114832,-2,
fov0,2670,19513.966972477065,18078.16513761468,77.64400724238189,19.987249414979846,0.5341237091203614,545,0.966299170939688,1,0.42522654619198164
fov0,2671,19516.853957286432,22406.031407035174,141.93798722167296,88.300477708413,-1.570099939206537,3184,0.7829330033184826,0,
fov0,2672,19632.94941057069,28111.858380825983,396.0005890575061,267.26288267960894,0.5555233174112401,12809,0.737904385849744,0,
fov0,2673,19548.36976744186,27592.083720930234,36.577110717626454,17.418015676024847,-0.14786538110812728,430,0.8793370660958515,1,0.3738853969198753
fov0,2674,19643.44438303164,17748.809451430152,245.5355380208817,146.1876310856883,0.10717521418754548,7237,0.8034421857917537,-1,
fov0,2675,19547.91282051282,27504.117948717947,29.087977128918176,10.00444809483826,0.6707128419912644,195,0.9389925184570993,1,0.5327924586274356
fov0,2676,19612.54139010645,22437.022166562303,360.2478264700416,92.15122198399094,1.4442848842723794,7985,0.9667298507344952,-1,0.9558984370558525
fov0,2677,19578.041825095057,20334.09505703422,33.62212475213767,13.230765968025858,0.4643102359836734,263,0.9193187615579494,1,0.699242467577139
fov0,2678,19599.6160188457,17002.148409893995,54.53725293720321,24.746038877433616,0.22031513376421988,849,0.891131261452399,1,0.21207801154468453
fov0,2679,19682.660714285714,18179.555778491173,202.55168339343265,92.50614151073654,0.22131467396534157,4984,0.8896187710788739,-1,0.49220549989000595
fov0,2680,19606.923404255318,22593.08936170213,57.584737436530915,13.762645754665822,-1.2682142891262782,470,0.9710200224362138,1,0.9055332264130718
fov0,2681,19607.949579831933,18103.909663865546,37.90596710834035,19.64324741266995,-1.3029815570522092,476,0.8552534711234012,1,
fov0,2682,19630.81464811784,29116.473813420624,136.18256491060617,56.62268152299874,1.270046352789243,2444,0.9094628907665071,1,0.8308321660194544
fov0,2683,19616.803468208094,16343.729479768786,46.189375043505265,32.81708138339452,0.355823619468745,865,0.7037074651556151,1,
fov0,2684,19615.484662576688,23366.042944785277,23.99812760685893,8.6617506694726,-0.7013210557154802,163,0.9325911925431095,1,0.5928497661035041
fov0,2685,19655.59189189189,27768.84189189189,86.59885122721406,32.2794570723856,0.05436117502863418,1480,0.9279330344356492,1,0.3693687070731059
fov0,2686,19712.544925662572,17470.202973497093,223.67814221355525,53.00002754179395,0.7723477454335236,3094,0.9715224003184756,1,0.3001431727238528
fov0,2687,19761.877954920285,17435.729796591535,284.5482320263222,45.76601073727724,0.8008785047377882,3638,0.9869809097198702,1,0.31083401580230247
fov0,2688,19719.222879684417,17318.329388560156,72.0009695841563,17.352484456323378,0.3325137802365987,507,0.9705242506675994,1,0.1796877454098396
fov0,2689,19752.682170542637,18407.15398167724,124.50241954354314,108.91599443610914,0.6884663460345283,2838,0.48446568818851,1,
fov0,2690,19701.357723577235,18105.48780487805,19.848284873473602,8.116768346076622,0.029968325062268413,123,0.9125610304283416,1,0.4440636844154567
fov0,2691,19717.725,18109.50625,21.45557621783175,10.091958390759082,-1.3049646123343754,160,0.8824718076466822,1,0.9060769953595582
fov0,2692,19800.655476059437,22633.09534947716,261.649662428728,117.49854068041965,0.5257223520866681,7268,0.8934974871236707,-1,0.554324010898379
fov0,2693,19761.5262605042,17024.434348739494,111.40862645580007,47.488213200471144,0.6022891378360236,1904,0.9046041939374901,0,0.2936403833876064
fov0,2694,19925.750824196886,21992.54857011424,423.8105191512724,204.1823378202271,-0.17240502950072292,13043,0.8762936260699454,-1,0.4298210114442745
fov0,2695,19786.58294849023,21814.89591474245,113.22479729032332,63.867700489891405,-0.5962859207725154,2815,0.825721006203523,0,
fov0,2696,19757.82113821138,27910.841463414636,20.312842908143374,15.556963785488833,0.5874818535456129,246,0.6429973931308913,1,
fov0,2697,19778.04104477612,17361.641791044774,36.02410175984153,10.207062218316961,0.5085955735649234,268,0.9590195779877959,1,0.11033409546349071
fov0,2698,19863.268961807422,21590.23399677246,184.969663167473,105.77743191931992,0.5142940544652927,5577,0.8203486659028603,0,
fov0,2699,19826.625796178345,17142.666401273884,66.69530230545608,49.72621518213762,-0.1316054717968585,1256,0.6664239896248401,1,
fov0,2700,19810.95459236326,21897.586171310628,49.2601368522083,27.320503779162934,-0.3458678402752683,969,0.8321058274591914,1,
fov0,2701,19893.059160881377,16900.40718382131,211.76757192296063,136.09183231848493,0.31074133029629786,6626,0.7661622580359301,-1,
fov0,2702,19823.845808383234,29290.002994011975,35.29650702931573,24.234952722388172,0.8975074198070097,668,0.727025450998303,1,
fov0,2703,19854.98252184769,17045.56429463171,51.512271047343944,28.150885087188726,0.9214243808751433,801,0.8374663374415675,1,
fov0,2704,20039.910037939684,22355.67957044563,431.3597194458671,150.41506766237904,0.25408730314464145,15551,0.9372344517394227,-4,0.24184193103226634
fov0,2706,19877.28832116788,29452.023519870236,132.47167875253766,55.015692688634324,-1.233196057965047,2466,0.9096838064743594,0,1.1053208713679785
fov0,2707,19868.11214953271,16980.205607476637,26.92132869033781,10.648589939320757,-0.4710856470159225,214,0.9184467100414149,1,0.4497023878257366
fov0,2708,19903.070175438595,18558.885964912282,12.753533336841523,11.461950942363277,-0.18401790377667074,114,0.4385075911187787,1,
fov0,2709,20018.923369221025,28356.352628245724,243.7022451053408,146.40649638246597,0.3273656687188781,7895,0.7994296340803733,0,
fov0,2711,19959.003012048193,21966.795180722893,51.8059090726107,8.590091852424449,0.0041582794517440345,332,0.986157217518597,1,0.39170136391796717
fov0,2712,20007.498861047836,17618.899772209566,114.84070714969768,16.06585892809691,-0.3127981695434061,878,0.9901660756461673,1,0.4683036264924394
fov0,2713,19979.748062015504,22007.17054263566,38.21572984772408,9.093801549779908,-0.5318226708240958,258,0.9712750418037741,1,0.5556028356909929
fov0,2714,20027.183989236462,16353.203161789439,153.89491354428569,59.190660727369846,-0.6446832375467155,2973,0.9230760854784911,0,0.79210352916416
fov0,2715,19995.428057553956,21845.8785971223,40.70097438764598,35.12962384048935,0.12811734405623784,1112,0.5050073245740598,1,
fov0,2716,20002.944696282866,16455.011786038078,55.22099352057832,45.84041022080246,0.1301920108274036,1103,0.5575750978093458,0,
fov0,2717,20036.060880503144,29222.884025157233,208.1384843468921,68.12858521779945,1.1804067476649205,3975,0.9449123911137334,-1,0.8448793754618569
fov0,2718,19997.376543209877,21274.975308641977,20.644446619221615,11.025116956798701,1.3259108987440127,162,0.8454544174475094,1,
fov0,2719,20086.49231404959,17857.19082644628,267.14728277530503,190.16049143217884,1.2114520880485105,12100,0.7023630251720707,-1,
fov0,2720,20079.691313131312,15113.409292929293,189.94972437485123,80.93520731060524,0.5403783026637556,4950,0.9046819462291916,-2,0.36349017465399286
fov0,2721,20054.04322853688,15183.817714631197,86.81275150501259,60.37424886313006,0.5025550902298791,3308,0.7185709131435716,0,
fov0,2722,20112.62518068806,17238.689650187916,230.46503381620133,136.70709699158317,1.1804408826888928,6918,0.805070350248962,0,
fov0,2723,20089.322178105504,16090.96199659671,119.52325430381678,104.32563672995263,0.543493193278544,3526,0.4879921324370266,0,
fov0,2724,20087.898745519713,23129.702508960574,149.94042656872668,33.80677070013686,-0.7713036471576736,2232,0.9742505700019034,1,0.7915938741237688
fov0,2725,20075.125388601035,16673.445595854922,53.93175943681843,40.6882127766441,1.0122719990985891,965,0.6563703769428644,0,
fov0,2726,20068.362416107382,17206.959731543626,18.491567888428012,11.941196062914132,0.35794782575863204,149,0.7635367392848662,1,
fov0,2728,20131.87852112676,16420.69659624413,76.03889822943793,68.79404852323407,-0.5373841184909058,1704,0.4260029025757248,0,
fov0,2729,20131.72427983539,16269.9231824417,33.28340798020576,28.074685093469864,-0.030884287563025217,729,0.5371230188609643,1,
fov0,2730,20130.92670157068,22707.15706806283,22.52023973531147,13.550835007234388,1.2039158050168763,191,0.7987085663580433,1,
fov0,2731,20148.01108033241,22864.650969529084,41.57842849561679,17.049644141643018,1.4092665484344848,361,0.9120586163318624,1,0.7185351322724297
fov0,2732,20192.287545787545,22856.76923076923,68.7438287055852,17.492469250729997,0.8885904276738652,546,0.9670836264971681,1,0.5220664343231957
fov0,2733,20191.859977949283,22677.7618522602,60.92258312902591,46.69536365456435,-0.9136117167376037,907,0.6422794951765589,1,
fov0,2735,20205.488629379226,16618.207744314688,105.51095797044053,25.430798025195656,1.5535086150410202,1627,0.9705188616567354,1,0.7887448849229799
fov0,2736,20208.28350515464,17421.04381443299,38.71240304481257,20.771514457844287,-0.975069876765158,388,0.843862378267286,1,
fov0,2738,20240.68403514087,17501.77885489246,123.74786971188232,88.38790520299773,-1.3410526588213745,3301,0.6998825028294456,0,
fov0,2739,20213.597333333335,16398.926666666666,38.41195332883079,24.953641349006283,1.3325684416828412,750,0.7602486555038621,1,
fov0,2740,20313.27261332776,28113.929809901816,192.87054168468845,93.68445721858359,0.0658859088830206,4787,0.8741047240561012,-2,0.35285940925134246
fov0,2741,20265.88387978142,22869.758196721312,64.88880580278492,22.46471060343225,-0.25548424623120536,732,0.9381595607816433,1,0.5763465558387819
fov0,2742,20356.68208170419,28618.48645004719,267.7188626794626,162.23416328485513,0.4190160185839235,7417,0.7954745110154146,0,
fov0,2743,20253.849206349205,20344.65873015873,17.485337987032306,10.467067580185683,0.3185592810719671,126,0.8010333753763433,1,
fov0,2744,20268.024029574863,16694.36506469501,56.566750195220244,36.3791671522086,-1.214481080300796,1082,0.7657660237837536,0,
fov0,2745,20352.98729889924,28395.1411233418,142.58423123428872,91.65925570523744,0.061432033424004294,3543,0.7659980750405302,1,
fov0,2746,20310.192052980132,17247.64238410596,39.90223983419774,10.369787679149539,0.8806915297391079,302,0.9656409628231675,1,0.4676116746918086
fov0,2747,20322.812652068125,22853.33576642336,49.29546578108296,12.70516917267414,0.7286061544192818,411,0.9662156310724906,1,0.4813429695386639
fov0,2748,20323.90959409594,17181.365313653136,42.22663385576985,17.326993170241703,1.2099273941870707,542,0.911935633356744,1,0.5992057536955069
fov0,2749,20327.687984496122,22658.158914728683,28.656021916847443,23.494072913067665,1.203807116511528,516,0.5725567057157184,1,
fov0,2751,20405.58146964856,20416.837060702874,23.458805242990802,17.044673197836715,-1.0071169797608923,313,0.6870830256732505,1,
fov0,2752,20436.625719769672,23588.376839411387,80.45402149658433,46.79054153555433,-1.4080059296413032,1563,0.813488400442396,1,
fov0,2753,20500.51762523191,20527.691094619666,96.45134102995839,32.59352797566243,-0.20259012775155177,1078,0.9411722653001449,1,0.3174256871663318
fov0,2754,20479.478310502283,23285.891552511417,35.532462513089236,31.449125486099533,1.439095481878136,876,0.4654360590780783,1,
fov0,2755,20504.48754789272,23539.491379310344,41.09840239190168,33.386940049001275,-0.6823745815591284,1044,0.5831480671182702,1,
fov0,2756,20578.91376146789,20478.2,51.0019296735284,21.57462304912817,-0.007706317852189986,545,0.906122296885972,1,0.34957339088817235
fov0,2757,20566.1062992126,23749.007874015748,23.04289607952943,14.820469139360522,-1.3065106214136923,254,0.7657245224943963,1,
fov0,2758,20607.25107851596,23110.65487489215,80.22030449571103,32.964548911797785,-0.032092831472516146,1159,0.9116690389266513,1,0.3555503625563312
fov0,2759,20628.490476190476,23171.378571428573,37.09617734778945,29.937364285727696,0.2770421963071414,840,0.5905238390454822,1,
fov0,2760,20674.389560661024,23415.1215235792,151.35176271921688,115.08278073833542,-1.3659298738200674,4962,0.6494944807848162,-1,
fov0,2761,20635.943127962084,22508.222748815166,32.97348922341343,10.346511704485126,0.337186725122636,211,0.9494948097897209,1,0.37179136376005445
fov0,2762,20738.60379464286,20497.498883928572,61.215269477391104,22.91717611449851,-1.243603242206159,896,0.9272793059864528,1,0.5834206321570239
fov0,2763,20746.698708751792,23074.41893830703,34.6367260854296,26.9170982518621,1.023011416046204,697,0.6293451170317852,1,
fov0,2764,20872.263661202185,23211.02732240437,43.83276104101699,30.73439589440671,0.11436133827688569,732,0.7129901188744204,1,
fov0,2765,20882.15586034913,23275.05486284289,35.45860054129685,29.006602337216897,-0.7029583783761346,802,0.5751593770653975,1,
fov0,2766,20905.67886178862,20465.829268292684,31.7509684113931,11.542929206591193,-0.4163679820553594,246,0.9315763507214277,1,0.28566545397959675
fov0,2767,20943.103004291846,22282.995708154507,38.72881900412764,9.663587353053018,-0.2797025152845074,233,0.9683698285192062,1,0.33021561210723543
fov0,2768,20991.809798270893,22510.265129682997,81.45628059119072,13.789303408976073,-0.8146121747806666,694,0.985567189279931,1,0.5365764381632204
fov0,2769,20994.445246690735,19497.71600481348,95.66344594480903,20.08716026214929,1.09211581555221,831,0.977706243000261,1,0.7992812576015957
fov0,2770,21010.885627530366,18888.4741902834,82.18450536306335,53.88904928737906,-1.5613430570998215,1976,0.7550144587493685,0,
fov0,2771,21106.307260568425,22408.777645091952,223.03774921215754,159.38775057822812,-1.142799483606912,8374,0.699510514814729,-2,
fov0,2772,21059.16374269006,20395.704678362574,37.9545327047826,25.06069391053355,-0.3173210513380757,342,0.7510177828449395,1,
fov0,2773,21058.20873786408,19541.606796116506,31.371423491665723,8.918334030299894,0.22289137309018786,206,0.9587406791164214,1,0.5175488750456179
fov0,2774,21074.283018867925,22509.2,23.886970562087317,14.726324300313829,0.0930508191246034,265,0.7873546794912337,1,
fov0,2775,21080.13679245283,19462.20283018868,22.428023756125118,12.268523964314857,1.1665152326309147,212,0.8371210986195425,1,
fov0,2776,21113.959543568464,19183.14937759336,75.27806547135867,70.0800948499044,1.4555995330547427,1928,0.3651473635883899,0,
fov0,2777,21106.76401179941,19081.13569321534,29.099036257543275,14.954452876953127,0.537904879627794,339,0.8578406657135811,1,
fov0,2778,21104.092857142856,19402.864285714284,19.48830671748842,9.519999531565848,-0.3679699953153814,140,0.8725649947551654,1,0.6420101877811574
fov0,2779,21154.035983467056,19385.865305130075,244.71812140187845,122.0412603414904,-1.5435214772465315,4113,0.8667738759205492,0,1.0171771213574508
fov0,2780,21124.188834154353,18965.083743842366,80.07987559140845,12.606801345910789,-1.5386463188387718,609,0.9875304942849875,1,1.0082091287368602
fov0,2781,21199.719814241485,19527.22600619195,59.64527431124598,18.520412994986646,0.4695221965765172,646,0.9505703383522417,1,0.6687865286730815
fov0,2782,21203.183585313174,19289.859611231102,69.76729732234328,9.96701206083888,1.2848894303452685,463,0.9897427904272842,1,1.052975720582244
fov0,2783,21221.477272727272,19637.99431818182,39.11542561893436,23.344693136939675,-1.1947752036044508,352,0.8023784851138237,1,
fov0,2784,21294.601378518095,19367.941412981047,125.21290180302398,110.62583357336071,1.3752266859814202,1741,0.46842762096018264,1,
fov0,2785,21286.879284649778,19541.329359165426,69.60018122537404,26.561029795421224,0.8465675267617879,671,0.9243180662917302,1,0.8128385122442094
fov0,2786,21313.658536585364,19255.085365853658,19.23222353210528,13.963119022043308,-0.9500958743989076,164,0.6876658944964487,1,
fov0,2787,21336.609507640067,19507.456706281835,62.24434295514795,16.535619158203453,-1.2337311486796683,589,0.9640677271278856,1,0.7103796062457596
