fov,label,centroid-0,centroid-1,major_axis_length,minor_axis_length,orientation,area,eccentricity,euler_number,alignment_score
fov0,1,2227.1888001026527,13274.571421179968,3102.9011650397583,956.8400930775532,-0.46073093230633955,483183,0.9512666550615385,-175,0.2997627994967118
fov0,3,666.5137777777778,13953.946666666667,59.774530485154806,56.09435365960798,0.07650346151173384,1125,0.3454630332189987,0,
fov0,4,821.7555079559363,13900.070991432069,177.843904090917,80.16132466955672,-0.9065136150967428,3268,0.8926553860416818,0,0.42313235671241617
fov0,5,950.5699481865284,13993.943005181347,20.582603754690087,12.575090452886716,1.5099889562905713,193,0.7916636093875997,1,
fov0,6,1106.3829365079366,13722.457142857143,115.06228109368446,71.77188706147423,1.4139027061680431,2520,0.7816115010130744,0,
fov0,7,1168.6760563380283,13336.442655935614,30.122546913914746,21.04577551155071,1.3431992731618683,497,0.7154422752040054,1,
fov0,8,1218.6762402088773,14237.772845953003,22.85162550281118,21.394717161723896,-1.3919221311983585,383,0.35134817814798464,1,
fov0,9,1350.1157975460123,13496.648773006134,96.92029535339128,42.91964885578843,-0.07776460759468135,1304,0.8966033799475117,1,0.25614182498325055
fov0,10,1341.697247706422,13961.385321100917,16.779283891385415,8.453257830935861,-0.9338827355575284,109,0.8638253821472953,1,
fov0,11,1389.652985074627,13642.506218905473,58.670870781720154,51.60759519431651,-0.0484845342774052,804,0.47569205713729656,1,
fov0,12,1436.595335276968,13983.295043731778,81.6511535259862,70.96294677688833,1.0438456399511893,1715,0.49463794454967847,0,
fov0,13,1501.3581395348838,13427.251162790697,31.07898731014971,9.245118187229124,-0.49684044897826474,215,0.9547306462474959,1,0.349864335260401
fov0,14,1550.4977168949772,13484.954337899544,29.722178434321453,11.054524001286035,0.7164009273933772,219,0.928261397416876,1,0.5089945180672266
fov0,15,1559.7853658536585,13698.71219512195,20.390482237528303,15.678476430290576,1.2495829552020723,205,0.6393552174322787,1,
fov0,16,1564.2619047619048,13670.063492063493,20.519470829734455,8.111061048020709,0.05800133318748627,126,0.9185580658563747,1,0.23275783443885525
fov0,17,1595.3388625592418,13815.812796208531,55.25047874575048,11.660314411943174,-0.11160417991877801,422,0.9774764358948406,1,0.1180306719274078
fov0,18,1599.4608938547485,13843.731843575419,46.87747812218542,9.93429307285627,-0.12187303004029613,358,0.9772869341574337,1,0.12683427905256234
fov0,19,1605.7838235294118,13926.380882352942,69.2405442067734,61.85786794642375,-0.6966743779587948,1360,0.44930903878884526,0,
fov0,20,1598.0280898876404,13660.398876404495,24.770841342411853,9.739527313915989,-0.552087602632143,178,0.9194593122399917,1,0.3840883593468028
fov0,21,1604.9433962264152,13687.457547169812,25.172187417128885,15.22713980423488,-0.6994391853897058,212,0.7962868488360378,1,
fov0,22,1691.7938053097346,13804.706637168141,100.69981844849558,76.28114583711225,-0.0918656100684854,2260,0.6528232557537706,1,
fov0,23,1679.0227140361094,13893.384391380314,74.96040935828435,67.36126203231686,0.7928694606319837,1717,0.4387185525699374,0,
fov0,24,1747.9034897713598,13656.61155234657,166.75456661919927,96.06573826480931,0.3698772550059712,4155,0.8173858459052576,1,
fov0,25,1748.097995545657,13550.982182628062,52.87093838097685,29.329204728744816,0.16800567275762066,449,0.832029048839988,1,
fov0,26,1832.8936438011328,13491.644430459408,121.9712768439856,50.60358890249438,-0.29169057487498723,1589,0.9098755933254756,1,0.29059678064644573
fov0,27,1791.2291666666667,13804.786458333334,30.1451564684595,8.511736780462146,-0.10995882098298368,192,0.959309001089489,1,0.12011819434535577
fov0,28,1792.14375,13831.9875,24.579936144416962,8.543630032742797,0.07774193729614437,160,0.9376482827506829,1,0.17811774745128803
fov0,29,1827.096,13158.102,38.43659993608538,19.485632280049874,1.1169299489465603,500,0.8619724334616276,1,
fov0,30,1859.425572519084,13826.573791348601,79.65858505113017,66.14044142896401,0.6836990377778405,1572,0.5573182340171776,1,
fov0,31,1900.955047318612,13125.218454258675,67.2058895619069,34.50119957989213,-1.3365616627008128,1268,0.8581699378109602,1,
fov0,32,1999.85413035901,13070.22237713489,171.4569586806008,123.83162176954541,-1.5682722617036902,5738,0.6916513685524946,0,
fov0,33,1978.0278521692555,13171.529726834493,90.3165972764395,60.50892718457263,-0.44713207336176136,1867,0.7423930038633509,1,
fov0,34,2156.653285362621,13505.043173641356,347.72342485530004,66.92596410670271,-0.17544210582315503,5281,0.9813030630119217,1,0.38031731803241453
fov0,35,2067.519230769231,13451.342307692308,52.952524317021755,15.708750523559562,-0.7754904336700715,520,0.9549840170888021,1,0.20815345321142475
fov0,36,2118.710424710425,13334.486486486487,27.00843885654762,13.824982786555255,-0.6598849678587533,259,0.8590591006579025,1,
fov0,37,2166.0910425844345,13571.058737151248,45.976155223641435,45.45972753731713,-1.3787032422330343,681,0.14946187951927922,1,
fov0,38,2166.0504587155965,13204.91743119266,21.92675479883748,18.048448798592776,0.26993732377230734,218,0.5678609677190923,1,
fov0,39,2190.622699386503,13144.086912065439,93.53173534752675,21.625762419643006,-0.7682849829080841,978,0.972903131188975,1,0.2549645338870152
fov0,40,2290.7199858757062,13548.04802259887,105.0779913061162,78.32481276834312,0.3440131749166234,2832,0.6666208875306489,0,
fov0,41,2342.26213592233,13159.728155339806,15.48351745142456,8.856910893312394,0.958566214883522,103,0.8202383550332171,1,
fov0,42,2489.9108996539794,13430.688581314878,92.2913592554422,41.25744117474601,-1.5390031721128066,1156,0.8945166105549194,0,0.8236000082412136
fov0,43,2570.7750200160126,12628.967974379504,135.0760174927311,17.05668965861622,-0.40014409187625927,1249,0.9919953068367837,1,0.1874999786217906
fov0,44,2593.242477487371,13439.263123215462,168.11454917868468,95.2971001804595,-0.7774006991914719,4553,0.823815423691279,0,
fov0,45,2604.016366612111,13568.356792144026,49.17682691087609,40.343832063360296,-1.2051248876738772,611,0.5718144433374182,1,
fov0,46,2631.508670520231,12761.456647398843,20.865332431958972,12.32623658127078,-1.0145226428103438,173,0.8068532026046812,1,
fov0,47,2688.266137040715,12603.407149950348,62.54465433451359,28.674997645004098,-0.3707690979578758,1007,0.8887086476546282,1,0.18337145127451432
fov0,48,2692.8748068006184,13503.511591962906,87.24892568939961,40.559642034825124,1.1511818113761731,1294,0.8853775409871855,-1,1.0205790408605946
fov0,49,2858.541176470588,12697.418026565465,421.46137564585854,50.97942066259819,-0.23614007661695896,5270,0.992657540428936,1,0.189028833216635
fov0,50,2730.20626349892,12780.464362850971,96.71278159842448,24.787684077020057,0.24367004388553304,926,0.966596741013271,1,0.46501783252474427
fov0,51,2721.6815286624205,12799.222929936306,24.020686819324148,8.809526946347662,-0.7469048495106395,157,0.9303205189471165,1,0.30346146244496963
fov0,53,2769.0873998543334,13467.22359796067,85.7384740796697,45.341890412109564,0.017898344745995703,1373,0.8487218625116024,-1,
fov0,54,2902.423560085328,12749.639962076322,368.7672509451252,52.290780497412285,-0.4208963677705736,4219,0.9898954892724796,1,0.21781650817113615
fov0,55,2797.455882352941,12910.31862745098,26.049093319140848,10.476163632533268,-1.1004878584426308,204,0.9155650157845642,1,0.4761841409085933
fov0,56,2876.7159277504106,13500.35303776683,30.956538574947576,25.187575593485562,-1.3364974854809728,609,0.5813646210913433,1,
fov0,57,2945.6627906976746,12746.822674418605,50.26753112848662,9.017647083326358,0.010545611825102157,344,0.9837774768296834,1,0.23846779954907651
fov0,58,2995.88275862069,12752.275862068966,23.253164128642236,8.323071602944072,-0.732631696743915,145,0.9337473243942139,1,0.25795402050409416
fov0,59,3059.2637931034483,12569.81724137931,68.56669916742163,14.95169115835277,-0.3219626439175172,580,0.975935245150753,1,0.1360983573238077
fov0,60,3068.6181818181817,12745.176623376623,28.60109333017973,26.593384570650237,-1.2824127024071124,385,0.3680573852907445,1,
fov0,61,3078.856209150327,13108.424836601307,17.740515337794115,12.643553534428506,1.4012158748191192,153,0.7014753655685877,1,
fov0,62,3194.60441426146,12740.224108658744,42.081690792993875,21.1101997644175,-1.116836039306689,589,0.86507178597657,1,
fov0,63,3348.7759856630823,12283.666666666666,33.02153874433306,22.24434540462146,-0.40676575817004523,558,0.7390674770987229,1,
fov0,64,3381.862579281184,12223.81289640592,77.92503480574162,19.711503673861735,-1.1003356031979692,946,0.9674781240825872,1,0.4124592107571324
fov0,65,3432.842794759825,10725.578602620088,34.06101721060385,17.263410031368366,1.138711426603076,458,0.8620414573411442,1,
fov0,66,3442.3445595854923,13074.880829015545,23.426958414347443,21.053449649411203,-1.334296927804102,386,0.43859522046261956,1,
fov0,67,3910.905825743255,10358.19676920433,173.14723781825782,111.22377543448482,-0.03280236006042501,5819,0.766398614092098,-1,
fov0,68,4371.000672578717,10633.24930251096,669.6045182247989,582.9764329045578,-1.3419968923170473,80288,0.49194197884514035,-8,
fov0,69,4168.7376023110255,10388.179585941261,138.79499138755608,56.84455416243464,-0.42477628141436935,2077,0.9122842264001318,1,0.329999615089482
fov0,70,4131.151986183074,10633.12780656304,67.1698769142503,17.649577944454332,-1.0832868076531572,579,0.9648611389338704,1,0.7932393513693041
fov0,71,4160.1122448979595,10421.464285714286,25.739302453081162,12.244156958163694,-0.18925631207961513,196,0.8796082025594757,1,0.3567563868444834
fov0,72,4173.412244897959,10801.877551020409,43.821854628609834,8.786835161344234,1.0588425023539902,245,0.9796911180011731,1,0.7556570589473981
fov0,73,4172.805668016194,10601.097165991903,24.765540635232522,13.244575173275425,-0.7690494875155811,247,0.8449795932499218,1,
fov0,74,4714.740142773073,10030.306655067421,1090.8489234957328,342.03602475380757,-0.7264928783198361,39083,0.9495715872372765,-5,0.43889746772408544
fov0,75,4281.868852459016,10794.852459016394,18.527424272075613,8.507253176841308,0.9772990498151145,122,0.888347977565803,1,0.8661857753774017
fov0,76,4302.333333333333,10355.578431372549,15.976028485007038,8.292928633868954,0.19898197293235748,102,0.8547221713950918,1,
fov0,77,4305.014814814815,10379.762962962963,16.75280197062948,10.801081047027212,0.6053530558625696,135,0.7644080108222538,1,
fov0,78,4413.643630930145,10067.742995890923,232.82038170610556,53.64680110458492,-0.2425025923001284,2677,0.9730909376174209,1,0.2665138787418869
fov0,79,4381.186963979417,10111.286449399657,40.41468335922219,28.52423531372642,-0.9083086148468633,583,0.7084222008124353,1,
fov0,80,4367.664179104478,10290.470149253732,17.221335059184362,10.624995671251053,-1.1130584543807613,134,0.7869890110052348,1,
fov0,81,4416.335351089589,10256.107142857143,141.19229712392882,48.07642866080716,-0.9984792389026464,1652,0.9402433580507134,1,0.455370620749673
fov0,82,4432.0328947368425,10703.544407894737,54.658545411863535,29.09376529500726,0.12173568077888866,608,0.8465670480204595,1,
fov0,83,4430.420523138833,10113.593561368209,43.029969868563114,14.964864446122522,-0.4087640150687748,497,0.9375770173136816,1,0.34404430841546935
fov0,84,4502.0775750875255,10324.491800257969,191.00853979473283,131.5194363011298,-1.0854414767258596,5427,0.7251863538408924,0,
fov0,85,4443.823788546256,10407.513215859031,44.13972964065654,17.803494060627386,0.536553569778121,454,0.9150484341727282,1,0.6576393801635523
fov0,86,4454.6611111111115,10554.183333333332,25.431334267887518,9.108282911827207,-0.6683411838120968,180,0.9336632979172871,1,0.3473089737554317
fov0,87,4478.773684210526,10247.410526315789,16.494263254138737,14.826793144123435,0.6269287458643921,190,0.43814141640926874,1,
fov0,88,4707.220872694557,10755.166816614184,844.3552400732647,321.324503747315,-0.8598369679405475,26676,0.9247578520275339,-1,0.48480714690193066
fov0,89,4481.909774436091,10533.864661654135,21.386673394945742,15.994091012758068,0.35836350638917513,266,0.6638641952905678,1,
fov0,90,4496.800982800983,10190.72972972973,51.33961227937407,15.087117363862394,-0.7930334389580079,407,0.9558457234204725,1,0.4265577560130104
fov0,91,4780.9584812995845,10348.5871174915,395.12883508325314,355.9482618840433,0.3414618941541183,26470,0.43414912298504277,-4,
fov0,92,4541.790055248619,10253.812154696132,18.173437944912553,13.739204599194421,-1.4275812918310988,181,0.6545661811084212,1,
fov0,93,4579.165048543689,10551.385113268609,43.14965907015173,11.138304366108173,-0.6227281754050491,309,0.9661096788678373,1,0.5087345413791571
fov0,95,4635.617421007686,10762.992314261315,106.08428914124198,21.67769693677184,-1.2685080590603501,1171,0.9788991240977007,1,0.6028725739209753
fov0,96,4671.792682926829,10263.112804878048,45.35342192708455,25.967714108442948,0.013573401979100876,656,0.8198603756843456,1,
fov0,97,4669.3564593301435,10674.478468899522,66.18418412849041,12.161038349189338,-1.008817585500074,418,0.9829738723576512,1,0.5177897599310913
fov0,98,4725.048822213449,10753.149888143176,247.59478811884247,148.180152614399,-1.2677767954328378,7599,0.8011388819541104,1,
fov0,99,4712.757986447241,10146.658276863503,99.17760694968456,32.09384907698253,0.7620450566378835,1033,0.9461940604797575,1,0.9437698194343463
fov0,100,4694.960893854749,10432.441340782123,17.2146852468924,15.137348993448859,0.40849524994014247,179,0.47621723654411313,1,
fov0,101,4761.797139830508,10583.1875,206.1068896331241,52.36419359450032,1.0038921225249189,1888,0.9671875965072002,1,0.9535467902253592
fov0,102,4789.663101604278,9714.598930481283,19.50716057573478,12.787891441802453,0.7394266152091269,187,0.7551530026926301,1,
fov0,103,4809.63202247191,9745.67415730337,45.16085844532377,20.16343606543983,0.13479303336111803,356,0.8947934362161134,1,0.6944299807443134
fov0,104,4797.557971014493,10211.702898550724,19.025135997026894,11.90779211458001,-1.475896734169589,138,0.7799050295854724,1,
fov0,105,4822.54905490549,10322.997299729974,150.22682981483695,19.239771718077044,-1.2311305177625935,1111,0.9917649405099116,1,0.999319626998977
fov0,106,4808.208931419458,9667.114832535884,85.7615654856052,20.451985192608085,1.4931844461762054,627,0.971148648446733,1,1.0919231518147823
fov0,107,4806.568862275449,9795.91616766467,18.944303239965624,11.406082126304806,1.1451962531981503,167,0.7984319441894172,1,
fov0,108,4810.85549132948,9979.277456647398,38.28716377256535,16.5845555356172,-1.4096621137778924,346,0.9013159438069976,1,0.20297429777104334
fov0,109,4881.100925291295,10568.589958875942,273.1394914989233,78.06099896158399,-1.0883897928302504,5836,0.9582917643251876,1,0.5239687612699343
fov0,111,4857.490693739424,10152.285956006768,53.437237158248365,16.555439947097955,-0.9856085654836926,591,0.9507981856822045,1,0.8264473772123592
fov0,113,4944.762367619324,9561.340925576673,264.03051146412065,127.73031914377482,-1.3460442867058933,6893,0.8751945875759077,0,0.9411502748841244
fov0,114,4904.390380313199,10132.53355704698,135.00375450141118,42.45439367459187,-1.3031118750368174,1788,0.9492679933619768,1,1.0314317558916688
fov0,115,4907.850877192983,10704.508771929824,40.927773518494355,19.706592693051554,-1.172749267510795,456,0.8764478391888947,1,0.5502707152794009
fov0,116,4967.565180102916,10239.867495711835,235.27200343027218,34.45151716800653,1.268403370876559,2332,0.9892206332737126,1,0.9356844586450652
fov0,117,4927.727272727273,10202.818181818182,20.74912039001617,9.53057804401577,0.655297566223011,143,0.8882685750708244,1,0.6730037373028559
fov0,118,4932.457142857143,9464.164285714285,21.81152501389403,8.412346916878045,0.7549688418330363,140,0.9226311185510979,1,0.591312876091578
fov0,119,4953.178723404255,9963.336170212766,62.552389388736344,11.044714811336416,-1.373850391990967,470,0.9842885459387242,1,0.05884376896760659
fov0,120,4993.188241639698,10006.127292340885,338.98816633010415,45.39858838698037,-1.2594339664561147,5562,0.9909916305626507,1,0.05199158488598522
fov0,121,4962.855421686747,9566.730923694779,28.86028587580974,11.963828346065709,0.22652095807157344,249,0.9100297434428771,1,0.6235013392679611
fov0,122,4964.170403587444,9722.488789237668,21.22878964680981,13.799725331585377,-0.7112625958721133,223,0.7598934277495127,1,
fov0,123,4990.865193370166,10564.205524861878,106.55360876501636,20.028390650434968,-1.1283939690862401,905,0.9821756523560142,1,0.5370035690139999
fov0,124,5009.276293823038,9848.690734557596,178.0567670137687,40.64267837164565,-1.184050785272144,2396,0.973600948179173,1,0.10296997964744832
fov0,125,5019.335521134156,9690.806510895249,242.21510876209769,59.336278944470536,-1.2574255391498856,3809,0.9695297790128058,1,0.7530756239636847
fov0,126,4984.592233009709,10355.796116504855,15.053646221790284,9.045951987105466,0.8628743427266438,103,0.7993134227245602,1,
fov0,127,4999.43487394958,10215.802521008403,73.65000713460267,14.695557468701082,1.24104946454654,476,0.9798912437645978,1,0.9250395456662792
fov0,128,5004.238660907127,9564.240820734341,93.09932753566999,27.515358627694575,1.3515751343463158,926,0.955327763017084,1,0.990761103361999
fov0,129,5125.746609963548,9751.828869987849,1293.0222069298263,173.75610821329641,-1.4589193102888989,41150,0.9909298968579403,-5,0.08595363172348257
fov0,130,5017.378048780488,10115.569105691056,24.09432270106596,13.384664748631778,1.3427477312795566,246,0.8315090918115555,1,
fov0,131,5028.770725388601,10285.832901554404,111.48012964776386,17.33162144433665,-1.380888775063979,772,0.9878408885399194,1,1.061997324310885
fov0,132,5032.955128205128,9533.98076923077,18.278061306882766,12.4952291820071,-1.0283374540820647,156,0.7298391079336108,1,
fov0,133,5859.753929115348,10659.755031023276,5266.558439789125,1052.9234830534626,-1.2947901640343185,700603,0.9798109404825606,-212,0.8022462835037444
fov0,134,5082.098907418056,9759.529039677976,158.07461655735062,24.51736626837177,-1.4135820817774558,1739,0.9878987818926291,1,0.694856971615889
fov0,135,5347.546240312494,9724.771707286667,2651.3172789981063,304.8940054386123,-1.4581990592973229,96258,0.9933658183266809,-25,0.019826194831552273
fov0,136,5088.5,9657.266666666666,16.13582744454829,15.082276773742164,-0.4503491343251483,180,0.3554182597829805,1,
fov0,137,5120.368,11394.796,22.821467765125533,16.121413369966554,-1.0237183144738153,250,0.7077984889420409,1,
fov0,138,5136.194607268464,11353.1101992966,67.9831212085536,18.591279049964548,-0.9201699925718414,853,0.9618808049335041,1,0.5470588740490148
fov0,139,5146.751269035533,10873.644670050762,25.952989807564407,10.086972658457604,-0.3316402914100986,197,0.9213798886919689,1,0.49600900284255595
fov0,140,5219.599584343609,10863.011776931071,178.8514774627444,62.45994544836826,0.6331816889963099,2887,0.9370377780361343,0,0.6026838121210896
fov0,141,5153.5641025641025,11392.320512820514,24.34496670732623,12.870407233027395,-1.1197009847649826,234,0.8488286297472479,1,
fov0,142,5160.521097046413,12269.215189873417,75.9861674445176,10.631728632561378,1.4115376809218587,474,0.9901632875798116,1,1.0240214341685332
fov0,143,5166.732824427481,10978.992366412214,19.82974969518041,8.779997253670837,1.2243157104497426,131,0.8966357486411829,1,0.8499807318963619
fov0,144,5183.996086105675,10868.915851272015,46.70152519585342,18.94323560959365,-0.8911875222768683,511,0.9140402534124341,1,0.6667849905299806
fov0,145,5192.636029411765,10918.14338235294,30.87489094563988,12.877188802210892,-0.8526251829800846,272,0.908871423677656,1,0.6516430122615832
fov0,146,5196.351005484461,11561.517367458866,31.816141442018058,26.30843286316931,1.2598886406984278,547,0.5623644520414922,1,
fov0,147,5198.173948220065,9191.374595469255,114.39664403784458,16.042790079389935,1.4796995666277162,1236,0.9901177814733461,1,0.9781087313790349
fov0,148,5220.467897271268,10565.426966292134,77.79111480788833,42.25548126639022,-0.9923541279607998,1246,0.8396087598730979,0,
fov0,149,5248.224598930481,10948.119938884645,75.4611599653733,49.31185786503969,-0.43288116912045554,1309,0.7569495133849652,0,
fov0,150,5588.151628916265,10685.317765893096,872.6578551415836,619.1831534887513,1.2153481393221042,104149,0.7046680463118402,-25,
fov0,151,5296.408914728682,8457.923934108527,98.9704808574663,57.28460155087175,0.05540009135454895,2064,0.8154660392216908,1,
fov0,152,5258.875,10470.509615384615,13.22656998181202,10.497189271938643,-0.9940927936867369,104,0.6083823118882544,1,
fov0,153,5268.021897810219,12148.29197080292,36.78331116271128,11.604632324036443,-0.8854888116674698,274,0.9489301172100136,1,0.8240957693754697
fov0,154,5345.792791224099,10502.084973010622,183.86929312568265,126.74186618974717,-0.10440916666307583,5743,0.7244720791283363,0,
fov0,155,5326.020439061317,11387.554882664648,149.12460250319165,27.47131495026537,-0.667167664068909,1321,0.9828855618061819,1,0.5023139667293416
fov0,156,5495.557063911581,8407.006046772385,423.8677088012056,328.7643410935757,-0.8971001804960442,24972,0.6311883433940491,-1,
fov0,157,5396.027604166667,11718.340104166668,173.1620760948952,31.03007912480785,-1.2679963527254992,1920,0.9838132593167882,1,0.6985785991198163
fov0,158,5384.309328968903,8290.355155482815,33.54626456613783,26.824564890230352,0.8197364290204323,611,0.6004943919215647,1,
fov0,159,5628.662875124303,9199.719543925132,1200.0346206418822,350.2577633991327,-1.3231323160104036,73409,0.9564570682371832,-8,0.6861800124542845
fov0,160,5408.892007321538,8801.018303843808,94.64246905938455,29.8847039953119,-1.5252640005888463,1639,0.9488376925922768,1,0.7501215716332699
fov0,162,5510.568921168104,8122.600544711757,345.58905168836293,167.2956974100746,-0.8846286544605466,13218,0.8750190233455838,0,0.6271233436673821
fov0,163,5425.754010695187,10127.302139037432,65.0364083836291,22.428195882791098,0.758796176549387,748,0.938655600734593,1,0.7660470050862269
fov0,164,5453.23431372549,12382.542156862744,181.80170647060865,68.47654024536283,1.437404759619969,3060,0.9263535687526726,0,1.0351607337305357
fov0,165,5411.375796178344,9549.980891719746,17.030994257106894,12.671682921186889,0.9572365608885165,157,0.6681388703972484,1,
fov0,166,5480.354057591623,9998.36240183246,301.3109085696016,119.47042170813805,-1.1861446295180855,6112,0.9180337949225255,0,0.6957559733997504
fov0,167,5530.342640430911,10221.081455424865,305.35350869825254,149.43080176391737,0.6521996429435264,9097,0.8720763422182338,0,0.5984026469863712
fov0,168,5426.808580858085,11728.122112211222,31.266560030270625,18.907622089315304,-1.101620539203641,303,0.7964355262940658,1,
fov0,169,5442.399503722085,9452.888337468983,60.35946117714451,12.639579638028728,0.3139564950764426,403,0.9778289726189113,1,0.8152009329674456
fov0,170,5448.663967611336,8338.801619433198,46.359068407706964,19.13714644442751,-0.34593971776227816,494,0.9108204924171027,1,0.34326351119175846
fov0,171,5654.291941621309,8611.226530513944,530.3310977162064,216.7561819663602,-0.6921344603727685,20761,0.912660456485708,0,0.5385219953497958
fov0,172,5448.938848920863,10524.737410071943,24.830883017539495,16.86312192913813,-1.286813087893305,278,0.7340282837875902,1,
fov0,173,5470.504444444445,10869.486666666666,57.641060031807754,12.893863058927478,0.4591650008607136,450,0.9746598079401816,1,0.48137213858621625
fov0,174,5464.748251748252,9337.104895104894,19.36837567839166,10.14360508659724,0.1774585351776946,143,0.851890483177914,1,
fov0,175,5479.999253174011,10493.96713965646,71.61914009757568,31.700833979902484,1.3574334856832024,1339,0.896703973249844,1,0.8779820062708615
fov0,176,5494.182320441989,9671.511049723757,59.65942790230507,34.533962233401496,0.8757043422014069,724,0.815432824064763,1,
fov0,177,5485.574358974359,9527.54358974359,26.58388725685871,9.59105445505648,-1.5237582389176876,195,0.9326492079127342,1,0.47355171654261685
fov0,178,5493.168582375479,8766.931034482759,35.501756067417055,10.037413431017056,1.2450611041751818,261,0.9591995184689014,1,1.1676241880452338
fov0,179,5500.149901380671,10013.554240631163,65.91277902609426,13.31481753072802,-1.286575548789737,507,0.9793841567789933,1,0.7368608337811599
fov0,180,5556.295481335953,7968.091552062869,114.85897730807257,70.79346945163269,-0.504001158121633,2545,0.7874713886786121,1,
fov0,182,5544.152263374485,10836.469135802468,75.61274974209675,12.816076412950551,0.09450222239506348,486,0.9855308347583792,1,0.36680153885570316
fov0,183,5546.858768753234,8569.818416968443,100.41099786776691,45.789194169054845,-1.2689563973475961,1933,0.8899706963330386,1,0.6857780105933144
fov0,184,5535.801948051948,9126.954545454546,63.52422724616009,22.827676422094477,-1.4850046133749206,616,0.9332013724375029,1,0.7501402193869126
fov0,185,5531.036036036036,8107.635135135135,33.005949545306514,12.124976442168556,-1.1006053761992673,222,0.9300798974400839,1,0.6968997179537808
fov0,186,5554.844660194175,9059.60055478502,45.345979025704764,29.936018313491886,1.1513826152666797,721,0.7511169273334142,1,
fov0,187,5551.3481481481485,10157.777777777777,21.03815428787136,8.719494798263769,-0.42928848757406046,135,0.9100670669355885,1,0.670690020042903
fov0,188,5585.3960084033615,9204.530462184874,63.19094562636359,20.966412789882106,-0.6728534847840607,952,0.9433516638351076,1,0.5165553334087754
fov0,189,5573.742700729927,9726.673357664233,53.34998551458429,18.496939290233044,-1.4584193930992868,548,0.9379726116759881,1,0.23433777615943635
fov0,190,5754.68344163544,7922.155030119054,777.8454768854452,355.87134226767074,1.5527506763993335,42166,0.889204966579743,-8,0.9067534926393901
fov0,191,5707.485673741735,10144.314754989282,649.4670185281965,228.9251780225783,1.5407619678353521,33121,0.9358187415944109,-2,1.1172016400633231
fov0,192,5585.953846153846,10033.42564102564,21.770599573563427,14.911378624560815,1.501495524805215,195,0.7286070691717774,1,
fov0,193,5768.483946907088,9732.332131229652,473.90826555356887,223.1349653996428,-0.5329312774715833,19965,0.8822186231749605,-3,0.3430929114843964
fov0,194,5626.084821428572,9162.5625,31.075387289008543,11.578914520402128,0.03484131989817568,224,0.9279891374185759,1,0.5874731579598501
fov0,195,5775.254278728607,9444.772282729495,645.3617570039363,78.72565888787929,-1.1035785503789997,8998,0.9925317144823664,0,0.4278501442756862
fov0,196,5676.326721120186,8922.00350058343,83.52615347968239,33.05054693388572,-0.7713287571313462,857,0.9183837079388202,1,0.7379874833485456
fov0,197,5670.383333333333,8322.775,19.556902286559506,7.888797659309007,-0.7626069621110038,120,0.9150340327542423,1,0.17042145577532472
fov0,198,5674.605633802817,7807.838028169014,24.17555905622809,7.972688921524491,-1.3429909419544839,142,0.9440567559584954,1,1.044676171876113
fov0,199,5680.058823529412,11296.570588235294,21.046086180300485,10.95381182582513,0.11954166632755873,170,0.8538812490085271,1,
fov0,200,5699.492753623188,8997.425120772947,30.742346691078474,18.62978199327811,0.8784682454845241,414,0.7954666290619079,1,
fov0,202,5712.562211981567,9751.654377880184,42.049674991240046,21.133959879149256,-1.113234078111052,434,0.8645219389117159,1,
fov0,203,5731.626595744681,9076.91755319149,112.1247636116175,47.55167256154239,0.9660445135618038,1880,0.905617201756257,1,0.9113369331166571
fov0,204,5837.585650224215,7629.091255605381,266.09432195327656,78.8155179590947,-0.2685316196576713,4460,0.9551278275637529,1,0.3234916315049223
fov0,205,5749.631944444444,9583.0625,57.07825075515107,26.115534270588228,-1.0740282782714676,720,0.8891894776895831,1,0.15191386701293158
fov0,206,5746.888172043011,8652.333333333334,37.47998305351169,28.806210022182103,1.5117506678397297,465,0.6397586693838568,1,
fov0,207,5770.431746031746,10517.216931216932,73.24877056456442,19.435190624311414,-0.17770394709348714,945,0.9641573044424303,1,0.556028119148064
fov0,208,5767.651366120219,9860.502732240437,57.62087019838032,42.72522167509203,0.20610962810341915,915,0.6709654023234503,1,
fov0,209,5998.651772493685,10285.404175013791,492.78805151801276,324.78401564288623,-0.5883975632044464,34443,0.7520776987907083,-7,
fov0,210,5773.3993558776165,9641.125603864733,66.99608107337158,14.063331694644168,-1.3248917634580057,621,0.9777201219689519,1,0.5232447290517254
fov0,211,6068.0703753535245,7305.575633597848,794.7241554042739,194.01019957945417,-0.7675998281952692,36419,0.9697443537556445,-5,0.17746548783038654
fov0,212,5778.644444444444,10320.422222222222,26.101189985658177,11.806003070178793,-1.1500077066857461,225,0.8918574097353942,1,0.7301614837221511
fov0,213,5831.119402985075,8896.990573448547,135.16762110156827,62.13889862771494,0.2185218688064069,1273,0.8880652967993782,1,0.5121126303610788
fov0,214,5836.511063011063,9478.399711399712,206.48660886497785,87.94359892171671,-1.1865160411479998,4158,0.9047680707957104,1,0.4471321767383313
fov0,215,5789.6541262135925,8630.650485436894,62.10619969194931,19.310942472523084,-1.4093000515762655,824,0.9504314355571777,1,0.3995681579553909
fov0,216,5865.457724827056,10073.110684089163,228.16266811101912,108.58841870004886,-0.7321285287934143,5204,0.8794856300850268,1,0.2756664015605919
fov0,217,5804.628571428571,10735.826373626374,40.27163001172973,23.385131454321943,-1.1141762993828688,455,0.8141283260789199,1,
fov0,218,5838.32057416268,9964.916267942584,127.8960963577499,54.95582844079755,-1.1571766460969946,3344,0.9029758932345664,1,0.30843331979877453
fov0,219,5803.747126436781,9397.846743295018,23.33722287605431,16.252733651252452,1.1798582974342722,261,0.7176250838710049,1,
fov0,220,5829.004091653028,11212.250409165303,84.98874407460892,37.05370345678297,0.5897051521549347,1222,0.8999545825834725,1,0.5824896190745447
fov0,221,5987.156672502675,9253.317746328179,998.1400558521923,285.76941802587874,1.5091283961692115,41124,0.9581394515076478,-4,1.1341093501328612
fov0,223,5825.139630390144,9861.225872689938,51.271911789036544,30.142324720043288,-1.4512918595141346,974,0.8089397393433448,1,
fov0,224,5832.002079002079,10284.2079002079,62.33024295258946,12.452475785442282,-0.8076032676398058,481,0.979840321233498,1,0.6342970282041549
fov0,225,5824.072874493927,8500.121457489879,35.82525121708737,9.392240365386334,-0.8929287434649498,247,0.965022203558528,1,0.5059311112013055
fov0,226,5822.056737588652,9270.748226950354,21.416925097578098,18.530249474324798,1.3695682120585366,282,0.5014006681334434,1,
fov0,227,5836.499215070644,9214.210361067504,64.99798376254242,21.891517235807314,-1.0742065160766998,637,0.9415751300922724,1,1.0287343485169795
fov0,228,5823.504132231405,8621.363636363636,15.837534362241922,9.954375293875806,1.5430542651171995,121,0.7777848414383275,1,
fov0,229,5848.447653429603,8093.046931407942,42.052346192213214,18.826909043832693,0.7926883325906607,554,0.8941829464530017,1,0.6446764077242636
fov0,230,5912.675621222297,7923.850906648758,144.09841513145224,30.570593878387907,-0.45027935964540233,1489,0.9772369408497349,1,0.5377708823990323
fov0,231,5849.408510638298,9559.331914893617,24.995301009761242,16.491713692191535,-0.9175206284188014,235,0.7514477859949312,1,
fov0,232,5873.728040540541,8424.108108108108,112.36894291011016,34.95884080693498,-1.2806855042330425,1184,0.9503746699326051,1,0.6353079470810283
fov0,233,5846.024844720497,10179.509316770187,21.36700026244391,10.16688254214334,-1.3376000352654822,161,0.8795417573819098,1,0.8102969598226176
fov0,234,5851.181034482759,8162.520114942528,50.280561103557325,9.540046462843277,1.3914883483160356,348,0.9818350906535205,1,0.8261515678385257
fov0,235,5882.277427490542,8343.233291298866,67.72789314304221,17.553965715254687,-0.6871428885291203,793,0.9658280444050436,1,0.6376948602564315
fov0,236,5868.510280373832,9159.254205607476,33.25682867040098,22.211684828250363,0.06203631557668047,535,0.744265895315438,1,
fov0,237,5865.481132075472,9894.797169811322,22.445849740064467,13.569217578294733,0.18191465319612127,212,0.7965814264586379,1,
fov0,238,5906.96727822962,8167.706449782485,306.4758465264043,79.46809756833642,-1.4720779167688065,5287,0.9657977808347828,1,1.1328727106909269
fov0,239,5874.06334841629,11236.235294117647,30.98191080137804,9.53792884092238,-1.2234684131814402,221,0.9514333629976245,1,0.8536642863843927
fov0,240,5884.906130268199,9842.16858237548,43.377930118538174,18.331057611687534,-0.859869049481549,522,0.9063212003233144,1,0.20911367562575786
fov0,241,5889.472727272727,11406.519191919191,44.42653566445685,24.57169438714254,-0.509555424094715,495,0.833124174109674,1,
fov0,242,5888.079913606912,10179.76889848812,50.94531676495929,15.923353899469351,-0.0834714653706089,463,0.9498987572411894,1,0.48280888161762286
fov0,243,5894.554272517321,10791.812933025403,37.310831534936085,16.552991109925436,-0.27230019987600756,433,0.8961995925088563,1,0.4734415728977453
fov0,244,5882.166666666667,11062.274509803921,15.913699584391669,8.327023783546567,1.1314321683128312,102,0.8521722649190747,1,
fov0,245,5884.802469135802,8003.876543209876,24.181903753552085,8.979920681765721,1.3262517485189749,162,0.9284934446123106,1,0.6113148603189869
fov0,246,5964.956667151374,9874.104696815471,236.72571334225464,130.2368512563186,-1.1461967125571089,6877,0.8350597293248598,1,
fov0,247,5887.295238095238,7887.733333333334,15.82901595117394,8.677025993655805,-0.8757374300118166,105,0.8363655146312245,1,
fov0,248,5904.471264367816,11042.580459770115,31.440771997783365,15.00820180688021,0.5314462567474931,348,0.8787141271167662,1,0.499115660511536
fov0,249,5917.68094629156,9181.0952685422,79.37949973783758,49.38057080108774,-1.0743012659163511,1564,0.782951967840692,1,
fov0,250,5949.444131455399,8494.44600938967,123.4380729574957,27.294963777656285,-0.08379339720041036,1065,0.9752459884159392,1,0.4316042075437966
fov0,251,5901.873949579832,11161.53781512605,15.17131008876428,11.126830274429961,0.8759415482617218,119,0.6797837372746931,1,
fov0,252,5934.742424242424,8022.149350649351,46.993540026227066,14.982472956473968,-0.14395737894205476,462,0.9478153348736092,1,0.4414290212540664
fov0,253,5928.300766283525,8384.43295019157,58.26950873201351,14.769864149733174,0.8459691795212193,522,0.9673419357637468,1,0.7209027048929187
fov0,254,5916.416,9851.632,18.584786388897147,9.566924002994035,-1.3025525485368195,125,0.8573272365598926,1,
fov0,255,5945.339527027027,9595.027027027027,77.46616306091573,11.901720427601228,0.5911664307516621,592,0.9881272528476844,1,0.7999828154824876
fov0,256,6015.021135677413,8245.50394467712,445.7317684252681,186.75571347369416,-1.1897863683881869,10267,0.9079923388661025,0,0.9022109745344262
fov0,257,5938.9792899408285,10001.766272189348,32.474283827770684,14.742615170479123,-0.23427934873114126,338,0.8910128185362283,1,0.31371925685643676
fov0,258,5935.758620689655,7970.0,34.13609340864322,9.562953292094308,0.7122271890862147,232,0.9599585735410446,1,0.5106710031914597
fov0,259,5940.81512605042,8891.995798319327,30.907291083313762,13.355788832533774,0.13048228546067261,238,0.9018140964841749,1,0.4181499347210403
fov0,260,5986.39444195428,9735.324966382788,137.63892774434947,72.71215790985784,0.31662683040179124,2231,0.8490690231871115,1,
fov0,261,5947.053571428572,11478.0625,17.748100580110172,8.308992993967635,-0.8019209648180045,112,0.8836424541048237,1,0.6744444721949262
fov0,262,6003.644327176781,8057.988390501319,113.25023700148469,34.29108421197183,-0.2817328727724139,1895,0.9530571732788816,1,0.16788294129122727
fov0,263,5970.443137254902,11443.439215686274,34.80906520252647,20.043445279704507,-0.5782524356953712,510,0.8175827817764568,1,
fov0,264,5971.2056737588655,11074.36170212766,35.58100551417802,12.177847872124337,1.0381366128084357,282,0.9396063815985944,1,0.6749966585773882
fov0,265,5972.516923076923,9969.212307692307,26.5126352415068,18.4059504722657,-1.112513024232572,325,0.7197501811699761,1,
fov0,266,5991.682263329706,8004.846572361263,73.55808054428847,35.07039828938026,-0.5958470924623923,919,0.8790272534298399,1,0.3548028597160646
fov0,267,6121.66540837337,10017.876029512698,298.87666279196924,151.54171948628036,-0.12334008233023352,11656,0.8619239094854487,-1,
fov0,268,5990.88467614534,9284.21327014218,82.63012605979986,11.024506197570222,1.382315857209624,633,0.9910595948081989,1,1.0792333754473333
fov0,269,6006.341836734694,7948.915816326531,46.82074107520686,17.50097588293963,-0.611036758598209,392,0.9275146434050809,1,0.40257339052184393
fov0,270,6024.552371541502,7590.7895256917,96.98987506042928,28.811881296360358,-0.6890969257024763,1012,0.9548585935451944,1,0.09682030101016562
fov0,271,6025.558295964125,7724.508968609865,68.8568475215376,17.047203255386453,-0.37342659235174014,446,0.9688688459437194,1,0.49137671836689806
fov0,272,6052.95577746077,8459.27460770328,141.7628546497492,30.848132352686505,0.08592960650988303,1402,0.976037190390585,1,0.4245462291943287
fov0,273,6008.394690265487,8251.385840707964,68.65425064725339,14.476802817689801,1.1972933239908043,565,0.9775151163952865,1,0.9982356213185537
fov0,274,6017.93986636971,7458.389755011136,57.061686105349125,13.622539190808272,-0.8307305384131065,449,0.9710851093553866,1,0.16584165600610565
fov0,275,6034.333333333333,9931.225,89.1404862548557,31.81323983448401,-0.5236936757815149,1080,0.9341468809217232,1,0.4232176217833539
fov0,276,6006.349593495935,8430.918699186992,14.293813154494721,11.855485136389543,-0.6693133737199739,123,0.5586347959469558,1,
fov0,277,6035.174735249621,8322.62632375189,79.20836613754173,64.72281501395955,0.036046991573544504,1322,0.5764662702642595,1,
fov0,278,6021.335511982571,7812.366013071895,69.92628096126431,9.585772219683363,-1.1101802786819488,459,0.9905594303714277,1,0.27732893500675415
fov0,279,6045.611909650924,8911.934291581108,76.43497852679641,44.5112582516834,-0.5427896518498807,974,0.8129442814520693,1,
fov0,280,6028.344186046512,10099.381395348837,42.86095669740055,24.69747315494054,-1.24690778893656,645,0.8172924470013311,1,
fov0,281,6029.931899641577,10881.150537634408,25.067859571468084,15.205546338319891,-1.5699098405211651,279,0.7950259829449204,1,
fov0,282,6036.221774193548,10222.431451612903,27.885319502405668,11.730786401133761,-1.1842481620213252,248,0.9072092556308647,1,0.547440650677467
fov0,283,6043.642424242425,9154.769696969697,20.797517297372806,10.798951827987818,-0.2107945376386928,165,0.8546270405004749,1,
fov0,284,6098.709182167109,9867.57750221435,186.93153954492803,55.4478606055179,0.982206479588431,3387,0.9549952115594192,-1,0.7311087292183671
fov0,285,6053.967845659164,7522.530546623794,42.23504995314256,11.209863732650197,-0.8447333232683831,311,0.9641339508200413,1,0.16463657125541378
fov0,286,6178.210116731518,7775.58495460441,305.07669088409045,227.4129925000345,-0.42809724939742855,7710,0.6665851065154964,1,
fov0,287,6050.874439461883,10829.565022421524,26.103907344684504,14.404992040158588,1.3772318590715922,223,0.8339547775659548,1,
fov0,288,6069.429699842022,7939.810426540284,95.94314843365385,13.171935752104165,-1.0539491470583455,633,0.9905310391416803,1,0.3500060052657049
fov0,289,6071.883755588674,7410.312965722802,103.92702627355695,35.859150403755294,-1.4403521623686815,1342,0.9385873824608191,0,0.33949701600967463
fov0,290,6080.431271477663,8275.07560137457,68.00854699436381,15.489395339393505,-0.5541712450185134,582,0.9737180966751234,1,0.6961078691119631
fov0,291,6068.890322580645,8019.208602150537,44.55001603110343,16.266293799405627,0.19246543246906087,465,0.9309587742232744,1,0.4232132191879101
fov0,292,6088.273972602739,8350.061643835616,26.788870582941883,22.880244679682885,0.6972784941369777,292,0.5201167747640485,1,
fov0,293,6113.296052631579,7515.230263157895,79.84266976187001,28.935849005834847,-0.6112753146380521,912,0.9320184457106904,1,0.11247000146166537
fov0,294,6092.758620689655,9690.386973180077,30.91780578391843,11.993396093727455,-0.20586097631830355,261,0.9216963025199596,1,0.4012091997960779
fov0,295,6117.647342995169,7936.062801932367,132.60585879412525,19.490674099088555,-1.0318340115641094,1035,0.9891391672580884,1,0.3292987005859041
fov0,296,6097.125,10566.568965517241,28.733346163189886,12.025823985205255,1.469799805875214,232,0.9082020643955383,1,1.0018122743302906
fov0,297,6120.959544879899,10737.644753476612,67.51169303095604,22.483133168031273,-0.6937406272063692,791,0.9429177272381322,1,0.6605657048011759
fov0,298,6118.47371967655,9052.538409703504,82.53610065053427,33.43457254968966,-1.0644031594242496,1484,0.9142766872547404,1,0.9398481793201895
fov0,299,6115.248484848485,7358.151515151515,60.50233343124656,13.17524845579653,-0.8943305845139832,495,0.9760013875183672,1,0.16048460920869687
fov0,300,6107.474327628362,8103.388753056235,36.348248346727296,16.959168546496024,-1.154729503388894,409,0.8844818626718739,1,0.454491675159809
fov0,301,6114.338902147972,8780.023866348449,38.73340937082049,14.342730529685717,-0.6103446412509114,419,0.9289148014920624,1,0.3058595563835652
fov0,302,6147.504215851602,7423.965711073637,167.3697964039006,48.48223601542774,-0.5907888680470454,1779,0.95712616986299,1,0.24472212280477815
fov0,303,6118.366812227075,8828.406113537118,27.875938783483097,15.218086212119657,1.0638118000832484,229,0.8378360518835262,1,
fov0,304,6149.931895573212,8046.77752553916,99.72515590252732,17.235957442449337,-0.49010389632482315,881,0.9849508622265907,1,0.3355318125812454
fov0,305,6195.92709599028,7952.145808019441,205.24026590123222,80.23182258787631,-0.7898968061997166,3292,0.92042611239692,1,0.1881504744958521
fov0,306,6158.042527339004,7070.6362899959495,89.53908946573013,76.58419530358562,0.6401355132770246,2469,0.5181070667283298,1,
fov0,307,6133.922222222222,8295.04074074074,25.579684545383714,13.971959446232379,1.1242107720111325,270,0.8376462388574162,1,
fov0,308,6168.574229691877,8480.749299719888,82.81954816850693,58.91975351099219,1.3297558094204203,1428,0.7027637835639122,0,
fov0,309,6373.988716625484,6682.429883448864,1020.6636482753254,232.34717121716787,-1.2230262073587737,45731,0.973744606727192,-9,0.7038131603291953
fov0,310,6166.739130434783,8081.803689064559,74.86014012115616,31.184747642558523,-0.6197356578179577,759,0.9091020579660549,1,0.3175681653331763
fov0,311,6162.810606060606,8252.768518518518,148.2704867204062,36.05710761456874,1.4259180721046973,1188,0.9699800111758531,1,1.0450680183650354
fov0,312,6152.976878612717,7650.1734104046245,22.634872469066714,11.375082822404712,-1.1644572996698093,173,0.8645500041097096,1,
fov0,313,6177.929602888086,7602.037906137184,74.6971742699244,14.28787008030363,-0.2961418696804166,554,0.9815360480472138,1,0.4871407813697592
fov0,314,6226.0163283318625,10121.41924095322,150.5311519013967,67.2629357371588,0.6645278511415112,2266,0.8946152323414547,1,0.6795754616769987
fov0,315,6202.354958294717,10278.409638554216,66.09520262949736,33.166451221057955,0.47286229784622685,1079,0.8649847422009947,1,
fov0,316,6201.748995983936,7657.915662650603,81.66771106465947,10.832517614621967,1.419557118564522,498,0.9911640960149519,1,0.9996523449359137
fov0,317,6229.815622800845,8054.878958479943,110.64269648877156,27.125055760655282,-1.4265189091805897,1421,0.9694828785104884,1,0.33573164797184935
fov0,318,6228.894366197183,9586.112676056338,16.867406566793715,10.89044917133595,-0.8861796573724932,142,0.7636330635533563,1,
fov0,319,6233.817142857143,7354.84,27.018983809342544,8.974961067067833,-0.9701404451532687,175,0.9432186849249411,1,0.10610194658569784
fov0,320,6299.047028423773,8026.943927648579,305.07121505185944,60.24651634148621,-1.3913430962955218,3870,0.9803062208264941,1,0.27353899264529274
fov0,321,6274.578313253012,10080.79604130809,66.70088841820844,40.83783332878052,-0.3075417244439924,1162,0.7906617491790082,1,
fov0,322,6309.071903087143,7405.588120359515,249.07954505809127,27.64923199802029,-0.7957051097242454,2559,0.9938197773987963,1,0.17086095659076642
fov0,323,6285.088628762542,7563.321070234114,190.04555550439002,98.4449631582987,-1.1443497776978317,2990,0.8553762661376357,1,
fov0,324,6258.356481481482,10292.712962962964,28.692909357776955,10.23224203209664,-0.7524212339702505,216,0.9342524960321636,1,0.6683730163256901
fov0,325,6268.396226415094,7914.481132075472,26.044211288882057,14.019269844631486,-0.2120572308590738,212,0.8427613622226711,1,
fov0,326,6267.920560747663,10258.053738317756,33.648830796809214,23.357074663057332,0.9726992814999925,428,0.7198378675667882,1,
fov0,327,6270.349514563107,7955.527508090615,42.77102194946909,14.10042108286064,-0.9026465941979689,309,0.9440954274338071,1,0.1942293893955549
fov0,328,6341.511265164645,7204.275563258232,313.8415869435039,106.23262276645072,-1.0752545376989933,6924,0.940969548698211,0,0.22135690126339497
fov0,329,6267.711956521739,7261.423913043478,23.473556239564427,10.23242199703828,-0.9638532487171886,184,0.8999889395486336,1,0.053360199066424516
fov0,330,6265.95744680851,10928.056737588653,18.486326157264017,10.293119838197448,1.5011080815873865,141,0.8306490052207937,1,
fov0,331,6269.890510948905,8050.540145985401,17.742853658652884,10.171298001395362,-1.2017208529964367,137,0.8193723527064274,1,
fov0,332,6312.1967299578055,7643.294303797468,136.9179772477572,46.94941147751674,-0.9692046933687422,1896,0.9393712804345973,1,0.6135357643492129
fov0,333,6279.298245614035,8997.342105263158,18.1187916228956,8.628365692727819,-0.7549136404536797,114,0.8793311084705702,1,0.2770384414492758
fov0,334,6284.253378378378,10761.668918918918,32.69170055173044,14.007191017746738,0.6335773530316947,296,0.9035592266864062,1,0.6408576938361028
fov0,335,6321.227887617066,8585.59209157128,75.60377867699907,32.335408125950686,0.23871791410130316,961,0.903922796048219,1,0.447418201853827
fov0,336,6327.223330775134,9132.922486569456,95.43643290875085,57.28010124200631,-0.6123523493075578,1303,0.7998566110689693,1,
fov0,337,6304.960317460317,7162.670634920635,24.762590256217404,15.008121236243728,-1.5228851716354117,252,0.7954033680839006,1,
fov0,338,6314.944186046511,7488.025581395349,59.0653244293103,12.261081237861225,-1.3902656105889546,430,0.9782169629184861,1,0.3070964687812391
fov0,339,6330.251798561151,9626.362110311751,39.79545822342405,24.25623544153316,0.5061922159800251,417,0.7927686100451075,1,
fov0,340,6401.011414253898,7390.853563474388,247.32345626182632,62.20059684043538,-1.0299950832874951,3592,0.9678586142056004,1,0.22398611293652645
fov0,341,6342.680659670165,7826.148425787106,50.1572092340182,20.71706454153088,-1.1812536705945256,667,0.910711701632589,1,0.19761383962321538
fov0,342,6350.057777777778,8309.078518518518,64.88100350182398,20.660169142237866,-0.7432512728731899,675,0.9479458020405308,1,0.5714312896116773
fov0,343,6345.434599156119,8441.70464135021,26.35320452360611,14.990083893925247,-0.540891095010265,237,0.8224658692347252,1,
fov0,344,6361.501103752759,7554.236203090508,59.53559189479997,12.905766063645126,-0.8994278911959332,453,0.9762218241356884,1,0.33438784305321323
fov0,345,6482.767835724224,8289.596075421005,533.6005349362098,209.5430369567214,-1.365265051305689,20843,0.9196681447329385,-2,0.8368279231820369
fov0,346,6369.088477366256,8410.847736625514,56.813122915824096,21.827306354487884,-0.43245961392617527,486,0.9232520545412733,1,0.5593266118277767
fov0,347,6355.600790513834,6843.9604743083,32.45236733304831,11.372953239538994,-0.7967946166368022,253,0.9365811986262186,1,0.2062807288813801
fov0,348,6393.071384990848,7607.741305674192,105.70848832158823,50.49748291220699,-0.5044252472068174,1639,0.8785202599403523,1,0.2659685708114297
fov0,349,6382.010610079576,7745.5338196286475,117.0135211448643,32.33029737824845,-1.2786338715701917,1508,0.9610727616202286,1,0.22949357229083692
fov0,350,6388.82463690156,7030.316837009144,126.3664882814077,55.49703873773776,-1.0188686352883107,1859,0.8984013954967367,1,0.16681256435113273
fov0,351,6414.54851104707,10627.383285302594,108.83025054672875,31.29214567926185,-1.1801266437158227,2082,0.9577711251732824,1,0.8155207262642701
fov0,352,6468.199487179487,7801.877435897436,228.02076537222214,58.778752034131756,-0.4858954968293221,1950,0.9662041546166331,1,0.30490554143125453
fov0,353,6396.00652173913,9090.945652173914,39.66640838107373,17.308136378543082,-1.327097933441038,460,0.8997806943618407,1,0.7480941820752328
fov0,354,6392.417582417583,9968.060439560439,24.868349444922558,9.671087552254146,1.4072102032460125,182,0.9212835985561997,1,0.2180607906607798
fov0,355,6484.854090443437,7435.587735987121,356.5396024404755,113.90958209764759,-0.9103051255161196,6833,0.9475908346610017,-1,0.20456291139137844
fov0,356,6423.1847953216375,6635.076023391813,62.83317225844719,45.208746886534364,0.37804551247161183,855,0.694487832951902,1,
fov0,357,6412.393719806763,6931.442028985507,46.968983497463114,16.781024898411758,-1.4517526677654684,414,0.9339977601187484,1,0.3478726427987439
fov0,358,6430.906911142454,7741.005641748942,95.34976300083636,12.878351760010988,-0.948462181515347,709,0.9908368316891519,1,0.1542824411564933
fov0,359,6454.374281609195,7010.003591954023,125.10886642605223,33.59274439997424,-0.8636653939459754,1392,0.9632774255589245,1,0.1708845649453407
fov0,360,7067.790828808402,6415.69291979576,2888.372064362054,906.3057774724755,-1.2602446554421392,234626,0.9494965849248966,-37,0.631575593040495
fov0,361,6434.121951219512,6839.967479674797,41.96802694811868,17.795329212384345,-0.6628031440951462,492,0.905652307168997,1,0.24535490075413
fov0,362,6425.63696369637,7082.082508250825,39.20107845539721,10.274855323147687,-1.4584265006718962,303,0.9650389688342175,1,0.2627396905554416
fov0,363,6426.435643564357,7685.970297029703,16.605311131546934,8.397612256578562,-1.0727049603973544,101,0.8626985837027666,1,
fov0,364,6526.133678440926,7028.176918392204,295.6792135552031,33.942526753753405,-0.817535187274856,3284,0.993389190381723,1,0.17246195932252914
fov0,365,6470.56884057971,6467.45652173913,79.34829095403822,24.895795298292022,-0.5389796769418288,552,0.9495045076772214,1,0.6236806286310815
fov0,366,6465.091530054645,6161.801912568306,82.56873764696658,14.81994508494146,-1.3309751881518888,732,0.9837604997419214,1,0.1251571780441754
fov0,367,6487.658426966292,6931.970786516854,93.70932974909249,22.86919784470335,-0.5682542627738335,890,0.9697641649222783,1,0.24224440632375335
fov0,368,6480.871452420701,7581.051752921536,58.93421683763974,16.206516408635746,0.278377744573266,599,0.9614461345667062,1,0.47712855485357974
fov0,369,6504.280309544282,9622.757523645743,94.6280145233798,42.91187108491592,0.5501075790416903,1163,0.8912666727749198,1,0.4460275439356668
fov0,370,6501.911059371362,6025.8996507566935,186.46900345889912,75.06930605098593,-1.0148938534689458,4295,0.9153833566454275,0,0.12515262181773573
fov0,371,6520.764234875445,7650.326512455516,158.32678360278473,78.83284908367324,-0.8878322688936467,3372,0.8672274015421619,0,0.323291267167788
fov0,372,6547.060117534943,6702.611022871664,461.58425468017464,96.1973647582519,-1.2792709722956976,12592,0.9780421999752333,1,0.7310303027635089
fov0,373,6492.090655509066,10291.471408647141,74.98367208819568,17.88929290535755,-0.8751985434206342,717,0.971123867659055,1,0.9050418847947745
fov0,374,6479.378787878788,6512.965909090909,33.01935897917635,11.117080175608885,1.5022188662660625,264,0.9416178001765184,1,1.1451613553108368
fov0,375,6489.219081272085,7237.78445229682,43.29410988828736,8.772501744656886,-1.1027259085485694,283,0.9792562499276267,1,0.2907345256419299
fov0,376,6599.74901085523,6014.270772040174,460.62464864823585,88.58014917034184,-1.157913402099301,9857,0.9813353227435585,-1,0.09834950798068127
fov0,377,6501.424802110818,7272.976253298153,43.312169699870246,17.70943262811115,-0.2853201308149483,379,0.9125886472041393,1,0.2520088595117106
fov0,378,6526.1235119047615,7540.758928571428,85.84825571903737,56.08474211499369,0.39205786767521955,1344,0.7570983709786413,1,
fov0,379,6521.611691022965,7460.676409185804,44.682620503382715,20.621900301852044,-0.25301108726893073,479,0.8871300687020435,1,0.2955133743474047
fov0,380,6545.201550387597,7283.375415282392,131.8236849429508,16.645507952407925,-0.6473380068555713,903,0.991995784088375,1,0.15590808952388144
fov0,381,6520.470588235294,9828.16212338594,50.305574331846145,28.514176797854635,-0.9724354771941235,697,0.8238420586630811,1,
fov0,382,6517.9648473635525,10060.753006475486,93.76703913401083,24.204742141250552,1.4722238061020099,1081,0.9661083217991168,1,0.6212534278245991
fov0,383,6520.058823529412,8537.276018099548,42.74176274801804,20.862693819219732,1.4618327145635293,442,0.8727819623036343,1,0.9037181959017669
fov0,384,6516.557522123894,6096.654867256637,17.475194649145706,8.909794004735966,-0.5973173925027643,113,0.860261079876473,1,
fov0,385,6521.336842105263,8074.1438596491225,28.213394900038395,15.07891264142711,-1.5434530524237509,285,0.8451941820672636,1,
fov0,386,6615.757389162562,7129.395320197044,285.28009223553323,50.51255350967729,-0.787880714788175,4872,0.9841995165603549,-1,0.12967561986173967
fov0,387,6543.172413793103,6030.9731800766285,35.67162749006283,21.419321245601015,-0.20363705010099267,522,0.7996561446358729,1,
fov0,388,6540.420233463035,9876.438391699092,68.88394370187696,18.957576392968555,1.563338755955212,771,0.9613840263775523,1,0.341611669108672
fov0,389,6542.972972972973,6899.7717717717715,25.763603984301405,16.994382301451985,-0.3762957625708685,333,0.7515926621435002,1,
fov0,390,6589.777305825242,8562.561893203883,167.79386075570693,35.69594470978761,0.7792511547032254,1648,0.9771095200040203,1,0.6286840287109928
fov0,391,6567.008163265306,7319.1061224489795,71.51176035651623,19.493688201714665,-0.6242761070148191,735,0.9621291099743963,1,0.21954768479638187
fov0,392,6552.545171339564,9668.193146417445,26.03888413005019,18.144142465128784,-0.8806005590836897,321,0.7172562211528173,1,
fov0,393,6553.013071895425,6937.78431372549,18.654539397310927,11.488826002798312,-0.6212206886847942,153,0.7878454944388062,1,
fov0,394,6562.651515151515,7590.186868686868,17.36965012582876,14.665135398179444,1.4426492436600613,198,0.5358762568551132,1,
fov0,395,6589.659520807062,7418.981084489281,61.37897165479129,29.421357508566846,-0.5343237199396694,793,0.8776296313722352,1,0.20717983817500493
fov0,396,6571.091304347826,8446.739130434782,26.5980132116889,15.068019169666556,0.936492737392843,230,0.8240554150160257,1,
fov0,397,6688.445780568267,6783.214217303394,347.9854809855032,165.26823849784253,-0.623067438226672,9397,0.8800243611612216,0,0.26056370654697514
fov0,398,6597.725423728813,9895.135593220339,52.90111875672013,31.73346813374466,-1.3642954056009546,885,0.8001021033706096,1,
fov0,399,6595.950980392156,6594.450980392156,14.568312660550834,9.005505950684698,-1.46260283663503,102,0.786054575674826,1,
fov0,400,6611.88,8512.645,23.908050430327727,11.946477498447248,0.032943325842436345,200,0.8662075952349212,1,0.6134566331979755
fov0,401,6624.220289855072,7206.872463768116,49.38526628052448,12.789066967765752,-0.6047495322660543,345,0.9658866436187178,1,0.2150591325747317
fov0,402,6613.931174089069,7570.477732793523,20.84385232761787,15.44877566965251,-0.13560283716551574,247,0.6713206878319056,1,
fov0,403,6640.0032467532465,7918.810606060606,77.86806885066405,27.0735438530733,-0.7019319751056107,924,0.9376114763949179,1,0.4129860105001089
fov0,404,6626.164556962025,7980.2468354430375,19.08589882072015,13.135760603461343,1.1557717463083113,158,0.7254790261848724,1,
fov0,405,6647.077235772358,7250.5,58.403866270152406,13.2511186643814,-0.4238421830507282,492,0.9739209276604628,1,0.19596275183783693
fov0,406,6626.309352517986,7295.395683453237,16.869798004507004,11.038501049608938,-1.1564621346292405,139,0.7562047145363365,1,
fov0,407,6947.224155300682,6447.809167699938,599.1495699828073,310.028920097564,-0.2513201122068587,25808,0.855714477948535,-1,
fov0,408,6657.264805007222,6977.588348579682,151.4947377647606,53.57536776521823,-1.4207246463013157,2077,0.9353796884434057,0,0.6710236566173495
fov0,409,6662.173300673607,7367.205756276791,153.78025775656093,27.31563186698324,-1.2112177433729074,1633,0.9840977613752356,1,0.45822985828032375
fov0,410,6635.843478260869,6804.078260869565,15.02637942715176,10.259910638101022,-1.0552136936706857,115,0.7306116343086841,1,
fov0,411,6652.309451219512,6656.385670731707,41.06668362234641,22.805772725590806,-1.4479593656209704,656,0.8316266446826902,1,
fov0,412,6657.413043478261,6486.847826086957,34.765771911764844,11.773602929325783,0.21684944503928572,276,0.9409106133705033,1,0.525587096618681
fov0,413,6674.71363115693,6452.967926689576,69.0886643710437,21.38884908682048,0.404445288854558,873,0.9508716079238622,1,0.6030731886130368
fov0,414,6660.021367521367,7287.521367521367,28.238471519711226,11.894540716875975,0.18052482329331213,234,0.9069596175679808,1,0.49798676378080114
fov0,415,6729.802671027528,7129.819024257291,241.57777270526856,69.7850980353535,-1.1074300722346466,3669,0.9573676739670293,1,0.1665504072898577
fov0,416,6659.362549800797,6405.442231075697,32.79168626797772,12.247734701830874,-1.3108738432353069,251,0.9276296898594207,1,0.6188276528003471
fov0,417,6665.461224489796,7967.371428571429,25.092858005047546,15.201595381015409,-0.3191080127099548,245,0.7956065902108325,1,
fov0,418,6687.479166666667,6248.77205882353,105.94368529025394,17.148693243310195,-0.9834605713686673,816,0.9868127275716317,1,0.1241385083821978
fov0,419,6808.24853939681,6572.557555660825,372.8437191509702,81.70403843985193,-0.5688908033742247,6333,0.9756939881550157,0,0.18029590548327304
fov0,420,6698.026086956522,6906.860869565217,49.96552967111495,9.55869855319579,-0.8264044728724463,345,0.981530472513472,1,0.5139980899858825
fov0,421,6715.268370607028,7246.900958466454,93.19712539894738,23.741560429171663,-0.8436775037333816,939,0.967008099225298,1,0.30051514666790874
fov0,422,6694.559748427673,7923.842767295598,21.89866850246461,10.853891772391673,0.9064558189452554,159,0.8685271289144163,1,0.8361273831325117
fov0,423,6700.7037037037035,6018.597222222223,24.194579229035682,11.74543853279733,-1.3331902843238568,216,0.8742603001440573,1,0.23248688628694444
fov0,424,6709.748768472907,8554.29802955665,54.71140394197689,11.319573056474427,-1.1784928988461316,406,0.9783629320615059,1,0.8770170568273258
fov0,425,6718.634423897582,5963.133712660028,50.43574842036814,19.18262349225766,-0.8447872967308394,703,0.9248476249009734,1,0.14880035930383761
fov0,426,6721.9,6427.22962962963,37.16934212737484,10.810798610016457,-1.0648758907134614,270,0.9567678839017917,1,0.5169466066801035
fov0,427,6724.457831325301,7015.067469879518,30.952940899975108,18.309052199664023,1.2314373104724348,415,0.8062958103872753,1,
fov0,428,6767.789036033261,6959.658145980906,166.50605170274787,79.26511718062146,1.0464232070231936,3247,0.8794185038318176,1,0.9879761646705477
fov0,429,6721.528925619835,7812.520661157025,15.306715769593602,10.72873351117929,-1.2179142643779748,121,0.7132430902816403,1,
fov0,430,6736.598639455782,6462.775510204082,23.642842878828958,8.921400618829825,-0.42183534078943946,147,0.9260746168860947,1,0.32196369294319865
fov0,431,6771.303527481542,6651.563576702215,105.67313693934331,19.836257766488067,-0.7498771018506984,1219,0.9822238548210207,1,0.11375242486179198
fov0,432,6758.533495736906,6821.158343483557,66.90448903245996,24.20625344676516,-1.3965436202389665,821,0.9322545232730033,1,0.6759062692326452
fov0,433,6750.045833333334,7777.066666666667,22.18592961626157,14.514813289879605,1.0955008274117413,240,0.7562912592354623,1,
fov0,434,6756.253846153846,5919.3,19.60869241052777,8.77656971898195,-0.6029866662656896,130,0.8942410572834643,1,0.233621159650935
fov0,435,6782.782498414712,6017.015852885225,118.31127589482772,21.121549941796957,-1.0834991768150097,1577,0.9839353310105449,1,0.1611322879598889
fov0,436,6795.504858861638,5931.536325775104,141.30072326602826,32.078799971557,-0.8281630377467365,2161,0.9738889253198274,1,0.15232158168651383
fov0,437,6811.491263105342,7167.149276085871,117.29529512070407,62.8867240481315,-0.40655455988798467,2003,0.8441289452600134,0,
fov0,438,6778.25,7231.128504672897,41.8934045909545,18.375520264049776,-1.2469280155746716,428,0.8986698902999163,1,0.18530134824458153
fov0,439,6789.612265084075,6316.661721068249,107.45826857549815,24.796730598589747,-1.3368354312171098,1011,0.9730114492233731,1,0.513595334821315
fov0,440,6849.716533402115,6886.872581893216,150.7800521228496,100.88002602284574,-0.4270843140658776,3877,0.7432136216839667,0,
fov0,441,6792.769841269841,5895.619047619048,15.425926837119793,11.178839617291253,-1.0118648946924722,126,0.6890869863228652,1,
fov0,442,6793.245901639344,6258.450819672131,15.896371991592893,10.64497861967887,-1.2882808627179045,122,0.7426783574114607,1,
fov0,443,6805.720472440945,6522.799212598426,31.660589930934247,10.890797180650328,-1.0122604960374968,254,0.9389748059917897,1,0.19129643323278916
fov0,444,6816.8963414634145,7084.798780487805,18.93748485608868,11.9006339288459,0.5082136698426543,164,0.7778767934987475,1,
fov0,445,6873.009229881742,6264.332275742717,130.978196497906,109.66355372354577,-0.4825994013863209,3467,0.5467962304048156,0,
fov0,446,6823.305147058823,7491.176470588235,42.424638467923444,10.61007587322262,-0.9033473767784821,272,0.9682219972880391,1,0.24895542085663233
fov0,447,6826.945945945946,6476.665540540541,39.97756361891891,9.97353302878673,-0.8147867751390329,296,0.9683803992034709,1,0.14062718773005953
fov0,448,6834.869674185464,6615.160401002507,44.90706211775187,17.079958745227998,-1.0487952344913318,399,0.924846673909805,1,0.1532471572308774
fov0,449,6838.799442896936,5776.7353760445685,27.909362566865322,17.28814908983958,0.9344849517460002,359,0.7850447508771095,1,
fov0,450,6845.711842105263,5822.942105263158,40.53522941559142,31.94134984569351,-1.220933678039879,760,0.6156882140373855,1,
fov0,451,6854.744058500914,7199.234003656307,56.798857983002655,28.10560962253542,-0.6852049999064973,547,0.8689914962169696,1,0.2778714488812521
fov0,452,6837.275449101797,6512.568862275449,19.019378157223397,13.017391017332686,1.356613153310239,167,0.7290806513004179,1,
fov0,453,6895.158795562599,6676.915055467512,147.46756611315212,129.0107598960132,0.18003207223103107,3155,0.4844091181850112,1,
fov0,454,6854.635820895523,7289.84776119403,36.028076080356634,13.097047222758386,-1.4744846826983744,335,0.9315850834514128,1,0.25985708547597985
fov0,455,6859.488311688312,7055.992207792207,44.122493836281116,19.712670881750896,1.2812879839984512,385,0.8946481234112166,1,0.9467715653472493
fov0,456,6867.4682539682535,6181.353174603175,36.101062102484995,9.705335480592025,-0.8947801799488464,252,0.963185422103474,1,0.7458431346290062
fov0,457,6866.76282051282,6749.00641025641,19.132379505776473,11.983965695988594,0.6692584319769784,156,0.779525176303319,1,
fov0,458,6873.767241379311,6791.818965517241,19.515363680537746,18.121260141620173,-1.0355598530206214,232,0.37117284432561765,1,
fov0,459,6903.820709491851,7104.791946308725,83.79923986489163,30.898670823273072,-0.34077576486400607,1043,0.9295394928101157,1,0.5429065545656884
fov0,460,6923.216,5767.578666666666,120.77596842138536,14.104622831180622,-0.7967250863270675,1125,0.9931574134678653,1,0.1393636035416071
fov0,461,6896.035087719299,7440.604465709729,59.16259832552542,16.345970077547033,-1.5625138057137993,627,0.9610746254361703,1,0.28630344907315725
fov0,462,6895.709359605911,6188.5024630541875,30.52826402234958,10.572459390916897,-1.3637682875526977,203,0.9381175176846506,1,0.9177285638840506
fov0,463,6938.61835106383,6758.278590425532,154.46208600711503,43.47276217888486,-0.7358348645130761,1504,0.9595770185994333,1,0.18696258908834568
fov0,464,6915.897849462365,6148.258064516129,22.860710815193315,10.845171929772189,0.7493173712485941,186,0.8803082045375534,1,0.7997074259386305
fov0,465,6914.945147679325,7161.974683544304,26.485982342430123,14.090865396284073,-1.1039308513895136,237,0.8467366961840953,1,
fov0,466,6921.335526315789,6329.9078947368425,22.079289468016473,8.881654432131597,0.44765938202191796,152,0.915524688307425,1,0.6608086420369368
fov0,467,6934.559602649007,6108.990066225166,32.52686695659044,12.847970085286516,-0.8080873129637706,302,0.9186830017084017,1,0.7231447804713211
fov0,468,6929.7342342342345,6177.986486486487,32.58188179251441,10.954024677921435,1.5485760051903972,222,0.9417906572859409,1,1.1359031397415507
fov0,469,6971.936144578313,5979.425301204819,92.12485295195704,22.816588457049246,-0.6866603263825927,830,0.9688443789496902,1,0.3876832025717024
fov0,470,6935.238461538462,7457.053846153846,16.042073786482828,12.24004626357131,-1.076918447404937,130,0.6464026070169008,1,
fov0,471,6973.608472400513,6277.600770218229,68.82173481250805,41.97375068648634,0.4301374873954019,1558,0.7924853778513061,1,
fov0,472,6956.063451776649,6331.147208121827,54.713459437105676,12.383705581016489,-1.0572951428584139,394,0.9740489479526311,1,0.7216755420272112
fov0,473,6951.283870967742,6448.832258064516,23.38425186850813,8.607863134039558,-0.6784752588696287,155,0.9297841746221326,1,0.34855040806131604
fov0,474,6956.712230215828,5674.587529976019,39.62452081866508,14.345811261501865,-0.9997622126242145,417,0.9321610923161525,1,0.15091268963801455
fov0,475,6994.838319541694,6152.558561425843,196.326556540691,74.67645992389937,-1.0889098286325067,3142,0.9248349682858683,0,0.8096997599321041
fov0,476,6966.550925925926,7102.050925925926,26.534348356982647,11.847526551605846,-1.5095318644719833,216,0.8947847612251001,1,0.7901509696326116
fov0,477,6979.645348837209,5700.1821705426355,39.425409248890865,21.090261142339894,-0.7841794016689849,516,0.8448895244450579,1,
fov0,478,7013.450124688279,5918.617206982543,88.71686137784525,14.976009215599596,-0.2789948683469961,802,0.9856491593167506,1,0.2519623232644964
fov0,479,7010.637762237762,6612.8279720279725,136.54168456088556,69.73677841702803,-1.1843558814904949,2145,0.8597374914399004,1,
fov0,480,7001.732472324723,7196.492619926199,43.81044969347759,19.18141114660909,-1.1155320543832663,542,0.8990590917549621,1,0.25854297535523146
fov0,481,7045.445454545455,5623.095833333334,162.82853694247285,56.83373126430741,-0.7743996340477839,2640,0.9371076921103968,0,0.13368871702486043
fov0,482,7022.5190365190365,6213.601398601399,78.92103433076878,51.19348814632627,-0.9098947647389213,1287,0.7610721610249137,1,
fov0,483,7034.304715840387,5572.808948004837,97.88507224893542,24.662322917287042,-0.5101144473184178,827,0.9677397771155761,1,0.2898316853297958
fov0,484,7116.303943349069,6575.421271868925,523.1329845797088,77.46977931931438,-1.1136533187415185,7202,0.9889741701437071,0,0.2914545606446816
fov0,485,7026.335227272727,6945.352272727273,26.194531080633435,9.628049164910172,-0.5789823286755756,176,0.930000001195736,1,0.524873387103309
fov0,486,7027.3533333333335,6314.82,21.71469397634085,8.990892859041042,0.966504149173421,150,0.9102557347902982,1,0.6258794170313368
fov0,487,7043.7052631578945,5952.446315789473,37.44720439108378,20.7217483452418,0.561008752916458,475,0.8329428517880053,1,
fov0,488,7048.724193548387,6268.404838709677,54.74655787030809,23.506913537921868,0.29507063845693987,620,0.9031253401170446,1,0.5134686835468649
fov0,489,7069.461716937355,6412.61252900232,50.142876874395604,18.909712154359664,-0.23840841548580088,431,0.9261657822805475,1,0.45827106393723227
fov0,490,8727.699188004304,5145.3160077782995,2902.3942847347084,564.6719204413454,-0.24251538139554094,313179,0.9808918430413112,-63,0.19062938245047056
fov0,491,7101.453951665578,6226.04898758981,69.83777899714138,54.43523607694114,-0.502151786624926,1531,0.6264612490807305,1,
fov0,492,7091.606138107417,5459.869565217391,45.78914069847769,23.46454777018682,0.5020516323832093,391,0.8587183340143026,1,
fov0,493,7150.2908233989465,5417.132797338509,169.6935171207899,85.14563059509057,0.06242453750168584,3607,0.8650061571887444,1,
fov0,494,7153.6269035533,5636.484771573604,43.79516141862818,15.36217970609832,-1.1803914952831822,394,0.9364603511662436,1,0.20243714016134107
fov0,495,7310.770143884892,6514.23309352518,249.30796317869329,38.74904053317555,-0.49542231801064074,2780,0.9878474743253502,1,0.38666310558810746
fov0,496,7231.711538461538,6391.858974358975,35.206817610271735,14.716453745759463,-0.9905763209703903,312,0.9084469744473247,1,0.38790056689702435
fov0,497,7236.683937823835,5649.782383419689,27.196648997759016,10.099850111641883,-1.2750756084997295,193,0.9284874528501433,1,0.5173096405650827
fov0,498,7259.63825136612,5340.904918032787,72.81695356053167,31.971629175362363,-0.7175416712787627,915,0.8984535987903712,1,0.23269849279950153
fov0,499,7327.240034662045,6148.55979202773,104.15151550287791,31.863267976863234,-0.10184473080156131,1154,0.9520534073639914,1,0.4990514554895166
fov0,500,7429.518020846414,5282.628531960317,306.5840043118799,192.43392540601496,-0.5048925023878816,15926,0.7784786220132649,-2,
fov0,501,7319.326203208556,6561.651069518716,59.364580244390794,32.67344984773852,-1.5486650320045057,748,0.8349101476173583,1,
fov0,503,7358.383986928105,5977.584967320261,104.69995927930783,21.75305758726178,-1.3524864142945576,1224,0.9781786262168074,1,0.6049725617018662
fov0,504,7392.191176470588,6321.40931372549,40.05922348356614,15.726619742542779,0.24385251111334771,408,0.9197160516991106,1,0.5229086385641516
fov0,505,7384.043824701195,5669.482071713147,28.122805250760567,13.148411209023084,0.5465095545598646,251,0.8839742699119573,1,0.6056063625699665
fov0,506,7395.601226993865,6095.742331288344,25.25052582557352,8.788275381358252,-1.2509780613972312,163,0.9374784731481692,1,0.6565948233449942
fov0,507,7417.870391061452,6393.005586592179,80.53319632456997,20.85970262318712,-0.6439372814048367,895,0.9658719777902591,1,0.4369648035395653
fov0,508,7418.251928020565,5949.349614395887,40.95560601104488,17.440204765974737,0.4568870505611503,389,0.9048022806679547,1,0.6776817373240631
fov0,509,7416.824773413898,5994.791540785499,29.121138062992447,25.229926661646186,-0.06419355805085858,331,0.49938799466323014,1,
fov0,510,7423.174863387978,5666.098360655737,23.639641418718842,10.170074977633732,-0.43606773691726125,183,0.9027275313094555,1,0.325408044096133
fov0,511,7488.63832221163,5572.207816968542,187.7773820101029,81.92160157747963,-0.40080563108795875,5245,0.8998159025225028,-2,0.25603006684383256
fov0,512,7442.055238095238,6154.102857142857,50.72160060675257,17.06168627261215,-0.3309931397793873,525,0.9417266600651946,1,0.4612747807727505
fov0,513,7439.671875,6488.765625,31.300101505035144,8.719828932257217,0.5655501888419457,192,0.9604107417848925,1,0.7311531182256269
fov0,515,7450.741935483871,6200.109677419355,25.47136393929623,8.100377294184007,0.9217355827577205,155,0.9480843451339772,1,0.6809482981702687
fov0,516,7461.170758928572,6430.078125,89.36932604243043,32.334282074235155,-1.4950406823240092,896,0.9322537402370475,1,0.6461226595033019
fov0,517,7499.879113498992,6011.415043653458,103.10862959228689,58.99412575674975,-1.3226710075740078,1489,0.8201454563029842,1,
fov0,518,7497.966691900076,5916.666919000757,90.0412097183052,39.436939483337056,-0.3486797072678416,1321,0.8989809800739914,1,0.5738870968448673
fov0,519,7545.755597014925,6139.200870646766,164.25090208227627,47.4495810451166,0.6365709523718622,1608,0.9573638808225172,1,0.6742326953786241
fov0,520,7533.931493815414,5617.401522359657,119.37552482146525,24.35664604812962,-0.2824104423030824,1051,0.978963837161672,1,0.14654280544693138
fov0,521,7510.721893491124,6495.828402366864,36.46131645625172,18.24455476654435,-0.017299816413718076,338,0.865805245842122,1,
fov0,522,7519.626398210291,6448.051454138703,64.51298256037188,12.09455311940536,-0.36179515927786754,447,0.9822694287484923,1,0.4862019261090166
fov0,523,7518.200488997555,5761.171149144254,33.80595049973533,17.676996995370622,-1.0267968017785247,409,0.8523964754976945,1,
fov0,524,7540.575516693164,6223.087440381558,49.6039479749443,26.780823555054774,-1.5145950002475557,629,0.8417336659654185,1,
fov0,525,7579.138728323699,5363.7707129094415,77.097237812612,12.123631416323803,-0.1713939688715983,519,0.9875586398906242,1,0.22993317827917714
fov0,526,7552.754098360656,6513.841530054645,28.026944175476384,8.851280046612924,-0.8431705226410058,183,0.9488213727870257,1,0.4428243692228291
fov0,527,7578.225806451613,6015.193548387097,36.38540413849151,9.400244280106744,1.1699559226578693,248,0.9660508323697488,1,0.9044215993560849
fov0,528,7612.037850625211,6328.774586008787,166.63921132977248,73.14585186239971,-1.565745632539682,2959,0.8985127503766106,0,0.3515089639781999
fov0,529,7590.8740157480315,6481.3740157480315,30.466903887799397,13.950983521456163,-1.5476872102661976,254,0.8890005241550858,1,0.6310322734235447
fov0,530,7667.500313087038,5922.940200375704,150.3838588477286,92.26283049410333,0.5948856093118556,3194,0.7896826665116318,1,
fov0,531,7600.952522255193,6067.329376854599,39.73029894878118,14.714846437813478,-1.4917993492693629,337,0.9288849570766397,1,0.8765322275331414
fov0,532,7648.364077669903,5577.392597087379,131.60554290326584,42.837987183095095,-0.7697980758006178,1648,0.9455410385602282,1,0.2595822405864238
fov0,533,7619.298245614035,5551.2205513784465,35.10010799297878,17.640988749762865,1.1284932316005905,399,0.8645244718338446,1,
fov0,534,7826.103617971385,5740.056684589446,381.58123754651336,247.5465187814276,0.1980393450883768,10973,0.7610112283217583,1,
fov0,535,7617.5625,6010.056818181818,17.620040213701866,15.236380892529558,-1.0851715985880266,176,0.5022562216867261,1,
fov0,537,7622.617346938776,6161.693877551021,19.395161995882823,15.380408662332462,0.8763312286636153,196,0.6092186010696392,1,
fov0,538,7624.587301587301,5698.4682539682535,21.843924424665484,7.71147200270969,-0.5439864562077061,126,0.9356135335117154,1,0.1608426774135899
fov0,539,7633.11690647482,6453.926258992806,36.4075355784422,19.966844617455425,-0.08997354568658522,556,0.8361989933708709,1,
fov0,540,7640.026809651475,6104.571045576407,47.82605100775075,13.3899112032835,-0.6771932428049037,373,0.9600084342193491,1,0.6298774182773005
fov0,541,9836.12060733286,4564.157534035131,4260.589635365329,642.2486793520711,-0.19947027271496814,388716,0.9885731783400493,-81,0.07139614410491929
fov0,542,7635.492307692308,5505.189743589744,27.270071183155544,9.208250098044038,-0.46808428156368553,195,0.9412650178703236,1,0.1416425265020076
fov0,543,7675.936681222707,4929.408296943231,127.39524210672288,18.258702764248962,0.4194039441903304,1374,0.9896759268010872,1,0.41723516411165196
fov0,544,7683.670559311617,5326.823601720959,153.31312815364183,28.510358492562094,-0.42289764777514854,1627,0.98255700797087,1,0.13546813433712876
fov0,545,7656.776315789473,5671.321052631579,34.34643681643926,22.59526967160056,1.4670261419220219,380,0.7531371178330172,1,
fov0,546,7703.063800277392,5593.532593619972,93.94212001956471,23.420887815872643,-0.1402572613868793,721,0.9684232441392645,1,0.27972060769066864
fov0,547,7687.224,6017.488,17.102099792834196,9.61296326196769,-0.3802192318971484,125,0.8270743257516374,1,
fov0,548,7701.947882736156,5676.107491856677,40.07414842431528,11.068505823318537,-0.9066374022937124,307,0.9610999954275158,1,0.30977283438709496
fov0,549,7707.5622641509435,6126.8,37.78896829949932,10.197361682817498,-1.3715680836292854,265,0.9629023080552133,1,0.9337955864493706
fov0,550,7742.4028368794325,5637.339007092199,67.51885857005976,15.89869440037124,-0.013458745787133825,705,0.9718815145946066,1,0.3336800460024541
fov0,551,7771.73775671406,5778.888362295946,115.19391070928022,61.83473099566463,-0.6392965436943991,1899,0.8437170364050081,1,
fov0,552,7739.578877005348,6077.608288770053,78.86980815224545,25.15946767548501,1.187267296896409,748,0.947754719904416,1,0.7967385396990041
fov0,553,7805.5563736769445,5990.219052001841,175.8074163676127,48.42226378634303,0.8294735684298902,2173,0.9613217377759142,1,0.1427830708782755
fov0,554,7772.065384615385,5318.119230769231,44.10843801656065,20.249117532079858,-0.7515159786593288,520,0.8883970889921619,1,0.22515566068624887
fov0,555,7783.828125,6022.2734375,29.511935458560885,13.402489327630029,1.2566131648617327,256,0.8909313885212085,1,0.1620055371171237
fov0,556,7801.633270321361,5579.427221172023,77.88908967558969,16.89526816281221,-0.6424124893015173,529,0.9761906198645003,1,0.2141530668552595
fov0,557,7799.7995337995335,5924.573426573426,51.23895833201432,13.657594048464198,0.9351838003922683,429,0.963821903252289,1,0.10591846183544634
fov0,558,7829.51282051282,5692.839743589743,17.464866867121938,11.582513767840469,0.25374938545816955,156,0.7484516559590061,1,
fov0,559,7835.292857142857,6424.414285714286,27.75043371561919,19.54542485280528,-0.5919776812949026,420,0.7098740637928154,1,
fov0,560,7869.32505105514,5948.196392103472,130.03541548671,56.06855202216735,0.8969483426749378,2938,0.9022663647603594,1,0.1813907204320118
fov0,561,7858.682242990654,5559.869158878505,16.686723445338824,8.483095155798955,-0.4926733124121435,107,0.8611364285476015,1,
fov0,562,7875.035460992908,5204.978723404255,18.832555420994165,11.112690523432752,0.2195885068353627,141,0.8073457027546146,1,
fov0,563,7896.416666666667,5587.475225225226,38.836931217089415,22.18116936342503,-0.5424373026832816,444,0.8208554531225704,1,
fov0,564,7980.542974079127,5799.3483401546155,182.09467765502015,43.92108477375203,-0.3565574532050909,2199,0.9704756366271526,1,0.3704040106445435
fov0,565,8150.606342997392,5929.694623408498,475.66746295018885,307.1782473939396,0.09223851368727823,26076,0.7635204908109238,-3,
fov0,566,7967.4935805991445,6011.4750356633385,109.12468505293404,38.00717946611386,0.2715941105499962,1402,0.9373863470636483,1,0.36339641053048827
fov0,567,7957.942164179104,6400.108208955224,41.20005044818409,20.20532788676887,-1.0959228387645756,536,0.871486227046465,1,0.6269990816134927
fov0,568,8001.840909090909,5196.795454545455,69.03975003664107,17.844118377965835,-0.21648694760287973,616,0.9660215553245688,1,0.15419470282608932
fov0,569,8000.955465587044,6322.236842105263,58.19057185991339,15.609770939168659,-1.3221940498896187,494,0.9633486150866389,1,0.6729464641624777
fov0,570,8039.175784392599,6363.3736926790025,115.40772039025325,60.287827729088406,-0.9401963472129988,2486,0.8527067435114091,1,
fov0,571,8056.7605804111245,4803.083434099153,126.57744294997238,13.55468264964357,-0.12875684510514435,827,0.9942497526672366,1,0.06326184476483998
fov0,572,8045.180064308682,5575.299035369775,42.89018231945583,11.938768053152575,-0.8185769877135992,311,0.9604777810078877,1,0.5807757245677291
fov0,573,8072.755634638197,5654.045077105576,90.61705375622607,34.876947747538644,-0.7142189832327224,843,0.9229654436277213,1,0.5655982091307434
fov0,574,8054.338959212377,6033.617440225035,41.70580137601042,27.673738425505793,-0.18425078398243575,711,0.7481350451290188,1,
fov0,575,8064.883435582822,6284.46472392638,51.57935322869044,18.841815078954607,-1.5476504268892604,652,0.9308907816484628,1,0.7376974085410369
fov0,576,8070.201219512195,6430.475609756098,15.067408910070538,14.011275527922374,-0.462485383491101,164,0.3677970043213799,1,
fov0,577,8090.8609986504725,5555.808367071525,79.92266971414251,36.9154006623839,1.3258966529553255,741,0.886937746993867,1,0.9509068684899412
fov0,578,8254.574880402173,5627.088056433958,367.9622415500329,242.21108675699017,-0.278793164421877,12333,0.7527995401649566,1,
fov0,579,8098.356521739131,5782.660869565218,26.376886602748318,11.727480718228367,0.25803079428140846,230,0.8957232583595851,1,0.46102988684204904
fov0,580,8098.306971904266,6299.990634755463,53.11640080287592,25.048183309324315,-1.318324730514378,961,0.8818278039693145,1,0.6719870791601495
fov0,581,8130.106060606061,5042.990909090909,88.2315459534704,20.586915153080685,-0.3271455296363007,990,0.9723980214897544,1,0.08904542254783863
fov0,582,8116.585365853659,5427.252032520325,16.571617214026286,10.551682817529128,-0.6094416431143327,123,0.7710849918498118,1,
fov0,583,8130.968188105117,6106.323651452282,89.7897709132305,20.72956347124273,1.3505698542953861,723,0.9729851367917307,1,0.8513413168129425
fov0,584,8131.8677042801555,5763.727626459144,28.92015786585697,12.085696163148475,-0.700459813345222,257,0.9084936338180454,1,0.2546417586449436
fov0,585,8210.097641250686,8053.948436642896,130.9164923424304,67.8584813815801,-0.35688123652541837,1823,0.8551782080495989,1,
fov0,586,8156.586206896552,8017.7793103448275,19.414836751862836,10.805510099027288,0.7938311338771754,145,0.8308078132157706,1,
fov0,587,8161.743169398907,5433.333333333333,24.155280482043064,9.73561255948445,0.06073957669929726,183,0.9151811179772198,1,0.3913505969921972
fov0,588,8203.29060451566,7947.927166788056,94.20716343085726,36.578617301591,0.4711515101200239,1373,0.9215420753193804,1,0.5636837744243713
fov0,589,8182.04424778761,5837.66371681416,23.99454191850027,19.46245184625118,-1.5112350683505562,339,0.5848798276990029,1,
fov0,590,8184.888252148997,8100.1260744985675,30.271971528945315,18.211477698493034,-0.438388888694219,349,0.7988009885471362,1,
fov0,591,8215.28587962963,5996.260416666667,74.49190628772092,34.18750379593377,0.09286508323485747,864,0.8884659565147498,1,0.4833891767215634
fov0,592,8209.527586206896,5376.044827586207,26.652813365186482,15.3796923141437,0.7060120774135,290,0.8167171348071842,1,
fov0,593,8260.424681144434,5197.841778697001,136.89617524703849,61.0750467466968,-0.14535207256608593,2901,0.8949625024266198,1,0.08170658559249805
fov0,594,8219.701657458563,5756.182320441989,21.648107870605624,13.59030018257933,0.7659503260169171,181,0.7783889209763118,1,
fov0,595,8302.937285933625,8192.028935868666,321.72288043719533,154.10615976117037,1.1555812721189709,8467,0.8778133742154159,1,0.6723491753855209
fov0,596,8260.301587301587,7833.621933621934,89.48046224803278,21.568198584343463,-0.8820686742069024,693,0.970515659455088,1,0.5520432155062128
fov0,597,8295.452727272726,4898.9572727272725,132.50195229635298,16.96017901927159,-0.05023195859280955,1100,0.9917742368769676,1,0.1216167109931018
fov0,598,8270.446499339498,5747.730515191545,57.068982934931185,30.15749152868187,0.6571936272882902,757,0.8489711071391612,1,
fov0,599,8265.320105820107,6000.018518518518,29.563991554949368,17.950181906515056,1.527806389836335,378,0.7945767840489184,1,
fov0,600,8284.00909090909,7986.291666666667,87.42498376291293,31.423318286654556,-1.1586637015733137,1320,0.9331713611697594,1,0.86740939214488
fov0,601,8306.400621118013,5848.246894409938,77.68857431586402,20.678504292717687,-0.682671869163196,644,0.9639256174587163,1,0.22478660167075776
fov0,602,8292.512738853504,5242.423566878981,24.26607532535369,17.96682338167102,0.7967204959327023,314,0.6721564854025015,1,
fov0,603,8355.528006589786,5527.990115321252,189.05254602726154,38.88228933929808,-0.08105744902160993,2428,0.9786215676587383,0,0.4005696502974032
fov0,604,8312.78250863061,6115.378596087457,67.96969060675445,29.511766749085794,0.679137163405695,869,0.9008212681885321,1,0.6820848658288451
fov0,605,8349.553339115351,4989.903729401562,139.68712407822076,15.341290293035781,-0.25721636699063466,1153,0.9939508189712877,1,0.07729667776872161
fov0,606,8309.286538461538,5781.557692307692,35.595337179768464,23.586282884112165,-1.4053989062435253,520,0.7489532639587293,1,
fov0,607,8316.511936339522,7406.206896551724,27.166274863700735,18.373987419961782,0.2521160268969717,377,0.7365777777631548,1,
fov0,608,8320.06,7513.904,76.93274625210057,13.770530059148232,1.3236772456209873,500,0.9838500942776301,1,0.8087160111131196
fov0,609,8331.560851926977,7646.9421906693715,60.81730965162305,43.654067687724215,-1.2141718431445754,986,0.6962594749194992,1,
fov0,610,8317.948717948719,7997.728205128205,31.87583547833788,16.220891842013785,0.4644008632024038,390,0.8608390127003572,1,
fov0,611,8326.732323232323,8030.434343434344,24.818554749236,12.867456186891289,0.0371774650263538,198,0.8551011907222797,1,
fov0,612,8364.388340807174,5724.106726457399,103.99140491463416,21.28018631572988,-0.36564163334012995,1115,0.9788385413255797,1,0.268610603560709
fov0,613,8348.313513513514,6054.664373464373,91.3380018127305,56.85479028030277,-1.4281233569785192,2035,0.7826469318898059,0,
fov0,614,8376.201317715959,5131.138360175695,132.83021877172104,23.387333938002676,-0.3908033098107146,1366,0.9843777599538263,1,0.12241278606104815
fov0,615,8363.834360027378,5338.92334017796,88.23863427041888,29.581620717221046,-0.17708008544723283,1461,0.9421307424115283,0,0.05911169975517206
fov0,616,8433.086225895317,7693.330945821855,263.7266732444209,185.36507999890497,-0.8155761857264049,10890,0.711320151557987,-3,
fov0,617,8359.091029023746,7465.336411609499,87.51702955330822,25.253915146724797,0.9331623708801398,758,0.9574618108070712,1,0.5229841954402095
fov0,618,8348.440579710144,7331.055072463768,45.86510181667835,12.036557636623677,-1.120360741537765,345,0.9649499712766467,1,0.6745268390530684
fov0,619,8373.702197802198,8174.61978021978,80.36807652503376,48.92794212599826,0.03907911529589873,1820,0.7933251063749744,0,
fov0,620,8406.6944808232,7945.972123479888,171.10551728095123,121.4182528371592,0.6291296069981195,5345,0.704594276517577,0,
fov0,621,8449.601192250373,5764.439195230999,346.3321436023845,86.64210645457585,-0.7097981644171013,6710,0.9682017820175076,1,0.5224334896980767
fov0,622,8358.281124497991,7374.044176706827,33.56185640469034,11.707995471964363,0.20779027590728924,249,0.9371792176693884,1,0.49214605855042043
fov0,623,8445.253121242948,8155.046425598816,310.5565680429921,152.60323240701382,1.2139047102812934,10813,0.8709417531694154,-2,0.6703484457261348
fov0,624,8354.88111888112,8008.867132867133,18.10348984242713,10.6426295016252,0.21110724980737533,143,0.8089501590750019,1,
fov0,625,8386.614614614615,7536.4974974974975,89.18751507826155,39.94164277748712,0.31909886316104785,999,0.8941142422306007,1,0.5027425175319047
fov0,626,8453.57316480311,4826.575109382596,177.95259727136238,27.88194926121487,-0.0839584150658577,2057,0.9876491205701841,1,0.18225179329724855
fov0,627,8369.156028368794,5973.879432624113,26.073582031667137,19.036362519310256,0.3486219184922771,282,0.6833386673586561,1,
fov0,628,8362.411764705883,7863.134453781513,15.111657752785664,11.135398359399334,0.6677402082242658,119,0.6760293396608962,1,
fov0,629,8427.904360056258,7812.2184716361935,108.54059977446373,79.53705151562392,-0.0737139005615036,2133,0.680458973024178,1,
fov0,630,8380.209150326797,7259.24183006536,22.581193816889144,9.073942280502136,-1.0365875370956321,153,0.915711541307263,1,0.2797288289787586
fov0,631,8383.88125,7345.8,22.569487854422608,10.062434744586936,0.01622320058416702,160,0.8951114734521495,1,0.3907015001929558
fov0,632,8388.068554396423,7189.904619970193,89.92590157802076,12.951002357433753,-1.400569553515498,671,0.9895749810637622,1,0.7316418380717731
fov0,633,8626.860873131607,7294.433467006927,575.9742884071185,272.5790913858558,0.05863458468647142,21944,0.8809288589510598,-2,0.25440759055260626
fov0,634,8389.004184100419,7841.3682008368205,31.88319836162524,10.199853052903917,0.8287599134638969,239,0.947446887107957,1,0.7614511280675836
fov0,635,8406.093023255815,5976.806976744186,35.30399487802223,21.69471840468389,-1.2910569402138559,430,0.7889076963225694,1,
fov0,636,8442.166568914956,7467.129618768328,125.55100306207939,36.40792893417848,-0.8890502851544007,1705,0.9570311391642211,1,0.5854752292524673
fov0,637,8428.636871508379,5917.780260707635,79.0160261665257,15.128701573930496,-1.0078836306293446,537,0.9814996930658135,1,0.23616994012774373
fov0,638,8421.861538461539,5490.594871794872,19.975368148300696,14.106574698340747,0.20778018282560012,195,0.7080139134035763,1,
fov0,639,8426.837837837838,7215.261261261261,27.555803049884833,11.241532870013684,-1.1003070533821182,222,0.9130019512118639,1,0.635277009706755
fov0,640,8432.814317673377,5311.420581655481,31.663202853854568,21.029897369199283,1.5593659991360787,447,0.7475774241536975,1,
fov0,641,8429.32156862745,7134.686274509804,23.449785294613076,14.641595808055996,-1.2433907419031751,255,0.7811201002072589,1,
fov0,642,8433.378446115288,6091.791979949875,53.336216147357796,11.013024226724143,-1.271057764593614,399,0.9784501790285995,1,0.5103882532470876
fov0,643,8505.550669216062,5459.355640535373,171.21996478918467,40.08796262586902,-0.17864808649729394,2615,0.9722049721516592,0,0.28745886638418533
fov0,644,8442.74762808349,7561.208728652751,38.111880200379,25.576464505685834,-0.8415246268785362,527,0.7413767741103462,1,
fov0,645,8494.36068866571,8039.9469153515065,135.0357696735498,77.9553375530094,0.055909914867336014,3485,0.8165363771562762,1,
fov0,646,8459.26256281407,5697.981155778894,68.35613769907988,24.53298632312455,-0.23458729899381792,796,0.933376194654106,1,0.36652195285797856
fov0,647,8441.56277056277,8355.554112554113,29.669288148650445,14.866944715103301,1.0648103965869393,231,0.8653959355766917,1,
fov0,648,8566.799144385026,5532.901604278075,246.28231736642883,100.89462005683758,-0.18797803802234,4675,0.9122335309697338,0,0.07705336558040256
fov0,649,8446.30409356725,7517.146198830409,23.707492564182058,9.762916108338302,-0.7754898908263264,171,0.91127099747874,1,0.511008747196162
fov0,650,8458.791946308726,7162.675615212528,45.97921078534451,15.707945941925702,-0.571284178957585,447,0.9398339907702992,1,0.5810571812914882
fov0,651,8453.842809364549,5605.3779264214045,31.91899556290234,15.727895315613642,-1.323921015704196,299,0.8701742905535517,1,0.5049615273706586
fov0,652,8541.901010871637,7820.422849513638,254.35533824648954,100.11877091969855,-0.678639925605001,5243,0.9192742150339046,1,0.4492420593991461
fov0,653,8476.745011086474,8315.50554323725,50.28495359608365,14.062465250163228,-0.029863411304268894,451,0.9601004039365238,1,0.36592255783958544
fov0,654,8472.30612244898,5950.755102040816,42.05461707112251,22.934130162549213,0.40920548906916676,539,0.8382139292196774,1,
fov0,655,8466.425,7590.33,25.543397347536185,12.254895019782145,-0.9935861549521803,200,0.8773955939361849,1,0.6810711600643155
fov0,656,8484.0,7392.815730337079,39.8618487283164,17.675980674910306,-0.057473100796916414,445,0.8963084964680972,1,0.2831590242432055
fov0,657,8491.456014362657,5811.947935368043,58.46784226583882,14.898848714677031,-0.5719893136049575,557,0.9669881746915253,1,0.4919123873651846
fov0,658,8471.733173076924,7117.466346153846,37.09183316078257,17.702677752447237,1.366096627604589,416,0.878758776624049,1,1.1032129494846246
fov0,659,8490.108726752504,5634.057224606581,87.85278441074564,19.755554302908486,-1.082976902477897,699,0.97438851490057,1,0.3276911963758396
fov0,660,8503.84923076923,5846.887692307692,63.22014721651754,15.892371624860733,-0.24013817056937717,650,0.9678880987893796,1,0.46115517367406184
fov0,661,8485.621900826447,5916.148760330579,35.02101891848697,20.187817440224627,-0.08169436858335553,484,0.8171334088153557,1,
fov0,662,8495.113689095127,6982.742459396752,59.52173365055631,15.505917203832842,-0.7995694995786907,431,0.9654715554919605,1,0.2829480791308741
fov0,663,8575.086538461539,7503.921676624346,393.93266355470803,192.16444697467946,1.3813014457276243,10712,0.8729496099972636,1,0.9635966646229549
fov0,664,8565.621911037892,8386.661449752883,203.47550334244804,25.244578409508854,0.43518188432305277,2428,0.9922738533670463,1,0.14617580271753014
fov0,665,8491.21052631579,7561.397660818713,19.52139872926369,12.599207587638448,-1.3864008991702506,171,0.7638405829601487,1,
fov0,666,8638.630464689697,8115.449900642006,531.9940786902932,256.09656080890437,1.3160369106750551,26168,0.8765065842809552,-4,0.7363490108557323
fov0,667,8497.037878787878,7462.340909090909,15.720086868086783,11.247735745543942,-0.9117856446952588,132,0.6986118470017164,1,
fov0,668,8508.52805280528,7043.973597359736,36.06878818609294,14.28131883151494,-0.049747605569104854,303,0.9182734804701824,1,0.504101335021846
fov0,669,8509.0990990991,7973.009009009009,24.630655865543048,12.814030980189163,0.5482539655246071,222,0.8540156900483037,1,
fov0,670,8516.286290322581,7436.375,23.88776922089727,19.444051835572463,0.8906180625194481,248,0.5808996182914592,1,
fov0,671,8633.28261351052,5632.3056478405315,203.1386144040451,82.87598311891813,0.10109500680270858,4515,0.9129919842287244,-1,0.4050953587390106
fov0,672,8518.13475177305,7773.04255319149,16.789071896778797,12.005573911663236,-0.6354046741866682,141,0.6990399224308965,1,
fov0,673,8519.575645756458,7107.756457564576,32.70691329972823,13.435355304048727,-1.3965207166429912,271,0.9117343659235921,1,0.7960352085832603
fov0,674,8526.46692607004,7002.054474708171,34.74831176909962,11.87907467911805,-0.4470184968199934,257,0.9397507166733767,1,0.34370073801091544
fov0,675,8566.10358565737,5894.288301340094,187.4675525379658,71.62913135977843,-1.0928554675302249,2761,0.9241258796556022,1,0.6516442215200292
fov0,676,8533.734989648034,5788.966873706004,52.99086367262313,16.9745577389884,1.2911335322353164,483,0.9473060535334431,1,1.0420640829236025
fov0,677,8570.88867059594,8323.108709888671,100.83791798766802,61.71453484930862,-0.10698653210516842,1527,0.790844492997707,0,
fov0,678,8625.4627773801,5713.032211882605,211.60831050876635,62.67608930640292,0.025166723021901215,2794,0.9551292986342749,1,0.5889107194642268
fov0,679,8565.568393094289,7061.1899070385125,151.64491139958164,51.590148980470104,-1.2875018820916646,2259,0.9403517914585838,1,0.4927270128558387
fov0,680,8565.578523489932,8430.179865771812,74.59114239704564,16.55891127905136,0.5432488453154269,745,0.9750476494268099,1,0.18698703398449057
fov0,681,8561.906666666666,7713.633333333333,40.645641017364206,19.131510936985723,0.15646895753989865,450,0.8822984731902359,1,0.39360007352006104
fov0,682,8544.81300813008,8122.138211382114,16.033316616193947,10.946404081563527,1.255341581813975,123,0.7306720436257703,1,
fov0,683,8573.407142857142,4946.6728571428575,66.50861532477884,15.699665076012309,-0.7143735502106493,700,0.971739791481196,1,0.24043793606448843
fov0,684,8578.152039555007,5988.12978986403,93.68124390704152,20.088456797358308,-0.7575777122244218,809,0.976738450353484,1,0.21012937524306913
fov0,685,8571.871310507675,5796.36481700118,59.68556331018999,30.426009351582636,-1.34869809219748,847,0.8603097368406791,1,
fov0,686,8664.850791392495,7016.452961052819,187.2810930631699,162.28599220743956,-0.6209394726734726,5623,0.49911288074038845,0,
fov0,687,8704.924744130041,5428.516154926751,243.53638996649488,96.2864386539278,0.023652932437968354,4983,0.9185229060377483,1,0.13563508006747832
fov0,688,8621.442196531792,7136.417630057804,80.118220668336,19.021315261328123,-0.00916488782494856,692,0.9714081705862175,1,0.4390129897373465
fov0,689,8632.70632368703,7547.431939978564,103.60953575440261,22.913420623313293,-0.7162635996032757,933,0.9752394291329713,1,0.705188628629834
fov0,690,8607.233918128655,5755.561403508772,26.982078755298474,8.896548532905951,-1.457432171097946,171,0.944078541898159,1,1.1190545245194257
fov0,691,8618.0,4683.758454106281,20.906777653648284,12.89430077642871,0.015985061150806286,207,0.7871573817484312,1,
fov0,692,8622.467213114754,5567.618852459016,28.842121995568633,11.538400506237707,-0.2264728502481637,244,0.9164916568383618,1,0.10928646269454333
fov0,693,8642.745350500716,6918.466380543634,68.45781769006736,19.70329370128829,0.20215013641781107,699,0.9576855574124402,1,0.36840742918670144
fov0,694,8641.63388804841,7834.9031770045385,69.9557001169957,14.311928192187505,-0.3610359533203077,661,0.978848678962439,1,0.304797607867493
fov0,695,8634.623481781377,8485.647773279352,36.391524747569385,9.495087618194658,0.6726602377014603,247,0.9653618306259611,1,0.2134692384641814
fov0,696,8647.755681818182,8329.30965909091,52.55700922871355,22.716606836868323,0.19531466806522704,704,0.9017643950848934,1,0.14019357306965546
fov0,697,8633.222222222223,6862.243055555556,20.857446875357954,9.238110274648117,-0.48205163787852867,144,0.8965627979239147,1,0.5425498010131338
fov0,698,8695.256389117889,4904.558944765045,152.16588965484192,14.277870502741584,-0.4046957284080778,1213,0.9955881438537905,1,0.1327001897740957
fov0,699,8701.379366634019,7678.77309826967,160.00495947496177,80.53431288223811,-0.5048930996710185,3063,0.864097852021162,-1,
fov0,700,8651.117816091954,5481.402298850575,35.95635686477331,13.028971119096006,-0.08866331329287719,348,0.9320400981637332,1,0.05565916450125343
fov0,701,8694.14164305949,7893.7117563739375,157.25506671199696,44.74230130181797,0.5139691754254603,1412,0.9586699353465551,1,0.35948891218472856
fov0,702,8646.266055045871,5809.4617737003055,39.53692620071221,11.633271868026796,1.3452109726001806,327,0.9557321347407504,1,0.9856602402644055
fov0,704,8661.38125,8468.08125,25.878360769631673,8.165732905060537,0.6960526700705235,160,0.9489113133926059,1,0.2198901933627176
fov0,705,8700.545918367347,7167.225947521866,108.74911188896165,29.104595289916787,0.22351516599446902,1372,0.9635215805695758,1,0.22911304678624086
fov0,706,8668.098113207547,7452.501886792453,31.780032181452952,14.230581176686718,0.5749072850267093,265,0.8941418992663913,1,0.5821993247692722
fov0,707,8687.423216444982,7742.727932285369,93.13054127414438,19.463460054982175,-0.280442183035436,827,0.9779175293102381,1,0.2054964440221967
fov0,708,8680.471106758081,8039.32027424094,98.00811998705541,21.48342141292019,-1.1588922037326101,1021,0.9756798523663534,1,0.843142562408436
fov0,709,8698.46048472076,6946.043203371971,84.59972523842629,29.349304837619666,-0.3008399817369066,949,0.9378948633781151,1,0.24660925503014014
fov0,710,8668.750623441396,6812.5610972568575,44.176979922880825,12.749184100224983,1.398935842667591,401,0.9574517528896582,1,0.7525963773740169
fov0,711,8681.515044247788,7219.715044247788,75.37447770292779,16.610407798467065,1.0441624088996706,565,0.9754159516296833,1,0.4001556007253804
fov0,712,8705.727777777778,7777.40925925926,129.84779617258528,18.895693234510755,-0.5368533462131194,1080,0.9893550360330393,1,0.292603152399673
fov0,713,8731.798666666667,6900.458,136.1637013556045,26.113323177335538,0.3368994907165599,1500,0.9814381581492048,1,0.38100742794317
fov0,714,8723.843444227006,8508.28228962818,109.05714282167192,51.80623653476309,0.7274508030180271,2044,0.8799655324484252,1,0.25337816286562587
fov0,715,8688.892307692307,8430.979487179487,26.54946963689573,9.889649252035326,-0.16924791162867808,195,0.9280326184834242,1,0.38685663429425016
fov0,716,8876.048394144636,8296.980391085865,398.1775352840459,248.6911208374772,-0.016157974891356255,18308,0.7809660641030234,-4,
fov0,717,8687.418719211822,5827.458128078818,19.225258964446763,17.137792635665328,1.1960407801852029,203,0.4531768351700649,1,
fov0,718,8694.35447761194,7120.492537313433,27.81710789223936,13.001267949785287,0.5255636509201917,268,0.8840544690548299,1,0.2010771326491055
fov0,719,8728.5005005005,7843.537537537538,81.85288278976944,37.27825928760952,0.4064321528586378,999,0.8902715907644171,1,0.3157713431166581
fov0,720,8947.865473598258,5550.387520413718,523.0834418911512,122.11867353877838,-0.1266503110785846,14696,0.9723665839966613,-1,0.12961082976284727
fov0,721,8709.955172413793,8310.089655172414,33.062454125199416,14.580439920977657,0.14084027744484293,290,0.8975086240880062,1,0.17571637777629348
fov0,722,8715.819472616633,7433.168356997971,53.420197089676556,20.94698439631011,0.5751457413944169,493,0.9199152184430065,1,0.5071337158227996
fov0,723,8766.07253384913,6821.236943907156,164.05648466223994,63.72608175043713,-0.39456637142084566,3102,0.921474067509257,1,0.2775481684161508
fov0,724,8779.628657921292,7035.405987218298,157.28296614343196,88.28306997489557,-0.592706937409812,2973,0.8276118069827251,1,
fov0,725,8749.728358208955,8049.919402985075,94.7319926702738,24.427531720140475,0.239670050280404,1005,0.966182460277575,1,0.6003957491333812
fov0,726,8735.719242902209,7215.213459516299,74.72033790177136,22.545658986688597,0.2389789420388119,951,0.9533921823735159,1,0.24968883978669418
fov0,727,8723.511848341232,6755.914691943128,33.21110783139025,8.414235891916153,0.3127794961837709,211,0.9673730923429744,1,0.40459754238660034
fov0,728,8785.392028554432,7553.751933372992,183.26599857474395,40.65195091812137,-0.4271931096523127,1681,0.9750877708529777,1,0.31780076973985527
fov0,729,8762.455407969639,7138.499051233396,121.13485626575505,22.646859225535536,0.49728568745250296,1054,0.9823683339072213,1,0.3197406374420357
fov0,730,8759.576077396658,5750.565523306948,101.64583806651406,50.59700873943855,-1.0817284712628876,1137,0.8673047815984293,0,0.7217526142631772
fov0,731,8789.896645021645,5646.414502164502,131.79505630454963,39.7509609436227,-0.22876276796765402,1848,0.9534307763527824,1,0.2647799023251223
fov0,732,8749.543046357616,7520.400662251655,41.13266910697625,11.371893862129289,-1.1874499453890184,302,0.9610229345257062,1,0.6620353838450345
fov0,733,8770.174578866769,5384.721286370597,57.991758320278514,21.15624803025092,0.2860303543471558,653,0.9310801297628167,1,0.2092108066275085
fov0,734,8764.232484076432,7788.41719745223,44.00167190157895,12.354608448908458,0.0823555875909789,314,0.9597733593879901,1,0.29773521655017293
fov0,735,8841.862541073384,8463.459474260679,219.1154110897775,16.63165234728172,0.25931464651523906,1826,0.9971151592737342,1,0.19290601649700828
fov0,736,8764.643518518518,6752.25462962963,27.807219569881763,10.124362196622894,-0.31010376239021764,216,0.9313633253380743,1,0.16777454313178403
fov0,737,8767.46,7420.251428571429,27.48060497943264,18.89661731323227,-0.9250576255202102,350,0.7260568378219405,1,
fov0,738,8833.89596216806,5482.986904328847,225.70209429118108,75.14525416320748,-0.4363680464669322,2749,0.9429480153619707,1,0.3078898336849368
fov0,739,8772.722222222223,7650.234567901234,27.162599381909978,9.180185410774314,-0.5182674597420563,162,0.9411563321006208,1,0.2336408359492618
fov0,740,8898.405953134896,7857.008971923158,404.7678989078392,142.45568201076617,-0.6412770488895071,9474,0.936021012773356,-1,0.5001167915214497
fov0,741,8888.520959534771,4840.249697116549,268.00010771702404,115.21669695241056,-0.16663228431424248,8254,0.9028703779884035,-1,0.18168051138218697
fov0,742,8865.832914572864,8077.628978224456,215.08272609190246,107.4737841883922,-0.45567502878357585,4776,0.866206730896953,0,0.4956797047997158
fov0,743,8805.538978494624,6875.5362903225805,81.609355617592,18.326693501897953,-0.8304715863983156,744,0.9744588618328529,1,0.556267887600056
fov0,744,9029.863064681726,7615.767004620123,513.4166246996782,184.54624037073688,-0.40554907368240806,15584,0.9331653708383815,-3,0.2215990886707118
fov0,745,8809.006382978723,7398.514893617022,41.73511477111662,20.127609766111338,0.5157579704213009,470,0.8760224187328467,1,0.46898599388827106
fov0,746,8804.87037037037,7202.614197530864,34.27062316014013,13.105835300637985,0.7702325058128091,324,0.9239878377868411,1,0.42433517747664684
fov0,747,8859.322340425531,6729.355319148936,165.46241957611852,30.778600496653013,-0.42960140446512873,1880,0.9825467804522999,1,0.36244892846518334
fov0,748,8816.566210045663,7100.652968036529,49.51492636895666,13.967710808287615,-0.7215232788827186,438,0.9593876779254085,1,0.620441077499147
fov0,749,8813.626459143969,5369.486381322958,32.27146579509931,11.607301795239998,-0.012038067872665922,257,0.9330769019104078,1,0.13552801991586041
fov0,750,9043.679671457905,6964.293487826342,525.902236889296,126.37407071677323,0.08925751858490082,6818,0.9706987825316594,1,0.27454184744411364
fov0,751,8833.815254237288,5766.716949152542,72.27987550367038,16.422857874813516,0.08147595262031984,590,0.9738453108377135,1,0.33478402516272676
fov0,752,8827.665584415585,7617.488095238095,57.107410604047175,37.950749733105695,1.334222129851804,924,0.7472434888638547,1,
fov0,753,8814.006211180124,7805.673913043478,37.00129720872963,14.691344551550529,-0.8111054359331956,322,0.9177972202887016,1,0.38266313211726155
fov0,754,9323.412293328945,8230.538064489594,1025.0445101056862,370.50445644307587,-0.5575674959372654,48628,0.932390692582887,-9,0.2946716858054122
fov0,755,8828.094890510949,5611.912408759124,19.204623010714215,9.263160530429667,0.2567238935151227,137,0.8759840126451883,1,0.2886250378629428
fov0,756,8854.15632183908,5683.255172413793,88.13351681263251,29.125291526357547,-0.4782392068895154,870,0.9438172584097315,1,0.26523465096644694
fov0,757,8852.590361445784,6966.506024096386,47.460951629195584,17.147738015562684,-0.3142971624594973,415,0.9324488433471735,1,0.31073858882552824
fov0,758,8842.378048780487,6669.195121951219,24.393820093939315,10.067905397590799,-0.21616046220016777,164,0.9108563140828995,1,0.12988542144899806
fov0,759,8953.903932752926,7255.407685379766,267.86842694922177,69.90353372188447,0.31783231843327053,3331,0.9653490201616692,0,0.20900820960249683
fov0,760,8925.834742776604,7547.68710359408,178.06845718380825,62.96809702668605,-0.2691136925557881,2838,0.9353901675207346,1,0.044955272084518896
fov0,761,8846.688461538462,7817.8961538461535,25.73537005275259,20.01758591837098,-0.6352397923754339,260,0.6284822826634662,1,
fov0,762,8983.909852291761,7173.954621592812,340.7393050116976,98.64030196507596,0.19897051411992506,6567,0.9571813217422792,1,0.3061841609544564
fov0,763,8851.942028985508,6865.531400966183,28.604655476708484,10.648706952849857,-0.5885641277956583,207,0.9281237510645154,1,0.4279678999578064
fov0,764,8866.864646464646,6769.713131313131,57.20408590539751,12.453627149123578,-0.5125280311224703,495,0.9760145718559468,1,0.41105966922395226
fov0,765,8863.66011235955,6826.70786516854,42.120209649867434,20.07793603355024,0.9970008751572506,356,0.879075930393538,1,0.8930809204366291
fov0,766,8945.60615958936,4742.470368642091,216.04030449027343,45.043262569095724,-0.25807848781473125,2143,0.9780234926447776,1,0.2303813416068299
fov0,767,8862.477192982456,5430.656140350877,27.91041033130488,14.788570711898581,-0.03271172243877323,285,0.8480860055455997,1,
fov0,768,8871.843505477309,7425.841940532081,53.463824487116405,40.77521545318807,1.4848936844200156,639,0.6467886826457147,1,
fov0,769,8858.85925925926,7100.577777777778,19.042274317214297,9.90474620233966,1.263206930286656,135,0.8540778924390808,1,
fov0,770,8889.60105913504,7982.645189761694,108.84694009337376,27.596609658136686,-1.233270584556809,1133,0.9673259712474751,1,0.6856756946940121
fov0,771,8876.553097345133,7486.820796460177,29.709491431221803,19.70331990880771,0.8956397384741517,452,0.7484426638892657,1,
fov0,772,8883.64509394572,7748.668058455115,69.84283279813522,11.035906169527044,-0.9938213388670295,479,0.9874374198857317,1,0.35453640788949686
fov0,774,8930.873481057899,5615.276626161544,126.07296144813105,28.964040325662733,-0.020090313128943955,1399,0.973251968050555,1,0.14778608090433468
fov0,775,8902.103015075378,8135.613065326633,51.65483146262601,11.161988274249307,-0.5232889714571851,398,0.9763738956864318,1,0.31734789151821835
fov0,776,8892.877675840979,6868.71865443425,32.51049096107949,15.594518022324404,-1.1545443816151741,327,0.877445422781196,1,0.6820379222462164
fov0,777,8898.780303030304,7613.401515151515,26.797194362859372,18.534518403308738,-0.5823100584366188,264,0.7222243031064584,1,
fov0,778,8955.972093023256,6637.436212624585,156.6555013869301,80.67872945377026,-0.5543305528124193,3010,0.8571857812016818,1,
fov0,779,8908.444444444445,6559.084229390681,44.04626290602775,16.705557632415374,-0.57352225070766,558,0.9252848223499353,1,0.5167597520835597
fov0,780,8905.268518518518,5410.884259259259,28.03967980476633,10.682326072921075,0.14194551682201392,216,0.9245866755400581,1,0.16790281433943344
fov0,781,8900.010752688173,6815.5053763440865,19.384206696412097,13.931966146610653,-1.1607639221064874,186,0.6952916684918902,1,
fov0,782,8903.927461139896,7399.025906735751,21.165705777038006,12.477579531396701,0.3044621089494408,193,0.8077547229716475,1,
fov0,783,8984.917615539183,6764.528466175486,213.22282440917127,120.987871297903,-1.0333007175577722,5972,0.8234253746086363,0,
fov0,784,8915.87084148728,7485.371819960861,43.60263486863348,23.1145071288825,0.41385071745146795,511,0.8479243740209388,1,
fov0,785,8929.079338842976,4777.715702479339,59.328781681919835,15.936161788686281,-0.6379801817861775,605,0.9632496852028858,1,0.17525297662192355
fov0,786,8913.643097643098,7899.868686868687,35.144582943640856,13.590904347864965,1.2290928019351521,297,0.9221996725235152,1,1.080083126233504
fov0,787,8971.134405812143,6901.765438505449,163.25448657026652,54.7790859965875,0.39087071532732126,1927,0.9420244855353013,0,0.46866975284214657
fov0,788,8922.64935064935,7291.997835497836,40.85832737153733,20.950722189662727,1.2032687449190582,462,0.858528977790068,1,
fov0,789,9222.153321785774,7064.394256020562,588.495914212337,203.79927202667537,-0.23189256628983784,17897,0.9381218567528087,-2,0.17068692462538235
fov0,790,8942.498470948012,7685.752293577982,44.659623384627906,13.158102240454596,-0.15997022644604347,327,0.9556111497839046,1,0.31728454292961855
fov0,791,9064.907297830374,7363.002588757397,290.69455774045855,144.9787510945121,-0.05531480711803965,8112,0.866756102922036,-2,0.24279588104457048
fov0,792,9042.64912447659,8017.6809573658165,491.1923377413607,235.72098083688505,-1.2448171711713396,21016,0.8773256703766626,-4,0.6508692809583824
fov0,793,8943.097165991903,7453.943319838057,32.02357413230386,13.228786356589207,-0.26604958017893093,247,0.9106878249812254,1,0.25337976750076907
fov0,794,8944.24358974359,6590.0,22.123789614263213,10.527075896167679,-0.9681131813962196,156,0.8795393963866219,1,0.6448733712614003
fov0,795,8984.04625,8505.16,100.38720955906288,17.53580143434553,0.21634639399239333,800,0.9846249682037962,1,0.44109198444736997
fov0,796,8963.36551724138,6504.758620689655,26.36077108996174,7.752989349699213,-0.5015606735887522,145,0.9557713091874671,1,0.5234232920068774
fov0,797,9006.676039119804,7473.377750611247,95.9522145004791,14.434657525872137,-0.2266952342054785,818,0.9886197654707622,1,0.17666672354125357
fov0,798,8984.773279352226,5256.5202429149795,35.9639117543716,19.980629338401155,0.1916053351813694,494,0.8314668160385281,1,
fov0,799,8992.900432900433,5470.656565656565,71.57694081366974,37.67844833106919,-0.6383810670364205,693,0.8502340505315285,1,
fov0,800,8994.771126760563,6455.605633802817,88.54455005988798,30.96311573360289,1.4224893582082343,1704,0.9368655852780593,1,0.9668053549908118
fov0,801,8991.569892473119,7223.346774193548,25.46145568582423,20.03953705340992,-0.255892088605746,372,0.6168842815659976,1,
fov0,802,9219.396456796134,6452.167571819169,683.2727165277179,313.45604064169476,-0.7510290852972099,26699,0.8885618439600551,-1,0.5872687706760499
fov0,803,9026.416666666666,5628.7831050228315,80.13268392692376,27.56095164604905,-0.2471807451773993,876,0.9389910956644943,1,0.0981969654732708
fov0,804,9004.597647058823,7685.8870588235295,40.587722238147876,18.58696982075272,-1.0782200589114814,425,0.8889802048974804,1,0.3497718243024937
fov0,805,9036.202586206897,4797.85632183908,59.87662450995338,25.864112380265574,-0.6574677755511763,696,0.9018943188845139,1,0.17888193796974328
fov0,806,9026.503401360544,8257.489795918367,19.926208896802667,10.440899153391827,-1.0105874529420023,147,0.851731672282439,1,
fov0,807,9111.965590484282,6819.193288020391,157.38777051170177,121.53661004573861,-1.0877946614710237,2354,0.6353658438264647,1,
fov0,808,9044.426356589147,6440.860465116279,35.23792835991423,10.709636458822835,0.17573752208595034,258,0.9526964221102286,1,0.5412710815780762
fov0,809,9039.150793650793,7757.976190476191,16.424459538255523,10.718214030116245,1.1263762148246819,126,0.757722966261682,1,
fov0,810,9039.6,4709.23448275862,20.246088926786197,10.462789381740778,-1.2069966011434732,145,0.8561177710866167,1,
fov0,811,9119.904413395432,8181.145930361499,231.39643844987904,89.9658530396284,-1.241854754246637,4509,0.9213241540168269,0,0.10687079427941672
fov0,812,9063.672,7494.026666666667,36.149357536448804,15.617871000583941,-0.9098194969603154,375,0.9018557352782866,1,0.2743174664635798
fov0,813,9077.388261851016,6803.293453724605,57.20660489030459,10.53867967071014,0.44844639930913144,443,0.982884776220845,1,0.4737134642134105
fov0,814,9067.646616541353,5438.424812030075,33.72690457666845,13.73163333407526,-0.43371932523462914,266,0.9133649532807937,1,0.36573373374544155
fov0,815,9079.095465393795,6917.909307875895,50.321639349813616,11.322114530197819,0.11546112683120521,419,0.9743599305472698,1,0.2761532678127388
fov0,816,9098.718600953895,5360.492845786964,84.59775401288856,17.242309077703766,0.09494738299350712,629,0.979009376766449,1,0.27277658651666237
fov0,817,9074.149122807017,5394.109649122807,25.725974798665273,15.788450677573614,-0.7010820498834376,228,0.7895266138633276,1,
fov0,818,9080.598662207358,6682.608695652174,30.016469878198887,14.959181806795444,-1.4146642522004287,299,0.8669668601530867,1,0.9041639303499448
fov0,819,9084.47329650092,6308.058931860037,65.16573177303553,15.456152632201084,1.346205450267751,543,0.9714651803758002,1,0.6896946907870931
fov0,820,9087.68085106383,4708.625,48.70590918572964,17.706334690279768,-0.9908878031167091,376,0.9315802843390605,1,0.29093756715009494
fov0,821,9132.046047582502,8469.51189562548,110.4622668429519,23.304204544056102,-0.4119985533990727,1303,0.977492575461314,1,0.3677776491092482
fov0,822,9249.758669641047,7646.196511863719,419.7072443603626,105.72664356923922,-0.8112213077671074,9862,0.9677517877269082,0,0.17993962286477957
fov0,823,9154.036672629696,8521.1457960644,137.13169799505602,26.325657736855195,-0.09511500356219262,1118,0.9814001015414716,1,0.3699269306747466
fov0,824,9101.28431372549,8277.024509803921,28.46373752024997,9.474575871206703,-1.402085678754435,204,0.942974567460906,1,0.27324571809109793
fov0,825,9115.691842900302,7860.015105740181,39.14698983086338,13.758682412437746,-0.4735311709103924,331,0.9362021188750225,1,0.33093120291587114
fov0,826,9124.918454935621,5412.31330472103,29.893114911290137,12.94041512094583,-0.20814987630936796,233,0.9014469999505855,1,0.277541531816452
fov0,827,9130.10843373494,6291.120481927711,42.75311651976034,21.002764327077017,-0.6974203133250332,498,0.8710147179541398,1,0.58123139705725
fov0,828,9174.464956195245,7800.025031289111,150.77417604773578,35.805751354653125,-0.2810823450005165,1598,0.9713925903202977,1,0.359534753646832
fov0,829,9195.66473205649,7996.776939446701,190.1296480737439,110.21834188390142,-0.8259570037985835,5169,0.8148292965500689,-1,
fov0,830,9142.727083333333,8294.733333333334,47.506084753188524,23.881842423355465,-0.2701541419942747,480,0.8644544039999632,1,
fov0,831,9142.84135977337,6889.57507082153,39.93273232457058,14.912024368329481,0.5198304871128742,353,0.9276589243428638,1,0.2942561397319531
fov0,832,9177.474478792235,7221.668583752696,111.52669533697627,43.66063764408169,-0.35978044299443446,1391,0.9201859798540634,1,0.15881953851543526
fov0,833,9144.31067961165,7009.985436893204,23.72150461463384,11.34861313220378,-0.874548159551067,206,0.8781364044372836,1,0.5163778772706437
fov0,834,9145.41935483871,4652.974193548387,20.024792701239633,10.063158399877086,-0.7381716270855818,155,0.8645568887818129,1,
fov0,835,9159.736486486487,6238.1925675675675,48.659581272989556,8.6618295172371,-0.08859056201601814,296,0.9840289109131204,1,0.40720507776404397
fov0,836,9236.164798945287,5574.4887936717205,192.40790363974662,55.86924452563106,-0.17312499124432382,3034,0.9569148252686781,-1,0.2548876995523344
fov0,837,9191.68284142071,8231.751875937969,98.97449632034801,83.33250279460627,-1.1849758543731406,1999,0.5395409617816181,1,
fov0,838,9163.138888888889,8100.148148148148,14.797483868988124,9.710849042017797,-1.049924871080714,108,0.7545435143582053,1,
fov0,839,9165.668965517241,6521.675862068965,22.59525420169073,9.815158750958565,1.317872357559642,145,0.9007247562390588,1,0.9035529246798942
fov0,840,9221.065966141272,5532.258610624635,143.31325465721378,31.507683176726815,0.032042636878627254,1713,0.9755332731826828,1,0.20100992849073546
fov0,841,9187.55459770115,5455.623563218391,48.87630946273612,15.94994043101243,0.2028620902934015,348,0.9452549586694592,1,0.2185746178434827
fov0,842,9464.534665348772,6590.2644733126235,651.245951817127,154.43393644953764,0.588009039459803,14164,0.9714764340174622,1,0.2852129722456446
fov0,843,9172.402173913044,5211.228260869565,20.942270552574033,15.517163487697246,-0.985011712686305,184,0.6715608222771429,1,
fov0,844,9184.624489795919,5410.118367346939,39.287917813163844,8.247425680632805,0.7514273579726496,245,0.9777179865058213,1,0.32149998799543544
fov0,845,9182.827956989247,6822.043010752688,19.960466360411438,13.770829419519334,0.807481158556454,186,0.7238997327652703,1,
fov0,846,9194.332225913622,7487.4352159468435,39.69740941734236,10.192670036561987,-0.6478766890765609,301,0.9664754412342672,1,0.1588030684331932
fov0,847,9210.003448275862,6874.613793103448,61.88807463170056,22.357060552539313,-0.11386147611893263,580,0.9324690409395939,1,0.21506664561674135
fov0,848,9202.467346938776,6994.94693877551,48.20430448618382,24.446636242822184,-1.4095009291666796,490,0.8618599637879389,1,
fov0,849,9205.434359805511,8090.495948136143,59.50944649367124,17.726602270727323,-0.9941238098157452,617,0.9546036993998847,1,0.1800832947295674
fov0,850,9266.67529107374,6743.4618369987065,144.9816842844877,45.953552829512304,-0.020801588646399857,1546,0.948438541380507,1,0.39435436048752653
fov0,851,9212.809734513274,5346.650442477876,27.13815667177594,12.792226430429636,0.717996870508433,226,0.8819333192261747,1,0.3074512054592049
fov0,852,9226.47493403694,8158.860158311346,31.301392574452812,16.07322082553517,0.2545963962879775,379,0.8580904394164446,1,
fov0,853,9353.718326813121,7210.8696208245565,425.25518506686495,147.59471423264324,-0.8262429189838036,13292,0.9378380108164219,0,0.1477182833375964
fov0,854,9230.453007518798,7904.300751879699,56.65398140370973,16.417538203046917,-0.9981437697258326,532,0.957091425616066,1,0.25337631652766357
fov0,855,9582.72558988398,5356.061226263417,770.5398098048693,223.63300456446706,-0.6561808639815706,23013,0.956957221071201,-4,0.38265445459401526
fov0,856,9223.432624113475,7336.163120567376,20.5356513897334,9.548755293123278,-0.08240622089668279,141,0.8853189309568888,1,0.23137328261069548
fov0,857,9231.293333333333,6913.093333333333,34.016076688504576,16.847663670854192,-0.3830598941231045,300,0.8687303636427735,1,0.27000102322722974
fov0,858,9324.645850013345,5377.85054710435,219.9575912243875,81.03978231242793,0.1665604081288084,3747,0.9296540387175747,0,0.22544341591759734
fov0,859,9288.034838709678,6203.558064516129,116.63485553567318,36.05085584791617,-0.38791351604397184,1550,0.9510322673893072,1,0.4007518005942597
fov0,860,9342.182972880193,7429.522142121524,317.26290929525106,77.37229820301847,-0.759982991697122,5826,0.9698068273211591,0,0.2915713776901054
fov0,861,10737.989932282922,7828.371545479282,2764.4986484982005,964.6261150768182,-0.0982300357506114,389562,0.9371474970785959,-100,0.27100277340932505
fov0,862,9412.302754677754,8374.880067567568,527.6084134507422,65.53191970960343,-0.6279744714134036,7696,0.9922565035600013,0,0.15057398258077498
fov0,863,9250.090425531915,5430.017730496454,50.459062003542115,32.45054673664698,-0.22693383723328,564,0.7657768161629471,1,
fov0,864,9259.595918367348,6318.864285714286,54.078206062592045,30.255571509958138,0.5047255539743333,980,0.828845139535671,1,
fov0,865,9264.766451612903,4641.89935483871,73.2609321874346,29.46222940902935,-0.22826568758429958,775,0.915571725238043,1,0.2508170485970471
fov0,866,9280.880330999364,8157.530235518778,211.36690311761024,81.34403972652694,-1.5511903661753859,3142,0.9229801435442093,1,0.3025312883858851
fov0,867,9315.720794958797,6818.937954435289,185.60352792881383,50.182866926313125,-0.575853298735995,2063,0.9627546142576008,1,0.32147734701196107
fov0,868,9269.767605633802,4552.517605633803,43.952623978212294,9.738945918733577,0.2617475518988916,284,0.9751425921091489,1,0.37567056338910065
fov0,869,9273.911290322581,6272.070967741935,41.46987069013147,22.710906348964432,0.3098736121318421,620,0.8367086006155697,1,
fov0,870,9294.732103321034,7902.20590405904,190.82983670123676,69.4424016850578,-1.392830008821666,2710,0.9314392016454469,1,0.3390084896089043
fov0,871,9276.370078740158,6702.98031496063,32.678187870200254,11.952066388353268,0.33234662156048345,254,0.9307129032477558,1,0.4660758997431938
fov0,872,9298.840290381126,6671.882032667877,62.756603244099,25.988370415809175,0.82419936152843,551,0.9102251518253975,1,0.6069506854822839
fov0,873,9280.223529411765,7397.358823529412,19.893481665811787,11.567774248006435,-1.3708963720133267,170,0.8135566551860978,1,
fov0,874,9291.198547215496,8027.956416464891,46.7587216408605,15.972192812412322,-1.284535514434762,413,0.9398499929776285,1,0.1716343045833521
fov0,875,9710.047799615466,6935.583288827173,911.4484675204465,313.11060240337554,0.0938400776100439,37448,0.9391414183311666,-7,0.2732360862401064
fov0,876,9325.4,6237.612403100775,66.46698265426389,20.121139035039675,-0.4548529160147796,645,0.9530783218133324,1,0.42109865607917635
fov0,877,9333.781862745098,6109.001225490196,71.11209631313903,33.05097904237349,1.185269167189499,816,0.8854298964756082,1,0.7575769074088359
fov0,878,9341.40625,6594.765625,43.6700078329946,14.617143517670959,-0.1378159747608159,384,0.9423182960211107,1,0.494628461942559
fov0,879,9357.058441558442,7493.193722943723,73.76071866071761,22.790595328985543,-0.5973205358614463,924,0.9510684983632195,1,0.20329365644427339
fov0,880,9365.647360703812,6666.012463343109,112.41243495316631,47.09506321889443,-1.1789998105092823,1364,0.9080098235672137,1,0.729934337031706
fov0,882,9348.768115942028,8321.282608695652,17.92418118845787,10.732856941016111,-0.8883482968413471,138,0.8009045499022692,1,
fov0,883,9360.316602316603,6169.471042471043,27.465532484637887,12.331188276902127,-0.36235530854568876,259,0.8935470476019026,1,0.40426055701748076
fov0,884,9379.74882629108,8318.633802816901,88.09702525015973,25.03187578030258,-1.1491208449136703,852,0.9587828451177307,1,0.3049970350347192
fov0,885,9404.462207721588,4995.664491571506,128.4363189623281,24.8843737336582,0.022443234296556487,1839,0.9810511859612925,1,0.18218080533898517
fov0,886,9370.538641686182,6404.0,27.866256201886543,21.801330039891187,0.2387190079378547,427,0.6228316311118286,1,
fov0,887,9387.493796526054,4687.521091811414,62.498245419018694,9.083363456877626,-0.2533090816807474,403,0.9893820779424869,1,0.16688027142259243
fov0,888,9368.904761904761,6923.412698412699,18.781453474901433,9.039916720268625,-0.021581692026223093,126,0.8765441496932991,1,0.28115850964170963
fov0,889,9381.284916201117,7239.368715083799,24.924182874153644,9.71685156994094,-0.834104218344297,179,0.9208756742078676,1,0.2731371193358027
fov0,890,9398.55399061033,6110.688575899843,52.64348592859813,35.262719069636184,1.0218532036344892,639,0.7425053603351248,1,
fov0,891,9393.511811023622,6379.444881889764,20.8723071437027,17.637108831681118,-0.40323481196708016,254,0.5347656004053516,1,
fov0,892,9400.363636363636,6165.498622589532,27.294563631943635,23.65846612164771,0.7287442028779261,363,0.4986853518905815,1,
fov0,893,9970.348009622805,7400.924197721392,1488.1181383495828,116.96126107265138,-0.1944926124044634,22031,0.9969064899201139,0,0.11619042169231075
fov0,894,9454.60498960499,5435.529106029106,112.82396634927312,39.50874682835542,-0.24053467572770773,1924,0.9366822595783717,0,0.18461691111851983
fov0,895,9407.50892857143,4637.294642857143,16.1289031522392,9.057571725063404,-0.4366765074986662,112,0.8274265571919444,1,
fov0,896,9406.936936936936,6410.27027027027,14.756782491937575,10.270027821358388,-1.023666349720004,111,0.7180872848199665,1,
fov0,897,9414.095541401273,5216.541401273886,26.188065321494793,8.548045622275241,0.34140236158848414,157,0.9452282958771662,1,0.2315953770314023
fov0,898,9443.608815426996,8276.45179063361,91.16655944022001,18.87735854943792,-0.34048796326474745,726,0.9783272921463195,1,0.37123258395375236
fov0,899,9443.91233283804,7338.450222882615,87.48322261908258,21.994936546352907,0.1685021803199655,673,0.9678783659528496,1,0.43100663984845233
fov0,900,9436.99460916442,6682.258760107817,66.80980413111865,28.534433195777638,-0.10950112344128038,742,0.9042046375730555,1,0.3955175561391362
fov0,901,9425.097826086956,6452.096014492754,46.85821213455681,28.289012098345946,-0.9300171991892086,552,0.7972001190107146,1,
fov0,902,9463.82370913535,7740.8026275588145,115.36571864379702,62.451106054788646,-0.6256016031977186,3273,0.840809209649269,0,
fov0,903,9429.254237288136,7213.936440677966,41.44002476536116,16.004186947326936,-0.4016020004786274,472,0.9224145703264985,1,0.19161824485858306
fov0,904,9427.756554307116,5076.7340823970035,33.684085900232205,10.617952329969132,-0.4922423681160354,267,0.9490180854236773,1,0.29636629930387315
fov0,905,9426.640186915887,7971.955607476635,36.91308161022103,21.95309203827574,-1.2610518749956656,428,0.8039300199043148,1,
fov0,906,9425.497890295359,8026.286919831224,39.700700409799495,8.660815305995124,-0.7330267778712134,237,0.9759146458421355,1,0.6141447132941289
fov0,907,9557.81298129813,6369.632343234323,311.79874472808876,105.66532761609369,-0.034907854157836656,4545,0.9408261751030699,1,0.14266505174027286
fov0,908,9424.281437125748,6191.209580838324,17.293066804198215,15.837803894290928,0.44068148393976936,167,0.40152735311811905,1,
fov0,909,9426.70652173913,7870.58152173913,20.49638271574574,13.538222049080467,0.896206561937169,184,0.7508105393475896,1,
fov0,910,9437.1246105919,4954.735202492212,31.389842925690242,15.505569888981476,0.16162675685075675,321,0.8694802286779088,1,0.2399592293113439
fov0,911,9440.130337078652,6529.570786516854,53.07384169165771,15.138969120652993,1.036133686626172,445,0.9584550785296178,1,0.4058744572274985
fov0,912,9580.663495242865,6133.557636454682,338.5242531653243,150.15616208510204,0.11670952172680003,9985,0.8962441765553857,1,0.42823547403028883
fov0,913,9446.355140186915,5242.1682242990655,15.497704127208166,8.929888390985733,0.9147432398620854,107,0.8173036680225348,1,
fov0,914,9449.776978417267,7851.208633093525,18.156506144538305,10.082399402610601,-0.4672142812744213,139,0.831646746285965,1,
fov0,915,9472.616650532429,7283.226524685382,85.35926299933439,42.3440305859298,-0.8704720092599905,1033,0.8682834622561023,1,0.3150064144489077
fov0,916,9529.93590651558,6222.796033994335,176.0170829467843,67.39921796751962,0.09642025761787043,2824,0.9237844357102393,1,0.1325362697784222
fov0,917,9479.464739884394,4488.42774566474,52.99268510041667,29.340736848770486,0.6049993487165914,865,0.8327326973105756,1,
fov0,918,9484.501492537314,5310.501492537313,48.240868295898046,9.798296508778801,0.13796851485479442,335,0.9791555231249001,1,0.27278307438492544
fov0,919,9470.08396946565,5374.87786259542,27.343370326193508,14.759783194760843,1.3514276508748282,262,0.8417972424247804,1,
fov0,920,9551.622886133033,5299.9966178128525,171.57896322887072,59.23281023419746,0.46136827248755097,1774,0.9385211034912123,1,0.3975258405380402
fov0,921,9493.952981651377,4994.994266055046,55.07060968043182,34.44659923073406,-0.8087419008086867,872,0.7802251436703254,1,
fov0,922,9482.401639344262,7046.946721311476,30.452127853063516,11.55778734546821,0.8830744070275192,244,0.9251755070951909,1,0.6724430704194233
fov0,923,9491.713147410359,6459.5139442231075,30.28120136649999,17.31521965240976,0.35810101137006156,251,0.8203831843084793,1,
fov0,924,9544.21733615222,4631.427061310782,125.16204296005343,79.13215407331074,0.8531955464244292,2365,0.7747745300928961,1,
fov0,925,9547.3847631242,6423.337387964149,113.61999817607227,50.40482745388851,0.3264638570052703,1562,0.8962118293301948,1,0.10714560367644634
fov0,926,9504.85,7201.061111111111,42.37432387289665,17.41084903068147,-0.417839763276005,540,0.9116885112588661,1,0.12882689967285527
fov0,927,9502.536912751679,5388.3691275167785,21.551915737038232,9.510024292506039,0.011619315999275686,149,0.8973787102466483,1,0.2132746116864397
fov0,928,9517.28,7116.9157894736845,47.54452178110358,20.46725386413944,-0.23452350485308768,475,0.9025972257882593,1,0.3416770134658088
fov0,929,9502.971153846154,5350.0,13.865227359653991,10.693808548455483,0.9704120914003164,104,0.636510336246872,1,
fov0,930,9510.57142857143,8251.553113553113,32.809908469391914,13.074539240260588,-0.6876503501927239,273,0.9171711038779914,1,0.4725755474532301
fov0,931,9527.334677419354,7966.385752688172,68.08569901598892,33.52214874070509,1.110055454302259,744,0.8703960237956359,1,0.6183855011101778
fov0,932,9876.552042912577,7305.423191052271,711.0248594022106,157.68150720303203,-0.30553969064934144,17524,0.9750997956839258,-1,0.08251917511558804
fov0,933,9557.367461017946,7315.54721977052,147.06868026480586,76.91754193173851,-0.6927331041774821,3399,0.8523300857221273,0,
fov0,934,9507.690476190477,8220.47619047619,23.036472199104946,9.439932830259952,-1.50150508186154,168,0.9121834631864361,1,0.7823696815227733
fov0,935,9518.605691056911,7071.918699186992,39.81771316492484,10.468156702074927,-0.9810794220837185,246,0.9648225405517634,1,0.5411474054928375
fov0,936,9545.789398280802,4466.78223495702,78.4630440849488,20.13583733698137,-0.1666941732576188,698,0.9665101745282026,1,0.11482790999893051
fov0,937,9522.45081967213,4649.254098360656,13.733523339300334,11.606550926405667,-0.8206099612830804,122,0.5345679293541858,1,
fov0,938,9555.177252584934,6516.382570162482,92.06256789618834,27.25549817314602,0.2923995765218293,677,0.9551711815221132,1,0.32217999042464296
fov0,939,9561.642015005358,4991.992497320472,76.0654622385389,30.020187864141086,-0.3583838736922828,933,0.9188261459410739,1,0.1654607143761638
fov0,941,9704.870949616034,5087.817006930137,385.2534894376201,63.63634634291313,-0.501645531150855,5339,0.9862633611623798,1,0.23080865120988142
fov0,942,9551.805084745763,8233.805084745763,34.67997618971442,10.105315788397,0.08492588936712755,236,0.9566050667968916,1,0.4869076519195908
fov0,943,9569.822736030828,5194.703275529865,70.26131942559219,21.217881881567696,0.013618875948576761,519,0.9533125986599705,1,0.1933396837097196
fov0,944,9550.216666666667,7253.527777777777,23.590817647071123,11.213032068746461,-0.5815390473971332,180,0.8798165483320132,1,0.16949660961217555
fov0,945,9561.006329113925,8012.0780590717295,50.99542206731531,17.832129135631764,0.6447705066528622,474,0.9368688342641451,1,0.45518161987888933
fov0,946,9614.368692070031,7241.066941297631,100.27599551929525,16.1298227775129,-0.018503917237397957,971,0.9869781666854116,1,0.27939575065930555
fov0,947,9596.825610783488,7630.657118786858,51.419388622985174,39.6010511959537,-0.5322424419817577,1187,0.6378532152060998,1,
fov0,948,9615.872524752474,5100.230198019802,64.73521707965703,24.036816866051417,-0.289991407414037,808,0.9285090598316141,1,0.110910612596917
fov0,949,9589.203619909502,5265.4524886877825,26.939357480118048,13.116827447599848,-0.5248624828661381,221,0.8734565973817444,1,0.32779592787996115
fov0,950,9586.311258278145,7817.615894039735,21.54527673313128,9.362261170569932,-0.4406515594977298,151,0.9006530583576012,1,0.4788860169007507
fov0,951,9606.630853994491,6477.198347107438,54.96193739922723,9.331419841949565,0.21190163162456577,363,0.9854820455615023,1,0.23099051155638128
fov0,952,9602.17192982456,4616.147368421052,29.64319165013974,16.81136982057979,-0.1304272973323519,285,0.8236323210610178,1,
fov0,953,9612.592375366568,6603.956011730205,35.81385349263953,14.84478233634022,0.04191772554225704,341,0.9100500741014759,1,0.4608012007589808
fov0,954,9654.897335080821,7344.267365661861,89.39572212688095,73.46586381763979,0.2716335637997695,2289,0.5697686496116972,1,
fov0,955,10521.652091326057,15366.635251103102,6252.657266532764,842.0395950426947,-1.2906790174789664,826533,0.9908906292705097,-303,0.6492365659573193
fov0,956,9614.76923076923,6556.510989010989,21.72148886950142,12.068661420475708,1.1313594246882794,182,0.8314435012623406,1,
fov0,957,9627.267415730337,8185.919101123595,36.06062009082017,18.014497264472006,0.7933922135851813,445,0.8662784270846056,1,0.8267868778223982
fov0,958,9621.726708074535,5271.509316770186,18.39492967490594,11.859753803516856,-0.6501210939231042,161,0.7644108008217827,1,
fov0,959,9650.066427289048,7715.332136445242,74.19798744066456,16.2806636335617,-0.40914755538687614,557,0.975630067342692,1,0.4147586813040433
fov0,960,9976.901173933877,6757.587885321834,602.8447215703485,301.3143276886849,-0.1249969777883269,25044,0.8661288434156674,-2,0.2816262207595462
fov0,961,9678.739444833216,4663.9325868906,148.955968308621,59.964510067611506,-0.029477353138188847,4287,0.9153912534059935,0,0.15303566227476473
fov0,962,9652.437847866418,6440.73840445269,77.09004986789412,11.552772906645327,0.12946514158545877,539,0.9887071127335995,1,0.4371493195442753
fov0,963,9678.603091190109,6260.1440494590415,147.3103059874105,111.60310617842264,-1.2611988279528388,3235,0.6527126645635971,1,
fov0,964,9653.498777506113,8240.437652811735,40.16526674059628,14.483432382944136,0.5064744381827709,409,0.9327221254245848,1,0.5895193105952127
fov0,965,9653.029411764706,17163.123529411765,22.21369648323506,12.203646569315767,-0.8280055674033037,170,0.8355760016931651,1,
fov0,966,9724.474082073433,6915.9908207343415,169.1842046029647,19.326051656257633,-0.34931572129261584,1852,0.9934542355320454,1,0.14976096669304628
fov0,967,9659.758179231863,6555.896159317212,81.55748653930587,23.029499399287847,1.55351721087347,703,0.9593051694214872,1,0.6234013517818576
fov0,968,9681.856783919598,6886.590452261306,41.079795625118486,12.539439510524247,-0.1577080048694905,398,0.9522735613946662,1,0.173057414222797
fov0,969,9684.262108262108,6621.54415954416,45.31538711732226,12.66826715081614,0.15833495914922244,351,0.9601288823554677,1,0.5977078058579781
fov0,970,9679.202380952382,7929.1547619047615,25.410074959364685,18.03314458743663,-0.2527554853468559,336,0.7045193041426924,1,
fov0,971,9736.031831537708,7488.783545543584,125.58097322271799,57.97556842593366,0.21584306776198123,2042,0.8870575520964923,0,0.30381943131088335
fov0,972,9783.744839631629,7194.663861543347,238.9542755173864,94.49165815928838,-0.11398260547038996,6298,0.9184925684612276,-1,0.11087501723799463
fov0,973,9699.670822942644,7059.7057356608475,52.214662373919865,15.46764375103195,-0.49636599549439275,401,0.9551160751074912,1,0.19856882991996164
fov0,974,9690.382113821139,6504.495934959349,29.701934126155866,11.24357678006551,1.1214650793061607,246,0.925582087854108,1,0.35435800764965625
fov0,975,9768.690287110569,6406.137446548564,166.00212124787222,27.58178741192454,-0.021038869071575532,1637,0.9860999475729175,1,0.3464535132461666
fov0,976,9692.8875,6074.86875,23.619163518372048,9.42109280775872,-1.2697698871884517,160,0.9170053268781503,1,0.5875125064705142
fov0,977,9704.497619047619,6364.890476190476,36.88695184601353,23.830328887640185,0.19609291821108735,420,0.7633062515106157,1,
fov0,978,9716.292338709678,6738.9838709677415,64.75677910004191,16.915185230721686,-0.67200627287511,496,0.9652817183022241,1,0.5295141999908349
fov0,980,9713.37684729064,6660.524630541872,50.31486875740701,14.600898616596599,1.059845430210058,406,0.9569688888173423,1,0.855038357655859
fov0,981,9832.621226268286,7922.178026766262,280.3694984566449,155.47755550678337,-0.1298666132791723,9639,0.8321536140228748,-3,
fov0,982,9704.08383233533,8259.934131736527,21.898595839144175,9.904039364722804,-1.461918124791194,167,0.8918819655584023,1,0.9066705641229478
fov0,983,9718.047752808989,6297.893258426966,41.11658549939804,16.63199752588033,-0.7675585497871855,356,0.9145343546978011,1,0.40668798081954693
fov0,984,9848.927208480565,6135.6367491166075,294.2009149015436,33.43777860592637,0.0902319046667465,2830,0.9935201318037018,1,0.233398968233312
fov0,985,9739.185528756958,6057.82745825603,47.27493855337428,26.76887371790302,-0.43361645226828693,539,0.8242416867651099,1,
fov0,986,9825.78612716763,6317.420038535645,209.8387387084582,69.15311133600805,-0.07492716969784115,3114,0.9441368682883953,1,0.1722118710683206
fov0,987,9737.916483516483,6543.492307692308,37.66327813273503,30.81847044088274,-0.4290010791720112,455,0.5748439017265927,1,
fov0,988,9759.883203559511,6488.1868743047835,127.36340710937593,61.672113520235364,1.016227371336157,1798,0.8749453905265568,1,0.36759555326224647
fov0,989,9774.311995967742,6619.915322580645,92.595976035147,67.3828622936493,0.6023098397233616,1984,0.6858867245333151,0,
fov0,990,9761.274231678486,4912.241134751773,56.13095898616867,10.39980071217438,-0.555682571388387,423,0.9826862510851591,1,0.11137744162271047
fov0,991,9767.885085574571,16977.865525672372,65.85303686965243,17.943449525452895,-0.9773746355334815,409,0.9621622464487589,1,0.1891437343038381
fov0,992,9788.546712802769,6266.423298731257,76.12210158133337,18.505654213505704,-0.05292108316186352,867,0.9700000094440856,1,0.22995787799406972
fov0,993,9759.927536231884,6674.713768115942,52.528488254134,7.598674772830733,-1.5572600751457493,276,0.9894816900851319,1,0.8507681720490431
fov0,995,9849.529763522696,6225.849687415059,267.1705735850236,68.06737897781181,0.28057562521352436,3679,0.9670013516130587,0,0.13538820140016378
fov0,996,9770.994708994709,8220.132275132275,24.460727769138334,12.510982249635468,-1.035035356122351,189,0.8592998245442844,1,
fov0,997,9803.563098346389,17410.403829416886,76.35090026133737,34.88261142190526,0.11803233260838406,1149,0.8895322935924599,1,0.5880510459237566
fov0,998,9805.979512195121,5090.405853658536,66.39448397361681,30.221726387233243,-0.689616396779865,1025,0.8903972470073207,1,0.33768361604884073
fov0,999,9797.55033557047,5150.572147651007,45.296115656314925,19.454399339695254,0.33907804553226384,596,0.903069822430173,1,0.4915415411461993
fov0,1000,9793.218579234972,16795.74134790528,66.12931819362669,12.481538893530944,-1.1106732946403335,549,0.9820262466634156,1,0.1599856280224016
fov0,1001,9797.699669966996,5007.016501650165,37.61406903062446,10.564197595046538,-0.7574100493354918,303,0.9597494474801368,1,0.11460227277695681
fov0,1002,9795.347826086956,7475.142857142857,20.68892218303194,11.124005914447787,-0.37297104787256025,161,0.8431494132518668,1,
fov0,1003,9799.050561797752,7339.230337078651,19.360972559460517,12.648845480413149,-0.5418017972741915,178,0.7570847851455215,1,
fov0,1004,9801.133333333333,17346.216666666667,19.690816272346744,12.39142082588757,0.6222932900639115,180,0.7771628785963183,1,
fov0,1005,9810.458955223881,8226.08208955224,36.87134568482638,11.953098183519907,-0.12061138095651659,268,0.9459940654570862,1,0.552742548996419
fov0,1006,9821.39382940109,17973.09618874773,60.1517810319524,14.978666061452218,0.13717450659492422,551,0.968499755091931,1,0.659274210820596
fov0,1007,9823.926056338029,17378.528169014084,41.34606020346165,12.787880499875675,-0.13070326797800633,284,0.9509681020683178,1,0.48253471342945486
fov0,1008,9817.793991416309,4477.93991416309,22.951079441002864,13.316725923361005,0.45100735789876534,233,0.8144582203370906,1,
fov0,1009,9831.558219178081,16725.490215264188,162.74362802381006,40.91609716364008,-1.4900712098533595,2044,0.9678795287959991,1,0.1266723695073714
fov0,1010,9831.747035573122,6733.790513833992,35.684161775531116,9.545272104869293,-0.5549019161771822,253,0.9635597364626657,1,0.48802296039250614
fov0,1011,9834.0625,6172.256578947368,31.275222780509335,18.86398364841535,0.48674074637659215,304,0.7976197291485673,1,
fov0,1012,9828.782608695652,17271.190217391304,21.966557938289558,11.812136577648566,-0.7583904784745786,184,0.8431153776512298,1,
fov0,1013,9835.538461538461,17915.285067873305,31.45981184951611,20.002641624113735,-0.8822145212009469,442,0.7718409309366554,1,
fov0,1014,9839.053672316384,7261.242937853107,24.434539221766173,18.80428990445455,0.565740256052828,354,0.6385525185747503,1,
fov0,1015,9843.483282674772,5167.050151975684,45.58385338451169,22.445356743752026,-1.0882028853445906,658,0.8703706716433981,1,0.499629977362917
fov0,1016,9889.274593669803,7439.251497005988,143.83574267592832,23.235395748755455,-0.469309289554079,1169,0.9868659720679831,1,0.10960578951081434
fov0,1017,9892.535636363637,6435.930181818182,142.77214126354005,81.28883577162614,-0.42886715914622325,2750,0.8220878768053694,0,
fov0,1018,9850.669934640522,7566.33660130719,32.45654263130451,12.68460862853222,-0.17933751747390037,306,0.9204678750732711,1,0.22418740566767578
fov0,1019,9841.475409836066,18173.25,27.110449398699508,12.08226268944317,-1.5536479063598254,244,0.8951982671721554,1,0.6015938452719047
fov0,1020,9871.68378812199,5116.993579454253,55.86065398286246,18.163242296158938,0.08678824574108311,623,0.9456615270081269,1,0.3813429723999999
fov0,1021,9894.539877300613,5059.251022494887,123.11978587910467,41.65504977692718,-0.4420793477500736,1956,0.9410277261665766,1,0.19140165442031198
fov0,1022,9900.85240413877,16506.30158247109,156.86549129761622,70.50789125740828,-1.2559608023023574,3286,0.8932904262307977,1,0.07215674689248719
fov0,1023,9867.34808259587,6372.749262536873,47.54860609757473,11.570344917438256,0.5122188109669522,339,0.9699417531897567,1,0.24488587507617737
fov0,1024,9876.755371900827,7500.2231404958675,47.866871465283964,19.80216700497858,-0.5453786614479575,605,0.9104166591708739,1,0.22944936925944148
fov0,1025,9871.015496809481,16607.831358249772,104.01728420449544,14.942260092232528,-1.3823245133492783,1097,0.9896283080119205,1,0.08401986021003605
fov0,1026,9895.3559602649,6193.317880794702,67.8765939752975,17.355211492633252,0.42002603796063737,604,0.9667594273191159,1,0.3279694206332512
fov0,1027,9890.740359897172,6081.681233933162,50.56446491976314,14.06835688953832,-0.7500737383745677,389,0.9605155928378788,1,0.46149006341302296
fov0,1028,9905.407024793389,4373.830578512397,60.84303645286209,12.367916690070393,-0.15451993949267626,484,0.9791215198328614,1,0.06404619655940313
fov0,1029,9885.25892857143,17652.083333333332,26.18455515142716,17.046002719408385,1.1422564864891982,336,0.7590824031642018,1,
fov0,1030,9889.062111801242,4335.5590062111805,24.095226208854072,8.730515154419852,-0.31685702206657607,161,0.9320483941015667,1,0.09528540437081431
fov0,1031,9889.29347826087,8196.0,23.470563569312844,10.455610517636,1.243443687975752,184,0.8952930809275157,1,0.7782899268456943
fov0,1032,9962.269763287182,7650.492630638678,200.88856382858071,53.2706166621704,0.47634719572865625,2239,0.9642003117392176,1,0.1825318658383553
fov0,1033,9904.0,16975.087108013937,31.75916047853412,12.38694520023309,-0.6935153826144128,287,0.920803218929976,1,0.3001856592311908
fov0,1035,9947.208777162336,4984.322113336174,94.61642619166092,47.276059969100395,-0.06031434203652768,2347,0.8662215135702738,1,0.20445654540305086
fov0,1036,9919.720183486239,16420.11467889908,22.323884257924572,15.030162533409108,-0.4478814080824031,218,0.7393901521218397,1,
fov0,1037,9930.534188034188,6505.051282051282,38.08083694401826,8.469816814097378,0.6171864875268278,234,0.9749516806986982,1,0.22180994424709094
fov0,1038,9934.676724137931,4846.038793103448,34.491929055613795,12.398148381610138,-0.18564648479925822,232,0.9331640730440379,1,0.10747794812678882
fov0,1039,9932.95652173913,7956.877717391304,32.162235577302816,17.516930309605883,0.7347016877068128,368,0.838668117461207,1,
fov0,1040,9935.761061946903,7164.982300884956,29.50776431176851,12.147395259841687,-0.18228309891818337,226,0.9113339973547598,1,0.4300697880855329
fov0,1041,9964.766089658233,16336.944074567244,175.3809393837277,38.07876777852609,-1.1456067832744394,2253,0.976144846551676,1,0.07353335383624102
fov0,1042,9941.074394463667,6353.913494809689,37.87972582584385,24.8982238045148,-0.8785627976002489,578,0.7536317893200543,1,
fov0,1043,10007.143773383217,4926.963121325494,145.6954517580458,19.452520015040555,-0.2067539971808647,1871,0.9910468000313464,1,0.07311810578429635
fov0,1044,9951.130136986301,7862.226027397261,23.24668005125987,17.90949629734373,-0.3659813446394538,292,0.6375476496612018,1,
fov0,1045,9963.686486486486,7724.745945945946,24.852364544403695,10.336659106082966,0.22252101211750824,185,0.9094000348155533,1,0.1512721680736007
fov0,1046,10008.57904583723,7615.173994387278,139.66431031132356,23.15364343346653,0.4938788600270589,1069,0.9861626479842485,1,0.13512398414740007
fov0,1047,9959.93,6879.85,14.431415951164649,8.922770513941874,-1.537129210988681,100,0.7859516632029608,1,
fov0,1048,9965.523148148148,7559.0787037037035,23.423483818179523,12.49782729223824,0.6606503076818072,216,0.845762397589223,1,
fov0,1049,10035.092917251051,6238.7952314165495,130.28132452471937,103.80112875996114,-0.4746653817024681,2852,0.6043142854386905,1,
fov0,1050,9970.76923076923,16721.814479638007,22.46181651439545,13.99614580128919,1.4934223557629027,221,0.7821355146997279,1,
fov0,1051,9982.198428290767,17701.01768172888,49.836666253579295,21.60354071014602,-1.3235347068293644,509,0.9011598799778231,1,0.5216238854915207
fov0,1052,9981.357852882704,17522.51093439364,51.2940958686893,22.299294052474117,-1.2633116588820004,503,0.9005588474520003,1,0.4535598561562988
fov0,1053,10059.422464756708,4705.473851750796,196.82279712210493,21.820738240771043,-0.0074786682046751275,2199,0.9938354871985376,1,0.05754839849353832
fov0,1054,9998.944816053512,8217.78093645485,69.85239397655992,14.121797770630703,0.5875415363289289,598,0.9793512139469474,1,0.31337596039747345
fov0,1055,9978.986486486487,7926.783783783784,21.343441496544425,9.155036871387034,1.1031651454504408,148,0.903333403034364,1,0.7586246428313851
fov0,1056,9983.303944315545,17169.676334106727,58.54366786034766,21.27272358832476,-1.4369431835386943,862,0.9316468379399181,1,0.8308706449138614
fov0,1057,10024.630803571428,6372.798660714286,104.75799386395707,63.813268412029046,0.23256858437651076,2240,0.7930554940021196,1,
fov0,1058,10008.636363636364,6167.101298701299,36.39931922294558,20.116525790044957,0.0741626582600645,385,0.8334053965202793,1,
fov0,1059,10012.530147895335,6870.031854379978,91.15186144579634,26.01931514861005,-0.8528780204041329,879,0.9583935493402848,1,0.36388325779525765
fov0,1060,10204.090443875848,4857.649460451663,435.60177078878286,47.20373611022391,-0.11580347218246943,8989,0.9941112367593774,1,0.04944412850470544
fov0,1061,10012.301136363636,7266.613636363636,25.320956904026197,9.648869936486085,-0.12359306057965704,176,0.9245492344546605,1,0.4168294844547059
fov0,1062,10012.787234042553,7154.047281323877,36.38871278181259,16.28005031754925,1.5312100281682348,423,0.8943375358195235,1,0.8503508664433731
fov0,1063,10039.00505561173,8017.666329625885,125.53780750079979,14.194298692437322,0.9572148248623068,989,0.9935872611987605,1,0.6978315184515056
fov0,1064,10046.35990756788,8191.382437897169,96.2348975766693,55.68321240383913,0.5883759697863773,1731,0.8155989146724073,0,
fov0,1065,10034.38569424965,17123.716690042074,46.96549113015755,36.203459109359706,-0.6401031100239873,713,0.6370138598892989,1,
fov0,1066,10023.723744292238,7937.993150684932,43.94931086612559,15.816980988641534,-1.1409601473895001,438,0.9329941842849474,1,0.827957155411489
fov0,1067,10035.002570694087,6430.850899742931,34.7727940536239,19.52332535345319,1.5463385612229532,389,0.8275079288269593,1,
fov0,1068,10046.809061488673,6497.4012944983815,25.141962358795762,17.07124230202336,-0.676672305351201,309,0.7341437934746958,1,
fov0,1069,10106.808747855917,7124.240137221269,157.40683072224542,70.13770038689682,-0.056701823383205646,3498,0.895240972330262,0,0.4067124400126214
fov0,1070,10046.651851851851,7721.096296296297,19.01977023526271,9.289455946142283,0.6723792820709442,135,0.8726139811441602,1,0.2007735223769784
fov0,1071,10047.93886462882,16678.71615720524,31.31655508866845,10.281775242610312,-1.274724012178156,229,0.9445674003218681,1,0.07297986852908374
fov0,1072,10128.44836400818,7711.763803680981,182.03991495449722,41.31373224823864,0.06221809516088613,1956,0.9739067009383775,1,0.31013030834700067
fov0,1073,10056.237410071943,7983.640287769784,26.126835038421266,14.978132244570903,1.2432077629451497,278,0.8193557753639871,1,
fov0,1074,10059.00847457627,16194.966101694916,16.986028869932582,9.509907437025081,-0.32492312420941244,118,0.828582871159973,1,
fov0,1075,10111.221284159075,17374.353921350812,177.6278576609278,75.93881064825655,-0.9519840430372659,4501,0.9040076236197033,0,0.6268484970425123
fov0,1076,10071.427672955975,6316.8029350104825,32.93850076623683,21.335937562965878,0.5569789979324469,477,0.7618523516316991,1,
fov0,1077,10082.275862068966,16630.926108374384,41.15662424393862,27.703563339587372,-0.5587441927992568,609,0.7395284890793594,1,
fov0,1078,10090.485294117647,8002.075980392156,42.73420591798221,13.71151127783518,-0.03545927541622105,408,0.9471281085225719,1,0.4878161059438948
fov0,1079,10132.042464612823,6277.082431307244,135.7912188257697,30.369599352320495,0.1950530223893524,1201,0.9746697025646635,1,0.19393708818894825
fov0,1081,10109.488738738739,6138.774774774774,62.88307332567125,11.771282652565267,-0.21347063068354144,444,0.9823231200775341,1,0.22710497304657123
fov0,1082,10094.67088607595,6537.329113924051,24.427708574981725,16.930431417317156,-0.8911275008682134,237,0.7208577173828897,1,
fov0,1083,10097.069958847736,7900.893004115226,37.05759487538541,8.994050110070916,-0.5863070151781602,243,0.9701002315267243,1,0.5131724509442822
fov0,1084,10178.096847702242,6432.963919483479,194.07205314590445,62.20889843235346,-0.07890158070740108,2633,0.9472331627509954,0,0.1418785438347874
fov0,1085,10206.628437290408,6331.506371562709,283.1322267865926,94.76046065988106,-0.27209251915219257,4473,0.9423296239397975,0,0.14438385852885435
fov0,1086,10121.158415841584,8265.489648964896,95.70787828345536,36.85735581269056,1.296713838263177,1111,0.9228737524530256,1,0.4206793970256655
fov0,1087,10113.017482517482,6507.0874125874125,32.80903855487201,14.152984716672437,0.15935357478300458,286,0.9021729241916362,1,0.31894441783478034
fov0,1088,10190.698734967984,15815.093237544901,355.355769671444,81.92698582490593,-0.970543370418897,6403,0.9730606711494227,1,0.8676685362855392
fov0,1089,10116.25,5444.579545454545,36.02436713464825,14.254975936116464,0.7375632611304894,264,0.9183782277836742,1,0.622066340702069
fov0,1090,10178.447172367085,7994.363528614967,241.12550833407747,121.64829542363987,1.0138799867936283,5906,0.8634105374564189,1,
fov0,1091,10123.969574036511,8196.346855983773,31.22853549352313,22.880744504898615,0.6447028757283612,493,0.6805656777956701,1,
fov0,1092,10190.349406812093,6214.133180252583,161.49163286645086,68.04755303882982,-0.1812684494180122,2613,0.906889322424126,1,0.15139043079981448
fov0,1093,10157.332018927445,6629.157728706625,144.78333980914502,29.611170413727024,-0.8694365401267123,1268,0.9788622674430807,1,0.44378013266088157
fov0,1094,10177.163412563666,7638.22156196944,104.57514665602388,63.71179428625912,-0.407766899812012,2356,0.7929827170682748,0,
fov0,1095,10399.419207209745,7205.461310990636,430.4791279333022,181.95930630808826,0.007370797196995027,14203,0.9062742407714047,-1,0.41246088517293766
fov0,1096,10133.915611814346,17286.118143459917,27.746652065164785,12.523613041266518,1.4873350995811299,237,0.8923440586442084,1,1.3155431035486185
fov0,1097,10154.942105263159,6955.1657894736845,52.76355648143946,11.714948400108542,0.14223172530791803,380,0.9750404562808638,1,0.2827364106372687
fov0,1098,10143.43169398907,6098.6120218579235,25.17424218587524,10.545432203482212,-0.8473448748813962,183,0.9080334328564034,1,0.4453100846211737
fov0,1099,10178.392545598732,5400.991276764473,120.05066237948819,39.614816760243215,-0.7709936341941421,1261,0.9439864699095247,1,0.4486326432073308
fov0,1100,10147.807692307691,5899.826923076923,15.664582983683706,8.718450119812902,-0.5231665710671312,104,0.8308001560708352,1,
fov0,1101,10162.004385964912,7807.125,35.666461928211454,25.298995052150033,1.5485975109521517,456,0.7048849126342055,1,
fov0,1102,10322.722489811042,6133.355316783994,365.4939309196166,76.85220509771865,0.04319881698872647,5398,0.9776434736363254,1,0.2520138743790824
fov0,1103,10193.021479713603,6524.780429594272,86.87445417303832,19.976187445134126,0.027809278788576607,838,0.9732040578674822,1,0.3955535676296645
fov0,1104,10198.715953307394,8272.801556420234,107.35909943729052,40.317147961785594,0.35914233185556493,1285,0.926808029795407,1,0.36106983221066585
fov0,1105,10249.258207070707,17173.221590909092,303.33054403152346,72.15644056565971,-0.8838923399941632,6336,0.9712944135450927,0,0.6093223747984353
fov0,1106,10174.287553648068,6659.635193133047,19.568067131654427,16.597449207369614,0.13022485767625525,233,0.5296912562124471,1,
fov0,1107,10201.05603985056,6712.762141967622,58.91205044662241,23.251002411119245,0.034380636739131,803,0.9188216001825004,1,0.4610466532666315
fov0,1108,10190.32603406326,7566.951338199513,46.338157623267776,13.19219678792901,-0.9039204310402084,411,0.9586184381075277,1,0.6263245823773612
fov0,1109,10193.253776435045,7529.341389728097,28.531490093049904,15.701953043910077,0.4572156016505405,331,0.8349422000077686,1,
fov0,1110,10194.636363636364,6761.971590909091,23.64333946790412,10.567973548469434,-0.13892254002864535,176,0.8945466203724829,1,0.36189483645707976
fov0,1111,10195.78947368421,7834.355263157895,24.179464112445014,8.284019759695648,0.27864727235316816,152,0.9394793261546537,1,0.2560121246014237
fov0,1112,10247.32135807343,7275.636794315042,138.14332454066815,58.02972705355491,0.2820178011411447,2533,0.9074921719716497,0,0.21556524703924138
fov0,1113,10217.0,4579.896226415094,46.002886038318344,13.419779235199838,-0.10438437776459582,424,0.9565049704290042,1,0.037061790439831405
fov0,1114,10236.816568047338,7119.40976331361,77.0913521613594,16.735862762542066,-0.3415300155803322,676,0.9761513009662718,1,0.22716956468576424
fov0,1115,10252.400183150183,6895.544871794872,112.74766014853294,23.673153350829498,0.018965097027741937,1092,0.9777087297666275,1,0.11448034499305576
fov0,1116,10417.64359893392,6873.824280856539,493.24268431972587,93.82733771032014,-0.33874104276023487,10881,0.9817404229328287,0,0.21764238299632305
fov0,1118,10440.105448586644,4714.320032773454,539.3618852489396,133.56223989525714,-0.17803606137907826,12205,0.9688546492887338,-1,0.05309591185491634
fov0,1119,10215.11009174312,6277.3302752293575,15.680372750034914,9.320170534815617,0.2461882771173836,109,0.8041809900745042,1,
fov0,1120,10227.134328358208,6636.4523536165325,76.91002998938205,31.743209171348298,-1.5555183494013023,871,0.9108526363068808,1,0.5618366700449349
fov0,1121,10219.621019108281,15764.452229299362,35.27745030803139,12.161129779589102,1.438317697517317,314,0.938702567616915,1,1.1579690450630067
fov0,1122,10229.6,7577.76,24.59549431327419,9.482166843982725,0.04714866443621197,175,0.9226975790513089,1,0.3057000884234055
fov0,1123,10226.550264550264,16715.78835978836,19.125223999101504,13.830720268198434,0.6904032437835594,189,0.6906737952128872,1,
fov0,1124,10224.952830188678,6006.122641509434,14.163736426307096,10.243223921492591,-0.23471221460744604,106,0.6906379410058425,1,
fov0,1125,10234.687732342007,6745.82156133829,24.50203369625884,18.37377455767692,-0.16529919631136936,269,0.6615651022470943,1,
fov0,1126,10395.742749054225,7657.253888188315,267.2395250993671,138.28879738343292,0.04784043290414654,7137,0.8557005338581718,0,
fov0,1127,10247.820105820107,16470.35802469136,52.54230905779941,14.792027607658618,-1.105234590179191,567,0.959553591606849,1,0.5586264592948545
fov0,1128,10283.361299052774,4488.029769959405,101.48961874125781,11.57107746301665,-0.07706691374614877,739,0.9934793239568976,1,0.11152616854720573
fov0,1129,10246.981818181817,7624.081818181819,13.601048862383752,10.47546833249943,-0.7256268251490726,110,0.637807728754799,1,
fov0,1130,10264.223529411765,6468.5,47.40223628737461,11.669682504918182,-0.5443012732960062,340,0.96922305506232,1,0.31913024621185143
fov0,1131,10271.085635359115,6151.5690607734805,45.756242345787385,13.130296482175616,0.2920010178429212,362,0.9579420076403463,1,0.17989885464607722
fov0,1132,10530.47505257121,7510.278570063086,651.6293263281233,226.2977127367086,-0.14226912794719482,26155,0.9377615524200502,-6,0.2126302676526103
fov0,1133,10277.68156424581,4768.209497206704,44.71946629095458,10.933572706481222,0.0034912969054373376,358,0.9696511913125967,1,0.06069438043258402
fov0,1134,10276.05210918114,6067.647642679901,37.467749357036034,14.7594056318118,0.16717654833342088,403,0.9191434734051644,1,0.2837729214877768
fov0,1135,10289.828148148148,6822.291851851852,52.679588058572456,24.81547612282917,-0.3809683522693004,675,0.8820988461054557,1,0.1556835732002334
fov0,1136,10290.927734375,6202.24609375,70.20232696658738,11.092767337631603,-0.1731332578967405,512,0.9874372893021218,1,0.29878544014996616
fov0,1137,10273.641176470588,6387.882352941177,23.943935979951316,9.392452927884477,-0.007989375784905349,170,0.9198507425780625,1,0.21361304327560796
fov0,1138,10283.177419354839,6728.276497695852,44.927159597510084,16.716350560847115,-0.12787224430727975,434,0.9282019759504353,1,0.14318211518173787
fov0,1139,10274.096069868996,6427.510917030568,26.58938262978135,13.41638023276067,-0.4324816129844484,229,0.8633669304853309,1,
fov0,1140,10293.220143884892,6510.841726618705,51.836791034601305,34.89727489942269,-1.4730134158737829,695,0.7394473292923712,1,
fov0,1141,10330.905629139073,6568.838576158941,300.4008375475308,35.76573752231009,-1.0446229967281768,2416,0.9928870557409848,1,0.36105569175502084
fov0,1142,10284.492957746479,7739.204225352113,19.58670733606262,10.169124061889619,0.34300272264791515,142,0.8546619020768226,1,
fov0,1143,10288.5,16066.026315789473,25.956658375939814,10.323645079505912,-1.2641049574978387,190,0.9175041194392373,1,0.6883066239691187
fov0,1144,10287.36,6560.576,20.6218975605759,7.97567081825183,-1.437591828309177,125,0.922181510605067,1,0.44114195471314055
fov0,1145,10505.878779434304,4897.602619478891,430.21546850950034,62.28187361679777,-0.12145289096508735,7177,0.9894654767105018,1,0.1906876808592529
fov0,1146,10309.272314674736,16087.541603630862,70.89844743831917,28.158228573042795,-1.130908599552533,661,0.9177481573672749,1,0.655665804478143
fov0,1147,10349.278839815424,6770.6446934739615,129.3259433178286,21.306205789798362,-0.0791269963652657,1517,0.9863356718508625,1,0.12301334989797962
fov0,1148,10306.670138888889,7710.71875,28.683390304445044,14.603306543413133,0.06161816144269406,288,0.8606951583869054,1,
fov0,1149,10301.791139240506,16136.196202531646,19.785479234475048,10.73174200893209,-1.3978462871188786,158,0.8401171721056463,1,
fov0,1150,10304.592592592593,8023.216931216931,25.130222803184697,9.925904500184277,1.0505435735980642,189,0.9186902475871581,1,0.47953033470796597
fov0,1151,10373.40358974359,6268.29641025641,276.6896639349504,115.50369301554613,-1.252553558565829,3900,0.9087005701493478,1,0.8116012446870564
fov0,1152,10308.723214285714,6704.75,22.801696150131214,16.591728626021464,0.0010219443408249673,224,0.6859451344973797,1,
fov0,1153,10356.400748063052,15471.190756078013,125.8395258277735,68.39770600263263,-1.2951363970598093,3743,0.8393889777882724,1,
fov0,1154,10334.093484419263,8246.881019830029,44.82141824016843,12.638801085047525,0.09391082490636192,353,0.959419905586104,1,0.5086352781924302
fov0,1155,10338.145614035087,16582.72456140351,54.255250251678525,24.992222659727236,1.1173632968041993,570,0.8875862554798035,1,1.0211107838849014
fov0,1156,10335.808641975309,6418.87037037037,17.442792734748934,13.534789623670516,-1.1703588731760775,162,0.6307905671302321,1,
fov0,1157,10351.156950672646,8008.804932735426,52.97245586711282,15.968053846796888,-0.2266366461011243,446,0.9534849281163262,1,0.5959104925783433
fov0,1158,10344.240249609984,16045.91263650546,69.54792604064966,16.37565364274988,1.4637919413495208,641,0.9718843925277899,1,1.3368728026546544
fov0,1159,10357.44488977956,6694.056112224449,46.66000791115147,21.153584782703962,0.40042186966373905,499,0.8913296399191735,1,0.22964262854189207
fov0,1160,10391.267643865363,6635.4223669923995,148.35910892461195,59.06931086255648,-0.03044017934710806,1842,0.9173199392329775,1,0.2804935457465508
fov0,1161,10346.617777777778,7218.271111111111,23.544349996418518,13.042795202828927,0.3142458027943102,225,0.8325385613699289,1,
fov0,1162,10370.684881602914,6730.981785063752,67.02747129402644,11.821568873455794,0.014328748183807766,549,0.9843241192248984,1,0.11006310229244355
fov0,1163,10361.20987654321,7279.432098765432,21.23307604774184,11.597473797521864,0.8842131110363807,162,0.8376557907723512,1,
fov0,1164,10388.427133269415,17002.43815915628,158.6261026557411,33.90549710468135,-0.9685021332609655,2086,0.9768895437239846,1,0.8142698777607615
fov0,1165,10376.9232,15862.6992,71.3782249353351,23.723282719739842,-1.4509604408988022,625,0.9431525234621407,1,1.0331207398064308
fov0,1166,10401.060092449923,6805.164869029276,59.05162282544303,24.891881393300594,-0.11136606822085253,649,0.9068156311142863,1,0.15588228603848825
fov0,1167,10395.409915356711,6413.334945586457,90.18428676827233,39.86511607495949,0.598376069770874,827,0.8969950443045875,1,0.26780708528168834
fov0,1168,10378.429319371728,8222.486910994765,49.36338495365388,12.86216672453568,1.400482094474934,382,0.9654574205876014,1,0.5895702538714908
fov0,1169,10388.306064880113,7014.784203102962,70.43031634937597,26.58378415000425,-1.4886516792489324,709,0.9260307687860908,1,0.635757253619265
fov0,1170,10441.02735042735,6581.840455840455,166.25353806551945,60.070181811163565,-0.2368691454988127,1755,0.932443152844338,1,0.22737149700804246
fov0,1171,10387.080357142857,14798.63392857143,13.77365662874927,11.150096339468721,0.16069639074334086,112,0.5870877132038201,1,
fov0,1173,10409.409482758621,6066.547413793103,31.55047300915077,12.456292007186164,-0.9013133885593941,232,0.9187648360722235,1,0.4815214696108978
fov0,1174,10494.470889315418,6394.361484325016,187.80112492435572,20.43371171555553,0.0011695873007470151,1563,0.9940631066582635,1,0.16000589725943062
fov0,1175,10444.271685761047,6241.080196399345,90.23813797895187,48.052386580935575,1.4105676424612812,1222,0.8464259725915871,1,
fov0,1176,10468.924463519314,6733.215450643776,137.4560560980378,26.793814909053747,0.1907837546770885,1165,0.980817871215929,1,0.1138315474544924
fov0,1177,10464.502893890674,6347.468810289389,144.0661808633101,49.86094064324732,0.18536602487710593,1555,0.9381985619138532,1,0.2482646967405262
fov0,1178,10475.845845845846,6912.783783783784,126.91128280054983,14.402538861865033,-0.24129221173620358,999,0.9935396989720146,1,0.35938023084326964
fov0,1179,10479.1078125,6494.63203125,130.42248701929088,46.31047383826664,-0.03749234496488184,1280,0.9348357515776327,1,0.17593328768755828
fov0,1180,10427.886904761905,7954.636904761905,20.88953443711295,11.887526742083743,-0.5524049522809746,168,0.8222917533131238,1,
fov0,1181,10713.346225018506,6954.569886503824,812.9165599638304,103.44250892689234,-0.22639274676513696,16212,0.9918708530745519,0,0.058906442142159496
fov0,1182,10449.080708661417,4578.568897637795,51.61357960492839,16.815346139781095,-0.11863567238894394,508,0.9454411038022628,1,0.09925967411063578
fov0,1183,10430.306034482759,14166.525862068966,37.35977326075576,9.023734363186689,-1.423849130655811,232,0.9703918315810784,1,0.1984256514506539
fov0,1184,10437.070093457944,8008.8317757009345,25.289306934163932,11.542441937576282,0.9530198070437745,214,0.8897665540523614,1,0.43735382529044814
fov0,1185,10459.435,6781.8133333333335,59.04278605078489,22.042178603383626,0.45454087637115853,600,0.927700414283637,1,0.2753295082948145
fov0,1186,10460.79229480737,7924.289782244556,42.73197297620622,24.16674873865845,-1.189271149122185,597,0.8247191219383454,1,
fov0,1187,10450.572368421053,14817.486842105263,22.791854911004513,8.755301875695435,1.0651477324823295,152,0.9232741493508186,1,0.7041726006725936
fov0,1188,10502.525207402681,7950.860242501595,132.77652670509158,56.53727183472108,-0.3336646128590335,1567,0.9048136683866819,1,0.5636837570379405
fov0,1189,10455.547297297297,15114.628378378378,20.596248993794667,9.882165798543722,1.3921869994940892,148,0.8773756179609157,1,1.105952647469286
fov0,1190,10495.2299699207,14030.561662564944,186.25678137483646,70.31267233764427,-1.156908108158853,3657,0.9260079702833657,1,0.6788954187926344
fov0,1191,10469.217105263158,6319.144736842105,22.867307122306492,9.227937176362733,0.1336518094969795,152,0.9149607682556438,1,0.4194294830931297
fov0,1192,10475.388586956522,6653.997282608696,38.35956579141284,20.20216812578195,-0.9143884581355497,368,0.8500805577714635,1,
fov0,1193,10468.414414414414,15149.324324324325,16.781208629377698,8.670954559617922,0.4034515951355459,111,0.8561627776390786,1,
fov0,1194,10476.317204301075,15184.376344086022,23.37207153966373,11.312724861468915,-0.8234167038192759,186,0.8750527982785499,1,0.7911386415379795
fov0,1195,10475.138513513513,15078.33445945946,39.410438610638316,11.738893628576115,1.3263275352447503,296,0.9546087696065112,1,1.0731659974971983
fov0,1196,10505.138794084187,6285.227531285552,96.77612506213548,35.89490436389836,1.0679677297764854,879,0.9286701715439913,1,0.49617968249144195
fov0,1197,10511.817005545287,6181.465804066544,74.42449404907364,31.919901476745117,-0.3992840199544063,1082,0.9033568485531681,1,0.6150030363366621
fov0,1198,10506.580093312597,13934.533437013997,57.76015337038584,18.079279002520405,-1.128979660088017,643,0.9497511231258419,1,0.11165903323807409
fov0,1199,10526.09472934473,13857.011396011396,86.94160741764794,27.684781754354194,-0.9973520173067332,1404,0.9479465102633596,1,0.1718108896265301
fov0,1200,10605.146076299665,6536.763194307176,258.1669702260167,132.56716717388528,-0.299648964507031,5059,0.8580932371243859,1,
fov0,1201,10521.740458015267,6689.324427480916,58.89993917692555,18.367875018342524,0.06699669923101872,524,0.9501317432208546,1,0.1292628429866011
fov0,1202,10525.823834196892,6781.559585492228,37.184033547093144,22.118533522640433,0.8463060879829176,386,0.8038444613634197,1,
fov0,1203,10518.33064516129,6220.9112903225805,20.743338523028363,8.715951417043991,1.4345038557034346,124,0.9074404345377743,1,0.6495040449758696
fov0,1204,10539.180316586373,13747.26083964212,125.17917137368805,30.023422091311115,-1.2843569985244425,1453,0.9708115426962364,1,0.11692997004007019
fov0,1205,10532.561771561772,4158.652680652681,35.51349292849728,16.743470377518538,-1.13458044901854,429,0.8818832465587424,1,0.6328517108677395
fov0,1206,10529.816593886462,15780.602620087337,27.813535219129186,11.609630876546062,-1.3970602022081615,229,0.9087185471468409,1,0.7117404056679282
fov0,1207,10538.671232876712,4373.593607305936,33.23992261466136,8.791628785759842,-0.5087385551865999,219,0.9643884142749062,1,0.2244175219436848
fov0,1208,10705.819986700864,6291.796238244514,368.0513522033689,148.33981193121846,-0.29899169198031955,10527,0.915181890899863,0,0.16991148434682096
fov0,1209,10554.647826086957,4956.991304347826,25.46978059816022,12.1933816496794,0.02565078599514038,230,0.8779571778446938,1,0.1591450517484379
fov0,1210,10575.539835828102,13824.057943022694,214.3563458490517,49.12727732819393,-1.3789181576391794,2071,0.9733828624167931,1,0.11885086835433578
fov0,1211,10575.749523809523,13634.338095238096,104.90392293162212,45.00563897443671,-0.9817758634818089,1050,0.9032960861892063,1,0.164408225109054
fov0,1212,10617.86007882883,6186.271396396396,195.7749100146957,104.4104171434548,-0.4931948801090819,3552,0.8459144061468258,1,
fov0,1213,10885.593153109172,4993.2359187160555,929.8548347437708,152.15263214845663,-0.17709743481087004,16387,0.9865216937378605,-2,0.20681318958355477
fov0,1214,10562.738255033557,7237.5100671140935,18.787910080960206,11.709452475428844,-0.8629203449826908,149,0.7820274293232988,1,
fov0,1215,10570.464285714286,7579.160714285715,31.92458431782975,27.599532268498695,0.3216574098373618,392,0.50259353441828,1,
fov0,1216,10664.851018675721,6661.20246179966,264.7236122116564,37.9856669233829,-0.3011629735452268,2356,0.9896515063832327,1,0.23664401518864875
fov0,1217,10593.872161480236,6743.262405382675,66.3507309718816,62.989702276598244,-0.354485994685898,1189,0.3142371694186332,1,
fov0,1218,10580.5,13572.56779661017,18.592658667080293,8.25866837321561,-1.236357548370411,118,0.8959327360474962,1,0.14058648519184386
fov0,1219,10597.55462184874,6412.252100840336,35.87947952825941,18.502827816885056,-0.4716939910546042,476,0.8567729148909181,1,
fov0,1220,10619.713476783692,7192.845979614949,88.41030658864713,18.539646384605344,-0.5281081517811229,883,0.977765762255987,1,0.15720422064571038
fov0,1221,10597.848684210527,7865.328947368421,30.077074541848248,14.80783379075889,0.8914010840040865,304,0.8704088547224411,1,0.4452477598173517
fov0,1222,10597.52608695652,14852.14347826087,30.151765702601345,12.054599498150155,-1.2616326866976846,230,0.9166035058015053,1,0.6183754705986247
fov0,1224,11037.426516241387,7061.34292420686,996.2418381656784,217.41252956435918,-0.2980028714836154,39621,0.9758967649998476,-5,0.061371138266037614
fov0,1225,10622.842307692308,13520.098076923077,79.32087809624647,21.35380491694489,-0.7973439171656197,1040,0.9630820945496822,1,0.17914167869221148
fov0,1226,10622.178861788618,14704.930081300812,52.58380425132937,18.54720939360912,-0.4660831887016488,615,0.9357299901600171,1,0.5497063091457213
fov0,1227,10781.62085553582,16252.124555950266,693.5362432764042,81.46353891736486,-1.03946093385225,13512,0.9930774828656167,-2,0.6804665774656142
fov0,1228,10607.255813953489,13795.023255813954,20.656358294707214,8.16374626706351,-1.473811137979242,129,0.9185877391312024,1,0.17923614899347223
fov0,1229,10629.724662162162,7598.4121621621625,62.70944877629392,24.431912355193944,0.5313631866503882,592,0.9209820705286712,1,0.4690868469154253
fov0,1230,10630.621359223302,7146.203883495145,24.702187919089386,14.345534888693464,-0.16815014803614853,206,0.8140894899618804,1,
fov0,1231,10650.76210979548,13454.531754574811,72.88606807801773,39.07338759850651,-0.5492678101662286,929,0.8441617446626507,1,
fov0,1232,10654.634997969955,15046.269183922046,223.69398409270028,36.50923806365744,-1.3389469831060306,2463,0.9865912463362044,1,0.9628905070922451
fov0,1233,10682.65167930661,6446.147345612134,118.85104344700477,73.83911250689908,-0.24393746273687947,1846,0.7835930711066564,1,
fov0,1234,10636.024952015356,13587.182341650672,39.22828530794186,20.93057901460425,-1.2441021371246883,521,0.8457632598459716,1,
fov0,1235,10637.847457627118,7107.822033898305,31.53045532278371,10.851953221330525,-0.5192780962834918,236,0.9389059961900702,1,0.10793294807362734
fov0,1236,10640.611111111111,6393.377777777778,20.146954356961647,15.608306842325435,0.3040083057063682,180,0.63230090390677,1,
fov0,1237,10696.594477998275,13324.202761000863,250.37868983258616,75.9090576919667,-1.0199152632423487,3477,0.9529342644564744,1,0.3790867654382484
fov0,1238,10645.336734693878,7512.448979591837,18.583284116597724,15.887022842519654,-1.324079983411898,196,0.518777456635987,1,
fov0,1239,10652.792207792209,14289.074675324675,54.312644650778815,9.205063298158153,-0.7370813286491715,308,0.9855331319880224,1,0.30183401370189905
fov0,1240,10651.936781609196,15405.077586206897,65.93363061264897,31.136307721086126,1.257815151183211,696,0.881471556023251,1,1.3112056866337667
fov0,1241,10661.082949308755,6107.046082949309,66.63096697276653,10.093783154582866,-0.523380368464839,434,0.988459116875697,1,0.18730541130766207
fov0,1242,10642.10752688172,16007.967741935483,25.810492706167416,9.899692986692607,-1.4132683152519816,186,0.9235188488380163,1,0.7253831348746436
fov0,1244,10663.066091954022,4931.362068965517,41.64577605013454,14.020178035355526,0.0238876430927872,348,0.9416287568384804,1,0.16538813302809846
fov0,1245,10656.417989417989,16428.21693121693,23.811185944655918,11.778272889299656,-0.03821692322303447,189,0.8690906046265384,1,0.530000397539989
fov0,1246,10655.037974683544,15332.782278481012,55.40111955273241,14.286410505397036,-1.460845783766544,395,0.9661790261423141,1,0.6831167744664288
fov0,1247,10735.300479808076,6723.035785685725,230.0332768405536,135.0363544016421,-0.6041620694968431,5002,0.8095654315312887,0,
fov0,1248,10659.667701863355,16519.583850931678,42.72933255408761,9.912758404962934,-1.047189086835646,322,0.9727182794342286,1,0.5972196441256449
fov0,1249,10657.08208955224,4838.567164179104,17.32521809229306,10.081020373134248,-0.1472022774648427,134,0.8132819870560238,1,
fov0,1250,10656.0,7329.059880239521,15.99127445638504,13.35759573372308,-1.0763404424662697,167,0.5497864273518434,1,
fov0,1251,10752.772147413181,4763.430900070872,213.78184221211907,46.9007744469791,-0.24510255395794325,2822,0.9756381085959793,1,0.22736898810100825
fov0,1252,10691.144329896908,4098.855670103093,82.2960869474835,19.564507444515964,0.22013885587233945,776,0.971330506316174,1,0.39539376812729005
fov0,1253,10705.191616766468,6877.1996007984035,100.4584402591443,17.044810467474104,-0.03821396745316327,1002,0.9855008879775954,1,0.14883398462132108
fov0,1254,10699.822861775436,14307.419132549656,161.27963146294317,43.04070646503785,-1.0515528610752605,2467,0.9637325178595739,1,0.28764934865481256
fov0,1256,10929.768935594993,4806.311298129333,570.9060342744556,224.51831085403467,-0.32827090047464513,22933,0.9194244569045407,-3,0.23886934063342213
fov0,1257,10695.22619047619,6615.5459183673465,80.69170418687008,11.917942846713059,-0.2429496784047131,588,0.9890326193782387,1,0.26944676984104127
fov0,1258,10687.529411764706,7696.44427244582,59.07421341452373,27.605027744052705,0.061957595807801365,646,0.8841019634623657,1,0.35074610015195073
fov0,1259,10677.253333333334,15363.915555555555,32.80452388591088,9.124451089267295,-1.2457727662845117,225,0.9605387733183512,1,0.6304566553667579
fov0,1260,10697.17711171662,7491.83378746594,39.21641068835573,17.934973376100434,-0.2667674676216182,367,0.8892953311261673,1,0.27832581272741413
fov0,1261,10687.414937759337,15583.161825726142,34.66109734961045,9.208450022410203,-1.1467509773391282,241,0.9640637400066333,1,0.6099720196760088
fov0,1262,10691.98538011696,5929.070175438596,39.12796484578473,15.08520561842753,-1.0753755380495953,342,0.9226931513856974,1,0.369705351700303
fov0,1263,10703.140684410646,8261.821292775665,34.0836594704236,17.24618438150669,-0.5195244593818751,263,0.8625360130878996,1,
fov0,1264,10699.5,7050.029069767442,21.568292631160595,10.587613410771713,-0.2829199037946686,172,0.8712227561444734,1,0.08653156065404297
fov0,1265,10697.817490494297,14208.41825095057,33.97939702351826,10.117195958611612,-1.4134424779673145,263,0.9546454358074093,1,0.3867941664944173
fov0,1266,10702.901234567902,13995.256790123456,46.31459379102992,13.546412595736525,1.5406626843673867,405,0.9562695254648806,1,1.4139963908892756
fov0,1267,10733.424558416684,15298.994466907852,192.24814800139026,82.26747522386044,-1.4540612057243592,4699,0.9038150198209994,-1,0.6811936774466948
fov0,1268,10713.391959798995,7094.165829145729,26.05562887014108,10.133533816401451,-0.30793158583520985,199,0.9212718770119614,1,0.07922248504441191
fov0,1269,10718.930875576038,4966.506912442396,19.84912710134894,14.293158672369564,0.23501283206054496,217,0.6938806369660276,1,
fov0,1270,10724.72,14178.397142857142,44.216309500477635,18.00182572018771,-1.4124061288550076,350,0.9133698228197669,1,0.38639535693179144
fov0,1271,10745.242542153048,13970.038910505837,64.29749295551696,33.68497563600122,-0.18839359540204323,771,0.8517843783094008,1,
fov0,1272,10724.604938271605,13324.277777777777,21.318672185079112,11.109099769362475,-1.2510616380458839,162,0.8534973568608467,1,
fov0,1273,10743.896405919662,14322.236786469344,49.6839318582212,19.05556755461394,-0.069818251256194,473,0.9235260010660074,1,0.5392285591457746
fov0,1274,10751.271786022433,14380.304572907678,67.89470495553462,45.01908469685434,-1.521138372221997,1159,0.7485555344713275,0,
fov0,1275,10795.1519318926,6352.776031434185,144.12325126037953,36.5057999722503,-0.4986023843125202,1527,0.9673889020483046,1,0.15355793826046996
fov0,1276,10762.379921259842,6174.173228346457,67.38649134516972,15.137803749950143,-0.043014815218850935,508,0.9744414749558413,1,0.18787673291941676
fov0,1277,10765.48997289973,7490.268834688347,72.76559250999003,54.697312094886044,0.7425878261191404,1845,0.6595143452890395,0,
fov0,1278,10752.645962732919,6795.391304347826,22.5400200050251,10.141309174578769,-0.12507962781462648,161,0.8930665522220065,1,0.11662777639243094
fov0,1279,10751.045161290323,6592.664516129033,23.29703245429321,8.724197928748973,-1.1532607154505647,155,0.927236288004207,1,0.5528151465946705
fov0,1280,10758.636942675159,4952.6815286624205,23.7471820285647,10.848498068851132,0.6105468688122903,157,0.8895524415103154,1,0.3840503159493807
fov0,1281,10775.68490153173,13159.32056892779,103.07233325168231,17.20195472030313,-0.9296375243806861,914,0.9859751711166729,1,0.3435474645455697
fov0,1282,10789.605510331872,4395.876643706951,74.37583518611534,35.25307239817457,-0.23376065567570542,1597,0.8805326129390207,1,0.08979186685578987
fov0,1283,10784.865541327124,4142.373108265425,76.79904507843169,36.738513050337005,0.708990479559559,1718,0.8781572902395862,0,0.5883763421667174
fov0,1284,10790.640780487805,14805.95824390244,268.8934086301482,50.96289550850227,-1.517421542863752,5125,0.9818752694716705,-1,0.27799707502181537
fov0,1285,10815.417475728156,6519.541262135922,112.00207215828826,17.899981449112875,-0.03925344981401271,824,0.9871464476173962,1,0.43897729889653897
fov0,1286,10769.943396226416,5637.251572327044,23.90988127240622,9.331537651631322,-1.4155365727922875,159,0.9206964073714349,1,0.8355268235844436
fov0,1287,10800.124242424243,6129.084848484848,90.42919367816921,16.366780100651713,-0.4209917070893307,660,0.9834849355997579,1,0.23177048042836657
fov0,1288,10785.917171717172,7977.951515151515,56.0330836041206,14.389414576111884,0.28802877838472124,495,0.9664640044665173,1,0.18912422635923526
fov0,1289,10784.608982035928,13875.398203592815,123.37407029370134,32.95043019254419,-1.4368662997971064,1670,0.9636750717525806,1,0.983334621945997
fov0,1290,10804.46095717884,4623.867338371117,78.59074782044766,28.457421207738147,-0.3705532348746932,1191,0.9321406810040823,1,0.09357791930193804
fov0,1291,10869.319941563184,6715.196493791088,171.2418229560083,59.725364026835344,-0.04087792692775721,2738,0.9372054064768539,0,0.15489659725340063
fov0,1292,10868.571087873785,14338.343881856541,373.764762972406,73.02271962387788,-1.268947144578864,10902,0.9807294487719489,-3,0.3072236825358928
fov0,1293,10826.825627476883,6792.482166446499,64.18904468316003,21.466177075331597,-0.5397984453210533,757,0.942423717788579,1,0.21116355713567247
fov0,1294,10808.393081761007,6412.481132075472,44.24399865036722,10.355479618761425,-0.8265261453012506,318,0.972223626815485,1,0.3010734011205116
fov0,1295,10806.064599483205,7543.098191214471,34.46379487509706,19.055609367282102,1.088886592261094,387,0.833236503271548,1,
fov0,1296,10812.629213483146,8016.082397003745,35.27192126471698,9.88751713321372,0.04618031408717304,267,0.9599058457268577,1,0.09675550875320796
fov0,1297,10831.082029141931,7591.9222881813275,172.22427936074257,50.15011145685687,-0.9550906047309162,1853,0.9566650229381479,1,0.3194254937686378
fov0,1298,10819.20320855615,4102.213903743315,32.2464423984806,19.11557459835051,0.5067577306579399,374,0.8053523711316125,1,
fov0,1299,10866.684782608696,4248.70082815735,127.28509331539928,27.660705648011756,-0.2500894273828713,1932,0.9761019718604047,1,0.24518269341631835
fov0,1300,10864.041359773371,5084.999433427762,162.8582229857184,31.63510333025038,-0.2038398894630718,1765,0.9809521861538423,1,0.2536352993423602
fov0,1301,10826.056790123457,6598.753086419753,43.13039777125647,19.058221302617596,0.2937791758631113,405,0.8970768974867072,1,0.3904168986103698
fov0,1302,11216.264523376485,6699.090456831069,962.0725751477297,104.07881796618516,-0.43548688719268486,18694,0.9941311187510191,-1,0.08763183360954471
fov0,1303,10860.173065204144,5023.601462522852,103.2946160150498,56.241416671314944,0.1381096475285295,1641,0.8387765641104061,1,
fov0,1304,10835.304166666667,7488.1375,39.46964695477237,9.075471970528577,-0.6031348404978755,240,0.9732058764312124,1,0.3224678748945043
fov0,1305,10843.282828282829,7677.460606060606,34.98061741705515,23.096048648565795,0.033580069112411425,495,0.7510434831500467,1,
fov0,1306,11003.78869947759,6091.529969755293,470.6252607888395,63.67179949852601,-0.5630072985284424,7274,0.9908057800964614,1,0.35408711179987684
fov0,1307,10938.284496976361,6570.711379879054,261.1258024120157,71.38106903602596,0.14630108568351827,3638,0.9619121047619881,1,0.1766721801022182
fov0,1308,10844.896024464831,13096.944954128441,40.243281432470496,14.849292660150164,0.18606536464084772,327,0.9294341122965768,1,0.5010215522308104
fov0,1309,10888.778395061729,5519.496296296296,163.48080273007753,35.16362730784354,-0.7614026054696624,1620,0.9765935014796645,1,0.6052210165919261
fov0,1310,10860.885856079405,8212.72952853598,51.54247067528276,12.111137099870673,0.03445597491746197,403,0.972001671997488,1,0.13300740493999924
fov0,1311,10868.937413073714,5422.948539638387,58.492280248057035,16.93413932620533,0.6266647174462434,719,0.9571747861006237,1,0.6334722870770962
fov0,1312,10855.718954248367,13043.699346405228,40.36527926835793,9.990167258672846,-0.9131040174557278,306,0.9688894081591416,1,0.2786229537549045
fov0,1313,10854.670658682635,6149.760479041916,23.228117289176357,9.894291268228132,-0.39744521937407157,167,0.9047411355227764,1,0.22430384535890913
fov0,1314,10862.048335123523,14493.427497314715,111.52841806670864,13.288076185248771,-1.3332353946896296,931,0.9928768404134628,1,0.3566423784430094
fov0,1315,10885.94947368421,6650.526315789473,55.87288117051614,14.343043855685,-0.16689501662776668,475,0.9664888736586797,1,0.284946278801017
fov0,1316,10882.996694214877,6340.576859504132,58.730491717085314,25.000692984073893,-0.01924643136536346,605,0.9048713877314969,1,0.2654490703022641
fov0,1317,10883.965174129353,6125.12935323383,29.105237601449158,9.615545698227535,0.42463227464001657,201,0.9438509233060289,1,0.4090154462710533
fov0,1318,10896.848837209302,6297.87015503876,52.32028172828379,17.315115550791937,-0.5095611846432933,516,0.9436501793962958,1,0.2077470494352601
fov0,1319,10882.902912621359,15890.378640776698,13.957409108967907,9.599170405165102,-0.9274133257371763,103,0.7259501730555862,1,
fov0,1320,10891.845771144279,5384.855721393034,24.67119187808927,12.795044860251446,0.04667588862037639,201,0.8550030975158776,1,
fov0,1321,10916.377311960543,12992.892725030826,140.60870653097024,21.51149665833806,-1.0229890999177202,1622,0.9882279893812426,1,0.31109933619677616
fov0,1322,11299.312301267144,4248.9894167339,902.1107518633835,200.4735787735561,-0.2853623650395369,42142,0.9749949003292037,-7,0.3158142819439226
fov0,1323,10900.917594654788,13991.21158129176,35.860535530927734,18.61397124934674,-1.4738809645550548,449,0.8547343903622945,1,
fov0,1324,10923.02614379085,6448.997821350763,80.31571624795919,29.542738608307165,-1.0935285033118431,918,0.9298920257087829,1,0.5427513785812053
fov0,1325,10909.25925925926,6080.375,36.197685262925916,8.006612235750726,-0.45229671020935897,216,0.9752304439881572,1,0.2248953064197791
fov0,1326,10906.239247311827,14125.217741935483,25.886227918039605,20.02076275984456,-1.4438250548719784,372,0.6339016340995264,1,
fov0,1328,10932.664705882353,5705.389411764706,55.641968176208806,41.28045264477308,-0.48244748229681744,850,0.6705169780993515,1,
fov0,1329,10938.522245762711,7593.698093220339,109.76144125270908,25.285362631284258,-0.9768551133060305,944,0.9731039310739759,1,0.2718296760956332
fov0,1330,10931.132972972973,6220.692972972973,63.611273722031825,36.443701041462994,-0.9676665032524723,925,0.8196164578127202,1,
fov0,1331,10932.356770833334,13232.2265625,50.83610100615437,17.029375950279512,-0.13265483775893608,384,0.9422231483404573,1,0.3655954039864119
fov0,1332,10922.57142857143,6875.940886699507,29.602093490345094,8.918470123966902,-0.33746111290491554,203,0.9535362347193721,1,0.09175856440461365
fov0,1333,11708.075024456317,7075.008446835729,1729.6359643926703,211.78421924802913,-0.43288646708057454,53156,0.9924753757884445,-8,0.18558300260161875
fov0,1335,10925.040071237756,14060.53161175423,81.59258443700986,22.175237655916483,-1.5662071723911004,1123,0.962359391239416,1,1.0311326074093219
fov0,1336,10932.206549118388,8254.92443324937,35.325419609600495,15.129523333478788,0.41123241786124837,397,0.9036413509814,1,0.168743234479777
fov0,1337,11408.302740125733,4974.639247725404,842.8989565592746,252.19820626132332,-0.19175424146666525,37699,0.9541893653144053,-7,0.4392147752371802
fov0,1338,10937.445825932504,5637.9520426287745,48.49327721735375,22.132140212554802,1.1107270932769855,563,0.8897767387442236,1,0.988534780944449
fov0,1339,10932.065693430657,13208.569343065694,16.329456718622605,12.90866045751757,0.5405483508702211,137,0.6124442612709844,1,
fov0,1340,11204.171575799986,6305.914116674088,465.7133729840239,222.29751323387188,0.06234139071765922,15719,0.8787258080122544,-1,0.33083964769629637
fov0,1341,10954.860738255034,1056.4345637583892,59.1879372401722,15.869641303411381,-0.52629133555802,596,0.9633847160766226,1,0.42617034297067485
fov0,1342,10945.253578732107,5349.2208588957055,39.375336595367386,18.5512763150439,-0.8686431208752948,489,0.8820587131671273,1,0.48215969956122356
fov0,1343,10959.87811634349,6269.524238227147,111.43807765989492,41.69617387103879,-0.8718121049202859,1444,0.9273623447509921,1,0.45821669686658517
fov0,1344,10990.743416610398,4220.978392977718,157.09676550856312,30.155379650115854,-0.28167776650626275,1481,0.9814038901492009,1,0.2691348047899877
fov0,1345,10998.016620498614,12972.202770083102,239.3274456342099,14.884993066468546,-0.7662347320069378,1805,0.9980640110916481,1,0.1479351578972058
fov0,1346,10961.809187279152,6382.791519434629,42.126260965394366,10.675480467310079,0.0550510743067648,283,0.9673573215463367,1,0.3247524051204908
fov0,1347,10962.06170886076,6504.0031645569625,52.86204920631674,18.439044496524406,-0.46455359546985486,632,0.9371918200091504,1,0.31444119791977504
fov0,1348,10956.831460674157,8081.307116104869,34.46239713700533,14.430946949100425,0.3113285115789785,267,0.9081039900873963,1,0.25324757297976713
fov0,1349,10953.058631921824,14011.693811074918,44.36451320072199,9.471047288815425,-1.4467471163138248,307,0.9769468876232297,1,0.6457893773351433
fov0,1350,10971.996784565916,4377.4469453376205,41.03049351690841,11.61175356271991,-0.04826244564022657,311,0.9591190180957991,1,0.17988473344836692
fov0,1351,10968.85534591195,8277.559748427673,31.132225853923757,21.04508833807984,-0.4377635962588705,477,0.7369103535905148,1,
fov0,1352,10965.646408839779,4889.353591160221,19.69920602953576,14.217959483783796,-0.4281566750496948,181,0.6921507940599605,1,
fov0,1353,10970.124060150376,13895.12030075188,31.003605272464874,11.56794908497801,1.1273553843596211,266,0.9277845980581653,1,1.2793837588736146
fov0,1354,11140.134647489405,5818.169128033903,443.2180917553575,226.08801345325887,0.1943702308459128,15574,0.8601118045793061,-2,
fov0,1355,10967.187096774194,13945.864516129031,20.6450112890071,9.653382623598935,-1.266939723372701,155,0.8839459353108567,1,0.6063938390644171
fov0,1356,11003.288224956063,5954.507029876977,140.1848570499087,53.66485169063447,-1.4120082741283368,2276,0.923825066886721,0,0.48874124247819895
fov0,1357,11079.097133406836,5520.23980154355,367.63772521362637,218.6274140806637,-1.5127203814669625,9070,0.8039612669905288,0,
fov0,1358,11004.788487282463,6151.147255689424,79.46295535883368,20.32698741877678,-0.2942574216999069,747,0.9667285141575742,1,0.26333656344604217
fov0,1359,10986.515873015873,5747.0291005291,56.28071514099553,9.580515322572062,-0.9194734827079815,378,0.9854048200745654,1,0.5234092477348662
fov0,1360,10986.15857605178,5663.100323624595,42.495003263763564,10.827553462365312,-0.9805702530538062,309,0.9669948495348766,1,0.527932673065157
fov0,1361,11009.333850931676,6472.405279503106,87.4283091415128,14.343736890009852,0.26453574123102136,644,0.9864498891459582,1,0.39204191404690375
fov0,1362,11123.682462449757,6616.898667230802,364.5689521673113,39.56457843861091,-0.4575737517219915,4727,0.9940938000976147,1,0.1544989134966567
fov0,1363,10989.237288135593,4239.762711864407,17.58194638825252,9.10143351168568,-0.2577515302550328,118,0.8555876896355107,1,
fov0,1364,11007.0408,5455.512,75.19873362498986,40.906233302002036,1.3589304233529726,1250,0.8391014049919057,1,
fov0,1365,11011.882246376812,3996.038043478261,60.39855415228712,28.078075796129998,0.3633562514820131,1104,0.8853737335558742,1,0.3366187704081607
fov0,1366,11010.13808801214,6353.512898330804,42.98811841552502,27.037642325660233,-0.2145405220220399,659,0.7774407603680706,1,
fov0,1367,11050.08250166334,5518.176979374584,131.9200985960104,45.6138565434015,-0.7958687295866652,1503,0.9383197347366752,1,0.5571315529002498
fov0,1368,11034.165898617512,6541.900921658987,86.21391045180256,26.828044025006154,0.06615172211686364,868,0.9503509941823615,1,0.19392599193741722
fov0,1369,10999.780104712041,8249.821989528797,23.292865152016773,12.394665584353525,-1.3214033092925306,191,0.8466671612117908,1,
fov0,1370,11010.43006263048,8293.895615866388,36.79591719931213,25.002462299077465,-0.8205657432376247,479,0.7336846549537701,1,
fov0,1371,11024.686585365853,6865.487804878048,95.14348203643644,18.844611868543588,-0.3077964161112134,820,0.9801888493651462,1,0.062177349536134185
fov0,1372,11011.666666666666,5124.987012987013,26.1004471727136,14.436576894647809,0.5939499323368053,231,0.8331041997435573,1,
fov0,1373,11042.298679867987,7840.809405940594,102.86466692463998,46.315536853860564,-0.9287264630698704,1212,0.892899002918571,1,0.47930297374278896
fov0,1374,11033.532786885246,3946.2330210772834,60.92312278444537,40.59790272251719,0.49478021205007255,1708,0.7456129975535031,0,
fov0,1375,11049.40105263158,6220.001052631579,73.36577167826418,28.80324424464713,0.40968364248764866,950,0.9197102413040269,1,0.5387980073566024
fov0,1376,11027.516746411484,12880.76076555024,25.89341656128916,20.920863559864973,0.2791189387770205,418,0.5892363451618228,1,
fov0,1377,11040.365384615385,13101.01923076923,25.276269197944988,16.78320279048043,0.8830609337489103,260,0.7477410026902027,1,
fov0,1378,11082.948717948719,7939.020892687559,110.84780318519685,23.70668714357288,-0.6209839751127352,1053,0.976862787823722,1,0.35906953858420787
fov0,1379,11045.994623655914,4786.177419354839,20.172434990862303,14.319283512042434,-0.048575160387222094,186,0.7043588469555289,1,
fov0,1380,12261.358268935674,2528.9889439178232,3827.232942017926,2093.210761061093,1.4404364233026887,1014012,0.8371813714764,-394,
fov0,1381,11076.602622950819,6141.699016393442,104.65015471139597,64.64887718431073,-1.2231579670416313,1525,0.7863652137377823,1,
fov0,1382,11126.575798319327,8291.404705882353,207.77960908627148,55.223894348039046,-0.0835215684792652,2975,0.9640334037723642,1,0.3217826071810887
fov0,1383,11056.58064516129,4687.070967741935,17.57465946408254,11.574370763081864,-0.17681656773212062,155,0.7525081536795135,1,
fov0,1384,11209.300430606161,5944.957767472673,331.2030187931242,138.15473185455681,-0.014000043105084405,6038,0.908846808446116,1,0.4782914566372654
fov0,1385,11095.182833217028,7361.849965108165,90.32487332400322,45.85237070214773,-0.19641203079639455,1433,0.8615702489492775,0,
fov0,1386,11107.485923423423,12836.8490990991,158.0285401136942,36.03027295749638,-0.6610316565614763,1776,0.9736614790374126,1,0.5026273808457178
fov0,1387,11066.795811518325,7989.361256544503,19.642636894414874,14.509722500806868,-0.5623255662075872,191,0.6740507217723237,1,
fov0,1388,11073.139682539682,6813.161904761905,33.51531017172872,14.864638362125824,-0.40769052081946,315,0.8962655384076653,1,0.08719199032335535
fov0,1389,11096.415662650603,7881.891566265061,85.3366177203801,25.792699740227203,-0.41609839824322664,830,0.9532297796298584,1,0.3076410203278636
fov0,1390,11083.107954545454,13220.573863636364,29.611958370730814,16.52942217632435,-0.327872594734731,352,0.8297058162704182,1,
fov0,1391,11139.726854891662,6487.016414970453,176.04331993858779,17.63995487711932,-0.6353909432381674,1523,0.9949670790862366,1,0.18987631430983884
fov0,1392,11100.271255060728,4211.200404858299,42.53103798660492,17.01950101425951,-0.6310093875239081,494,0.9164424092360994,1,0.3566236695026795
fov0,1393,11163.706039551042,6066.772848743987,191.8716670445127,30.009087469974098,-0.4472947814310111,1871,0.9876935026370685,1,0.2715245970360392
fov0,1394,11117.615789473684,7971.881578947368,47.067518876235575,14.232626939721706,0.26273729545065094,380,0.9531850979720256,1,0.33873130150323394
fov0,1395,11120.825342465754,6821.106164383562,41.12945296791974,10.612784145515018,-0.08218253174741691,292,0.9661359218485117,1,0.1449259435235309
fov0,1396,11117.513227513227,8319.338624338625,26.097441162851418,10.4838685140489,0.16860990968137265,189,0.9157624717131767,1,0.10025026224878697
fov0,1397,11115.98561151079,4412.338129496403,20.757393434036732,8.846582913319542,0.5747221839807081,139,0.9046339143236858,1,0.5777122611894409
fov0,1398,11127.080139372822,5125.940766550522,44.662053827067794,8.857322267361686,0.3560646212713572,287,0.980137580714508,1,0.18343266332549676
fov0,1399,11114.514285714286,5790.335714285714,16.914444870728595,11.236834637666732,1.326009942405053,140,0.7474361658242271,1,
fov0,1400,11124.274900398406,6426.426294820717,28.614093287657045,14.262248279670477,-0.4157143238700652,251,0.8669274212780459,1,0.2268081974180505
fov0,1401,12257.185305584537,4971.633693921256,2081.118649653982,688.713356425857,0.42866525648382336,91055,0.9436538287912629,-12,0.49659801246828955
fov0,1402,11147.82484725051,7464.997963340123,60.170911070249694,11.334798946054267,-0.24344052100154134,491,0.9820968439344251,1,0.33378689152037727
fov0,1403,11175.013446884805,6144.535634244733,195.13661843243756,41.85150825512034,-0.8397004635799086,2231,0.9767299489533936,1,0.4040259216935395
fov0,1404,11133.456,7851.04,32.98703560294614,10.861625390795046,0.4491786826528266,250,0.9442359784331408,1,0.666968453609765
fov0,1405,11434.08770735857,4526.331943853679,791.283136744702,57.2864784542943,-0.2648775921399675,11755,0.9973758985227871,-1,0.22305032075407558
fov0,1406,11134.911877394636,12875.379310344828,28.028086714810623,14.994765622847899,0.32047382132596475,261,0.8448579496285425,1,
fov0,1407,11138.337164750958,5588.862068965517,22.64108648682408,15.66951767388282,-0.485780868815112,261,0.7218176478258439,1,
fov0,1408,11145.120634920635,5714.192063492063,39.050133422192054,31.75187366631291,0.31597055971690974,630,0.5821165151625473,1,
fov0,1409,11251.509909521757,3968.8384317104696,280.96268039094116,57.727622941945356,-0.17395205614138268,4642,0.978664743948396,0,0.17997357490644075
fov0,1410,11235.616676152533,6901.592771770062,220.69302726731667,49.290965701532684,-0.3153679136969048,3514,0.9747391657024869,0,0.10088442529324568
fov0,1411,11190.575378538511,7993.213956550362,111.11169850542449,32.60299054895246,0.06799815823888779,1519,0.9559819851430886,1,0.3152957927562555
fov0,1412,11208.60641754671,5526.26685621446,143.88379465415503,72.22075429146787,-0.6767215362836324,2462,0.8649035629464976,1,
fov0,1413,11166.639622641509,7901.299056603773,44.06997507607912,36.79709911007851,1.5296030772418112,1060,0.5502957399934766,1,
fov0,1414,11162.617486338799,5504.9672131147545,26.056081655048672,10.191121327591347,0.3425155981115198,183,0.920338602931968,1,0.5580057170204163
fov0,1415,11162.842541436465,7950.839779005525,28.250034565413564,19.195445818388855,-1.4092359766264762,362,0.7336903474153699,1,
fov0,1416,11257.306876147724,5586.869414405223,302.33399645302745,81.07262680611306,-0.8173560047965,4901,0.963375547451014,0,0.34382684201945973
fov0,1417,11170.842519685038,6102.944881889764,15.712262052750958,11.511817058132216,1.4968249091880292,127,0.6805899570587114,1,
fov0,1418,11186.666666666666,12959.205128205129,41.625236634660745,9.94685568877801,-0.26464137525223325,312,0.9710288846916181,1,0.4575828110729898
fov0,1419,11198.409836065573,4796.845173041895,63.83850362499564,17.464008278739225,-0.3199653455969834,549,0.9618533934564165,1,0.5003500261673158
fov0,1420,11182.40776699029,4883.563106796117,29.15682232808309,10.855193282557627,0.1271265639716387,206,0.9281109542965174,1,0.339682550864898
fov0,1421,11186.140271493212,8030.873303167421,28.59735834038336,12.600706969266888,1.0084703571075693,221,0.8976913356841547,1,0.5211970269572302
fov0,1422,11191.501742160279,13048.108013937283,30.868022701389464,18.11450380770275,1.3528653584807109,287,0.8097049514789718,1,
fov0,1423,11199.35304054054,7847.003378378378,69.98591728786225,14.741143819715502,-1.3742728682145628,592,0.9775658251690534,1,0.7213296250277157
fov0,1424,11262.98754716981,6605.071320754717,197.38757947345707,45.13183182134948,-0.7323890955716189,2650,0.973509691502968,1,0.1389444680329774
fov0,1426,11217.830028328612,7689.243626062323,36.2902877613174,17.937718639512838,-0.169960175439222,353,0.8693003242538818,1,0.45185997454298416
fov0,1427,11231.427430093208,7234.121171770972,87.03588349008892,22.576848692284166,-0.49842375945430734,751,0.9657707733821465,1,0.18014079715733824
fov0,1428,11395.184920759453,5677.661148595638,444.4807012428933,144.50079880853568,-0.10056773993013386,12746,0.9456795494848625,1,0.5036738854965204
fov0,1429,11287.120289855073,6742.863768115942,161.07018267219718,25.19364934761549,-0.572842792440848,1380,0.9876915642256799,1,0.08489798987736187
fov0,1430,11271.463594470046,4839.98801843318,114.56741179238438,70.49211380492537,-0.9516586202898579,2170,0.7883013110488056,0,
fov0,1431,11396.377168949772,8223.328158295282,460.56477150946847,53.82282978922644,-0.45841820220018936,6570,0.9931480835769294,1,0.39804706550042707
fov0,1432,11249.023448275862,5982.375172413793,59.64318155697159,29.635388205172546,-1.3567253086272895,725,0.8678203707035222,1,0.4698171307519257
fov0,1433,11243.488135593221,6485.630508474576,37.709262063368044,15.37512309341049,-0.7047404476710041,295,0.9131034193489987,1,0.13320850270275283
fov0,1434,11266.930795847751,13992.798442906575,124.1250320437263,28.312406274846587,0.4192019093679339,1156,0.9736386790740826,1,0.5519927709442306
fov0,1435,11253.188509874326,7961.551166965889,42.9940628368135,19.619694499780508,0.5078564563214654,557,0.8898080649793882,1,0.5029030595798781
fov0,1436,11258.315217391304,6233.434782608696,47.17278497929484,33.13080473594921,1.3331389850602595,552,0.7118527084052625,1,
fov0,1437,11250.815286624204,12400.52229299363,20.52048915734891,19.605965550398867,0.2076672715708877,314,0.29520597698651396,1,
fov0,1438,11260.513257575758,5013.765151515152,48.309742973181805,18.089302214792458,-0.05852175090912014,528,0.927249456287511,1,0.16132329731995465
fov0,1439,11258.054838709677,6093.912903225806,28.13138239091797,19.807892589950967,-0.5233079934195871,310,0.7100801667089636,1,
fov0,1440,11297.402539208364,6120.028379387602,149.20446312772552,35.23902149946121,-0.5513105268216005,1339,0.9717094669195393,1,0.19670937786126586
fov0,1441,11250.079365079366,7717.261904761905,18.81770272513504,9.119866660348684,-1.3270946382974613,126,0.8747120820579454,1,0.5100923049542943
fov0,1442,11261.926910299004,6189.0398671096345,29.237641471262908,22.003614518897198,0.994271173049911,301,0.6585027730695585,1,
fov0,1443,11272.238095238095,7779.9747899159665,48.54025926072835,10.495376287000337,-0.639713013922201,357,0.9763446619219251,1,0.34887719512854637
fov0,1444,11282.480541455161,3986.5194585448394,57.66511469547599,15.773403723293354,-0.26469302865794986,591,0.9618621658052727,1,0.1832509752049165
fov0,1445,11288.311808118082,6790.0977859778595,58.99804775324846,13.068144147202496,-0.3115352169467031,542,0.9751600766317597,1,0.0892357164682299
fov0,1446,11272.039106145252,13036.99720670391,28.47080499269562,18.59845789464152,1.5317041770245583,358,0.7571451765528618,1,
fov0,1447,11305.911534154535,4967.980963045913,82.36647079709664,34.41855357377121,0.38000447039916013,893,0.9085064048632127,1,0.31282272843734055
fov0,1448,12554.278979105056,4296.309327292608,1863.348372118267,868.1042176283801,0.14138903118357926,216751,0.8848457979933808,-44,0.3599482567256423
fov0,1449,11305.058385093167,13750.74844720497,90.13428277054096,41.68514003447299,0.8356899330405212,1610,0.8866306575653936,1,0.8082996083639691
fov0,1450,11304.359589041096,6060.998858447489,62.553880586411154,35.76959158587538,-1.271274951007731,876,0.8203787601317853,1,
fov0,1451,11341.268901209678,13352.251260080646,389.13931642410233,76.40557884040548,-1.3993321665371101,7936,0.9805348647741239,0,0.03151872996383878
fov0,1452,11296.676113360323,8222.672064777327,26.125951609838687,15.197322933772572,-1.4906688820820964,247,0.8134073291175671,1,
fov0,1453,11297.645161290322,6215.193548387097,15.943080031545358,10.385057370545885,0.036640675878428466,124,0.7587487669052548,1,
fov0,1454,11308.622222222222,4346.362222222222,58.2382346162907,10.01048137802854,-1.0880177118529297,450,0.98511641540861,1,0.5615890250782037
fov0,1455,11302.378048780487,13821.957317073171,28.467958412296376,10.351903180450336,1.3222667802797736,164,0.931542098965508,1,0.5453065488604647
fov0,1456,11326.183823529413,5801.501838235294,70.45553058155673,19.21567601851381,-0.9960207797542233,544,0.9620892480997664,1,0.35515059182841474
fov0,1457,11794.701143728555,6765.140983606558,826.5868461073834,219.71589783088635,-0.2771281638178424,26230,0.9640251544100316,-2,0.1742720445004881
fov0,1458,11315.914285714285,13702.6,13.690379182422259,10.100012501743594,0.41653177741683256,105,0.6750791916007564,1,
fov0,1459,11317.89349112426,4794.828402366864,20.1909290808224,12.082767533453236,-0.08510236928739855,169,0.801178431618233,1,
fov0,1460,11350.632551528073,7167.050461975835,79.96863043581695,52.02238100969768,0.6107172680557085,1407,0.7594764044151957,1,
fov0,1461,11359.032583754015,6174.769160165213,98.97866098100918,74.55244385747493,-1.15654573323689,2179,0.6577717210010903,0,
fov0,1462,11363.252252252252,4777.411840411841,102.19450912154454,15.84593071965815,0.3549737965405305,777,0.98790559168862,1,0.3509445654292752
fov0,1463,11334.198331788693,13666.17423540315,126.88067352201068,16.253944518909055,1.3696545395238522,1079,0.9917607167607531,1,0.9857412938536689
fov0,1464,11412.908770979968,3924.40525175961,151.08496415905415,76.70710831230737,-0.009382652695341229,3694,0.8615289670767012,1,
fov0,1465,11330.44094488189,13528.322834645669,18.236413911215745,9.196520752131725,-1.389511569081161,127,0.8635318144667976,1,
fov0,1466,11354.616998950682,6803.407135362015,70.45674454739944,28.919944308109866,-0.5206950944705658,953,0.9118768857927155,1,0.15345663262402684
fov0,1467,11373.199434229136,6522.944837340877,102.59684985289809,13.714472675635745,-0.26337644671290483,707,0.9910254358524524,1,0.2024945023783316
fov0,1468,11349.432343234323,1278.7227722772277,40.454466397146035,11.84419863613638,0.7966278408066917,303,0.9561802866541905,1,0.569122119949069
fov0,1469,11365.139281828075,6024.276387377584,81.82601398811342,22.3461288979821,-0.8537519610746875,919,0.9619875769164098,1,0.4629548872249195
fov0,1470,11525.0922326855,6322.956254591598,607.0494942895419,171.00429699977974,-0.8394634814077796,14973,0.9595032800381413,0,0.03975201179345529
fov0,1471,11361.370514064016,4320.525703200776,74.85786707218585,38.03374821196897,-0.36395322635495475,1031,0.8613101731460641,1,
fov0,1472,11345.322916666666,7221.484375,18.552508429781195,16.642279148856183,-0.6665101443423376,192,0.441956255666948,1,
fov0,1473,11359.091757387247,13535.39269051322,153.35888579951455,20.506321956730638,-1.3287286346689036,1286,0.9910198817109207,1,0.675711858957748
fov0,1474,11357.082051282052,13013.311538461538,69.46318956408554,22.08734550405749,1.2736368966053515,780,0.948100122391528,1,0.9554801595713539
fov0,1475,11358.481865284974,13632.80829015544,52.24066869136995,10.620054209080138,-1.4549407976993827,386,0.979118377471645,1,1.1443922897370833
fov0,1476,11363.243902439024,6554.333333333333,18.640242051245803,8.662999275927522,-0.7314894895547064,123,0.885443443247118,1,0.1937302803542798
fov0,1477,11372.362831858407,13109.241150442478,36.75974571184239,20.35749616574752,1.3719333743165052,452,0.8326506452009025,1,
fov0,1478,11394.192349726776,5930.734426229508,67.50984301358189,46.56433466489093,1.2227772161182116,915,0.7240557851853462,1,
fov0,1479,11383.914196567863,6092.644305772231,42.45689819619113,29.00448836614242,-0.45328642596286994,641,0.7302767963673426,1,
fov0,1480,11394.666666666666,7722.062666666667,55.82484030853576,22.53051100850263,0.20568946428719373,750,0.914938656307954,1,0.5183446336530451
fov0,1481,11383.377314814816,13327.886574074075,47.087892604459896,17.073544411389708,-1.5026857037394212,432,0.9319492112113508,1,0.05267346776132048
fov0,1482,11380.064516129032,13075.774193548386,21.598209984433126,12.131469231919528,-1.2716707570109367,186,0.8273486989470383,1,
fov0,1483,11396.796498905907,13972.91466083151,58.83872940599268,11.592623006478215,-0.6021081641141931,457,0.9803987298218578,1,0.6736054340997866
fov0,1484,11381.07614213198,4817.497461928934,27.332561249801994,9.360553207854382,1.3712503752598868,197,0.9395291517088468,1,0.6793076376230865
fov0,1485,11389.25699745547,6745.699745547074,27.20402355104635,18.88054487181435,-0.7200187458039896,393,0.7199412469436617,1,
fov0,1486,11395.53112840467,4855.974708171207,40.48994177737706,20.656773720071428,-0.3310037989466715,514,0.8600732898948926,1,
fov0,1487,11420.804335424986,7083.527096406161,73.24477019902871,47.858161667903076,-0.5225734396736811,1753,0.7570125004311375,1,
fov0,1488,11392.995098039215,7651.970588235294,32.1646665720763,8.874307428894301,-0.6767560210486213,204,0.9611856675599306,1,0.37729006740467474
fov0,1489,11388.2875,13372.71875,24.554805943711333,10.581747495885478,-1.3852807151124833,160,0.9023786492533012,1,0.033131479236724014
fov0,1490,11388.051282051281,6988.598290598291,14.925853832958389,10.5812288534648,-1.0552479580195933,117,0.7052894022261026,1,
fov0,1491,11422.222929936306,7292.629299363058,92.81758921643171,17.623684580149956,0.11843674496700975,785,0.9818083876726496,1,0.4540485104608023
fov0,1492,11695.844326018809,4613.629028213166,670.8849020687128,139.49486685184468,-0.034658593231405285,15950,0.9781444156729037,1,0.0905912473113853
fov0,1493,11669.802095671981,5829.050478359909,614.7232824938586,118.90817590085048,-0.15311084091927338,10975,0.9811133564716429,-1,0.2575554190764446
fov0,1494,11396.552,7214.784,16.008106915201388,10.320017102286286,-0.5552378799259305,125,0.7644572501126594,1,
fov0,1495,11400.62109375,7602.01171875,22.272702462423926,15.886390672965499,1.3641113106175924,256,0.7008921015435132,1,
fov0,1496,11414.307167235494,8285.447098976108,21.95050629776922,19.30020732311318,-1.381366834125025,293,0.47634172540166086,1,
fov0,1497,11416.560640732265,6143.610983981694,38.27340519334078,15.06744300788581,-1.2098349510849493,437,0.9192478982236102,1,0.45333139254993293
fov0,1498,11427.2,5995.908045977011,58.36016350652946,14.963900750279688,0.5950694275664727,435,0.9665691502224657,1,0.5619900573434014
fov0,1499,11417.19105691057,6040.825203252032,29.922073672369187,15.926248186383885,1.5154206226796123,246,0.8465825131698431,1,
fov0,1500,11438.717536813921,6793.175368139224,65.62737646494121,32.479862653025315,-0.11408212391607708,747,0.8689423498933,1,0.1311989385391988
fov0,1501,11422.28205128205,6683.717948717948,25.401300057700624,10.172993670379434,-0.11451574375422766,195,0.9163006647291818,1,0.19629314502564363
fov0,1502,11424.2096069869,4359.855895196507,26.229670040511415,13.849462696434982,-0.26272022781697435,229,0.8492397024355648,1,
fov0,1503,11421.624309392266,5766.784530386741,23.893349204513566,11.880928337315332,-1.3450228644593314,181,0.867608254835252,1,0.4923963286630119
fov0,1504,11436.087837837838,7614.221283783784,62.56522994416647,17.826755121505894,-1.4573587607838194,592,0.9585481171741358,1,0.5881301579090977
fov0,1505,11449.90394265233,7683.0093189964155,85.18711455987548,51.72320912517534,-1.135588455559834,1395,0.7945706200663757,0,
fov0,1506,11458.520905923346,6176.435540069687,85.78561266961181,11.760789100444859,-0.8848722662772622,574,0.9905578869071417,1,0.5458840906054778
fov0,1507,11444.536036036036,7817.40990990991,30.136818146381287,9.706500372581672,0.006306004274695657,222,0.9467120719665344,1,0.4377486872418371
fov0,1508,11579.92858656495,5785.523627887264,266.7089206494204,101.9705426429409,-0.18029392752165965,4719,0.9240262826164687,1,0.24981125988605338
fov0,1509,11502.948592150171,5509.9648037542665,241.22197130501388,56.34838751781967,-1.1935947326211982,4688,0.9723338432028241,1,0.6677802947501575
fov0,1510,11451.836400817996,6050.028629856851,64.27750444256674,15.744961516155643,-0.8569110819966655,489,0.9695349780934793,1,0.4814592565363892
fov0,1511,11454.033678756477,6097.40414507772,37.836769338319634,17.397106745016785,0.25920420351799006,386,0.8880257812000348,1,0.5580947368067966
fov0,1512,11472.885224274407,4384.811345646438,91.03484126080657,13.236388932086598,0.018521937767122756,758,0.9893730772190399,1,0.31891187253345693
fov0,1513,11448.27242524917,13424.415282392027,27.503927020888607,18.36323667505018,-1.3323728337051428,301,0.7444674843753418,1,
fov0,1514,11771.749808537224,6448.342254826877,698.9324725867856,307.17113220448925,-0.6427268324482278,24809,0.8982493727423242,-4,0.13846661671402974
fov0,1515,11487.838248436105,6738.547810545129,110.97283341403498,24.076350937895963,-0.3807065109933452,1119,0.9761811256557231,1,0.14158584992652248
fov0,1516,11459.674846625767,12669.957055214723,18.844205142537575,12.79126838103438,0.4265038518906058,163,0.7343319335648069,1,
fov0,1517,11471.448202959831,5951.033826638478,36.86950059099945,22.095206305666395,-1.0310168564076567,473,0.8005384384585997,1,
fov0,1518,11523.269337016574,6939.344613259668,125.54422218949156,40.62925835491594,-0.44630964453388566,1448,0.9461853997293458,1,0.20913008393493562
fov0,1519,11740.760986436499,4298.380320591862,538.6155926036411,191.89567339162005,0.013156447204913687,20275,0.9343808597425741,-4,0.20007509320080405
fov0,1520,11474.666666666666,4472.903780068728,37.38422960554457,12.037684069345975,-0.44558003684752867,291,0.9467400130223365,1,0.20607622530306924
fov0,1521,11483.258823529412,3478.7466666666664,63.980437115423705,33.06640211678839,-1.0731208480085055,1275,0.8560937803877556,1,
fov0,1522,11480.9336492891,4747.715639810426,27.365393988215903,11.638651361440724,-0.3390045485054981,211,0.9050498711809722,1,0.47190754955805786
fov0,1523,11515.975816203143,12733.30149133414,124.7086863084773,76.14658508868328,1.3287756890103577,2481,0.7919424952966229,0,
fov0,1524,11510.253623188406,6067.560688405797,79.22700879188612,36.36121395880379,-0.2611950921848506,1104,0.8884622384848089,1,0.3964716232091154
fov0,1525,11512.290676416818,8251.429616087751,61.18769813245205,15.288633409231974,0.03428127135049858,547,0.9682808131931109,1,0.3048658395933809
fov0,1526,11511.718562874252,4629.041916167665,20.37283775615624,11.836686633003072,-0.1096067410736056,167,0.8139011778985542,1,
fov0,1527,11517.037162162162,6779.85472972973,29.509598688135828,16.072876131394473,-0.2023190864235255,296,0.8386530329033877,1,
fov0,1528,11523.725190839694,4013.6221374045804,30.486782663152102,15.253904418565536,-0.4798365178676447,262,0.8658262182848879,1,
fov0,1529,11575.319309600864,6884.632146709817,134.60357023144144,16.624492427033672,0.015650022556095045,927,0.9923436924392118,1,0.168040417051181
fov0,1530,11524.598360655738,7833.975409836065,13.935027778118604,11.876883638921663,-0.7280070223311357,122,0.5230463039758589,1,
fov0,1531,11539.049403747871,12803.018739352641,67.01129207846948,14.067886719734133,-0.9817487599257847,587,0.9777157579311607,1,0.8758805588696889
fov0,1532,11543.463928967814,12894.534961154273,105.7762182624352,36.79181463549458,1.5699912331923789,1802,0.9375587683242366,0,1.228694702718847
fov0,1533,11532.088983050848,1850.5338983050847,18.8996514405731,16.006793064318963,-0.5057034671317684,236,0.5316950278484555,1,
fov0,1534,11532.675925925925,6324.4537037037035,33.905345197537564,9.115001907053205,-0.8385005817522003,216,0.9631857641062312,1,0.03974518722658926
fov0,1535,11539.92372881356,13714.46186440678,57.36527587814365,15.382919140256268,-1.2702039151792042,472,0.9633751330912305,1,0.9535037240549027
fov0,1536,11571.755846585595,5526.7455565949485,77.69150767475881,23.911842252378754,-0.3329753988604878,1069,0.9514577592283142,1,0.3909989345685582
fov0,1537,11542.822727272727,6102.395454545454,31.565472458826545,9.687742431017696,0.9460273055158595,220,0.9517387125999285,1,0.759493111358939
fov0,1538,11553.11298076923,12994.117788461539,36.458150299447084,20.700987959094416,-0.23441805490431905,416,0.8231655943808923,1,
fov0,1539,11579.558383233532,8193.850299401198,87.76357915400271,14.260736904152205,-0.45949477807892375,668,0.9867101286461141,1,0.16860583079761052
fov0,1540,11560.95058139535,6153.386627906977,54.82254067004649,13.570235235466292,-0.9184295124379277,344,0.9688801747658459,1,0.494821342157983
fov0,1541,11581.387884267631,13109.405063291139,90.24850503939723,41.118949146908186,-1.3845931482144196,1106,0.890174797463504,1,0.9940437636860107
fov0,1542,11573.257230499561,13244.913234005258,207.71569840447586,36.32142806922578,-1.4009141856461411,2282,0.9845930839126522,1,0.026081416999393356
fov0,1543,11571.01166180758,4218.228862973761,46.668698675685164,27.253104307261022,0.07932991036847553,686,0.8117754806407652,1,
fov0,1544,11619.815068493152,5258.732876712329,547.0760301657152,97.11539310937974,-1.3992998061135193,8760,0.9841177020362475,0,0.7576750603978228
fov0,1545,11562.41517857143,5909.946428571428,31.966179093885117,10.433575793156425,-1.1452381984080264,224,0.9452337378912198,1,0.43415386002487505
fov0,1546,11574.592539454807,13405.28694404591,76.77787862365379,33.642839954656786,-1.40486658293825,1394,0.8988852871497323,1,0.594984507654547
fov0,1547,11629.760556127703,6039.558702368692,135.06074752558976,35.19735399612007,-0.47152771528864496,1942,0.9654458146311911,1,0.38406330044066
fov0,1548,11590.752593360996,3750.954356846473,123.09016710037979,32.03792713511569,-1.0240879655560637,1928,0.9655331395690369,1,0.36339571065059023
fov0,1549,11570.709844559586,13650.036269430051,23.924133500716955,10.889381371333894,0.31468452058912233,193,0.8904081118118499,1,0.6703429650190585
fov0,1550,11586.192034139403,6646.798008534851,108.73448318728101,17.45130328271415,-0.7797077071557305,703,0.987036709530879,1,0.21592606028011277
fov0,1551,11571.728971962617,12969.96261682243,15.09140699062057,9.549937621237158,-1.1635926128710674,107,0.7743101250561112,1,
fov0,1552,11585.927444794952,4309.4984227129335,45.142038705537274,11.36843925600096,-0.3088014291205576,317,0.9677696444173113,1,0.13307192193925912
fov0,1553,11588.430210325048,13594.770554493309,50.40160063533245,17.642218786641525,0.9729763936953255,523,0.9367374039899093,1,1.0312045504565186
fov0,1554,11602.54188759279,6108.269353128314,66.25279680456705,30.9486537672186,-1.0094689134179233,943,0.8841887680239279,1,0.5409221338939775
fov0,1555,11606.079646017699,4777.506637168141,43.91693247585919,26.629163443364547,0.008613864009218805,452,0.7951956036513138,1,
fov0,1556,11616.40310786106,7955.08592321755,101.84485977364685,21.188103459060425,-0.8989595128244975,1094,0.978119694891849,1,0.6654881194699294
fov0,1557,11604.73417721519,5719.3746835443035,50.7387288290399,11.790021400846344,-0.4218750956500496,395,0.9726281088358584,1,0.14810074437490958
fov0,1558,11622.143594153053,6921.03611349957,100.85524398170476,25.184915960936934,-0.43017730888159184,1163,0.968319765342447,1,0.18628555876192132
fov0,1559,11596.16149068323,1841.024844720497,14.916958148209813,13.80840767150034,-0.5560103193037998,161,0.37829469355045003,1,
fov0,1560,11682.564922093488,5921.47103475829,159.48463802661408,142.527301304032,-0.17094000018649372,2503,0.44871648092354766,1,
fov0,1561,11652.603660814344,8119.514755323123,121.58589886487268,78.99202794420215,-0.35127397456085035,2677,0.7602070878535282,1,
fov0,1562,11626.891625615763,5399.88013136289,65.9185513219724,15.268855278016074,0.9141087605809142,609,0.9728034490723426,1,0.803855678308201
fov0,1563,11623.92902542373,6241.823093220339,49.546406127271155,35.175050389325904,-1.3144960481462316,944,0.7042606421931243,1,
fov0,1564,11646.761996161229,5981.414587332054,65.59529086159249,12.330564455270258,-0.34117773281293656,521,0.9821729680846422,1,0.302367571156154
fov0,1565,11633.804034582132,5559.878962536023,33.53652069623405,16.25970514597973,-0.3234793993145565,347,0.8746052064408196,1,0.38267672818742776
fov0,1566,11628.508064516129,4819.008064516129,28.503829556678397,14.993996866046745,0.5854599210544352,248,0.8504632482704009,1,
fov0,1567,11649.677749360613,6630.404092071612,75.05755804331386,30.514460257469075,-1.1297583157141504,782,0.9136296598669531,1,0.3011076712671326
fov0,1568,11692.706180344478,5520.772036474164,179.28117324495844,96.67593605450072,-1.3245568267029422,3948,0.8421508651564119,1,
fov0,1569,11638.069620253165,5231.360759493671,18.338246908143244,12.815316397537067,0.01944577634766794,158,0.7152878327176553,1,
fov0,1570,11667.309722222222,3754.9180555555554,79.07723331977604,12.800781134375965,-0.45829947730298204,720,0.9868109514582452,1,0.1496961993142494
fov0,1571,11643.487804878048,6836.678861788618,20.362117976085063,15.775611156502354,-1.4754667480363766,246,0.6322640684798355,1,
fov0,1572,11654.46771037182,3024.021526418787,35.200617115394394,18.732228177155754,0.38556029063138186,511,0.8466461671670296,1,
fov0,1573,11645.396825396825,1607.642857142857,15.924432018473373,10.303862506405046,-0.6780958137653254,126,0.7624497676209382,1,
fov0,1574,11650.710963455149,5168.378737541529,27.473291581910445,16.151024879288943,-0.4334977772188351,301,0.8089474539791958,1,
fov0,1575,11853.02888689177,5594.694055719605,401.5485457536053,132.2342247297293,-0.12143687453022961,7789,0.9442216243634654,1,0.16303790190786216
fov0,1576,11701.080103359172,8035.2368647717485,121.28091280574422,33.596123815642926,-0.32569784323925,1161,0.9608668021637753,1,0.20487033014518902
fov0,1577,11653.897435897436,7952.51282051282,20.684816983251014,10.135908295150513,0.1250239950166397,156,0.87171297657184,1,0.4826271061175527
fov0,1578,11700.718309859154,5692.30985915493,111.6544812963706,27.144440335209563,-0.09056668612871582,1207,0.9699984577333596,1,0.2400317043342049
fov0,1579,11677.313167259786,6196.739027283511,68.40788485422067,22.855031420280497,-0.7091368145651562,843,0.9425378555445876,1,0.17192073822379675
fov0,1580,11664.349431818182,6678.778409090909,32.841035814541414,14.589840583076239,-0.9272451087336819,352,0.8958996844347364,1,0.23813838865159087
fov0,1581,11682.034300791556,5225.986807387862,55.55919551662132,13.417335671355852,-0.27336729762512013,379,0.970401760100008,1,0.47649745093522405
fov0,1582,11686.699805068227,5405.471734892788,47.479334625524125,15.168990897530074,0.05446228252864868,513,0.9475909378585574,1,0.5640472989951824
fov0,1583,11689.95472972973,3125.2216216216216,68.77407993426756,59.762586456794075,0.09387259315450026,1480,0.4948654268189869,0,
fov0,1584,11682.295180722891,7561.358433734939,29.504471923697295,25.648463170242113,0.8138839321089012,332,0.49427139165120854,1,
fov0,1585,11682.982352941177,4090.585294117647,47.89398197106083,26.76033809778849,-0.5507213832017201,680,0.829342111669412,1,
fov0,1586,11675.389140271493,7528.171945701358,21.991705272905538,13.777258907001912,-0.2899209903433009,221,0.779441319012681,1,
fov0,1587,12161.658355699958,7332.478010076753,1073.631062240738,496.3370944956636,-0.3996065043402447,84948,0.8867248176407948,-25,0.1850162123751225
fov0,1588,11679.637450199203,7990.653386454183,18.599717746415656,17.382080445312283,-1.3326834153680385,251,0.3558721890991541,1,
fov0,1589,11680.409523809523,8213.795238095237,18.05114291388487,14.952055017724849,0.3188542107216134,210,0.5602608222684549,1,
fov0,1590,11685.309148264983,4898.22712933754,32.79960119802931,13.443727283782039,0.6794963557230154,317,0.9121418287408383,1,0.37591706040975764
fov0,1591,11689.86328125,5275.2265625,37.91465414359138,9.482675774470202,-0.72688882027071,256,0.9682185070285481,1,0.3074826587547925
fov0,1592,11708.28222523745,6940.069199457259,77.62489045085466,16.55973445920437,0.1666537804588222,737,0.9769801533157239,1,0.24318551874112593
fov0,1593,11686.514563106795,7908.936893203883,28.186757370972575,23.093789018409772,0.642608990355007,412,0.5733458767095271,1,
fov0,1594,11719.137185929649,5170.550251256282,146.87488200772515,77.31191392755102,0.942572955283689,1990,0.8502497958530943,1,
fov0,1595,11709.265306122448,5733.302521008403,84.74176394933724,32.396892879706456,-0.08933887188545861,833,0.9240376933088392,1,0.2391968479343233
fov0,1596,11768.050404891754,5344.644852090563,264.46207187067375,115.44237399519106,-1.2212586370354597,6051,0.8996956719135092,0,0.49062461505221644
fov0,1597,11692.128472222223,7951.725694444444,27.231909430335513,18.038835184883382,-0.8827308773278566,288,0.7491367606524174,1,
fov0,1598,11910.550081484267,5989.183026200326,465.2226699990126,113.94669066162498,-0.3519112243442878,7977,0.9695409268190385,1,0.2654738786593963
fov0,1599,11701.176646706586,3793.130239520958,33.97768858254353,31.546618362224944,-1.3820976117264738,668,0.3714549397872227,1,
fov0,1600,11696.75,4773.005952380952,26.911701707366078,8.188129127342826,0.04967927153550622,168,0.9525893254632687,1,0.1716855704805652
fov0,1601,11770.916910094125,4095.5361895488477,171.11331946829517,33.52884687239566,-0.32168157876460274,3081,0.9806148317323474,1,0.13175010413099425
fov0,1602,11712.63523573201,4805.300248138958,56.49748087334783,11.949309810715295,-0.0017950736632102034,403,0.9773776428027531,1,0.42566691603927365
fov0,1603,11705.41935483871,7833.749103942652,62.30027575312107,20.84216741909532,1.4798154127022751,558,0.9423802227594524,1,1.0269708118633445
fov0,1604,11799.866423357664,6286.902554744525,290.80477539394496,40.414629475155415,-0.2379029356595918,2740,0.990295872526673,1,0.1477093424143681
fov0,1605,11701.556603773584,7588.396226415094,14.807229292515798,9.428666505062981,0.9463373485127489,106,0.7710612146598838,1,
fov0,1606,11764.786354238457,7472.87077877326,130.66781872021477,83.19647948909704,-0.08764730735924617,2902,0.7711098417411727,1,
fov0,1607,11716.94864864865,7530.2027027027025,35.76739369333963,14.310623425768403,-0.12165460405455465,370,0.9164704000561151,1,0.44218546446642815
fov0,1608,11725.564210526316,3056.7368421052633,47.27785154801803,14.787235402295604,-1.0463339035395718,475,0.9498279061303605,1,0.4798455180028552
fov0,1610,11841.041309931506,6163.480094178082,391.35730187479675,65.28226800330397,-0.5351882516930453,4672,0.9859890775264777,1,0.27574886424763173
fov0,1611,11726.06008583691,3728.1545064377683,20.580701409201872,14.513400207241817,-0.17965798241151665,233,0.7090137710407666,1,
fov0,1612,11754.740573152338,6678.95173453997,93.40072442804846,22.412940192665488,-0.2776857592815894,663,0.9707814466219199,1,0.2751557006435498
fov0,1613,11742.699774266366,4835.627539503386,52.34953548577751,22.009022440751636,-0.1182780114375438,443,0.907327569050066,1,0.4658865212775922
fov0,1614,11846.964182553438,4965.926054303871,275.67994748790477,112.51427724197539,-0.4983256744321119,6924,0.9129221665402782,-2,0.629138162999215
fov0,1615,11763.60488346282,7134.726970033296,123.56020661578884,15.29536982283391,-0.7965179557076814,901,0.9923085874655606,1,0.36141007890900323
fov0,1616,11752.103806228373,5069.038062283737,93.8362087527,28.732799995813842,0.8495277800474909,1156,0.9519666812917962,1,0.4744721120242479
fov0,1617,11739.285714285714,7603.628571428571,22.823082805944512,11.115201642774219,0.22459092965516614,175,0.8733931662543427,1,0.48248367831540323
fov0,1618,11775.169154228855,5911.678275290215,79.24259555837173,65.67316645169059,-1.3683565820171475,1206,0.5596028380563468,1,
fov0,1619,11760.110638297872,7959.825531914894,79.63573389285683,14.859447446928584,-0.6747951043454553,705,0.9824373569620128,1,0.5838544152664309
fov0,1620,11750.117647058823,4878.38080495356,29.640242916722247,19.083759842957242,0.35963647274288574,323,0.7651548736333119,1,
fov0,1621,11770.922043010753,4161.82997311828,94.62098785105337,25.83814912947029,-0.5408021497386395,1488,0.9619941779035499,1,0.21140201411130072
fov0,1622,11752.145833333334,4634.484375,25.46970856485335,9.863219298332151,-0.16028773808270083,192,0.9219735176693571,1,0.1346164755924477
fov0,1623,11926.747637249548,3285.925484101315,744.8622260871535,259.53436486496895,0.7409501513726454,23807,0.9373337963629701,-8,0.8472302882702395
fov0,1625,11881.515463917525,6637.664167447672,266.94886251108454,82.01902597450585,-0.025861906663458924,3201,0.9516300579120144,1,0.19516362126001213
fov0,1626,11779.882575757576,5714.217803030303,58.490827186443205,16.7710390753343,0.8055317340177484,528,0.9580116169077338,1,0.49693291999682976
fov0,1627,11866.130552546045,4203.484561213434,232.68459342160494,52.635956139779815,-0.33011776070783755,3692,0.9740781838239652,1,0.10360343941232363
fov0,1628,11826.381451009724,6098.507105459985,147.82240265824848,28.39928750742873,0.011220511011254871,1337,0.9813719080131399,1,0.1953258656786055
fov0,1629,11789.458333333334,6266.920454545455,34.03133877273587,12.800788101101295,-0.36731277782974986,264,0.9265599751879705,1,0.1006597275883883
fov0,1630,11794.3792633015,4910.68485675307,101.00581836561683,39.99006937533831,1.5534223644478966,1466,0.9182856650883274,0,0.7947005805097836
fov0,1631,11787.429223744291,5160.214611872146,22.736677658939602,13.199485159992705,-0.6698211722045228,219,0.8142337888144167,1,
fov0,1632,11959.498204264872,5049.950280583614,369.0912659313243,145.0739787598733,-0.31657936504796363,8910,0.9195140233685692,0,0.41919776877270154
fov0,1633,11797.316091954022,5991.833333333333,28.798588093535308,8.590323375689831,0.2527085501159858,174,0.9544753692881411,1,0.2203109706462223
fov0,1634,11849.200854700855,4828.933333333333,153.37084852972163,93.4569304670339,-0.4170030885455887,2340,0.7928993428807876,1,
fov0,1635,11804.145161290322,5487.2338709677415,17.297401603798917,9.750461006971205,-1.4970718786002242,124,0.8259829313851004,1,
fov0,1636,11846.109321058688,7770.82163406214,118.1833481396466,22.490619495036775,-0.6969547549511377,869,0.981725446643076,1,0.7629507606404389
fov0,1637,11815.720626631854,7532.584856396867,37.29952894140102,15.348261429719855,-1.1559425374762051,383,0.911415748079366,1,0.7640703612341111
fov0,1638,11846.46365105008,4664.718901453958,90.2575121578467,11.810518295720781,0.2931616288878099,619,0.9914017053888567,1,0.16966981300915931
fov0,1639,11817.477848101265,2014.3037974683543,20.835365671043153,19.369765350828626,1.1998981122841057,316,0.3684235555884755,1,
fov0,1640,11842.258146964856,1813.8779552715655,79.83709667533145,38.65525379275451,0.380527995588448,1565,0.8749702982356607,1,0.4735139427960281
fov0,1641,11842.294372294373,5876.290043290043,62.47628640858419,20.774920353253595,0.24982430964098384,693,0.9430944791470651,1,0.3193764889307009
fov0,1642,12079.844372153546,6990.886467143787,522.001137550521,148.91830418297175,-0.308518278201025,15370,0.9584431817547675,-2,0.19954365684073194
fov0,1643,11833.21978021978,5722.274725274725,40.65933432463928,10.144162321151608,0.0047452073209987775,273,0.9683769628597706,1,0.43872843969850617
fov0,1644,11941.2267331434,5184.850427350428,297.27006223835144,167.86030711545035,0.06555220834660722,8424,0.8253148925179707,1,
fov0,1645,11862.247922437673,6899.540166204986,83.71093466860584,22.39291080523891,-0.28916323533000987,722,0.9635570782800572,1,0.21701216720014782
fov0,1646,11843.596296296297,3301.1740740740743,34.680430086866295,10.710212271702689,-0.6676996773802927,270,0.951118611259668,1,0.37902170724496376
fov0,1647,11872.41935483871,5491.183870967742,86.96106005767511,16.99013015604366,0.27973054817956183,620,0.9807283525052991,1,0.2079892274623744
fov0,1648,11858.312820512821,4620.376923076923,53.58332815855426,11.81148498323678,-0.003889616467139045,390,0.9754023241518185,1,0.08533616265422078
fov0,1649,11863.762831858407,7090.037168141593,59.39876571515332,16.8822297428246,-0.1892204944967833,565,0.9587595258839041,1,0.17330035024280932
fov0,1650,11872.68330464716,6464.067125645439,70.92406048041403,18.080075006241074,-0.38474114893371686,581,0.9669617250115063,1,0.12529560323880876
fov0,1651,11859.331395348838,5686.703488372093,21.910812626308186,11.505664894655947,0.7842969086880954,172,0.8510321648204442,1,
fov0,1652,11896.70774263904,5388.271537622682,89.27937025057882,18.173162479782935,-0.05278881942527358,917,0.9790637449856571,1,0.3695883226487083
fov0,1653,11878.80686695279,4852.31330472103,33.148028303123446,10.407268725612385,0.024767605487552375,233,0.949435075953825,1,0.4354897438941527
fov0,1654,11943.174196665861,6549.874365788838,190.94059585405975,94.99247228099834,-0.6209057115626093,4139,0.8674654003728675,1,0.17690404541743784
fov0,1655,11897.294759825327,5897.347161572053,38.506857765469384,24.837277073089883,-0.05659883659353618,458,0.7641748143901645,1,
fov0,1656,11960.701590271281,4300.033208606174,144.56341443867322,57.75684640889916,-0.42729028647422773,2138,0.9167218525363818,1,0.2365462885210535
fov0,1657,11942.896118299446,7152.533086876156,169.76096722713064,69.71129652247113,0.016586012384853813,2705,0.9117958277764506,1,0.30608125822558124
fov0,1658,11891.18652849741,5690.715025906736,25.176771899930742,10.674870647867381,-0.5006200145886698,193,0.9056636881403337,1,0.5469942916074909
fov0,1659,11893.476851851852,4651.699074074074,18.216575174773194,15.23503594727401,0.16880538944460902,216,0.5482290608958413,1,
fov0,1660,11898.787234042553,5327.63829787234,36.75112122183464,14.353636686614161,-0.43754114245295334,282,0.9205761031846588,1,0.31196824016752417
fov0,1661,12017.769422776912,5416.694539781592,268.6044188418197,49.48758027782089,-0.19894962336063027,3205,0.9828813543012322,1,0.14915566795456092
fov0,1662,11930.703870967742,1957.0296774193548,109.99131135170947,33.57900743849981,-0.8113587654398295,1550,0.9522601263297626,1,0.3666062395871176
fov0,1663,11905.69642857143,7750.797619047619,23.815328079291508,9.814243603082849,-0.12411245788025811,168,0.9111396312433518,1,0.5374797172626808
fov0,1664,11918.616279069767,6224.503875968992,26.2360670003382,15.082546952768862,-0.21695545250667983,258,0.818238889764928,1,
fov0,1665,12079.59628210586,4677.952887753654,321.04667432139064,74.98154297093183,0.07311962391244949,7047,0.9723439763992243,-4,0.34789672314640363
fov0,1666,11922.623188405798,5247.904347826087,36.210950164792536,18.612008976008017,0.8730610233991504,345,0.8577971243506628,1,
fov0,1667,11934.464761904763,5782.798095238095,49.66752325104465,17.853804954140696,0.12102367968048468,525,0.9331580355035435,1,0.43185238388065267
fov0,1668,11916.846846846847,6073.621621621622,14.025142614589342,10.643214078480176,0.8667134779013869,111,0.6512459519354217,1,
fov0,1669,11933.755020080322,5924.975903614458,54.59383999917254,17.544119055782495,-0.8697014350050939,498,0.9469580788120844,1,0.4377605492670626
fov0,1670,11937.241904761904,6879.411428571429,45.840917774766716,20.28337050997891,0.4430148423115956,525,0.8967818038643505,1,0.3654453519721549
fov0,1671,11945.608374384237,5675.21921182266,65.50108478365523,14.339338482654869,0.2198111790589539,406,0.9757433558126869,1,0.3899089763726529
fov0,1672,11955.92236598891,6139.539741219963,72.0768266499584,14.167590939177577,0.36006350526013764,541,0.9804913256975623,1,0.3508012547104598
fov0,1673,11958.069264069263,3950.7070707070707,77.25875015008111,14.989445052563113,-0.3444773405003023,693,0.9809983356615019,1,0.10396715475830355
fov0,1674,11965.692077727952,5511.893871449925,81.10698073558225,16.235261748038173,0.14358689497269422,669,0.9797609856421546,1,0.1850025303426545
fov0,1675,11939.029411764706,7688.577205882353,31.66686621902403,13.143341656032367,1.1463517040169249,272,0.9097984754805164,1,0.8274808659703136
fov0,1676,11944.246428571429,5726.103571428572,44.7340574025755,19.556679169527087,1.4776839530994728,560,0.8993757266105337,1,0.875701214204067
fov0,1677,11941.374331550802,5291.598930481284,26.148386540661736,11.492019329754177,-1.4085372873561686,187,0.8982462676240902,1,0.6606528266024477
fov0,1678,11956.447236180904,5642.505025125628,41.30247174430265,16.806034303158203,-0.18575118483269284,398,0.9134720774904757,1,0.1387861003273197
fov0,1679,11977.609142857144,5366.205714285714,80.2494645607334,18.501128323045545,0.24532368217116413,875,0.9730616187195856,1,0.46214712167476046
fov0,1681,11983.595427435388,5470.417495029821,70.04438171559472,30.056460364148982,-0.35439307909029233,1006,0.9032541674155466,1,0.17947178034244304
fov0,1682,12240.035318381026,7055.493426140758,648.8330508489604,97.43573677350602,-0.22401500469477814,11637,0.9886600781135634,1,0.16363647106214652
fov0,1683,11953.805405405405,4195.556756756757,17.9583388236906,13.704905556273749,-0.564665431529224,185,0.6462214314310886,1,
fov0,1684,11960.41911764706,6274.007352941177,31.559218331835936,12.514634805070097,-0.3858960516338189,272,0.9180154958888133,1,0.23895777415976516
fov0,1685,11975.14193548387,1883.6301075268818,36.79109229108643,16.977112523236503,-0.02405763146196147,465,0.8871681545668499,1,0.3068987099800998
fov0,1686,12003.660696517412,6825.240796019901,99.44787142203658,18.990646348675394,-0.386681229559702,1005,0.9815976609642592,1,0.22567270678272328
fov0,1687,12055.836320449147,4517.238393435543,286.6632179949577,54.32197563938338,0.04530420963192859,4631,0.98188119494381,1,0.11151930571746048
fov0,1688,11988.723711340206,4099.253608247423,69.73089204563288,15.912508399253788,0.021141905832814254,485,0.9736145496244392,1,0.18968397390730282
fov0,1689,11980.002949852507,5563.613569321534,45.77027901944267,10.262145466454925,-0.39683064245164734,339,0.9745408980856973,1,0.2276386363654189
fov0,1690,12030.991218826835,6212.663154197401,182.09229780687508,64.37183080784169,-0.12404857504564507,2847,0.9354299515804025,1,0.1531454976274469
fov0,1691,11980.36559139785,4830.096774193548,38.174026244391015,11.824742656154964,0.6600211552463969,279,0.9508151512332855,1,0.3614544162130603
fov0,1692,12028.52599009901,4140.078795379538,106.42152056466931,76.55430121601559,-0.7047326590177714,2424,0.6946479989890697,0,
fov0,1693,11983.255050505051,5760.421717171717,38.99855404920702,22.750162159548466,1.3821382095364603,396,0.8122143420722889,1,
fov0,1694,12022.978187919463,7666.098154362416,113.13624390206337,38.93569424763042,-0.4517388388241136,1192,0.938915147456363,1,0.41686646003471184
fov0,1695,12001.330368487928,5315.104193138501,82.78945464604836,29.43045006259731,-0.441374387882617,787,0.9346817985754261,1,0.3347796447213673
fov0,1696,11990.84012539185,1928.3040752351096,35.19458189933359,12.049210191195046,-0.48824147426521064,319,0.9395689245691504,1,0.2665062180269845
fov0,1697,11990.439153439154,4999.343915343916,23.04177487508324,11.085672072058696,0.6849382620044006,189,0.8766591928496058,1,0.3977300520275835
fov0,1698,12028.683461117196,5865.047097480832,114.85280461955308,15.303311555332437,-0.1192562818704124,913,0.9910834228046047,1,0.25134569170337356
fov0,1699,12040.25,5648.935227272727,122.0056670677482,14.751427751548444,-0.18850035180591126,880,0.9926637506319711,1,0.1213795714843728
fov0,1700,12022.18487394958,6454.348739495798,68.80453781177285,15.23752967170312,-0.3924344566106351,476,0.9751692029966503,1,0.14104596565624447
fov0,1701,12070.938006676204,4330.7620410109685,133.76035333840082,36.54010686886271,0.27323743584632654,2097,0.9619640947811084,1,0.20688821041742647
fov0,1702,12067.594190140846,6115.399647887324,162.06167361252272,59.28630363093324,-0.25368599555900323,2272,0.9306834341290553,1,0.1642493051586901
fov0,1703,12040.309352517985,5550.021582733813,72.67634335906604,14.99756733611156,0.056659023659219224,556,0.978475913061154,1,0.15666511886943205
fov0,1704,12036.148255813954,5336.947674418605,53.42311477120478,9.550038276048712,0.130910932852611,344,0.9838922929220338,1,0.41976999466857895
fov0,1705,12022.263157894737,5751.526315789473,20.630884638670434,8.487901856976672,-0.7433933222827489,133,0.9114471158831287,1,0.6574605566397095
fov0,1706,12034.996805111821,5518.0,40.179468337427814,12.623825075099573,0.13875413217051438,313,0.9493614584209769,1,0.17636870855540154
fov0,1707,12036.074550128535,5114.790488431877,41.41521449637339,31.828574769509714,-0.7377487826770478,778,0.639821295022819,1,
fov0,1708,12051.286039453718,4456.359635811836,62.66352349975955,39.26013291584028,0.9221078943165075,1318,0.7794030066699401,1,
fov0,1709,12099.873044255699,6020.352704514976,191.97461107393718,56.05334015297064,-0.08962417172346357,2237,0.9564234810602822,1,0.30448982066535224
fov0,1710,12039.025369978859,5070.604651162791,36.22781943089187,19.09169357716827,-0.5099633573572595,473,0.8498715696626888,1,
fov0,1711,12041.627677100494,6394.079077429984,79.11600568805481,15.103603703733846,-0.9023177411564859,607,0.9816086090100626,1,0.2564253201855137
fov0,1712,12055.69756097561,6897.590243902439,49.998888952944554,12.090723011781442,-0.14649558521600917,410,0.9703211674643333,1,0.20392145203049736
fov0,1713,12046.641285956006,3522.372250423012,40.804905442169144,24.237756982733902,-1.2596633965012902,591,0.804471496887401,1,
fov0,1714,12126.875558867363,5689.390089418778,175.819025894122,78.74619865766508,-0.09416572165891661,2684,0.8940926146142242,1,0.10363538045910858
fov0,1715,12086.751204819277,1841.910843373494,110.6974006819213,33.50891572704863,-0.7367916954023553,1660,0.9530835567731667,1,0.33761392504402044
fov0,1716,12065.76241900648,5478.974082073434,53.59344319190692,14.437309126168067,-0.35897833342511914,463,0.9630323594609885,1,0.22405515629797446
fov0,1717,12072.07343412527,6523.991360691145,65.73466011953298,9.226149968764098,-0.4242569998175425,463,0.9901013267971226,1,0.132027160863969
fov0,1718,12191.945501146634,5282.933765007419,309.63599995563527,147.9588773430359,0.5137293327980618,7413,0.8784426517958184,-1,0.36304433311313733
fov0,1719,12103.999397227246,5328.569620253164,108.25859218753602,64.23887118775825,-1.0279385200430755,1659,0.804919825141729,1,
fov0,1720,12159.462389833983,6702.52900184464,344.4393156294498,59.05603111000512,-0.8832439861403859,4879,0.9851918572348082,0,0.239219333797945
fov0,1721,12177.743386243386,4947.693247669438,258.35532396389794,173.23040193459303,0.569056020444467,7938,0.741898485127916,0,
fov0,1722,12065.045918367347,2471.4591836734694,22.711069740846373,12.04345792978685,-0.8403439951525451,196,0.8478161910212292,1,
fov0,1723,12083.877880184331,4125.585253456221,33.23496379847945,19.78185810866466,-0.16093009435304245,434,0.8035685151594715,1,
fov0,1724,12089.929914529914,5093.427350427351,50.92971827996224,19.219756699438175,0.32820986981111233,585,0.926059297921196,1,0.3214839367243046
fov0,1725,12072.685185185184,6624.212962962963,14.608272483542304,9.637405365534837,-0.03784603570463876,108,0.7515093374209691,1,
fov0,1726,12075.496402877698,5320.964028776978,16.4006799040765,11.539283434187922,1.3765556587218903,139,0.7106104407475404,1,
fov0,1727,12111.863217576187,2237.4603118355776,109.5661157117843,76.0753607650238,-1.3084803576684367,2822,0.7196539445332734,-3,
fov0,1728,12125.072139303482,5581.2255389718075,99.39573859239067,25.525611288795954,-0.06309764036029791,1206,0.9664624671824101,1,0.0658086423797257
fov0,1729,12125.815476190477,4591.821428571428,119.49881743437965,27.93082673814198,0.46650308873008095,1512,0.9723008006731385,1,0.28504353200170957
fov0,1730,12107.398868458275,5533.797736916549,68.31735265801328,39.086315661955226,0.550294546453474,707,0.8201638815126578,1,
fov0,1731,12291.218019549511,6490.609718090381,522.9262922643471,69.54812087776388,-0.6420916072525528,7059,0.9911163137228998,0,0.285431189562482
fov0,1732,12128.04280155642,4473.727626459144,82.9965045652803,23.381419313005487,0.03860196263538791,1028,0.9594979197724071,1,0.1281713153633655
fov0,1733,12112.050898203594,7144.505988023952,38.3890136356426,11.729064313186083,-0.505720073991842,334,0.9521818739866893,1,0.1641859950684404
fov0,1734,12139.828431372549,7168.848039215686,116.85342856014212,29.582660917725722,-0.7063757826793744,1020,0.9674243179682249,1,0.15571470852809785
fov0,1735,12162.846585413039,4052.4935190559104,166.82659929848123,125.5957461645583,-1.2471913637002234,5169,0.6581897909005475,1,
fov0,1736,12212.542367962855,6355.913522925131,227.86325685888417,54.00703711639976,-0.5762374423140805,3446,0.9715059613809529,1,0.1358261896115383
fov0,1737,12116.35546875,5436.82421875,33.3745636251889,11.510751041829028,0.2386086485804209,256,0.9386409323638042,1,0.3199512833844963
fov0,1738,12114.744360902256,5626.661654135339,18.334238408018997,9.876733377513158,0.4000899246357457,133,0.8424949014391606,1,
fov0,1739,12130.195011337868,5966.705215419501,59.07806058287608,11.102971824035794,-0.13783247105577096,441,0.9821810257115184,1,0.29406061756024515
fov0,1740,12122.417391304349,7575.8,14.244158583855134,11.202793632812535,-1.208391674317422,115,0.6176114735319954,1,
fov0,1741,12128.862595419847,7634.767175572519,31.09553937916818,14.295315675525208,-0.6948006702571943,262,0.8880626803982716,1,0.4850186652207017
fov0,1742,12132.051612903226,5718.593548387097,22.39928044304059,9.044651545866916,-0.4267339034685808,155,0.9148507932807094,1,0.19045606763072423
fov0,1743,12152.473320158102,6337.815217391304,77.60687265953092,34.64853173691828,-0.3574794902621122,1012,0.8948025160318306,0,0.22409003587174867
fov0,1744,12147.93738489871,5473.836095764273,64.90385530887146,12.723679879618395,-0.5865863894333161,543,0.9805961211596989,1,0.25512768194991753
fov0,1745,12220.445458316051,6095.959352965574,234.01167023795574,17.690798970028705,-0.5292735416432732,2411,0.9971383817035072,1,0.1570637583402186
fov0,1746,12151.886363636364,1849.940340909091,42.29216212456822,27.814652945711806,0.35675002913295795,704,0.7532985907141694,1,
fov0,1747,12151.521653543306,5204.419291338582,61.96655786887723,21.98716799551027,-0.6077998151582454,508,0.9349334450530119,1,0.39827685657142353
fov0,1748,12219.467698878803,5072.950880939669,216.63000107101084,29.636059823763386,0.06181135449806379,1873,0.9905980019227313,1,0.40499897774263455
fov0,1749,12161.921592279856,5110.819059107358,83.26730177342112,24.400248652398624,-0.5062601006902911,829,0.9561016598996465,1,0.3543814770274291
fov0,1750,12139.376811594202,5905.289855072464,15.052527085121506,11.876521296841863,-0.2519234154270194,138,0.6143865909265749,1,
fov0,1751,12206.262895174708,5633.511924570161,142.09062622773536,49.06399519822769,0.13250326531048168,1803,0.9384920960971367,1,0.157050297445681
fov0,1752,12147.460251046024,6541.757322175732,22.468838474125388,14.795950094724164,0.5507730787678023,239,0.7525721607159659,1,
fov0,1753,12226.95726664041,5794.776486805829,235.02207546241772,120.0112321876584,-0.9242484276912513,5078,0.8597957340286823,0,
fov0,1754,12156.51282051282,6205.303418803419,36.82438799298727,10.004781315735949,-0.3596801243042054,234,0.9623851021420443,1,0.09952126694862962
fov0,1755,12162.827397260275,2190.758904109589,45.80884114144566,12.645680422395243,0.8008978034531923,365,0.9611423368867127,1,0.7125714546985388
fov0,1756,12165.796296296296,6495.010582010582,37.51673147032607,13.589543987360155,-0.32094544772332795,378,0.9320902115422037,1,0.2676741518397627
fov0,1757,12183.330734966592,2056.8446547884187,95.10104170013193,58.393095302862804,-0.7224095812833576,1796,0.7892973888700593,-1,
fov0,1758,12158.333333333334,3716.2907268170425,27.71066158589697,22.04930975729708,0.5631838342715578,399,0.6056939543318088,1,
fov0,1759,12166.097916666668,7403.772916666667,58.000373635350925,13.693484555466537,-0.795461442014696,480,0.9717304545388405,1,0.13937981291039
fov0,1760,12167.657258064517,5400.469758064516,38.676166705770044,25.54822021407155,0.18213297855107904,496,0.7507666268200925,1,
fov0,1761,12171.060686015831,6773.5672823219,58.96876996122092,10.863936189125873,-0.6301073061419313,379,0.9828827799735446,1,0.23445276481669297
fov0,1762,12183.95296025953,5528.261151662611,84.3621957095714,65.03531060160985,1.1160367526992085,1233,0.6369491054534046,1,
fov0,1763,12172.171974522293,5926.136942675159,26.44543099102587,15.918372580063192,-0.23943712152019908,314,0.7985467379000887,1,
fov0,1764,12224.398884239889,4567.821943282194,154.66252534598829,31.22811262581551,-0.09877138033157297,2151,0.979403810556976,1,0.39741686638541684
fov0,1765,12284.88023387401,7500.963221425877,277.8003613269253,89.62685371554804,-0.42778062738201655,5302,0.9465250113310408,1,0.16140960579602723
fov0,1766,12192.851657940662,6056.750436300174,85.25268961862375,9.461151401093193,-0.7998838379362362,573,0.9938228915248912,1,0.2066660671839978
fov0,1767,12240.446573323508,6128.20486366986,183.500881092973,18.76709712974237,-0.6105841132357871,1357,0.9947564184768005,1,0.09664183289666751
fov0,1768,12201.94540229885,7118.646551724138,60.04442207437026,40.19750319455905,0.6853189253272441,696,0.7428456384941018,1,
fov0,1769,12182.142105263158,5167.894736842105,23.749837307094506,11.182345016806963,0.42924607204605836,190,0.8822192582904954,1,0.5928724665467546
fov0,1770,12189.0375,6020.0125,20.186656766003782,10.558119558498744,-1.174520204351556,160,0.8523175412956405,1,
fov0,1771,12199.094736842106,5976.126315789474,55.89879302158979,22.99024379863338,-1.0641577517542689,475,0.9115075381614345,1,0.28976355058980546
fov0,1772,12223.403846153846,2430.409230769231,68.50690146940966,49.605847254429875,-0.24632642526722173,1300,0.6896949993329301,0,
fov0,1773,12342.167185782338,6642.038109197509,325.6991871122308,143.01845246185474,-0.5599615697457051,10916,0.8984322833904077,-3,0.534792691107506
fov0,1774,12200.498338870431,7399.627906976744,35.291179942325535,11.631597776209981,-0.8677681810218084,301,0.944124381080284,1,0.16842325554933923
fov0,1775,12273.461324871083,5574.4680682268945,159.1949109913086,50.701614113572965,-0.29426715146999544,2521,0.9479270081162664,1,0.13646869980684706
fov0,1776,12216.592476489028,5127.454545454545,42.06198558708094,10.346900583167015,-0.16690395875967068,319,0.9692719272678659,1,0.35570339866902256
fov0,1777,12227.481418918918,5415.5371621621625,88.65196645884838,16.07049102898698,-0.4004429038479873,592,0.9834322252487607,1,0.3745144156469762
fov0,1778,12235.586577181208,5203.136912751678,86.31522972700375,75.83623864169341,-0.3398347188962677,1490,0.4775652827008115,1,
fov0,1779,12205.794326241135,6500.90780141844,19.002180972805935,9.6626442161455,-0.8207706806102221,141,0.8610608959550043,1,
fov0,1780,12209.116858237549,4632.911877394636,47.241773293688034,19.959981178343465,1.2716755986046757,522,0.9063596483991191,1,0.5659105971344639
fov0,1781,12205.72049689441,3712.552795031056,21.713290163141004,9.562282114317705,-1.4653835216994493,161,0.8978073382166565,1,0.41263549049879067
fov0,1782,12220.688102893891,4132.382636655949,46.327910713293605,10.138553610933789,0.7857345191057036,311,0.9757600130027828,1,0.384539988063659
fov0,1783,12236.450899031812,6477.308437067773,70.88282606344282,17.273187753532266,0.4022457367427255,723,0.9698540560273083,1,0.5203581558737262
fov0,1784,12250.028382213814,4491.817407757805,112.99812845453498,29.208619120915724,0.28524025675407794,1057,0.9660145661034593,1,0.2719325348635805
fov0,1785,12231.713725490195,6885.349019607843,36.37159240904911,10.480042693115909,-0.1758191040008821,255,0.9575888558829432,1,0.13772493619976675
fov0,1786,12233.355113636364,6399.883522727273,49.10644827239491,16.41103213310819,-1.034792492365443,352,0.9425046562055762,1,0.4422380780885818
fov0,1787,12243.464462809918,5679.434710743802,55.37696664625118,20.68897615424019,-0.218018063929959,605,0.9275888808528151,1,0.1383024236234651
fov0,1788,12288.953860942005,4622.735982057033,153.14213208575666,44.00553763740194,0.32774657490131126,3121,0.9578253649110483,0,0.27455670954666284
fov0,1789,12229.563106796117,5157.844660194175,15.342172679579223,8.897090646063477,-1.328791615158856,103,0.8146800222196684,1,
fov0,1790,12316.162129703764,5454.200160128103,151.39691680265068,70.61981150785516,0.2493377287855133,2498,0.8845450598681582,0,0.256370097606548
fov0,1791,12241.834920634921,5945.679365079365,41.28726043130543,15.152094270978973,-0.42909141190505623,315,0.930224097785059,1,0.225812598133365
fov0,1792,12240.539419087138,5887.647302904565,29.982370293838656,13.547701324778057,-0.9538030472272551,241,0.8920911022118801,1,0.24855791667861982
fov0,1793,12325.415363385464,5980.632934682612,264.7755851450499,34.51216028347703,-0.5531930786484482,2174,0.9914687055732356,1,0.0797073528670384
fov0,1794,12295.779675491034,6429.116140051238,154.4735032537752,18.09986916032149,-0.4062324119279839,1171,0.9931117129345188,1,0.2637677599066474
fov0,1795,12310.784576697402,4696.290025146689,125.20597681100475,25.778611275136555,-0.03471146833319615,1193,0.9785752211402902,1,0.3393910207074332
fov0,1796,12259.353383458647,7088.458646616541,16.931660475313517,11.368743168356595,-0.18577109450194368,133,0.7410509457547007,1,
fov0,1797,12314.957607872824,2621.984102952309,150.34293277807365,60.44922082348186,-0.3242802590437573,2642,0.9156064840871472,0,0.5244359421304129
fov0,1798,12320.385496183206,5387.758587786259,150.789472859788,15.902477862814743,0.29535802703405895,1048,0.9944233910116972,1,0.34880081109291
fov0,1799,12270.872549019608,5134.441176470588,27.299946530398426,12.57002383507668,-1.392273446049446,204,0.887690135527805,1,0.7669274219038666
fov0,1800,12299.943521594685,7090.621262458471,92.38138442772068,19.13796535597044,-0.5617690624609271,903,0.9783065307336627,1,0.18720345397272523
fov0,1801,12282.857777777777,5511.9511111111115,31.30001162813594,10.393195208714982,-0.2344373488096557,225,0.9432614899782458,1,0.30610372596693275
fov0,1802,12304.231781376518,7297.935222672065,84.31464483011099,22.084687025882356,-0.6783754124683495,988,0.9650863847560099,1,0.14204920440321625
fov0,1803,12295.94,5332.951666666667,43.84990612829217,21.73286500737657,0.741123369852566,600,0.8685398041020584,1,0.5707577139482252
fov0,1804,12293.851063829787,6291.872340425532,33.962822911470944,9.277995982646551,-0.48595690908528094,235,0.9619626668942405,1,0.20404317924308338
fov0,1805,12325.139616055847,5935.023560209424,135.47965132320667,24.408983224626805,-0.7781307960315322,1146,0.98363600816775,1,0.18503275242683193
fov0,1806,12349.116319444445,6117.928819444444,245.949238921157,28.321210966624605,-0.8204309511054393,2304,0.993348041386991,1,0.27954744633275164
fov0,1807,12319.279845956355,5209.789473684211,75.68242428796205,32.48881343248294,0.6386533763822398,779,0.9031723220470871,1,0.7004859837281202
fov0,1808,12335.594611145132,6352.143294549908,134.70581492925635,27.908173701749643,-0.5001507117529751,1633,0.9783031187547617,1,0.13707961537463706
fov0,1809,12318.897610921502,3692.271899886234,82.90986677243102,42.00523253247935,-0.7739212696208946,1758,0.8621592823074795,1,
fov0,1810,12296.938547486034,5241.050279329609,24.95314647042619,11.125964969369472,-0.3762964565688337,179,0.8950956211453837,1,0.4686998675715563
fov0,1811,12304.940828402367,5842.639053254438,52.244147584791726,21.451615683915165,-0.17244594213121908,507,0.9118141194913544,1,0.324568118799137
fov0,1812,12299.527586206896,6888.089655172414,35.81924162523056,11.836229003661595,-0.017609684186592024,290,0.9438258390510663,1,0.3101237870885682
fov0,1813,12333.031428571428,5799.998571428571,122.92838109764851,37.495639723337376,0.4942973285156901,1400,0.9523458804070228,1,0.6206852008708148
fov0,1814,12306.079545454546,4289.670454545455,41.27505203021964,11.885222322477956,0.5683598767324048,352,0.9576449266777418,1,0.32956619097781165
fov0,1815,12297.831715210355,7631.909385113268,27.254372784739356,19.449206379420612,-0.29011478008021935,309,0.7005352181960227,1,
fov0,1816,12373.962316431145,5204.580216126351,186.34339027363316,120.95758017509796,1.4266826439304512,3609,0.760693539125517,0,
fov0,1817,12318.375579598145,2059.3122102009274,44.90439948254253,43.68845351712657,1.5074666721420606,647,0.23113599779840044,0,
fov0,1818,12316.989528795812,5878.005235602094,29.163856159609107,8.994545900328086,-0.685857826461658,191,0.9512521812043431,1,0.32945664500770316
fov0,1819,12318.080586080587,5670.18315018315,33.908795731878975,14.331496438159524,-0.6205381724870265,273,0.9062937578088329,1,0.24732551005304826
fov0,1820,12344.406553398057,5116.125,67.57399310137524,24.177071547239784,-0.09987800275307643,824,0.9338033649702274,1,0.46097482143741725
fov0,1821,12335.821603927987,2293.954173486088,64.55519877252839,27.29804652584202,-0.42318917574126685,611,0.9061933234420897,1,0.4089931427844792
fov0,1822,12331.013574660634,5058.764705882353,24.011837960933654,15.122722056572414,0.761331048301634,221,0.7767550908175188,1,
fov0,1823,12351.715750915751,4575.627838827839,82.94752501439748,44.464382617872694,0.9531252312179083,1365,0.8441834639245311,1,
fov0,1824,12346.904862579282,7593.860465116279,44.470785654139426,17.626818340968878,-0.2011724019138522,473,0.918091507905707,1,0.2151444338670017
fov0,1825,12366.813440320962,6023.590772316951,99.1184225346951,35.98764219204723,-0.6875584682202667,997,0.9317590492268492,1,0.05557487152736746
fov0,1826,12592.021291387851,6411.92700095594,577.0789583519763,129.13400032059835,-0.2850164887373022,11507,0.974641564445815,1,0.06835721864166244
fov0,1827,12394.88041594454,6935.621317157712,153.7229009985748,15.672820629313021,0.08830149885595717,1154,0.9947890102829889,1,0.2678542647827913
fov0,1828,12359.253177966102,5700.677966101695,82.59836423263982,22.184776999469385,-0.9989188046282343,944,0.9632556658159037,1,0.4786523844560893
fov0,1829,12357.83984375,6206.00390625,46.435206527274154,15.842536104997393,0.1111740378110252,512,0.9399997622253274,1,0.34267222134213776
fov0,1830,12362.618575293056,2335.2867448151487,66.76533310204844,54.43681985710385,-1.5351891536024644,1109,0.5789745850645036,1,
fov0,1831,12540.18851587422,6814.185325839283,454.5810639067941,59.650577725232424,-0.2970921161336763,6583,0.9913531416724913,1,0.5813812928410291
fov0,1832,12351.686274509804,5322.886274509804,26.799349005805276,12.704076916360385,-0.827864368121879,255,0.8805010293078204,1,0.5267431831758902
fov0,1833,12438.183363327335,6240.884023195361,206.39289962383023,116.94471023401198,-0.499914821916978,5001,0.8239846784702736,0,
fov0,1834,12404.276019476567,5585.308277541083,152.2003449377821,101.21979810092172,-1.12751292359578,3286,0.7468049260137493,1,
fov0,1835,12410.213718411553,4742.2519855595665,118.06140682988261,28.597595052586666,-0.00549563536252828,1385,0.97021974242212,1,0.11752443959220467
fov0,1836,12376.549800796813,5065.0597609561755,37.4909005716171,8.848936543970819,0.8037001106878198,251,0.971746032557691,1,0.7088147898117549
fov0,1837,12377.327956989247,6482.760752688172,37.552239618412266,13.91406413610621,-0.697330998543039,372,0.9288222751499583,1,0.13802107004752281
fov0,1838,12382.373913043479,5507.386956521739,24.04217689850226,16.033175857913026,0.4872201706400647,230,0.7451677719676076,1,
fov0,1839,12554.496083550914,4653.560104438642,334.64552738098985,127.21021379210639,-0.33510850481771437,9575,0.9249313385324016,-3,0.12908065069859942
fov0,1840,12392.57925072046,4790.978386167147,40.564028893822595,28.608794485738482,-1.2027969099571594,694,0.7089338536721748,1,
fov0,1841,12395.721556886228,6142.541916167665,34.76544866109468,16.49203427228274,-0.2540655667707378,334,0.8803201664749716,1,0.21954248311071564
fov0,1842,12419.550625711036,7403.682593856655,77.84812936854863,29.49109288943017,-0.2361574115783137,879,0.9254668768847629,1,0.19635772601299015
fov0,1843,12399.174041297934,5476.9439528023595,33.92428072094756,16.270410722493654,0.8764254156762432,339,0.8774819833739222,1,0.6668202137521064
fov0,1844,12454.79293628809,6073.591412742382,152.04729544019312,25.345528411644946,-0.6133657439373156,1444,0.9860085025555436,1,0.16747033598919756
fov0,1845,12408.33597883598,4635.714285714285,26.558816050718853,22.32714012290008,0.9500866533329978,378,0.5415512299749601,1,
fov0,1846,12408.389743589743,5006.364102564103,23.752325733781,14.987639457342658,-0.9295718570687087,195,0.7757855042106322,1,
fov0,1847,12402.256,5806.696,17.599892019177346,9.851932242626193,-1.5405242007190496,125,0.8286464619885836,1,
fov0,1849,12451.827399380805,4569.1346749226,124.6969941921951,26.021149414194408,0.015559604251584013,1292,0.9779850359190065,1,0.11816284611070725
fov0,1850,12475.904657933042,5826.645560407569,171.37860719837843,124.23452039827414,-0.030253881455185105,2748,0.6888408009237901,1,
fov0,1851,12450.553153153152,5438.368468468469,93.05198792786625,26.706616552578037,-0.4761720312465282,1110,0.9579283410023638,1,0.4684879351180525
fov0,1852,12417.989743589744,4704.492307692308,21.075262173246763,12.083255085219768,1.5222909656410886,195,0.8193187343030307,1,
fov0,1853,12420.513392857143,6331.986607142857,24.31186893037806,14.51595686139614,1.269158003291473,224,0.8021870182625028,1,
fov0,1854,12418.502415458937,6535.188405797101,29.92721318330618,9.179195930783584,-1.119382191474623,207,0.9518006402595693,1,0.5303060901505146
fov0,1855,12600.281970222313,5891.177034468693,385.8599535818069,148.3687244289667,-0.7400992102715066,9806,0.9231189763603732,0,0.379499608691138
fov0,1856,12446.363503649634,5274.032116788321,61.832726496679996,21.339300679177633,-0.11227408959797155,685,0.9385610055608478,1,0.43424303997141
fov0,1857,12452.460240963856,5066.29156626506,78.44320896146081,32.02687737879776,0.4576957578508847,830,0.9128562685029296,1,0.36577652653160203
fov0,1858,12455.366932559826,2632.6686004350977,80.19533674559766,65.52629795570229,1.210166967749793,1379,0.5765191403594219,1,
fov0,1859,12436.937142857143,6894.937142857143,23.073139254958157,10.968309453523265,1.044194194586742,175,0.8797852440202741,1,0.5645231024725335
fov0,1860,12444.622881355932,5164.652542372882,31.322767819540672,11.03303852940029,-0.7063403586153334,236,0.9359108284001505,1,0.5870546277826943
fov0,1861,12441.123505976095,5106.760956175299,20.40374954710559,16.035654630091532,-1.4516953885915262,251,0.6183319434446931,1,
fov0,1862,12451.856630824373,1596.046594982079,36.57630961773252,11.878262325089127,-0.7395252399290811,279,0.9457988999636162,1,0.32295837354692364
fov0,1863,12457.97346368715,5218.469273743017,48.613178741778846,24.581311194642236,-0.3282376041709619,716,0.8627380159458264,1,
fov0,1864,12494.65796831314,7336.18313140727,127.87791046560815,73.01990920042272,-0.5598044256705547,2146,0.820941235316578,1,
fov0,1865,12462.228448275862,6319.271551724138,34.71059116233916,29.12851425545941,0.4249864729311853,696,0.543850201585259,1,
fov0,1866,12462.223709369026,5908.801147227534,36.02420025952777,26.136965821772744,-1.2683220451974904,523,0.6881809463248447,1,
fov0,1867,12498.687330492057,5557.444013948082,136.6527331085486,65.83730131151862,0.26221053638510233,2581,0.8762891990920432,0,0.44802438104435155
fov0,1868,12685.451495092444,6552.515179182835,589.3099994004168,150.7707544046512,-0.5855521779495324,13143,0.9667183830301749,1,0.13163026806958592
fov0,1869,12476.160087719298,6907.353070175439,40.68732427448067,18.457068378977738,0.32264278478429687,456,0.8911891469718861,1,0.2931246740118721
fov0,1870,12463.907284768213,2664.0397350993376,19.649409412577803,10.224766837418255,-1.3658540935571575,151,0.8539469902544289,1,
fov0,1871,12467.018348623853,5960.45871559633,15.974043384254404,9.200570187949975,-1.0403994972832518,109,0.8174708122117502,1,
fov0,1872,12493.028444444444,5148.841777777778,87.57267271819518,40.83471493359446,1.14796241453615,1125,0.8846291922722611,1,0.7367220492869809
fov0,1873,12494.008823529412,5473.855147058824,112.6943226253474,46.073276440832274,-1.2575823230349044,1360,0.9126087435276788,1,0.74513605401279
fov0,1874,12497.610320284697,6865.52846975089,57.46266211108776,15.231028587335329,-0.321662709169314,562,0.9642320382770908,1,0.39126150278464633
fov0,1875,12502.739726027397,5040.807077625571,73.9947664982089,33.86366952322436,-0.6355866227176096,876,0.8891326756753352,1,0.5471929058966414
fov0,1876,12510.266336633664,5626.634653465347,88.9769134669415,23.714403021723342,-0.07045031045158458,1010,0.9638285303267775,1,0.2112143163413942
fov0,1877,12512.608695652174,6097.685354691075,62.26927139295488,31.07185912881249,-0.09253579346085027,874,0.8666066757506572,1,0.17454568744261037
fov0,1878,12653.120482582468,6884.180098907668,447.916432831917,242.41056193919238,-0.9490970361397925,18401,0.840896508219893,1,
fov0,1879,12517.20476610768,6531.152691968226,77.60758828710267,35.887004866915795,0.8250220475543976,1133,0.8866629981437957,1,0.7384423994684515
fov0,1880,12495.411764705883,4996.870588235294,22.58460378771801,10.684330138390457,-0.13325774675781643,170,0.8810193366296979,1,0.37900499552330974
fov0,1881,12522.329972502292,6312.175068744271,84.66194098485315,34.50655791377919,-0.4024178157535748,1091,0.9131692723041905,1,0.036312842705786406
fov0,1883,12567.14485165794,6136.765270506108,157.59886649003278,48.555373854443545,-0.45206477428373004,2292,0.9513556970097511,1,0.10410712304541342
fov0,1884,12548.38674579624,5775.766567754698,106.94541892945246,35.01495934676774,0.2721958010604505,1011,0.9448824998058909,1,0.3929119390211658
fov0,1885,12510.277372262773,4294.518248175183,20.994373299999733,8.669941122238242,-0.6658671195255065,137,0.9107469014581199,1,0.6520880011108015
fov0,1886,12512.246323529413,6680.988970588235,30.724684662071024,13.63679500549281,1.4985535320564614,272,0.8961068413343986,1,0.9607633628841553
fov0,1887,12587.592608236537,5022.2435058078145,240.64039376327463,94.13334952349284,-1.0381700161212795,4735,0.9203148249746264,1,0.7071561164416179
fov0,1888,12521.786802030458,7229.923857868021,29.07049863335487,9.561704594646265,0.38303685276247085,197,0.9443597516717822,1,0.5329189785983746
fov0,1889,12529.015151515152,4966.939393939394,36.67395959060024,28.661885839640394,-0.0245842975888459,528,0.6238647170494599,1,
fov0,1890,12532.529411764706,6354.7411764705885,39.48685004077627,12.86799720461344,-0.44121374711938927,340,0.9454109445105864,1,0.045868712515020164
fov0,1891,12533.071090047393,5722.421800947867,32.59524135999866,8.839108118855062,-0.2335263314902586,211,0.9625292530153073,1,0.2248227489238479
fov0,1892,12571.191095547774,6015.499249624812,121.65618641980565,47.583426882634754,-0.33919823293353385,1999,0.9203352914077715,1,0.1296669424641292
fov0,1893,12639.46054068815,6237.198798470781,202.65794038327996,157.74771539833043,0.19030973648201355,7324,0.6277761172145545,0,
fov0,1894,12529.58,5536.42,14.780664341700295,9.0270239624136,-1.1372838634584985,100,0.791837410517186,1,
fov0,1895,12534.719197707736,5483.100286532951,30.446333967291725,16.020383021525202,1.2472155943833987,349,0.8503705540155672,1,
fov0,1896,12587.647410358566,5301.120517928287,142.65196069530995,94.97426815723979,-1.4871445921503248,3012,0.7461515697166512,1,
fov0,1897,12556.77049180328,3788.7131147540986,16.977295490317356,9.266827850433197,-0.5313703377701559,122,0.8378916970246942,1,
fov0,1898,12574.81380753138,3061.4476987447697,66.596344598665,26.80274266926829,0.5141496295150715,956,0.9154350778741842,1,0.5933823470733777
fov0,1899,12569.600961538461,3250.5673076923076,27.553529167852492,10.278345029728666,0.4868573103969012,208,0.9278185220760957,1,0.6979555001339078
fov0,1900,12628.092587251225,5687.267089702913,205.39522734112992,76.50518060606578,-0.7632626704160422,3467,0.9280410672556811,-1,0.33263329647941975
fov0,1901,12581.18479408659,3815.973600844773,76.16053043924607,26.43867241940873,-0.8559834641577082,947,0.9378118318482047,1,0.171393102226708
fov0,1902,12597.965403624383,3683.2092257001646,99.73257472743734,11.79738660253735,-0.5715280839805935,607,0.9929790670780685,1,0.23684212590087567
fov0,1903,12581.236749116608,6323.473498233216,34.716511547542964,15.918652246462706,-0.46270911764831285,283,0.8886775884571939,1,0.05425908241966094
fov0,1904,12653.546611627107,6039.55486756106,193.33845287988814,60.08720950433922,-0.5255136822511361,2907,0.9504793617239742,1,0.19549461174757748
fov0,1906,12610.732249786142,4727.568006843456,82.47376251660012,30.500057699024683,-0.5416859362185418,1169,0.9291052995170903,1,0.5188290767968868
fov0,1907,12587.197080291971,3028.2262773722628,25.745130276626607,16.322797706749967,-1.2935076961331717,274,0.7733207822491838,1,
fov0,1908,12600.08787878788,3853.5151515151515,72.87936323879977,13.701967201226259,-0.9199367987420718,660,0.9821673291064513,1,0.3081510399120011
fov0,1910,12625.13223140496,6460.939393939394,99.13692148768811,34.043328921842594,-0.3557838821202457,1452,0.9391903153655327,1,0.06059354456657485
fov0,1911,12596.130841121496,5378.317757009346,12.932075605425501,11.451361496413808,0.7585227654990099,107,0.46463811661185617,1,
fov0,1912,12674.848688379167,2616.099987327335,242.05193304775048,130.52138062236747,-1.4869728660842385,7891,0.8421592895938691,-1,
fov0,1913,12608.026178010472,2988.8795811518326,24.084184715865266,12.894341572893584,0.09173721742861193,191,0.8446073365339645,1,
fov0,1914,12606.123684210526,2626.771052631579,62.41739461244085,8.299406709753402,-1.501379248448561,380,0.9911205664075876,1,0.7112109099094238
fov0,1915,12684.816911764707,5457.033455882353,145.9825128612436,61.07732741732801,-0.08191450428561717,2720,0.9082684104269788,1,0.37967347388164624
fov0,1916,12626.494791666666,5565.609375,27.590425526512792,10.562981538759482,-0.381155645239341,192,0.9238107137210332,1,0.34927438092801055
fov0,1917,12630.869009584665,5247.555910543131,33.055416512386635,14.187658296284683,-0.28617972721922214,313,0.9032055451478771,1,0.4132677175765202
fov0,1918,12623.147959183674,3023.591836734694,27.741873643772745,13.607664691688845,-1.2401983336607427,196,0.8714355981712771,1,0.849902717764189
fov0,1920,12628.81779661017,5036.3347457627115,28.276190359314416,11.410556978485989,1.1487370122414648,236,0.9149622670775948,1,0.7936630480149591
fov0,1921,12734.767587236425,2419.026404179884,240.74085391059634,179.03018267245199,1.0191591962082167,10718,0.6685541260068445,-1,
fov0,1922,12731.488918737408,4824.877434519812,283.83985568752854,41.397476820623744,0.6641603585950645,2978,0.9893070096309016,1,0.5066185194306296
fov0,1923,12638.182142857142,5614.221428571429,25.029711092441097,16.675849927131047,0.8886858919508971,280,0.7457354244621338,1,
fov0,1924,12672.440625,4672.067708333333,78.34672303370012,19.572375931473054,-0.3364239379063857,960,0.9682929610735497,1,0.47115904770722944
fov0,1925,12643.395061728395,5343.302469135802,18.338086884861628,13.458688788101133,-1.0457361923273263,162,0.6792359153285835,1,
fov0,1926,12667.89629005059,2169.876897133221,68.63056023087123,33.17084813112326,-0.4989553568206579,1186,0.875441139851716,1,0.5905310361528351
fov0,1927,12678.277117384843,4227.603268945022,91.87148348597351,47.49032259314995,0.2862572099898876,1346,0.8560329523778812,1,
fov0,1928,12722.433420365534,5960.935770234987,157.81445646668416,38.749322645861945,-0.0032242974915293035,1915,0.9693871643658478,1,0.4734830434458105
fov0,1929,12659.99705882353,7078.720588235294,39.53251631594178,12.953366508472136,-0.48088704004423755,340,0.9447944575250821,1,0.20335753167194576
fov0,1931,12663.76845637584,4049.1174496644294,34.24689696459936,14.792674409025413,0.20682456862195436,298,0.9019013678602237,1,0.34588502405855587
fov0,1932,12685.223623853211,7119.866399082569,125.34962389293959,32.58314456786769,-1.1294710571897757,1744,0.965625278230622,1,0.34270128648369674
fov0,1933,12657.406976744185,3641.5651162790696,37.447094284099485,16.140141982653653,-1.405306830771016,430,0.9023462591436505,1,0.3477177677974437
fov0,1934,12660.139737991267,4808.436681222707,29.502828865247185,10.975218524690286,1.510088600805601,229,0.9282304719638638,1,0.901844814497214
fov0,1935,12682.78960872354,2983.3258499037843,74.02958394864989,40.604666662343426,-0.9666658844288276,1559,0.8361555179659905,1,
fov0,1936,12688.640340218712,4721.291616038882,66.17910295343599,25.777094232314987,-0.652826842201268,823,0.92102433342651,1,0.6386079391676799
fov0,1937,12673.837962962964,7042.986111111111,35.161861251592015,9.394539260609186,-0.1403908470269137,216,0.9636466942687404,1,0.32689901620058964
fov0,1938,12748.340088663712,4168.36795440152,188.45164911853092,47.51446878372812,0.41910886515425805,3158,0.9676931588629536,1,0.24227389678505398
fov0,1939,12732.31466913466,6987.60573808422,134.04925162360846,47.15787479371122,-0.5080890440322257,2161,0.9360770170367406,1,0.1325671129455261
fov0,1940,12687.12513601741,3415.044613710555,54.50580046408112,24.985124277767326,-0.6072186651016437,919,0.8887491597381182,1,0.3942039040785471
fov0,1941,12675.2,6575.445161290322,39.98777871741804,10.860066740345996,-0.9188956074798327,310,0.9624145571840629,1,0.2192401515783183
fov0,1942,12705.570953436807,6658.164079822616,74.40952148823446,37.84596581071199,0.1390140351625678,902,0.8609927399408284,0,
fov0,1943,12681.55744680851,6157.5787234042555,25.41249193702877,13.915630878590461,0.7571733032538026,235,0.8367466769979472,1,
fov0,1944,12708.52340855507,4419.155944762546,115.82638495747841,56.57859408385654,1.2986953733187514,2969,0.8725764368532988,0,0.7443751841411289
fov0,1945,12695.205128205129,2773.723443223443,29.769132050758177,26.06424794020668,-1.5363411357346686,546,0.4831345557551313,1,
fov0,1946,12693.505208333334,5188.182291666667,27.17838712226017,9.410268613435386,0.4642424589594339,192,0.9381456467760494,1,0.5223527595027069
fov0,1947,12723.199372056515,6452.810047095762,95.69032900313522,13.997983871798178,-0.3435852496902396,637,0.9892426046505192,1,0.15638702616747227
fov0,1948,12699.78978978979,5676.354354354355,39.400988340971445,15.134802559532252,-0.336036705394145,333,0.9232821751145203,1,0.38927992727713984
fov0,1949,12713.495289367429,1621.8250336473754,61.78458558863314,18.603458810818363,0.15937241676362135,743,0.9535919565024163,1,0.5161998041243492
fov0,1950,12711.29010989011,6128.476923076923,44.89912438107927,17.0709339472736,-0.006911878777939916,455,0.924901671429459,1,0.26120644952218064
fov0,1951,13612.159933281471,4657.987480386599,1380.046197393588,870.4866033514288,0.26085705335408554,151682,0.7759728749000216,-29,
fov0,1952,12717.697986577181,5214.231543624161,30.448686970052915,15.426265421470164,1.5188279026199138,298,0.8621626727766442,1,
fov0,1953,12719.69014084507,6386.19014084507,20.811174063988055,8.959538606152966,-0.3839785965644566,142,0.902583055809253,1,0.15941267298780673
fov0,1954,12782.266579120158,7079.277084701248,173.33551806479926,25.01365418354232,-0.5029235175472992,1523,0.9895328598158438,1,0.20309943786048185
fov0,1955,12746.055258467024,6316.623885918004,70.48526115845138,15.548344243966683,-0.25409429403868006,561,0.9753666227958324,1,0.2724649691946823
fov0,1956,12721.451851851853,4109.6518518518515,16.78423138153709,10.39169115059884,-0.28198285611171175,135,0.7852852224749002,1,
fov0,1957,12759.86167146974,6180.308357348703,88.66760560853088,28.510603850266605,0.5228678750182881,1041,0.9468943806728991,1,0.523002319842154
fov0,1958,12736.80348652932,5847.483359746434,41.77988035069283,23.076115009983987,-0.18431130508404805,631,0.8336281953993576,1,
fov0,1959,12786.109279828019,6302.407739161591,164.4136689192252,81.54490163714765,-1.0063144452096875,2791,0.8683373836160254,1,0.33562907370215656
fov0,1960,12736.563474387527,6889.461024498886,54.37424746515347,12.221530437153078,-0.7082624210282674,449,0.9744125644046571,1,0.1380950884922272
fov0,1961,12733.22190201729,6036.870317002882,52.71021236735271,10.465267611725917,-0.7127109389210368,347,0.9800920859643188,1,0.25481097747733966
fov0,1962,12749.68797564688,5633.937595129376,83.50770183203662,21.06835639448195,-0.3902134664377367,657,0.9676510516230948,1,0.35611029757791435
fov0,1963,12740.972147349506,4628.3836477987425,71.26717704111678,54.20226329779047,-1.2599557704727729,1113,0.6492791739020402,1,
fov0,1964,12727.041666666666,5705.625,25.3041297442286,9.263055245998483,-1.2480324082384753,168,0.9305877452588747,1,0.4111229993962721
fov0,1965,12755.717908082408,3308.5182250396197,193.14139688470243,27.612273608269984,-1.4141428932215705,1893,0.9897278840287268,1,0.8189881631979784
fov0,1966,12752.1628113879,3838.455516014235,91.62993265365411,30.784256989958998,-0.5674553469303371,1124,0.941875223426763,1,0.4165666762998934
fov0,1967,12742.200198216056,3178.780971258672,54.145927194242006,40.41346037045908,-0.3899555108781112,1009,0.6655195377549789,1,
fov0,1968,12754.34255599473,4225.063241106719,62.32701949378745,24.666830353058653,0.21106823706753766,759,0.9183519754054753,1,0.27738588767491723
fov0,1969,12764.71231884058,4301.495289855073,122.32501538417905,61.57297545589668,-1.322264975118238,2760,0.8640793885999658,1,
fov0,1970,12747.236241610739,6085.9221476510065,45.537239272760445,34.46357043691289,-1.3748013933051129,745,0.6536213948442949,1,
fov0,1971,12765.20887245841,5130.746765249538,70.97801375921462,12.789135399999221,-0.5734130664927305,541,0.9836328373713831,1,0.6583816562207347
fov0,1972,12755.56577266922,5899.163473818646,67.06173899716207,29.496568740329472,-1.4989614028104568,783,0.898075177110235,1,0.4985287027754604
fov0,1973,12746.420382165605,5570.264331210191,39.737707759528035,14.8057808228228,-1.5223876146371622,314,0.9279969890617492,1,0.585755528728751
fov0,1974,13145.089911443274,5530.455139745059,985.2771162355363,765.5911956671335,0.5234740929159831,109986,0.6294619132079476,-11,
fov0,1975,12750.13829787234,7050.053191489362,28.564627221782672,9.013473048590038,-0.8334912618374626,188,0.9489100578927899,1,0.2263680022599559
fov0,1976,12770.60363086233,4580.6520423600605,37.95002732158861,27.82163616844507,0.10977326520986701,661,0.6801074822279448,1,
fov0,1977,12931.1701208981,6037.922201287486,352.77083932157103,198.42742195844073,-0.6531639166863629,12738,0.826809193538686,1,
fov0,1978,12771.493333333334,2840.7546666666667,52.87522491998648,13.989479264979297,-0.9771841415161749,375,0.964365025771907,1,0.8634095820647671
fov0,1979,12765.927659574469,2770.1617021276597,27.00354756008688,12.058366392943087,0.9944912304065365,235,0.8947599336585522,1,0.7105869302452475
fov0,1980,12794.732412886258,1863.6173570019723,66.7087015766299,34.52199114140948,0.6689106409184268,1521,0.8556810481681215,1,
fov0,1981,12846.80076720211,5978.158714936466,210.60488785677933,74.1105156245215,-0.760582927774423,4171,0.936040000598235,1,0.29320590319321793
fov0,1982,12784.53103448276,5587.2206896551725,37.885178575123575,11.752679178570217,-0.29842052304837247,290,0.9506653192680362,1,0.3880801379400406
fov0,1983,12811.708615682479,6604.525653436593,108.36265853800577,23.40267234693472,-0.8195716929532649,1033,0.9764008385012172,1,0.4183488732473593
fov0,1984,12791.975855130784,7018.710261569417,35.44978178048563,27.91083653969943,-0.17741067143341133,497,0.6165260502272889,1,
fov0,1985,12805.51724137931,6217.3431034482755,66.38555295892286,13.838766628075117,-0.21642134623660464,580,0.9780307833847608,1,0.2958324033485545
fov0,1986,12816.196626902509,4999.2348827642945,133.80611521334822,65.26547506253416,1.103020531831853,2431,0.8729769142963083,1,0.746879274536492
fov0,1987,12826.441201000835,4910.123436196831,87.06122988170775,25.23027784668165,0.21418033355521734,1199,0.9570874584914686,1,0.5410263854760553
fov0,1988,12824.205544933078,2904.025812619503,110.9920131155404,34.395883825783955,1.0895483555240122,1046,0.950770745888236,1,0.5439047898630524
fov0,1989,12817.854604200324,6976.494345718901,46.3795334785016,31.105622257770072,0.6647846510601304,619,0.7417507775611017,1,
fov0,1990,13125.612280583764,6900.737440312058,538.5047703598021,392.74246822303337,0.3908309658002981,29738,0.6841724048438125,-1,
fov0,1991,12806.680124223603,2312.009316770186,28.754690315122424,16.82799577376719,1.5611110579042973,322,0.810870144576818,1,
fov0,1992,12803.682539682539,5931.293650793651,15.179397035422244,11.898648795420488,-1.375383893121926,126,0.6209270661770045,1,
fov0,1994,12821.07240948814,6847.739076154807,47.84607877709856,30.278549201232092,1.1580978078605302,801,0.7742887991994293,1,
fov0,1995,12816.765384615384,4153.665384615385,24.057686351435553,13.992366036436025,-1.2652501697414964,260,0.8134625637492768,1,
fov0,1996,12863.110468174646,6164.835875854813,98.14937203110917,42.244968840187425,-0.5775361945264056,1901,0.9026310804840691,0,0.2897912022552401
fov0,1997,12844.151886792453,5081.8490566037735,74.91562461667972,48.24311920943004,-0.6024984178321557,1060,0.7650540638230824,1,
fov0,1998,12835.751865671642,4616.667910447762,43.141863596646296,20.309547034647007,-0.2772849853454929,536,0.8822602812457979,1,0.27477973679423173
fov0,1999,12839.013671875,2700.474609375,59.21623015448933,22.746286084248702,-1.0503544755402332,512,0.9232821392557952,1,0.95556654160505
fov0,2000,12837.601983002833,4398.699716713881,42.25382829125828,40.879104474739755,1.4938251406932062,706,0.253004482775721,1,
fov0,2001,12909.397425940308,4212.197714412515,176.70942809047924,152.63996576983925,-0.38391472868532783,9013,0.5038507476652129,-3,
fov0,2002,12832.75,6938.181034482759,21.146694858243432,7.491362161588139,-0.956136387376264,116,0.9351481499436076,1,0.13687031801376354
fov0,2003,12870.592565055762,6656.056505576208,105.85323375340101,37.70958143395701,-0.8021679856451776,1345,0.9343929573840675,1,0.42360499796200934
fov0,2004,12840.57711442786,2447.467661691542,55.243057704091996,14.905111499911825,-1.4580268189846342,402,0.9629136714895316,1,1.2767080674870899
fov0,2005,12845.3125,1902.3584905660377,52.644519011722544,24.548988805680988,-1.3302158598530964,848,0.884618143158805,1,0.8375005610621269
fov0,2006,12841.38596491228,2304.1649122807016,34.44948059737543,13.964387586781424,1.4917927103443993,285,0.9141578299774458,1,0.8896996218697553
fov0,2007,12849.38028169014,7018.683098591549,39.7791973154713,11.61126913113425,-0.9005748357733372,284,0.9564509805411354,1,0.5117510790646672
fov0,2008,12914.922314578005,4896.149616368287,156.43860324718008,93.7671232289576,0.8135576951186853,3128,0.8004600622490273,1,
fov0,2009,12878.56519558676,4666.041624874624,114.54703714005271,52.63907796350202,-1.1584426868876776,1994,0.8881564755951106,1,0.33792240030059395
fov0,2010,13021.493364830125,6275.167234072119,365.8124813857925,233.27648653296052,-0.05180043756271086,14393,0.7702896507845727,0,
fov0,2011,12880.5,6543.898948598131,146.2830297264087,44.33348200042533,0.834308355154769,1712,0.9529694184180021,1,0.7276804560225536
fov0,2012,12851.7807486631,4098.5695187165775,29.250675670085705,16.489849762690728,-1.4214630626684697,374,0.8259505829109938,1,
fov0,2013,12875.673956262426,6254.721669980119,53.1442741751867,13.183754201818182,-0.5316758145814282,503,0.9687408852752946,1,0.2998783896452159
fov0,2014,12857.714285714286,6953.27027027027,26.663155549389128,12.73637220758441,-1.1417724080289304,259,0.878535613990839,1,0.61702563072671
fov0,2015,12857.841666666667,5239.058333333333,17.46069479478905,8.974143323701577,0.934580628150238,120,0.8578126200872178,1,
fov0,2016,12868.404651162791,6714.86511627907,22.313495642528366,16.57671954814247,-0.565443346625876,215,0.6694012370639014,1,
fov0,2017,12868.477876106195,2813.3893805309735,17.420527564568072,8.51253159493701,0.9627583365151637,113,0.8724801966781263,1,0.5011261371311962
fov0,2018,12978.68680013573,6921.676280963692,241.1491536916416,53.54871468894485,0.059477281765098276,2947,0.9750338209431578,1,0.4078731405498501
fov0,2019,12879.86559139785,4989.064516129032,27.387805888368163,9.898613443111609,-1.2040776254795136,186,0.9324015287041125,1,0.8374891229493633
fov0,2020,12892.710462287105,3055.8856447688563,41.62031939847722,19.9121898056053,0.2437549462148415,411,0.8781285690715446,1,0.2960297701174517
fov0,2021,12902.038229376258,7026.571428571428,41.47084591729109,19.07286512449849,1.0921210128237833,497,0.8879654306680973,1,0.9574830722462523
fov0,2022,12902.054662379422,6767.271704180064,37.42657960656639,25.179541279022523,-0.6422932729257698,622,0.739850202850469,1,
fov0,2023,12980.073795180722,6447.127635542169,274.45426025952463,37.77213433204778,-0.45855442386413425,2656,0.9904842207455936,1,0.3505149665357092
fov0,2024,13010.284394506867,6687.9593008739075,210.45760258648107,70.79664234644066,-0.37714343425600594,4005,0.9417213921311933,1,0.20046861696101087
fov0,2025,12903.943502824859,3232.3276836158193,19.471248478468617,12.960815672477269,-0.6813789828137679,177,0.7462741984834619,1,
fov0,2026,12930.094224924012,2888.808510638298,84.16898391814055,21.009967909082228,0.6096597641015984,658,0.9683447725727365,1,0.1638172876005229
fov0,2027,12984.894387875918,6525.45725787355,150.45102616371898,98.11149138396678,-0.5295321027570432,4223,0.7581193722328653,-1,
fov0,2028,12929.968962906889,3789.0605601816806,59.09621202689691,35.03210980999066,-0.610255636280163,1321,0.8053512658099203,1,
fov0,2029,12915.522875816994,4728.019607843137,22.30198563946094,8.967208806404347,-0.8130969515197539,153,0.9156040197238614,1,0.477228058738103
fov0,2030,12919.32905982906,2590.41452991453,33.740587158080366,12.076550345270881,1.4736002772215597,234,0.9337508985900363,1,0.9755050034527061
fov0,2031,12920.302158273382,6982.978417266187,18.07560948879818,12.099339762188576,-0.7174090806357362,139,0.7429257633511148,1,
fov0,2033,12949.256821829855,6649.385232744783,48.2971669038787,30.34407471490654,1.0976679775254623,623,0.7779884605752729,1,
fov0,2034,12946.608695652174,7023.113712374582,32.30281699004277,15.61316388537164,-0.13747501839560022,299,0.8754340802257966,1,0.4431161802109088
fov0,2035,12947.456603773586,3833.8150943396226,35.486257802660354,9.85006626830165,0.7989113591850218,265,0.9607042291659406,1,0.7917757558994467
fov0,2036,12954.694915254237,2853.7881355932204,18.19284072974401,8.586523671203642,0.6252566976666711,118,0.8816131781060916,1,0.15724749342934202
fov0,2037,12957.338345864662,5184.0300751879695,17.965583465443444,10.056642212557815,0.2088382526131291,133,0.828646235492198,1,
fov0,2038,12976.236363636364,6145.801818181818,61.41527432868611,13.379834084321203,-0.5938711294210706,550,0.97598038540751,1,0.1375042666055619
fov0,2039,12975.869692532942,3742.3177159590045,45.00723743984797,39.17045027130327,0.9737086392115236,1366,0.49249640888331525,1,
fov0,2041,12969.326164874552,6770.028673835125,26.912634031784133,14.565211144307742,-1.252612003707026,279,0.8408916667640309,1,
fov0,2042,13012.525933107125,5819.236548715463,147.62478684372422,41.66574953110404,-1.0239255257139248,2063,0.9593435706192132,1,0.32251283085903937
fov0,2043,13077.73450918829,4941.889278788439,322.8926332696797,171.58928825007308,0.9828568419880079,10829,0.8471129814809609,1,
fov0,2044,13021.427017225747,6854.072529465096,131.75084006402423,25.031730825288793,-0.2776041319146278,1103,0.9817854545608271,1,0.14035648299059808
fov0,2045,13007.753469927296,5030.009253139458,92.4384339524557,62.567511696090364,0.8674310745083097,1513,0.7361154193976618,1,
fov0,2046,12995.152364273205,6978.973730297724,42.945807741377784,25.367011561370763,0.8061816205159772,571,0.8069096223397637,1,
fov0,2047,12992.108843537415,7088.447278911564,41.98521312810091,27.185950101807784,1.046862603734377,588,0.7620548332885348,1,
fov0,2048,12993.990099009901,5883.529702970297,28.746225561507256,11.171711957521975,-0.25617373664056564,202,0.9213929291868693,1,0.41866671931742516
fov0,2049,13004.90022172949,2984.818181818182,51.95641242735244,14.35727129867635,0.8819881194268552,451,0.9610619508063439,1,0.2037293184644441
fov0,2050,12998.14184397163,2914.567375886525,19.173897076562138,10.956834840518992,1.3173247418035998,141,0.8206401046022186,1,
fov0,2051,13042.261340206185,6745.783505154639,122.86895153262883,47.51551790186125,-0.6923702786350193,1940,0.922198420534501,-1,0.2595162245580512
fov0,2052,13056.120536306917,2590.993097039692,283.63450734961384,91.07946990812897,1.4775593928230082,7533,0.9470399993357955,1,0.9916668572278146
fov0,2053,13006.855614973261,6638.614973262032,18.916969509706874,12.820396587732214,1.3720976216758396,187,0.7353206515475272,1,
fov0,2054,13085.626731866341,5917.354115729421,152.7021548621488,146.48376541200437,1.486852148623983,4908,0.28246482225804875,1,
fov0,2055,13052.939799331103,6157.45596432553,73.84931248652865,22.8985562698242,-0.17293268503207246,897,0.9507132879081739,1,0.16633420004764543
fov0,2056,13054.702090592335,4263.559233449478,68.9911084421812,12.570288067248285,0.36016377373288583,574,0.9832612007918651,1,0.2597411446877883
fov0,2057,13041.654411764706,6386.908088235294,25.53510415419426,18.271660249993666,-0.8845066899038626,272,0.6985608594175493,1,
fov0,2058,13053.918644067797,5521.872881355932,81.35007218246722,15.01991741251847,-1.0781791161545953,590,0.98280751524821,1,0.31013712646549385
fov0,2059,13044.538461538461,4427.015384615384,28.25627367026706,10.154531845862968,-0.6596059267265192,195,0.9331941389819345,1,0.37491459734015115
fov0,2060,13082.758503401361,5799.885204081633,106.42907360104083,21.020741622737958,-0.9012446822849881,1176,0.9803009946207571,1,0.30371642757710515
fov0,2061,13067.917808219177,4458.273972602739,36.77907290264372,10.596796811812798,0.2426344111535951,292,0.9575942271123743,1,0.4374059893192798
fov0,2062,13335.029385836027,6014.224434322657,533.4287730392966,138.61784625842665,-0.3700686940109098,13612,0.9656457745794597,0,0.4316335761324881
fov0,2063,13096.701754385966,5410.013645224171,74.04499533829382,27.228264103256237,-0.13124306450753614,1026,0.929934216519689,1,0.3682863292875185
fov0,2064,13773.991893456861,6064.663211735186,1392.5114902506907,246.22555124418523,-0.10208491496364323,51810,0.9842429901225289,-2,0.0859449377638935
fov0,2065,13133.623800383877,5154.263915547025,115.04661554268623,31.356398177798383,0.615423379975815,2084,0.9621405292300248,0,0.6364397731370051
fov0,2066,13099.134770889488,7078.539083557952,39.36630432926783,13.117160306814638,-0.317137436833003,371,0.9428534091067328,1,0.11173924881610932
fov0,2067,13099.241635687733,7230.2973977695165,21.43614217807192,19.513823737232908,0.08785027996949758,269,0.413897505985013,1,
fov0,2068,13153.052655064703,6401.109326193664,177.31148360043088,50.40631561432236,-0.9954962569916748,2241,0.9587409544083263,1,0.3428038972530809
fov0,2069,13134.109916367981,6323.007168458781,96.56091054042413,19.197570845655576,-0.48354307995431445,837,0.9800374299519067,1,0.25124485024073206
fov0,2070,13116.775631500743,6605.347696879643,41.521688162863484,27.827480162737913,0.4162555101069578,673,0.7421882698393945,1,
fov0,2071,13141.36802270577,6700.66508987701,104.64578060748839,40.91777007951351,0.1960808906426923,1057,0.9203855226977256,1,0.48170785508098085
fov0,2072,13139.501275510203,6199.621173469388,65.48849931464444,17.20824058834561,-0.24574110758283516,784,0.9648592179179759,1,0.18147015972841204
fov0,2073,13310.950663390664,5870.8556265356265,510.6515151926019,147.5789431671571,-0.05060721942937935,10175,0.9573287096390484,1,0.3255001658508885
fov0,2074,13130.373333333333,6650.946666666667,23.731098282900405,9.277899478425383,-0.5626230903476708,150,0.9204078613104595,1,0.2173461379776978
fov0,2075,13170.176691729323,7403.005012531328,87.43058951794853,24.831131217027234,-0.43634250937973307,798,0.9588214213973031,1,0.2763115061523398
fov0,2076,13189.708556149733,6515.76559714795,110.26906029471188,31.705090629467957,-0.20351205927490207,1122,0.957773190026502,1,0.398113279953153
fov0,2077,13149.14785992218,5594.824902723735,27.47977190379315,13.888045990708433,-1.072318034543864,257,0.862890101315645,1,
fov0,2078,13213.4523977433,5991.187588152327,171.1236583440778,54.54407564986484,-0.3688246072041457,2836,0.947841950131,1,0.4020903914553934
fov0,2079,13165.555555555555,7070.953488372093,50.06313903330708,12.598600283297635,-0.33845746582821595,387,0.9678172104074038,1,0.11835415158265468
fov0,2080,13157.42934051144,2982.78465679677,73.16312366880047,21.50061088217978,1.2235650855858,743,0.9558447090446843,1,0.23545800411879064
fov0,2081,13163.412213740457,7113.826972010178,38.38909320477425,16.795912658416842,-0.6567684218405748,393,0.8992097367271696,1,0.1921014758911831
fov0,2082,13172.217165149545,3056.7568270481142,76.72923840270569,22.904448928223797,1.0350974420861419,769,0.9544064904376306,1,0.2326723394808941
fov0,2083,13162.39263803681,6586.300613496933,19.274706565762685,12.192078444458964,-0.25451821474833397,163,0.7745253399287577,1,
fov0,2084,13279.513461228438,6589.738674834757,301.88428064069404,119.39937059678819,-0.3813277200564788,6203,0.91846007448623,1,0.44448222162011836
fov0,2085,13164.069518716578,6635.802139037433,19.854069783106755,13.609524456048625,-0.5218764826992179,187,0.7280935101085235,1,
fov0,2086,13200.222222222223,6401.181681681682,68.50774923320219,23.23765604417048,-0.37381808676442035,666,0.940715189702873,1,0.46520999694026177
fov0,2087,13302.450708762886,5196.049210695876,368.99927145383356,177.12187106732546,0.7148090107582479,12416,0.8772651949899203,1,0.4985788582808829
fov0,2088,13196.210691823899,7196.5817610062895,41.697176861126614,11.297015841612724,-0.5444878742714816,318,0.9625990540242851,1,0.1355293016630748
fov0,2089,13191.272727272728,4943.0489510489515,17.599228073592617,11.933540072274289,1.16819345734075,143,0.7349956791659088,1,
fov0,2090,13211.078947368422,7258.535714285715,52.186376304371606,14.798253709578068,-0.055794511777914925,532,0.9589528825258394,1,0.23225743107328956
fov0,2091,13205.100200400802,5943.961923847695,38.95803909375031,23.046593405168707,-0.3763966121145338,499,0.8062501346956434,1,
fov0,2092,13199.734597156397,6206.924170616114,19.355415233620764,14.944988202259474,-0.18475030008512322,211,0.6354588639390374,1,
fov0,2093,13209.67723880597,4602.395522388059,35.347572136566306,21.379797894167307,-0.42743965190932026,536,0.7963433152175305,1,
fov0,2094,13214.048648648648,6464.0,29.426532949924898,8.695957099084442,-0.21805595748207282,185,0.955338360263895,1,0.44370127568674733
fov0,2095,13223.543604651162,5793.761627906977,42.45943663711831,13.163583643792574,-0.02874227915072226,344,0.9507276611943882,1,0.3804502209120349
fov0,2096,13254.59616330546,5025.366945400885,136.39051276766796,68.66895972966664,0.6776697417218915,2033,0.8640108779964446,1,
fov0,2097,13215.581196581197,7007.760683760684,16.92799650277572,9.602914341058609,0.38955628781731866,117,0.8235249656788818,1,
fov0,2098,13376.761744966443,6656.629274528604,405.50615025029214,95.18189356789303,-0.19009062507555988,6258,0.972062136228182,1,0.29960715714677866
fov0,2099,13237.143724696356,6236.746963562753,55.90540687627063,12.529470036206556,0.340652399702588,494,0.9745617602335344,1,0.3972698195293092
fov0,2100,13227.056234718826,7145.090464547678,34.82395389814317,18.53670611404044,-1.5084699164778705,409,0.8465573191701552,1,
fov0,2101,13280.517893660532,6318.288854805726,180.11758352907296,40.44634704373663,-0.7729788808200885,1956,0.974461361251521,1,0.3836235302112194
fov0,2102,13258.16795201371,5627.868037703513,78.22103035423511,40.44118430973108,-0.005844910146744304,1167,0.8559783579324549,1,
fov0,2103,13235.696048632219,7392.179331306991,32.072658338761194,18.464190118819428,-0.5672023946477917,329,0.8176618618869793,1,
fov0,2104,15105.31599173439,6577.0909072244385,4559.383533468851,2040.1283590288676,-0.7366925378872484,1656018,0.894305416476284,-405,0.6076691585692728
fov0,2106,13254.967213114754,6478.814207650274,29.018396608621327,9.210785399076567,1.3697243697488513,183,0.948287753762853,1,0.7874188810335141
fov0,2107,13258.0,6512.111111111111,16.18267711844458,8.78536793055544,-1.4608238401678981,108,0.8398056387085184,1,
fov0,2108,13281.571962616823,7624.990654205608,35.23584287190174,23.95080043212202,0.07690729950782196,535,0.7334639766792941,1,
fov0,2109,13290.742808798646,7235.463620981387,52.04490387172772,23.697074197258587,-0.5406914763064526,591,0.8903279719610104,1,0.1212537393472186
fov0,2110,13280.053191489362,7196.821276595745,41.49270390603355,20.935850081326887,-0.801228151786647,470,0.86337252644308,1,
fov0,2111,13280.567010309278,5943.667525773196,44.51583615374446,14.522107705897241,1.1706256462706488,388,0.9452927002572272,1,0.6925288471380949
fov0,2112,13282.266081871345,4590.318713450292,27.6173922446788,15.973514933803136,0.13969998369841508,342,0.8157631735355495,1,
fov0,2113,13280.634517766497,6257.507614213198,23.728462162149544,11.868979779778,-0.588706710145474,197,0.8659098297482186,1,
fov0,2114,13286.383033419022,6798.966580976864,39.66307259124163,15.962755399808781,-1.2248751201931047,389,0.9154380686158256,1,0.9735659692740832
fov0,2115,13306.55421686747,6444.819277108434,72.69879001798459,23.06560968847992,-0.003008809174080393,830,0.9483331123872046,1,0.4189871581011332
fov0,2116,13304.124203821657,6383.831210191082,35.67478822656977,18.30200829048429,0.08427565641463186,314,0.8583745020048015,1,
fov0,2117,13518.016255488188,5064.636002508885,554.2801278304561,248.36499243790814,-0.0009620238438815806,19132,0.8939906130304133,0,0.25135685796645607
fov0,2118,13319.669482576557,5625.41393875396,71.05552775961945,38.536308596832896,0.8168698572365728,947,0.8401586190048289,1,
fov0,2119,13312.12962962963,6889.766975308642,49.448059116906144,21.00202641036625,-0.7389352120781858,648,0.9053205217978791,1,0.7794463723970982
fov0,2120,13297.766990291262,5851.9320388349515,14.561587417768967,9.49134011247028,-1.1079995366288002,103,0.7583851510873227,1,
fov0,2122,13334.437044745056,5078.295525494277,72.71599981565797,31.61343993643959,-0.9979324907218243,961,0.9005501296751134,1,0.6850994708576841
fov0,2123,13308.41791044776,6482.3432835820895,15.127228005744822,12.402837267456828,0.9914632477640661,134,0.5725045799078926,1,
fov0,2124,13328.817375886525,6954.767730496454,39.21294235577856,35.101647336575596,0.37735079026054186,564,0.44575572763274046,1,
fov0,2125,13363.896658415842,7104.123143564357,130.71388820990717,44.17674433230381,-0.5440973265179785,1616,0.9411586098864698,1,0.1842140992150848
fov0,2126,13384.608139534883,7046.218604651162,179.95759962335603,28.94684655856731,-0.2094811972871286,1720,0.9869782600126016,1,0.4548659806325845
fov0,2127,13410.842028985508,6471.767246376811,203.13932567132568,46.601317503953574,-0.5654689791541408,3450,0.9733308937074492,0,0.3497062275982825
fov0,2128,13327.548387096775,7410.322580645161,27.522683192311717,9.231989172559356,0.5903842651760859,186,0.9420644145126842,1,0.5469078681419623
fov0,2129,13557.318276004973,6774.116079569001,549.4316805399955,293.4343014323019,-0.30729434344157347,24130,0.845441038555722,-2,
fov0,2130,13355.634581105169,7275.916221033868,55.4110271133861,21.717935936418666,-0.550095211137333,561,0.9199897198269108,1,0.45511297869188383
fov0,2132,13347.147727272728,6848.878787878788,31.853613236720566,11.717872106483151,1.2234257983427592,264,0.9298786781843073,1,0.8409236569617375
fov0,2133,13363.2672985782,6903.500473933649,80.02592026103531,26.643333127462814,1.483688561866027,1055,0.942950205387013,1,0.9445819498879039
fov0,2135,13368.715542521993,6424.5205278592375,82.89823294667491,25.521212907302825,0.7465248586043375,682,0.9514310329066192,1,0.6821589117505765
fov0,2136,13382.40041493776,6753.850622406639,59.74319276794795,17.146995557725006,0.03950573330213438,482,0.957927075395964,1,0.438962058814438
fov0,2137,13543.090377761939,6175.488382038489,407.0605698592074,81.62299222080624,-0.3585835157144568,7015,0.9796900076611762,1,0.4960433080422374
fov0,2138,13365.1875,7847.125,24.612705476690994,9.24133264836112,-0.5971901402082931,160,0.9268345458313395,1,0.6586363004457032
fov0,2139,13381.178147268409,6973.610451306413,46.79089476520781,15.745584898867463,0.0938502279163377,421,0.9416800383386305,1,0.4995706347957127
fov0,2140,13386.533081285444,6292.034026465029,45.74144470498222,19.332575456065594,-0.17105336449169084,529,0.9062934570663397,1,0.3415162665751179
fov0,2141,13369.729559748428,4800.138364779874,24.475814377973713,8.577365225432748,1.3518962422273857,159,0.9365842537387954,1,0.8513964886232072
fov0,2142,13385.163265306122,4196.632653061224,21.149184314111256,9.039814724023298,0.7580048358569416,147,0.9040480254157341,1,0.39921934263972764
fov0,2143,13395.29365079365,7135.8650793650795,17.755693613408482,9.87626371263595,-0.14248473264132824,126,0.8310278539437287,1,
fov0,2144,13406.173835125448,4852.046594982079,28.450595934003978,26.313702637728014,0.8242303935867618,558,0.3802321326280644,1,
fov0,2145,13412.74297188755,7348.606425702811,29.91163855950923,16.8549034143303,0.39930330406596676,249,0.8261230164659251,1,
fov0,2146,13461.245310245311,7091.069264069264,130.6091334176972,57.886066409942366,-0.6990189635741908,2079,0.8964223846236162,1,0.5945850251792056
fov0,2147,13416.844559585492,7394.632124352332,26.209534097547117,11.660154036625375,0.8103508880929686,193,0.895589117446144,1,0.65356879365486
fov0,2148,13445.599033816425,6251.157809983897,96.77782420977822,10.886462583492882,-0.31268324642812706,621,0.9936529444082765,1,0.17702953521620005
fov0,2149,13425.10602910603,6351.12474012474,61.88977468741078,14.654876811466579,-0.9721842022466172,481,0.9715608670444176,1,0.7168529128424457
fov0,2150,13422.807017543859,5426.450292397661,25.144080517931798,9.18710855583883,-0.11881945177528459,171,0.9308590063842391,1,0.22494146179360047
fov0,2151,14392.82500457624,5205.520265518271,2626.1022385582437,238.19532079273205,-0.12267309299485198,103797,0.9958779884611458,-27,0.22185046816101667
fov0,2152,13485.161497326204,6541.614438502674,119.94009925566442,54.70496732619334,-0.17220286702216828,1870,0.8899272999505905,1,0.4175495565129206
fov0,2153,13438.331562167907,5582.221041445271,61.41179348346263,37.051504079362225,1.3669346380337637,941,0.79749253978472,1,
fov0,2154,13456.651074589128,7366.538558786347,66.22539654286257,29.40458522720404,-0.953145727758937,791,0.8960229755485936,1,0.6033745406928689
fov0,2155,13440.16875,6504.74375,24.31678375214182,9.55969549470963,-0.7395313680543092,160,0.919482226451818,1,0.4002399667601709
fov0,2156,13456.191394658754,6731.632047477745,55.777512789108194,19.251678296528187,-0.13359214186193719,674,0.9385470761684681,1,0.33632653120105666
fov0,2157,13448.65780730897,5198.086378737542,30.590152027558148,14.478435696848447,-0.3009312128448538,301,0.8808992549915476,1,0.3772208835150485
fov0,2158,13548.99832551909,6303.747153382452,239.19194994981746,143.77619655462783,0.6439598431121343,2986,0.79918037207437,1,
fov0,2159,13462.805293005671,6675.529300567107,53.7008889155459,16.94165136883294,0.9691129743558397,529,0.9489316383018418,1,0.7047593004164382
fov0,2160,13466.142307692307,4361.614102564103,45.41431511202833,28.027504031717363,0.1830989950332116,780,0.786844496356503,1,
fov0,2161,13478.969696969696,5734.507575757576,47.07272029826124,15.939974498382512,-0.290385801861773,396,0.9409216093777383,1,0.2662052256897356
fov0,2162,13502.528428093645,6468.886287625418,119.1616957470682,22.755708900796066,-0.7900293261415311,1196,0.9815968534206811,1,0.4945554531763291
fov0,2163,13481.375968992248,5271.077519379845,34.8511103297204,10.64598005967179,-0.14063154134631484,258,0.9522015960296182,1,0.3134755072667906
fov0,2164,13479.674757281553,5221.597087378641,30.878019172573662,8.729246075655071,0.7617652718017556,206,0.9592080898630649,1,0.3974608192037729
fov0,2165,13575.679994288163,7057.008567756676,236.02764870869484,127.27741309716544,-0.915960615307149,7003,0.8421470810084484,0,
fov0,2166,13480.266009852217,6338.059113300493,20.073259323184356,15.068131402299082,-1.550091012472978,203,0.6606921822652765,1,
fov0,2167,13602.091487107029,5576.59360649947,265.10705301914436,53.47711500988351,-0.09626588059681437,5662,0.9794434477215587,0,0.18230370355186062
fov0,2168,13542.552842105264,4599.121684210526,97.66873247285388,45.52205541093079,0.41666500952579844,2375,0.8847392763051631,1,0.43856735246739054
fov0,2169,13516.313186813188,6584.521978021978,48.28981512434326,10.55441954450375,-0.4305673117874622,364,0.9758225956339822,1,0.5557415190723781
fov0,2170,13642.098203939746,4955.138470451912,350.478030547992,29.394401588502642,-0.32589492020808536,3452,0.9964767505733917,1,0.33055115457172873
fov0,2171,13541.476360392508,6891.2047279214985,101.64526455690202,74.54748094750292,0.6542835382158168,2242,0.6797883947639716,1,
fov0,2172,13526.640332640332,6706.490644490645,59.44453509936724,12.332941274603291,-0.8824145795006261,481,0.9782414393867437,1,0.5614151951930856
fov0,2173,13643.616365568545,5508.302019128587,243.76836187824853,56.56097472744031,0.08233880245222065,4705,0.9727092155590689,1,0.24674104583637058
fov0,2174,13555.46185064935,7780.354707792208,115.25496945602406,20.32038349786676,0.5636298126990433,1232,0.9843350331529052,1,0.3464324222455406
fov0,2175,13532.359456635319,7711.66144200627,76.46279040777505,25.270907454183863,0.9371388463913547,957,0.9438061967758012,1,0.44512901996748744
fov0,2176,13549.421621621621,6223.681081081081,76.20227081282422,16.394681488630045,-0.10215074889287125,740,0.9765816997151197,1,0.4272829881388937
fov0,2177,13560.355172413792,6608.512931034483,82.09688423456376,46.17908780715332,-0.08177853274253334,1160,0.8268006788278089,1,
fov0,2179,13533.052044609665,6391.408921933085,30.329430493220325,14.812638802087132,1.075091209766286,269,0.8726245780302864,1,0.7046329936819061
fov0,2180,13579.756176154673,5870.72395273899,107.712264369847,27.650821268826668,0.3909347165452722,931,0.9664884623526621,1,0.34986776937725084
fov0,2181,13621.062141912736,5929.421330982812,168.48936098767487,47.43920409385853,-0.07595089760810847,2269,0.9595447741017654,1,0.16234474346283256
fov0,2182,13581.792763157895,4928.5921052631575,75.43660895587237,14.658225079449203,-0.48425126615728986,608,0.9809398121546372,1,0.3766923827297356
fov0,2183,13577.07351712615,6530.645781119465,118.20874956382727,48.05471700544616,1.24879634702264,1197,0.9136400150936592,1,0.7808515869341005
fov0,2184,13674.969979296066,6482.30760130139,254.1684615977702,107.2448430141724,0.3773859829124243,6762,0.9066219214734736,0,0.4120989124027714
fov0,2185,13602.655445544555,7842.30297029703,44.3969492504284,17.060120379749385,0.1227096383074066,505,0.9232235260440428,1,0.42845007753468833
fov0,2186,13609.389980353635,5691.479371316306,61.6326736820448,28.138076824337478,-0.7385466045111674,1018,0.8897004234286844,1,0.34959975809758664
fov0,2187,13599.748768472906,6515.35960591133,22.648111426285297,16.682602701873776,-0.9881962794847355,203,0.67632846397006,1,
fov0,2188,13637.292214717383,6901.99431212229,141.73626394519738,49.76370862874889,-1.3379162656041572,2813,0.9363376864545233,1,0.6707748118713229
fov0,2189,13617.772980501393,7794.461002785515,74.30537435517363,18.742991481485344,1.0523262516296892,718,0.9676639904272767,1,0.5725626443801191
fov0,2190,13713.80270340525,5127.991681829997,198.809752180252,67.7446372401224,-0.3039348291303894,3847,0.9401535530406969,1,0.11407373374724804
fov0,2191,13643.212620027434,6599.831275720165,39.96287787768924,31.704236117944824,1.3488702132802501,729,0.608775990606219,1,
fov0,2192,13666.181544633902,5753.160982948846,92.19483927155966,42.072013051795864,0.3662078756029592,1994,0.889806487571592,1,0.3570455860557012
fov0,2193,13642.855625,6314.11625,190.9628245104317,25.859232853046052,1.5689917987060933,1600,0.9907889659146848,1,0.7545988043600336
fov0,2194,13645.377414561664,6785.190193164934,40.46820151016745,32.210700560578154,1.0077049078290559,673,0.6053612131089142,1,
fov0,2195,13710.76954522228,6200.196729688299,116.15561405136674,53.366087877111106,0.033248366439053434,1957,0.8882108004295534,1,0.3991152818352737
fov0,2196,13723.180451127819,5875.524580682475,94.85284938286256,52.44061051201314,-0.059178747797132725,1729,0.8332723087505742,1,
fov0,2197,13863.695029509665,6746.664736650723,602.7633705676762,369.131111828389,-1.06516228966099,35751,0.7905495748040934,-3,
fov0,2198,13681.323308270677,8167.609022556391,18.95591346482338,9.809396110753935,-1.0936657447820168,133,0.8556924302190634,1,
fov0,2200,13696.212317666126,7031.9108589951375,48.80143324532582,26.25673481353554,0.6944425287503707,617,0.8429243863331618,1,
fov0,2201,13697.30900243309,5709.615571776156,50.00293823460233,14.157568927809402,-0.38974184663832917,411,0.9590801420500168,1,0.22997743306920285
fov0,2202,13700.754464285714,7486.486607142857,37.484363998894224,23.828808697997253,-0.2314119610777276,448,0.7719362413729031,1,
fov0,2203,13760.81351766513,6278.752073732719,155.4672567890156,113.168330960688,0.6060366247007986,3255,0.685657935457987,1,
fov0,2204,13699.560283687943,5940.978723404255,17.786199645985384,10.598268808663766,1.486028823444705,141,0.8030806555770669,1,
fov0,2205,13721.1173553719,13371.566115702479,53.881099534513496,37.79756373240821,-0.7276242583785348,1210,0.7126699575806964,1,
fov0,2206,13705.90625,13432.796875,24.113246323171264,10.692703299044668,0.9287137239756876,192,0.8963055907556287,1,0.6230351916363338
fov0,2207,13726.717041800643,7086.451768488746,73.50346089488383,34.107831833745394,-1.5589329391741247,1244,0.8858193357195058,1,1.0690879170292737
fov0,2208,13716.108552631578,6982.1776315789475,41.820506276641495,11.31762830473149,1.2956180010017608,304,0.962685154859449,1,1.2351236533495218
fov0,2209,13717.84142394822,7850.203883495145,21.25879412249672,19.210790909898233,1.1011360686358245,309,0.42824378246937533,1,
fov0,2210,13723.609826589596,6932.950867052024,38.12727335446765,13.010386742024373,-1.2531301675132842,346,0.9399777647911131,1,0.6492589811443211
fov0,2211,13725.05357142857,7569.7797619047615,21.98938905102144,11.865396362567202,0.6576284172179969,168,0.8419237890597728,1,
fov0,2212,13734.04858299595,5614.032388663968,42.72111190095216,7.993027327896486,-0.13093490851227332,247,0.9823412859306926,1,0.11666398918337956
fov0,2213,13740.214736842105,7882.537894736842,74.765168571026,25.081642725050237,-0.9796600456467097,950,0.9420500724177222,1,0.5800150283797283
fov0,2214,13734.916666666666,6375.466666666666,21.748985808248552,14.247317668847266,0.17654680981617216,240,0.7555598406311305,1,
fov0,2215,13767.847608453838,6454.46829810901,119.08298918832772,16.72900465108869,0.1512550669244502,899,0.9900832468040068,1,0.5364555854908074
fov0,2216,13764.06187766714,13452.3033428165,112.28979389331714,72.02039051786826,1.5455214350557214,2812,0.7672236465765502,0,
fov0,2217,13742.134057971014,5038.226449275362,44.39713108834884,17.382018415260372,-0.499679454591931,552,0.9201729175256113,1,0.3744936245708178
fov0,2218,14114.915871794872,5471.723076923077,798.7564895326835,222.04528240218553,-0.24050019900498187,39000,0.9605843428386812,-5,0.19772371714185707
fov0,2219,13790.64765784114,7557.273930753564,150.62558625109742,46.38812190563393,-0.6982598323561875,1964,0.9513961542003749,1,0.5842788101011989
fov0,2220,13825.985304408678,8243.608467459762,242.17442208640995,38.69362527594411,0.5618814492297897,2858,0.9871533195274584,1,0.7163650811706981
fov0,2221,13761.367781155015,7487.38905775076,39.267613514158334,13.017538487187505,0.8393209756098793,329,0.9434523142250236,1,0.6652013647266096
fov0,2222,13799.976139978791,7716.417285259809,165.2761729660137,31.871411062737163,-0.8053680158971236,1886,0.981230745270211,1,0.4677051638672062
fov0,2223,14150.297751334325,5890.133038761046,929.7129657513665,122.9051816307689,0.10957882460264118,22858,0.9912234747426047,-3,0.04345602576256123
fov0,2224,13800.489085948158,5068.430422919509,95.22197988599446,45.55975298918236,-0.1533574823561183,1466,0.8781102386055749,1,0.31718998028657525
fov0,2225,13907.297252911318,7026.667512690356,328.1579930630967,106.12492040866151,-0.3861685476006832,6698,0.9462637841632467,0,0.49035747337146135
fov0,2226,14903.713471767538,13146.272017571475,2343.2292336076043,1075.948796608772,-0.5237378622028782,549527,0.8883466023353058,-181,0.5453106645255681
fov0,2227,13781.532544378699,13323.502958579882,48.012029059042334,14.540278380193731,0.596374358343084,338,0.9530393246192266,1,0.6332570626210499
fov0,2228,13770.262068965518,13607.331034482759,21.530026677321498,10.115481654856296,-0.18162845002348377,145,0.8827561927111389,1,0.6017188422677436
fov0,2229,13770.210256410257,6416.774358974359,21.260124331407827,13.194522489853028,1.3115391594114922,195,0.7841090942059057,1,
fov0,2230,13854.077579034942,7450.825499168053,157.51428847141443,120.31771528171485,0.40912537111969455,4808,0.6453906146547134,0,
fov0,2231,13775.694214876034,7411.297520661157,17.620331004905427,8.810211709527847,0.740933306122415,121,0.866023889751556,1,
fov0,2232,13936.383340240365,5382.251968503937,377.3211509858682,22.7062431005038,-0.2677918338012144,2413,0.9981876920907299,1,0.1960366866711124
fov0,2233,13821.0,6367.092460099065,114.49968733045544,50.09972068270244,-0.8817126592871137,1817,0.8991924566958108,1,0.7370324284431452
fov0,2234,13796.79381443299,4827.376288659794,26.56683138987969,9.55720952119301,0.07695173313564108,194,0.9330517523480439,1,0.3538037208331357
fov0,2235,13806.023702031604,4482.484198645599,67.52484204960683,25.502159698868063,1.421069250887617,886,0.9259399455083224,1,0.5708203198764296
fov0,2236,13816.169267707082,13390.126050420167,58.28255529997323,22.88908244252772,0.8441759155831295,833,0.9196554714131684,1,0.7140467854416104
fov0,2237,13810.081325301206,4927.795180722892,34.207759611524075,16.5272058149008,0.9340121671544002,332,0.8755420012501541,1,0.6608698165540762
fov0,2238,13829.294214876034,5919.0280991735535,63.78215016293078,21.99128347296138,0.010787256546631685,605,0.9386807923149415,1,0.05892486563001818
fov0,2240,13834.23923444976,4550.217703349283,46.791270658223176,13.991917583454239,1.0349899143511456,418,0.9542442200655185,1,0.4099676245616152
fov0,2241,14927.564258019214,4600.761395322804,2260.3145277324156,989.8661534982588,-0.05061878268619729,393056,0.8990076489293285,-86,0.479031564602628
fov0,2242,13870.429268292683,5629.110975609756,113.60469129992933,10.527522263037252,-0.45357888172039285,820,0.995697061019469,1,0.2611198984116433
fov0,2243,13853.229183841715,6497.671887881286,77.26824552265506,52.276912584959355,-0.17614887513724461,1213,0.7363838440594227,1,
fov0,2245,13866.543209876543,13375.442947998503,156.89808341913024,49.191826221966615,-1.4631951892863662,2673,0.9495792000269005,1,0.7959680858311269
fov0,2246,13836.387543252595,13562.404844290657,42.36711197004475,9.181125312301162,1.5385835920113304,289,0.9762373425395285,1,0.9700158198661845
fov0,2247,13845.54811715481,14121.192468619247,34.49657157187212,10.095832633512531,0.5612716755249552,239,0.9562159821862707,1,0.49525721316025983
fov0,2248,13871.977175463624,5145.731811697575,105.40565027285608,12.602974921373088,-0.6869926920412159,701,0.9928262054481959,1,0.43976150253667323
fov0,2249,13889.55623987034,6229.580551053485,162.69540501224714,92.52717435490104,-1.3498148709771554,3085,0.822535256300757,0,
fov0,2250,13849.308411214954,6770.1682242990655,14.394379175383754,9.676306950286117,-0.9532158173252225,107,0.7403440471203572,1,
fov0,2251,13864.544973544973,4426.783068783069,19.249802919032724,12.952640284030213,0.011416234518394701,189,0.7397595473049106,1,
fov0,2252,13865.020066889632,7911.414715719064,35.11778631615011,15.797936212499428,-0.8895823775651429,299,0.893101255508097,1,0.5483469644382803
fov0,2253,13867.592,7176.408,39.635638409653666,12.790360427258786,1.3855247131025654,250,0.9465018163863257,1,0.9882115353169629
fov0,2254,13873.175097276264,4569.782101167315,22.64894607948064,15.508524036175148,1.1458464454500579,257,0.7287922229177339,1,
fov0,2255,14010.088167587477,6145.138927255985,280.47799704824916,144.59082020230306,0.09087769551506965,8688,0.85688011364675,0,
fov0,2256,13915.695860321037,6356.647704871867,227.0848761868666,67.2278347782403,-1.0638245881045594,3551,0.9551733212195537,1,0.31130383851070975
fov0,2257,14186.541262294015,5620.748974141861,680.8513860586238,86.85874991931857,-0.2299840382183737,15353,0.9918290900047169,-1,0.20916255563968209
fov0,2258,13894.594072164948,14096.248711340206,80.46349968620173,25.704488166950206,1.0863226731359847,776,0.947601359867177,1,0.8187518894908818
fov0,2259,13897.380184331798,4606.442396313364,34.134112221891044,27.55068835168119,0.4479141883469821,434,0.590372853322199,1,
fov0,2260,13948.592631951824,13263.201558625575,156.55142593290054,63.97838901734061,-1.0683113619685756,2823,0.9126807370610315,0,0.6445446522122537
fov0,2261,13894.308333333332,5706.1,15.61089037018008,10.254380725935675,0.045582979097406794,120,0.7540007694723831,1,
fov0,2262,13898.938461538462,7213.328205128205,26.286674244520704,10.04941641647394,1.12221652280805,195,0.9240379339911067,1,0.8778529455201571
fov0,2263,13902.392156862745,8237.607843137255,24.159408218454516,13.388239153415048,0.19482181228207082,204,0.8324084774248168,1,
fov0,2264,13903.630057803468,13254.716763005781,20.354800094238318,11.490666470673576,-0.03381381330159911,173,0.8254202394826922,1,
fov0,2265,13920.515482695811,6965.11475409836,63.39809569920259,26.76268045308458,-0.8687158734875978,549,0.9065320583528954,1,0.23241821481250885
fov0,2266,13918.144414168937,7317.460490463215,45.18801121024939,16.11017816806535,-0.5501750408334373,367,0.9342898155754485,1,0.7287169960244898
fov0,2267,13915.976119402985,5567.874626865671,35.059962062174684,13.08735035882867,0.3940226096728238,335,0.9277168049435023,1,0.31056468633922935
fov0,2268,13910.417218543047,7361.311258278146,18.03991586375544,12.648103871548122,0.7120211984031615,151,0.7130455844439916,1,
fov0,2269,13923.030303030304,5726.340909090909,34.631312480193344,15.217282154061612,0.06055634644094926,396,0.8982875080581666,1,0.16098925518936308
fov0,2270,13924.558583106267,13911.645776566758,45.193061759754514,11.622766535579819,-0.5632231277768025,367,0.9663634295016608,1,0.5178602181145289
fov0,2272,13928.365963855422,13406.807228915663,59.95501668607788,22.605750954222906,-0.8187405947645402,664,0.9261948612307623,1,0.450946911158468
fov0,2273,14032.566585956416,14081.299435028248,238.68384758965374,165.14762773585412,-0.5430904258506501,9912,0.7219842162332908,-1,
fov0,2274,14075.625310173697,3956.7841191066996,429.73481908181617,186.2476026556114,-0.73349997554845,20956,0.9012010690137113,-4,0.631057513616709
fov0,2275,13928.711111111112,4839.940740740741,19.446186458186396,9.020690414434139,-0.802531993646821,135,0.8858982213333058,1,0.629405582939262
fov0,2276,13928.617021276596,6879.312056737589,19.508434016611975,9.561959112840881,-0.9469282798736645,141,0.8716409773840863,1,0.28369863086175273
fov0,2277,13937.166666666666,6500.959016393443,34.721279648868695,19.65146304577553,1.0101843673652582,366,0.824420687338642,1,
fov0,2278,13971.50811485643,6848.123595505618,98.29178562980434,72.00490696116593,-0.8424555007564654,1602,0.6806994382450311,1,
fov0,2279,13947.49343832021,6763.30971128609,45.1309385877958,14.077922090487764,-0.8594687764410022,381,0.9501034246822315,1,0.24951866108961276
fov0,2281,13943.00857142857,6428.268571428572,35.2968528343718,18.90048526504031,1.237335171321346,350,0.8445528211204413,1,
fov0,2282,14020.678469446031,6414.888635065677,306.13979603797554,168.57955645552627,-1.250658218099598,8755,0.834728307321385,0,
fov0,2283,13958.438752783964,8262.869710467707,41.64293005205906,37.006142370779976,-0.4967802305996019,898,0.4585789631520756,1,
fov0,2284,13974.088,6794.134,70.01180668860219,14.401656994866817,-0.2426128102910797,500,0.9786144123796152,1,0.26231491145516206
fov0,2285,13956.423357664233,7917.2773722627735,17.71035582894834,11.483886953642545,-0.18064282336433987,137,0.7612761631076055,1,
fov0,2286,13957.851211072664,6245.269896193771,23.578967507160694,20.449459595806015,1.4550070695351145,289,0.4978285831533611,1,
fov0,2287,13961.08540925267,13484.003558718861,35.35305794226788,10.889687824672055,-0.9224288501449744,281,0.9513776938381772,1,0.7697667717640848
fov0,2288,13980.903165735568,13907.82122905028,36.55199941431006,19.862221453692833,-0.3433962024790668,537,0.8394762979220748,1,
fov0,2289,13973.911764705883,14174.963235294117,17.203544466583697,10.244544281912342,-0.15099220315539244,136,0.8033624792606202,1,
fov0,2290,13990.831658291458,6051.610552763819,40.51788983459817,13.146387687786383,0.19193261209218831,398,0.9458998143030768,1,0.10566559430529969
fov0,2291,14044.565180824222,7834.130501822259,187.8374188540251,144.8127971847,-1.4213779635860975,7134,0.6368986424257687,0,
fov0,2292,14044.431216931216,5949.0758377425045,122.00502148939238,14.950251169442097,0.0997735750628756,1134,0.9924638224464376,1,0.046308385170977205
fov0,2293,14005.162790697674,8274.18023255814,21.45971742412676,10.904534273396578,-0.8926880398527482,172,0.8612746658571347,1,
fov0,2294,14016.004424778761,6857.008849557522,31.63275802970228,10.6532129869936,-0.6935473778007158,226,0.941584124663532,1,0.23787886250737753
fov0,2295,14016.975308641975,6902.102880658436,29.1401872026342,12.85002175888786,-0.09758779002051296,243,0.8975206055380616,1,0.4288595102905799
fov0,2296,14047.08464566929,6787.879921259842,43.651263740218134,24.695655012538616,-0.4983092373072332,508,0.8245775690789019,1,
fov0,2297,14046.04971590909,6558.512784090909,53.54409064426391,24.716796183711075,-0.35326800374592976,704,0.8870799787007734,1,0.47184475770607964
fov0,2298,14056.791120080727,7014.226034308779,73.97819854357468,30.562357682184203,-0.7874250964308643,991,0.9106736279036914,1,0.2284663681084982
fov0,2299,14079.687427912342,5393.7104959630915,132.11356689046372,15.553337136840518,-0.28812825103608336,867,0.993045994747085,1,0.23219279318065342
fov0,2300,14050.257462686568,6238.524253731343,29.144643746456854,26.230272570511836,-0.9743922429814181,536,0.4358832916645381,1,
fov0,2301,14048.141025641025,4450.717948717948,22.455024483424335,9.071018743076332,-0.07854282083209392,156,0.9147749374969872,1,0.5173241346767115
fov0,2302,14063.481400437637,6884.622538293217,81.11101906593032,26.767409639279634,-1.2252145252410183,914,0.9439775988781491,1,0.41165654099107946
fov0,2303,14069.749152542372,6512.755932203389,43.51852376498142,10.574764789933822,-1.2172937758114293,295,0.9700276495820325,1,0.6188954162864647
fov0,2305,14087.35,7476.82037037037,30.22353940064664,24.706317774545987,-0.3852610454479599,540,0.575995549418414,1,
fov0,2306,14079.55357142857,5042.080357142857,13.425787862173369,11.564680831259372,0.6205552317420979,112,0.5079641876608341,1,
fov0,2307,14109.824346405228,3334.5710784313724,98.5942530601786,41.02984810412876,-0.38479288156657465,1224,0.9092966767443942,1,0.41704335737321657
fov0,2308,14094.891891891892,6259.1673101673105,52.60508208249978,21.910980129425234,-1.1958289959309625,777,0.9091273252886528,1,0.4584387080655127
fov0,2309,14088.02380952381,7031.390476190476,20.88525035440646,13.283200485554442,0.7021654815015806,210,0.7716819036464997,1,
fov0,2310,14109.011545293073,5100.679396092362,65.38063845963013,26.646604952062482,-0.8944054087892167,1126,0.9131779396607853,1,0.35945572897653433
fov0,2311,14160.132698117592,6686.1166627934,157.12691893268425,116.03841192433063,-0.30947019968518275,4303,0.6742522053658184,0,
fov0,2312,14163.76913425345,13089.523713927227,207.1818815516918,55.93623051401266,-0.6562455821552794,3985,0.9628642166743324,0,0.1730063369313749
fov0,2313,14094.890510948906,8026.087591240876,15.731416908955389,11.942835444577666,1.561534964375796,137,0.6508912341593422,1,
fov0,2314,14116.291882556132,4753.863557858376,64.99962520713096,13.971071597677902,0.6562063006213064,579,0.9766270790142584,1,0.4004329529799792
fov0,2315,14122.004662004661,6288.923076923077,33.39952967319338,18.945971125231047,-0.10195064746559417,429,0.8235438367996649,1,
fov0,2316,14128.875555555556,6419.24,22.437754126190377,13.958033383878487,-0.1422984832765969,225,0.7829552684204487,1,
fov0,2317,14157.26423690205,6343.139711465452,110.16215243499066,31.94804941431797,-0.9337156279646367,1317,0.9570238253184242,1,0.17730055160177538
fov0,2318,14276.78260428296,6177.694712270374,279.18160047689076,141.4887811594471,-0.14229133454004467,9853,0.862064619479308,-1,
fov0,2319,14169.176940639269,3384.3944063926942,98.6302491009427,42.275214027232494,0.39575389014640594,1752,0.9034833387372027,1,0.44958192211646847
fov0,2321,14205.981891348089,7732.9730382293765,285.37043839734685,111.95990573127095,-1.1851860615771792,7455,0.9198237531177125,1,0.19410574912863324
fov0,2322,14148.25,4943.401785714285,20.36928932559331,15.285679616878738,0.5515193151272233,224,0.6609525074789542,1,
fov0,2323,14149.662878787878,5220.734848484848,34.17413601913634,11.935571122317839,-0.6882849845943453,264,0.9370268104083634,1,0.358116637987128
fov0,2324,14196.11334002006,6102.9157472417255,106.72571521294802,15.482176398768924,-0.033656064397461626,997,0.9894221127369943,1,0.2999849866933875
fov0,2325,14170.283333333333,6266.305555555556,45.38736378649598,32.471435479395126,0.6643889081763517,1080,0.6986854595599459,1,
fov0,2326,14167.574105621807,6061.0800681431,55.31372671345923,30.77350633252955,-1.44561871693531,587,0.8309515155116473,1,
fov0,2327,14160.89108910891,8224.930693069307,26.340648711818485,12.029774150134967,-0.8994321621774205,202,0.8896207697899298,1,0.36922726082962853
fov0,2328,14277.956683565424,6509.308477186678,369.31838682110333,270.6848813427552,0.8535577633542393,15583,0.6803030220011859,0,
fov0,2329,14173.317073170732,13136.788617886179,27.007658906605364,23.578330569278346,0.4353963840455843,492,0.487677499666027,1,
fov0,2330,14198.809523809523,13419.736904761905,79.5118888675216,20.930727022909526,-0.9124158344647348,840,0.9647303183815978,1,0.5646547762012784
fov0,2331,14204.143863179075,7838.47384305835,63.77128841463615,36.71933077505125,-1.250130595776734,994,0.8175925378864887,0,
fov0,2332,14193.050251256282,14506.698492462312,18.177002139208238,14.029444022377312,-0.43881208514740255,199,0.6358363966889425,1,
fov0,2333,14212.268632268633,7586.0,72.48862179520115,37.844321653953074,-0.6897274059987547,1221,0.8529010630395896,1,
fov0,2334,14201.481012658227,13323.493670886075,22.792736716880256,9.183291620737704,-0.6283196118406486,158,0.9152421130168983,1,0.4737829342645355
fov0,2335,14221.586394557824,8364.285714285714,87.98592318758604,22.46621208904411,-0.6999933387452173,735,0.9668516656568962,1,0.14238962000941963
fov0,2336,14207.721698113208,6607.070754716981,49.611432689270686,14.076261320976492,1.0800948914587252,424,0.9589041548366716,1,1.0291446621050195
fov0,2337,14226.177551020408,5279.410204081632,62.923667877357914,33.49997023679576,0.2633684461780061,980,0.846498808683154,1,
fov0,2338,14234.430714285714,6295.462142857143,81.25805516213656,46.11191529845257,-0.5532688172434422,1400,0.8233906230672808,1,
fov0,2339,14225.446902654867,6049.800884955752,20.09062604466976,14.521471267702408,0.31004860961539144,226,0.6910590072913864,1,
fov0,2340,14232.673295454546,7398.742897727273,60.55581427393029,19.206432503506658,-1.0973116414149382,704,0.9483690043385562,1,0.10424249442761564
fov0,2341,14227.221153846154,5715.586538461538,15.159910967833014,9.006713408875894,0.0784431609852197,104,0.8043809462788855,1,
fov0,2342,14324.763149368182,13345.255643158009,286.66768617997,164.00822617780952,-1.2538623856605728,9259,0.8201701449034436,-1,
fov0,2343,14238.128971962617,13382.704672897196,42.52013568212196,19.966111053877682,1.1577030985251209,535,0.8828961096222404,1,0.8584195314684796
fov0,2344,14257.71916971917,3713.931623931624,61.724728541641724,19.156405554632553,-0.5741712315396776,819,0.9506216436455857,1,0.2792458673915602
fov0,2345,14266.159038901602,4881.994279176201,65.37809098544643,21.97919239924651,0.37612876279081175,874,0.9417956467404709,1,0.2227157476714747
fov0,2346,14239.939393939394,13898.90404040404,22.336727064084968,12.776868201174727,1.0083996020874895,198,0.820245492071145,1,
fov0,2347,14250.459130434783,4827.236521739131,60.209590344637135,22.039449582586673,1.1479768173507807,575,0.930596954740263,1,0.4160605285377743
fov0,2348,14267.690909090908,13804.70340909091,100.8855901007058,27.012754932450637,-0.9629266154257238,880,0.9634866631091458,1,0.5935029556439849
fov0,2349,14247.572864321608,6345.452261306533,23.421757161088628,21.857541987104774,0.06081721873794628,398,0.3593177085535532,1,
fov0,2350,14251.37125748503,5053.976047904192,18.319028257187203,14.941639895225551,0.34979510999029834,167,0.578566859274945,1,
fov0,2351,14290.537037037036,8251.918871252205,69.91973174528809,44.645416363343834,1.0947491589483047,1134,0.7696020347653607,1,
fov0,2352,14284.367243133265,13250.047812817904,76.7936600807996,38.32290584779044,-0.3752660960955108,983,0.8665804679274585,1,0.4527705746162517
fov0,2353,14281.353300733497,7566.9938875305625,95.52889900424145,16.609919217737936,-1.055260513066129,818,0.9847680418693884,1,0.09509492125977972
fov0,2354,14292.455938697318,13883.568007662836,76.04843725438005,24.090057999111796,-0.7923928345038,1044,0.9485015268905146,1,0.5345513595684466
fov0,2355,14277.16074766355,7683.957009345794,38.91463454190128,22.505591933810795,-1.1234469852174833,535,0.815801260245969,1,
fov0,2356,14305.49614395887,7329.160668380463,116.96266365494114,14.855280881178983,-0.702779690564953,778,0.9919015975478583,1,0.20345880217367363
fov0,2357,14280.5,4819.212121212121,16.9573191172912,10.460706071447175,0.22833325862764609,132,0.787053749667489,1,
fov0,2358,14293.232240437159,8335.827868852459,29.09029513498044,19.098313060857155,-0.8540196986848053,366,0.7543100381428547,1,
fov0,2359,14290.004975124379,5409.935323383084,24.140203179793257,11.037213474989336,0.5484173117770209,201,0.8893572508598574,1,0.3947584010400405
fov0,2360,14330.879134095008,4861.383644016837,93.11650978172409,23.974867954959404,0.31364868819617336,1663,0.9662858341524863,1,0.2364214265294768
fov0,2361,14397.17494559561,6336.6430125839715,242.1335086805363,175.09032680566642,1.235289917567097,10569,0.6907278534184917,0,
fov0,2362,14345.945583811868,7519.978397593656,237.3052848891311,33.55941630211408,-1.0976518920015739,3657,0.989949866251366,1,0.11954695656923701
fov0,2363,14311.634615384615,5705.25,22.789205583977953,9.258571292686586,0.05647236414875824,156,0.9137530633122962,1,0.08555687424782975
fov0,2364,14312.11344537815,13476.97899159664,28.636194362030707,12.333902101516351,-0.24403917514142234,238,0.9024902716971605,1,0.5038383074791896
fov0,2365,14345.6171875,8272.419921875,121.6887175320942,28.061360422011482,-0.9254472421637435,1024,0.9730487445224064,1,0.07243607732850475
fov0,2366,14334.255198487712,5624.557655954632,59.05973873256048,12.516056692668704,-0.12086450221263823,529,0.9772865879317818,1,0.1791548535214574
fov0,2367,14405.185185185184,4920.187014174669,189.22991709563001,27.97971312737459,0.03621662425017178,2187,0.989008161177809,1,0.30154862222043277
fov0,2368,14362.385714285714,4592.516883116883,139.3277918447681,18.472011723071954,0.4247864706416273,1540,0.9911723719702845,1,0.19550343581679802
fov0,2369,14326.284974093263,6844.020725388601,54.660148223945214,16.325011521529913,-1.2775019957628966,386,0.9543583663724066,1,0.6286811935812116
fov0,2370,14391.145516599441,13837.372323921812,137.2467177574445,65.02582912721523,-0.8806402293230954,3223,0.880639007059917,0,0.5638160021609752
fov0,2371,14348.699029126214,13204.968932038835,59.87437135186345,24.08243775652142,-1.1351730752030615,515,0.9155447488334073,1,0.6285405586488761
fov0,2372,14347.202205882353,7120.261029411765,42.57803577382239,9.873405670754877,-0.42442781148124636,272,0.9727420993127195,1,0.39761068222663315
fov0,2373,14360.50138504155,7173.806094182825,50.74318085108349,9.627206220892242,-1.2255305515042805,361,0.9818374364682397,1,0.24859092627554866
fov0,2374,14427.039124668436,8240.468832891247,189.9660542310638,56.77914642213664,-0.972713965330112,3016,0.9542872535196836,0,0.18583076871874554
fov0,2375,14394.8587196468,4844.9977924944815,56.20107348470421,47.20280125636347,0.2475079385596197,1359,0.5427544081461281,1,
fov0,2376,14386.032380952382,6453.173333333333,56.78212430163425,47.032243406884824,1.4048577184917173,1050,0.5602950048992671,0,
fov0,2377,14399.711775043937,6006.520210896309,65.70843697947436,14.298003605275284,-0.6183173003779104,569,0.9760385487187001,1,0.5353071737939017
fov0,2378,14544.0401297122,5492.823469801378,293.8222367099745,63.22619180943414,0.07754497328335742,4934,0.9765732624683852,1,0.19078643042265406
fov0,2379,14420.160148975792,8096.75356921167,90.86725014476276,55.6942566460656,-1.2969043084450018,1611,0.7901458092534462,1,
fov0,2380,14391.965,6861.52,25.398005273403722,10.297345683823414,-1.464873457049534,200,0.9141220351778948,1,0.3154090595251844
fov0,2381,14414.095851216023,12929.58226037196,77.25035114741593,27.255728959730384,-1.0870148610264512,699,0.935689944377763,1,0.4063969177728301
fov0,2382,14420.043010752688,13630.025089605735,30.14794419368075,14.923249222104385,0.9816722210665594,279,0.868892655511656,1,0.7544577005852509
fov0,2383,14497.685108153079,5407.80074875208,221.6911862998155,20.568966422828833,-0.13364704760892507,2404,0.995686440657041,1,0.11265319843015766
fov0,2384,14443.941747572815,8024.274085138163,81.76581365052675,39.89540866079584,-0.4298266260773847,1339,0.8728867592388747,1,0.24891838003617267
fov0,2385,14578.967730004622,4851.428294036061,351.0331625794393,142.73884107560858,-0.1262198433700878,10815,0.9135951798259383,-1,0.30285731327711946
fov0,2386,14441.994402985074,5768.457089552238,52.40206570343043,17.719020772532588,0.02829916896249197,536,0.9410972843574171,1,0.04166761283917369
fov0,2387,14427.601851851852,5857.425925925926,16.55701533094633,8.466731666592066,0.15490671314574,108,0.8593616995815159,1,
fov0,2388,14438.02479338843,8161.093663911845,33.665085099094014,20.9198785753385,0.042001551570303844,363,0.7834841855963315,1,
fov0,2389,14433.272727272728,6153.974747474747,28.611584734298273,9.613498715314837,1.0955330652691726,198,0.9418619077833629,1,0.5892845586107477
fov0,2390,14488.269055374592,5321.391530944626,119.66368171135088,27.918251466846026,-0.29178267348940706,1535,0.9724033750712466,1,0.112890393366524
fov0,2391,14458.027972027972,13313.573426573426,18.013832053675923,10.204427721959032,-0.08535457513261402,143,0.8240773141413811,1,
fov0,2392,14476.882964889466,8110.621586475942,69.70481191109376,24.402416211307113,-1.0992614380961439,769,0.9367189707010173,1,0.23369484078169417
fov0,2393,14485.412698412698,8054.421768707483,43.98697260355839,16.120896068059906,-0.4832712980662774,441,0.9304210009055596,1,0.22602182909716334
fov0,2394,14480.960854092527,7980.476868327402,26.260358527643866,19.05594851095158,0.7748920833503066,281,0.6880592138478423,1,
fov0,2395,14478.392857142857,13721.221428571429,20.444517331300222,9.40649346214785,0.38563360906179833,140,0.8878678356410495,1,0.5681698932531218
fov0,2397,14510.667560321715,4936.348525469169,44.82538770770233,24.237700719407897,0.1900907247569193,746,0.8412066970874215,1,
fov0,2398,14519.921221864952,8005.0811897106105,50.26607699884547,40.89856111929086,-0.5250517156329687,1244,0.5813670757973056,1,
fov0,2399,14509.131805157593,6057.660458452722,53.93351154730418,26.29912570915861,0.2838395054041962,698,0.8730552832153348,1,0.30754247915481664
fov0,2400,14518.75,13027.993506493507,31.38728230543873,15.110636694797927,0.5223585847630409,308,0.8764870394748006,1,0.7692012017258415
fov0,2401,14665.185756972112,5291.718459495352,455.01011345377157,82.13379564585982,-0.3253959833018136,6024,0.9835731814776073,1,0.15813413402664306
fov0,2402,14565.480104370516,7521.343770384867,105.97627490884584,49.46778268458714,-0.8313017522352144,1533,0.8843725864426213,1,0.32570694604119815
fov0,2403,14576.720971563982,12776.763033175355,96.85585060693745,47.176928684929166,-0.994871454178004,1688,0.8733551636297104,1,0.9470038185282887
fov0,2404,14563.331658291458,6091.89824120603,40.998817339815496,27.684610801014625,0.9267894298121965,796,0.7375853761473585,1,
fov0,2405,14627.12668773341,5887.0729675380635,119.19624673108302,97.20104823183877,0.8554785711174234,3481,0.5787983390536178,1,
fov0,2406,14563.834024896265,5159.9668049792535,32.02652371046486,11.721572075944275,-0.6780119753904609,241,0.9306165157092683,1,0.2865130686081253
fov0,2408,14579.158914728681,6481.100775193799,29.962383159359124,11.695717939259437,-0.38253178203879556,258,0.9206679311771007,1,0.33120858315212404
fov0,2409,14587.853982300885,5940.013274336283,25.32813392208357,11.609429018830117,0.08301114346108758,226,0.888766102803794,1,0.1886443933269868
fov0,2410,14665.015585721469,12796.147310206134,191.4919301333784,81.9602713700495,-0.882949265265087,5967,0.9037744672586902,-2,0.8988828507257228
fov0,2411,14601.06976744186,5693.436046511628,26.4168862353712,8.710066936013478,0.07003775394645557,172,0.9440802070671872,1,0.15755389734406933
fov0,2412,14603.669491525423,13421.14406779661,23.53190242453289,14.496061805490092,-0.8938646402155243,236,0.787732530099581,1,
fov0,2413,14611.4,4640.76875,23.96726746577048,9.168122229999973,0.274338896082435,160,0.9239443944520785,1,0.4396236768033271
fov0,2414,14734.363442172718,7460.5999389685685,273.0291302180218,42.656499899280185,-0.06215133648006975,3277,0.9877200316033059,1,0.37838518556230455
fov0,2415,14640.872255489023,6017.141716566866,60.65935283262092,11.836047267867869,0.26794436623999346,501,0.9807787392277862,1,0.22873859524080892
fov0,2416,14652.265,7528.515,74.6656695231917,15.988034942424528,0.010067659180233765,600,0.9768055381338906,1,0.33037683132760615
fov0,2417,14625.78947368421,12737.822368421053,23.20263319535867,9.296441463375766,0.8825445293952309,152,0.9162254052888111,1,0.6653021833723455
fov0,2418,14765.536664992465,5322.782521346057,308.8123324978033,62.506022163032696,-0.17723397282916067,3982,0.9793013254357137,1,0.1065082420590861
fov0,2419,14640.130919220055,7831.626740947076,37.09968683032984,14.72973169105494,-0.8027215004645104,359,0.9178051308067469,1,0.4182989757696969
fov0,2420,14644.341463414634,7493.865853658536,34.55711659199037,9.546302298426637,0.1465053349647793,246,0.9610866531388732,1,0.38901957047969193
fov0,2421,14704.306462585035,12628.303401360545,169.3635035217012,68.4755646750065,-0.7443337067727308,2940,0.9146214723347672,0,0.7302729689918249
fov0,2422,14657.6239460371,4989.3946037099495,35.10340693670487,26.574946686102443,-0.5210587716464178,593,0.6533598343310816,1,
fov0,2423,14677.585072231139,7868.507223113965,121.90719310353556,50.639977080766414,-0.4433259726560986,1246,0.909639866331063,1,0.3131593897752666
fov0,2424,14650.059139784946,12723.091397849463,22.853516750277706,11.38288915876225,1.1684244930957428,186,0.8671308424599775,1,0.8884099186465089
fov0,2425,14654.624277456647,5570.190751445087,21.305551744801743,11.178851112777284,-0.051710758846995636,173,0.8512921802910118,1,
fov0,2426,14680.988871224165,5675.531001589825,67.82255907081097,16.09670120370427,0.02636898725975523,629,0.9714277424454043,1,0.14655285353749967
fov0,2427,14659.91495601173,6333.023460410557,25.495206563993275,19.334502721956177,-1.1326637071431749,341,0.6518378760118578,1,
fov0,2428,14672.57330415755,5313.15317286652,39.35423812749609,18.352948390470164,0.1772794544203778,457,0.8845989604113942,1,0.2883037759396041
fov0,2429,14722.639562157936,7541.345582486318,151.76790287675752,29.31332486409351,-0.723858654496106,1279,0.9811700773514447,1,0.3293607682034037
fov0,2430,14669.307692307691,12686.67132867133,17.352273322963956,11.591751673598893,-0.9448087532016569,143,0.7441388675985959,1,
fov0,2431,14686.983263598326,6382.466527196652,40.213279205589686,17.331360105676573,0.7144013769008986,478,0.9023586166694039,1,0.6543798015028611
fov0,2432,14679.127906976744,4694.21511627907,24.74087267505997,11.1482018631773,-1.2970912456628498,172,0.8927266816661831,1,0.75781246984956
fov0,2433,14683.138095238095,6663.147619047619,26.744716986510046,10.666799528335305,-0.9472693051290443,210,0.9170215620048766,1,0.44898972236965423
fov0,2434,14688.078313253012,13010.746987951807,22.2927642532036,10.769520978839578,-0.8293983227156256,166,0.8755679906624602,1,0.6699548639427824
fov0,2435,14748.023247094114,4780.4439445069365,171.0468405465038,36.7272401683505,-0.21490120677984528,2667,0.9766755676874311,1,0.3723381962389824
fov0,2436,14694.23595505618,12965.432584269663,18.438086806177076,12.95000593448845,-1.1169277573217207,178,0.7118309377773019,1,
fov0,2437,14712.261904761905,4884.030158730158,55.304871139106446,16.987543381880766,0.12352203207490879,630,0.951657308545546,1,0.3704636081730776
fov0,2438,14699.143835616438,6811.684931506849,25.30093199075811,7.404069373586459,-0.8192684965919526,146,0.9562226326337052,1,0.2057562464698489
fov0,2439,14701.681818181818,5641.255681818182,20.64310504596414,11.771153071802361,-0.3295714319675917,176,0.8214906251234363,1,
fov0,2440,14719.32059447983,4677.842887473461,63.18836456364726,22.156988011757193,0.7466817407526227,942,0.9365066529033685,1,0.5975515443466607
fov0,2441,14710.12109375,5553.265625,31.72232144305206,12.806962827815754,-0.5559611859868149,256,0.914882215856334,1,0.290469379569957
fov0,2442,14706.585714285715,5116.635714285714,20.13824896268662,10.484483683262912,0.8886642308588952,140,0.8537852219339663,1,
fov0,2443,14711.864197530864,6633.216049382716,22.027493414352634,9.551392622011043,-0.5880949739092952,162,0.9010995239446722,1,0.34651843092418283
fov0,2444,14715.104265402844,7518.90047393365,27.145545439630865,10.774738616929872,-0.6836297179976715,211,0.917851158565594,1,0.3120691032533909
fov0,2445,14718.569597069598,12829.820512820514,40.91683352616438,20.29426388008112,1.4814146782542372,546,0.8683292990867253,1,0.8034563836588959
fov0,2446,14733.037837837837,7335.516216216216,42.03081917694419,14.905083126609837,0.30608781081552616,370,0.9350094819928821,1,0.4058232015327275
fov0,2447,14733.372239747634,7783.07570977918,29.570483651138304,17.12738120269889,-0.6771975848144921,317,0.8151817017105093,1,
fov0,2448,14750.18699186992,7281.304878048781,34.32986928397286,11.489072001440903,0.1146701211366947,246,0.9423364819253686,1,0.3486802858397014
fov0,2449,14743.71505376344,5571.247311827957,22.891920545084858,10.968405066547914,0.029442857285554524,186,0.87773920129472,1,0.1477109274097909
fov0,2450,14741.67543859649,5543.2192982456145,16.481335081569785,9.61806508369826,-0.923694540358188,114,0.8120605559024976,1,
fov0,2451,14750.863117870722,13650.988593155893,26.69232273294123,13.560502914969373,-0.5997732442638938,263,0.861339326555795,1,
fov0,2452,14755.958579881657,4635.710059171598,18.8613656248147,13.460903106085636,-0.051633490746158535,169,0.7004760043557267,1,
fov0,2453,14800.348778960551,12566.221039448967,110.22603578550589,37.340772319299134,0.7416631802714337,1597,0.9408708581422811,1,0.5617787108345894
fov0,2455,14780.028571428571,4894.994285714286,27.95625454849646,20.419877345453,0.4331019971749579,350,0.6829955864437478,1,
fov0,2456,14785.133640552995,4998.239631336405,31.396745966643387,9.613172577187218,0.15266275713975155,217,0.9519724405846239,1,0.14000563518288514
fov0,2457,14775.3,6291.47,14.939878749314511,8.84452502714423,1.005380251756123,100,0.8059322197469889,1,
fov0,2458,14800.129411764707,12987.722352941177,43.83706144628717,13.668042468872903,-0.9364550820253706,425,0.9501504015838179,1,0.17461762815831233
fov0,2459,14799.779179810726,6077.438485804417,28.134136507357972,19.1930746271832,1.4805268368434414,317,0.7311667216396052,1,
fov0,2460,14802.122448979591,5943.857142857143,18.832208229481154,10.56463130072968,0.3121296068437234,147,0.8278243477665456,1,
fov0,2461,14805.91,6701.72,27.00847950160809,17.61471075582041,0.6655398334749761,300,0.7580539324625258,1,
fov0,2462,14811.03678929766,7494.829431438127,44.600165637255266,10.28345481729306,-1.2551207487032656,299,0.9730557695532309,1,0.4312082304662586
fov0,2463,14827.151624548736,6288.8844765342965,42.662751336785405,21.86572024014787,0.24501149038985945,554,0.8586723926364467,1,
fov0,2464,14843.238222222222,5441.778666666667,66.62639949086362,28.087845743989913,-0.03941207012480073,1125,0.9067947837312836,1,0.14523990580270923
fov0,2465,14812.696551724139,6913.937931034483,17.786476869927046,10.856243829788303,-1.553153660144124,145,0.7921202602612887,1,
fov0,2466,14820.493723849373,7744.451882845188,30.34134469116816,11.383072210180352,0.7559062182401487,239,0.9269572259311891,1,0.6679555891457892
fov0,2467,14866.740298507462,5867.8,92.43233322455674,25.618583508851337,-0.08053323338792447,1005,0.9608236603657154,1,0.17252661873225444
fov0,2468,14863.076640419948,5950.6314960629925,125.98930029284116,39.40863525743289,0.3992029857323199,1905,0.9498211521717544,1,0.20362573657657548
fov0,2469,14839.045454545454,6908.305785123967,41.19299765234426,22.284142803833852,1.0837388469261786,484,0.841042406436928,1,
fov0,2470,14859.047872340425,13732.671985815603,68.71246996875254,13.62991122303256,-0.28289819350888684,564,0.9801289202144887,1,0.210562896028775
fov0,2471,14841.9975,6491.1725,38.41778746223869,19.468883031808872,-1.3042140064862948,400,0.862082816261585,1,
fov0,2472,14843.452054794521,4856.390410958904,19.279944025936548,10.974442308841063,-1.3182447205274923,146,0.8221883933217045,1,
fov0,2473,14855.559845559845,12856.23166023166,34.46766177485936,9.913459523435623,-0.5878483302735549,259,0.9577457358019724,1,0.5529841972267123
fov0,2474,14921.528765352296,12984.608920491273,150.79056623814898,48.15030611235978,-0.4445814163870955,1547,0.9476472550189051,1,0.24420766571702154
fov0,2475,14869.868852459016,6202.704918032787,24.04075856553272,10.447987563238208,-0.37669817825694346,183,0.900626115260484,1,0.4428924792797433
fov0,2476,14893.95796460177,5929.440265486725,44.692901676371314,15.07910908309967,0.3863490875363431,452,0.9413635887933612,1,0.22489550042147552
fov0,2478,14886.751269035532,4494.956852791878,33.1998149361852,16.343437758447227,1.2852154936112805,394,0.8704397498736939,1,0.4587221838774509
fov0,2479,14955.122529644268,5022.679841897233,123.19296781202831,34.14420541111726,-0.21399867076463425,2277,0.9608236796525337,1,0.1656221690042448
fov0,2480,14930.495183044315,5694.421965317919,79.53352101459558,9.517524655885136,-0.0514209336709112,519,0.9928141058842969,1,0.16813805611092153
fov0,2481,14910.973871733966,6350.527315914489,31.095921204842174,20.012927320843236,-1.0506135218882249,421,0.7653730533812311,1,
fov0,2482,14907.94,6206.14,20.475422380786636,16.170153936446674,0.7382722953618441,250,0.613448383829835,1,
fov0,2483,14919.010471204188,7581.439790575916,28.70514124719528,9.35496222701094,-0.2840228242224258,191,0.9454047669242248,1,0.38548871736353707
fov0,2484,14944.272251308901,5188.560209424084,54.290830021841245,11.078730980169738,-0.05526077203608627,382,0.9789578297123165,1,0.09511459136873288
fov0,2485,14943.690159574468,12913.351063829787,75.08157640780448,23.278928415136466,-1.2725109359973905,752,0.9507207486518338,1,0.3359633841906992
fov0,2486,14952.99042145594,12552.507662835249,39.449195519512806,20.76035360627414,0.17231880301904307,522,0.8503265346865901,1,
fov0,2487,14972.828534031414,13222.765706806284,45.014447273317565,33.510724188843575,-0.7122546581879181,764,0.667685176263046,1,
fov0,2488,14970.1875,5836.8984375,33.89573653763055,9.948693658417557,-0.24568007476469422,256,0.9559564014305034,1,0.23456677045541915
fov0,2489,14970.438095238096,12864.333333333334,22.477904304166792,13.502379380380416,0.6766020510814049,210,0.7994777881421604,1,
fov0,2490,15087.787949015064,5501.152182309772,248.21379654813396,32.24856443340975,-0.09163010159468803,2589,0.9915241480635735,1,0.1933320593844377
fov0,2491,15014.060331825038,4810.282805429864,71.47868848367145,41.87302943333355,0.7443760822842723,1326,0.8104474210423707,1,
fov0,2492,15095.98418576719,4495.77990191172,242.98305750168905,158.5404959174462,0.3814977431011155,9991,0.757809804971898,0,
fov0,2493,15034.402348847325,12864.809917355371,180.66029689469727,48.352310576669076,-0.538495528691571,2299,0.9635183852246684,1,0.23396142430737246
fov0,2494,14991.348547717842,12529.390041493776,23.370230278246716,17.237241672569617,1.4073581246992226,241,0.6752678353067673,1,
fov0,2495,14989.11607142857,12979.732142857143,15.616986670394613,9.213526147540406,-1.1652109125437513,112,0.8074264518978321,1,
fov0,2496,14998.935828877005,4571.5187165775405,25.688972948978797,9.492177496144299,1.0452541721594517,187,0.9292291514872696,1,0.35542761900659214
fov0,2497,15009.02027027027,4603.175675675676,15.943517235267752,12.567917153899202,-0.5812276838258984,148,0.6153198028160328,1,
fov0,2498,15043.598752598753,5591.277546777546,73.36317537303495,26.64930918960674,0.5681707171340447,962,0.9316909859701946,1,0.33918597182335036
fov0,2500,15030.901315789473,4658.921052631579,24.5804825006965,8.314041570449906,0.17401640289503,152,0.9410607719556496,1,0.3146615501874186
fov0,2501,15052.19267822736,13595.042389210019,66.67291839494588,16.314909625279416,0.04822151479033275,519,0.9695986637360832,1,0.21867753959987923
fov0,2502,15030.430107526881,4275.698924731183,20.201866750998338,12.527438865607255,-1.041987670221321,186,0.7845125549922689,1,
fov0,2503,15046.065040650406,13123.373983739837,15.366294751972351,10.2842890646285,-0.7300605935857252,123,0.7430140755551407,1,
fov0,2504,15092.062753036438,13540.957489878543,76.22438763302338,37.922382367278814,-0.44718179715282214,988,0.8674583367500828,0,0.18752652354132884
fov0,2505,15089.41796875,5803.044921875,43.434944035077024,29.79382374010502,-1.0260756029470965,512,0.7276568403184602,1,
fov0,2506,15082.26857142857,13091.874285714286,23.113245383460637,10.021951115948731,1.481394844386187,175,0.9011044568433398,1,1.1066553103349956
fov0,2507,15104.025568181818,6282.319602272727,48.05690129180554,23.90993315048478,0.4971999770568096,704,0.867444585469181,1,0.6187409935830833
fov0,2508,15133.893617021276,5606.471409574468,111.98109600027577,42.40129443544802,-0.33840031908804635,1504,0.9255412081509199,1,0.2615121932671855
fov0,2509,15129.618129907209,5890.513204853676,90.72021816305389,43.453158453614854,-0.6573864793447071,1401,0.8778258839513567,1,0.5375173536941352
fov0,2510,15113.85450819672,5188.1557377049185,45.872810069534616,15.042274368371618,0.19261256592194959,488,0.9447080495554253,1,0.1392434899665602
fov0,2511,15100.73076923077,5693.776923076923,20.187529015813983,8.62821867147381,0.12134636926466325,130,0.9040610200961342,1,0.31517042456709465
fov0,2512,15111.829971181556,13591.677233429395,24.04483382480243,23.1333464053053,-0.5583337771098379,347,0.27272449861063597,1,
fov0,2513,15202.230802047781,5525.94837883959,200.61222127239864,34.5962389192899,-0.32921150910949043,2344,0.9850176955024256,1,0.25797609157249907
fov0,2514,15141.114649681529,13562.025477707006,26.409042894521964,16.71714012309272,-0.7680787839986665,314,0.774145107001923,1,
fov0,2515,15163.255284552846,13182.424390243903,68.03657165488539,26.106934436130853,-0.5876718145102381,1230,0.9234498499082209,1,0.5576920977252013
fov0,2516,15147.58064516129,6321.524193548387,18.53463966981799,9.149237536675773,-0.5698956678676972,124,0.8696725301102223,1,0.3098282391749333
fov0,2517,15147.928961748634,7079.6994535519125,24.01572271574677,10.268150555239144,-0.7193892025783296,183,0.903987205831471,1,0.6063272674409096
fov0,2518,15155.849397590362,4598.8524096385545,38.34260086445284,12.200179437756786,0.9845379626661418,332,0.9480274252838643,1,0.4375401135102234
fov0,2519,15209.967791411043,13505.0163599182,161.10190847757022,106.35793837301618,-0.8715203238427975,3912,0.7510982592028851,1,
fov0,2520,15182.792525773197,13606.601804123711,62.52547440972424,23.189030041063344,0.07181802580676264,776,0.9286834677831691,1,0.2162583010610178
fov0,2521,15168.908737864078,5766.0097087378645,60.46549357054586,25.69286475385915,1.1930043315292234,515,0.9052319369808823,1,0.7227443394031168
fov0,2522,15191.741626794259,13127.763157894737,39.2321044736967,22.00230089348366,1.4380379911611876,418,0.8279351303934102,1,
fov0,2523,15219.674846625767,13112.061349693251,20.111072084401087,11.608187576213238,0.4577510176688074,163,0.8166001183846876,1,
fov0,2524,15235.989626556016,4726.114107883817,52.20021892343955,17.233739630789202,-0.16909996601475422,482,0.9439295709267774,1,0.4236677600759638
fov0,2525,15234.761627906977,6041.758720930233,30.46234896335416,18.04181342627146,-1.1549133813665369,344,0.8057425090417147,1,
fov0,2526,15244.506625891947,12845.554536187563,83.27811167618839,23.183669807666977,-1.1092607968594,981,0.960468549689447,1,0.46866279453721116
fov0,2527,15249.781437125748,13088.664670658683,38.197051479884045,28.21861218702563,1.2702458998793702,668,0.673964044921792,1,
fov0,2528,15243.355140186915,13422.327102803738,16.405009429005116,8.527357524284948,-0.7537995114602603,107,0.8542867371502855,1,
fov0,2529,15249.64347826087,4253.539130434782,31.962468431706576,10.617202898382926,0.9687512215933979,230,0.9432170033974406,1,0.502291385149964
fov0,2530,15258.541786743515,13276.740634005764,47.59359788859676,11.172936390222242,-0.12340482522656586,347,0.9720540573812397,1,0.48116347652521907
fov0,2531,15248.856,6167.544,15.868084750365831,11.092390831340529,-0.22880767900854912,125,0.7150847319013692,1,
fov0,2532,15281.53452115813,6466.409799554565,75.73438494910133,43.149771298371576,-0.564628857588827,1347,0.8218171028527813,1,
fov0,2533,15258.78431372549,12900.372549019608,20.325920374912773,9.866914398327603,-0.8049219214990962,153,0.8742727271808194,1,0.374197475647092
fov0,2534,15273.380503144654,13552.264150943396,37.00649622633728,13.711016140447912,-0.5916975138115306,318,0.9288312880442545,1,0.2609995293368867
fov0,2535,15301.04459308807,4583.8539576365665,52.10483733516611,30.256639753335882,0.045928615652080874,897,0.8141263779995238,1,
fov0,2536,15311.587831207065,5201.646712463199,93.52925428260886,24.468183986309125,0.24411216263741103,1019,0.9651736794713074,1,0.2094376564428004
fov0,2537,15297.236363636364,4839.444155844156,57.92319631864745,10.214380685683368,0.9112378558183273,385,0.9843286853379065,1,0.3948086178720473
fov0,2538,15328.10199004975,13005.268905472636,225.47912728750163,61.61999548274267,-1.1739339645472218,4020,0.9619331957929202,1,0.3639251373652064
fov0,2539,15300.139047619048,6394.96380952381,73.43897036991555,17.072693137326414,-1.14613956014489,525,0.9726024747043478,1,0.45451612570966166
fov0,2540,15298.671270718232,5868.121546961326,37.24141610118593,16.593147247628426,-0.007059390630582608,362,0.8952539254980717,1,0.42511227999682116
fov0,2541,15297.360703812317,6706.255131964809,40.49645382084238,12.796132792899748,1.3103126165033474,341,0.9487653300755183,1,1.2649760228602975
fov0,2542,15348.327802690583,4904.663677130045,108.23912499549418,56.72131899789246,1.2040713805314012,2230,0.8516954268494223,1,
fov0,2543,15334.53552238806,12791.874029850746,107.83871205826905,49.884255953549314,0.17978952540533197,1675,0.8865764588187452,1,0.5282739262801658
fov0,2544,15370.721324095459,7508.2940723633565,129.61905979182265,25.4824243167342,-0.59619606551644,1299,0.9804848348472368,1,0.10935562838266447
fov0,2545,15353.77176015474,5881.802707930367,60.96316305878259,11.540262895242728,0.21082486186228194,517,0.981919501111134,1,0.44902626462973294
fov0,2546,15340.887804878048,4334.073170731707,30.041314831161053,9.313150649353924,0.07100971331239717,205,0.950732833073976,1,0.4505385984778091
fov0,2547,15434.96508097166,4841.42004048583,227.3348121413025,34.83565007980758,0.05759083278739234,1976,0.9881897766039002,1,0.2459350685280302
fov0,2548,15361.719576719577,13022.222222222223,25.11602707334858,11.7371718807861,-0.9565127409010595,189,0.8840892908464189,1,0.3028992843395031
fov0,2549,15400.46365914787,12997.447368421053,58.074216076201594,31.1016068752374,0.4664736380895631,798,0.8445039531238139,1,
fov0,2550,15404.27950310559,4877.267080745341,67.86605026104164,16.675395820247342,0.3931379476847119,644,0.969343277033273,1,0.20806818302465516
fov0,2551,15382.473684210527,12958.28947368421,17.589204069753304,8.423319426738654,0.21582845927759353,114,0.8778741253222768,1,0.5213596185049575
fov0,2552,15389.01282051282,4916.3141025641025,25.445612285194603,22.267974667073656,0.10727859692839617,312,0.4839052254527983,1,
fov0,2554,15397.91875,4781.14375,25.214191873113588,8.532776698461808,0.33703323034418914,160,0.940998163538378,1,0.2031440283444609
fov0,2555,15411.078066914499,12724.299876084262,44.19189675586178,29.52340828935615,0.0802542008847765,807,0.7440958341160262,1,
fov0,2556,15443.970087245534,12905.820523473203,107.08097998578823,83.21832869500265,-0.37601594812420536,2407,0.6293114239499026,1,
fov0,2557,15403.914285714285,5864.3,15.624090415873061,12.505494412991364,0.4395779153866754,140,0.5994686508013104,1,
fov0,2558,15410.661290322581,6564.115591397849,28.26771535390867,19.54440260009488,1.4237385760118602,372,0.7224686446592824,1,
fov0,2559,15408.703125,6310.921875,16.43731358486502,11.696448589756287,-1.2313996309083204,128,0.7026060085596576,1,
fov0,2560,15621.32968413496,4960.458482890644,438.30965484209213,153.63977005332762,0.18784317293690128,16716,0.9365522835478194,-1,0.11575405517352629
fov0,2561,15418.474452554745,4507.532846715329,20.495885544144816,10.429136249536846,1.496103029801525,137,0.8608608280992985,1,
fov0,2562,15486.889928547125,4517.700918679823,248.1707531197019,78.95767030314096,0.9405773770042748,5878,0.9480374872451716,-1,0.5156405860606792
fov0,2563,15455.07806080526,5856.9852095316355,77.05757479728602,26.408358472110656,-0.9975014144874661,1217,0.9394414501511616,1,0.7425619834912711
fov0,2564,15448.198581560284,13257.63475177305,23.994195887706987,16.955793253374512,0.7357588106594135,282,0.7075509997714562,1,
fov0,2565,15444.84965034965,6587.856643356643,36.43470721537763,12.708262410540444,-1.4703151522693125,286,0.937198852857846,1,0.8564584064942682
fov0,2566,15453.2156133829,7486.71375464684,33.53385623435698,15.517768596291024,-0.8716903484023261,269,0.8864891892501924,1,0.1303556792894188
fov0,2567,15454.80459770115,4570.214559386974,38.182400399592076,9.134484519634627,1.0073480376875104,261,0.9709622252316349,1,0.5420154324716782
fov0,2568,15464.108187134503,4408.599415204679,33.124563080958865,13.916514551423782,-0.8284030197366653,342,0.9074654407383408,1,0.7056458710072999
fov0,2569,15471.442857142858,4883.314285714286,19.913198604651505,9.227467365684177,-0.16229951968948922,140,0.8861573308837721,1,0.19529283284247728
fov0,2570,15523.78904109589,6108.137534246575,240.06934657443173,51.40395901860525,1.5175871217301895,3650,0.97680708006709,1,1.2380334400460462
fov0,2571,15515.764150943396,12377.509433962265,13.431768909357022,10.193316962653675,-0.7670331121625475,106,0.6512117307792664,1,
fov0,2572,15546.959137343927,13379.914869466515,69.41232122007872,27.547880913586976,-0.11674486728008591,881,0.917873502999068,1,0.5001612720462658
fov0,2573,15529.396551724138,6761.8448275862065,29.422080313399732,11.17842222518276,-1.4548910338363792,232,0.9250139666010678,1,0.9039704232662373
fov0,2574,15627.917147351862,4839.943104352386,206.10156367200645,46.311586666158334,-0.09879435121820196,3814,0.9744273586821681,0,0.10025643234187594
fov0,2575,15555.32191780822,5454.446575342466,56.765588570627614,24.710428685317087,-0.15355148690483844,730,0.9002823259013603,1,0.5138132164996021
fov0,2576,15539.537037037036,4141.148148148148,16.57550046012093,12.613559880706074,1.0348159257047616,162,0.648779899689273,1,
fov0,2577,15546.27232142857,12415.419642857143,27.063017954757843,12.098538261211793,-0.6898798535171521,224,0.8945086730174563,1,0.7074908161910991
fov0,2578,15547.845679012345,12494.030864197532,18.676658230055377,12.188680571774997,0.5165903065614569,162,0.7576890754283404,1,
fov0,2579,15550.979899497488,6115.336683417086,18.454287173175587,14.036958869371864,0.8807955919824065,199,0.6491809213222961,1,
fov0,2580,15576.107579462103,6555.38630806846,56.85254405466468,34.9523274766109,1.0141954950143464,818,0.788691508646096,1,
fov0,2581,15564.81690140845,6513.204225352113,20.625811372700603,9.245801850318145,0.5043031719763991,142,0.8939013840648186,1,0.7260521819389592
fov0,2582,15590.760869565218,4165.67527173913,61.99678115064265,55.801017372145665,1.5626093821257905,1472,0.435759507164218,1,
fov0,2583,15586.437692307692,4338.65,81.44901722550803,41.26699295795365,0.9279532135186168,1300,0.8621457085452997,1,
fov0,2584,15583.723076923077,5301.015384615384,24.13918408065362,10.901295953178243,-0.4542834651026801,195,0.8922196632783203,1,0.6205009521585938
fov0,2585,15579.12962962963,12515.842592592593,16.891341761803012,8.508093143107079,0.2154781267290222,108,0.8638812562311782,1,
fov0,2586,15583.837662337663,5640.980519480519,17.65449688762891,11.468538492982658,0.7345603521947484,154,0.7602675787172316,1,
fov0,2588,15592.45061728395,5568.16049382716,24.144019901197407,10.297924598519788,0.9354859877902278,162,0.9044777945487051,1,0.8197174249296286
fov0,2589,15594.072847682119,4125.059602649007,15.706085249664746,12.718487308570825,0.6137666864686476,151,0.5867324345196914,1,
fov0,2590,15612.829642248722,7064.393526405452,35.454328508933884,29.102428237847167,0.7031051755512998,587,0.5711542633108919,1,
fov0,2591,15607.20652173913,4097.097826086957,21.41419161371235,16.65906344938793,-0.16181631530267152,276,0.6283323688562585,1,
fov0,2592,15611.836137527433,6343.211411850768,136.38342540053796,15.47651813609045,-1.4693999188724312,1367,0.9935405094247427,1,1.0113906547064309
fov0,2593,15610.481632653062,13325.081632653062,28.544933998070682,12.707591680543741,-1.2493710261294735,245,0.8954418343963604,1,0.7879514836072159
fov0,2594,15636.769121813031,5238.184135977337,72.01613381071974,15.574296729779611,-0.19086917611489063,706,0.9763355397056471,1,0.45856015624155055
fov0,2595,15627.036253776436,7187.861027190333,53.57633405007984,10.282498188180343,-0.5431614179593042,331,0.981410105628462,1,0.18919300626251928
fov0,2596,15632.922916666666,4223.5625,38.52203289177337,16.319581666636548,-0.016762291916826863,480,0.905829334153106,1,0.2689338586547721
fov0,2597,15638.652688702516,5560.321657622102,72.82889562558636,55.627997356067326,1.1930333640216992,2027,0.6454320779072806,1,
fov0,2598,15646.44224924012,4035.484802431611,62.9391550183496,21.374449838319244,-0.5649110909338754,658,0.9405681604738287,1,0.40518704901025315
fov0,2599,15633.164102564102,4186.071794871795,21.620374486079818,12.819252711693888,-1.256093933699289,195,0.8052579548603658,1,
fov0,2600,15642.230366492147,4000.1413612565443,27.24210396198933,18.339083422147567,-0.8763462421168171,382,0.7394705096373937,1,
fov0,2601,15638.522727272728,6017.310606060606,20.1708645735724,9.487285297590192,-1.233456180218982,132,0.8824820951525923,1,1.117695010868077
fov0,2602,15658.18114874816,4085.8674521354933,54.94013161715441,25.53217861002442,-0.566378386422554,679,0.8854538631161332,1,0.40577201810708236
fov0,2603,15650.301492537314,12521.767164179104,21.742705012766546,20.070663214695692,0.181229579871788,335,0.3845630625169335,1,
fov0,2604,15657.212014134275,4150.858657243816,21.189531621987033,17.1297344661726,0.47088549512802336,283,0.5886259464206973,1,
fov0,2605,15698.647200966572,12878.866290777285,118.68175634576377,39.6435882813229,0.3656867411359372,2483,0.9425614839390155,1,0.5810826255466306
fov0,2606,15896.88110057301,4269.0707370084965,568.8571160895009,159.12101095243796,-0.13598581600600457,20244,0.9600814695120148,-1,0.3181199017664395
fov0,2607,15859.07194513134,3992.968319880558,466.32138344033876,199.71096108129316,0.3462144272052619,21433,0.9036513273754857,-2,0.26371516701717584
fov0,2608,15681.30357142857,4796.060714285714,28.977396431482664,16.114940657018455,0.5233573123350195,280,0.8311012919665154,1,
fov0,2609,15752.398667189338,5118.604076832615,165.29818704130952,124.87004322292081,-0.17643075400748154,5102,0.6552374947202761,0,
fov0,2610,15688.953125,7126.009375,47.78203092589092,12.366930019095385,-1.1263620054589099,320,0.9659256558034783,1,0.29389688863229985
fov0,2611,15691.496428571429,4880.496428571429,30.547112566661443,11.948188982526327,0.14473094879851128,280,0.9203313106285674,1,0.07612547249312648
fov0,2612,15719.587672688629,4202.634431455898,90.20315892240052,36.257877389534414,0.708366360963675,1882,0.9156581248313121,1,0.21509749238124837
fov0,2613,15701.244897959185,4910.84693877551,23.08554518402891,12.078345287356528,-0.33083510211357825,196,0.8522102450632973,1,
fov0,2614,15723.659226190477,4052.3050595238096,63.57550976513148,15.324985073862278,-0.17985262622043524,672,0.970512274598854,1,0.2438502487899632
fov0,2615,15744.72933251684,4133.56338028169,113.91767839328625,44.15845851165933,0.3610030904328188,1633,0.9218130222585736,1,0.2824183805313466
fov0,2616,15709.107142857143,6891.557142857143,21.627199090518,9.104146527209085,-0.19410978759645406,140,0.9070800430388546,1,0.5703474254672053
fov0,2617,15743.88007213706,4765.795311091073,97.77276088325273,30.812468355745303,0.024992106805986573,1109,0.9490439697536767,1,0.08630081052100225
fov0,2618,15739.154413774255,5332.772068871276,167.85532344313185,84.34092314723287,-1.3582400613753207,3659,0.8645992880295478,1,
fov0,2619,15815.839127332041,4840.766235090223,252.9949283549737,150.2297004424032,-0.4079469523108835,9809,0.8046088498753202,1,
fov0,2621,15748.792951541851,6568.757709251101,32.32198538194149,9.79475404420546,0.9351839084804486,227,0.9529788251239185,1,0.7875661942162218
fov0,2622,15742.891891891892,5459.378378378378,17.29117693191419,8.357798433818942,1.5629068986279129,111,0.8754237464940755,1,0.9630944587163648
fov0,2623,15772.228985507247,5849.931884057971,126.58075994180942,50.46102391411791,1.3819203269545672,2070,0.9171045044184003,1,1.1264899009208735
fov0,2624,15785.390180878552,5021.89233419466,101.94957799571071,17.30577800937903,0.27595889969590337,1161,0.9854874326030416,1,0.24207041446449018
fov0,2625,15757.389513108614,13169.494382022473,49.90121422361768,17.23017669324801,1.4625316701515414,534,0.9384976139604596,1,1.0998763608261963
fov0,2626,15784.288523090992,13072.069044352995,77.98511880042744,68.99962168980308,-0.9056542116814035,2187,0.4660102200952322,0,
fov0,2627,15768.780669144982,4192.754646840149,34.72376152386017,11.52303374055555,0.4152222293629585,269,0.943332638410152,1,0.14082087914423513
fov0,2628,15761.513513513513,6664.237837837838,27.81512740793091,9.26282274661899,1.1782087351005912,185,0.9429219340890774,1,0.927946274486281
fov0,2629,15767.330275229358,5765.256880733945,27.189022731759575,12.07818435771111,-1.2477868265837089,218,0.8959126913879801,1,0.8547438794930615
fov0,2630,15767.918918918918,6702.135135135135,15.035199653725446,9.77565440506752,1.030801809826544,111,0.7597763229856717,1,
fov0,2631,15782.43579766537,5392.928015564203,42.81078812856774,23.15314461099526,-0.7197449085621874,514,0.8411351355808846,1,
fov0,2632,15777.456310679612,4233.47572815534,23.266011736197104,11.562087096981385,0.6196837086290911,206,0.8677781278515526,1,0.2073073204842012
fov0,2633,15776.64423076923,12762.990384615385,24.411893612722608,12.626061872444382,0.8876376186008363,208,0.8558588628710929,1,
fov0,2634,15779.390728476821,4388.218543046358,19.71824353332382,10.408091368262284,0.3068022158295224,151,0.8493433939451456,1,
fov0,2635,15778.026178010472,5609.261780104712,30.57269148360623,9.179647972012736,-1.163239031144195,191,0.9538585120900949,1,1.0700906160036667
fov0,2636,15782.582278481013,12877.088607594937,16.320021103023638,14.704005728180121,0.22989141382881556,158,0.43386149843612404,1,
fov0,2637,15807.681446907818,12666.745624270712,91.4629185843484,20.11650386394195,0.860467072446415,857,0.9755130327945541,1,0.7067110869545986
fov0,2638,15783.542056074766,6572.457943925234,15.694617562042762,8.95137160712385,-0.6645587485498835,107,0.8214041437253977,1,
fov0,2639,15790.277486910994,13187.382198952879,19.04275436303795,14.25728846764685,1.2390820517043983,191,0.6629102640866841,1,
fov0,2640,15802.097982708934,6408.42939481268,47.87268516816346,14.662240247091182,0.4123057859732821,347,0.951942852530997,1,0.5979188559070756
fov0,2641,15799.0582010582,6633.825396825397,29.164611422528996,8.902462178248548,-1.1229893790807002,189,0.952272639398735,1,0.8643741508536681
fov0,2642,15834.94606741573,4005.1213483146066,79.45889552567803,17.536273172179907,0.4211548700514737,890,0.9753426088679745,1,0.2896949253691573
fov0,2644,15822.692307692309,6452.06993006993,19.384874021458305,9.421225873726305,-1.3790391329256604,143,0.8739537286208227,1,1.2446895130359845
fov0,2645,16045.738981458455,4968.893199591036,504.70705983656626,353.97747220095255,-0.5572548139259043,36189,0.712814779386496,-8,
fov0,2646,15832.296551724137,5057.544827586207,18.587447784973236,11.290152604801424,0.0739448089758122,145,0.7943905197907182,1,
fov0,2647,15833.30693069307,6767.60396039604,13.02313688337265,10.628043190100032,-1.2647755248596118,101,0.5779257637092925,1,
fov0,2648,15845.768595041322,12719.272727272728,31.210932969036087,10.967844747107494,1.242623917420525,242,0.9362215383503398,1,0.8563963908752334
fov0,2649,15854.351307189543,13058.31862745098,70.79898785061052,17.477783145382222,-1.419142969980984,612,0.9690499133021653,1,1.0782941187662711
fov0,2650,15984.056164690088,4389.414746028194,284.80495643865163,141.18658041758886,-0.3132060515974423,8938,0.8684762538249636,1,0.16153040542146974
fov0,2651,15856.758364312267,6275.940520446096,26.36483419558314,16.97388836747129,1.3482283435724647,269,0.7651871641579399,1,
fov0,2652,15881.734406438633,5028.23138832998,49.427124213564554,37.294146720971185,-1.1597308459383109,994,0.6562679119460795,1,
fov0,2653,15880.690322580645,5840.883870967742,19.056398782010962,12.61260013281539,1.3760010151285913,155,0.7496306166789443,1,
fov0,2654,15922.672046703297,6242.813530219781,142.5905410221184,70.27833974208635,0.9068000526649939,2912,0.8701039949108479,1,0.29400890682522623
fov0,2655,15888.967545638945,6296.600405679513,56.67500671398744,13.5560119722947,1.4101568587550175,493,0.9709731425216916,1,0.7517601676964805
fov0,2656,15915.767454645409,6104.869158878505,160.3680772824697,44.51223047386175,1.4674683000676896,1819,0.960707463305023,1,0.16766221904007314
fov0,2658,15909.306329113924,5245.989873417721,39.21448204412594,13.932289783225793,-0.41186278996608977,395,0.9347582931058629,1,0.4219813115828387
fov0,2659,15901.91,6018.225,28.014313100557423,9.729268292319665,1.1168131707627569,200,0.9377554345760218,1,0.1652020441744169
fov0,2661,15925.971428571429,6648.980952380953,14.329678042883902,10.455052732569344,-1.2123082338314126,105,0.6838652335662044,1,
fov0,2662,16175.433282051283,4500.7271794871795,514.6385352768466,130.10391426246963,-0.04694988621165197,19500,0.9675168862821734,-5,0.14359262987528307
fov0,2663,15970.061666666666,5877.888333333333,50.21010493880333,35.667609112640775,-0.2622100788048278,600,0.7038313101597401,1,
fov0,2664,15961.215442092154,6133.615193026152,97.98267300350017,19.528437955576873,1.5632671019195816,803,0.979937503943524,1,0.2035451817779928
fov0,2665,15965.381220657277,6358.2854460093895,112.67379504001097,21.175216418304295,1.5267950946139175,1065,0.9821816941342925,1,0.793881182353519
fov0,2666,15976.348284960422,4939.058047493404,40.51088162278431,12.904268957873276,-0.602758468673742,379,0.9479099779841071,1,0.3159746280421989
fov0,2667,16030.828595317726,4560.591137123746,137.988738099711,24.41674486505462,0.24123218590949702,1196,0.9842203141530759,1,0.18123526730854803
fov0,2668,16004.553072625698,5154.685754189944,70.50468918753094,22.869560578891235,0.14887911647458804,716,0.9459305055491206,1,0.19003352272019133
fov0,2669,15987.047281323878,5434.739952718676,38.48751696933683,15.10357899427356,0.9918493504620045,423,0.9197827304526905,1,0.6066911272027119
fov0,2670,16034.573923892702,5702.855271366188,91.03053180379328,55.21786138239195,-1.120904522210157,1603,0.7950177493596688,1,
fov0,2671,16057.017740981668,5121.691306918983,89.18601102511553,39.579179220876334,-0.18104154662755598,1691,0.8961345932940149,1,0.2290542944474295
fov0,2672,16040.791208791208,4814.263736263736,20.085707731234084,13.313881104700044,-1.1466506456945584,182,0.7487491401158659,1,
fov0,2673,16076.110373443984,5188.333609958506,81.75692203519527,33.46100987024877,0.3029616164460514,1205,0.9124113759616117,1,0.20670512303567432
fov0,2674,16045.295774647888,6179.2464788732395,15.972197278579605,13.02582404437504,-0.8801225616630407,142,0.5787132115213612,1,
fov0,2675,16071.047044632087,6752.604342581423,90.57950399862214,22.737242701909484,-1.2340646670954367,829,0.9679819702827374,1,0.8116128660572783
fov0,2676,16121.080692584123,4400.990852662529,139.76620017951598,50.77595487488192,-0.07027517915967968,3061,0.9316752963676196,0,0.16236451006840336
fov0,2677,16080.513353115726,4299.385756676558,27.532432369960063,21.84154741714192,-0.2912301857604377,337,0.6088276802548731,1,
fov0,2678,16101.704142011835,5505.798816568047,51.18169323859857,19.38022884958923,-0.2750183208220757,507,0.9255376945731956,1,0.3851247875751691
fov0,2679,16984.36270606293,4858.701555869873,2554.9752906574718,1019.8904012134423,0.9840630253559968,481467,0.9168733696671897,-111,0.6336132767025666
fov0,2680,16097.08455882353,5249.172794117647,32.48147152415386,22.088261392934623,0.33392476619351497,544,0.733187533583201,1,
fov0,2681,16114.10017271157,5629.078583765112,85.05000859501094,41.78163145047452,-0.41801510691562765,1158,0.8710132178367407,1,0.4022210381793183
fov0,2682,16099.295774647888,4012.5586854460093,17.734852233155795,15.352554883775493,-0.9830807515978818,213,0.5006126009526031,1,
fov0,2683,16104.028846153846,4045.923076923077,12.564593285427911,10.598617820913805,1.4190486790151582,104,0.5370812540706356,1,
fov0,2684,16129.781291172596,4289.765480895916,73.80977388599284,23.038268376534504,-0.45338083575540544,759,0.9500392955272905,1,0.43821546127769345
fov0,2685,16121.670560747663,5166.857476635514,38.47018823270135,16.57162156437168,0.5105188401516025,428,0.9024639992782998,1,0.30522670888376013
fov0,2686,16132.11475409836,5877.2365339578455,58.932133793309916,12.602956226871108,-0.7629009428266524,427,0.9768653230178674,1,0.5275799680445477
fov0,2687,16125.95035460993,6208.485815602837,60.118595101642136,15.873027561449376,1.2969638584719123,564,0.9645148555693985,1,0.3236637094682989
fov0,2688,16158.174628663188,4054.45002007226,106.70256159414296,78.12509481960426,-1.1094963833509044,2491,0.6811150820186631,1,
fov0,2689,16147.935211267606,6125.876056338028,35.881884062819154,16.055448991647456,0.4880324562440367,355,0.8943075557550858,1,0.3870113567739004
fov0,2690,16173.59034543844,5900.517714791851,202.81465190771144,55.27371177886825,-1.2102551257694911,2258,0.9621463991319325,1,0.7547443912052243
fov0,2691,16148.727272727272,5112.702479338843,20.37570698355324,8.663176776200423,-0.3155459796690027,121,0.9051126497267072,1,0.2701135399046177
fov0,2692,16162.224489795919,6194.241982507288,46.48596461419467,13.862083382396785,0.3219461249429053,343,0.9545036202794587,1,0.45784972412109426
fov0,2693,16159.400662251655,6647.605960264901,55.170185937110524,17.18902916057456,-1.2831262651879303,604,0.9502252571779353,1,0.7041354712148726
fov0,2694,16215.944960686204,5123.369549678342,126.12686263604174,30.385321410256815,-0.02510663052398246,1399,0.9705472651884371,1,0.3120643585697361
fov0,2695,16168.409937888198,5645.167701863354,23.49579723777239,11.703959048566134,-1.0972765499866455,161,0.8671024196218813,1,0.4070461855184775
fov0,2696,16179.186498855835,6254.210526315789,70.6950152445022,25.258335140632468,1.5580398261753838,874,0.9339950510594753,1,0.4213387837558399
fov0,2697,16179.12380952381,4598.279365079365,26.51105852169935,18.88108033329543,-0.5002913379535467,315,0.7019802657659421,1,
fov0,2698,16197.709750566893,6109.675736961452,136.88314989323996,34.42564367905166,1.2427338473178697,1764,0.967858187773382,1,0.30819869542414474
fov0,2699,16196.255885363356,4922.867963152507,43.25375041427714,36.824397380563305,-0.8404096953840273,977,0.5245862178769848,1,
fov0,2700,16234.328703703704,4367.094907407408,96.00631713495262,22.191659899284303,0.4405319470797865,864,0.972918620457525,1,0.30023638691022203
fov0,2701,16236.18208516887,4416.738619676946,51.72006028496818,19.56334696665219,0.04616284062882011,681,0.9257016324966065,1,0.2418154789458358
fov0,2702,16240.690376569039,4264.200836820084,27.520045810762987,11.948252259052769,0.9167033791736913,239,0.9008331630899917,1,0.5585726464503096
fov0,2703,16412.152228342515,4403.053747287598,401.5296259489172,56.951131004971785,0.3209278801260277,5991,0.9898902505208553,0,0.27281973951213895
fov0,2704,16376.74588394062,5051.484615384616,218.75694265954488,159.11486366723997,-0.23435615606132376,7410,0.6862569986935861,0,
fov0,2705,16371.233459755584,4628.151285292878,202.4050885284206,24.172936225634533,0.2617255777023108,2373,0.9928428039007808,1,0.31878453637826115
fov0,2706,16298.28502415459,5123.374396135266,52.74306353809944,16.006598949245493,-1.0639849617998045,414,0.9528369992986612,1,0.6539386398156385
fov0,2707,16315.741666666667,5030.785416666667,32.27624083556417,19.153931632150726,1.0174547711019315,480,0.8048800749285594,1,
fov0,2708,16315.40756302521,14012.806722689076,19.032690570560607,15.975204292379164,0.09014414021195229,238,0.543582002659561,1,
fov0,2709,16343.501305483029,4724.362924281984,37.8215675985472,13.677988481985759,-0.06718611968329467,383,0.9323157980736649,1,0.40546540471399545
fov0,2710,16330.555555555555,5200.717948717948,14.869630732748632,10.299741397586649,1.5096120370864876,117,0.7212550202253981,1,
fov0,2711,16356.827956989247,4189.193548387097,26.769723395102073,10.172032405628661,-0.5428662847374933,186,0.9249935836357212,1,0.4906350279856042
fov0,2712,16388.647959183672,5522.506802721088,81.93483568842518,24.202484603581087,-0.007385626125747305,588,0.9553776872634497,1,0.31828451726040297
fov0,2713,16366.910052910052,5293.915343915344,28.130382983836462,9.139331822736455,0.5863727554166709,189,0.9457511796439516,1,0.4644366392004985
fov0,2714,16400.163076923076,4576.689230769231,34.145057236969926,19.04802870758532,-0.4094849408218087,325,0.8299376866666452,1,
fov0,2715,16394.52845528455,5552.4796747967475,18.63071073588378,8.618319232069856,0.08664650671378689,123,0.8865740427950237,1,0.34595208430024565
fov0,2716,16416.46694214876,4669.411157024793,50.93435980952912,13.459216999743866,0.23420398087186547,484,0.9644552264540065,1,0.32414514565598324
fov0,2717,16656.265955721352,5139.698483496878,595.7448328919263,196.01743915279013,0.8875576609609679,24662,0.9443197513857995,-4,0.27153468716309936
fov0,2718,16474.840531561462,4544.5215946843855,21.359462516607827,18.864357931766282,1.1411161911594374,301,0.4690247015632472,1,
fov0,2719,16641.018340235572,5624.137793793363,365.71497901686956,224.21376188816842,0.6745091855499367,18593,0.7900182369068933,-2,
fov0,2720,16515.92105263158,4641.631578947368,22.115290266467856,9.968917212570839,1.4919824754927682,152,0.8926399544880415,1,0.6309981649887598
fov0,2721,16570.927607361962,4920.825766871166,129.71825275784553,12.308974648137072,0.42155882787374044,815,0.9954877567256865,1,0.1505832608626476
fov0,2722,16564.354545454546,5171.854545454546,31.597150124731463,9.31847564211567,0.6193214951718939,220,0.955523470841884,1,0.16068578336368908
fov0,2723,16570.991379310344,5809.836206896552,15.57554669188938,10.020987035138067,0.8441763072430414,116,0.765547420257459,1,
fov0,2724,16588.51111111111,4726.211111111111,22.087177099480552,13.507915023052563,0.340547539414485,180,0.7911882238366996,1,
fov0,2725,16637.67870036101,4511.5180505415165,99.50576886766815,13.138771785920515,0.5732913069100967,554,0.9912443485896311,1,0.2704600889160533
fov0,2726,16636.487632508833,4219.3215547703185,30.051554346964558,13.825640477014966,0.22094735694665316,283,0.8878857185580535,1,0.29320663541184366
fov0,2727,16672.54591836735,5022.03443877551,50.197079493081965,22.99193487687119,0.07779287987506742,784,0.8889350254950102,1,0.27074613030448447
fov0,2728,16697.649056603772,4989.294339622642,28.895708664090357,12.462401702170892,0.40292086132518035,265,0.9022138251519537,1,0.15299981599658738
fov0,2729,16713.648897058825,5557.985294117647,57.988678944267065,16.327951113615402,0.9423913283874614,544,0.9595402909818432,1,0.3217057796330549
fov0,2730,16716.19814241486,4434.668730650154,34.62311219547984,13.804306990845452,0.8043737076434001,323,0.917080502531415,1,0.22627224849347308
fov0,2731,16722.72072072072,5743.288288288289,16.669609297015064,8.817290470154875,0.3968514671691223,111,0.8486567053902551,1,
fov0,2732,16743.571428571428,4309.366995073891,41.147301345747685,14.178765016652601,0.1578017402481759,406,0.9387549234195984,1,0.4775616897514173
fov0,2733,16757.9641350211,4814.105485232068,62.64307799773877,13.856427911068067,0.5862639643853303,474,0.9752292655225352,1,0.17275875739836122
fov0,2734,16754.7990430622,4454.296650717703,25.979872156970824,11.456876531785102,0.8900789897172079,209,0.8975117762110715,1,0.2612071667539208
fov0,2736,16820.794392523363,5656.140186915888,16.158183040938713,8.922137351152,0.42522906223512935,107,0.8337285367854727,1,
fov0,2737,16844.55938697318,5794.911877394636,52.97966361922039,17.54712988955276,0.08122135364926322,522,0.9435588179689158,1,0.42441776111124324
fov0,2738,16874.905172413793,4222.392241379311,23.99741378378117,12.711709880076919,0.5370458285995489,232,0.8481777866386772,1,
fov0,2739,16881.137221269295,5753.33962264151,68.72981420549199,14.423893897762769,1.3189665266407482,583,0.9777306493141724,1,0.4332298623602346
fov0,2740,16914.360430950048,5588.685602350637,64.79681436396642,53.84325124413688,1.0526561158885557,1021,0.5563393025469244,1,
fov0,2741,16922.775030902347,4230.954264524104,68.10606076818164,30.018854484663766,-1.482554938121553,809,0.8976219102359198,1,0.9975564502643185
fov0,2742,16928.688279301747,4725.8403990024935,27.588604527694862,19.246631092196505,0.2396785557273063,401,0.7164584715025806,1,
fov0,2743,16927.53448275862,5323.772413793104,37.63052130380895,10.512697245872102,1.1428705872587632,290,0.9601846197208399,1,0.12397105700543147
fov0,2744,16944.100204498976,5299.828220858895,61.225482461831106,15.108393223533271,0.959356819585053,489,0.9690749883909062,1,0.06526397037240461
fov0,2745,16954.643761301988,4539.2567811934905,34.917653954894725,23.513014146282817,0.4059311856034076,553,0.7392922545139173,1,
fov0,2746,17098.529882932842,4595.297802423495,323.41808292410246,59.27988168176379,0.5817790943787992,4869,0.9830585522040293,0,0.5198171094247941
fov0,2747,17024.274509803923,4735.300653594772,17.038807714730986,12.425763928872342,0.7514036047905526,153,0.684234002611154,1,
fov0,2748,17027.32275132275,4264.523809523809,26.523017933207868,10.420614400984002,1.2695596231642055,189,0.9195857034933895,1,0.9887290427291227
fov0,2749,17042.27210884354,4315.789115646258,47.17378706345787,21.910954979410832,-1.3164056161900255,735,0.8855872300728795,1,0.8835728019502854
fov0,2750,17044.2268907563,4163.243697478992,16.648181836786907,9.515416286265088,-0.9289565466225987,119,0.8205610509548049,1,
fov0,2751,17051.35761589404,4976.529801324504,23.051341786056586,8.900054354104457,-1.4799310721365893,151,0.9224581788350257,1,0.8870972755284418
fov0,2752,17076.70520231214,4806.8863198458575,54.27375118893583,15.368048945877371,0.5695242440459328,519,0.9590732636527596,1,0.5634092688062362
fov0,2753,17084.4126984127,5815.426807760141,58.491377652378354,16.654941021357544,0.83774781096324,567,0.9586042452020158,1,0.5806491913262007
fov0,2754,17104.827586206895,5955.182266009852,21.013274233539743,13.51360105099713,0.8558360683161812,203,0.7657836310348419,1,
fov0,2755,17130.388131515636,4551.359262229351,66.96959938909474,53.03179393680433,0.22628883443557932,1247,0.6106785172321335,1,
fov0,2756,17164.972533240027,5727.9594121763475,186.25881448528122,129.0860663230235,0.9998603772162257,5716,0.7208926412389337,1,
fov0,2757,17123.834951456312,4885.57281553398,12.09840470862213,11.183428748587263,-1.2103090532729297,103,0.38149190131715227,1,
fov0,2758,17140.578703703704,4646.99537037037,26.989278398783757,11.280832326897128,0.8354052168737963,216,0.9084587220897373,1,0.28372440970093793
fov0,2759,17241.94398378478,5164.966279712548,199.3001021893332,137.9606370382752,-0.9759060717008772,5427,0.721681154935284,0,
fov0,2760,17182.911528150133,5119.131367292225,31.183281871443377,20.86765320397341,-1.3194214693212343,373,0.7430880850698613,1,
fov0,2761,17195.432989690722,6079.623711340206,49.690126581393756,16.877689096281014,0.8793503143140564,582,0.94054872020214,1,0.7181162067381174
fov0,2762,17217.385496183208,5619.923664122138,26.524483824884857,12.749939565304961,-1.0538104029771804,262,0.87689296739753,1,0.44553694124421805
fov0,2763,17229.114503816792,5708.072519083969,30.455079774576628,14.023273830519988,0.27129464445188717,262,0.8876816837688879,1,0.48833483098714275
fov0,2764,17260.96,5676.335,79.29943722107467,23.640178857632122,-0.0021442614758604107,800,0.954530642005406,1,0.37464509418412356
fov0,2765,17254.467441860466,4710.025581395349,44.44249137330961,16.138941615429367,-0.22802066433084223,430,0.9317337511498138,1,0.5015740763903974
fov0,2766,17263.189010989012,5303.257142857143,56.75507202640228,14.798326911816325,0.8159956247691705,455,0.9654090147391204,1,0.5923361214907744
fov0,2767,17262.76223776224,6064.428904428904,41.663260880403556,14.670853603900945,-0.8945929582181068,429,0.9359513757740403,1,0.6270720577353739
fov0,2768,17273.161904761906,5725.875132275132,57.65307406076992,27.89337579281799,-0.5156164408034357,945,0.8751707386268297,1,0.28703487159947166
fov0,2769,17272.97843137255,5252.1401960784315,56.04689935312717,27.870140279344156,1.052980101819534,1020,0.8675989250072663,1,0.4218402167723105
fov0,2770,17273.830065359478,5772.427015250545,43.54812390059303,20.856562579999963,-0.8973084688373063,459,0.8778523475868524,1,0.38219218449168113
fov0,2771,17322.847945785685,5288.85599322321,121.44562858525488,66.32724087687086,-1.4084778895750372,2361,0.8376889508504183,1,
fov0,2772,17305.829365079364,6056.0,19.03053678021764,16.939897019339988,-0.753435554768737,252,0.4556815053327867,1,
fov0,2773,17318.08843537415,5157.866213151928,40.25575746726533,16.42177578268502,-0.6126067122110246,441,0.9130104911686687,1,0.7616466313807888
fov0,2774,17441.825688073393,4775.977064220184,34.54840217553896,8.726503770884595,-1.493918263195106,218,0.9675739867251795,1,1.0947073487565662
fov0,2775,17473.46462264151,5298.865566037736,71.37246320876858,49.52671011840207,1.4827028420693367,1272,0.7200530438994973,1,
fov0,2776,17474.00425531915,4974.627234042553,52.90637437220313,33.0545273291568,0.9327408969926553,1175,0.7808056381098673,1,
fov0,2777,17562.57381156458,4990.469308366849,516.1533952237252,153.62663714717561,1.3146591853446863,15167,0.9546789422989763,-1,0.8537648977068808
fov0,2778,17507.243055555555,5682.020833333333,29.240339536574176,13.239056065832337,1.2880908779067084,288,0.8916289534672345,1,0.46077415939292415
fov0,2779,17507.662162162163,5575.790540540541,36.21472400292197,12.529671571988754,1.5178353040814767,296,0.938240855465187,1,0.06029400374457162
fov0,2780,17524.968512486426,5619.532030401737,54.278361164864556,29.96231580815766,-1.0921584313298387,921,0.8338360550273698,1,
fov0,2781,17529.269293924466,5304.922824302134,49.85052340808534,29.49962717264133,-0.24236338961521006,609,0.8061130000711627,1,
fov0,2782,17556.748161764706,4823.71231617647,81.58163200358705,47.7046194923223,-0.6680936586784085,1088,0.8112156774969121,1,
fov0,2783,17580.93388429752,5327.905991735537,48.03971387543711,39.03917511879328,1.206152613207397,968,0.5827607328690227,1,
fov0,2784,17572.489260143197,5381.019093078759,37.24611030043387,19.117867531049637,1.4464871860868425,419,0.8582182526954386,1,
fov0,2785,17571.584905660377,5616.440251572327,21.665940117432815,9.668699999760902,1.5397102099116082,159,0.8949020287770735,1,0.06669649054106401
fov0,2786,17583.75,5510.207070707071,52.75770995387722,14.722641400140054,1.4540738115552936,396,0.9602732550972712,1,0.054514220569886446
fov0,2787,17618.06529209622,5334.53264604811,148.86397253600444,26.555397204223283,1.5468064864561997,1455,0.9839604051307395,1,0.04532560717689446
fov0,2788,17628.18120805369,5016.278523489933,24.606401321145597,17.353994107864946,0.43689504967773646,298,0.7089453753279952,1,
fov0,2790,17654.27804878049,5633.370731707317,24.23731959217925,15.055805014215084,1.3272260120232133,205,0.7836657335965973,1,
fov0,2791,17661.453658536586,5103.531707317074,31.67634167729656,8.58318862090994,1.3938962673339892,205,0.9625891231262607,1,0.8801699771894977
fov0,2792,17707.461904761905,6061.142857142857,32.502309056319035,8.80977072360757,0.24254824970493818,210,0.962565097206537,1,0.5288191760092358
