fov,label,centroid-0,centroid-1,major_axis_length,minor_axis_length,orientation,area,eccentricity,euler_number,alignment_score
fov0,1,1287.5924324324324,8409.704864864865,142.3258082226335,27.193329714775516,-1.1822135057642467,925,0.9815775928298075,1,0.7808828270205851
fov0,2,1331.872399445215,8411.320388349515,117.79687021054458,17.604296671824702,-1.165498367463844,721,0.9887698559885827,1,0.7741647159330696
fov0,3,1314.8657142857144,8272.934285714286,46.12200573825817,14.802030712395247,1.291335941040279,350,0.9471022158693704,1,0.9812750019421896
fov0,4,1358.2988505747126,8123.607279693487,59.44332817068061,36.59496936273797,0.038735193901211634,522,0.7880370097122494,1,
fov0,5,1370.180904522613,8235.113902847572,70.24399202318172,16.198676286528357,0.5309092350258563,597,0.973047242790449,1,0.6687655925291346
fov0,7,1365.319587628866,8288.529209621993,35.269854691902665,11.456679192543357,-0.3438030776784527,291,0.945772690161015,1,0.5486868662834636
fov0,8,1773.6070539419088,8991.429460580914,97.83868494156188,76.19661802094778,-0.780994671348259,2410,0.6272742183525792,1,
fov0,9,1823.1458333333333,8061.798611111111,28.540765709529758,7.19505583829616,-0.23014007309364037,144,0.9677018382530932,1,0.6142404086612676
fov0,10,1821.7350649350649,8436.633766233766,41.012216121791354,13.719517065589113,-1.5144968301298918,385,0.9423876943806445,1,1.0888514712752526
fov0,12,1842.894348894349,8310.406633906634,74.09758845775855,34.59858723187,0.2441724997679793,814,0.884292853798235,1,0.4850701128590674
fov0,13,1825.2912621359224,9058.398058252427,16.398387447327817,8.838154016545882,-1.1376192973333807,103,0.8423282719310876,1,
fov0,14,1832.6901408450703,8485.267605633802,23.082650846155296,8.448814225257829,0.6302351085206319,142,0.9306052402972091,1,0.5650593329897302
fov0,15,1857.1796060254924,8382.128621089223,71.9090073196495,40.39622475593966,-1.079249041877781,863,0.8272943870019461,1,
fov0,16,1845.0054347826087,8934.114130434782,20.41795902138457,12.480690282607009,-0.7326199912762442,184,0.7914295258655285,1,
fov0,19,1856.0283911671925,9022.635120925343,110.76895414668957,19.37344064690451,1.5679958580269584,951,0.9845862816973407,1,0.9408036378438441
fov0,20,1856.5031847133757,8453.71974522293,20.56655963180049,10.608939047297511,-0.9299481096844233,157,0.8566883136720687,1,
fov0,21,1861.3111111111111,9124.355555555556,23.418565375597687,7.640013618740234,1.4174773805317704,135,0.9452878452586165,1,0.5862561718838962
fov0,22,1870.7083333333333,8220.642857142857,31.541907675858408,7.527184977291553,1.0049349772856673,168,0.9711079163927866,1,0.6665125619109332
fov0,23,1890.7197875166003,8471.662682602922,116.26858663152304,53.67122151292868,1.183263764229036,1506,0.8870808320205164,1,0.7109423531355309
fov0,26,1891.9752066115702,8234.702479338843,19.378526285164906,8.035374793834777,-0.6822638148591257,121,0.9099793570313931,1,0.6851350480519827
fov0,27,1900.8904593639577,8275.95406360424,23.113761368877675,17.1602821362182,-1.289387242702711,283,0.6699268955022626,1,
fov0,28,1909.76026272578,8333.285714285714,73.31385738995564,32.484965292174905,1.2566755569779047,609,0.8964749212951162,1,0.7669890969124668
fov0,30,1915.541095890411,8437.945205479453,36.935775146722065,11.62906260879842,0.4852169741195104,292,0.9491429349032391,1,0.4174218554475391
fov0,31,1919.4021164021165,7303.449735449735,29.441370455738035,10.43885310106913,-0.29876875923774804,189,0.9350317090880612,1,0.27852797696641574
fov0,32,1926.3333333333333,8222.572327044025,38.16963252650667,12.784033489900429,-0.8970908340457319,318,0.9422441445430825,1,0.8997486023428354
fov0,33,1941.1530612244899,8385.460641399417,74.59531789907851,13.421258203820486,-0.5457319280765651,686,0.9836810777097192,1,0.8224018985626435
fov0,34,1934.3657407407406,7244.69212962963,60.60137162130387,11.684205323859121,-0.8761834475715985,432,0.9812372292469416,1,0.18649928799787105
fov0,35,1975.4078173642338,8249.638187478382,149.76628049955175,101.9252964028208,1.4554156101195965,2891,0.7326901432386105,1,
fov0,36,1981.692826486818,8326.711220110361,131.24091190433967,31.9073693239835,0.0823522089080389,1631,0.9699960688422506,1,0.5664608925402502
fov0,37,1930.7545454545455,8518.072727272727,15.760204556908555,10.693417389445466,-1.173098911501754,110,0.7345934510614711,1,
fov0,38,1945.3686274509803,8140.0137254901965,59.64884820109425,13.108090197322682,1.25934100036029,510,0.9755552535239336,1,0.8786973729300017
fov0,39,1959.8019801980197,8438.849504950495,47.12386879128294,22.981153120096995,1.0567638353062032,505,0.8730250122378739,1,0.5659862052424899
fov0,40,1989.5505535055352,8482.78597785978,104.19234815132873,31.317043160894272,-0.3868900501204015,1355,0.9537599115609876,1,0.7351264336100138
fov0,41,1952.1897435897436,8010.451282051282,32.87050425642316,8.14251485838773,-1.2871674116206369,195,0.9688329631464848,1,0.885744815594126
fov0,42,1972.1859582542695,7251.091081593928,70.14224771870474,21.094922659131676,-1.133036526468935,527,0.9537046243010844,1,0.287591388780282
fov0,44,1967.6490384615386,9444.66826923077,58.585877762919566,14.234819441748195,1.4806163055522517,624,0.9700329107031588,1,0.6017805290301181
fov0,45,1990.3745704467353,8125.766323024055,42.20277898441702,12.607723233677158,0.8540137128045541,291,0.9543340566094436,1,0.5972942105616893
fov0,46,1995.4860267314702,8415.902794653706,64.23046243215643,20.22748691328416,1.4397143873325555,823,0.9491180656371608,1,0.7574787343702094
fov0,47,1995.6938775510205,8363.040816326531,19.7959394755538,10.09661766312013,-1.0841337254472967,147,0.8601537779706504,1,
fov0,48,2003.2611464968154,8163.824840764331,22.827690119044103,19.912288296287507,1.4538551454354798,314,0.4889949693873213,1,
fov0,49,2011.0618556701031,7228.731958762886,24.26098395242785,11.057864903649689,-0.5199008297017974,194,0.8900883753686596,1,0.25838022611717476
fov0,50,2049.144876912841,8048.244510978044,156.7899540939925,126.16144041355456,1.2392958698639676,6012,0.5937459324811176,0,
fov0,51,2033.0673499267937,7283.297218155198,56.19025732923113,19.02477455828,-0.7024214823993322,683,0.940938394954691,1,0.2598652141521864
fov0,53,2040.511013215859,7897.43906020558,52.8652358025439,35.90395359514854,-0.07935100961401505,681,0.7339902541449161,1,
fov0,54,2050.5602339181287,8350.78596491228,94.33030669798093,21.091859554139475,-1.149755737689534,855,0.9746819595061389,1,0.7864023728783719
fov0,55,2038.6994535519125,8428.4043715847,47.32546882637622,28.3542169808514,0.7805346718933505,549,0.8006500404298782,1,
fov0,56,2049.239344262295,8158.855737704918,50.737165424206545,12.841224455749341,-0.6821603378172426,305,0.9674419377677376,1,0.7802119725125131
fov0,57,2051.87868852459,8228.321311475409,27.725750030347776,24.223387744538535,0.4232767849446806,305,0.4865039853786697,1,
fov0,58,2081.3365384615386,7964.95592948718,65.11961805163477,37.38181150744001,0.4854498150873336,1248,0.8188213803136134,1,
fov0,59,2074.691489361702,8400.66170212766,49.41429417960234,18.16089819785392,0.11485493788981065,470,0.9300143639579022,1,0.6286631748806056
fov0,60,2059.687022900763,8706.81679389313,22.25412794637937,7.71193299706596,-0.9212370418767846,131,0.9380354032466475,1,0.6073252173124455
fov0,61,2094.5148648648646,6795.154054054054,90.56380642391105,17.488766434576362,0.37525951249296324,740,0.9811771356392296,1,0.39062740538641305
fov0,62,2071.698198198198,8279.085585585586,24.269494528577187,19.145083048239457,-0.9334281997480842,222,0.6145808962057469,1,
fov0,63,2082.733153638814,7268.380053908356,39.06235560620599,12.997099477792357,0.20946806521104533,371,0.9430232017694903,1,0.5210853647554133
fov0,66,2089.2547425474254,8189.192411924119,35.60334214842823,16.235949568308087,-0.4677922326995828,369,0.889967894118383,1,0.6608344757988812
fov0,67,2093.582089552239,8523.067164179105,23.63087866215436,7.697553142299826,-0.6373031864191261,134,0.9454589389752946,1,0.48992378810590925
fov0,68,2094.9242424242425,8143.368686868687,24.72582419443853,11.414293773426435,1.1970558759381427,198,0.8870702214551326,1,0.9293453951927534
fov0,69,2092.176470588235,8697.539215686274,20.073934074555304,7.010117398004562,1.3635023895695086,102,0.937042654104318,1,1.0755248885862037
fov0,70,2130.8777082330284,7753.619643716899,116.77664993231174,60.988056339464386,0.9889220277747632,2077,0.8527848261836554,1,
fov0,71,2108.995614035088,8333.74269005848,90.7150635587177,33.719665580618525,-1.4184067973555838,1368,0.9283490332020126,1,0.5626216135335403
fov0,72,2102.173076923077,7794.0,25.449591420882548,11.286162683028031,-1.2617126802176457,208,0.8962885867736708,1,0.4780929948125807
fov0,73,2114.9576868829336,7011.177715091679,55.140750160761726,19.264957748894343,-1.0443215047397891,709,0.93698191291301,1,0.8715419953294552
fov0,74,2131.944262295082,7874.975737704918,105.64500761491183,29.054281495516413,-1.453968185786053,1525,0.9614390699068415,1,0.8635619047115595
fov0,75,2128.698030634573,8401.225382932167,60.83031606841873,12.393989883871207,-0.8650683676919781,457,0.9790235902660692,1,0.6149476410430449
fov0,76,2133.2610169491527,6703.254237288135,39.52285355871909,11.8760314253677,-0.41821707212966985,295,0.95378648647138,1,0.6381528643616549
fov0,77,2121.1,7826.36,17.860286135355548,7.487094173524624,0.6095995897914683,100,0.9078923058303708,1,0.9866612344547174
fov0,78,2141.9290780141846,8194.43085106383,83.2502166762768,32.086702791583676,1.2678277586831495,1128,0.9227392265523772,1,0.829354081791208
fov0,79,2139.436105476673,8444.387423935092,58.41270721682728,16.69545601211116,1.3035924214563477,493,0.9582836498505577,1,1.0396075560971496
fov0,80,2150.2875264270615,8628.228329809725,71.71701240465434,9.493823618305518,-0.6361364414558816,473,0.9911991780531517,1,0.5334567266190777
fov0,81,2151.90522875817,7681.4477124183,51.050889998106165,20.799028181299224,0.5985488814400586,612,0.9132419972227088,1,1.0193103983844467
fov0,82,2143.5318559556786,6983.991689750693,45.97375159803412,13.35652732590934,0.9420513052303012,361,0.9568673809117122,1,0.5814463887970751
fov0,83,2138.785923753666,8113.068914956012,64.82058512113076,20.38957325206254,-1.5435178513665226,682,0.9492395859671369,1,1.1672614897177018
fov0,84,2140.7877358490564,8052.231132075472,35.377780685860884,8.119810568502725,0.981688855034938,212,0.9733045960522465,1,0.8827363518682065
fov0,85,2141.1810344827586,6840.810344827586,30.418142949476177,10.756656726350338,1.1036494724646715,232,0.9353867691011337,1,0.4047115268571542
fov0,86,2154.5831622176593,8710.131416837783,72.43509632500215,11.062906885971465,-1.2428812184406257,487,0.9882681779097964,1,0.7210409139460792
fov0,89,2171.4566395663956,7966.731707317073,60.692191343748824,17.322455378855175,0.8155638350675982,738,0.9584040578463031,1,0.7689081253078298
fov0,90,2159.112582781457,6757.05298013245,25.456682393522737,8.03145784202493,1.4694899536356067,151,0.948927215126733,1,0.7139513040818096
fov0,91,2173.6294277929155,8284.558583106267,42.16458484202987,14.984980620504318,0.10980814887133916,367,0.9347171302561704,1,0.7019508642599867
fov0,92,2181.338530066815,7553.746102449889,67.32034178201722,11.313002376330896,-0.6778559245602457,449,0.9857789313249145,1,0.31006527363732184
fov0,93,2170.648401826484,7924.223744292238,29.064452304540104,10.633116315553982,1.3078993525454643,219,0.9306753657257315,1,1.1568713480344592
fov0,94,2180.733333333333,8664.085714285715,33.05557311599805,9.19717581048697,-0.2164455017357115,210,0.9605133964032572,1,0.5323033861567025
fov0,95,2172.5114503816794,7648.717557251908,39.72761585334834,8.91751242216084,-1.4036504876884257,262,0.974481843544389,1,0.5346606122631009
fov0,96,2177.4742268041236,7851.40206185567,48.86980578470906,11.63493871036541,-1.4844857307030237,388,0.971245470541029,1,0.9130887768685644
fov0,97,2184.917274939173,8051.233576642336,86.83350800886265,18.186940807521765,-1.4491104255211102,822,0.9778201907192168,1,1.0903218526145662
fov0,98,2178.9094827586205,8578.836206896553,19.33278181039004,15.43709468453952,-1.1751805798289063,232,0.6020038373123783,1,
fov0,99,2184.61,7730.6866666666665,36.01065226489513,13.496733395369853,-1.5239472387548634,300,0.9271063529473108,1,0.535570329906047
fov0,100,2192.353424657534,8332.161643835616,37.113084822337235,15.650099653066057,1.467242186922374,365,0.9067415313169096,1,1.0625844647752651
fov0,101,2231.148730350665,6667.403869407497,85.61991633611905,14.686492813539491,-0.3363356477145549,827,0.9851786762333617,1,0.49089306661502835
fov0,102,2205.7239583333335,6901.671875,27.514426492056042,11.590851041610378,-0.22444775601385045,192,0.9069378277524784,1,0.5354811097612777
fov0,103,2201.8481012658226,7898.715189873417,22.889675337849706,9.357364979067826,-1.2426129680463642,158,0.9126227113154551,1,0.9382474516119534
fov0,104,2204.875,8554.916666666666,23.60607327475573,8.093411181131433,-0.5342438363453716,144,0.9393890963816868,1,0.37956861088489996
fov0,105,2202.622291021672,7667.863777089783,36.529366653671886,12.214459565895709,-1.5577288929462547,323,0.9424405696368636,1,0.550796365389376
fov0,106,2230.150895140665,7563.287723785166,177.8381959048148,18.96826656785045,-1.1339235336369888,1564,0.9942955249372737,1,0.1839724245040542
fov0,107,2212.61,8497.56,16.187016410124833,8.567922720143383,-0.4804778726798503,100,0.8484295406732276,1,
fov0,108,2209.9403973509934,8179.887417218543,22.56117798983589,8.853769768569224,1.5580027657384956,151,0.9197802342441405,1,1.3170086584530198
fov0,111,2222.2535211267605,6858.075117370892,32.38001667890835,10.000605717010034,0.6649818536534744,213,0.9511103831170129,1,0.3273651085037587
fov0,112,2215.6129032258063,7945.153225806452,21.4048246339947,7.726932814033994,-1.3450615208747898,124,0.9325695928652966,1,1.0930050148546169
fov0,113,2233.5104120513956,7860.15551617191,140.5786831915492,31.83493555139861,1.4979747883516463,2257,0.9740213146155926,1,1.3618175211874202
fov0,114,2285.503798237618,7719.563810391978,187.1076949768898,119.33570438004193,-1.1131603631903608,6582,0.7702090334582604,-2,
fov0,115,2239.5114656031906,8385.286141575274,103.09187614008577,26.80718786799814,-1.2998371373128814,1003,0.9655999965139616,1,1.0808416556800673
fov0,116,2236.5258620689656,8017.580459770115,46.97553734916815,10.300686824057122,1.3747841308747524,348,0.9756624924967706,1,0.9949620617802878
fov0,117,2247.892879256966,8259.194427244582,166.82018448046023,16.65006360038479,-1.4279443497856719,1615,0.9950066702473332,1,1.0917634415491013
fov0,119,2307.1481745325023,7555.613535173642,218.07194071429274,81.37757763001818,-0.8490158796922416,5615,0.9277635880574933,1,0.08847246505275518
fov0,120,2266.9357142857143,8458.635714285714,47.26902435848128,8.163941967101502,0.3107348642182134,280,0.9849723148663393,1,0.6547681754778316
fov0,121,2258.4083333333333,8620.9,31.76723921931682,10.869593733817975,0.6822225203790867,240,0.939640385249201,1,0.5531537118065213
fov0,123,2265.0702515177795,8116.864700780572,118.34011619476819,19.03093596289761,-1.4640291754046493,1153,0.9869844705183548,1,1.3595425043446658
fov0,124,2289.815762538383,7934.691914022518,78.42659846282572,73.05785713958542,-0.34386351674652144,1954,0.3636276471035047,1,
fov0,125,2266.1682242990655,8533.598130841121,15.091590274578952,9.468670938659487,0.9884008033128928,107,0.7786860805238808,1,
fov0,127,2290.3787996882306,7847.795011691348,84.02004322916186,24.058631124352285,-0.7788659883366107,1283,0.9581268923488715,1,0.7886965268072128
fov0,128,2295.447971781305,8241.152998236332,224.62662313940723,47.011877771905446,-1.4941896852778487,2268,0.9778538342256005,1,0.9006890669258562
fov0,129,2272.3788819875776,8369.490683229813,27.84632976659265,7.58867923638781,0.9783181623811331,161,0.9621501439707236,1,0.8661343334435975
fov0,130,2288.25,8415.689102564103,37.89502366943666,11.242554185630258,0.5031706902357466,312,0.954978110848406,1,0.5458258273127958
fov0,131,2297.69896373057,8022.989119170985,91.235092036988,72.15018452184609,1.3236274870963256,1930,0.612053765475409,1,
fov0,132,2301.573275862069,7444.4655172413795,94.20801613289228,14.183037573329996,-0.7658220507536891,696,0.9886023625290372,1,0.1995348739237945
fov0,134,2309.8695652173915,6607.6822742474915,50.556871309717785,8.90989675594111,-0.6218837232195769,299,0.9843480985784598,1,0.09831139005599702
fov0,136,2300.929712460064,8110.408945686901,44.685128305656015,14.878382534225853,1.4764895650208527,313,0.942940776168906,1,0.8127181882211197
fov0,137,2315.2580071174375,8234.615658362989,67.24401826457134,11.550072566851693,1.3624332641839436,562,0.9851382016680182,1,1.1033446410685888
fov0,138,2318.0685714285714,8593.337142857143,25.711066454936404,9.872112882775019,-0.2506223214357437,175,0.9233482421970367,1,0.5474000084496621
fov0,139,2342.294902912621,8412.647249190939,164.95098895731502,61.431171470394915,1.4794351094643863,2472,0.9280639972216024,1,1.0806852296606309
fov0,140,2319.18,8401.82,22.408723948673625,9.113302968306343,-1.3812189872232803,150,0.913568228975965,1,1.0932540562282542
fov0,141,2326.5389048991356,8545.083573487032,29.41351156563388,17.12979359393571,-1.0298009436887245,347,0.8129178356579954,1,
fov0,142,2358.149594694178,8139.829034635225,103.49494271954208,44.35178585868588,0.37891635304887455,1357,0.9035225209137354,1,0.4068241664141181
fov0,143,2325.825806451613,7867.5161290322585,28.185758673908975,7.609149612149684,1.3897236687397345,155,0.9628703222840308,1,0.9748874039018667
fov0,144,2336.2830188679245,8206.764150943396,15.711968704458043,8.731865034711701,0.1398938484240168,106,0.8313520874348821,1,
fov0,145,2341.84126984127,8273.492063492064,28.525665892484323,10.484492424982008,0.23072231542722574,189,0.9300053702421298,1,0.5431338962073774
fov0,147,2360.1836407377705,7889.829991980754,85.44831542515871,39.50729486825611,-1.0347319158334667,1247,0.8866958872134401,1,0.8240605212453919
fov0,148,2344.691428571429,8336.102857142858,25.830562028424616,9.120348632221217,-0.031556427329471386,175,0.9355917643435278,1,0.569721493126629
fov0,149,2348.4926108374384,7608.416256157636,33.307761264355406,17.849870825792305,-0.3514173833007328,406,0.8442768602348498,1,
fov0,150,2345.7419354838707,7781.945161290322,29.827549712156177,14.883322288090872,-0.7582993565885376,310,0.8666140502251712,1,0.5437880178649419
fov0,151,2392.2787225217753,7786.846121941103,193.8742076751409,33.84108014625754,-0.9693065249568116,2411,0.9846480032596809,1,0.605579838074455
fov0,152,2352.1136363636365,8070.774793388429,45.069267003816144,20.639549553380757,1.4338868690980942,484,0.8889770512012317,1,0.6613880933351614
fov0,153,2355.2701863354037,8240.099378881987,29.227381396991962,15.541149098063748,0.042331050199268784,322,0.8469123505684354,1,
fov0,154,2361.28,8184.764,35.31712212601111,10.5782488501839,-0.1377796460811222,250,0.9540894490216825,1,0.5783328536622554
fov0,155,2360.2298136645963,8555.453416149068,26.29164328324941,8.320829470915188,0.7786400076753766,161,0.9485985457196469,1,0.7545405680779792
fov0,156,2367.8745928338762,7739.379478827362,50.10047898978455,17.28432440994955,-1.0272540092551863,614,0.9386051854392499,1,0.15740108523547608
fov0,157,2363.340277777778,7678.097222222223,21.829331412023812,10.740824966836948,-0.9629815770240464,144,0.8705746444324475,1,0.2702823928895312
fov0,158,2422.7733217088057,7343.680906713164,146.8017672947911,21.358319937798196,-0.48485093545075886,1147,0.9893595911542284,1,0.14575605475393083
fov0,159,2392.6903614457833,8459.332530120482,104.2650347551406,24.92911422910753,-1.2162205711253986,830,0.9709964967543372,1,1.0265004784883824
fov0,160,2387.6206896551726,7941.9655172413795,43.66734188993024,30.56641633275229,-0.9992140667373708,522,0.7141590713600741,1,
fov0,161,2401.7742424242424,7640.504545454545,72.07751351430572,19.41550168895532,-0.006067150715640466,660,0.9630368313750072,1,0.35860943024597586
fov0,162,2386.149779735683,8250.898678414096,35.838423907727346,9.576979300158214,0.8592361551604897,227,0.9636337256590569,1,0.3642076053461053
fov0,163,2385.8742331288345,8518.35582822086,41.609238112286924,10.908982729349521,1.1472512317370562,326,0.965019819519246,1,0.9085949090751706
fov0,164,2385.491304347826,8213.291304347826,24.2237447669922,15.401550889565726,1.4368516019970863,230,0.7718506509042067,1,
fov0,165,2416.2115518441196,6619.762700069589,124.63933008665171,21.480859094955704,-0.4446259721541293,1437,0.9850367987061959,1,0.090151024547623
fov0,166,2407.821086261981,7400.094249201278,69.03853122893175,19.5940775648351,-0.3248498121092912,626,0.9588794563755025,1,0.19744916777137392
fov0,167,2393.3894736842103,8090.4315789473685,35.533872798022074,14.40588991399216,0.6308884490596943,285,0.91413368390153,1,0.4764081658208201
fov0,169,2397.653846153846,8180.028846153846,29.998260093239335,15.606361952428212,0.11798905183955623,312,0.8540187435335477,1,
fov0,170,2402.3301435406697,7282.547846889952,58.0535140703604,13.011932760815354,-0.9373562319055471,418,0.9745576765184911,1,0.24897259790877427
fov0,171,2402.0539419087136,7583.435684647303,56.284387605740164,15.84692705928813,-0.9376088730361394,482,0.9595462573254772,1,0.31821601914264763
fov0,173,2409.929228591649,8020.542816702053,78.86805244522196,43.58757312354812,-0.9958180315902553,1413,0.8334038309807472,1,
fov0,174,2422.901129943503,7455.60922787194,64.4011571730496,44.2299308691739,-0.9702064472114315,1062,0.7268579496853518,1,
fov0,175,2439.057421875,7881.526953125,109.22290887081886,77.3419229649353,1.5496653158866653,2560,0.706101320178301,1,
fov0,176,2411.396694214876,7976.859504132231,24.84067332270005,6.454531869899149,-0.4340343746767369,121,0.9656524278152103,1,0.4259746769469284
fov0,177,2433.643962848297,7526.628482972136,61.0396231426361,22.779239521793563,-0.21796237487020192,646,0.9277558431335735,1,0.3538298849212815
fov0,178,2421.090909090909,8560.667711598746,53.251166661527584,11.09579032033749,-1.2049374666175166,319,0.9780506931024213,1,0.8053809647443173
fov0,179,2417.2096774193546,7690.169354838709,23.17132109335678,7.120515531310872,-0.4646029944507738,124,0.9516131272402442,1,0.22604550042824698
fov0,180,2428.91341376863,8271.783534421576,122.42867772948982,33.34110882562514,1.5521123284265677,1409,0.9622036660662132,1,0.6887439006716151
fov0,181,2442.4131868131867,7275.793406593407,64.4366868363531,13.378596144208803,-0.5211874464030727,455,0.9782087285765032,1,0.16543837948416035
fov0,182,2439.4935064935066,7231.12987012987,55.39300342399553,7.425418830024426,-0.8816541786615234,308,0.9909746019800948,1,0.14114939901659
fov0,185,2438.532520325203,7950.29674796748,35.15511628349068,10.94223828367297,1.1008996283309,246,0.9503261273537887,1,1.0146397786530144
fov0,186,2443.927536231884,8064.5,24.895190412339645,7.383921042679302,-0.8550786435453605,138,0.9550017066524067,1,0.7103612868014897
fov0,188,2482.3500761035007,7786.600710299341,71.15738189512174,48.58922512066904,0.5001320375462525,1971,0.7305663972049222,1,
fov0,191,2479.20783847981,7449.758907363421,60.70269002061578,42.06481011629089,0.5903069826789219,842,0.7209716927211328,1,
fov0,192,2511.7200460829495,7492.790322580645,115.66680156066502,25.163949989660438,-0.11537531436320861,868,0.9760479497038425,1,0.4090156372254218
fov0,193,2476.093093093093,7943.054054054054,28.418090221425732,15.959737592377024,-0.8198798806343934,333,0.8274055721022809,1,
fov0,195,2478.3664596273293,7690.531055900621,29.192378946539645,15.486356343780338,-0.5355749612603088,322,0.8476892378432888,1,
fov0,196,2483.2266009852215,7380.586206896552,31.287980113131354,17.725983646127265,-0.40144416077162565,406,0.824032231554973,1,
fov0,197,2493.1408199643492,7342.6577540106955,41.66424370631763,19.129615151810064,-0.15585930160494346,561,0.8883652346299171,1,0.32935156328232196
fov0,198,2504.882042253521,7644.345070422535,85.58248300695854,32.64604603113529,-0.25885412761638404,1136,0.924386541771729,1,0.3031375790657223
fov0,199,2493.2688821752267,6563.29003021148,54.816238287368236,9.157931534202065,-0.6361649042736227,331,0.9859457085735825,1,0.09165727115069683
fov0,200,2503.1071428571427,7972.206043956044,70.44116183908031,8.745083350011903,-0.5295990151706831,364,0.9922637936934079,1,0.48507918580514126
fov0,201,2485.958005249344,7545.548556430446,35.991534614283246,16.085326271304226,-1.4137109379423234,381,0.8945740725884183,1,0.5650547386542162
fov0,202,2500.646575342466,7859.704109589041,41.10546567470866,14.466360159317217,-1.3282980195172815,365,0.9360252824954852,1,0.6497103807781511
fov0,203,2525.022988505747,7434.507662835249,58.91983828001353,15.958722063584046,0.8743501920161274,522,0.9626202094602204,1,0.8080514127163205
fov0,205,2515.01226993865,7154.815950920245,19.86880130291774,12.821539003377056,-0.7205594042269022,163,0.7639206894521929,1,
fov0,206,2541.6373507057547,7750.208469055375,61.02926087254898,47.27340932972724,-1.3036579262293466,921,0.632448565678191,1,
fov0,207,2525.009900990099,8013.920792079208,53.58923852958931,11.52236218647787,-1.5252061909995351,404,0.9766112718983735,1,0.7716618545984546
fov0,209,2543.6778523489934,7213.13422818792,62.61550286753154,13.424698984331993,-0.7134916148708694,596,0.9767461717187943,1,0.4053231017763347
fov0,210,2532.543010752688,7563.193548387097,18.574612332473556,14.32157429972177,-1.3914057686405663,186,0.6367994112578794,1,
fov0,211,2546.2849740932643,6503.906735751295,26.156818570316876,10.974248060269886,-0.6686818768616233,193,0.9077294919805218,1,0.08960700822841326
fov0,212,2544.262195121951,7403.115853658536,29.363635604205335,7.4358240136105085,-0.8135275207815919,164,0.9674054733771545,1,0.5133916052438168
fov0,213,2556.221590909091,7160.207386363636,30.373215345284013,24.6879323442037,-0.6669048323112747,352,0.5825160613369296,1,
fov0,214,2559.75,7092.368181818182,29.388921645418762,20.92485678868255,-0.9498993955984975,440,0.7021813764513442,1,
fov0,215,2561.6,7547.515789473684,24.16104239253247,11.406186664181874,-0.08464113952773031,190,0.881550353414244,1,0.41211236769809395
fov0,216,2582.822454308094,7276.501305483029,59.3158224211255,12.51425708789826,-0.8683270652808924,383,0.9774910882853093,1,0.3851679287120208
fov0,218,2584.8659003831417,7229.704980842912,42.987643947171584,8.204695582831656,-0.45641706353187517,261,0.9816169337099508,1,0.3541090197830213
fov0,219,2587.214285714286,7179.438311688312,26.00692340275113,22.49589147604247,-0.9279437413551053,308,0.501778307903052,1,
fov0,220,2595.486013986014,7713.482517482517,47.52878843152754,15.225092875783083,-0.7176888247069018,286,0.9473046226393672,1,0.252313329894346
fov0,221,2592.291390728477,7424.091059602649,64.20217215279084,21.38159642763691,-1.4830496504801307,604,0.9429143220777808,1,0.6416297534810418
fov0,223,2605.7376425855514,6459.809885931559,45.093409802888104,7.881721007232589,-0.42156218476481583,263,0.9846063507665672,1,0.10163801641120906
fov0,224,2603.916083916084,7319.986013986014,37.300827893598374,11.730105508112786,-0.20586342254616824,286,0.9492663979089528,1,0.33202179665599824
fov0,225,2629.054054054054,7129.92333149476,125.24522457777034,66.131738800879,1.1879685380537977,1813,0.8492331497824709,1,
fov0,226,2649.033425088478,7494.7963035784505,120.97050480813509,89.37336929681305,0.08037512218599609,2543,0.6739214780263939,1,
fov0,228,2617.488188976378,7158.740157480315,20.271942248644017,8.356081798255259,0.870884943850875,127,0.9110936726818892,1,0.5266932053587681
fov0,229,2620.8195488721803,7213.887218045113,17.57338321479882,10.87940525763448,-0.2344318965885567,133,0.7853245551160707,1,
fov0,230,2652.2752941176473,7380.908235294118,112.79520663283394,18.498900858554588,-0.7374204052706396,850,0.9864596210220115,1,0.38525204715857697
fov0,231,2636.3644314868807,6900.422740524781,30.88608860579392,19.608810420635965,-0.07067079573076099,343,0.7726147372605063,1,
fov0,232,2639.704433497537,6507.8866995073895,32.32811598811809,8.961280602672865,-0.4111803660663551,203,0.960812892525237,1,0.1295150464811213
fov0,233,2706.8809384164224,6833.939002932551,169.4542755258931,45.154855687151105,-0.6245978228008309,1705,0.9638426012887867,1,0.20582533513174453
fov0,234,2664.9328358208954,6953.7182835820895,65.33494752556824,15.317620403629498,-0.09540663032756216,536,0.9721287629488683,1,0.4110216247670292
fov0,235,2644.85,7350.5375,21.708156493943417,10.610063224809842,-0.9873136806981838,160,0.8724186800519884,1,0.5677963599187574
fov0,236,2649.699690402477,6983.829721362229,27.01708548643132,17.47133654012012,-0.45791050198499617,323,0.7627636847941804,1,
fov0,237,2663.458213256484,7206.708933717579,35.676238727223186,16.649672305075576,-0.5502433550379103,347,0.8844220235458511,1,0.7905592556655577
fov0,238,2655.1454545454544,7434.090909090909,18.579948734132085,7.939901382425567,-1.3234784188462465,110,0.9040923648836284,1,0.5034737012513676
fov0,239,2669.6083916083917,7310.419580419581,26.00199389948471,7.451237506098617,0.4512059539130282,143,0.9580610768823835,1,0.49543639197516204
fov0,240,2675.705426356589,7793.981912144703,38.92214853498282,13.896382014638515,-0.903349868887242,387,0.9340928458936694,1,0.21939055005004124
fov0,241,2669.5461538461536,7125.107692307693,23.410072570059096,7.20648823483171,1.5112745639670526,130,0.9514390868900281,1,0.5128219540781279
fov0,242,2676.5270935960593,7415.004926108374,22.713489315787328,14.813339377882963,-0.9658724100071538,203,0.7580620268351429,1,
fov0,243,2673.980952380952,7153.038095238096,20.42662881204181,6.935073107270127,1.3679328237177362,105,0.9406019440662439,1,0.4975113469326821
fov0,244,2712.6115,6747.4725,114.50124963467127,56.62258220973935,-0.8044291544727544,2000,0.8691691106318344,0,0.2535396402111499
fov0,245,2709.3117408906883,6428.1234817813765,48.9965394485559,25.022131035413317,-0.4580697669495277,494,0.8597638531049979,1,
fov0,246,2712.7395833333335,6477.825520833333,56.61744626238505,10.825169203044897,-0.6625068474531579,384,0.9815513967074009,1,0.17862341111020272
fov0,247,2729.0232558139537,7137.9433139534885,76.19423010718285,21.478657325208612,-0.4320075994324172,688,0.959445705168118,1,0.70263910419467
fov0,250,2705.029411764706,7114.670588235294,22.115284960808513,10.412069694527123,1.4831601776962353,170,0.8822352973024878,1,0.665370593129132
fov0,251,2713.938223938224,6970.030888030888,33.28588828133169,14.741673752670168,-1.1277823327787448,259,0.8965806072763683,1,0.767906096762206
fov0,252,2720.6049822064056,7345.053380782918,37.39827676122501,15.552264838027796,0.5669814673223346,281,0.9094308769160069,1,0.6389725653395505
fov0,254,2732.266666666667,7046.060606060606,25.289694693711223,10.06215266331727,0.4171514183015603,165,0.9174393714109657,1,0.5022759640371192
fov0,255,2764.113854595336,6883.147462277092,153.6375784558954,46.02543947399993,-1.020911015861773,2916,0.9540738534270862,0,0.5647876140639183
fov0,256,2743.7625899280574,6998.956834532374,51.55992141888271,16.808134283080964,-0.8150917729760213,556,0.945372444801539,1,0.7961346377269167
fov0,257,2740.8212560386473,7193.888888888889,30.827005657213515,8.923807700840305,-0.7758123300078565,207,0.9571840026746903,1,0.5475298343748134
fov0,258,2783.97656840514,7301.5434618291765,170.33599790254118,75.64049742252081,-0.9828163924698149,2646,0.8959938678964512,1,0.7546975584253252
fov0,259,2767.840579710145,7086.898550724638,64.44577352750258,27.328742686836232,-0.3611697935518688,621,0.9056350556418519,1,0.5068084319037285
fov0,260,2763.548387096774,6443.600806451613,50.12900033381317,23.955187651924305,-0.03861286107899314,744,0.8784301095367419,1,0.20755046959721246
fov0,261,2749.4835680751175,7388.112676056338,20.92592434287675,14.233519299446419,-1.486564471341606,213,0.7330396314890597,1,
fov0,262,2770.4240940254654,7424.614103819785,55.36400141713328,43.875881260213475,0.8242171221591733,1021,0.6098740219548239,1,
fov0,263,2759.2523364485983,8778.009345794393,21.34354255067306,6.859969619268323,0.9128470126002275,107,0.9469410596905692,1,0.6255512420921963
fov0,265,2771.5789473684213,6798.1578947368425,31.35278700751489,7.28139765333538,-1.081082569837555,171,0.9726583116964131,1,0.3311686818074207
fov0,266,2780.0898550724637,7192.797101449275,52.97944128159525,12.674620541019408,-0.9544078874306612,345,0.9709613056127382,1,0.41678956065637623
fov0,267,2776.6153846153848,7037.301775147929,30.7967136370506,7.81888247243794,1.2980126096441893,169,0.9672339100665968,1,0.707268258823471
fov0,269,2781.25,7126.618055555556,21.383285458821454,9.45039083515449,0.5025364271858612,144,0.8970385836363686,1,0.5421986864487154
fov0,270,2778.1682242990655,3393.308411214953,20.010357777068712,6.960749446155413,-0.902853746029435,107,0.9375474837634049,1,0.8701179821500665
fov0,271,2785.59793814433,7330.268041237114,23.063891277390002,12.468157133836549,-0.533143968912479,194,0.841284847613263,1,
fov0,273,2802.2742382271467,8462.470914127423,45.71497265920209,16.06545824159609,0.7722351375992514,361,0.9362154303566713,1,0.617545501358115
fov0,275,2811.8796992481202,7336.3646616541355,31.11564466484691,13.834097832336827,1.5650917459222295,266,0.8957279109930263,1,1.0553917822222512
fov0,276,2828.56914893617,8431.18085106383,49.59815480545967,20.01748777233918,0.6173251162015763,376,0.914938451519741,1,0.5673747994327368
fov0,277,2822.3549783549784,6964.647186147186,55.074183468234956,24.399713110420546,1.1998218682822497,462,0.8965050138546637,1,0.9493061368353892
fov0,279,2826.0506912442397,6839.1889400921655,17.541845453528566,16.051284090196972,1.492549363068889,217,0.40338977136224247,1,
fov0,280,2831.5955284552847,6910.934959349594,34.68962004967288,20.267166271395165,-0.5362009324325039,492,0.8115788098660053,1,
fov0,281,2915.581742630827,7012.229970133749,227.63552665849906,113.9822783469405,-0.6378443440328863,7701,0.8656077433152106,0,
fov0,282,2836.644366197183,6795.778169014085,23.269434316407274,19.737822354953273,-1.3215781656979833,284,0.5296287284241052,1,
fov0,285,2861.026699029126,7363.01213592233,47.50394999514692,12.261780630089719,-1.4503398079594056,412,0.9661125203978438,1,0.9228671084478978
fov0,286,2866.3627450980393,6577.509803921569,20.417094601598208,6.551161652874407,0.23374303083801265,102,0.9471244322616658,1,0.48555213894716004
fov0,288,2909.486941870261,6772.299915754002,97.05415906046551,45.15015031877623,0.12979607005291044,1187,0.8852025951686819,1,0.6748650211655698
fov0,291,2901.8185053380785,6889.220640569395,30.656706848462534,18.661601802372694,-0.36648673102433604,281,0.7933788410911403,1,
fov0,292,2936.9147435897435,6897.106730769231,118.56950427604959,70.78008369433142,-0.9377026292681707,3120,0.8022783276886332,1,
fov0,293,2895.8612716763005,6663.514450867052,28.87754148014989,7.983836544896043,-1.2093329805055193,173,0.9610219245431694,1,0.49541494117132795
fov0,294,2911.258215962441,6373.906103286385,39.81238296836432,7.868705351243217,0.08194717526220499,213,0.9802737290416468,1,0.2105844296912152
fov0,295,2930.6182572614107,8295.732365145228,69.57221579512438,58.52045823618191,-0.587471435679728,964,0.540806602710633,1,
fov0,296,2926.888198757764,6731.316770186336,23.149008332718576,9.258598923181447,-1.0228061283596028,161,0.9165340742350446,1,0.4459950599618503
fov0,297,2985.533739660427,9087.525250326513,271.33968812321183,101.2372692087788,-0.9774155668618604,4594,0.9277904952922966,0,0.7136499000195953
fov0,298,2928.6020942408377,9609.664921465968,26.674972132865765,9.789990016728497,1.1360895993067832,191,0.9302168704996815,1,0.6897734622010794
fov0,299,2948.807894736842,2772.1394736842103,48.371440705966776,10.698593426916409,-0.497009837142112,380,0.9752339479923897,1,0.6608010964015056
fov0,300,2943.1525423728813,9678.652542372882,23.009841029611312,6.7426715124193635,-1.2448583177117043,118,0.9561019444771583,1,0.8497668336966412
fov0,301,2979.9792531120333,6462.863070539419,84.04803545376726,17.831463864651514,0.425086121440457,964,0.9772353755390482,1,0.4359400089104206
fov0,303,2995.4671445639187,9574.167264038231,75.18085496133301,29.20541010458129,-0.2369361170042325,837,0.9214619132767796,1,0.5905386203335178
fov0,304,2976.735294117647,9473.009803921568,15.927194638559328,8.870852376597888,-0.654431201770996,102,0.8305375472792104,1,
fov0,305,2975.7297297297296,9452.391891891892,26.43042031963322,7.687923948768966,1.2886615970292163,148,0.9567613469369124,1,0.8402497929443996
fov0,306,3022.666372462489,2968.0229479258605,91.44950108826929,51.590013614425565,0.28366014374755466,1133,0.8256814516157782,1,
fov0,307,2985.92,2801.911111111111,38.739914659049,8.262577833613086,1.565762655500105,225,0.9769903904351392,1,0.9009404871837734
fov0,308,2993.2671232876714,6864.13698630137,21.149037574016802,10.564329380270417,-1.5130974828917156,146,0.8663033870658232,1,0.8057606588395163
fov0,309,3015.7291666666665,6994.714015151515,80.82238895263448,15.133301401165722,-1.2154608172644081,528,0.9823139207671591,1,0.937064658804208
fov0,310,3009.7125,9329.1,29.853700175294748,8.238573046566163,-1.555077825750135,160,0.961167716997017,1,1.151242000364042
fov0,311,3087.425908952032,8606.035747021082,247.63397622153866,39.74655824085609,-0.6936498575406453,3273,0.9870349833051543,0,0.09181604272351969
fov0,312,3019.2755102040815,9222.387755102041,28.78277726340604,10.274445376709739,-0.9959273088317266,196,0.934117742447905,1,0.7168253103059731
fov0,313,3023.9221311475408,9760.83606557377,39.45667531897639,8.365884663284438,-1.0035481864334097,244,0.9772637855276087,1,0.6950775992538251
fov0,314,3066.106106106106,9903.264264264264,284.8288543558376,19.979911359440504,1.1593868978727984,2997,0.9975366598256762,1,0.6956606770433232
fov0,315,3058.2431941923774,9609.259528130671,57.61981252119103,14.948502723590199,0.9484515146471042,551,0.9657610062978742,1,0.6027733697256462
fov0,317,3059.967213114754,9318.991803278688,24.032390174401538,7.1057386398931,0.36198207936026267,122,0.9552890857797331,1,0.6891190572445661
fov0,318,3090.0405748098055,2306.333051563821,115.83888535104177,17.29563573599359,-0.7239184262486619,1183,0.9887907844317575,1,0.3007691235361648
fov0,319,3074.8598574821854,2386.1520190023753,51.19410472578534,21.425002099668767,0.44427647969062667,421,0.9082143730972959,1,0.4962374199150413
fov0,320,3079.620071684588,2957.7562724014338,46.396828879050865,8.170391354018738,1.0412995186584044,279,0.9843726300520501,1,0.40854803960365366
fov0,321,3087.565789473684,9766.766447368422,39.7226531224489,11.20434061340473,1.202032099204446,304,0.9593955155655441,1,0.9304852750073591
fov0,322,3103.846153846154,2845.7396449704142,30.329874126476646,7.39798323467643,-0.02208652819935712,169,0.9697960171697768,1,0.51459282293944
fov0,323,3099.581699346405,9605.908496732027,29.527199591978583,7.2370097685927295,0.8915687239620336,153,0.9694987178411462,1,0.5275853429792703
fov0,324,3145.47373358349,9700.900562851783,90.33673691511909,31.986125515317962,0.6662635526639679,1066,0.9352164212861352,1,0.6054313849736962
fov0,325,3118.2622950819673,2692.254098360656,23.10688038814131,7.073655659789646,-0.8705754192893298,122,0.9519904643496572,1,0.12659756825770582
fov0,326,3136.654205607477,8962.635514018692,37.55464987837747,7.4909388417036435,0.47990849737154495,214,0.9799044060976189,1,0.46939166779369984
fov0,327,3129.763819095477,9659.829145728643,30.248009205369005,9.084742612696946,-1.1415325474025237,199,0.9538316317332289,1,0.908759821045025
fov0,328,3196.663677130045,6304.027466367713,169.62765558790144,45.27127784922942,-0.020332438750027458,1784,0.9637280551704424,0,0.41519601960643976
fov0,329,3142.046762589928,9585.48561151079,37.40024593827634,10.189739225113513,0.7562045504655609,278,0.9621696224621245,1,0.4889775446784651
fov0,330,3141.0364583333335,2546.7447916666665,31.32622702970765,8.809320747234606,-0.8993279353560463,192,0.9596455779385011,1,0.16381433120061056
fov0,331,3143.041958041958,8872.111888111887,29.25471119713294,6.4766803191497155,-0.6088424353884,143,0.9751855072365297,1,0.3428537410454906
fov0,332,3175.9866666666667,10087.692,160.599036802401,13.45677188989199,0.8910395511383021,1500,0.9964833413255211,1,0.14270687353321138
fov0,333,3168.0958408679926,2311.3526220614826,81.92118899284033,9.385325700575095,-0.5963262603042048,553,0.9934157194930657,1,0.08217531893220793
fov0,334,3156.928774928775,8816.071225071226,52.22559236051268,10.340379917932346,-0.3726230708959266,351,0.9802031314709836,1,0.27972408073627175
fov0,335,3149.2338072669827,9166.074249605055,67.10797915004406,13.89097248316438,1.4666945696188096,633,0.97834213817041,1,1.0659512444681267
fov0,336,3156.066225165563,9862.258278145695,28.603338977523844,7.926582533810889,-0.5893131962106563,151,0.9608350621206384,1,0.8992611107199298
fov0,337,3169.8197115384614,2243.9158653846152,50.374258657272165,14.039531189894337,-0.46743416370859253,416,0.9603769140148241,1,0.11164339915961408
fov0,338,3164.6162162162163,2849.0378378378377,33.32808281032911,7.821308240101309,0.1865412903841476,185,0.9720735956392116,1,0.14981844034814096
fov0,339,3173.2521246458923,9117.810198300283,45.54354329988935,10.944082230982481,-0.7517423412998497,353,0.970698840780082,1,0.6397744143070264
fov0,340,3171.7952069716775,9913.984749455338,65.59674174283121,12.631552050327223,1.2303913356439302,459,0.9812844730377455,1,0.48157580203299705
fov0,341,3175.1415094339623,9650.981132075472,20.16859201879848,6.94967824425933,0.34523474638221596,106,0.9387572331350671,1,0.4169017776450147
fov0,342,3206.9554455445545,8927.839108910892,94.2402491552976,39.134608996212485,0.1699018073982111,808,0.909700818765245,1,0.34641829168096167
fov0,343,3213.8462929475586,2981.8716094032548,74.14851342716624,10.353776176728894,0.43121621024180556,553,0.9902029509599602,1,0.1956111954895899
fov0,344,3207.0275,8772.025,56.69492233215386,11.870285664255992,-0.7909364401278278,400,0.9778362274669549,1,0.41430674735913375
fov0,345,3199.9920634920636,2662.5873015873017,44.98817136291108,9.785244419329231,-1.253183876206901,252,0.9760587499639732,1,0.23805420435459454
fov0,346,3205.0755555555556,2857.248888888889,28.138171949642008,11.641149674844515,0.7136524834200973,225,0.9104069982684012,1,0.276639195886697
fov0,347,3199.6857142857143,9805.614285714286,25.204651814411644,8.13241287436722,1.2043024200430117,140,0.9465165602421357,1,0.6766540561766307
fov0,348,3218.703422053232,9978.013307984791,86.79003559151418,19.808486329726847,1.1509346486632595,526,0.9736061738238767,1,0.15444910060680173
fov0,349,3212.7743902439024,2458.1341463414633,22.33641458826778,11.390274836649166,-0.24308424611358492,164,0.8602088156173995,1,
fov0,350,3223.906336088154,2270.99173553719,46.22566896631212,11.679574483938035,-0.7494091061097348,363,0.9675540146494819,1,0.43203293833799294
fov0,351,3213.90099009901,2536.8811881188117,19.670591461945648,6.7904982537218785,-0.4097833580536106,101,0.9385252188641885,1,0.41601562392268276
fov0,352,3226.484429065744,2220.9498269896194,50.258741425992504,16.16547902764733,-0.661136924599973,578,0.9468602934773985,1,0.44283978223259274
fov0,353,3225.9305555555557,2387.1203703703704,29.62288193869061,10.067823296062855,-0.3689120179827722,216,0.9404737135971564,1,0.573059298445589
fov0,354,3276.0096041909196,2664.308207217695,157.992590894272,91.87259156592788,1.0139546117921514,3436,0.813546855686765,1,
fov0,355,3230.7727272727275,2925.8896103896104,28.7454583089574,7.343293519698226,0.38025424489801357,154,0.966819820996521,1,0.12295705812176477
fov0,356,3234.2331002331002,2715.158508158508,49.76224693292146,12.15382559424205,-1.0636806377068215,429,0.9697153494513272,1,0.4498438449823624
fov0,357,3243.437837837838,9947.32972972973,61.25631666599287,12.649222734658004,0.6035903027496085,370,0.9784473124817074,1,0.31717421943553015
fov0,358,3245.0916334661356,2862.7211155378486,39.456874795572716,10.629179030008228,0.17129150886419237,251,0.963031935636777,1,0.19164867272960456
fov0,359,3259.8145833333333,3055.21875,65.28020150284799,21.94492190241559,-0.22451508204818588,480,0.9418030910154065,1,0.40374083740856703
fov0,360,3305.4762195121953,10229.304268292683,186.76152109660157,19.512598068190407,0.6450479612534088,1640,0.994527126051838,1,0.21557519862810043
fov0,361,3249.205298013245,9712.834437086092,27.694307039989422,7.12554216069549,-0.8191725520669915,151,0.9663335256183299,1,0.6964522465354485
fov0,362,3407.8110421211613,2751.107232757174,364.40169967324925,97.73621528142493,-0.4385753898175673,5959,0.9633604433291948,1,0.4986610878000064
fov0,363,3320.6371094982646,2929.621962764279,195.68246054584625,39.722657218771595,0.6709053722986725,3169,0.9791796722301848,0,0.15882643037858635
fov0,366,3259.926421404682,2752.742474916388,32.679600815279045,12.36267617593632,-1.1387648015458853,299,0.9256832607557118,1,0.568244373618852
fov0,368,3284.253623188406,2560.759420289855,85.87621769012395,13.46400395239873,-0.6470036707966851,690,0.9876329402531608,1,0.44874352102607373
fov0,369,3267.104109589041,9874.306849315068,62.38946440731865,10.508744460614489,1.2416415118264488,365,0.9857122834452773,1,0.5663427854983965
fov0,370,3268.2867383512544,2404.21146953405,44.98803953449104,8.403497106026519,-1.4690131543458245,279,0.9823990997503339,1,0.8511418503168146
fov0,371,3279.4845679012346,2282.824074074074,36.44988564205328,15.609214205866193,0.9463807255300296,324,0.9036661416057947,1,0.576727067884805
fov0,372,3279.6394849785406,2221.8111587982835,32.42911949866589,9.807719696488912,1.0777586777516708,233,0.9531698261525081,1,0.8055716924233323
fov0,373,3278.122699386503,2343.4018404907974,40.492646771574094,11.900387482340673,1.551299961945029,326,0.9558392211906194,1,0.9367836788964529
fov0,374,3469.3413647058824,2885.7532235294116,368.6538347399348,141.072464751323,0.22300662648389372,10625,0.9238854312904476,-1,0.3951376790456627
fov0,375,3291.937931034483,9853.524137931034,28.374357289120734,7.4155513976763965,1.3177450859354078,145,0.9652449315862541,1,0.5906921670901132
fov0,376,3314.7762645914395,2338.3813229571983,59.97510654504361,20.621076815346736,-0.4899114353092591,514,0.939032913297905,1,0.7259141120900816
fov0,377,3298.0384615384614,2495.857692307692,46.80606093660043,9.170959914485163,0.9175644432400379,260,0.9806168239986659,1,0.874702266915679
fov0,378,3300.04,2196.346666666667,21.54965635764471,9.330087517791306,-0.9231340813815697,150,0.9014142864322151,1,0.6890881803154979
fov0,379,3297.3333333333335,2251.612612612613,16.40161929303468,8.828541109220746,1.484109057063799,111,0.8427708369970677,1,
fov0,381,3330.593930635838,3002.7369942196533,97.9495008064694,32.29703142299544,0.7807706306205756,1384,0.9440747679851346,1,0.2856211878433435
fov0,382,3320.418491484185,2416.311435523114,55.786646575420555,14.26179178609264,-0.9213588994682714,411,0.9667697077600501,1,0.49649055162018046
fov0,383,3350.278431372549,2550.8674509803923,145.35619710747682,24.7742980254187,-1.23889104263066,1275,0.9853683088358989,1,0.9055517522575304
fov0,384,3333.0770877944324,2468.241970021413,25.105863400444747,24.601925880572445,0.34961346323808284,467,0.1993542092268213,1,
fov0,385,3389.8774016468437,10163.606587374199,136.24819260821803,13.004344135938881,0.22438564816920908,1093,0.9954346097473962,1,0.3044519757610702
fov0,386,3340.3098591549297,2361.9225352112676,27.416902357582998,6.8406085504803835,0.9298049857432218,142,0.9683739392633518,1,0.8508446876774035
fov0,387,3372.4300699300697,10029.083916083917,75.96342898098652,12.96887498184282,0.500159502118204,572,0.9853186747993616,1,0.2097937050335939
fov0,389,3351.6458333333335,6603.898809523809,38.00651652903918,17.637908873950582,-1.4549784291396148,336,0.8857954315685316,1,0.9658912829577917
fov0,390,3360.3333333333335,9879.937984496124,27.001864722672313,6.77245823225056,-0.9303647275305045,129,0.9680351773353112,1,0.9134650244975364
fov0,391,3396.5144429160937,2718.0880330123796,58.553949503346765,24.832220245605452,-0.362725394693615,727,0.9056194420897897,1,0.5557285531488039
fov0,392,3386.22695035461,9990.900709219859,25.836833679898046,8.172841144534518,0.17691425427833432,141,0.9486508201315945,1,0.3855619755825678
fov0,393,3399.1093247588424,2477.186495176849,49.98600067110807,10.17638303413435,-0.21320352620544566,311,0.9790573453780195,1,0.4754149039013521
fov0,394,3420.6130988477867,6603.854457246816,98.41794767277649,52.01663458737158,-0.08099986821869225,1649,0.8489159102066117,0,
fov0,395,3396.346437346437,2755.3169533169535,30.50481526500498,25.700263274540767,0.9434943026719563,407,0.5386985776649182,1,
fov0,396,3394.455421686747,2654.7831325301204,29.760264735156433,18.606131419987975,1.0826572118346716,415,0.7804642052412145,1,
fov0,397,3395.2718446601943,8637.650485436894,19.342950820103393,8.069762163518543,-0.5704922533276716,103,0.9088174753498458,1,0.08165855238946142
fov0,398,3397.302197802198,2427.4505494505493,25.985761623821862,10.4843316246349,-0.7448197863977174,182,0.9149953108369915,1,0.6422392013098663
fov0,399,3405.1198547215495,2296.544794188862,78.7597756253122,18.75485951720555,-1.1103549575964755,826,0.9712339305656412,1,0.9272417299938868
fov0,400,3417.5584988962473,8847.995584988963,57.58193966761756,11.943217080924532,-0.5090572590018821,453,0.9782535627791986,1,0.18755496407904354
fov0,401,3423.3803680981596,10076.196319018405,27.44680690629771,7.748272867075387,1.107463505041765,163,0.959325753867693,1,0.35884105272223527
fov0,402,3462.4471931493817,2656.917221693625,87.63049702420963,31.209179877406534,-0.2663203698726621,1051,0.9344306313139566,1,0.6104056469658589
fov0,403,3435.316091954023,2399.8735632183907,29.19502362124103,8.36815838057464,1.1210282870459682,174,0.9580414729034129,1,0.8014518505538024
fov0,404,3434.392694063927,2619.0045662100456,31.58454579170238,9.193204312296965,1.4196269301199578,219,0.9567028128077787,1,0.6327399621475438
fov0,405,3441.255319148936,10290.712765957447,36.03880472695556,6.961215046292023,0.7690164877791549,188,0.9811674924651159,1,0.26525255752041105
fov0,406,3447.8618421052633,10391.447368421053,26.909715435018875,8.159051647928491,0.6591565359748509,152,0.9529266371137679,1,0.12561011198039776
fov0,407,3466.7872340425533,10168.31914893617,23.19308265231574,8.097584971851,-0.05547029026064554,141,0.9370713434392655,1,0.40625708113815967
fov0,408,3474.1277108433733,8084.913253012048,61.30659442020009,9.677305383632183,-1.0906779029778926,415,0.9874629468172298,1,0.17500989550011986
fov0,409,3476.875,2608.348214285714,35.27858892578262,9.846085420080675,0.9599690659504247,224,0.9602634326222625,1,0.4654482234710282
fov0,410,3478.9044585987263,10116.210191082802,26.198614485321393,8.167984425281352,0.8936789019038319,157,0.9501570703105898,1,0.3111605599308392
fov0,411,3484.9112903225805,10189.552419354839,27.56938446420394,14.494196969132128,1.4570708241852528,248,0.8506482569166326,1,
fov0,412,3497.710843373494,10342.490963855422,70.16478748713462,26.950148302598738,0.836592247833195,664,0.923292366876412,1,0.15737722759400458
fov0,413,3489.7984293193717,3133.410994764398,46.31506091822928,11.873771807640615,-1.4956862700105378,382,0.9665788371875399,1,1.0815077647881903
fov0,414,3536.329601119664,2483.702589223233,148.10555255694155,24.944764298143703,-0.7569477979511194,1429,0.9857143716069477,1,0.5209635270670481
fov0,415,3515.047904191617,8031.074850299401,61.1846089477318,9.12356430017575,-0.8455747514987961,334,0.9888198080403747,1,0.0981044584225314
fov0,416,3518.6604554865426,2373.449275362319,44.421368541060815,22.961735445282926,0.24632217310131216,483,0.8560413009383703,1,
fov0,417,3542.1937007874017,9194.470866141732,86.4941489837784,10.269760278775344,0.2735949020861493,635,0.9929261483612074,1,0.4505444425758907
fov0,418,3531.2542372881358,8081.470338983051,89.5401167243433,9.529290140955656,-0.9396003321576725,472,0.9943207527085479,1,0.11507755406454213
fov0,419,3523.294478527607,10057.533742331289,28.48548116589747,7.414536085192032,0.5004959929624948,163,0.9655300091736051,1,0.24136252347610537
fov0,420,3526.9282051282053,2983.517948717949,32.13401274237607,8.336183628357656,0.031649783471792675,195,0.965764784056914,1,0.529244389313802
fov0,421,3539.719342604298,2636.9544879898863,71.0666537179422,20.064866266705398,1.0009692000325354,791,0.9593147873987291,1,0.5832119299644547
fov0,422,3520.2727272727275,4395.212121212121,24.53823923174384,7.308854334129012,-1.0034132918901932,132,0.9546109071964249,1,0.755348478936998
fov0,424,3560.6133162612036,2775.0236875800256,124.34261317418228,26.90831389193037,-0.4336813575789162,1562,0.9763037681067561,1,0.3966636376866089
fov0,425,3534.07658643326,2554.7002188183806,37.16130705424955,22.04312553353813,1.4212069962947498,457,0.8050741989417847,1,
fov0,426,3536.7166666666667,10278.866666666667,42.7014493171128,13.105876696956408,1.4242481787237604,300,0.9517357106564657,1,0.6446887103747174
fov0,427,3555.7182890855456,10385.398230088496,75.39266576925783,14.683187782641982,0.7145592197531447,678,0.9808516856956138,1,0.5546572854494245
fov0,428,3561.427272727273,6168.379220779221,76.91266385275425,14.40163969603527,-0.7211432721472587,770,0.9823129272109312,1,0.7290663195890499
fov0,429,3543.611374407583,9573.14691943128,32.52763354116291,8.268407883997146,1.5110401274793277,211,0.9671526155830065,1,0.7768606072806907
fov0,430,3585.218816821098,2584.6999287241624,105.25908518538735,58.55557908883759,1.2470745378826895,1403,0.8309818520900675,1,
fov0,431,3616.443873807777,6129.423330887747,167.22615408207383,36.887880754978426,0.09412386238279206,1363,0.9753673500235193,1,0.4171464564536668
fov0,432,3559.397435897436,10448.160256410256,21.796795737391015,9.672189029305281,0.20547789917927717,156,0.8961537816383316,1,0.5006197095805968
fov0,433,3563.175182481752,7980.678832116789,25.830431277972497,6.992538294390066,-0.6504213380267791,137,0.9626611387675594,1,0.14053527031925206
fov0,435,3574.7049180327867,9461.04918032787,24.057865370975108,6.945952564846741,0.04400143092945149,122,0.957414009440288,1,0.4161821474066809
fov0,436,3570.9150943396226,2643.877358490566,14.3578387099468,9.642000161603146,0.7219924932850382,106,0.7409596469692833,1,
fov0,437,3639.4512414537603,2722.349406261245,169.32704741621367,94.06159960499936,1.1934249029125847,2779,0.8315148603573663,1,
fov0,438,3574.5724137931034,2828.3379310344826,17.494707310034332,10.599773221867457,-0.9324695317582566,145,0.7955525673497397,1,
fov0,439,3588.2996515679442,8020.04181184669,46.26211536216236,8.104508867773694,-0.6288017441269204,287,0.984535224591313,1,0.14945385826449073
fov0,440,3587.1152815013406,2989.361930294906,35.81143278975464,17.403415191814144,0.02586655564589137,373,0.8739734229368996,1,0.40099639644689966
fov0,441,3589.3940397350993,10447.700331125829,48.73756395519467,20.129060854579873,-1.34466647179526,604,0.9107268664079431,1,0.9086591687028351
fov0,442,3596.1277372262775,10110.671532846716,37.09497122524051,12.308291451600326,0.18427927117847465,274,0.9433480481423928,1,0.3413294078596203
fov0,443,3595.9473684210525,10294.192982456141,59.44287536509841,9.973378621115591,-0.9954343373474036,399,0.9858243111492571,1,1.1033563481280764
fov0,445,3585.5555555555557,2368.1296296296296,20.850302116524826,7.225366201017324,-1.4307992725697736,108,0.9380369231368476,1,0.742031174505884
fov0,446,3609.0530386740334,2935.949171270718,78.50653628523335,34.62105608472912,1.484986520282503,905,0.897509146020988,1,0.7515096934229223
fov0,447,3596.544736842105,7080.5684210526315,51.494167770476345,11.674153745836891,-1.3305066671556836,380,0.9739627096685463,1,0.9357108441247204
fov0,448,3601.7708333333335,10243.916666666666,44.083642220428594,14.755274878137422,1.2812621932412698,432,0.9423208709453228,1,0.6330648264026414
fov0,449,3603.7631578947367,2521.6447368421054,33.5726081405288,9.207068082697882,-0.9119344368761878,228,0.9616602970137229,1,0.5800344858017206
fov0,450,3601.785046728972,10366.908878504673,52.37581032355272,10.689130206334097,1.3531897617736182,428,0.9789531203300779,1,0.9302760981433533
fov0,451,3623.9194139194137,10490.516483516483,49.29276096256451,7.633913523576904,0.38031386964281955,273,0.987935036978162,1,0.4804133515378943
fov0,452,3632.337606837607,2473.1324786324785,29.223350717286984,10.690391564849627,-0.17595115369729125,234,0.9306868946494309,1,0.4007493822165545
fov0,453,3654.214196762142,10428.439601494396,80.18605697975529,14.454086836474518,0.5505033253307798,803,0.9836195730413491,1,0.5234489630509864
fov0,454,3652.635135135135,6159.993243243243,66.43243557236464,13.339193561942132,0.3488917321127125,444,0.9796336135745227,1,0.3991841614956546
fov0,455,3655.1868787276344,9685.888667992047,71.40255682069838,15.329492183018614,0.28381246416630385,503,0.9766820052094484,1,0.347871653845046
fov0,456,3644.4671814671815,2837.5521235521237,36.691602692496375,9.72108872284645,-0.4324037304682872,259,0.9642647833857393,1,0.5172568676316107
fov0,457,3697.8962711864406,6521.157966101695,199.60952398041564,68.6876552711055,0.5954604333368215,2950,0.9389293009255986,0,0.5668303193207129
fov0,458,3675.72,2551.211009174312,96.15162565671078,73.69395499670684,0.9784614762487517,2725,0.6423220759509999,0,
fov0,460,3669.2024096385544,9651.672289156626,80.60679975776864,14.56274776031334,0.7573710730406871,415,0.9835448719400277,1,0.28602644428089846
fov0,461,3682.901639344262,2869.314207650273,69.18479936880325,16.990262115442068,-0.4926853418969086,732,0.9693768431193212,1,0.312182176477235
fov0,462,3666.554307116105,6876.179775280899,43.20716663954445,8.030352963007145,0.8099684062318361,267,0.9825768100543235,1,0.8028502964173685
fov0,464,3721.408054342552,2479.2576419213974,122.17677649760041,56.94895786901137,0.16423817941060667,2061,0.8847218574872171,1,0.40471782210473894
fov0,466,3696.241847826087,2945.391304347826,36.97006943779658,14.537879951257139,0.5448459070139863,368,0.9194385235212483,1,0.5364753614527685
fov0,467,3722.9903722721438,2324.527599486521,93.47349049877079,56.85494652409511,-0.810410386239224,1558,0.7937480045938277,1,
fov0,468,3703.5581395348836,2664.3946648426813,117.79689283237975,25.882925215276142,1.3557846110035183,1462,0.9755618449979283,1,1.0031841022190262
fov0,469,3709.9441860465117,9956.883720930233,75.62059361747856,8.782335228770291,0.669013938047554,430,0.9932332249600857,1,0.14089895933612281
fov0,470,3699.543269230769,9985.923076923076,40.779782469628884,6.969721604522042,0.6721544792119836,208,0.9852864361805895,1,0.141489802990589
fov0,471,3783.4952658412235,2675.473173100267,293.5096930002962,56.34128202089009,-0.9896801740369052,4119,0.9814033092308843,1,0.8576258523028543
fov0,472,3714.9919354838707,8537.225806451614,42.318208310682145,7.566743932498193,-0.2802614702550292,248,0.9838843742426676,1,0.2099070204514893
fov0,474,3733.0672389127326,2984.802575107296,62.843165489342006,23.11538425588261,-0.3917046063644954,699,0.9298944213913312,1,0.6299004115700754
fov0,475,3711.437037037037,6219.825925925926,40.23528992383433,9.025634368085603,1.506304245857391,270,0.9745152302555512,1,0.7551910378637365
fov0,476,3731.2408963585435,2822.235294117647,37.53400096581472,13.541745058137181,-1.087980988780212,357,0.9326485966352649,1,0.24801933939295934
fov0,478,3733.8216560509554,2879.0700636942674,25.518205608092405,8.186012755925315,-0.846014520736942,157,0.9471499788885687,1,0.4876555446065465
fov0,479,3736.877192982456,10386.552631578947,27.821623024608844,15.006013389965078,-1.2275748116613985,228,0.8420720003699954,1,
fov0,480,3738.484076433121,10530.75796178344,30.567833445923753,6.811656594879906,1.191277843954152,157,0.9748556263348317,1,0.7276275513203745
fov0,481,3747.56,2686.86,33.57261225137962,17.844565184349975,-0.1981476960693847,300,0.84704480179878,1,
fov0,482,3749.923566878981,2602.6542311191993,93.11362640134274,21.720513208318454,1.2710443224040644,1099,0.9724122686800238,1,0.6296366333544712
fov0,483,3772.264623955432,2369.459610027855,74.92922939997305,44.65711520452588,0.8012903410599054,718,0.8029914218299797,1,
fov0,484,3797.7645811240723,2751.5604453870624,177.93083715065958,28.49052747542648,-0.7940240330522542,1886,0.9870973358037484,1,0.10889938203547744
fov0,485,3761.8763440860216,2853.0913978494623,31.45079542137204,7.94986418296134,-0.711801160858255,186,0.9675260087764633,1,0.4554887965502781
fov0,486,3783.5484162895928,2528.614479638009,68.505983490714,36.35288020438594,-0.890672363848421,1105,0.8475893981826184,1,
fov0,487,3769.8981481481483,2938.560185185185,33.14205663538803,11.269861343712238,1.3914877020338545,216,0.9404083938770195,1,0.7507519060398481
fov0,488,3780.2905405405404,2450.804054054054,27.513962413212706,7.45006180510746,0.45396598021772133,148,0.962642985103259,1,0.4507589869851944
fov0,489,3784.096153846154,2906.153846153846,32.745821126415144,6.756190494607706,1.0522806029783052,156,0.97848410397658,1,0.6589561266039907
fov0,490,3829.3642288196957,2307.107892831282,126.82144026948352,47.54969616961514,-0.004159285197119292,1381,0.9270514226484765,1,0.43871727588175524
fov0,491,3811.102810143934,2988.8382453735435,85.0844979931812,60.92944163529893,1.4042720163887896,1459,0.697992484043117,1,
fov0,492,3863.2295839753465,2369.402670775552,157.55111006976261,68.70259636072572,0.4474160624683608,1947,0.8999149513800379,1,0.7142831003842387
fov0,493,3835.136409227683,2394.4393179538615,77.82105542449008,28.95471018064977,-0.6271878163375567,997,0.9282055482588191,1,0.41999284655889996
fov0,494,3834.8333333333335,2893.534435261708,67.57539995171435,31.117833073326477,1.3943339999084898,726,0.8876646064765349,1,0.802399670212323
fov0,495,3847.9164733178654,10027.064965197216,82.95376948275293,21.905008572945093,0.901961163385965,862,0.964505475680738,1,0.17570193583074056
fov0,496,3828.909589041096,2475.567123287671,49.07218225340175,10.416673900483195,-0.9595615213816485,365,0.9772105165161483,1,0.4656801914663407
fov0,497,3974.293448275862,3096.7418390804596,460.5664310212868,131.21980800675018,0.005961007780407986,8700,0.9585543839535839,0,0.1715354562239673
fov0,499,3857.1454545454544,2957.449090909091,63.82551483662886,12.41831650284732,-1.0776964652442924,550,0.9808893002466887,1,0.8695974426889674
fov0,500,3857.585635359116,10119.723756906078,30.940286727851586,9.782785904233048,1.3189424185811331,181,0.948698291852946,1,0.2520661725986253
fov0,501,3882.96449704142,5879.887573964497,31.327585925539697,8.417660026492868,0.3398026252980844,169,0.9632244696352192,1,0.3989652941112069
fov0,502,3883.1139240506327,2993.2088607594937,30.917895537786475,16.23368540398538,-0.6240833604207074,316,0.8510665063520494,1,
fov0,503,3893.3737623762377,2638.0668316831684,46.13832990467466,14.864315557843529,0.06767123795115963,404,0.9466823497322004,1,0.5659170948901472
fov0,504,3886.6726943942135,2582.9367088607596,56.088844525180505,16.880263382163978,1.2718427602495583,553,0.9536380881401946,1,1.108652977921635
fov0,505,3885.696629213483,2741.9513108614233,30.12806508935281,12.223989799993094,-1.0354626142393895,267,0.9139910650621739,1,0.5820046928895913
fov0,507,3891.9375,2807.6176470588234,33.81147910658392,13.46345547102209,1.228107286305902,272,0.9173021581320888,1,0.8081669063162972
fov0,508,3904.788043478261,2456.404891304348,36.98461939584508,15.270475825107681,-1.2730429506606231,368,0.910782170863236,1,0.4699147165782277
fov0,509,3906.343373493976,2931.4518072289156,29.016634886422654,8.699282644878283,-0.6239772852264279,166,0.9540010411177807,1,0.5580874670912029
fov0,510,3911.380165289256,2963.413223140496,20.764302967194997,7.877003998659034,0.038366871303135694,121,0.9252519538302536,1,0.3322850726613969
fov0,511,3926.481092436975,2709.4873949579833,55.1197854846513,12.11649245280944,-0.6456631729524527,476,0.9755401987627489,1,0.5383796081650106
fov0,512,4005.245500113921,2467.8434723171567,233.72769951530609,174.34825611521495,-0.9767201362080139,8778,0.6660063651721428,1,
fov0,513,3919.2597402597403,2660.4285714285716,23.270108436348522,9.158953827402758,-1.3281852016156226,154,0.9192847662297755,1,0.7607596300381114
fov0,514,3926.4,2326.54,14.470015969668063,10.246611041585956,-0.859888610625887,100,0.7060849466664584,1,
fov0,516,3935.036231884058,2869.557971014493,25.424102584159403,7.458363768600923,-0.10895824181105404,138,0.9560026603219032,1,0.5204914201098468
fov0,517,3934.0,3148.271186440678,15.638349461396732,14.480254905630707,-0.13914379588322898,177,0.3776578514177104,1,
fov0,518,3930.5522388059703,6847.63184079602,32.41980414569624,8.2194828350399,1.5552644534716675,201,0.9673267975061239,1,0.9487789827719318
fov0,519,3941.9821073558646,2367.6679920477136,49.947864041307426,21.587464594829292,-1.5133318950957027,503,0.9017777990346147,1,0.877066525727778
fov0,520,3996.627032967033,2934.4945054945056,152.09221021779328,118.08933770357288,-0.19640763441870143,4550,0.6302004010166611,0,
fov0,521,3937.9827586206898,10587.405172413793,20.837668428649394,7.482497541838115,-1.5663508956109369,116,0.9333047982762099,1,1.2804465689137796
fov0,522,3962.315463917526,2576.3288659793816,61.25325819488974,36.854662539814505,0.8956086777729206,970,0.7987396725458227,1,
fov0,523,3945.9,10544.523076923077,21.839918655875326,7.88105138012868,0.9599058116582355,130,0.9326217990294285,1,0.6580466553059426
fov0,524,3966.794117647059,2784.331932773109,40.20891461986901,22.073112209506057,-1.3733611207789562,476,0.8358481898353614,1,
fov0,526,3994.3350785340313,8588.400523560209,58.4371700496512,9.432092829286193,-0.11566990936898154,382,0.9868881381863707,1,0.20582345646026373
fov0,527,3980.4248554913293,10617.095375722543,44.46095482498766,14.134951467733297,1.5636922687231378,346,0.9481181099046915,1,0.8574666549928924
fov0,528,3987.2083333333335,3026.0138888888887,21.681052057887552,8.737594743983246,-0.207828316279992,144,0.9151973223005169,1,0.13273141456302956
fov0,529,4080.395434462445,3025.04970544919,256.5096658396927,56.796119967279544,-0.15900061139875438,2716,0.9751787608536908,1,0.1242483006526491
fov0,530,4010.2966408268735,2736.657364341085,89.2952160934999,70.46025159949667,-1.285279141505198,1935,0.6143022072942695,0,
fov0,532,4008.2611940298507,4372.335820895522,46.49545779526856,8.360819466921729,-0.7951885285878093,268,0.9836995066005291,1,0.6763373307192846
fov0,533,4016.50652173913,2486.995652173913,53.574732274366596,12.473594389911991,-1.1255292342876018,460,0.9725183910481993,1,0.598873770120617
fov0,534,4016.6929824561403,2630.1929824561403,29.767233264836367,10.195496193131714,0.21563121929711296,228,0.9395151488658109,1,0.634892976773866
fov0,535,4022.613888888889,10532.113888888889,55.423979547009225,21.67001734347554,0.578736051997574,360,0.9203964928518583,1,0.5996294844528857
fov0,537,4025.0102040816328,2665.343537414966,36.35893026900104,13.013943531060146,-0.8375563887023187,294,0.933748510089128,1,0.32872982264649897
fov0,538,4041.134020618557,10584.958762886597,38.32758303827192,15.652190402092772,0.7686337893649162,291,0.9128123418352827,1,0.6203284211730411
fov0,539,4030.1,2302.65,20.875438082238162,8.852273806277527,1.2471768244354686,120,0.9056377853428395,1,0.9394029724023166
fov0,540,4044.8223684210525,2579.3026315789475,33.96791869488492,6.043679955517458,-0.5010516799459738,152,0.9840443809401225,1,0.3700910845605124
fov0,541,4048.5108695652175,8510.91304347826,38.390423826743515,9.790280205711351,0.41250836237731486,276,0.9669360922347509,1,0.36642843679500015
fov0,542,4040.8474576271187,10362.107344632768,26.829167549356637,10.341108785109178,0.7155588247176743,177,0.9227317418265574,1,0.5749105824367523
fov0,543,4043.1589958158997,10629.903765690377,27.064482748807006,19.72400658988694,-1.3985404941810042,239,0.6847497723585577,1,
fov0,544,4050.0,2846.53216374269,26.280480606483003,8.850177113707137,1.1218244065516034,171,0.9415910281852411,1,0.8788463847433589
fov0,545,4064.5128205128203,10720.538461538461,53.85986822335005,8.54616957614634,-0.2286616903862469,312,0.9873310030604376,1,0.5709566106924414
fov0,546,4051.19209039548,2613.6949152542375,22.625750733536698,10.872984212731248,-1.4028886088958235,177,0.8769629776735449,1,0.4854242269646956
fov0,547,4151.540405216581,2793.4103400093154,359.8881414515899,147.80550343754902,-1.3492765172169219,8588,0.9117712320446836,-3,0.77430472212875
fov0,548,4064.9848484848485,2781.7727272727275,21.803519254316807,9.630478997472524,-0.3696333079866058,132,0.8971658699466787,1,0.5131816588227447
fov0,549,4076.846153846154,7077.06334841629,38.07282064188716,7.927799252113836,-0.39240440909342844,221,0.9780804705021269,1,0.18362095406352577
fov0,550,4073.2972972972975,8542.8416988417,33.96431913941227,11.66620134625254,0.056963951968504394,259,0.9391585161538354,1,0.23069847681482086
fov0,551,4077.145,7238.55,36.455522975498894,7.142719690907104,-0.8619640394472715,200,0.9806179442269785,1,0.1733647834481759
fov0,552,4082.0463847203273,2661.5238744884036,91.35545209908237,14.257380146022035,-1.2699597477405025,733,0.9877468019528635,1,0.43321782086922134
fov0,555,4091.311111111111,10115.281481481481,25.713973183612183,6.844655288658948,1.363469381088177,135,0.9639221608454778,1,0.26370874890790996
fov0,556,4106.187830687831,7177.828042328042,60.728228747336495,8.378429174543069,-0.9315842678497523,378,0.9904369693539503,1,0.20308389211581257
fov0,557,4110.895561357703,10625.389033942558,37.348152022049334,30.466390092418226,-0.4861009931106171,383,0.5784184284651178,1,
fov0,559,4112.403125,2222.46875,50.990054281159956,14.410016764541288,-0.7160246979488596,320,0.9592365292709955,1,0.5965315086678145
fov0,561,4118.260606060606,8537.19696969697,58.423207401805236,8.598991087405464,-0.6899250656553153,330,0.9891090538216292,1,0.48669926326631374
fov0,562,4107.525139664805,2548.7430167597763,37.49564608118755,15.803391943057244,-1.3678266971438944,358,0.9068410810455884,1,0.7184333066527653
fov0,563,4130.212844036697,2922.0330275229358,70.12574304610047,12.07230798589103,-0.46320671945436726,545,0.9850703454327783,1,0.4263034018972735
fov0,564,4118.28125,10704.1953125,36.95416767387557,10.093984097896634,-0.818174196846479,256,0.961971813196173,1,0.5890715766245556
fov0,566,4125.56462585034,8470.482993197278,26.306020474518853,7.57390334999118,-0.31383398866027196,147,0.9576559053994281,1,0.3347811812646325
fov0,567,4126.728260869565,2487.7010869565215,27.12505284122099,9.285964969350715,1.169673612459158,184,0.9395764849638634,1,1.0235347402712445
fov0,568,4162.666348903718,10685.473784556722,107.31854356694897,35.7429122062704,0.5844848134826365,1049,0.9429076160551583,1,0.40884511467667795
fov0,570,4199.498966942148,7156.953512396694,167.26462961512843,9.210844890388632,-0.4716879347380657,968,0.9984826340554027,1,0.15306513409596081
fov0,571,4156.227272727273,7123.558441558442,55.19384058040904,7.263530068179766,-0.5406590291024521,308,0.9913028505647398,1,0.13294639337298683
fov0,573,4209.32325141777,2593.399338374291,125.59443342717917,65.06405273496608,0.26649739366657677,2116,0.8553510281330567,1,
fov0,574,4182.915812917595,2506.404899777283,111.748979317232,63.40035190721451,-0.6052999470064884,2245,0.8234794223445372,0,
fov0,575,4180.938547486034,2316.6703910614524,89.19336426429028,26.974369022759777,-0.16896625747784705,537,0.953172950164047,1,0.5973384993019468
fov0,576,4156.898550724638,8295.369565217392,24.758905303281484,7.37860306198828,-1.126776348860558,138,0.9545602047528949,1,0.7247501139915618
fov0,578,4165.898148148148,9506.722222222223,20.071247268630756,7.037205564882643,-0.8948204344576268,108,0.9365210808729038,1,0.7873375608111706
fov0,579,4189.069637883008,2899.74930362117,49.189643067446816,10.505762897814481,0.08494669012414827,359,0.9769262931762219,1,0.45242622055231374
fov0,581,4199.355752212389,2955.3681415929204,52.09405755312777,22.707486013174634,-0.5123621920730176,565,0.8999980218521891,1,0.485038920679778
fov0,582,4256.996414056897,2693.4996414056895,175.3735779724623,84.3354802524194,0.83665343519567,4183,0.8767806836912414,1,0.8544925743332268
fov0,583,4201.737556561086,2548.1493212669684,43.22527459255889,17.95971188933123,-0.33491500275822284,442,0.909597296567291,1,0.4682804207972955
fov0,584,4198.886255924171,8528.952606635072,29.71840601790376,9.87432590987452,0.6795170104243626,211,0.9431867881627484,1,0.4555891608568867
fov0,585,4217.611691022965,10778.507306889353,72.37564852060099,13.036455899907567,0.5250201207345366,479,0.9836442541088802,1,0.33836920931439535
fov0,586,4228.127631578947,3129.6605263157894,94.12717404823468,25.72919825974872,-0.9492949247793564,760,0.9619160446134485,1,0.916205894892433
fov0,587,4218.713114754099,3060.364168618267,55.30912371625451,21.17001045969674,1.3266710719386405,854,0.9238486354357719,1,0.7667007948348232
fov0,588,4217.428571428572,6931.934523809524,30.19851143810918,7.223945905856018,-0.8240483652542159,168,0.9709665500485375,1,0.15857724144625004
fov0,590,4230.46875,8159.197916666667,34.52591400444496,7.66934815004252,0.3262326809245398,192,0.975016352641707,1,0.6032981557484872
fov0,591,4337.812676942434,2817.7798049701164,251.69718232885046,129.0979627714123,-0.7483766563059536,6358,0.8584424796791134,1,
fov0,592,4343.872593629681,10958.715435771788,345.6738254452269,32.79292944203592,0.4876122564991358,2857,0.9954899860544338,1,0.590854126590756
fov0,593,4242.435700575816,2802.4875239923226,32.791036555602844,20.536653490471494,0.6041498477522178,521,0.7795912691758223,1,
fov0,594,4248.166666666667,2852.942528735632,43.0131946424645,11.714515100117792,-0.6639094315922518,348,0.9621990980358891,1,0.29444757732147525
fov0,595,4257.936329588015,10686.943820224718,53.395630893735934,9.252039170245094,0.37887922254574835,267,0.9848737739064252,1,0.30671615319138884
fov0,596,4246.434466019417,2522.1674757281553,37.71129129960928,18.836580143891265,-0.7559493027878162,412,0.8663170951347079,1,0.5083026818256184
fov0,598,4267.507082152974,3066.682719546742,56.16824800809789,8.612084595955725,1.5313133353253634,353,0.9881755735194887,1,0.7914129336462142
fov0,599,4315.962213225371,10892.25641025641,96.82263135859002,16.564955139579695,0.5151617146242483,741,0.9852561735453077,1,0.2926312004583345
fov0,601,4281.020547945205,2408.0890410958905,29.16017154785241,6.765350310594294,-1.4387385429079353,146,0.9727142275697207,1,0.4548121925156651
fov0,603,4294.4965034965035,2614.6153846153848,24.274892777145762,8.818226723257075,-0.3598446796841108,143,0.9316857336942619,1,0.47652260660851464
fov0,605,4300.639639639639,2940.2792792792793,14.064410190717236,10.241322176496858,-0.6151844154333271,111,0.6853934973626402,1,
fov0,608,4316.271356783919,3000.809045226131,34.730425905362196,8.059811900425553,0.43149582625563127,199,0.9726996237378392,1,0.3943972070019467
fov0,609,4341.4439528023595,10785.089970501474,64.55882986415692,19.506934248113243,0.47177199960521554,678,0.9532580179637993,1,0.3667184823686346
fov0,610,4320.095588235294,7976.036764705882,24.85061007076879,7.057532912151836,-0.7156565340925898,136,0.9588247609513953,1,0.5193691939269961
fov0,611,4329.647272727273,2215.869090909091,41.132261490234505,8.70085814546856,0.23500922990603348,275,0.9773707113013074,1,0.23947276825669483
fov0,612,4346.069943289225,2583.2696912413357,174.3251746607714,29.35619813007134,1.0698590006626052,1587,0.9857189009048166,1,0.8656755743440624
fov0,613,4326.821705426357,2957.782945736434,19.472270188789086,8.696567430055765,-0.08623312625153906,129,0.8947272771712207,1,0.43801026538450677
fov0,614,4353.673952641166,8631.830601092895,86.32311151811095,9.300688830100084,-0.5296806127840268,549,0.9941788075108856,1,0.34872023864823043
fov0,615,4499.108114410073,2966.418000932691,356.63170796182834,180.3257998795715,-0.5843480572409365,12866,0.8627469627462435,-2,
fov0,616,4365.458536585365,2119.9548780487803,79.32681706034855,25.794609232333286,0.013624850108470185,820,0.9456559756488159,1,0.3475566825690766
fov0,618,4391.181399934276,2424.0916858363457,160.3847078809533,73.43377682800491,-1.3259694145274268,3043,0.8890241973923777,-1,0.6542573132479812
fov0,620,4379.703271028037,10848.630841121496,48.617791416457585,12.909882309818913,-0.1298506757888542,428,0.9641003309170615,1,0.46827580380059675
fov0,621,4412.543385490754,2072.160028449502,106.3248511138701,52.592018926602364,0.9951961856232155,1406,0.8691006691071742,1,0.5804656467271558
fov0,622,4382.061452513966,8042.094972067039,32.13141018352566,8.019120240039395,0.9771728558428711,179,0.9683560848644578,1,0.756600031562058
fov0,623,4389.547619047619,2145.038095238095,32.633577526165816,8.755929829899786,0.5920300445883739,210,0.9633324987247125,1,0.203022339847269
fov0,624,4392.631147540984,2999.1311475409834,20.10532944586802,8.227050175267037,-0.026549988320622192,122,0.9124458455610093,1,0.17049393989303113
fov0,625,4388.2336448598135,2702.373831775701,20.443004953500942,6.801751702660984,-1.4910575910960087,107,0.9430264382892456,1,0.9357508823204809
fov0,626,4440.426651523755,2564.9551391254968,180.06146563748808,127.2526709655073,-1.1650560952001485,5283,0.7074953925949051,1,
fov0,627,4423.148611111111,10791.708333333334,77.56624248140461,15.256590445027317,-0.45345720314840426,720,0.9804655050917088,1,0.7208600227807616
fov0,628,4419.558490566038,8172.496855345912,83.49456577481716,27.86497223329688,-1.1580203794878912,795,0.9426673022192688,1,0.7043856972162608
fov0,630,4421.595354523228,3574.3117359413204,53.58214417001282,33.110420299300266,-1.3019259041359288,818,0.7862271630033735,1,
fov0,632,4475.726061915047,2036.273578113751,175.46991334804304,47.59576620918423,0.778925093314274,2778,0.9625096476992215,1,0.4871670354661942
fov0,634,4436.441666666667,3621.43125,39.13567706730492,19.87633545297472,-0.5576901687999137,480,0.8614262058213483,1,
fov0,635,4444.1234817813765,8459.234817813765,67.28029947657606,12.840042320557696,-0.5142972415551698,494,0.9816203761421541,1,0.34648573046701575
fov0,636,4461.428643981717,3704.213814118842,114.58475717359065,40.083165515382596,0.9405893575826431,1969,0.9368197828476889,1,0.53599580553569
fov0,637,4426.406091370558,10764.609137055837,24.818324350985698,11.272504361237983,1.4370893238184623,197,0.8908993070012432,1,0.6597426670769269
fov0,638,4448.792717086835,8596.546218487394,62.977378125914925,7.657728890008594,-0.2650769525840233,357,0.9925798088011567,1,0.3398430352687421
fov0,639,4443.348348348349,6290.519519519519,106.42309417841813,12.98452173077373,1.217894736995955,666,0.9925290558680896,1,0.7236157051633816
fov0,640,4440.428571428572,2877.081632653061,33.596195744742154,14.904864831148043,-1.5270201363623923,294,0.8962014204862587,1,0.801669757230959
fov0,641,4445.195121951219,2653.3821138211383,21.492972577781195,16.778357996697572,0.6089983486446747,246,0.6249760771123175,1,
fov0,642,4448.997991967872,2460.9899598393577,47.897941891813204,15.751660306306196,-1.0263159350817115,498,0.9443790982656345,1,0.8386456502653921
fov0,643,4447.126436781609,3501.2816091954023,29.751464999926835,7.553133674859862,-0.9825709515887496,174,0.9672372083430107,1,0.60745566635091
fov0,644,4459.484536082474,10868.824742268042,23.618972603654175,11.027584755907641,1.490582489422556,194,0.8843126593006533,1,1.1035286469581096
fov0,645,4462.395522388059,9303.14552238806,20.576033270721382,16.924589674847315,0.9508647579585426,268,0.5687087179926892,1,
fov0,646,4605.076298542503,3563.985816296586,467.5224602224682,305.86647588345716,1.5607917402639264,20446,0.7562970231920039,-1,
fov0,647,4466.32,10896.937777777777,20.167598542771543,19.74849814274854,-1.0584235165269373,225,0.2028051050610796,1,
fov0,648,4468.056053811659,2188.365470852018,27.14256065220846,21.192261863361736,0.8296010674210172,446,0.6248109529512457,1,
fov0,649,4479.887587822014,3651.847775175644,53.22548686982093,13.955152020505913,0.4463108958447032,427,0.965016467237575,1,0.576452117563144
fov0,650,4480.536231884058,3011.086956521739,39.85098412159571,6.966349433003242,0.09267397499784738,207,0.984602190512414,1,0.35536892221817523
fov0,653,4491.539184952978,2404.733542319749,61.34329918451781,29.731329188733575,-0.30094287786854834,638,0.8746964316086595,1,0.6423934504843084
fov0,654,4490.0093708166,9515.75234270415,128.8648409746302,14.027411347589682,1.1174299892454826,747,0.9940577838976616,1,1.0527736058039068
fov0,655,4484.067796610169,1922.2033898305085,26.46937792258047,9.311520184465223,0.2740741754918221,177,0.9360809674740304,1,0.40129324990913656
fov0,656,4505.233231707317,2876.9466463414633,72.37833343694602,16.531491732693357,-0.11136140810016931,656,0.9735664694591738,1,0.40578930069778857
fov0,658,4482.2677165354335,10963.948818897637,34.98151172703868,10.659496045925081,1.5705988345546156,254,0.9524426201802667,1,0.9706267029311733
fov0,659,4484.714285714285,10926.696864111498,33.24153125342359,11.989012083164754,-1.5200874742644597,287,0.9326959470384116,1,1.1609004661628408
fov0,660,4501.28178694158,5975.33676975945,41.175957850694026,9.495074617110475,-0.056552537195338634,291,0.9730492146928886,1,0.4908981973207008
fov0,661,4491.987577639751,9414.689440993789,29.87982492559522,7.302565416848425,-0.7546288450280902,161,0.9696750402112286,1,0.7474310661796764
fov0,662,4533.214697960754,2599.118122354752,109.85782147235804,91.15816152003603,1.2596895242199435,2599,0.5580860500769531,1,
fov0,663,4502.158163265306,10894.198979591836,27.893707131970697,9.355191681117466,-0.5132089156542062,196,0.9420803796614055,1,0.7654577647487439
fov0,664,4499.419354838709,2444.3870967741937,20.849375504094166,7.989633175540961,1.0605874413008507,124,0.9236623597738755,1,0.8689279138633039
fov0,665,4626.927371198444,11075.806554645189,343.49416439686223,114.5118167829637,0.44472896994189237,7201,0.9427948756206701,1,0.15481198388384465
fov0,666,4510.809090909091,2982.0545454545454,28.084748031730502,13.575305207076715,0.4607984886550508,220,0.8754165366146722,1,0.3230101672615608
fov0,667,4522.1629726206,1942.522816166884,52.39944213018105,20.693535463752458,0.4339461136343675,767,0.9187159412837269,1,0.4098313426136597
fov0,669,4505.316770186336,8492.732919254659,29.971405694761312,6.9879458433480215,-1.1725509266200589,161,0.9724398827431119,1,0.5645930399020763
fov0,671,4536.90868596882,3745.173719376392,75.91703338827506,32.051410222228434,-0.546893462758259,898,0.9065073785144704,1,0.6347893144029783
fov0,672,4539.471122112212,9480.512376237624,169.29971176397746,55.8879807331982,-1.5342593584939492,1212,0.9439415351496626,1,1.0146443463076797
fov0,673,4523.87,7025.31,31.355112699866297,8.476373492165335,-0.8421497314922705,200,0.9627664180478389,1,0.6544877683237281
fov0,674,4542.072759538598,2116.148181011535,77.34812342067718,31.966172977926803,-1.0586410676995432,1127,0.9106055207051331,1,0.9177830750195706
fov0,675,4546.448579823702,2494.248775710088,100.28715414913313,29.54709907688249,1.4800959315342614,1021,0.9556129609830947,1,0.7964035485462708
fov0,676,4544.095022624434,2296.3303167420813,31.697273033134163,10.729875285201244,0.3629298455751467,221,0.940962437840065,1,0.3776535565033098
fov0,677,4545.779220779221,2754.5,25.578305513386134,8.304841457525498,-0.6227832350267196,154,0.9458228888691,1,0.392367553041013
fov0,678,4539.861111111111,3805.6944444444443,19.040025894552812,7.290845374881945,1.2544412177092612,108,0.9237806658592657,1,0.713937248358577
fov0,680,4550.390134529148,9741.985426008969,155.88241651361778,23.16078334274073,1.4377145315423447,892,0.9889006090703562,1,1.1896702494429394
fov0,681,4578.337110481586,3543.028328611898,50.23168806219045,13.545440433360461,-0.9834734486904232,353,0.9629558022221185,1,0.38015285631805595
fov0,682,4580.609137055838,3772.6091370558374,29.74726451895601,8.887241660239878,-0.4881320036972133,197,0.9543288157483674,1,0.5727923698981197
fov0,683,4624.172731932343,2470.2152742183494,105.77494110850233,53.9082417241642,0.4646791709371078,1951,0.8603815800236433,0,
fov0,685,4598.788095238096,2326.2714285714287,60.17408655011604,11.22587054696192,0.5781483924698498,420,0.982444222424359,1,0.2554265769027409
fov0,686,4581.876623376624,2675.7922077922076,25.616175062221892,8.63813895679048,-1.5133334025817122,154,0.9414279354357207,1,0.6422762001694365
fov0,687,4672.507033910854,2573.478602102769,205.18797626924052,161.08548658748566,-0.8093962313950278,6753,0.6194159333406154,1,
fov0,688,4652.256584536958,2791.960917587086,124.17537478694929,22.017835125365377,-0.27837928668640366,1177,0.9841546163104827,1,0.4333635616971961
fov0,690,4613.180579216354,2985.594548551959,68.30524593102561,16.000782114522547,1.4451652635152443,587,0.9721754105891965,1,0.816724210483195
fov0,691,4639.242246437552,2737.0611902766136,85.24191609771917,39.44028516519645,0.5933854837976741,1193,0.8865219613938513,1,0.7216289128444437
fov0,692,4608.298245614035,2204.0526315789475,18.744467585058974,7.8774741805245565,1.311294000585429,114,0.9074056038171614,1,0.921731220031424
fov0,693,4618.324561403509,3036.622807017544,21.726488340313754,7.986697920406977,-0.735084627847157,114,0.9299832574568301,1,0.6965326595359528
fov0,694,4613.657276995305,2265.3990610328638,33.29923836068172,8.229744194594586,1.5093034266651262,213,0.9689784779030742,1,0.49211232185384585
fov0,695,4665.252165543792,2140.6487006737248,148.09023688739745,16.488543005636675,-0.5431575300848771,1039,0.9937822395803282,1,0.7065919864741816
fov0,696,4623.615114235501,3544.156414762742,77.89035371448061,9.888519897001528,-1.3872788241476937,569,0.9919085597131883,1,0.4702008601423451
fov0,697,4628.802816901409,6094.591549295775,24.683425514089475,7.636120342986939,0.5269833741856693,142,0.9509442628512879,1,0.34842861000614894
fov0,698,4631.4093959731545,2673.06711409396,25.18470906752897,8.954592846361614,-0.3535682397930155,149,0.934654701213546,1,0.48784943117328383
fov0,699,4639.3667953667955,2357.1119691119693,38.57748584168094,8.785059312127581,0.5114874403883327,259,0.9737254789983446,1,0.26753725666101974
fov0,700,4640.324324324324,2397.2094594594596,26.474136125074995,7.496307315630218,0.7604079886706759,148,0.9590739009784967,1,0.15769740101662214
fov0,701,4637.37106918239,9760.044025157233,76.31070019726363,9.607090924823162,-1.5461528191738345,477,0.9920436464120275,1,1.0193376955170248
fov0,702,4644.983516483517,2992.879120879121,19.52400455155463,13.247572898575362,0.1539965358912115,182,0.7345750527931982,1,
fov0,703,4658.526315789473,3042.9100169779285,47.90515039934592,17.629994746459218,0.2102796464402366,589,0.9298183594391765,1,0.4228387126380679
fov0,706,4653.301282051282,3354.769230769231,32.360057621531055,7.874607623345846,-0.16498688690976504,156,0.9699401898914939,1,0.4404576137480186
fov0,707,4678.431853785901,2205.5420365535247,156.7385148479628,47.59015227826029,-0.8097021407078855,1915,0.9527907584700784,1,0.8296875464312993
fov0,708,4666.201335877862,2875.317748091603,103.85423195221246,29.308639304993555,-1.4402372173679856,1048,0.9593528344534435,1,0.4260429804002097
fov0,710,4668.419354838709,2298.993548387097,49.991839187591005,9.514081248831426,0.22308308038636745,310,0.9817235258100963,1,0.4279498030439171
fov0,711,4656.253846153846,3862.9076923076923,24.877418059036973,7.417793237528097,-0.07801188104437286,130,0.9545116080528533,1,0.36849447691428866
fov0,713,4659.259259259259,10913.560846560846,20.59252067547439,15.190454815014974,1.276151068991388,189,0.6751630277960596,1,
fov0,714,4672.184300341297,2716.419795221843,25.7260308884263,16.199566903552057,-0.38383594386643244,293,0.7768420221219514,1,
fov0,715,4679.132653061224,3370.697278911565,38.0865570698157,12.187580916425542,0.25451884124859636,294,0.9474185832308911,1,0.465110995286867
fov0,716,4676.524324324324,8180.281081081081,30.489015071801347,8.11407911552713,-0.16766473840405707,185,0.9639368069759223,1,0.5639511617838664
fov0,717,4678.610278372591,10751.631691648823,25.643182452351418,23.22578154278831,1.4709582100850125,467,0.4238566334104258,1,
fov0,718,4710.638924455826,11002.030729833547,80.91609987984978,26.402860887829757,0.34784606149354125,781,0.9452665307175645,1,0.1882289264739052
fov0,719,4689.363636363636,10853.809917355371,17.909684656235978,10.10951447935109,0.7801428313793978,121,0.8254522558221808,1,
fov0,720,4733.022054190296,2413.511657214871,115.38569761171685,33.47669512189496,0.6420970941125406,1587,0.9569876562796178,1,0.2448454851671343
fov0,721,4691.789473684211,2896.6315789473683,23.251205557951163,6.484166355394562,-0.4055656602922189,114,0.9603275797775821,1,0.5011623218063969
fov0,722,4696.277108433735,2678.2951807228915,32.90530854590042,13.073144007245453,-1.3587365821508746,332,0.9176905643289509,1,0.552782313690855
fov0,723,4736.155536028119,2809.967486818981,119.16459275805491,27.730064704001645,-0.7489092374381398,1138,0.9725476327371708,1,0.4612156297634731
fov0,724,4751.993103448276,3926.976724137931,114.42138765994088,29.708910706105193,0.017545218157649388,1160,0.9657042054188844,1,0.41706747442951136
fov0,725,4743.3629726206,3637.6185136897,257.10294601346567,68.01538334906814,-1.3073812118599366,3835,0.9643732519576708,1,0.8966698239468105
fov0,726,4707.451612903225,11178.540322580646,19.67147642121629,9.996863598084625,0.9578448776514085,124,0.8612445050298527,1,
fov0,727,4744.89439184268,2976.210730759893,113.39026273559563,103.2945553978167,1.1950689842881455,4119,0.41248376192979164,-1,
fov0,728,4714.205882352941,2718.3088235294117,45.20941784072298,8.204642037265636,-1.0990969756701348,272,0.9833944851639648,1,0.4409130175780368
fov0,729,4730.832962138084,3351.8418708240533,63.9973069622894,10.577815465376188,0.35112582771604084,449,0.9862457921077568,1,0.19462543471335048
fov0,730,4714.256944444444,2459.5138888888887,20.545379269850617,18.01990194109375,-1.5639353406402023,288,0.4803478216690788,1,
fov0,731,4713.233333333334,6596.616666666667,22.10354881727782,7.038766993822671,-0.8574583901499881,120,0.9479413025548596,1,0.7876499225224695
fov0,733,4715.90494296578,8068.866920152092,32.17033757805295,12.424172967325992,-1.504601887915211,263,0.9224152176965017,1,0.7369345431329265
fov0,734,4783.922920892495,3768.9425643215545,252.3512512009832,137.80508737845528,-1.4572451300459748,9367,0.8377301493162619,-1,
fov0,735,4739.722419928826,2128.1672597864767,26.9300839666027,15.220600037248103,0.8773293134721988,281,0.8249611242806884,1,
fov0,737,4737.585616438356,2649.417808219178,50.465181853034466,11.424513205442588,-1.3355870859255243,292,0.9740381169904522,1,0.06171139926271103
fov0,739,4760.232142857143,2508.698214285714,91.7782370860914,26.906850721266892,1.2932640621587703,1120,0.956059576561284,1,0.9392874402163881
fov0,741,4748.91914893617,11048.570212765957,27.913558144335333,12.456683066794614,0.9312742970670804,235,0.8949037358032733,1,0.2137634168578006
fov0,742,4766.832809224318,3444.6315513626832,111.11082690396917,30.646555616181274,-1.4642717530330847,1908,0.9612093891300328,1,0.8469655363456181
fov0,744,4788.01359223301,10854.238834951457,105.73394046321495,31.968442420488174,-0.6158401021260956,1030,0.9531976207031798,1,0.5740076349447373
fov0,747,4765.01246105919,2612.9501557632398,31.615978648789607,19.089919896162485,-0.7666084169745288,321,0.7971312481720892,1,
fov0,748,4761.3511450381675,2579.56106870229,33.6065401332993,10.641414398775419,-1.3679394138889116,262,0.9485434078835568,1,0.9516419486979765
fov0,749,4776.375979112271,2837.9007832898174,35.20687991989996,15.610097286252088,0.857812098641493,383,0.8963327454973923,1,0.9713338399310618
fov0,750,4778.152631578947,11203.347368421053,24.32395503843842,10.159762750923983,-0.25368176486153254,190,0.9085916809599679,1,0.48137734807422333
fov0,751,4781.8,11077.103448275862,30.351028255553942,14.63264172751083,0.81164752314533,290,0.8761087448930438,1,0.1897018716919386
fov0,752,4790.010452961673,11034.613240418119,45.63314942370656,8.67619426852755,0.3925166372688856,287,0.9817590777178523,1,0.2693305506065681
fov0,753,4792.753026634383,2483.277239709443,95.53941762170034,20.75825133462589,1.3521071053208664,826,0.9761106076489112,1,0.9623823292217806
fov0,754,4780.12412177986,2898.5714285714284,73.00542137663797,10.950484208104568,-1.5164506048372148,427,0.9886866803631327,1,0.6831049048391624
fov0,755,4786.555555555556,6371.684210526316,25.348509679842902,10.54291874518586,-0.18540496436407108,171,0.9094018087100214,1,0.5437055941897789
fov0,757,4787.6330749354,2561.2196382428942,24.590866024765724,21.19898347824541,-1.073125929238452,387,0.5067936760380541,1,
fov0,758,4819.116727941177,2585.0620404411766,180.1375161753387,34.84035142025402,-1.2770840583573437,2176,0.9811180712755683,1,0.6472190196176311
fov0,759,4797.598360655737,3390.7663934426228,52.230350096587486,6.766258304491788,0.8216984725865598,244,0.9915733497981332,1,0.8332631784360923
fov0,760,4785.068027210885,6864.680272108843,29.587640132630895,6.827663978981456,1.540415689051315,147,0.9730105385949529,1,0.7457684340631697
fov0,762,4796.6781609195405,11109.66091954023,31.082140415103503,7.319567321798952,1.2248009348581725,174,0.9718765063329673,1,0.38574392139035896
fov0,764,4800.346534653465,2252.4950495049507,17.365521756499852,7.598987072074156,1.1383213655748396,101,0.899174381432886,1,0.5541425417870826
fov0,765,4819.232843137255,3341.5392156862745,50.150380941090255,10.965551018942765,0.0210938606816409,408,0.9758025892334353,1,0.5607113713546859
fov0,766,4804.651376146789,2271.651376146789,17.82880773761424,8.073423038514356,1.3240310276791816,109,0.891596762191682,1,0.6257208635282168
fov0,767,4815.081395348837,10891.261627906977,29.13592669623345,7.932202817207997,-0.08211047938035942,172,0.962227068937183,1,0.3673954759544207
fov0,768,4852.568467801629,3610.174685418209,87.52159926956924,67.24247179624744,-0.4523209782860565,1351,0.6400950377186506,1,
fov0,769,4846.0306859205775,6436.635379061372,71.40715559556487,29.232580435417685,-0.2504865361326874,554,0.9123644795036906,1,0.5610013492931146
fov0,770,4825.496,6990.824,24.965723181669585,6.862710398686949,0.17739930444563584,125,0.9614770251098486,1,0.5174601460755913
fov0,771,4877.115789473684,2325.585964912281,131.09225341199607,86.7254829522606,-0.02192167202139921,2565,0.7498916188418008,1,
fov0,772,4844.842809364549,3698.0852842809363,84.12870463612153,11.609152264490547,0.908757514423965,598,0.9904332374296173,1,0.8071840631951059
fov0,773,4836.452380952381,3917.957142857143,44.22985809102841,14.716258696677444,-0.6265353718558628,420,0.9430248630801218,1,0.4019950902743553
fov0,774,4845.259259259259,4116.724537037037,53.359003729910455,16.26770754417774,-0.003759579125893042,432,0.9523930863868495,1,0.4165924509183899
fov0,775,4828.433673469388,3461.2602040816328,24.14843242810563,11.23521862475015,-1.4190991892908602,196,0.8851758330363154,1,0.6501290329122779
fov0,777,4845.0,3561.712195121951,26.32274848771473,10.220605482013308,-0.574105433251791,205,0.9215413094162015,1,0.44680883961254825
fov0,778,4844.151724137931,10959.413793103447,27.22623780973151,7.109725277048626,1.1281250906361036,145,0.9653022738009026,1,0.5638015364521695
fov0,780,4888.333766233766,3671.8883116883117,53.20729447501263,47.38282070471148,0.9314450422311205,770,0.45491978317306436,1,
fov0,781,4867.886198547216,3827.5544794188863,59.03348282445715,10.980677916010867,-1.3820478018397053,413,0.9825483008817713,1,0.6595735984873777
fov0,782,4882.0210084033615,11142.088235294117,37.66003005444498,9.55183573977238,0.028463530311618513,238,0.9673004577407831,1,0.3853112741848925
fov0,783,4895.230283911672,5227.511041009464,52.84637520597341,8.291995501820677,-0.4499600987650155,317,0.9876132944208014,1,0.5563077518919851
fov0,784,4901.754385964912,3525.814536340852,61.97143371295471,13.32345889759214,-0.4064516784402743,399,0.9766154672774121,1,0.3984762678809672
fov0,785,4890.520737327189,11178.857142857143,27.46817256202159,11.306586397443056,0.300522950906504,217,0.9113533142382874,1,0.3609051197737494
fov0,786,4887.504132231405,2766.6404958677685,33.03458736984176,10.20953717956646,-1.4620210154195248,242,0.9510438442195882,1,0.8812759492635419
fov0,789,4891.757907542579,2640.5389294403894,62.05769474533945,17.6639969369145,-1.566760756026987,822,0.9586349859638114,1,0.7113964608286744
fov0,790,4892.234042553191,4076.9939209726444,41.19214247239892,11.695568376304465,1.4982969318152155,329,0.9588458494420019,1,0.7934490175610273
fov0,791,4895.372641509434,2683.0943396226417,22.0234169979058,13.864615346360457,-1.0045521318529675,212,0.7769683167151902,1,
fov0,792,4900.802816901409,6091.81161971831,51.8537052714265,18.009480417675945,1.3125214854824945,568,0.9377491594640055,1,0.7274817377723298
fov0,793,4896.876712328767,3727.37899543379,34.29590357187679,8.512591370510432,1.4145520203761088,219,0.968706210070435,1,0.8039661201023783
fov0,794,4899.596244131455,2982.1784037558687,20.59247224161953,17.13647661668133,-0.6915040107987209,213,0.554517754185459,1,
fov0,795,4920.093641618497,3617.816184971098,63.58644635957256,29.363571786571438,0.8095110706082177,865,0.8869893960795051,1,0.5007823762646019
fov0,796,4910.17868338558,2855.8996865203762,28.378398416953257,16.66828260921477,1.0998041300311838,319,0.8093271553577613,1,
fov0,797,4937.254901960784,2553.5985552115585,128.18299335980404,22.443404840649745,-0.9320750107019722,969,0.9845526479646852,1,0.619232200681095
fov0,798,4918.188640973631,6590.84584178499,63.85652743990659,12.737272625993404,1.246510852548438,493,0.9799045357831851,1,0.7225702129746592
fov0,799,5005.564687975647,2622.523592085236,215.58159016004814,154.24833046097072,-1.1893878400840294,5913,0.6986141448780139,1,
fov0,800,4914.068783068783,2899.6031746031745,30.0712771620188,8.530139353339345,-1.4370760113791312,189,0.9589237321091764,1,1.2075912646048323
fov0,801,4920.270676691729,11231.533834586466,23.49884682364668,7.979113931179826,-0.3710378955802096,133,0.9405867696924577,1,0.25073210695679793
fov0,802,4995.0447106955,3764.1107539450613,166.22085047614507,71.43015724369229,0.19519977047890139,3422,0.902957229948473,0,0.37938880634706923
fov0,803,4925.37962962963,3967.203703703704,19.134369481651223,7.3395535170125905,-0.6151418011234502,108,0.9235078242711008,1,0.5554284618755699
fov0,804,4928.964285714285,5248.39010989011,47.856944197789836,9.951770297027544,-1.2205469749204394,364,0.978139818016522,1,0.8283494666926403
fov0,807,4952.92841163311,4055.008948545861,65.17219396508914,12.336113917836492,-0.3308100632868804,447,0.981922205042192,1,0.6780682777573633
fov0,808,4935.4125,2968.179166666667,39.02373651968982,9.67015392487193,0.9060888917203207,240,0.9688107376598687,1,0.6155209253393508
fov0,809,4933.303278688524,3829.1803278688526,19.899065816291518,8.118133680024359,0.6383093577171841,122,0.9129973141638429,1,0.664607634621556
fov0,810,4952.132805628848,2084.1363236587513,107.11055132308259,51.62399607839931,1.5363872030023844,1137,0.8761881111641491,1,1.0015504180636636
fov0,811,4951.529485570891,2923.7164366373904,84.20552748495851,35.34846381650991,1.3211549960173958,797,0.9076222212067201,1,0.709673149622648
fov0,812,4943.103448275862,3595.3172413793104,18.93957380061109,11.828983013693321,1.3853901245644527,145,0.7809733320852141,1,
fov0,813,4965.608761329305,3798.9003021148037,62.24382093989591,14.119221415682425,-0.09018074729254609,662,0.9739326624967394,1,0.23964065334422782
fov0,814,4949.468152866242,3679.2261146496817,25.397512879845987,18.087320824341145,-0.35521662985606967,314,0.7020080803851291,1,
fov0,815,4969.430735930736,3481.0411255411254,67.05153147127437,13.43016226986373,-0.4981315956613081,462,0.9797354031949651,1,0.7273946246982804
fov0,816,4953.991304347826,11152.278260869565,21.167169028397847,7.768247055646722,-0.03473730127019022,115,0.9302228794997486,1,0.24774568251294377
fov0,817,4951.628787878788,11182.89393939394,20.814904887456088,8.977605588969533,-0.9022365230135785,132,0.9022054244330958,1,0.45740844868649105
fov0,819,4978.387896825397,3673.3928571428573,140.48144744713895,45.22122431027492,1.386893271400735,2016,0.9467730778266645,1,0.3317509863224959
fov0,820,4958.532710280374,2713.4548286604363,35.38173668929948,17.61041044264676,1.1899854771107212,321,0.8673343209046259,1,1.158646825038674
fov0,821,4989.251877133106,3011.6047781569964,98.94597851322504,44.11233193864922,0.8388348222357006,1465,0.8951214457991404,1,0.35162638158016246
fov0,822,4956.557692307692,6589.551282051282,30.298265518419402,7.166287183252308,1.305761708289757,156,0.9716254842146277,1,0.7464027795599989
fov0,823,4965.065217391304,2769.586956521739,25.04045760544744,16.100348741616155,-0.3586592044683698,230,0.7658884887735254,1,
fov0,824,4975.427797833935,11210.467509025271,61.273447197703504,43.51030542204892,1.433489923666797,1108,0.7041003348364097,1,
fov0,825,4965.226415094339,3836.194968553459,22.39914381787816,10.175546944359187,-0.5826513179293796,159,0.8908575026553905,1,0.38693617457173035
fov0,827,4985.223188405797,4190.747826086957,49.40723249537975,12.440613819725833,0.19590093266818875,345,0.967779963510466,1,0.4466455710300035
fov0,829,4977.034722222223,3881.4166666666665,28.872206824096185,6.955313291517286,-0.3435088898271217,144,0.9705499534976647,1,0.2576202967834987
fov0,830,4970.0353356890455,3981.65371024735,45.51329947101828,8.771150635980678,1.5657658581410656,283,0.9812545347246677,1,1.0233331471114553
fov0,831,4992.277960526316,2486.6315789473683,66.6579856443339,14.27049813718992,-0.3029239029987275,608,0.9768149585438813,1,0.42462961466631377
fov0,832,5008.082474226804,2834.380154639175,64.7396271429375,20.584970437871085,-0.2516751173787553,776,0.9481022708659289,1,0.7349168725506161
fov0,834,4995.480701754386,6723.0982456140355,54.292538774469186,7.570384181028613,0.44281143496348474,285,0.9902309560865944,1,0.48413223152043267
fov0,835,4989.508021390375,3939.951871657754,25.99507028070187,9.385621341972337,-0.4569481656501179,187,0.9325449511099945,1,0.508190869850095
fov0,836,4992.233201581028,2799.6719367588935,27.475045362324003,14.711994777580337,-1.0086536598943916,253,0.8445558124762972,1,
fov0,837,4997.042990654206,2676.181308411215,41.322189616408444,24.25540864718881,-0.95828154181993,535,0.8095995062853542,1,
fov0,838,4993.722772277228,11158.267326732674,19.06840883060704,14.74680401127236,-0.38640354258735804,202,0.6339633235502662,1,
fov0,839,4997.752293577982,3412.020642201835,37.63260783571582,16.401222795679406,1.3763637845734078,436,0.9000315364388419,1,0.5842970212621026
fov0,840,5000.262711864407,5158.576271186441,22.158262404985532,6.914770430788456,0.24362640220493811,118,0.9500614612130801,1,0.5364579585346917
fov0,841,5013.380319148936,3287.0771276595747,51.45377638239843,10.999684164407244,-0.004901813400756572,376,0.9768822738924597,1,0.5017587656627323
fov0,842,5003.1506849315065,3597.5205479452056,17.286084454949467,12.616552537589248,0.8379829475941504,146,0.6835885629295645,1,
fov0,843,5006.307909604519,9536.909604519775,58.97610043257304,13.38487780803779,1.0090838618639555,354,0.9739054160592105,1,0.9080643000005925
fov0,844,5015.367283950617,3650.2901234567903,35.64212599808768,13.328162710853075,1.3444854358035705,324,0.9274512442410396,1,0.15620567328440457
fov0,845,5023.827450980392,2298.733333333333,32.63736447067112,11.710731539087769,-0.40926541799562266,255,0.9334092199544416,1,0.13919809279957746
fov0,846,5022.512237762237,2942.8304195804194,58.81145867688343,15.637328274644094,1.5342858421857886,572,0.9640036121724479,1,0.29031718982876514
fov0,847,5034.175,2105.7522727272726,33.574344497569875,23.767446028802787,0.9917450363916953,440,0.7063076696195897,1,
fov0,848,5030.326203208556,2409.2620320855617,32.59766206341845,8.61803126183819,-0.4735185669251202,187,0.9644197552640422,1,0.44785530386394107
fov0,849,5033.840909090909,3932.369318181818,44.506208445113835,16.06439111532687,-0.5104425161827054,352,0.9325862545342667,1,0.521186483325373
fov0,850,5031.4322344322345,2775.2087912087914,26.03184441140325,16.260830001149852,1.4105921416203528,273,0.7809036657204508,1,
fov0,851,5051.7054735013035,3559.850564726325,76.80105965738571,49.879103714569794,1.3208896205600682,1151,0.7603970087566387,1,
fov0,852,5047.76688867745,3351.2121788772597,105.1750371526074,46.4773304356118,1.2401248128282814,1051,0.8970620623566122,1,0.6872752473362946
fov0,856,5039.864048338369,3458.0694864048337,47.354227561877885,9.896530336568361,1.5255599802416213,331,0.9779179116311891,1,0.6711818550024803
fov0,857,5060.436717663421,3696.689847009736,111.90919827483876,25.990410639767184,1.311810381447038,1438,0.9726571932396766,1,0.2888693765450139
fov0,858,5044.613259668508,4101.453038674033,30.63181462200808,8.73511487010097,-0.9078267583664464,181,0.9584785050615368,1,0.42031597921487673
fov0,859,5048.669456066946,2927.0962343096235,25.89572331696008,14.351844466584463,0.8664350542374719,239,0.8323723671501786,1,
fov0,860,5055.977591036414,3036.9131652661063,39.57760077333178,15.490675536606169,-0.2825258755426121,357,0.9202206195772417,1,0.6096801245547169
fov0,861,5103.185779816514,2889.428134556575,157.82832333014093,34.54936886220909,0.07126042701837854,1308,0.9757462337332637,1,0.48988257736531315
fov0,862,5134.541877256318,3921.6783393501805,245.02611475595015,103.34887680703092,-0.4411899952334751,5540,0.9066948577210623,-1,0.0666220160872427
fov0,863,5066.703448275862,4234.486206896552,45.827054477367405,8.191790395899435,0.1971776944615916,290,0.983893715234887,1,0.3757987913615291
fov0,864,5054.317073170731,2076.10243902439,28.242457847022266,11.08203494914264,-1.306307062721654,205,0.9197992875515401,1,0.8189927891704293
fov0,865,5058.639344262295,3617.0218579234975,22.80000628746903,11.814360106808097,-1.0609951015579973,183,0.8552754972670639,1,
fov0,866,5066.622950819672,6691.979508196721,32.45671717896506,12.337526503314276,-1.0908549304220685,244,0.9249361768237845,1,1.005686911703904
fov0,867,5071.6,6415.36,32.55009059332355,9.208703740953522,-0.4661935033768384,225,0.959146844203321,1,0.5437889908785734
fov0,868,5068.521126760564,2833.8286384976527,56.878013082554965,13.673647674232958,1.4435848840439551,426,0.970673155499909,1,0.6947006461695816
fov0,869,5112.584370224842,3512.5112420868804,201.8068638049382,102.73839751704061,1.393337827193684,4581,0.8607117062363155,1,
fov0,870,5099.12123039807,3001.306996381182,109.60117478242836,48.6619620871512,0.882490748579712,1658,0.89603112335608,1,0.7454066193080878
fov0,871,5091.805194805195,2428.096103896104,56.79268790610049,10.941013202902525,0.11233154092773273,385,0.9812678753479457,1,0.42005958465323856
fov0,872,5093.9692701664535,3305.5121638924456,66.7556603857721,42.802315469770505,-0.8706675112951596,781,0.7673915053025172,1,
fov0,873,5097.701517706577,2705.0050590219225,63.73645704589226,20.077977538665536,-0.9936413093868994,593,0.9490864970428449,1,0.8271227364004369
fov0,874,5095.437007874016,3630.6929133858266,48.853812138899556,8.254826780215344,1.0261463983822434,254,0.985621201042687,1,0.8303283395683414
fov0,875,5099.361486486487,3405.195945945946,29.102816621325292,16.726638857422962,0.7075237351881338,296,0.8183339992621661,1,
fov0,876,5099.1278538812785,6452.296803652968,40.63826070402484,7.02588255543479,-1.0414997566428392,219,0.9849414258456172,1,0.785575719548529
fov0,877,5108.869888475836,2226.6617100371745,48.34330444369374,10.995333518544358,-0.46978343228075536,269,0.9737914566308595,1,0.22977583664043366
fov0,878,5107.115677321157,3754.391171993912,42.9994656446513,35.03457802916455,0.22238141695736252,657,0.579787467696978,1,
fov0,879,5106.672727272728,3066.4727272727273,33.760021873047236,7.127550067402391,-0.10409016792101937,165,0.9774592914855,1,0.532974944650105
fov0,880,5103.0970149253735,11199.044776119403,25.92280745938187,7.04389306095088,-0.3802956675177787,134,0.9623747413257483,1,0.23122399024725288
fov0,881,5144.370297029703,5207.935643564357,127.56340111906597,16.88527666595866,-0.3554901601723376,1010,0.9912006792195888,1,0.5489967676304007
fov0,882,5109.108991825613,2557.8474114441415,29.140647764291703,20.70063233094103,-1.0462022688145158,367,0.7038287662394616,1,
fov0,883,5127.320662768031,2317.48440545809,49.42771726344963,30.30347198357528,-0.28754759530307383,1026,0.7900156957599521,1,
fov0,884,5107.526315789473,2487.6374269005846,28.701480278253058,7.894373172185179,1.2095555894346919,171,0.9614296141319063,1,0.9128467610208816
fov0,885,5116.7468354430375,2929.2616033755276,30.441997425890932,15.670923295324014,-0.2505375749319787,237,0.8573224754335483,1,
fov0,887,5211.13481775202,2692.424584413604,337.8164770910956,53.08033393105365,-0.9172593298679464,6557,0.9875782898472063,0,0.7462175448297335
fov0,888,5122.582236842105,2608.1315789473683,31.276544014973055,20.678566345706916,-1.256559726750654,304,0.750251508583888,1,
fov0,889,5142.078864353312,3344.7087276551,90.03114510166917,21.242332760491628,-0.7319144733284434,951,0.971766588077935,1,0.7821091678379002
fov0,890,5131.522935779816,4211.90366972477,38.40871585123395,8.106452673001762,-0.6744805884669015,218,0.9774736187463302,1,0.3797987285168568
fov0,891,5127.947154471544,3662.1178861788617,19.59015408876388,16.628640097441327,-0.7936658659087851,246,0.5286716671735814,1,
fov0,892,5133.627192982456,4849.728070175439,28.110547112847602,14.077631912773212,-0.5471038814466812,228,0.8655657080054026,1,
fov0,893,5134.350806451613,5023.032258064516,26.91685258878658,15.01871735052806,0.479427842165093,248,0.8298630909434122,1,
fov0,895,5130.121527777777,6960.708333333333,39.11358005647335,10.012625143518347,1.324788751849473,288,0.9666798374270477,1,0.7060548804475361
fov0,897,5137.268041237114,2699.536082474227,30.176175659132632,15.217818690054507,-1.3742006808835467,291,0.8635290396044811,1,
fov0,898,5135.993670886076,3007.6772151898736,17.36361749721038,13.599204821314007,0.015360568612483609,158,0.6217684392735611,1,
fov0,899,5149.304545454545,3382.609090909091,47.24928602113593,16.351081403224466,-0.20900076697206402,440,0.9382124342953333,1,0.7024726612740227
fov0,900,5142.980392156863,6521.4649859943975,34.97950684265841,15.92821564905358,0.5288104650513133,357,0.8903081711062112,1,0.40843509430406694
fov0,901,5150.203389830508,2835.6125907990313,42.11379472387978,14.416307849157796,-0.27581508485008543,413,0.9395841748102771,1,0.5062046718018761
fov0,902,5184.852831129958,3636.5839361436765,216.73937869607636,69.5988184511028,-1.0852663768489939,4009,0.9470393437241027,1,0.5557686262328274
fov0,903,5162.8252873563215,2952.689655172414,53.096746181838895,15.802310803650633,-0.1407080440758717,435,0.9546864293864282,1,0.5071560455338959
fov0,904,5198.675873273761,2104.36311941511,134.81037758247197,47.139140061530334,-0.11129780084352556,1231,0.9368729451287664,1,0.5173854709434934
fov0,905,5147.411764705882,3263.377450980392,16.902780998621107,15.508686924991846,0.4462623074215519,204,0.39768318314489676,1,
fov0,906,5176.658638743455,2233.2952879581153,87.02046036836639,34.02499575833774,-0.5829417257240292,955,0.9203906986456705,1,0.5840926801097326
fov0,907,5238.1440472991135,4124.764579414136,239.96320658378835,137.02885560221392,0.6296011239336473,7442,0.8209214650951024,-1,
fov0,908,5156.800643086816,10182.44694533762,53.90816395089917,8.575407482939454,0.884610212680495,311,0.9872666019103234,1,0.9267550077646249
fov0,909,5254.650398982306,2508.9382444778535,381.40801985384525,124.3501343484675,-1.0939586217429542,8647,0.9453597147211754,1,0.23808679424075654
fov0,910,5178.770816158285,3756.4855729596043,135.0393944200285,27.824434891186776,-0.628881557810429,1213,0.9785421385046429,1,0.19854257814663942
fov0,911,5155.090659340659,3054.730769230769,53.3815138832213,15.830894221728808,-1.4653923492674437,364,0.9550138016005757,1,0.9501637689846223
fov0,913,5190.407839866555,4984.714762301918,130.90351144070556,25.464701901886052,0.6363597477249949,1199,0.9808965056529672,1,0.34674085846408437
fov0,914,5176.166666666667,4910.728956228956,46.08390623138995,27.514070523447423,-0.026208244404162022,594,0.8022092847856145,1,
fov0,915,5175.532558139535,4807.683720930233,33.527225204152536,21.50653264022877,-0.2249342732804647,430,0.767152522900857,1,
fov0,916,5217.8555667001,2279.210631895687,163.20674368993193,85.75630241409984,-0.8679609214381886,2991,0.8508270581397525,0,
fov0,917,5162.798611111111,2583.3819444444443,35.45463435018608,12.40910465759907,-1.475285025922406,288,0.9367498827572205,1,0.7583998281508889
fov0,919,5169.453125,6418.328125,22.815617385943977,7.742079229652125,0.8387572662764138,128,0.9406665146761254,1,0.574580520054554
fov0,920,5169.770833333333,2144.8958333333335,23.88720935451575,14.541458215437435,1.2727374421672413,240,0.7933582706768302,1,
fov0,921,5203.252293577982,2797.9587155963304,77.79047925708726,20.796360260629797,-0.07448642478088764,654,0.9636027869886389,1,0.34828212247005186
fov0,922,5177.6506849315065,3824.527397260274,27.51173353051113,7.289730592758498,-0.624518501538962,146,0.9642571900124893,1,0.10206063484634867
fov0,923,5182.324543610548,3563.174442190669,61.12316330905228,19.29071270203891,-1.5017212529137354,493,0.9488910038513126,1,0.863507810153768
fov0,924,5180.645161290323,3967.1612903225805,21.062046548934937,7.846801714558938,-0.2612947045125763,124,0.9280095239892329,1,0.33932489676737804
fov0,926,5186.1460446247465,2859.5922920892494,54.054689762079256,19.36366977936743,-1.2670566410450825,493,0.9336357943678243,1,0.6489424400560911
fov0,927,5205.247304097771,2395.139468008627,83.79871358038872,41.02906854990621,-0.9382125225655878,1391,0.8719389903154322,1,0.6242439452219277
fov0,928,5231.081052631579,3399.709263157895,168.75345551557655,116.97776760375397,1.2737407023237717,4750,0.7207574075414361,1,
fov0,929,5217.963556851312,2511.938775510204,68.14559876095909,25.304499979145984,-0.23530391494684347,686,0.928500989695638,1,0.5509390029273592
fov0,930,5205.796561604585,5044.997134670487,46.984509307080494,10.26747613012618,-0.08766725277598017,349,0.9758304627403985,1,0.2794738860554273
fov0,932,5190.92380952381,2585.457142857143,14.117992854659398,10.484819443057598,-0.4832101006227488,105,0.6696725268944116,1,
fov0,933,5191.473333333333,5238.4,35.893121204185924,10.995414458332522,1.5167280055650556,300,0.9519229187341678,1,0.7317036381384004
fov0,934,5194.558823529412,4949.235294117647,15.334630229913085,11.927316563993685,-1.2677648422096999,136,0.6285085388772546,1,
fov0,936,5288.1496550083275,2947.6038543897216,253.90420386162145,85.46671997238231,0.4762716306494872,4203,0.9416441149388418,0,0.6817370402141463
fov0,937,5212.545901639344,3084.5540983606556,71.83058945226303,19.559006465297138,1.1946291360473729,610,0.9622142280288722,1,0.9880980365825046
fov0,938,5211.405660377359,2186.5754716981132,38.882248856816844,20.806689329304096,0.9097087604177468,424,0.8447757254205375,1,
fov0,939,5212.261682242991,6443.27570093458,33.64259667533933,9.068500597681757,0.8404804315275226,214,0.9629852415733635,1,0.479826467766801
fov0,940,5220.088135593221,4927.596610169491,41.558106534335344,10.435239650107727,-0.48176513793786385,295,0.9679611567020024,1,0.36433913073370394
fov0,941,5222.067632850241,3673.2657004830917,32.90754345240033,8.5209051507127,-1.4050703483986748,207,0.9658948271204162,1,0.26091070950271766
fov0,942,5236.9324324324325,6489.148648648648,53.37513464633379,12.464072264693824,0.628951566486546,444,0.9723524000673018,1,0.42494108088292776
fov0,943,5229.1543209876545,4186.820987654321,17.675099412503222,14.840079472882934,-0.7374677036175169,162,0.5431993825083427,1,
fov0,944,5247.792732166891,4967.187079407806,49.61274244686758,27.98526427098758,-1.2238743016307356,743,0.8257241560074843,1,
fov0,945,5249.155893536122,3800.5988593155894,52.06365262667041,17.988432714894568,-0.5913211107779179,526,0.9384156330930139,1,0.15179037613177274
fov0,946,5236.301075268817,2837.0967741935483,23.17940574918347,13.80497481756608,0.7315933006020042,186,0.8033028979964294,1,
fov0,947,5245.985865724381,4785.992932862191,34.49289374982445,11.01506657123781,-0.2746402902762387,283,0.94763917387656,1,0.25818803086731446
fov0,948,5241.0366492146595,2761.1465968586385,21.368894180655673,11.995190777365979,1.328385910623786,191,0.8275860560254601,1,
fov0,949,5243.296774193548,3502.548387096774,20.02704427473888,13.801351002749811,1.1226155408364813,155,0.7246323197690248,1,
fov0,950,5265.12,3872.938823529412,49.800300449361416,44.78883559755127,-0.47327696042779177,850,0.4371907965052246,1,
fov0,951,5250.064516129032,4743.145161290323,37.04092933056858,7.582960642188345,0.6606863312816713,186,0.9788209066265614,1,0.5253306378886463
fov0,952,5261.191135734072,2166.6135734072022,81.85169107121793,15.899182318800134,1.1757260637924598,722,0.9809532872750617,1,0.6193820760492185
fov0,953,5247.930693069307,4884.9009900990095,19.680437334419274,6.946125822776122,0.25332235709838985,101,0.9356438048587578,1,0.29830520347787176
fov0,954,5253.082191780822,5076.6940639269405,27.862394592718342,12.43132939995105,0.5860450695137104,219,0.8949488579203017,1,0.3258025606894593
fov0,955,5253.970370370371,2739.9777777777776,26.39387759496416,9.153454106111738,0.03404553749392633,135,0.9379382990061262,1,0.4241241932305307
fov0,956,5268.0888252149,4851.851002865329,57.23605595083898,12.369642094495209,0.09498699477523297,349,0.9763676377714635,1,0.23156094174667333
fov0,957,5269.380116959064,4821.19298245614,52.93472288945897,8.66608226204385,-0.5079973138730659,342,0.9865080727004931,1,0.38433991147146424
fov0,958,5252.826666666667,3047.608888888889,32.46337894530884,9.724239297879034,-1.405676071539558,225,0.9540822073890579,1,0.8626639145225308
fov0,959,5338.902043101036,3362.0719283515255,242.37728032827806,54.239056181681754,0.8079776625140401,3573,0.9746398076333247,1,0.5787847368889267
fov0,960,5264.044444444445,2791.222222222222,29.95749545561546,9.935014615464585,0.6083538584442589,225,0.9434070621117,1,0.5794155956306561
fov0,961,5266.358823529412,2884.1941176470586,31.578505213760202,7.092230859773651,0.327353760945876,170,0.9744532453859974,1,0.5951962003414507
fov0,962,5277.6183699870635,3714.8085381630012,58.76101315891337,20.58696006355054,-0.7926118950044775,773,0.9366186049876944,1,0.2547408964333271
fov0,964,5269.221153846154,3503.7403846153848,16.66279713661722,8.937273645972475,0.702593879155485,104,0.8439887054413745,1,
fov0,965,5286.132158590309,2835.2444933920706,34.97176440671485,25.497079071400986,0.23197665188033087,454,0.6844325965466425,1,
fov0,968,5300.791937581274,2151.448634590377,77.609154223737,18.45406370185363,0.8766688244535965,769,0.9713185354138257,1,0.5312738923596394
fov0,969,5373.326800847458,3604.0102754237287,316.12267509142833,150.11003227329354,1.5690581863204611,9440,0.8800681456170927,0,0.3863352795159331
fov0,970,5291.80473372781,2708.846153846154,20.57226392799516,12.784293738544285,0.6472444966195613,169,0.7834669229809931,1,
fov0,971,5297.137767220903,4090.637767220903,52.58744094513763,24.116626178994245,-1.5324727780527203,842,0.8886425550700914,1,0.7622704099775728
fov0,973,5295.108974358975,4961.6858974358975,39.70345809764065,24.21527745648764,1.295096182018571,468,0.7924757025310356,1,
fov0,974,5321.8552412645595,4741.507487520798,84.97350514349698,17.348129425804483,-0.2489259126085798,601,0.9789376841081947,1,0.2470182515250275
fov0,975,5311.973451327433,3515.508849557522,61.47990689189863,12.575985880693821,0.8128933775452029,452,0.9788551959729825,1,0.6131900598383166
fov0,977,5299.961956521739,2802.983695652174,34.3297914255794,8.599985441773173,-1.4118570237855987,184,0.9681137902884199,1,1.0082111042568873
fov0,979,5334.433132010354,3575.6695427092322,92.17042704550828,30.955418802529923,0.5444462640689957,1159,0.9419155571725896,1,0.5829441286398283
fov0,980,5317.777777777777,3758.5656565656564,49.408144258175255,8.814383510484701,-0.020694911913517945,297,0.9839581558648688,1,0.4242272654409046
fov0,981,5302.540880503145,2746.735849056604,27.0150912879971,8.17329174858819,1.3113517323903476,159,0.9531349734457494,1,1.0286818812389682
fov0,983,5321.154101077051,3393.363711681856,129.0923507280522,19.1557264380863,1.1723783968491663,1207,0.9889292536976579,1,0.6782643002001321
fov0,984,5316.300613496933,3468.1380368098157,50.5603922640735,15.910224251727668,-1.4768564432615359,326,0.9491986046880968,1,1.1610213985301336
fov0,985,5332.8759305210915,2288.181141439206,56.82389431174659,10.078146322699844,-0.3693774409962105,403,0.984146483846337,1,0.5622483364363366
fov0,986,5375.650188323917,3848.120527306968,161.40538077587817,42.164726352437796,-0.22449610704576692,2124,0.9652752465615659,1,0.37874144040995333
fov0,987,5339.632,2717.81,46.50433444452841,28.30142211747403,-0.18724845747000332,500,0.7934955859570147,1,
fov0,988,5328.020833333333,4852.1,23.626773100674683,15.5115649888975,-0.10713075855942596,240,0.7543043469366973,1,
fov0,989,5362.527247956404,5477.24659400545,109.69075054658175,14.086176475809207,0.6337158570443556,734,0.9917202371505929,1,0.6690318547814776
fov0,990,5326.478632478633,4701.504273504273,22.204168158390992,7.517032698573712,-0.5001343611552435,117,0.9409514565100261,1,0.3950943399803123
fov0,991,5325.933823529412,2198.0073529411766,23.827699231215156,7.572733038931762,-0.9093545390941272,136,0.9481536891209313,1,0.904957257595784
fov0,992,5375.180624556423,2479.067423704755,197.2094072892342,44.06021757767007,-1.0907080782601044,2818,0.9747226281969529,0,0.49118767367408106
fov0,994,5346.794233289646,5402.179554390564,72.54013218880816,54.62150867535505,0.6239924867357909,763,0.6580396176138904,1,
fov0,995,5359.9242250287025,2173.0752009184844,171.62197879245952,67.04547980396059,1.3871964329206572,1742,0.9205359386717267,1,0.8758927822564341
fov0,997,5331.55737704918,2777.1721311475408,18.335402140893258,9.147662588391373,0.7711877658715279,122,0.8666554623317181,1,0.7987800839159958
fov0,998,5336.2782152230975,3284.1994750656168,24.179618262721817,20.26312700583129,0.31976823803894594,381,0.5456316818493384,1,
fov0,999,5372.179824561404,2853.5087719298244,83.20713030846584,15.306112077794905,0.3491447490893586,684,0.9829352410173532,1,0.714505331999646
fov0,1000,5339.602564102564,4107.775641025641,21.569792139560466,9.338429363650496,-1.0044663531038578,156,0.9014226609649019,1,0.6327133836357979
fov0,1001,5401.942280945758,4790.134909596662,157.12708387659768,34.58368464760767,0.04283926233283325,1438,0.9754772945677433,1,0.4530908725022126
fov0,1002,5348.5207100591715,2777.0147928994083,45.06277880528074,16.99525113505068,-1.4439755528282383,338,0.9261537786498548,1,1.113588824143124
fov0,1003,5580.051297286592,4080.6850861556745,558.0586215630798,85.08384209982684,-0.5457523148522772,10098,0.988309026997515,1,0.31085432126911355
fov0,1004,5355.875776397515,4645.714285714285,39.78399248024794,17.426443005615592,-0.5507618290762054,322,0.8989620597005288,1,0.36933820962071046
fov0,1005,5350.875968992248,4084.782945736434,25.338425470787122,6.932894774025308,-1.5286756291518062,129,0.9618401776587908,1,0.8060776773468642
fov0,1006,5366.389189189189,4960.902702702702,47.99861294927879,19.373465567461327,0.9049783503777397,370,0.9149242766080209,1,0.43392467799392365
fov0,1007,5363.550802139038,5073.443850267379,23.226048652481996,13.593372694465735,-0.4165324610157601,187,0.81084272303128,1,
fov0,1008,5365.321243523316,2917.1088082901556,33.226041965771344,10.766139336745656,-0.7965847610352186,193,0.9460477857037026,1,0.6137675730239947
fov0,1009,5547.996054915575,4017.406028089001,426.32637892291507,60.11860843143931,-0.5993776196719361,6337,0.9900073946015373,1,0.6498896010683073
fov0,1011,5477.553705245628,4235.921315570358,229.95245769878156,60.363374474216315,0.017167256736073923,2402,0.9649309817214092,1,0.4769923741051298
fov0,1012,5378.3141025641025,2317.653846153846,26.52992970684709,7.716145289315179,-0.011309385219269259,156,0.9567696358489823,1,0.43241933453295894
fov0,1013,5399.706006322444,2623.2665964172816,83.36553045090365,24.567859562842706,-0.9364991451250129,949,0.9555896834848929,1,0.9068370087708544
fov0,1014,5383.245222929936,3320.684713375796,57.16637326917331,11.486946656264944,0.8891527580534012,314,0.979603781663755,1,0.8385776110782649
fov0,1015,5387.032171581769,4837.611260053619,48.127759859608275,19.525677944920105,0.6710260945155644,373,0.9140040297873857,1,0.6858502390094818
fov0,1016,5381.5988023952095,2538.874251497006,19.589407207502436,11.053021530929653,-0.4669261153448431,167,0.8256145015453363,1,
fov0,1017,5428.838667251206,3776.972380534853,130.84273524800895,66.52227064531526,-0.9795528374303594,2281,0.8611128061154251,1,
fov0,1018,5378.853211009175,3935.3577981651374,19.21265879122013,7.870741230885013,1.1882256523253591,109,0.9122363325943769,1,0.8109983910623483
fov0,1019,5387.937198067633,2760.763285024155,26.748175377821674,13.313775737093053,1.265539630929292,207,0.867323308838236,1,0.9818327666405547
fov0,1021,5408.547058823529,5197.262745098039,66.14223530749473,14.331167547557719,-0.6170129418098199,510,0.9762444689524894,1,0.6258730633959277
fov0,1022,5400.007263922518,3370.55205811138,37.13243428172052,19.099715607264063,-0.3025541786786639,413,0.8575698947285241,1,
fov0,1024,5397.138461538461,2937.4153846153845,21.572983361508015,8.074680905418806,-1.0244545910361382,130,0.9273092908311967,1,0.7106483297953947
fov0,1025,5426.545454545455,4959.084848484848,75.2820894297459,10.122790435770424,-0.46512194923663613,495,0.990918371980925,1,0.46769007147715824
fov0,1026,5417.9541778975745,4629.097035040431,58.50977664054353,11.451583784765619,0.8944910755198083,371,0.9806596479306539,1,0.5263372808446102
fov0,1027,5419.79674796748,3925.731707317073,36.14744397881416,10.761495191707615,0.12656368706319152,246,0.9546560128500896,1,0.4138296804558168
fov0,1028,5421.331230283911,5308.305993690852,50.001373336247426,12.560151242572335,-1.1006359525124951,317,0.9679362099983371,1,0.5081218352465455
fov0,1029,5419.382113821138,2469.3414634146343,45.46708648023202,8.102345727170562,-1.4707929837496407,246,0.9839938468103709,1,0.6212328210879428
fov0,1030,5444.449619771863,2736.1321292775665,108.18251098465984,23.342304070289902,0.9108002450331358,1052,0.9764446987899805,1,0.8539987913682575
fov0,1031,5426.6875,3478.2291666666665,25.62895761357526,14.763256885382196,0.5934936967803761,240,0.8174228218846977,1,
fov0,1032,5429.470046082949,2182.138248847926,36.28183217504835,9.845334638279192,-1.200371176448093,217,0.9624787250683969,1,0.8582264623184068
fov0,1033,5469.263964950712,2544.5700985761227,130.36230336930382,53.690473827897634,-0.7989325491052265,1826,0.9112490222328841,1,0.5453762500903245
fov0,1034,5590.284927570932,3430.9193104273913,505.849411145423,170.46239517973427,-0.2654116018805742,8353,0.9415109133932271,0,0.5074286065501616
fov0,1036,5429.410256410257,4754.878205128205,24.601380060234675,9.658037459057256,-1.5414888131227902,156,0.9197173806898267,1,1.016136153768547
fov0,1038,5442.291457286432,3638.2261306532664,22.126404960403477,14.582417317574848,0.0028697836339805238,199,0.7520987263225466,1,
fov0,1039,5436.864516129032,2814.490322580645,30.371294902447854,7.980554707583968,-1.5115511088521905,155,0.9648594915135802,1,1.2013066848763065
fov0,1040,5466.711181770005,3548.0805511393746,106.95410828557802,49.809635126099266,1.0236368683540669,1887,0.8849372127885268,1,0.20765109589162156
fov0,1041,5475.283772302464,3628.361937128292,101.45142228860539,28.33493466628714,0.8842370798727253,1177,0.9602051730684616,1,0.8285967826581936
fov0,1042,5485.503557312253,3340.0664031620554,102.3183853729403,53.85375994071822,-1.0029054514993967,1265,0.8502772126762367,1,
fov0,1044,5469.16779661017,2466.759322033898,63.19047887759666,13.65431474428965,-0.7891221014711263,590,0.9763752556287634,1,0.4367179564678467
fov0,1045,5462.36563876652,5253.735682819383,37.302155267232735,10.170649324508382,-0.7997237465219914,227,0.9621116410164752,1,0.5718325351528266
fov0,1046,5486.878209348255,2690.2238314680712,67.6916988747559,60.08665870387754,-0.5130048003090194,1519,0.46051522527300653,0,
fov0,1047,5468.98126064736,4689.695059625213,65.7634811998366,22.810863617594972,1.2457025892105986,587,0.9379161140006034,1,0.8116779855805976
fov0,1048,5461.768115942029,4602.028985507246,24.129949536884826,7.510526027909544,-0.5386213944811746,138,0.9503269928875867,1,0.593073036694673
fov0,1050,5467.610169491525,2397.0466101694915,35.764861857441595,8.64173578784933,0.7906992928637909,236,0.9703693470563034,1,0.8585268840803847
fov0,1051,5463.88,2890.9066666666668,25.778928384899444,7.591908425978795,0.9477162380714935,150,0.9556513118005858,1,0.9130418756050808
fov0,1052,5461.748466257669,10213.650306748466,24.99009781322594,8.381165145566118,-1.509662038005768,163,0.9420831319954988,1,0.5187389402132264
fov0,1053,5470.6,2633.6918032786884,36.220621779426516,12.927030048805058,1.2719481354677682,305,0.9341437550434301,1,0.7622440172195093
fov0,1054,5472.445945945946,3830.9155405405404,21.94372415153244,18.0446497278811,-0.14118384703791773,296,0.5690327981848073,1,
fov0,1057,5474.3223684210525,3698.4111842105262,44.03777082987824,20.265124221817807,-1.2830241811669987,608,0.8878277254523095,1,0.8831109241466113
fov0,1059,5478.086363636364,10160.586363636363,36.86847232268408,7.865042217772627,-1.1951784955479337,220,0.9769808454078517,1,0.3875760517771315
fov0,1061,5506.729166666667,4555.699404761905,103.96919780597341,19.27435763471505,-0.443475741153351,672,0.982665915904903,1,0.4556144933356107
fov0,1062,5479.730263157895,3205.467105263158,29.454040709118964,7.441996279241522,-1.4702100494676538,152,0.9675539006958999,1,0.8081609622328785
fov0,1063,5540.470120481928,2619.5746987951807,153.9083797016537,118.78514008124303,1.0501017251111953,4150,0.6358759888412618,1,
fov0,1064,5496.686346863468,10238.409594095941,42.40483239428604,8.29483767903039,-0.30931227254733235,271,0.9806816332292162,1,0.3842578629605489
fov0,1065,5489.866666666667,3742.5666666666666,48.111406911719584,16.746704778389596,-1.5245141606767132,330,0.937464167543553,1,0.9649729771408635
fov0,1066,5543.985539488321,2788.622914349277,143.86350385814396,35.49484004672536,-0.6282722395631665,899,0.9690853279609558,1,0.4694941715313033
fov0,1067,5492.6712962962965,4617.013888888889,33.28335149110989,9.735655365640246,1.3026308727043752,216,0.9562629949320146,1,0.8554876592410017
fov0,1068,5514.2271762208065,4748.150743099788,61.61330357382905,14.253246186619418,-0.38098489348764253,471,0.972874413202847,1,0.6165741822440619
fov0,1070,5508.556650246305,4190.980295566503,27.868657323538176,11.117358034959029,-0.7816460771266175,203,0.916985837778708,1,0.24487320171831498
fov0,1071,5528.544117647059,4808.979779411765,64.87623501480938,22.448790862440134,0.5695451553127304,544,0.9382253399571415,1,0.30827936149924795
fov0,1073,5535.331914893617,5504.293617021277,69.82964669858114,9.447598114175907,-0.2069977596398054,470,0.9908053684890133,1,0.38890965923247145
fov0,1074,5536.355836849508,3207.117674636662,159.52353998851683,55.44158687056177,-1.372289255026538,2133,0.9376633554294754,1,0.5782635786248961
fov0,1075,5539.4558375634515,2286.7045685279186,97.75870369896893,50.01897150072914,-0.46453611380828824,985,0.8591895182117906,1,
fov0,1077,5516.962406015037,3972.7969924812032,18.2213383179993,11.537128560127542,0.11842514260700725,133,0.7740161809541426,1,
fov0,1078,5515.758865248227,4582.695035460993,26.089364199634186,7.662500915782518,-0.9565879855293485,141,0.9558970025830427,1,0.6017607955571818
fov0,1079,5517.209302325581,3885.232558139535,32.95017800151001,9.73956120800129,1.3261849713808078,215,0.9553166048941547,1,0.4051511536691535
fov0,1080,5534.742782152231,5549.6010498687665,60.92353482422638,8.513300126874787,0.601546294420488,381,0.9901885889764495,1,0.5553646368300775
fov0,1081,5527.833147942158,3537.2525027808674,56.88010711482737,29.970877312234574,-1.085418679576912,899,0.8499191230241893,1,
fov0,1082,5577.162547357027,3605.210535810933,267.1400210451036,97.20235327559773,1.4022703212394787,5543,0.9314525008648004,0,1.0133220397775617
fov0,1083,5554.3058637084,3350.2995245641837,161.70305816079272,72.75022291221148,-1.0867112710111861,1893,0.8930788851770051,1,0.6400108260381635
fov0,1084,5529.719780219781,3096.434065934066,22.42225935585707,21.09434292916451,-0.5320429535236189,364,0.3390263776320308,1,
fov0,1085,5529.853448275862,4010.448275862069,18.07763879663895,8.772141235984337,0.3515519923295223,116,0.8743764684464848,1,0.41154824504768367
fov0,1086,5537.675126903553,3306.5786802030457,21.888744418665386,12.739032749109695,-0.9831311433403406,197,0.8131958639088219,1,
fov0,1087,5557.969758064516,4722.129032258064,74.9643437535894,13.19463532219319,0.7081572771360172,496,0.9843879941516497,1,0.35357214118693675
fov0,1088,5646.783353486498,3160.479846835953,357.4093478294377,125.19335681966172,-0.8044647928276878,4962,0.9366450240584436,1,0.5930210457989502
fov0,1089,5557.0142857142855,3655.5020408163264,41.23552313992027,17.34887320470391,-1.565324092645951,490,0.9071875750381978,1,0.9646348154160282
fov0,1090,5561.663793103448,2946.7241379310344,22.175381858616714,7.824722365068722,0.020266914425200334,116,0.9356775394981885,1,0.6189024736364387
fov0,1091,5562.141732283465,2980.3070866141734,21.1910393755839,7.873467869099663,-1.1019127032601372,127,0.9284141317659282,1,0.2972230828639002
fov0,1094,5582.758415841584,2503.7247524752474,66.69782570588103,16.004287823488745,1.34500628449336,505,0.97078471221564,1,0.7694182325036604
fov0,1095,5573.065359477124,3284.1307189542486,15.77373615422101,12.884521625960184,-1.1304357247739472,153,0.5768730034352694,1,
fov0,1096,5585.139682539682,4597.796825396826,32.54818915860216,14.706812824102801,-0.45478445310465315,315,0.8920952738909235,1,0.20235388928931508
fov0,1097,5581.675,3781.6944444444443,68.45934061478793,17.207277849314526,1.4815963073856684,720,0.967896178136603,1,0.7942326414212236
fov0,1098,5592.372031662269,4682.372031662269,41.62814522476862,12.931252683444786,0.04691909053580697,379,0.9505285356046932,1,0.23399397266885802
fov0,1099,5587.746153846154,4893.9,24.909018165492146,6.830629577258201,-0.19362195559304046,130,0.961666085835474,1,0.3156058597225803
fov0,1100,5646.808147632312,4207.1545961002785,340.4747553581941,68.80429440486684,-1.0705739940105945,5744,0.9793683176149953,0,0.1537876369452588
fov0,1101,5592.008064516129,3009.0080645161293,40.63062870116201,12.689401007328637,-1.0448133171774783,372,0.9499798445843942,1,0.5182039188715375
fov0,1102,5590.626470588235,5534.238235294118,42.34602408009494,11.637803317693017,-1.2225835525463526,340,0.9614938773968352,1,0.7804652354566555
fov0,1103,5591.5887096774195,3135.6935483870966,18.950422248382008,8.645048039720134,0.7038951921109444,124,0.8898809133875272,1,0.7152174225135146
fov0,1104,5595.834224598931,3053.847593582888,32.65260579060849,16.24120489843639,0.975496665852372,374,0.8675248529125585,1,0.9515920013784469
fov0,1106,5597.6624605678235,3873.031545741325,30.59034750746063,14.872984618625217,0.8644426578442534,317,0.8738483311638926,1,0.6183554694170474
fov0,1107,5597.678200692041,4167.6193771626295,40.244070803971134,10.447286291425817,-1.2084694693215303,289,0.9657167291725096,1,0.3659382445615848
fov0,1108,5658.136850152905,4764.290519877676,163.35169928445094,21.248862573981782,0.04366590181951182,1308,0.9915034425010798,1,0.16995036340927527
fov0,1109,5630.502988047809,5478.165338645418,91.19199157144598,15.09272380355808,-0.37449162018709875,1004,0.9862089634138853,1,0.4624972204912565
fov0,1110,5609.839357429719,2694.606425702811,82.59907628859663,11.413164513423279,-1.205891371884178,498,0.990407767079819,1,0.1735779969988244
fov0,1111,5616.141065830721,4550.9811912225705,53.714992450413895,7.914471272087875,-0.2937188889935959,319,0.9890856142380409,1,0.18117615756990213
fov0,1112,5616.420824295011,10234.7136659436,49.544043054397385,14.792916069950131,-0.6182157681488325,461,0.9543842582017713,1,0.3047156045259241
fov0,1113,5612.11038961039,4722.415584415585,26.56915424071674,7.668768757784891,0.11021729953731416,154,0.9574394243244251,1,0.21013560241838117
fov0,1114,5631.98127340824,2823.0661672908864,72.71158218419961,27.976472070259046,-0.8385741602216046,801,0.9230168614241844,1,0.23366069167778383
fov0,1115,5623.872675250358,2955.3361945636625,69.39911443627467,17.944951426355082,-1.20101781590557,699,0.9659908940690588,1,0.3164473169785168
fov0,1116,5611.555555555556,3741.5396825396824,17.807682346831562,9.895604204196662,0.09690335883436077,126,0.8313875772563526,1,
fov0,1117,5620.360655737705,4817.439344262295,34.59742521727445,12.748234612012013,0.6937784136016822,305,0.929638249238229,1,0.30147200124533935
fov0,1118,5698.00748876685,3511.029206190714,215.72515375671836,87.04350979624758,-0.691366589655362,4006,0.9149828943621459,1,0.1567449487904958
fov0,1119,5628.754545454545,3023.5886363636364,47.51214887954857,16.667241778921696,-1.4775398031904317,440,0.9364505625199705,1,0.632410834999335
fov0,1120,5628.699300699301,2503.36013986014,47.38158203054652,7.881693620478566,1.2273766403383513,286,0.9860675992943037,1,0.8574542116258917
fov0,1121,5642.829197080292,3340.6700729927006,102.84503166255618,13.388598078104835,1.320744121489369,685,0.9914900809555142,1,1.0532123261734447
fov0,1123,5667.299310344828,3200.591724137931,74.03060476144084,19.442528217361982,-0.5310608071990899,725,0.9648970939954894,1,0.3896725665401433
fov0,1124,5648.202429149797,4576.716599190283,37.272885491335444,9.46578187340134,-0.100245037283947,247,0.9672150046386369,1,0.11878980621515213
fov0,1125,5644.424379232506,3626.5530474040634,35.22137808638386,18.80599997479448,-0.2532406180535002,443,0.8455242092111892,1,
fov0,1126,5639.242718446602,3841.7087378640776,19.94901247976519,6.8527562363446215,0.7407131899916531,103,0.9391477179497583,1,0.5945407119809248
fov0,1127,5641.276785714285,3884.0178571428573,14.356384802679312,10.89982592490893,0.15368812639975105,112,0.6508201418793768,1,
fov0,1128,5704.207997420187,3271.0054821025474,153.5956566669412,88.17904986605387,-0.478527808069729,3101,0.818786180503086,1,
fov0,1129,5654.141993957704,3699.5891238670697,28.222323470333674,17.8816016820913,0.7831571193600613,331,0.7736626169587102,1,
fov0,1130,5655.877697841726,10231.007194244605,22.062856238232488,8.63056338181948,-0.10572988168842427,139,0.9203138952631977,1,0.4651620252309412
fov0,1132,5821.750477689108,4207.002023153872,369.04828518482805,177.30509035306454,-0.5489048374945316,8897,0.8770282916452378,0,0.35680124702659316
fov0,1133,5673.350318471337,5134.12101910828,60.27225494140829,12.303834755457158,0.9476167129202584,471,0.9789422003167308,1,0.5448767799559078
fov0,1135,5671.045454545455,4805.19696969697,32.72899552576654,7.928815280090397,0.21565051766778492,198,0.9702122129913264,1,0.14357258488670874
fov0,1136,5681.86164874552,3817.626523297491,88.3924797363518,24.066499245625156,1.1260667696437932,1395,0.9622212811111891,1,0.6764326315157866
fov0,1137,5673.0401721664275,3877.58106169297,53.348805260783436,21.15816275421037,-1.482560156909101,697,0.9179913097015782,1,1.1593916091304428
fov0,1138,5680.545454545455,11565.260606060607,33.386946898859144,7.219372780761444,0.07046146004623705,165,0.9763417025450215,1,0.5381142946426898
fov0,1139,5679.644251626898,3054.0737527114966,55.49250740186717,17.33618853977218,-1.134041785743713,461,0.9499487002647496,1,0.5411057013545552
fov0,1140,5677.024647887324,3244.693661971831,25.752657345263888,15.99539970883766,-1.037060922680693,284,0.7837182698993003,1,
fov0,1141,5695.0253658536585,2660.7551219512197,98.58507136737511,17.74942977133583,-1.113091832545165,1025,0.9836589676356224,1,0.116880340168537
fov0,1142,5694.977121067684,5382.527168732126,103.25406178923306,66.14780289248446,1.1000908296673473,1049,0.7678484882908996,1,
fov0,1143,5683.6188340807175,2852.5560538116592,33.06676870921932,9.776816078623302,-0.5946588369638235,223,0.955290471334711,1,0.257192844809949
fov0,1144,5683.631205673759,11355.560283687943,27.167651403159752,7.05977701882935,1.141318909007215,141,0.9656463898216883,1,0.7416862807435585
fov0,1145,5701.708766716196,3667.655274888559,41.952328378576055,36.261238775534956,-0.1396932327458575,673,0.5029012198487828,1,
fov0,1146,5690.695067264574,2743.6322869955156,28.400040990104934,11.748178854105067,-1.135951496522526,223,0.9104279525380897,1,0.08148875778199484
fov0,1147,5704.751684311838,4048.9287776708375,67.40185967688186,24.120616880226436,-1.0924348781328943,1039,0.9337741861394329,1,0.4733655563286895
fov0,1148,5718.388821385176,3914.1895504252734,73.42931132737966,23.8007178105686,0.5791676194272872,823,0.9460121985600658,1,0.5448451431913031
fov0,1150,5713.990654205608,11580.155763239876,53.186223383682844,8.380063113626708,-0.7135549390650487,321,0.9875092905861661,1,0.5527206000624844
fov0,1151,5722.597031963471,3617.205479452055,65.06162266166753,23.24230467524294,-0.7317101461750206,876,0.9340144432124505,1,0.7137401972906295
fov0,1152,5726.135359116022,4555.853591160221,51.32938108425651,9.38648118843437,0.10221157482672397,362,0.983137547646368,1,0.20325396673808827
fov0,1153,5710.203539823009,3370.1592920353983,21.87631575009021,6.830728772586314,-1.1302120846646204,113,0.9500022331025733,1,0.6595438325824429
fov0,1154,5805.212396367943,3870.5850769838135,278.47871601428136,47.48092109704014,0.7990988377766925,5066,0.9853574897596692,1,0.13581219653387192
fov0,1155,5729.745874587459,5131.504950495049,61.170183422428224,7.782527328394402,0.6873745827878277,303,0.991873566703183,1,0.2516932039837163
fov0,1156,5727.262987012987,5542.038961038961,59.493342987923064,7.677481719216649,0.9379468483091546,308,0.9916383815010884,1,0.8062465514164358
fov0,1159,5734.268292682927,2839.1158536585367,28.503327661079492,8.189744347847142,-0.013103241007948194,164,0.9578328798305749,1,0.3828646226483738
fov0,1160,5739.890295358649,5188.675105485232,44.22929337041255,7.848644676490092,0.37586419709529445,237,0.9841291791080404,1,0.366026771595748
fov0,1161,5733.668711656442,3171.036809815951,19.725780478131885,13.150821058831264,-0.16846783242308777,163,0.7453423557447811,1,
fov0,1162,5787.64705882353,3523.6168224299067,153.46856834017464,29.010275908600605,-0.5592566320875586,1819,0.9819711717369303,1,0.06197290277763082
fov0,1163,5737.762711864407,3704.002824858757,25.658459525111507,24.21646860767538,-0.952162331092309,354,0.3305154954125684,1,
fov0,1164,5740.173913043478,4724.434782608696,33.06199881392987,8.306599337017651,-0.030333704697832847,207,0.9679240159785947,1,0.1569392055532479
fov0,1165,5745.697452229299,3141.3821656050955,28.90831241957823,16.330927242573317,-0.5955789107018319,314,0.8251446526167266,1,
fov0,1166,5744.891566265061,2654.6385542168673,35.83897796459187,9.486625896411189,-1.0245995689709588,249,0.9643304385014277,1,0.21994814196319676
fov0,1167,5748.266666666666,2601.275,22.045822363885883,7.231915734359601,-0.6640806709517931,120,0.9446637679180941,1,0.21484801885824434
fov0,1168,5793.620958495758,3680.8206833295117,199.4703122933891,83.64564096487925,1.1565590759633624,4361,0.907829814785508,1,0.4893812510590301
fov0,1172,5761.056737588652,3763.54609929078,18.651579291793634,11.237180068704216,1.223081244575234,141,0.798134927697441,1,
fov0,1174,5779.745704467354,3900.319587628866,35.18788902036501,13.278770927593456,0.9684102634390214,291,0.926063528075018,1,0.3718031896236841
fov0,1175,5787.167330677291,3376.4840637450197,66.50853642939758,15.477112513602323,-1.0192278264907733,502,0.9725464917953149,1,0.6084319587590277
fov0,1176,5799.9449081803,3981.0951585976627,61.72477729771717,20.47699941576678,-0.3981976203511465,599,0.9433684531910588,1,0.4953606410519542
fov0,1178,5783.6134453781515,5603.655462184874,21.853100276871384,7.0270055171257,-0.3254796898936453,119,0.9468904078312328,1,0.3247670036252302
fov0,1179,5861.144989339019,4786.353411513859,153.02171079038166,48.09540937153008,0.5249498837737748,1876,0.949322228385173,0,0.160436965497324
fov0,1180,5800.083636363636,5649.574545454546,45.94213651469299,9.194424464078423,-0.6157272046020618,275,0.9797692422460952,1,0.5816132127505553
fov0,1182,5798.824561403509,3161.3567251461986,24.999983839001406,10.347405219697762,-0.18179874971203228,171,0.910323957098479,1,0.47346553347135967
fov0,1183,5807.544642857143,3228.6741071428573,35.43232549237078,19.40262820138188,-0.04575283162161091,448,0.8367423379641253,1,
fov0,1184,5812.154150197628,2755.00790513834,40.332189135235744,9.331855163565988,-0.2679909689270142,253,0.9728646708880505,1,0.29494527526454284
fov0,1186,5821.399198931909,3811.3044058744995,62.29420979711883,25.735687885351197,1.2478184600080187,749,0.9106714714076087,1,0.15089682991015432
fov0,1187,5847.339383938393,3606.1985698569856,67.83383400978583,55.62451059830391,0.13370820466510291,1818,0.5723473275277047,1,
fov0,1188,5836.969696969697,2630.255411255411,75.42073387800228,12.135094189211657,-0.23476986951789874,462,0.9869709340922476,1,0.3143139185738464
fov0,1189,5815.681318681319,4051.203296703297,28.718170837166525,11.210877001887523,-1.1930186430111873,182,0.9206556287712154,1,0.6117119600107529
fov0,1190,5837.024258760108,3397.1983827493264,89.15670264755163,49.495417621268416,-1.473611946694846,1855,0.8317496943954512,1,
fov0,1191,5860.75956284153,4544.70218579235,109.97779176551465,21.02263306951456,0.4933645024862911,732,0.9815601677420661,1,0.22088321957567106
fov0,1192,5841.044098573281,3140.1699092088197,65.57259648091004,29.724649689259824,1.4149856846646272,771,0.8913534254566442,1,0.8728144408901014
fov0,1193,5837.013274336283,3946.1991150442477,36.11571709005808,11.961965030440062,0.5634306513410462,226,0.9435563037828661,1,0.2810682585032426
fov0,1194,5854.306561085973,3685.730769230769,97.67456999624069,20.182459702087485,0.6595874883314514,884,0.9784192344599614,1,0.49831968138178845
fov0,1195,5901.47412982126,3400.9158043273756,197.10689043596224,120.69764606696737,1.0108685419435228,4252,0.7905897729153607,1,
fov0,1196,5856.709090909091,3223.0654545454545,45.36759075982262,11.22574238615563,0.5330907634523503,275,0.9689032986197215,1,0.33854881262150177
fov0,1197,5859.848024316109,3086.3951367781156,53.33048008886461,9.764155014125345,-0.7676158431607998,329,0.9830965840625226,1,0.5663666925786971
fov0,1198,5853.5921052631575,3780.4934210526317,23.767300009900485,9.03968283469336,1.0515140720605725,152,0.9248462520247832,1,0.12293100466703806
fov0,1199,5870.0,4015.0484429065746,39.46940030108169,9.800651399898925,0.310341818379642,289,0.9686805902261005,1,0.4783279856417424
fov0,1200,5869.223300970873,3872.378640776699,31.131565774141226,9.385276364149679,0.8968950100155891,206,0.9534752235048545,1,0.34938368610665094
fov0,1201,5885.995584988962,3484.8344370860927,57.12674947927099,13.098650063943278,-0.5462886629058004,453,0.973357916139379,1,0.24625744719014456
fov0,1202,5990.044251968504,3185.319212598425,275.4193984963304,120.78260301141074,0.25285409564981404,6350,0.8987113525495886,0,0.2710331619283454
fov0,1203,5962.243000579262,3670.2093068159875,346.8267254192206,138.51601033474296,-1.136674518073136,10358,0.9167850365422217,1,0.715775888775276
fov0,1204,5885.4,3114.266666666667,25.34673928031339,6.9373274075483815,-0.6092850878426781,135,0.9618159556842137,1,0.5199191833981783
fov0,1205,5891.666666666667,3884.8172043010754,28.431011855927785,10.69768328222489,-0.4150214046570507,186,0.9265108226453271,1,0.7116051426575266
fov0,1206,5892.373205741626,3264.33971291866,28.061542412813584,11.420463748942325,1.2708643077665185,209,0.9134374310406534,1,0.7530771466800923
fov0,1208,5902.6450511945395,3844.703071672355,48.00749716840836,9.053716098972739,1.2119621833816028,293,0.9820559819512426,1,0.4163361163531198
fov0,1211,5927.526455026455,3498.431216931217,43.145237140700075,13.24532572065242,-0.4405602664119804,378,0.9517114739490767,1,0.42643944219332935
fov0,1212,5933.038235294118,3577.3529411764707,46.80104954315329,11.757275465225511,-0.786145105465923,340,0.967930480742212,1,0.3864884859129359
fov0,1213,5931.6608315098465,3288.172866520788,40.64783677689406,17.70111982210925,0.5600964231657054,457,0.9002007875557037,1,0.5045004628631561
fov0,1214,5936.9716312056735,5538.167848699763,44.1234786614992,14.172281565663559,-0.2570304403816874,423,0.9470127651895467,1,0.46986810685002767
fov0,1215,5938.5961352657005,4033.6125603864734,138.03093376673903,14.403287664840164,1.2238995993050945,1035,0.9945408190647622,1,0.5333510316330025
fov0,1217,5948.283870967742,3926.9913978494624,108.42307535411655,17.146490520247184,1.2512742966470947,930,0.9874160130435086,1,0.5151286196072227
fov0,1218,5936.082608695652,3537.182608695652,27.124460810334288,16.094396518155353,-1.0569053251170193,230,0.8049419253924894,1,
fov0,1219,5957.375335120643,4794.9597855227885,70.758451522779,7.858789168887352,0.2467682826085317,373,0.9938131415309788,1,0.17338694778961997
fov0,1220,5945.058536585366,4929.819512195122,32.770560325510914,8.437558098168095,0.40710364220899037,205,0.9662853010998538,1,0.1915680047258449
fov0,1221,5952.63436123348,3336.0925110132157,47.84023444429293,19.465904318776975,-1.189408370101527,454,0.9134753819139061,1,0.943528591751672
fov0,1222,5958.738916256158,4122.513957307061,53.34062139062438,19.410938190158948,0.47796802205627104,609,0.9314359273589088,1,0.3682078510112865
fov0,1223,5955.508695652174,5156.534782608695,37.84582336987055,9.194707802110972,0.9569518733302058,230,0.9700383821176847,1,0.24454279977474547
fov0,1225,5975.790697674419,3253.560723514212,57.97859214418349,14.24579145862265,-0.1332584018623299,387,0.969343945328046,1,0.2581826058706806
fov0,1226,5969.388235294117,3368.1803921568626,37.305227676824664,10.188394705403084,-0.3997763151665231,255,0.9619830847682046,1,0.6192427311491705
fov0,1227,5958.589552238806,5499.455223880597,23.539930920690043,7.624248856602134,-1.3710205215434899,134,0.9460961908606951,1,0.6976051460040422
fov0,1228,5984.002242152466,3103.603139013453,64.83854113537852,21.966332372552152,-0.749177755454598,446,0.9408637778062512,1,0.358189302575672
fov0,1229,6021.676590776416,3005.3327495621716,173.9415265032521,29.065883476291457,-0.48229822840423736,1713,0.9859397046547869,1,0.25304577034175163
fov0,1230,6008.331690487925,3775.2331197634303,93.7209252536209,67.29567290116044,0.536216153688846,2029,0.695998538514207,0,
fov0,1231,5987.0773638968485,5539.7765042979945,71.85814478908087,23.103213581404457,1.0532763354751364,698,0.9469057038976875,1,0.949064281659118
fov0,1233,5983.6621621621625,4021.3986486486488,32.43406137164328,12.545617173909685,-0.6851716295902455,296,0.9221620489333631,1,0.7849108115367649
fov0,1234,6010.979166666667,3889.128787878788,81.48823711093988,11.725433728188678,0.2898056280433099,528,0.9895935253942699,1,0.5178171165365927
fov0,1235,5988.955465587044,3839.2874493927125,20.00076267609295,16.564202664720103,0.02225760156748842,247,0.5604643490968897,1,
fov0,1236,6040.750289017341,3940.1317919075145,138.7874762148618,33.77426143373495,0.5170947178927826,1730,0.9699379482303823,1,0.5457814579101812
fov0,1238,5995.79347826087,2949.021739130435,33.877887324289624,7.158976411427243,-0.5430020972057162,184,0.9774175614271788,1,0.19613599420762778
fov0,1239,5991.900321543409,3982.958199356913,31.30329772023221,13.40274838320904,1.175531989685818,311,0.9037040290924818,1,0.642896818079288
fov0,1241,5995.371621621622,3715.6655405405404,34.676474021080054,12.993844489134062,-1.3811425047009207,296,0.9271394708495074,1,0.8099453464009588
fov0,1242,5993.849397590361,3453.379518072289,26.73747651636047,9.979806370635055,-1.4957126512578214,166,0.9277301491649892,1,0.9956446530104499
fov0,1243,6018.278350515464,4734.29381443299,61.129454510634545,12.8252260064915,0.41437088547788326,582,0.9777433871086726,1,0.2783781558393372
fov0,1244,6001.063559322034,4067.25,27.056488779148847,12.618270935273245,0.9594511821078561,236,0.8845909904239957,1,0.5619812775653127
fov0,1245,6013.397003745318,2576.6516853932585,44.84587197181103,7.854182150255347,0.509217956067093,267,0.9845440304455434,1,0.2021211295654745
fov0,1246,6005.258196721312,3388.7868852459014,27.80068811809901,11.921211779056842,0.8500425523031991,244,0.9033947220254481,1,0.8464815241807622
fov0,1247,6006.236994219653,3352.583815028902,47.1719511865477,12.215478994471669,1.3404717429676485,346,0.965889009788118,1,0.8232198873349565
fov0,1248,6035.01309164149,5583.352467270896,100.19113682511365,15.690723399726194,-0.789339004510063,993,0.9876608558032904,1,0.5153612036174714
fov0,1250,6014.523364485981,3281.2242990654204,17.150541142233603,8.421068927861706,0.3999947316330221,107,0.8711545365191932,1,0.481890035851705
fov0,1251,6029.25730994152,3995.727095516569,43.29605726843841,18.807418199139132,-0.47115152647824937,513,0.9007244014432854,1,0.6010733085629966
fov0,1252,6023.846743295019,4825.218390804598,41.574543968620574,8.95865278278683,0.5987032042868308,261,0.9765073511593793,1,0.154185610650131
fov0,1254,6117.55560558307,3695.1004052228727,213.53434579222935,137.10804737648655,0.9615738727228597,4442,0.7666301319752012,1,
fov0,1255,6028.741935483871,5465.532258064516,30.88058186053429,7.9903124049102665,-0.7966473879747622,186,0.9659446551668089,1,0.5085502472302181
fov0,1257,6044.40780141844,3299.578014184397,37.06563463361806,11.28001213997239,0.2570612736338826,282,0.9525681513007227,1,0.32578601723460376
fov0,1258,6063.203389830508,3131.2429378531074,50.893030235755774,16.217666022208224,0.22956161365058073,531,0.9478684717253681,1,0.4738583365633475
fov0,1260,6089.759884974838,3781.202012940331,126.83952491995932,75.92705193195744,-1.3898043283996435,2782,0.8010427135200183,1,
fov0,1261,6048.078066914498,5267.74721189591,42.81353407396402,14.050107592718375,1.500807284027969,269,0.9446187604683493,1,0.9684749856952414
fov0,1262,6059.2,4767.2692307692305,29.033038316855265,14.91998658516427,0.44116213998784404,260,0.8578519919041874,1,
fov0,1263,6078.385404789054,4012.0627137970355,47.79369209199178,38.50348635076952,-0.35120271115324625,877,0.5924345565028631,1,
fov0,1264,6062.884353741497,4819.1768707483,27.155050547428818,7.149349793033455,0.7484402011057263,147,0.964719783387894,1,0.19450478217859113
fov0,1265,6073.993006993007,5426.097902097902,57.9896602097054,20.892687157361813,-1.1969348684443641,429,0.9328430627348128,1,0.6631566083310125
fov0,1267,6099.521739130435,4893.546195652174,119.94291642054174,11.116120634648297,1.0460436556595238,736,0.9956960929223744,1,0.15606637895644643
fov0,1268,6089.119318181818,3520.661931818182,61.69701648140618,16.755294934024647,0.9688523349918,352,0.9624176099884818,1,0.8876131286508235
fov0,1269,6110.2999308915,5349.127850725639,101.17328053264372,75.0711044372363,-0.7455544681210231,1447,0.6703940795134363,1,
fov0,1270,6093.94952681388,4165.03785488959,40.94908134433949,16.359676553831935,0.13299783261727113,317,0.9167276758889001,1,0.4480225039238738
fov0,1271,6081.655405405405,5507.574324324324,25.555163540072122,8.641471722625534,-1.2716435112827933,148,0.9410923218315002,1,0.6056542242471473
fov0,1272,6094.9154676258995,3894.7571942446043,74.35728021496405,29.793688795185513,-1.3006532805967492,1112,0.9162168050638468,1,0.6415693295593096
fov0,1273,6086.9254901960785,4055.956862745098,30.01866623782194,14.955105964554484,1.3289942395122223,255,0.8670658478869862,1,1.0699414966958987
fov0,1274,6116.625160462131,4127.449293966624,60.331823448484734,21.767002688429493,-0.24020476721256429,779,0.9326478231385319,1,0.4796822717122309
fov0,1275,6138.732931726908,3076.1827309236946,119.19739232280271,12.083086762613485,-0.33812096242043116,996,0.9948487538232778,1,0.32241767588277226
fov0,1276,6100.396551724138,4740.017241379311,25.775669829837145,13.318029070810445,-0.11567339168095425,232,0.8561725965041387,1,
fov0,1277,6108.618497109826,3134.28323699422,57.16124453726685,17.187425235148982,-1.2909418459181954,346,0.9537240798464864,1,0.47011324985335123
fov0,1279,6114.656488549618,5021.748091603054,26.552744305169703,6.534901001696048,0.811885604810302,131,0.9692418549284199,1,0.16894948325244158
fov0,1280,6135.273921200751,3999.825515947467,58.77121938431216,24.325209027448057,-1.5535144834888024,533,0.9103238920082246,1,1.1888975742523735
fov0,1281,6122.171597633136,3454.224852071006,34.464295640805545,6.807388837306406,1.4558670505366416,169,0.9802988504925298,1,1.0109448342256062
fov0,1282,6154.1596009975065,3273.4600997506236,70.742127434399,30.84861548212925,0.9203162234515454,802,0.8999120912153293,1,0.8203987918333498
fov0,1283,6130.10989010989,4968.626373626374,29.418706347804175,8.447822442575363,1.277696933540194,182,0.9578831736659202,1,0.21688299756569207
fov0,1284,6150.327212020034,4044.8597662771285,65.58081129444194,16.768906842030955,-0.7457660025237767,599,0.9667566091379834,1,0.6850268957761602
fov0,1285,6136.593220338983,4808.177966101695,23.939638812956993,6.45273062930696,0.8284134704836246,118,0.9629887221695141,1,0.1748435875202634
fov0,1286,6142.426666666666,3005.18,26.581804567322656,8.056667311418941,0.18317942999550677,150,0.9529620778322979,1,0.48345005997380724
fov0,1287,6166.9241573033705,3929.8441011235955,97.97972842970229,53.47631841062151,-1.0062218479122607,1424,0.8379222484525088,0,
fov0,1288,6135.358649789029,4764.434599156119,32.56484336357203,9.799866174269994,1.4469593894261137,237,0.9536449926327233,1,0.4074544211017101
fov0,1289,6162.3983739837395,4173.69593495935,68.45223657796413,28.28363212720629,-1.13993901709317,615,0.9106458173307548,1,0.59206348975537
fov0,1290,6150.201754385965,2543.377192982456,20.604075550773103,7.19043082037178,0.6309462450905442,114,0.9371298010363064,1,0.08258159564341755
fov0,1291,6149.242647058823,3324.9632352941176,15.699909793211475,11.285951181744405,-0.6656477921213765,136,0.69516053777435,1,
fov0,1292,6151.528571428571,3398.4714285714285,30.11013431409499,9.510964779818165,-1.4279624425232864,210,0.9488016309098938,1,1.0054887795547034
fov0,1293,6155.321766561514,5325.839116719243,66.9047117319304,6.845609924791826,1.418463711470189,317,0.9947516588788567,1,1.1249390600539786
fov0,1294,6156.919354838709,3642.9086021505377,32.221418136028106,7.999631920510492,1.0188420302666559,186,0.9686907102455481,1,0.775323870369216
fov0,1295,6161.2444444444445,6139.259259259259,23.514418997154557,7.5857964467192165,-0.9670041380479537,135,0.9465347371362465,1,0.7771240233401564
fov0,1296,6166.154471544715,5978.756097560976,23.366715348258484,6.93145943711557,0.4024791955487019,123,0.9549899487749733,1,0.39869087025586686
fov0,1297,6176.3865546218485,3108.3025210084033,50.18192112957565,6.508200331566118,-0.7398239387714691,238,0.9915543106338136,1,0.33082908340942146
fov0,1298,6164.940828402367,3473.4615384615386,16.11675244228139,13.649204341004397,1.2899330777217441,169,0.5317594322024429,1,
fov0,1299,6171.6169154228855,4105.189054726368,29.094653421295742,9.476555026334069,0.27973165686838297,201,0.9454681184267101,1,0.18730045120215374
fov0,1300,6169.540880503145,3358.2169811320755,49.233503582875095,10.750998991352017,-1.2338088671720386,318,0.9758665985213765,1,0.9526555918702502
fov0,1301,6179.422310756972,2617.7569721115538,39.45285896827348,9.037773203435714,0.7936309308465171,251,0.973408122207056,1,0.14337603303639185
fov0,1302,6225.696847210995,2538.4122877930477,129.05715037397044,37.813400307656686,0.3764269336977916,1237,0.9561132597039463,1,0.13605727696486206
fov0,1303,6221.295970695971,3416.93663003663,125.95741720523613,103.2313958830445,-0.29666792239626166,2730,0.5729736709997232,1,
fov0,1305,6191.304136253041,3817.501216545012,95.36581770561777,28.478033767163886,-1.5119317158243863,1233,0.954372445076444,1,1.2464753439473506
fov0,1306,6201.15857605178,5362.022653721683,81.60337467746417,17.731539441163328,-1.1063960871960468,618,0.9761072502243886,1,0.6327873548949813
fov0,1307,6212.927659574468,10906.406382978723,73.04307508845382,11.541235579351865,-0.2279937218864074,470,0.9874381706844033,1,0.4482257463878069
fov0,1308,6242.952602952603,3339.926961926962,156.80194913793648,19.6214035653054,0.38128734307945567,1287,0.9921397306259329,1,0.4108889233810293
fov0,1309,6201.868073878628,3999.8372911169745,110.90859115626743,29.310339151636246,1.5326154182485945,1137,0.9644474384391141,1,0.9945791937164317
fov0,1310,6220.165060240964,2594.156626506024,98.66819105806285,35.79258363112931,0.5757071663122985,830,0.9318837427874898,1,0.07692348030793245
fov0,1311,6194.637037037037,5246.125925925926,26.871344345175075,6.777878151202439,-1.2243952540901608,135,0.9676661581835573,1,0.9495308369331033
fov0,1312,6215.920903954802,4113.477401129943,63.728349764118576,16.2101806593856,-0.08768594667427534,354,0.9671086255461474,1,0.31262810816159836
fov0,1313,6212.846441947566,10965.101123595505,52.82443112806183,7.26112748424865,-0.23671339719625065,267,0.9905076308518439,1,0.38117215419846373
fov0,1314,6205.19587628866,4073.262886597938,29.617142411927475,9.535181078508355,0.478756944233112,194,0.9467573378350882,1,0.4308815631976601
fov0,1315,6215.114058355438,4151.925729442971,54.70894537001941,11.313398247234261,-0.06138811511612156,377,0.9783848282041936,1,0.31345683595176954
fov0,1316,6203.832669322709,3174.8565737051795,28.71402246908501,13.27260509739331,-1.403076268978229,251,0.8867578493683084,1,0.8461177863431715
fov0,1317,6214.701943844492,3502.123110151188,59.52351582227625,13.930865885078715,0.7047752418624404,463,0.9722270403793062,1,0.870814825102997
fov0,1318,6208.732484076433,3534.980891719745,43.16335425221891,17.552925156701388,-1.5260850274949584,314,0.9135783862014795,1,1.1453031153817441
fov0,1319,6221.9961685823755,3276.0689655172414,23.421949810909865,17.98239649320816,-0.29562856801945675,261,0.6407395607199263,1,
fov0,1322,6242.843949044586,3160.0063694267515,34.10863749553599,14.691099450636667,0.18004900710775398,314,0.9024880320986278,1,0.6499605240714605
fov0,1323,6239.38078291815,3558.4021352313166,28.760072081016975,13.961080688360239,-0.7247872356294566,281,0.8742740140900421,1,0.7645790107325539
fov0,1324,6237.609756097561,5273.079268292683,29.499258379403255,7.347671885191169,-1.2047795564439505,164,0.9684829429992813,1,0.9424591992696248
fov0,1325,6241.705501618123,3982.631067961165,41.115544312350394,10.419283098717926,1.4984539047371626,309,0.9673577376756886,1,0.8260623925437423
fov0,1326,6372.585098039216,3726.775238095238,297.6232462534487,128.9961896772278,0.17134178738176736,8925,0.9011915251084917,-1,0.4652073497749773
fov0,1327,6252.160550458716,3195.238532110092,19.78570244347188,17.383200844642896,-0.9202643307074632,218,0.47760651537721077,1,
fov0,1328,6306.245366284201,3502.851426890262,206.06762319563006,113.4308206608447,1.431210187404937,3399,0.8348652602686457,1,
fov0,1329,6250.037037037037,7104.7962962962965,21.37570064485482,6.634996647696324,1.2712442639491486,108,0.9506063565021391,1,0.6006994641523646
fov0,1330,6256.018691588785,11977.943925233645,19.69408579384924,7.770852597138678,-1.5630845379165965,107,0.9188624583867006,1,0.72186585357836
fov0,1331,6277.436046511628,3015.234011627907,94.41016860878653,13.292306652870803,-1.0870075267767658,688,0.990039031591233,1,0.9107863382510468
fov0,1332,6264.012631578948,3080.2884210526317,37.921626080838834,17.966808534156783,1.4581141796251358,475,0.8806389737610676,1,0.9706922165156195
fov0,1334,6272.296511627907,3126.0581395348836,41.03290140502916,11.3200061064711,1.511693277953102,344,0.9611931400402981,1,0.9049025010515941
fov0,1335,6281.927868852459,3164.3278688524592,26.90863302139897,17.223629184086796,0.5737245097299869,305,0.7683097732189218,1,
fov0,1336,6319.68488471392,3204.9726729291206,116.30571626376316,30.243215280681593,-0.17043272415843208,1171,0.9655999826385969,1,0.25861502939811837
fov0,1337,6289.405405405405,10906.655405405405,25.065602228357566,7.928535613071316,-0.6819643965786151,148,0.9486554175511684,1,0.6141395885068714
fov0,1338,6304.184381778742,3260.136659436009,42.92002707029125,17.992415034640945,0.6225421873543511,461,0.9078902601605487,1,0.25714938488702227
fov0,1339,6298.621165644172,3972.89263803681,44.750604785369475,22.22543999657846,0.7483837220180506,652,0.8679502407423421,1,0.3490465336619623
fov0,1340,6319.0887096774195,3009.918548387097,130.8680582176553,22.63404345555327,-1.18043243961176,1240,0.9849300515493075,1,0.695589788066091
fov0,1341,6299.172661870503,3756.971223021583,19.470775064342824,9.255531409266755,1.545409713182029,139,0.8797940491219424,1,1.1493800336278424
fov0,1342,6386.845688350983,3165.5975794251135,185.96328368404306,52.10521405162408,0.2301862263188175,1983,0.9599443092944551,1,0.2840909779111607
fov0,1343,6331.3877551020405,3305.4625850340135,65.27115383057382,10.521390707016092,0.21854849901006432,441,0.9869225588047831,1,0.11042435844841537
fov0,1344,6354.640147523709,3052.8076923076924,172.87454714669443,38.35232977542021,-1.2683620852416366,1898,0.9750806588928181,1,0.6408522679781999
fov0,1345,6363.543899657925,3845.085518814139,88.27772778173546,53.4813435354105,-0.42803968303665124,1754,0.7955937130264574,0,
fov0,1346,6332.38578680203,2929.812182741117,26.538730353103354,13.479024183073124,-0.9737748347133445,197,0.8614159702290344,1,
fov0,1348,6342.057761732852,3348.4151624548736,33.63192435608354,13.027166704070256,0.291555976815162,277,0.9219347289730024,1,0.5007766367195836
fov0,1350,6348.606557377049,6123.014344262295,76.65187526336389,8.763381662860457,1.1933862237279542,488,0.9934431684592245,1,0.6602534508356399
fov0,1351,6367.09977324263,3241.498866213152,56.92770077720019,11.57105785302711,0.22701606143273306,441,0.9791250420850263,1,0.14019811941794244
fov0,1352,6349.857142857143,3506.987012987013,22.130751082110663,10.03264043423058,1.1797670359137875,154,0.8913402972900227,1,0.6945728413870444
fov0,1353,6352.363095238095,3439.3214285714284,25.633749541911786,9.1758395700245,1.2415685254473567,168,0.9337371818705531,1,0.5457834035240592
fov0,1355,6389.4324324324325,3642.9634340222574,88.67919758485067,16.740445617773933,-0.6483438990855459,629,0.9820203008347409,1,0.49634611525900835
fov0,1356,6376.653179190752,11886.797687861272,36.625323529264996,6.5724416938060575,-1.027277230675716,173,0.9837669587524307,1,0.4610815738101342
fov0,1357,6379.052447552447,3119.041958041958,49.83269541812419,9.958701840161488,1.0993272117741195,286,0.9798279867971348,1,0.7247615986888383
fov0,1358,6392.66806722689,3049.0546218487393,33.59627762870916,9.602198288660123,-0.30685682560688526,238,0.9582858958477064,1,0.5139339153168976
fov0,1359,6392.956790123457,11902.25925925926,25.57748227422482,8.385505997270785,0.6205878575460243,162,0.944730761727686,1,0.6085607021514917
fov0,1361,6434.571717171717,3116.843434343434,94.25215667938886,34.38874460768623,0.8428943898544456,990,0.9310627978543673,1,0.6235232978260933
fov0,1362,6409.733893557423,11848.817927170869,54.42192666545692,8.72081833495878,-0.8258342510282751,357,0.9870773410473448,1,0.3864651612351314
fov0,1363,6404.873015873016,3533.7566137566137,34.8011595312827,8.822257994716082,-1.2790393636564117,189,0.9673341511427709,1,1.0607852197467136
fov0,1365,6415.545774647887,3408.8345070422533,32.38727580221139,14.12423600634562,-0.7024727232065898,284,0.8998960408298271,1,0.7534308465092567
fov0,1366,6438.1730038022815,3662.114068441065,48.575458490614345,26.432713291888835,0.22625571441360912,526,0.8389829072125994,1,
fov0,1367,6426.221153846154,3361.528846153846,16.869480976229177,7.962033934473464,-1.163259766605912,104,0.8816100076483703,1,0.6642249285535082
fov0,1368,6435.940828402367,3013.591715976331,27.589252125683803,8.281508677488949,-0.2591562987538804,169,0.953885233304645,1,0.4390356696584073
fov0,1369,6429.443925233645,3460.532710280374,35.56225833152911,11.110592638541668,1.5251751788631287,214,0.9499419293656993,1,1.1988452480532
fov0,1370,6440.768472906404,5681.231527093596,32.86037757898941,7.981347430157899,0.35717519400735387,203,0.9700546733587534,1,0.5489324298958816
fov0,1371,6460.894422310757,3573.165338645418,69.66623969929766,23.294907090521573,0.34009393938358556,502,0.9424387942445482,1,0.5638588101599753
fov0,1372,6446.964705882353,3244.2,44.79553805071069,10.602711304676127,-0.6563605283639816,340,0.9715849208476727,1,0.5624316298450802
fov0,1373,6471.071290944124,12013.743737957611,88.13014615777583,11.585288048321711,0.09172432786927746,519,0.9913219286707573,1,0.3500853822293571
fov0,1374,6437.4,3845.9636363636364,21.207865451177568,7.09480056596834,0.9040287191761537,110,0.9423828694293754,1,0.47296972469148696
fov0,1375,6441.784511784512,2806.3838383838383,39.38957593844317,15.74547416668643,1.5576300771604785,297,0.9166298407053566,1,0.5973794965043118
fov0,1377,6470.116847826087,11899.997282608696,59.51463059658055,8.201733538910787,-0.428602536209952,368,0.9904586314644079,1,0.3630237675588848
fov0,1378,6451.977443609023,3775.4210526315787,19.664969519204433,9.116244961318397,-0.7105240619249393,133,0.886056175047426,1,0.6098159122938758
fov0,1379,6464.144628099173,3523.3471074380163,30.72925897879944,11.361628073506303,-0.06524211746136384,242,0.9291379559258092,1,0.5219956813584677
fov0,1380,6473.085333333333,3377.117333333333,52.92544715523809,11.668772908745732,-1.0609310835752377,375,0.9753924764990404,1,0.8333887910988352
fov0,1381,6471.52,3473.6911111111112,47.712238306288086,21.35416655793953,-1.2389191227036622,450,0.8942530952749683,1,0.7542925870189726
fov0,1382,6470.474137931034,3631.603448275862,20.70126632113691,8.015058556523586,0.30883791716805353,116,0.9220053185052286,1,0.44512481102924395
fov0,1383,6476.1612903225805,3206.090909090909,32.38837250193287,17.9296194924049,-1.553250675157307,341,0.8327946850988482,1,
fov0,1384,6485.228855721393,3315.3432835820895,46.5530057782562,18.244460124123393,1.0092575256956517,402,0.920004735468679,1,0.8910561926022124
fov0,1385,6491.23178807947,2896.8112582781455,53.182544074312446,10.170174653109378,0.5027225563647908,302,0.9815449735774485,1,0.3400872708077786
fov0,1386,6484.393442622951,3659.3251366120217,40.63311674455648,14.69229785336027,0.5249678427971821,366,0.9323394125203691,1,0.521573078025687
fov0,1387,6507.774928774928,5740.4358974358975,65.46544128125723,7.737743417943185,0.20198086730608586,351,0.9929903027014642,1,0.4485210591893774
fov0,1390,6506.588235294118,11973.828054298643,38.525482169695614,12.159740712239321,0.4896630556654098,221,0.9488828382676066,1,0.35530436274160865
fov0,1391,6512.809917355372,3433.206611570248,30.052962296061484,20.008240578566117,-0.17376708531864174,363,0.7461605923564953,1,
fov0,1392,6521.292246520875,11839.133200795228,69.64941412247855,18.778200977171863,-0.5109121843249866,503,0.9629695084504271,1,0.3328387496693243
fov0,1394,6539.122569737954,3166.9628064243448,84.71128333218189,44.012443980078814,-0.9850440776975565,1183,0.8544350479393837,1,
fov0,1396,6530.761904761905,3516.273015873016,41.97084225425319,11.56484300439328,-1.224790768974715,315,0.961288260644125,1,0.30009594440609594
fov0,1397,6541.957605985038,11785.56608478803,47.67845299586639,21.09409284687763,0.7788968236985196,401,0.8968059915238262,1,0.7309756245125698
fov0,1398,6541.892215568862,3563.3832335329344,49.9298921831132,18.66414582331255,-1.1765211119078773,334,0.9275064892390874,1,0.5991495859942138
fov0,1399,6558.2622107969155,2961.7300771208224,58.665277032580356,14.993612336674127,0.6492973109615152,389,0.9667881769722367,1,0.5817332002607828
fov0,1400,6549.151315789473,3445.7368421052633,45.05654199540648,11.39768971745582,-1.5311215839197907,304,0.9674756535843477,1,0.44524143393440757
fov0,1401,6580.830122591944,2938.9894921190894,72.79274251889915,23.164758281821907,0.8712007813040699,571,0.9480138886575002,1,0.6602068471599212
fov0,1402,6560.263819095478,3240.5075376884424,48.28921825145262,13.47402857973357,-1.5052813505577938,398,0.9602830589509773,1,0.7791432296026588
fov0,1403,6565.601941747573,3352.5533980582522,18.633059317601578,7.321674237784129,0.04805908172980938,103,0.9195641142497352,1,0.41762656204596404
fov0,1404,6605.027391975309,3568.7623456790125,104.52491471011287,93.04732956320554,0.6017135162165476,2592,0.4555839402091789,1,
fov0,1405,6575.699074074074,3053.75,22.948717341609147,13.630713798532577,1.077656938096611,216,0.8044915604685636,1,
fov0,1406,6580.860360360361,3724.5765765765764,26.400714235324735,14.894284806305507,-1.0673262358108941,222,0.8256639882055694,1,
fov0,1408,6597.044444444445,3689.3185185185184,39.75101734688072,11.216798340805802,-0.8323492687585691,270,0.9593625426469431,1,0.452625229444986
fov0,1409,6626.398144056562,3234.602297834733,105.30196442048762,66.23997117342286,-1.54195421515009,2263,0.7773666059189572,1,
fov0,1410,6601.134387351779,3309.790513833992,45.06872084228471,7.615845927863891,-0.9987362541971754,253,0.9856189723497694,1,0.40965344663286096
fov0,1411,6603.424657534247,3425.4794520547944,43.39790723691516,7.02466981296329,-0.8248592172427269,219,0.986812655886655,1,0.37306485775884585
fov0,1412,6609.3102310231025,3365.2541254125413,42.32239856990863,9.231018801388574,0.14251459792315518,303,0.9759237668484241,1,0.5617075261783907
fov0,1414,6598.319371727749,11741.910994764397,30.919164872734694,8.261778928151076,-1.1962112112090175,191,0.9636394980346841,1,0.5545634879452643
fov0,1415,6601.622047244095,3090.1259842519685,30.15163400295485,17.00280410357708,-0.7081964066706821,254,0.8258363367216129,1,
fov0,1416,6621.904672897196,3129.958878504673,54.62268756485649,16.97922920355214,-1.0428916562063306,535,0.950460378971176,1,0.7118432724934617
fov0,1417,6624.275675675675,11803.508108108108,29.970796675720386,8.798910614155185,-0.4566160605687395,185,0.9559336459565558,1,0.430997562251841
fov0,1418,6669.53987473904,3440.1970772442587,121.6286880267184,86.97801855623146,1.3658815370634756,2395,0.699010864788293,1,
fov0,1419,6655.1036088474975,3154.0861466821884,63.1382748457801,51.9165287746621,0.9186243432339544,859,0.5691017027403831,1,
fov0,1420,6678.172514619883,3358.1403508771928,30.685812808515433,26.28941607044625,-0.08241789548707913,342,0.5157673501385369,1,
fov0,1421,6678.784403669725,3084.052752293578,89.0581338643604,31.58341234621044,-1.4764032772517783,872,0.9350036248603699,1,1.0899117833947
fov0,1422,6707.737903225807,11825.979838709678,42.083462726217974,8.538665228758896,-1.403030998942232,248,0.9791998053525106,1,0.33691632507343894
fov0,1423,6717.240184757506,3226.796766743649,47.731395348444195,24.49000823787877,1.1087195726526804,433,0.858340992531086,1,
fov0,1424,6714.696078431372,3270.8137254901962,20.2681067771836,7.475069619445075,0.09705686458879416,102,0.9295050179743337,1,0.5629053734021779
fov0,1425,6718.269333333334,3071.981333333333,51.79475981373277,12.603410925175934,1.488178142993274,375,0.9699426307170756,1,1.0086946837642994
fov0,1426,6729.660194174758,11750.796116504855,19.411313822224894,7.008244894817334,-1.250645593148637,103,0.9325506462983535,1,0.5764615421832348
fov0,1427,6741.736486486487,11838.783783783783,24.520654187016387,8.30581754949616,-0.8586107073052747,148,0.9408845547878423,1,0.20385796302251977
fov0,1428,6785.426573426574,11865.496503496504,22.960114598450414,8.806694467373271,-0.6278627848142218,143,0.9235139164491111,1,0.4537577735449004
fov0,1429,6835.884831460674,11729.901685393259,46.54328968680001,10.975264728312222,0.8729200384328843,356,0.9717997439974149,1,0.9663084368536656
fov0,1432,6910.188679245283,10487.792452830188,39.30892880383331,11.712042812414996,0.8365806664283235,212,0.9545818947273498,1,0.896905845746777
fov0,1433,6948.326086956522,10499.528985507246,25.000740422140986,7.18908861733657,-0.8454042473707746,138,0.9577641180121944,1,0.4386228590940365
fov0,1434,6971.181818181818,11522.318181818182,30.830848541920975,11.760098504878675,0.9668138227863046,198,0.9243938718216492,1,0.8034886552084739
fov0,1435,7011.425974025974,11576.238961038962,51.4538834203314,11.999369862109718,0.9789899830311599,385,0.9724272830568601,1,0.8078847582266602
fov0,1436,7035.061946902655,11626.902654867257,49.482833219100854,12.379099337907709,-1.251600939039328,339,0.9682020367306944,1,0.9493930925063181
fov0,1437,7107.13880126183,11470.432176656152,55.45785808823901,16.01399103951298,-1.3567988703437612,317,0.9574016248782251,1,0.9865288182868157
fov0,1438,7185.102236421725,4264.047923322683,47.38189692374251,10.7539029986972,0.46240652322922154,313,0.9739035511206219,1,0.44992617159779913
fov0,1439,7212.626411815812,4843.2450043440485,81.38667823534962,35.35797275259336,-1.0218240492012434,1151,0.9006987349162403,1,0.7824911505726443
fov0,1440,7206.852589641434,4315.729083665338,31.82387883714277,13.02516729841712,-0.0029505175756498804,251,0.9124047445858395,1,0.2922644520480035
fov0,1441,7210.475524475524,4355.419580419581,24.76567674280355,7.720824487739955,0.0780030582146326,143,0.9501625105425089,1,0.3099190675146739
fov0,1443,7252.2890625,5095.3359375,39.78601840273901,19.004740501567305,-1.2844274597105358,256,0.8785372473994303,1,0.579164736400216
fov0,1444,7267.972972972973,8072.152027027027,99.59457089017621,19.26719105246439,1.3492856913243612,888,0.9811089051744009,1,0.7634302554662911
fov0,1445,7276.414893617021,4411.303191489362,23.326604560915197,12.815626229602653,0.9773776912852563,188,0.8355597680255112,1,
fov0,1446,7283.439130434783,4384.260869565217,27.448337202588444,11.079819285485238,-0.9928108196858895,230,0.9149086913428959,1,0.41534884822852874
fov0,1447,7311.352066115703,7881.301377410468,194.24829050462358,32.61654492644246,1.325368965078383,1815,0.9858020532742218,1,0.2853803129981728
fov0,1448,7315.300787401575,4970.861417322834,100.79788323453836,57.763436195330534,1.5498624896290425,1270,0.8195120184151898,1,
fov0,1449,7311.439189189189,4352.108108108108,23.539132813406617,8.235607049329353,-0.40762580016780614,148,0.9367987273259957,1,0.3542167554165868
fov0,1450,7359.9402489626555,4891.188381742739,80.07855655600179,39.21264323273247,-0.9122003724377757,1205,0.8719038027718171,1,0.7469664043219262
fov0,1452,7348.183622828784,4361.349875930521,43.369646852261326,13.862492411510337,-1.5325583215140484,403,0.9475404718866867,1,0.6369070053319673
fov0,1454,7379.752744630072,8718.206205250597,165.41435443992376,72.06906931417457,1.403771458145515,2095,0.9000976952526922,1,1.1909761181323764
fov0,1455,7359.918819188192,7790.90036900369,19.665584045323364,17.72307954821422,0.009599665175832418,271,0.43335532608103783,1,
fov0,1456,7389.846153846154,11385.876254180603,46.305822299894686,12.18159520004743,0.812457598815587,299,0.9647772050378326,1,0.736544465918344
fov0,1458,7423.799444444445,9020.281666666666,100.7892472269374,69.95659951903603,0.020445455596716285,1800,0.719890235865582,1,
fov0,1459,7407.6756066411235,10098.6717752235,50.173921827027314,27.49736411935997,-0.15936971535445674,783,0.8364514987623987,1,
fov0,1460,7415.440063091482,10039.236593059937,87.94488323859471,19.09299662340241,-0.6183724935876191,634,0.9761489578138471,1,0.3308878622097281
fov0,1461,7441.865200225607,8783.058657642414,143.0839942077511,68.95439281671982,-1.4891624126619103,1773,0.8762177029390095,1,1.0311962110453656
fov0,1462,7432.676190476191,4291.914285714286,15.887854397606954,11.141938550296436,-0.7885092645269898,105,0.7128794981954454,1,
fov0,1463,7447.009090909091,7997.959090909091,26.584462345746587,13.716681578396397,-1.255196979630202,220,0.8566089977708223,1,
fov0,1464,7447.0,5019.974025974026,27.544531369550935,7.3318162619471225,0.9868113537810845,154,0.9639232117962616,1,0.7517407805212266
fov0,1465,7447.083333333333,9975.166666666666,36.179551581124365,6.5925920252192185,-1.2178793057785586,180,0.9832580198450814,1,0.16452405675391793
fov0,1466,7465.948905109489,8021.167883211679,21.279111755072332,8.95520667770623,0.2020331279129213,137,0.907132586690374,1,0.7039826304560842
fov0,1467,7485.004680187208,10058.160686427456,92.80564758206302,11.453603966855022,-1.088068343824565,641,0.9923551537386393,1,0.1608122703752358
fov0,1469,7493.371647509579,3264.885057471264,41.66569476699855,8.339576792781491,-1.4470079599935644,261,0.9797643448434031,1,0.9027115314994386
fov0,1472,7516.84375,11160.971153846154,58.51046571626579,9.71548731796037,0.03898674089212334,416,0.9861178396589007,1,0.5845936132060647
fov0,1474,7516.714932126697,5651.873303167421,40.18544895333079,9.367691039843002,-0.19752798330363378,221,0.9724500088924667,1,0.43534395623457156
fov0,1475,7509.783269961978,3434.384030418251,26.976995361534364,14.671733997245163,0.7630483195330766,263,0.8391753572997867,1,
fov0,1476,7504.503184713376,3359.9044585987263,31.38700060388346,6.965550765098552,1.2950768473941758,157,0.9750638063784197,1,1.1740828506494811
fov0,1477,7507.195205479452,7916.058219178082,76.37217960422905,11.10579113958255,1.5267580644041852,584,0.9893704969714725,1,1.344919623179328
fov0,1479,7510.416666666667,7756.545138888889,48.42316784467529,10.052517319888198,1.317767217309,288,0.978214380694854,1,0.7685528286704877
fov0,1480,7512.598360655737,11315.442622950819,24.445750458747963,6.763046429329344,-1.0829287439543336,122,0.9609692216333979,1,0.7957054611240871
fov0,1481,7513.06,9405.7,20.68936727625816,6.588814894053246,-1.3079376451359017,100,0.947935017101856,1,0.8405414889463033
fov0,1482,7543.2319902319905,11982.369963369963,62.7957797826209,31.22525024822399,-0.13124634426715628,819,0.8676068610968322,1,0.3237769774355889
fov0,1483,7537.402714932126,4647.081447963801,34.621406325717224,9.122406513886366,-0.7075656303131566,221,0.9646620313834068,1,0.8251001354391291
fov0,1484,7538.096491228071,11247.513157894737,33.79380035568282,8.869578557451069,1.552927095235934,228,0.9649424085878849,1,1.0459074688406214
fov0,1485,7553.416666666667,7711.9625,36.72245354515415,8.551479083344846,0.2470128204681176,240,0.9725083860259687,1,0.6560739728641252
fov0,1486,7544.777358490566,9978.754716981131,40.285451576739476,9.185214895420398,-1.416674400838853,265,0.9736603651053913,1,0.22210723385823158
fov0,1487,7545.482993197279,8887.326530612245,25.938935496655766,7.83102722032132,-1.1179960233917134,147,0.9533388342817045,1,0.6485072525063101
fov0,1488,7548.110236220473,11390.88188976378,36.096906356215705,12.984441407905402,-1.3141383607623591,254,0.9330639062086648,1,0.8706776365619878
fov0,1490,7552.385767790262,3442.299625468165,26.924692932999655,17.945193004556494,-1.1100026980565285,267,0.7455088432069109,1,
fov0,1491,7577.7625,7269.958333333333,64.65866193557058,10.902315912555094,-0.47060804463358485,480,0.9856822642804626,1,0.37809736260605126
fov0,1492,7561.556985294118,4816.724264705882,67.65287978555638,17.52633337235264,1.361678484415992,544,0.9658605233741213,1,0.3379063928430091
fov0,1493,7561.256855575868,7943.923217550274,121.64167406882812,15.345014662640915,-1.4750647087014916,1094,0.9920112643809432,1,0.9816620875121831
fov0,1494,7565.179487179487,5369.4358974358975,44.52160361261315,11.779697988311266,1.4491355652161635,351,0.9643626797232784,1,1.047620214512052
fov0,1496,7573.325112107624,7825.128550074738,121.79834563500535,16.91983085480443,-1.5528601224893177,1338,0.9903040620812232,1,1.413547238603775
fov0,1498,7581.374562427071,5312.052508751459,69.025721319187,20.441878119418146,-1.3139124832141638,857,0.9551418446145366,1,0.7602899218506406
fov0,1499,7579.314960629921,7128.228346456693,22.54521725938192,8.119213209674708,-0.46110460809460085,127,0.9329020589210105,1,0.3821928730693386
fov0,1500,7593.954407294833,11228.875379939209,63.7612170489431,15.945974131026253,0.6829617856862238,658,0.9682228722544631,1,0.6698750350526256
fov0,1501,7582.618181818182,4874.209090909091,16.636740387407883,8.889497556254376,-0.5691833009398569,110,0.845276414991109,1,
fov0,1502,7584.284345047923,7738.2523961661345,39.12031731975681,10.749114798927616,1.1760571936786457,313,0.9615097986906729,1,0.7221916153222429
fov0,1503,7602.246778989098,12001.681863230922,57.07904148150212,38.235353697527245,-0.6952146589408368,1009,0.7424813113091002,1,
fov0,1504,7583.781609195402,3340.9080459770116,32.079055226438975,7.422485141071064,-1.4684498807324793,174,0.9728632044686195,1,0.9104935064866041
fov0,1505,7584.029411764706,8701.598039215687,36.80998530836328,7.414512851256991,-1.4186183361450357,204,0.9795035965484403,1,0.990078027866512
fov0,1506,7599.0541516245485,11913.47833935018,52.073758636465875,17.46771941942029,-0.7454157048186355,554,0.942060903617476,1,0.4811574654100342
fov0,1507,7596.39603960396,4860.009900990099,36.36752913081872,8.482983289479286,0.7512238197295965,202,0.9724151064635581,1,0.16906906783782163
fov0,1508,7594.134453781513,3147.4873949579833,21.61927786198999,7.597815615609229,-0.3680287034180247,119,0.9362115078930885,1,0.6446143814741766
fov0,1509,7600.470297029703,3302.6435643564355,30.99500957332496,8.783149293798003,-1.3013603607797024,202,0.9590097677898244,1,1.0247830261332065
fov0,1510,7619.897660818713,5432.166666666667,50.02501482275374,9.840685493636641,0.12517960637149836,342,0.9804606535412219,1,0.6006155544755929
fov0,1511,7621.663043478261,3542.5896739130435,48.62166399104277,12.897143834877621,0.25922580278161395,368,0.9641782705911917,1,0.37750186166502187
fov0,1512,7612.611347517731,7200.956028368794,93.14651856127941,12.211680487249422,-1.4520554200523683,705,0.9913689051513371,1,0.35399971392309887
fov0,1513,7611.476190476191,9665.132275132275,32.30690920152984,8.155628897829397,-1.3591417709639313,189,0.9676119623370624,1,0.9213801780864411
fov0,1514,7621.380081300813,11591.14837398374,40.69384735201378,25.42543711717567,-0.1424572488952846,492,0.7807863836678267,1,
fov0,1515,7647.012855831038,3484.5123966942147,94.36273284259129,21.019474484430226,0.3172818279354929,1089,0.9748751754892042,1,0.35635481112745027
fov0,1516,7635.177290836654,3093.7868525896415,61.92678939919811,18.99680998305263,0.13715587538562096,502,0.9517861290583887,1,0.5545020572058735
fov0,1517,7619.6274509803925,11630.79411764706,16.861154221063323,7.902509228899013,0.05681256970213709,102,0.8833672808706353,1,0.3833997813498524
fov0,1518,7629.896929824561,11539.122807017544,60.74229295495477,10.891704772309483,1.143279204875238,456,0.9837926097355046,1,0.7058710197303208
fov0,1519,7618.009433962264,11952.641509433963,15.38235727960651,8.942422612870967,-1.4022326209439853,106,0.8136587440751736,1,
fov0,1520,7647.188118811881,3265.5185643564355,85.47208404838598,17.121887631166935,0.8976684943609797,808,0.9797302364747856,1,0.8083310232659909
fov0,1522,7645.088016967126,4770.111346765641,122.79563816759168,23.594333954053592,0.7552310760490241,943,0.9813669197062794,1,0.1684838342926612
fov0,1523,7626.971830985915,5259.880281690141,24.698858617045286,7.675119942622183,-0.6171584612248185,142,0.9504923487474999,1,0.18148756626567472
fov0,1524,7700.351393188855,2975.27786377709,178.61482329099502,47.54699355413171,0.21876138941310785,2584,0.9639182392518038,1,0.5056725342700972
fov0,1525,7623.163120567376,7960.36170212766,24.384451367402978,8.111814183515921,-1.4213017025378507,141,0.9430456356448461,1,0.9630951378775575
fov0,1527,7624.833333333333,11930.588235294117,15.324703756298963,9.302968729223434,-1.3731849932201086,102,0.794658288511418,1,
fov0,1528,7632.795289855072,3154.432971014493,72.89652152609698,13.8853893969254,1.4652708165769666,552,0.9816909168160544,1,0.9521187688891657
fov0,1531,7648.09375,11877.443359375,47.129024394910054,17.602573789578802,0.10272530151357895,512,0.9276311775881577,1,0.34125505023478936
fov0,1533,7638.621794871795,7916.570512820513,27.080255366414548,8.119890153264663,1.0544974503620885,156,0.953987805351274,1,1.1053735161232676
fov0,1534,7636.163157894737,8697.863157894737,33.16805283122818,7.569815033387802,1.4266638295323606,190,0.9736081611867781,1,1.0775577314270817
fov0,1535,7639.299401197605,11267.365269461077,31.195161004671895,7.156889541134478,-1.186811558851625,167,0.973326798109542,1,0.8326961364984682
fov0,1536,7661.211711711711,11933.013513513513,78.64262220854359,24.324863449207545,0.8654967628077477,666,0.9509616188884715,1,0.6247247023605176
fov0,1537,7641.993333333333,11971.973333333333,19.77186957096511,10.171582216147849,-0.48598386623879125,150,0.8575220790490938,1,
fov0,1538,7686.088458298231,5544.8748946925025,122.27162461902856,79.92469321976705,-0.33402205891817294,2374,0.7567839470665378,0,
fov0,1539,7650.461538461538,5313.221153846154,38.433840334544136,7.0951671177435,-0.6725788803069985,208,0.9828123668277713,1,0.2566902778116877
fov0,1540,7668.810294117647,5036.125,72.07624521537323,30.923067786494403,0.516115648308231,680,0.9032889472042173,1,0.3400105048050062
fov0,1541,7655.582914572864,5381.78391959799,34.266864902901254,9.572799407753863,-0.4668925489908914,199,0.9601863670641642,1,0.3166816280300681
fov0,1542,7650.0485436893205,11316.59223300971,19.748993260503514,6.7678246513146565,-0.902006713466476,103,0.9394477638848331,1,0.7411895609033731
fov0,1543,7652.220125786163,10284.006289308176,28.186899640165915,7.4727683529236755,0.9908243034558142,159,0.96421681474744,1,1.0438611814994625
fov0,1544,7654.333333333333,8401.549019607843,22.813791896882485,19.48324992648527,0.8243668554478233,306,0.5202534598616523,1,
fov0,1545,7654.545454545455,11485.266233766233,23.47194411913918,9.942923799631506,0.6057309156105586,154,0.9058451979030013,1,0.7080017732126178
fov0,1546,7660.159453302961,8534.405466970387,61.803162122431964,9.650935010994207,1.1085416899348308,439,0.9877324037957999,1,0.8823370795962697
fov0,1547,7658.277227722772,5121.465346534654,19.004912525286045,7.1794568568299795,0.7508090800351964,101,0.9259000906787392,1,0.5877080920244612
fov0,1548,7675.9046052631575,4884.4473684210525,60.40727184487776,8.564492501295382,0.46925215316525537,304,0.9898983122812675,1,0.3450424864323564
fov0,1549,7677.3751891074135,5474.614220877458,44.396831718375154,23.02581174015029,0.8098983931391635,661,0.8549949201124993,1,
fov0,1551,7666.440677966101,8356.305084745763,20.91046786862519,7.8753006256511,-0.6455281763619438,118,0.9263678361127899,1,0.8690272403962095
fov0,1552,7678.063451776649,4737.842639593909,66.21680555221751,10.726452758052117,0.8231308340407042,394,0.9867924183708764,1,0.16681727779692568
fov0,1555,7678.465753424657,11786.232876712329,22.705388302404565,9.821180382658351,1.2977077632530267,146,0.901610693989124,1,1.005461900854997
fov0,1556,7701.334203655352,3559.32637075718,51.22384917579989,13.579638993573655,0.37404338892314826,383,0.9642198687464122,1,0.33742036433541495
fov0,1557,7700.680584551148,3082.60751565762,163.712225731095,37.963171210093634,-1.5639614890346987,1437,0.9727420978091205,1,1.2490888279886168
fov0,1558,7713.107033639144,3225.92252803262,196.8032582414254,32.347603171722966,1.0143189203115173,1962,0.9863995576129382,1,0.13838224019393877
fov0,1559,7716.441750443524,5392.128917800118,153.91846903828505,35.253235278634556,-0.9707621592438601,1691,0.9734173950657157,1,0.21943610070342975
fov0,1560,7678.906832298137,10031.689440993789,30.424451556872512,7.471679402548896,-1.3494538112325694,161,0.9693759724972978,1,0.9249040703796677
fov0,1561,7683.962962962963,11899.265432098766,20.8619079970299,11.30833733335837,1.1988521700582573,162,0.8403419047622386,1,
fov0,1562,7684.504854368932,11920.873786407767,16.81468610403763,8.1253175315402,-0.633103835898318,103,0.8754948612581483,1,0.4437332098078979
fov0,1563,7690.718367346939,7067.497959183674,72.32149308511458,15.469451465773638,-1.2452354137084631,490,0.9768559134313143,1,0.2810130138268729
fov0,1564,7744.030478955007,11826.102218536182,218.78167517751595,82.99123085173078,-1.1962330333650222,4823,0.9252599922327159,1,0.9013855876257012
fov0,1565,7693.188180404354,5362.0808709175735,52.65528522108606,16.290522459665215,-1.4455933042405065,643,0.9509383046911067,1,0.3842520327119722
fov0,1566,7694.063414634146,11244.878048780487,24.591839088308642,13.995561416690576,0.020924090948022445,205,0.8222585878596663,1,
fov0,1567,7695.45652173913,11335.91847826087,24.672378616087265,12.409944407285861,0.34216359753344133,184,0.8642925918098304,1,
fov0,1568,7697.153846153846,3277.0,32.256561171487306,6.465464394141544,0.9784973148225626,156,0.9797062378839454,1,0.5706792820660023
fov0,1569,7705.11003236246,8150.022653721683,75.29658634407966,31.334020894865365,1.2002452721895367,927,0.9092999511171947,1,0.7252103745458587
fov0,1570,7718.686371100164,8319.147783251232,74.06858024064509,21.248417449875298,0.24711260635632148,609,0.9579680499770736,1,0.4765957756143735
fov0,1571,7722.809004092769,8083.884038199181,73.56700306538607,22.137061362959233,0.7920724071333246,733,0.9536524804783898,1,0.8379839814588735
fov0,1572,7707.988326848249,8365.622568093386,25.08658887712789,15.63917950004637,-1.3389325393239453,257,0.7818967324781817,1,
fov0,1573,7710.633928571428,11936.419642857143,21.834036512340774,6.742104421228542,-0.04105286345098821,112,0.9511306533688326,1,0.3249188121540678
fov0,1574,7723.69723104857,3424.140717203813,178.18648280191258,31.143218195393256,1.4486825926678524,2203,0.9846077259016325,1,0.3718598076154329
fov0,1576,7715.93,2901.366666666667,31.88067635214912,12.825221150207991,-0.6798814781018637,300,0.9155130652821901,1,0.36051941027169326
fov0,1578,7735.129796839729,2855.4142212189618,48.94602514703131,34.5602299879159,-0.7717085979204455,886,0.7081235061914796,1,
fov0,1580,7723.388888888889,5313.047619047619,39.39825843126706,8.950689867892125,-0.6830168096524063,252,0.9738516395414715,1,0.24671075031395462
fov0,1581,7720.796019900497,5220.124378109453,32.776187695494144,7.924539430106758,-0.8018984820038035,201,0.9703317569495855,1,0.1361770184018472
fov0,1582,7738.866510538642,11582.710772833723,84.7053410852798,30.819257094510046,0.8536221297195721,854,0.9314611581709152,1,0.8546121766742262
fov0,1583,7729.230452674897,10942.22633744856,39.14759660803934,9.663579252258343,0.4659799403821465,243,0.9690537344148573,1,0.7918698466640104
fov0,1585,7727.125,11658.6328125,21.022934300324863,8.746656895164254,0.5418895766520215,128,0.9093403222145685,1,0.4103177664683539
fov0,1586,7728.0362903225805,9558.560483870968,35.0517008242754,10.716671677517306,1.2430886317313554,248,0.952115365266989,1,0.9235988173763309
fov0,1588,7742.31797752809,11005.22808988764,138.46994318648626,25.092054429675045,-1.1989734022051597,890,0.9834445361530944,1,0.517730622093084
fov0,1589,7741.0921568627455,11514.509803921568,55.78392212959619,24.272976580658746,-1.3902545348050708,510,0.9003700761005222,1,0.7664473267840759
fov0,1590,7741.905555555555,3328.4444444444443,51.35418126091937,11.41443391450223,1.050815922596114,360,0.9749854183960155,1,0.1786519828535868
fov0,1592,7763.571899568856,3137.6332741567335,356.8355959001081,60.18726148204522,1.5529948618083298,3943,0.985672673220838,1,0.82007862038331
fov0,1594,7756.778735632184,3450.0919540229884,31.650936720509492,16.520646876481823,0.08519841229823352,348,0.8529675670084615,1,
fov0,1595,7772.741092636579,5680.508313539192,90.49216017673488,67.43119644901012,-0.3470738541132656,1263,0.6668850073834649,1,
fov0,1598,7752.409090909091,8627.298701298701,28.13045174405322,8.045388954388116,-0.3245766761726174,154,0.9582287713562327,1,0.4904660264522408
fov0,1599,7749.767605633803,9967.352112676057,24.430554201921353,7.905526980302999,1.2495989187972838,142,0.9461967806636162,1,1.1528557995665505
fov0,1600,7755.251141552511,8505.707762557078,60.06854431361185,18.403564623667886,-1.5679935889836236,438,0.9519105540183931,1,1.1679585331973554
fov0,1601,7796.0915576694415,5179.146254458978,98.51900628722007,12.582470570892406,-0.339647635679222,841,0.9918107575756483,1,0.5654901551886199
fov0,1602,7764.8,7857.7891891891895,34.656365269587305,7.595616844060505,-0.09688186533283123,185,0.9756868083695672,1,0.6271124754586306
fov0,1603,7764.200757575758,5505.458333333333,29.72171700897294,12.2006554537966,-0.5772534946587005,264,0.9118622545837918,1,0.14175216157209466
fov0,1604,7757.8125,10061.254807692309,35.85454135681904,7.918123930411783,-1.4707364753160617,208,0.9753100060789844,1,0.9676357217245123
fov0,1605,7776.691056910569,3384.829268292683,47.51499242547595,10.318307699798861,0.6107133571985607,369,0.9761362474869598,1,0.34573125382707515
fov0,1606,7769.632558139535,8407.995348837208,34.570926564913464,8.802338987540818,0.842954521277654,215,0.9670420264127624,1,0.8644633617502859
fov0,1608,7769.080459770115,8843.71264367816,32.908443365636174,7.158336418039953,-1.2778536923348331,174,0.9760552421847748,1,0.9974989627695671
fov0,1609,7781.4029535864975,11470.090717299578,44.68004319978926,22.488674737119442,0.6277545635510292,474,0.8640959852571457,1,
fov0,1610,7787.233024691358,2846.800925925926,52.103081707818326,20.99883724956165,-0.47752921516214275,648,0.9151890305413883,1,0.22848842086462146
fov0,1611,7774.323809523809,4818.714285714285,18.462957681434975,7.623410120291177,0.9824230093256413,105,0.910775018729785,1,0.4925859580850452
fov0,1612,7783.8,4851.933333333333,38.80857269370669,7.391291728364601,-0.7473960237550695,210,0.9816959018670673,1,0.7004443010599951
fov0,1613,7785.156200941915,8093.136577708006,150.20977447252864,25.398095048280627,-1.5031721481786522,1274,0.9856016149756276,1,1.1607704065368771
fov0,1616,7790.46192893401,10935.888324873096,26.198889779420846,12.255922047170596,0.004114541718017036,197,0.8838327063313053,1,0.5951596750828662
fov0,1617,7798.409217877095,11029.408519553073,143.70246874070702,18.848842162005077,-1.4435577707034783,1432,0.9913604520526723,1,0.13163596929585727
fov0,1618,7816.527331189711,5273.303858520901,82.54108314469056,13.41693420438075,-0.6154331682674523,622,0.9867005450735001,1,0.16695240097613767
fov0,1619,7797.95382031906,8216.318219983208,108.29296130385086,22.299416648031233,1.3773008634211954,1191,0.978569353798786,1,0.7230872478985089
fov0,1620,7797.877300613497,5346.828220858895,26.674329708887896,8.134619299803319,-0.1267526076325487,163,0.9523649716064941,1,0.2970164371810842
fov0,1621,7795.9698275862065,7888.021551724138,31.45352794737563,13.69237628202928,-1.1541383607165001,232,0.9002753824165587,1,0.6234680178857068
fov0,1622,7799.886153846154,11805.018461538462,36.33885516610261,12.128073277731923,-0.893068567826207,325,0.9426618153671386,1,0.7751813850441844
fov0,1623,7793.931034482759,8536.51724137931,20.62275219158049,7.362570394743379,0.8602981745569561,116,0.9340997903738275,1,1.0260312822996955
fov0,1624,7791.467455621302,10697.349112426036,27.770938872317547,8.8986872297715,-1.3655380271557644,169,0.9472716453200973,1,0.7673067418203346
fov0,1625,7807.720973782772,5389.181647940075,46.30715962441126,20.25087802925767,-0.5143756453502094,534,0.8993077392959831,1,0.19294179772863904
fov0,1626,7804.005115089514,5515.631713554987,47.8965872613837,12.095614757181846,-0.6773013915366676,391,0.9675874872802761,1,0.14092293614309054
fov0,1627,7803.877108433735,8574.739759036145,44.772214898655925,14.39086598864837,-0.6738739066617792,415,0.9469353670851293,1,0.43704559465497256
fov0,1628,7795.666666666667,3440.6,22.01601644040115,6.386377200477599,1.180508307672706,105,0.9570027971784771,1,0.17357698637015107
fov0,1629,7851.941573033708,2947.8460674157304,144.26941584790796,28.290878703241475,-0.09581144165440034,1780,0.9805843929297017,1,0.13593305060455058
fov0,1630,7805.019108280255,11598.93949044586,35.08780056870574,14.245067711983806,-0.9161245274904245,314,0.9138804113748042,1,0.6335272182018571
fov0,1632,7810.1814946619215,3170.366548042705,41.03236754785934,9.173053868048301,0.688599739982223,281,0.9746909644272066,1,0.5276941498081035
fov0,1633,7801.292775665399,8444.490494296579,49.951252939681815,7.6760312538125985,1.4844337203440745,263,0.9881221556153956,1,1.0730164381201275
fov0,1635,7804.846153846154,8009.666666666667,22.85673974850922,9.076746721190792,-1.5442129881897932,156,0.9177689997115683,1,0.6940298711662984
fov0,1637,7815.709090909091,9322.572727272727,26.37702924156916,12.702720387732288,0.639516421556277,220,0.8764006640584712,1,0.5848857562414782
fov0,1638,7813.605504587156,11270.261467889908,22.784897891397186,15.84032609557215,0.9428598016364005,218,0.7188051083783328,1,
fov0,1639,7816.608540925267,11756.718861209964,42.66050845676085,9.54301718126393,1.0271613525482572,281,0.9746587931866576,1,0.8755554334919763
fov0,1640,7819.412903225806,8368.406451612904,79.14496597435709,19.75015064266537,1.483839693041224,775,0.9683634631537099,1,0.7569728268264223
fov0,1641,7813.277777777777,11426.645299145299,34.323752633694085,9.364414725884625,-1.4971049048022944,234,0.9620633724202823,1,0.7828189982913573
fov0,1642,7821.315217391304,8299.438405797102,48.46154936334767,7.5432223537523875,1.2233131451014791,276,0.9878116759417461,1,0.2726291522079722
fov0,1643,7820.077253218884,11560.296137339055,38.85017128472571,8.21794644210729,-0.9961423578224321,233,0.9773716738991668,1,0.5544948675700296
fov0,1644,7819.275409836066,11203.724590163934,40.09967884011653,11.961756576568131,1.3843690295707822,305,0.9544719886162919,1,1.1892576133200992
fov0,1645,7822.751677852349,3261.993288590604,39.47762518894738,10.721281355838773,1.1660683725285497,298,0.962416240682182,1,0.595499081483701
fov0,1646,7831.243362831859,4841.115044247787,36.28142587137338,8.163354660329668,0.20701175991452134,226,0.9743585481173141,1,0.32937918525344456
fov0,1647,7823.2114093959735,10652.124161073825,34.409067440080385,13.05514725157179,-1.460360530060955,298,0.9252286129988402,1,0.799934761295018
fov0,1648,7826.167300380228,11697.77186311787,23.38730246025638,17.642324360027143,0.6090579614115,263,0.6564669101348133,1,
fov0,1649,7823.985645933014,10274.612440191388,34.22927966159364,8.84516573481095,1.502258502069825,209,0.9660355120037531,1,1.0924375731866596
fov0,1650,7847.101398601399,5561.379370629371,62.25095718880373,13.299193644070812,-0.2561611785393532,572,0.9769128121858687,1,0.19478879100385174
fov0,1651,7885.133816425121,2859.771497584541,165.22937968935548,63.928981733651604,0.26348731181769575,2070,0.9221172733535806,1,0.2317515792515635
fov0,1652,7834.428184281843,10943.203252032521,35.79292154499497,16.770044013280863,-1.3782548915622526,369,0.8834477873687359,1,0.39419907203261834
fov0,1653,7905.203826342899,2996.4724061810152,204.66634233982145,40.46016130370246,0.03247770819039772,2718,0.9802649118322847,1,0.38134113853920176
fov0,1654,7830.696078431372,7033.764705882353,20.483736117891986,6.496900117043882,-1.3214576334635333,102,0.9483674994077352,1,0.2212960755957603
fov0,1655,7842.038461538462,11795.016483516483,29.962386946124,8.530932135475277,0.12467712851476835,182,0.9586103151048839,1,0.45814442152590296
fov0,1656,7834.79104477612,3339.5174129353236,27.881056819459147,9.47544292978083,1.4425382214080484,201,0.9404788004650599,1,0.6907494605856194
fov0,1657,7860.7928772258665,11426.918462980319,103.00223702040867,25.834514221497972,-1.01579782448992,1067,0.9680350180219578,1,0.7693938294138079
fov0,1658,7838.339449541284,8600.284403669724,19.391604260109787,7.6327644968873924,-1.2059892830023142,109,0.9192767489668541,1,0.5555009663017944
fov0,1659,7871.037267080746,5328.951552795031,113.30497199637229,20.376226985754926,-0.9711518326033082,805,0.9836967449201913,1,0.2663677377845665
fov0,1660,7840.719696969697,11083.780303030304,23.31194477469324,7.968283568918218,-1.2071991691879647,132,0.9397686475150052,1,0.08162459508444
fov0,1661,7851.592760180995,6599.904977375566,38.114130640327254,7.950591235993481,-0.7700680187187227,221,0.9780011348080911,1,0.2682643182420199
fov0,1662,7847.976744186047,11032.33488372093,27.412799680929112,12.12955499170699,-1.1019774964843188,215,0.8967794635735163,1,0.09782587657806006
fov0,1663,7860.190265486725,3837.907079646018,43.9385049997964,6.753574609286339,-0.30036865116374134,226,0.9881167573274168,1,0.7223295397013995
fov0,1664,7846.781456953642,8419.23178807947,25.058606034591374,8.713548007638325,-1.4639590671222125,151,0.9375959135035902,1,1.1912293841307264
fov0,1665,7851.044117647059,10082.56862745098,38.459887154603805,7.645657116969003,1.2797775298114626,204,0.9800409692547306,1,1.0966625792086735
fov0,1666,7850.543859649123,10999.394736842105,20.01425425142652,15.900804942746646,0.8979527852500916,228,0.6072981464365804,1,
fov0,1668,7885.155462184874,5477.785714285715,83.15137600456694,11.983139244525958,-0.3458666352185135,714,0.9895613340745866,1,0.15240789059362048
fov0,1669,7865.26875,10310.65625,18.185898510203586,13.16916266801254,0.7250643359382022,160,0.6896514918415774,1,
fov0,1670,7866.431818181818,3256.2329545454545,28.230258985081502,9.156259338465789,-1.148280671402889,176,0.9459398772860795,1,1.1063686067375424
fov0,1671,7872.469613259668,11700.232044198896,31.149725822739427,7.870537920860554,-0.6522176269664389,181,0.9675530466349924,1,0.6422012467030883
fov0,1673,7866.237804878048,10695.25,28.700089541580514,7.911710541728593,1.5667905283467676,164,0.9612527658614759,1,1.3346715521014954
fov0,1674,7871.914691943128,11543.73933649289,21.779256970487094,16.173986512783205,1.3433536233101098,211,0.6696990384767044,1,
fov0,1675,7886.473053892216,10964.209580838324,45.61795426209542,17.535718356183466,-0.6748719097243053,501,0.9231650239366112,1,0.2621108768080392
fov0,1676,7875.156862745098,8570.519607843138,19.995383425734364,7.36848691160139,-1.2191282740543241,102,0.9296240186859281,1,0.644165075027269
fov0,1677,7880.263537906138,11034.229241877256,46.84892570980902,17.778178756638766,-1.2316982204357807,554,0.9252003918442723,1,0.15346654759938072
fov0,1678,7873.21359223301,10257.213592233009,19.171180258025597,7.166273057407877,-1.3833261969703667,103,0.9275075261792495,1,0.9400473753874788
fov0,1679,7883.817610062893,8657.138364779874,30.92980155915646,6.7436899800363115,-0.5859587088327914,159,0.9759415954972316,1,0.5210630654937543
fov0,1680,7882.726027397261,10767.45890410959,21.860362376354388,10.207067662123915,-0.8943562706498844,146,0.8842989025417499,1,0.6535372268885971
fov0,1681,7911.587301587301,11125.541125541125,64.58067986461674,37.64132465615379,0.7446320199347715,693,0.8125744866724393,1,
fov0,1682,7895.740384615385,11571.778846153846,32.149827967857895,9.392546118273126,0.1597456168513711,208,0.9563727580068628,1,0.416231690629858
fov0,1683,7889.181395348837,8159.106976744186,37.497824036759376,7.878961757164385,1.4934775342300712,215,0.9776760678754157,1,1.069285942962441
fov0,1685,7899.138666666667,8487.242666666667,28.876198985702448,18.785187868350636,-0.02348375361792492,375,0.759470053753287,1,
fov0,1686,7898.365591397849,10516.290322580646,32.15764393182355,7.579748799181199,-0.5970330730076047,186,0.9718244150078912,1,0.7901529251485151
fov0,1687,7898.451219512195,10400.189024390244,36.4992650675465,15.481656833474489,1.437135070096271,328,0.9055856151272279,1,0.653800451889453
fov0,1688,7913.54,5516.378,75.86137194344593,10.687773522027594,-0.8205868567110227,500,0.9900258849354665,1,0.1974331349614604
fov0,1689,7913.68776371308,2836.9367088607596,48.93483205255352,14.632878216942792,-0.16201226582100495,474,0.9542443804466562,1,0.1692006345070308
fov0,1690,7896.582089552238,10103.76119402985,19.838120244455972,15.218339844408485,1.1606746311299312,201,0.6414963323220636,1,
fov0,1691,7943.366801619433,11477.052631578947,90.33226103443144,77.30595776718812,0.1130437513836127,1235,0.517313998326989,1,
fov0,1692,7901.286324786325,3269.0299145299145,25.48344139854042,15.69592951638577,0.9899697118546286,234,0.7878035406136928,1,
fov0,1695,7906.9047619047615,8548.07142857143,19.51747020737654,9.136548580808572,1.298460776926909,126,0.8836640798509451,1,1.0805644602713405
fov0,1696,7910.819767441861,11049.32558139535,31.39220973643154,7.404390822390205,-1.0095530208970989,172,0.9717853110960333,1,0.14538125075849295
fov0,1697,7941.3496621621625,11800.190878378378,107.06562668393991,33.564886429671084,1.0757246759385326,1184,0.9495887784971686,1,0.5826493041177327
fov0,1698,7911.418439716312,5220.0685579196215,49.50731540135469,11.695612334146807,1.5676112602456467,423,0.9716947169012075,1,1.2374406187799731
fov0,1699,7914.38,11363.673333333334,18.810897533837608,10.934914548988688,0.614458098237848,150,0.8136840104640409,1,
fov0,1700,7914.660869565218,6519.673913043478,39.32189866980771,7.785372689378973,-1.1375266797168377,230,0.9802038859734722,1,0.1585833288277951
fov0,1701,7910.677685950413,10171.553719008265,20.83523065148373,7.657094190138272,-1.4417398230708485,121,0.9300207346521742,1,0.5557912767608685
fov0,1702,7913.2488038277515,8451.09090909091,25.94596415010354,10.732950252554664,-1.4567990451073916,209,0.9104289392865926,1,0.9492865336945859
fov0,1703,7922.066326530612,11616.801020408164,31.097485662780798,8.451401394824499,-0.2173668017706586,196,0.9623618902844677,1,0.3056295126876363
fov0,1704,7923.607843137255,3056.297385620915,43.611264638189496,10.12918031782411,0.6230083077611273,306,0.9726535838807413,1,0.6007574041290914
fov0,1705,7931.146529562982,11078.36503856041,29.32566276754931,17.708518144876837,0.06835212515425557,389,0.7970923747852438,1,
fov0,1706,7931.138364779874,9162.270440251572,32.708013559901325,7.000800803199687,-0.3073250104984227,159,0.9768250466791975,1,0.5547924168206962
fov0,1707,7930.022508038585,8505.4115755627,33.287433274641245,14.151002690094982,1.1391516315081303,311,0.905139128000512,1,1.049219135951362
fov0,1709,7932.731092436975,10329.268907563026,19.031454430542677,8.223395598000932,0.054242146567805335,119,0.901828111643264,1,0.6105230229494344
fov0,1710,7929.595628415301,6741.18306010929,56.035795561982724,8.506250837162638,-1.4645600872425768,366,0.9884111834204493,1,0.19313709546936567
fov0,1713,7932.949275362319,3951.5942028985505,27.285489140650338,6.815376903638528,1.4267757836733381,138,0.9683025434431267,1,1.1224526825668424
fov0,1714,7948.893141945773,2956.2998405103667,55.347331414522216,35.12832341723034,0.2737770599124955,627,0.7727679530686311,1,
fov0,1715,7944.053921568628,8544.078431372549,39.645430398304974,14.885734794069672,-1.1604025191328289,408,0.9268338832297711,1,0.8450317159484573
fov0,1716,7950.142394822006,7513.728155339806,51.280005857011915,25.079288093672556,-1.3438123215708686,618,0.872246991877832,1,0.6611294132335321
fov0,1717,7945.644171779141,7455.920245398773,26.010537871405035,10.13766147068035,-0.848228776210327,163,0.9209198168904364,1,0.8542631760201558
fov0,1719,7959.399481193255,11168.966277561609,50.65192151241223,27.25882342091704,1.516406495780952,771,0.8428428832941386,1,
fov0,1720,7953.556756756757,5232.086486486486,36.134048661164485,7.236346653490676,-0.7255980600883939,185,0.9797419852471325,1,0.6239786897729668
fov0,1721,7947.693069306931,11357.460396039603,25.454253779489967,11.303817431167445,1.554264028114574,202,0.8959853397703815,1,0.9261208173396628
fov0,1723,7954.074380165289,5282.548209366391,49.4770058821034,10.792274406499592,-1.2661739388765483,363,0.9759203761672629,1,0.8225588026242222
fov0,1724,7959.553072625698,11287.921787709498,33.996818480789294,7.437312336604072,0.19793641878084442,179,0.9757775853735657,1,0.5200103940352667
fov0,1725,8043.5917737789205,11769.321336760926,203.524137748513,60.339610166112394,0.46723507722588686,3890,0.9550409321243873,1,0.26828146624007926
fov0,1726,8017.955011135858,11225.827171492205,131.25580836579582,66.82226049686952,-0.15076534907953335,2245,0.8607077000810189,1,
fov0,1727,7956.1648351648355,7643.851648351649,26.684173226279476,8.798283695216323,-1.3872363226526039,182,0.94407905539349,1,0.8105858102476143
fov0,1728,7956.615,11119.84,26.012108273293183,10.30092341387277,-1.500691042082379,200,0.918248379439704,1,0.37175725022133693
fov0,1729,7956.911764705882,8807.14705882353,20.83509322298737,6.669866991443175,1.4088163893455914,102,0.9473747818389597,1,1.0918350823669776
fov0,1730,7978.262857142857,10108.702857142856,49.854429599088725,11.480937722248987,0.6471531686192115,350,0.9731222302470168,1,0.8194866532216128
fov0,1731,7982.734406438632,3274.5754527162976,76.69539300685464,9.101339859361614,0.886944187271733,497,0.992933909216608,1,0.8309350751574706
fov0,1732,7969.57037037037,10309.785185185185,23.92065250130755,7.925089768253176,0.5512050481053069,135,0.9435228617212681,1,0.7177853293998783
fov0,1733,7972.237785016287,7601.524429967427,56.48824431110352,14.475224220319161,1.2523025542389927,614,0.9666100169370369,1,1.1353462173097868
fov0,1734,7975.059322033899,11610.872881355932,35.14288634657939,9.640221658140156,0.5287900190483668,236,0.9616398850101453,1,0.33465698482497264
fov0,1735,8010.8196981731535,2836.5115170770455,89.33371035536749,23.310762891508876,0.25401452474508407,1259,0.9653549467457628,1,0.47110512512567754
fov0,1736,7974.317948717949,10172.676923076922,18.040986766192553,15.537362520997664,0.17330617819210872,195,0.5082225811769988,1,
fov0,1737,7972.945701357466,9207.470588235294,33.86367940909596,8.821773445805572,1.287649211530466,221,0.9654715768795505,1,0.5058171370336597
fov0,1738,7976.465648854962,10133.923664122138,19.43157024436883,8.953466288503872,-0.6875819760668659,131,0.8875200710627646,1,0.6284752138478782
fov0,1740,7985.161016949152,4783.042372881356,22.767327289961116,7.0628056372567585,-0.18659148671443218,118,0.9506658642669819,1,0.42246000561482017
fov0,1741,7993.841463414634,3067.506097560976,52.22486306170824,9.363393446896435,-0.6492516116817244,328,0.9837962753327248,1,0.49533686573919755
fov0,1742,8003.436893203883,5318.867961165049,63.582104203515264,12.599682467570448,-0.05023315106848179,515,0.9801688830314742,1,0.4201358441043315
fov0,1743,7986.7692307692305,10217.045584045583,54.56709588410899,11.038769025251012,-1.3407562209236636,351,0.9793241829752448,1,0.5015819610631405
fov0,1744,8002.4655172413795,3338.7011494252874,52.19686542971477,9.481629430187278,-0.27036367542143325,348,0.9833630044211321,1,0.5227173704010455
fov0,1745,7988.169642857143,7694.625,20.766778610999758,7.022546633790618,0.4912889570851982,112,0.9410877193591652,1,0.6902468034824277
fov0,1747,8001.831699346405,7815.684640522876,79.99076843362243,12.26109696666277,1.146752232487209,612,0.98818258051674,1,0.8124123720806452
fov0,1748,7996.443877551021,11389.433673469388,35.28678132011226,9.464640717778927,0.6072268415885457,196,0.9633575265836546,1,0.4493758187108264
fov0,1749,8029.343811394892,5250.151277013752,100.01020476161825,26.68141583632796,-0.2539610633179526,1018,0.9637555354813377,1,0.5365775313486661
fov0,1750,7997.018633540372,11116.832298136645,30.92408108590978,16.963708619925182,-0.30556777833892934,322,0.8361113050620184,1,
fov0,1751,8032.098981077147,11837.16593886463,96.58763391673456,20.58988677465321,-0.0064711261468764275,1374,0.9770144436598766,1,0.4420688327164612
fov0,1754,8007.056603773585,11151.404312668463,33.90500945756581,16.49632030552371,-0.1547549083569285,371,0.8736553944916102,1,0.4890310546721203
fov0,1755,7999.752066115702,10158.190082644629,21.837366494736724,7.530489922838481,-1.4356229330546917,121,0.9386599246975716,1,0.8528841798041095
fov0,1756,8014.075993091537,7484.362694300518,36.94628983466411,28.181267540485663,-0.9328283022051089,579,0.6466779825502728,1,
fov0,1757,8013.614718614718,10338.116883116883,28.622872211498848,12.995798497043086,1.3725160479359113,231,0.8909836224458487,1,0.781761626890607
fov0,1758,8021.298076923077,2991.9951923076924,46.12640687683307,14.250840934171976,-1.190959115886523,416,0.9510776650557811,1,0.5020134197610883
fov0,1759,8016.816666666667,11524.375,29.4283912814004,12.049149713196323,1.364840572796989,240,0.912337211389589,1,0.5417601719387163
fov0,1761,8050.499108734402,3006.2094474153296,98.58533302607343,30.468859841371216,-1.0540400449975762,1122,0.9510422886332693,1,0.45630150113296647
fov0,1762,8035.7692307692305,9994.98673740053,45.903624200004685,13.24618004919745,0.6016350503132605,377,0.9574603028704585,1,0.3923111249371961
fov0,1765,8041.888268156425,10082.435754189944,31.26952091428518,7.673970602853481,1.1589987215331798,179,0.9694184276888996,1,0.8183276366788751
fov0,1766,8050.003228410008,7603.937046004843,122.57392601647847,22.562156879393623,-1.2652472276874553,1239,0.9829131763461935,1,0.771415251745015
fov0,1768,8048.712,6670.293333333333,41.679081630084134,12.199713358449815,-1.4823239685884542,375,0.9562025164529583,1,0.2050728021327312
fov0,1770,8062.794701986755,3369.456953642384,27.60350295332052,7.34519516547128,0.13345513442908222,151,0.9639463987135336,1,0.36561024953089727
fov0,1771,8106.074774774775,11731.79099099099,115.15739294675065,34.581213209731416,0.486997415971979,1110,0.9538463127540372,1,0.24646139735580141
fov0,1772,8063.657848324515,2865.7654320987654,40.667788527646636,21.066078295769746,1.3350627480055552,567,0.855378177327011,1,
fov0,1773,8059.107142857143,7826.25,23.20448147507212,7.857467440280963,-0.9571560644969327,140,0.94092374300724,1,0.6597445919272611
fov0,1775,8063.601731601731,11597.926406926406,28.16852980691767,14.969965470455303,-0.39243804150884276,231,0.8470941108737582,1,
fov0,1777,8067.861788617886,11519.975609756097,22.28254260502827,7.201115577608324,1.161245914272058,123,0.9463399116711495,1,0.6696284086936487
fov0,1778,8078.961290322581,11354.6,26.40921335800067,7.740662883911092,-0.5389331317920675,155,0.9560803690118017,1,0.810933747242131
fov0,1780,8079.5649717514125,9699.627118644068,26.42525098413271,11.550983530214493,1.3132232199798783,177,0.8994036020555484,1,0.8692306772596428
fov0,1781,8084.75,3073.1486486486488,24.301496063547223,9.216757087302595,0.7108188903461978,148,0.925287249129111,1,0.8321183247107881
fov0,1782,8105.485488126649,2885.514511873351,94.54569021338445,31.206820048041724,-0.8817335883641036,758,0.9439559993705615,1,0.7798566720689633
fov0,1783,8095.154891304348,2987.3070652173915,52.63300498096811,15.5271276208907,-0.869515278104283,368,0.9554949582573419,1,0.6421322879487098
fov0,1784,8104.24606060606,7485.647272727273,90.06641269039456,22.683289101026475,0.8570643600515119,825,0.9677661002568037,1,0.7411470267271704
fov0,1785,8093.580071174377,8495.697508896797,36.45544318305478,11.046806367815956,-0.8613321325221188,281,0.952983516823601,1,0.5105565205103575
fov0,1786,8109.738219895288,6439.453752181501,97.61356127428832,8.77672534806181,-0.9337697968391474,573,0.9959496260177496,1,0.8863530110944698
fov0,1787,8087.710526315789,11315.890350877193,34.279959315158806,8.558389982317822,1.530772864062422,228,0.968333144285808,1,0.6573443251810034
fov0,1788,8101.830747531735,3719.703808180536,56.40463453803833,21.147895073174695,-1.4887563151162024,709,0.927052368136926,1,0.7969730799182394
fov0,1789,8101.810679611651,9047.519417475729,23.88270328958652,14.740080913121739,-0.0470838291825943,206,0.7868169311698064,1,
fov0,1790,8103.369047619048,3460.3571428571427,30.240936926340304,8.137454154768697,1.03598406940628,168,0.963115770727449,1,0.5541207944327382
fov0,1791,8137.538298623367,3066.4218143310977,149.59413212960027,86.9771055524012,-1.5634567439588707,2833,0.8136031716561384,1,
fov0,1792,8109.873015873016,3381.376984126984,26.495727019928868,14.453542650079473,-0.019438901427833454,252,0.8381077867355889,1,
fov0,1793,8110.148148148148,3238.1111111111113,32.20129911275989,9.74536213026588,-1.348677005788251,216,0.9531053268639749,1,0.7998420157361882
fov0,1794,8106.88275862069,11847.082758620689,26.92517544915366,7.575043010843016,1.213258812209432,145,0.9596090862826407,1,0.496877295262615
fov0,1795,8119.3264,11510.8864,48.79169918987697,32.86705066543939,-1.370618743596541,625,0.7390781251453639,1,
fov0,1797,8112.75,3949.096153846154,22.07344598787126,6.391073654497842,1.569934715770759,104,0.9571669000481762,1,1.1366689108127686
fov0,1799,8123.1030042918455,7450.98712446352,37.525818885416584,9.505417019446929,1.1791807979141637,233,0.9673868896107325,1,0.8631879059459576
fov0,1800,8126.328519855596,7762.440433212996,32.61630686909886,11.555992588222598,0.5069426119513679,277,0.9351314069215213,1,0.7723815716002643
fov0,1802,8131.353535353535,9889.175757575758,46.88506892437908,17.19734833230345,1.3000057239483553,495,0.9303006211132889,1,0.8359522670531054
fov0,1803,8127.477611940299,8045.171641791045,36.92007828675213,10.03628081952556,1.2877110422143618,268,0.9623430226490969,1,0.9702046960845948
fov0,1804,8134.590909090909,9657.59090909091,22.218326978947623,11.105324700043852,0.6214378747367175,154,0.8661251329675402,1,0.7034855299586447
fov0,1805,8137.4296875,8815.9453125,24.908196149007356,7.319823186223486,0.256552104019317,128,0.9558447603605997,1,0.6180205030760526
fov0,1806,8159.6899862825785,11789.550068587105,61.37136089031378,17.215654657120794,0.03918701141801029,729,0.9598493210009308,1,0.3320663115260414
fov0,1807,8137.856770833333,2888.2838541666665,27.62242832511248,18.079934980804957,0.9519775318611499,384,0.7560289165709239,1,
fov0,1808,8154.989010989011,9092.745054945055,64.28741970973134,18.88199510852465,0.6657063756910722,455,0.9558939185245133,1,0.7153184894911795
fov0,1809,8168.175757575757,3430.9778966131908,141.6891407982506,52.4973381828288,0.9037536548605073,2805,0.9288282107132583,1,0.6006620390693942
fov0,1810,8140.806748466258,3679.9815950920247,31.10389265216048,18.0046039235436,-1.0602292112633747,326,0.8154314026965713,1,
fov0,1811,8132.857777777778,7703.253333333333,38.627798602191376,7.844065451209795,-1.5532511127536286,225,0.9791646609066358,1,1.149841405590014
fov0,1812,8264.36762295082,3354.1198087431694,291.05996379655653,166.42921828037677,-0.040937575346092415,7320,0.8203903438363098,0,
fov0,1813,8137.845360824742,7792.701030927835,26.811436329454093,10.26625565294199,-1.1542917086198592,194,0.9237873752842769,1,0.7163113303676012
fov0,1815,8144.782505910165,2966.2789598108748,48.15185122201593,13.243763355244003,1.1210902551952313,423,0.961432319566507,1,0.7273122198747772
fov0,1817,8171.348314606742,7288.004494382022,55.10653551785561,14.067499533261811,-0.40591210486294405,445,0.9668676325863704,1,0.46244113193938824
fov0,1818,8160.777777777777,2917.3333333333335,32.01580601391598,8.247194895277627,1.2228914261363848,198,0.9662522832057076,1,0.566515064194818
fov0,1819,8165.963210702341,8573.438127090301,37.1917500386376,10.753945483058803,-1.0406188938568237,299,0.9572842002446196,1,0.6300799685261003
fov0,1821,8166.234848484848,8891.462121212122,23.403736329931366,7.300623392829944,-1.1502116976532852,132,0.9501009350512107,1,0.601455485126943
fov0,1822,8169.037735849057,3291.4056603773583,16.29093345722998,8.920335152029677,0.8561857550457557,106,0.8367635456583659,1,
fov0,1824,8174.030303030303,7758.643939393939,17.63743659860012,11.503574089106642,1.1703140692074543,132,0.7580255740984813,1,
fov0,1825,8173.245283018868,8242.692722371969,42.90529488886522,13.2398287550018,-1.5294228776248233,371,0.9511975400587735,1,1.072615922568466
fov0,1826,8175.1612903225805,4118.021505376344,27.22123165021453,9.941779477114213,-1.3036628186395,186,0.9309206435645527,1,0.8755849591135741
fov0,1827,8198.690590111642,9458.041467304625,58.16910553475833,37.80730601685817,-0.9201004483939134,627,0.7599726216063163,1,
fov0,1830,8215.50939849624,2969.4501879699246,107.81535140732117,38.72581292939922,0.4285934487553767,1064,0.9332658232191555,1,0.39511969468484837
fov0,1831,8183.881443298969,6676.628865979382,32.14191061519752,8.309402093433967,-1.0371014467984339,194,0.9660052781026084,1,0.4320615495476318
fov0,1832,8178.868020304569,6803.030456852792,32.026553216336694,9.687306765800253,-1.549679791075342,197,0.9531565748346182,1,0.16760018398251267
fov0,1834,8224.452679589509,8385.903648802736,107.37034965933815,42.59788567531506,-1.0785077321743126,1754,0.9179319412864385,1,0.6538903403035498
fov0,1835,8207.340522133938,3033.733257661748,92.4578292666032,19.172019043183155,0.9665289657787548,881,0.9782647871730062,1,0.7759979604103027
fov0,1836,8186.984210526316,7676.2,33.9848511063783,7.721917612924125,1.5307294338556654,190,0.9738442789401062,1,1.2515800737991922
fov0,1837,8190.433333333333,11594.753333333334,23.65524567397472,8.344143448052527,-1.3737189601183604,150,0.9357215014802303,1,1.1006908042897614
fov0,1838,8208.998677248677,7747.900793650793,58.5010233883076,27.216392549153966,1.1374107624775047,756,0.8851901831954622,1,0.7176766834705844
fov0,1840,8245.029883785279,9550.733259546209,141.01933507164682,34.14135102566341,-0.6126449454872691,1807,0.9702502939093824,1,0.5332822110825204
fov0,1841,8202.582887700535,6544.695187165776,25.75733773357031,9.872473191589778,0.5957022231956568,187,0.9236289655522056,1,0.5992490273409554
fov0,1842,8199.29702970297,9694.782178217822,20.417289189676985,6.740829481454432,-0.9210026935344311,101,0.9439274283577007,1,0.6893768708771959
fov0,1843,8214.189393939394,8526.670454545454,40.99622621104858,20.73858291227228,0.6366870760771579,528,0.862612274971923,1,
fov0,1844,8207.357142857143,3281.7785714285715,25.490877535127098,7.208417644541143,-0.8788490523187502,140,0.9591835544098376,1,0.6056034760752232
fov0,1845,8203.05806451613,3913.9870967741936,31.22606567690052,6.57257904378063,-1.515085973092928,155,0.9775973587358857,1,0.9992441315369748
fov0,1846,8209.771739130434,6496.057971014493,46.231415262202034,8.166783973889686,1.2352869195899001,276,0.9842737136370874,1,0.783440697908242
fov0,1847,8210.361538461539,7352.915384615385,19.69557767527735,8.751342479016902,0.4792302539754998,130,0.8958630252734211,1,0.5662518108494676
fov0,1848,8212.058035714286,3980.6741071428573,22.918045179765556,13.690821297178847,-1.1617545901455433,224,0.8019570300667452,1,
fov0,1849,8225.44510978044,7226.956087824351,88.9452606361693,11.726034038464439,0.99711805421409,501,0.9912717708453742,1,0.5377771752350792
fov0,1850,8212.096525096526,7394.590733590733,32.03711773709222,11.095175077499412,-1.3720742752525557,259,0.9381155142062317,1,0.9074688933652257
fov0,1851,8216.951282051283,7466.958974358974,41.45281464730268,13.863779475796447,-1.1143383183107043,390,0.9424144752837477,1,0.9180719551841224
fov0,1852,8213.25,6435.900793650793,30.957216501331946,12.235179822971313,1.4137667236326275,252,0.9185827618042559,1,0.8771935276930116
fov0,1853,8222.477088948786,9875.045822102426,44.077057402742454,13.147970589466642,-0.7353103239649075,371,0.9544736919698035,1,0.528960578054673
fov0,1854,8220.68275862069,6609.020689655173,31.96940771793564,12.304548616534795,-0.7969027764877835,290,0.922964496327803,1,0.6221908220836417
fov0,1855,8217.203814064362,7587.3063170441,80.67415667179915,16.50595596756339,-1.5491121013586981,839,0.9788456061802705,1,1.5147809312735203
fov0,1856,8216.662576687117,7508.509202453988,24.39415440083758,9.063396108390412,1.3996402979424778,163,0.928417079027594,1,0.9694894062729266
fov0,1857,8233.713725490195,3176.0901960784313,33.65190813539524,11.209494281442382,0.33075739197945075,255,0.9428910463270309,1,0.6034262256170257
fov0,1858,8238.83856502242,3506.784753363229,30.982474154220636,11.25986321671666,-0.5048630630977288,223,0.9316227344325834,1,0.5262406197242291
fov0,1859,8232.37037037037,2938.9555555555557,21.50232441195832,8.37730315317601,1.4764853543302778,135,0.9209842172035587,1,0.2802180174830529
fov0,1860,8239.750972762646,3331.350194552529,22.2080988927517,17.647698480992222,0.03682474091967708,257,0.6070659252926106,1,
fov0,1861,8252.622471910112,8474.078651685393,59.63395243704919,36.9243524738542,0.7395841367934755,890,0.7852464179635497,1,
fov0,1862,8242.78911564626,9503.081632653062,27.630022782272636,7.649311260475809,0.34127149233504994,147,0.9609137790876983,1,0.2677988484038509
fov0,1863,8245.457142857143,9587.539682539682,30.408643792200706,19.58512854229252,-0.3253735968992111,315,0.7649711727646002,1,
fov0,1864,8241.052631578947,3967.9774436090224,22.814709557906937,7.668440966647565,-0.18945539410177037,133,0.9418197815539231,1,0.48203156023630617
fov0,1865,8238.81081081081,6556.094594594595,25.567281507561592,7.617788245902496,-1.0559465144071896,148,0.9545812735369588,1,0.9402220927058785
fov0,1866,8245.523316062176,7318.440414507772,32.44972689522418,8.00041962210644,0.409312248500264,193,0.969130547197076,1,0.5378510738676475
fov0,1867,8234.795620437957,7527.664233576642,20.85037384916977,8.48450523594973,1.5461253004401305,137,0.9134622805700864,1,1.0213557774748
fov0,1868,8254.036945812808,7695.891625615764,63.963497866998694,11.369655332857349,-0.9007687518208639,406,0.9840752712363519,1,0.9943634657757194
fov0,1869,8275.264233576643,7409.718734793188,107.37878415811595,68.57347788998604,-1.0791351677249863,2055,0.7695281348919132,1,
fov0,1870,8244.837837837838,9759.192567567568,38.38551888455685,10.992505442435347,-1.259418306917082,296,0.9581187612327571,1,0.5239704099933905
fov0,1871,8249.477777777778,2851.3185185185184,28.615429373898284,13.24415030298755,-0.5815689307565148,270,0.886445762748174,1,0.9455937815885953
fov0,1873,8250.440433212996,8974.205776173285,43.55992128365553,10.127404808356866,-1.4145329898122627,277,0.9725979157635541,1,0.6403681939015832
fov0,1874,8255.795321637426,9228.87134502924,29.35758470451735,9.134698080093608,0.42580012703683057,171,0.9503598597490731,1,0.31169085408554803
fov0,1875,8249.68,3037.78,26.478349189362557,7.372305668707032,-1.3173866009104744,150,0.960457193211789,1,0.961070660939724
fov0,1876,8260.961923847695,3088.809619238477,68.66727631558057,10.824230836585375,-1.0596080544023878,499,0.987497760914514,1,0.6189062581248773
fov0,1877,8254.787878787878,4379.073593073593,40.926339917477925,9.8755668531964,-1.4899415251083923,231,0.970450321326943,1,0.9373232977579055
fov0,1878,8257.045801526718,2899.7786259541986,24.940856484229847,7.139192596763667,1.305928604933608,131,0.9581564933750586,1,0.5225260355343782
fov0,1879,8267.336244541484,7277.366812227075,29.34475238739232,13.167634707606057,-0.477098052520124,229,0.8936714192884615,1,0.6749930527540808
fov0,1880,8265.610062893082,3863.930817610063,25.969749004761148,9.323998930679824,-1.2653710376990575,159,0.9333248355253361,1,0.7825560541070535
fov0,1881,8280.277537796976,3300.142548596112,67.16363268568261,41.41293280845145,0.48462118446956687,926,0.7872784988780466,1,
fov0,1882,8305.795442501325,3669.4658187599366,147.31214943666185,53.63388851873101,-0.6190021048098763,1887,0.9313664022653744,1,0.4339777089459624
fov0,1883,8276.650684931506,8436.616438356165,38.408369887024264,11.474709407481164,0.7215339259187739,292,0.954329705949912,1,0.643552759486652
fov0,1884,8272.931428571428,9488.897142857142,24.936656289688173,9.760493757801278,0.16218111934515958,175,0.9202157609122109,1,0.2552831202722202
fov0,1886,8282.256704980842,7730.109195402299,47.85016253540247,14.690613534296784,-0.7426402350673323,522,0.9517053776404165,1,0.7315029187872045
fov0,1887,8311.110275689223,3230.1992481203006,98.59299945550023,16.28795434140814,0.12441096191405226,798,0.9862594234021284,1,0.4890788470467454
fov0,1888,8303.386336396325,8550.976827806631,117.91430087166236,60.59263148709284,0.7563477364251469,2503,0.8578680193192976,1,
fov0,1889,8308.047254150702,8670.475734355045,88.86544064877779,48.388138391070214,0.05931553013970241,1566,0.8387542237460275,1,
fov0,1890,8284.231818181817,8902.459090909091,37.09076456202902,10.01668743544187,0.1471596554814403,220,0.9628438313510249,1,0.5686351201156679
fov0,1892,8284.931578947368,4089.2842105263157,30.917276478004588,8.39905803334183,0.3465595547873647,190,0.9623926443326475,1,0.5658094344552701
fov0,1893,8282.184940554822,7537.568031704095,92.31517558538097,20.10928861954855,1.4428640262345018,757,0.9759860646449012,1,0.6914679843124727
fov0,1894,8289.895833333334,9111.926136363636,48.94103946153698,40.37286585541437,-1.0990980701117536,528,0.5652368655915101,1,
fov0,1895,8289.557324840764,3915.420382165605,47.16427491427887,11.75281932032715,0.6387048057305755,314,0.9684548691744908,1,0.5391582778761195
fov0,1896,8336.943221320973,3448.024333719583,134.4857958458288,10.904772523337625,-0.2610837102730413,863,0.9967071950691249,1,0.3757883389216484
fov0,1898,8339.164828787,3851.748694138131,162.63859443790767,47.30132538066768,0.9601281886511175,1723,0.9567726079754428,1,0.6214083687799409
fov0,1900,8285.148936170213,9346.021276595744,42.07580746587135,11.484884376696122,1.3924377671301746,282,0.9620262467979078,1,0.4819378334288091
fov0,1901,8307.923469387755,9393.737244897959,54.32118476661605,9.875258719681629,0.017199804390392943,392,0.9833366598994125,1,0.5198209910237698
fov0,1903,8287.830097087379,6783.868932038835,30.5753327579991,8.910812815741568,-1.562571131273229,206,0.9565897299571543,1,0.4333342239777918
fov0,1904,8301.208731241473,7662.261937244202,61.15910018835218,27.41906375503204,1.4927172928110133,733,0.8938713618113923,1,1.0694862090377026
fov0,1905,8295.018987341773,7778.816455696203,26.35479803193183,8.010678838083777,-0.8142269970055245,158,0.9526863150641789,1,0.7559553574934328
fov0,1906,8315.83102143758,7573.15762925599,118.67262648328273,30.548226941542495,-1.2594603547060106,1586,0.9663006925595797,1,1.301697532011405
fov0,1907,8327.094,3967.264,83.09987151812453,9.46249658764518,0.15249574325767087,500,0.9934957766341039,1,0.4585795594532219
fov0,1908,8309.183406113538,7490.6899563318775,42.987103640241266,17.053407541193078,0.8641073139598983,458,0.9179440576586771,1,0.880799169539096
fov0,1910,8304.113733905579,2957.708154506438,44.949127432987275,17.400538155690967,1.221775193160458,466,0.9220309107187766,1,0.6684141193453362
fov0,1911,8305.708920187793,6855.06338028169,46.252784444576086,14.206786716275108,-1.1230680305261111,426,0.9516594123757639,1,0.32669305768931717
fov0,1912,8302.093167701863,7450.198757763975,22.48990164376617,11.153021468744674,-0.9690287688868097,161,0.8683725440506045,1,0.7601951225410694
fov0,1913,8305.494736842105,8121.4315789473685,31.683082124721086,7.967143896681103,1.0198926394523569,190,0.9678667398069024,1,0.3791894885756979
fov0,1914,8305.372093023256,8470.457364341086,21.21402694051736,9.289476201594386,0.7519352617277704,129,0.8990270438061526,1,0.6525782915011475
fov0,1915,8307.778037383177,8993.058411214954,47.535494439727486,11.944625859094193,-1.2424362996580038,428,0.9679149481041042,1,0.5097485342028746
fov0,1917,8327.083429895712,9499.889918887602,54.38339695791886,48.57276535745846,1.3752250904220273,863,0.4497503523582935,1,
fov0,1918,8310.949044585986,9595.019108280254,22.818679457391603,11.018194494556958,0.428251422223175,157,0.8756983612490701,1,0.35944889472494357
fov0,1919,8322.936666666666,9752.12,53.626633469015104,8.997570320303018,-0.5768602013043758,300,0.9858241653197884,1,0.34670429847007783
fov0,1920,8314.877419354838,8943.438709677419,24.461008822322412,8.454268515676556,0.28364904952860454,155,0.9383737375627906,1,0.4341938875280632
fov0,1921,8320.896496815287,7749.668789808918,45.56022224551784,27.864470411525442,-1.1619118959191954,628,0.7911698782864689,1,
fov0,1922,8336.692628650904,3708.147426981919,58.86227838409158,19.38666786766771,-0.14072842351573034,719,0.9442056790911882,1,0.4454185595283862
fov0,1923,8344.3986083499,9372.373757455269,90.65759123283422,29.129080704538165,0.5986188289072095,1006,0.946974478622014,0,0.5664569405884106
fov0,1924,8325.790476190476,9555.318095238095,51.92006891685566,14.52473558780728,0.7860907039865205,525,0.9600723408477175,1,0.4086286264402681
fov0,1925,8394.664228659416,8450.341738042536,296.92797417277825,145.18719693700754,1.2509729644808958,10391,0.8723037626812676,-1,0.6896948542815297
fov0,1926,8326.682926829268,8737.349593495936,24.80236208972298,6.447596573075539,0.205943077782774,123,0.965619662411266,1,0.5527625207197331
fov0,1927,8326.923303834808,7455.961651917404,33.03950426637117,15.260251692185276,-1.187240525713211,339,0.8869429695679282,1,0.8358736247374484
fov0,1928,8327.663265306122,3095.4897959183672,36.49720967967188,11.666060141883799,-1.2142761618366187,294,0.9475382093805718,1,0.38955566595852936
fov0,1929,8329.495708154507,7210.712446351931,41.14210599818744,16.880149526121524,1.371211921306222,466,0.9119555999576638,1,0.5359213304525596
fov0,1930,8336.160194174758,8049.368932038835,32.3349519902075,9.69527894155665,-0.13121668353941687,206,0.9539898257238981,1,0.5388983568342645
fov0,1931,8358.043113772455,7981.537724550898,110.14733588832269,33.50660716937071,-1.0887036975393758,835,0.9526088038819371,1,0.7517327675928156
fov0,1932,8329.6,9146.192857142858,24.260272259466458,7.690333589181208,1.0668664024954444,140,0.9484279169285266,1,0.6238262070408531
fov0,1933,8336.899224806202,8948.53488372093,20.18603708868049,8.940852624916992,-0.31506977882882636,129,0.8965598386869675,1,0.29935985499051165
fov0,1934,8337.179710144928,8839.994202898552,55.66580139359595,8.714546156458024,-1.4347268999544307,345,0.9876698497919202,1,0.7936778490970986
fov0,1935,8347.214285714286,8706.271428571428,45.283850359729534,12.680408532188602,0.7885866010994874,420,0.9599940069882397,1,0.6398336782050369
fov0,1937,8387.269841269841,3121.6031746031745,130.59972328961388,57.67346685932569,-1.2941210211920577,1512,0.8972096666340286,1,0.5720906965474004
fov0,1938,8353.783289817233,6623.441253263708,33.282926179678675,18.477393851407804,1.2245773967072298,383,0.831742681417406,1,
fov0,1940,8356.726457399103,8181.538116591928,32.75097441679423,9.240233732795359,0.41209742390250736,223,0.9593743766382561,1,0.32878577845246665
fov0,1941,8357.828779599271,7592.894353369763,49.06919459810843,15.589100398285895,1.5197634453490154,549,0.9481925311402902,1,1.0040135919878987
fov0,1942,8483.06,8022.488481012659,289.27811309164593,150.70452319017915,-0.9480923160712592,7900,0.8535764545623561,0,
fov0,1944,8362.335877862595,9663.015267175573,23.018188708063736,8.381370172427268,-0.45772178320937934,131,0.9313522574169181,1,0.4617157611427551
fov0,1945,8359.045871559632,7035.339449541284,15.571610589645083,9.093598415759537,1.5346579971841416,109,0.8117639215217534,1,
fov0,1946,8364.615044247788,4066.548672566372,30.874741998473997,10.895550869301536,-1.0935926551407495,226,0.9356628228146038,1,0.9388096361119518
fov0,1947,8364.945454545454,8035.225454545454,39.38136491861984,9.703229995888469,1.3534809740005398,275,0.9691704047820198,1,0.9112961240452064
fov0,1948,8375.286903860711,9455.679031037092,106.40683093096025,23.511401474987927,-1.4226177831623432,1321,0.9752834072784596,1,0.9202055772349524
fov0,1949,8388.905835543766,6967.606100795756,105.80143030531035,16.27598752656242,-1.1731351933598868,754,0.9880965142849311,1,0.7751261475213677
fov0,1950,8370.438095238096,4195.295238095238,16.136260631685364,8.875508600470397,1.4257759470610332,105,0.8351415842743366,1,
fov0,1951,8374.766666666666,8948.75,21.20433086846555,8.46789473892583,-0.27344988993246516,120,0.9167996735312691,1,0.2811548290896805
fov0,1952,8388.536277602523,8010.438485804417,36.37939663732192,13.415603007879334,0.3164682885301761,317,0.9295209714210919,1,0.5122632773969602
fov0,1953,8380.534979423868,7381.152263374485,28.77352920318713,12.470462064800456,-1.2637988706708576,243,0.9012014219603453,1,0.8166424423172608
fov0,1954,8394.829081632653,7063.642857142857,46.003237320611916,13.586084255083387,0.5795391028225286,392,0.9553956544172437,1,0.516370910090999
fov0,1955,8390.779569892473,9140.5,28.03953184629121,9.98368116431102,0.39710857028244506,186,0.9344641082509593,1,0.4818773701542346
fov0,1956,8391.749464668093,10251.899357601713,65.52334311393079,17.895260855387523,-1.084982565739027,467,0.9619820280112181,1,0.8431606789007803
fov0,1957,8391.382716049382,8767.425925925925,25.996355920078763,8.393420054709305,-0.04482996259552618,162,0.9464436295310111,1,0.5711083722155182
fov0,1958,8389.839449541285,3955.7155963302753,36.18213653473511,8.030308522636236,1.3602445864273258,218,0.9750600405218872,1,0.4175532042864176
fov0,1959,8390.209748892172,7126.140324963072,83.82832305779658,11.296988008482433,1.5456739980725385,677,0.9908778087544721,1,0.40351542919711736
fov0,1960,8396.372641509433,9313.235849056604,26.89452301911122,12.309959876968506,0.8821349976358847,212,0.8891002474404944,1,0.3095472407255636
fov0,1961,8396.371681415929,6650.0,22.212192276758714,6.792839931536931,-0.5475725169866332,113,0.9520906892104467,1,0.3104748983354287
fov0,1962,8397.280528052805,6721.201320132013,21.159209316401387,19.955496303517382,-0.038569328987556606,303,0.33247625611642817,1,
fov0,1964,8410.342569269522,3659.5138539042823,38.659164703977176,19.687772991451272,0.5528559498474479,397,0.8606095541332204,1,
fov0,1965,8411.89213483146,2761.570786516854,43.26616282820268,19.272085345203767,0.6729388943119162,445,0.8953163260436068,1,0.17771597002433545
fov0,1966,8401.203252032521,3355.6991869918697,22.724203285379588,7.031126987972452,-1.0778516944771641,123,0.9509282837947569,1,0.8261859317925476
fov0,1967,8410.47533632287,3801.6322869955156,31.623675125300633,9.429159379932736,-0.091782500656202,223,0.954513491608314,1,0.5370468543941204
fov0,1968,8406.567307692309,4435.25,33.87210718874833,8.26904469428446,1.1529037926328842,208,0.969743649707748,1,0.8097964748411124
fov0,1969,8408.686390532544,10303.60946745562,24.50351218532782,9.0476451914799,0.9807372355013063,169,0.9293345878594003,1,0.7989049509349467
fov0,1970,8429.35533596838,4245.220948616601,131.1805895527075,47.029662585921,-1.3468827146553568,2530,0.9335255656869326,0,0.8624852203038369
fov0,1971,8416.907692307692,7030.065384615385,27.81654212639152,15.876587153215398,-0.1859655139035532,260,0.8211164968542561,1,
fov0,1972,8423.725806451614,3295.3575268817203,66.72940559343681,13.16816895274071,0.9995266146155055,372,0.9803357475779466,1,0.7076123890944985
fov0,1973,8407.683333333332,7583.625,20.472765726175425,8.054693398470178,-1.3781604219262318,120,0.9193526275593228,1,0.7350680519864237
fov0,1974,8420.880165289256,4158.462809917355,49.572312533642005,19.329762539373004,1.0167922939185667,484,0.9208442386896142,1,1.0619857021241794
fov0,1975,8425.994722955145,7965.007915567282,40.983341635178675,18.348290788833136,-0.6573351780037769,379,0.8941832279566038,1,0.583874679322261
fov0,1976,8417.944785276073,8962.877300613496,31.997495002287703,7.017470044426551,-0.3906783036979641,163,0.9756545295893316,1,0.4235416790047605
fov0,1979,8420.941278065631,4111.958549222798,37.43915499165438,21.759139946526705,0.855664284900449,579,0.8137702307811009,1,
fov0,1980,8420.962809917355,9688.210743801654,30.836466940705122,12.057002335451143,0.574116924480478,242,0.9203914526864383,1,0.6300823533757821
fov0,1981,8416.2,3903.8883720930235,37.75310620682507,7.8369054782116185,1.085419356670406,215,0.9782173947345891,1,0.6764657581296539
fov0,1982,8424.091168091169,10269.207977207978,32.251242848093405,18.317579016250058,-0.37966113956608116,351,0.8230526671116573,1,
fov0,1983,8419.018518518518,6788.564814814815,20.970166520156162,6.691188711847278,0.0296001042433818,108,0.9477273353444393,1,0.6616493351912524
fov0,1985,8418.399193548386,2864.1451612903224,38.94177796404875,8.890342464967738,1.3222368595002443,248,0.9735912270268108,1,0.7743270760685
fov0,1986,8452.054069119287,3086.8921404682274,163.61491277062757,86.52107367298564,1.5025104652288643,3588,0.8487407222228082,0,
fov0,1987,8426.016216216216,7002.0432432432435,25.860977967640487,14.732846722145094,0.2571864070117134,185,0.8218568157843721,1,
fov0,1989,8441.591397849463,7179.029569892473,65.2251628530849,24.20662287863797,0.36684457716705854,744,0.9285833198261054,1,0.5545142622810978
fov0,1991,8459.71872444808,7126.93376941946,108.46563516015905,23.2674898291566,1.0439741177053727,1223,0.9767207265414197,1,0.6601636643742337
fov0,1992,8429.22256097561,7771.408536585366,41.390763829369035,10.591079710913831,1.5099787006106975,328,0.9667084818211645,1,1.2792811198993588
fov0,1993,8468.765847347995,4392.148124191462,124.18583468313759,38.60434831820341,1.1591382800153862,1546,0.9504558706433638,1,0.8199899436963081
fov0,1995,8434.070512820514,3825.0641025641025,26.334681384766572,7.68486863488755,-1.4565309894893594,156,0.9564746231177679,1,0.891656973715942
fov0,1996,8434.508620689656,4320.939655172414,16.99972225008255,8.791747151400028,-1.5509580676918275,116,0.8558826687746616,1,
fov0,1997,8438.306010928962,6874.639344262295,30.79913463077324,7.70834362574222,-1.185110470517625,183,0.9681740330802513,1,0.7110924236294319
fov0,1998,8449.891373801916,8283.674121405751,38.540374518548255,11.496804249539752,0.8349368473431726,313,0.954470455793626,1,0.5257384880488202
fov0,1999,8451.787671232876,9446.461187214612,27.86592667408689,20.95015692431762,0.47933637088285125,438,0.6593685669618887,1,
fov0,2000,8473.109107303877,10218.779981965736,98.18051074537887,29.491958287020363,0.3706647219236593,1109,0.9538180212764575,1,0.6182195108408942
fov0,2002,8445.001821493624,9885.985428051003,70.20737363753985,10.818569912216764,-1.4141010426157383,549,0.9880561148317617,1,0.9104196906478033
fov0,2003,8449.549019607843,3378.372549019608,34.22762206785253,8.005817223619932,-0.6807092702859044,204,0.9722608252153248,1,0.6701662880537521
fov0,2004,8443.94696969697,6841.924242424242,22.827947093544836,7.774636867282051,1.320066156330275,132,0.9402172127851562,1,1.1215550083582897
fov0,2005,8458.519801980197,7518.242574257426,31.94282327574211,8.618158004456909,-0.9055506096073614,202,0.9629165205115096,1,0.6341315374284829
fov0,2006,8477.8640625,3922.24921875,92.01229165998203,44.29657164668927,0.5030368961088252,1280,0.8764899514838365,1,0.544473029533811
fov0,2007,8471.128070175439,4275.169298245614,125.07402785383341,20.82082816419222,-1.3042578649596899,1140,0.986046850785916,1,0.8480834956505757
fov0,2008,8455.900943396226,9578.915094339623,34.93671992298441,7.822467511045111,-1.411164956022442,212,0.9746112290713859,1,0.7891259762266645
fov0,2010,8458.51633986928,7306.738562091503,29.691194491917038,6.858166497479333,1.195823607235896,153,0.9729577436531266,1,1.1017559726518797
fov0,2011,8498.441756842776,7825.486950986633,169.73928441484216,21.94887714449458,-0.8508543278234381,1571,0.9916043016633251,1,0.7949349913789007
fov0,2012,8463.627450980392,7806.0392156862745,37.837057007290674,7.440882253795433,-1.0130417390657176,204,0.9804725588998101,1,0.8429855856608539
fov0,2013,8471.560897435897,8859.064102564103,58.81209291484442,7.638453909415615,0.881478209371854,312,0.9915298552128994,1,0.692995734985364
fov0,2014,8475.45724059293,4152.503990877994,66.67072911089568,23.182614821337804,-1.5290212173994868,877,0.9375991516361295,1,0.7196039162617778
fov0,2017,8476.09727626459,2911.1673151750974,34.24265196582318,11.96659727615464,0.49054958889184697,257,0.9369495398349014,1,0.5403419411498729
fov0,2018,8494.272628135224,10293.014176663031,108.39239786736135,17.546396270791895,1.1296021888187888,917,0.9868107005535743,1,0.8579249859414178
fov0,2019,8490.365743721828,6544.557630392788,134.41198504097574,31.772170482358547,-1.1917117028450328,1553,0.9716609330496836,1,0.6063700818295803
fov0,2021,8484.233716475095,8449.630268199233,76.63981523026926,11.331208915772482,-1.2936480354375515,522,0.9890097725996061,1,0.9171440692080881
fov0,2023,8496.967409948542,3869.7924528301887,62.85025851949943,13.872731910449147,0.41797276620163937,583,0.9753356917452413,1,0.682233273759996
fov0,2024,8480.538461538461,7691.651821862348,20.036377904336643,15.914666187584386,0.8592551335239516,247,0.6075406562668764,1,
fov0,2026,8489.061224489797,7757.670068027211,28.04231121726768,14.565495373966499,-0.11065697350267348,294,0.8545243270411856,1,
fov0,2027,8491.752489331437,9027.416785206258,61.438083103984916,19.621253327319266,1.1572313617316223,703,0.9476313449503917,1,0.5538456855975957
fov0,2028,8488.159817351598,3270.150684931507,36.399301463961756,8.067024436056345,1.3265189961753048,219,0.9751317876037945,1,1.0242265938860544
fov0,2029,8493.9343832021,4079.1207349081365,30.95101568821676,18.971181737015385,-1.051197608333776,381,0.7901277967232423,1,
fov0,2030,8488.207792207791,8710.863636363636,37.353212499384824,14.472851806158411,1.5455638823790763,308,0.9218867850264593,1,0.8060864776503391
fov0,2031,8499.939929328622,9498.416961130742,40.90572677913197,9.560413703299098,-0.8771364573329913,283,0.9723043726313878,1,0.7596618772767643
fov0,2032,8516.773218142549,4462.154427645788,67.28709165089069,25.58657179541142,-0.14710803432061453,926,0.9248797393078599,1,0.3521925906625281
fov0,2033,8503.273846153847,8830.467692307693,52.56579307634215,9.091123281285663,0.9417725494668328,325,0.9849310417943051,1,0.8073313950544548
fov0,2034,8497.7109375,3044.203125,22.05063332368599,8.102314466363852,0.48436139957135854,128,0.9300466948805971,1,0.709707065030348
fov0,2036,8511.408163265307,3845.6768707482993,50.56506026941264,19.521706562717007,-0.5168394389226043,588,0.9224690425201413,1,0.46481047415830856
fov0,2037,8503.42,8384.56,27.20953568746565,8.369060142724097,0.4722409728367442,150,0.9515228047055773,1,0.6761252051427514
fov0,2038,8511.077777777778,4537.759259259259,40.64567272004423,8.911167434587963,-0.1952891824573273,270,0.9756709040094788,1,0.19733966593744542
fov0,2039,8502.861035422344,7329.550408719346,52.596936665938784,10.11231624306915,-1.5525475296064806,367,0.9813439147056745,1,1.083771169960667
fov0,2040,8502.264957264957,7542.461538461538,40.06330451855924,7.666562317592707,-1.4770956312107146,234,0.9815196831313074,1,0.5010088878072748
fov0,2041,8524.82882882883,3552.798798798799,51.70743906970367,12.907114717510396,0.021577569325144413,333,0.9683443523039569,1,0.5190121115902262
fov0,2042,8503.259615384615,9324.10576923077,32.41549114815953,8.42944009118102,1.548624821154755,208,0.9655968832303077,1,0.7969359319563377
fov0,2043,8504.647887323943,7734.992957746479,18.18378879613746,11.076517584505087,1.356422978457657,142,0.7930608302663017,1,
fov0,2044,8514.027777777777,2901.46875,44.92478882463116,18.045062129906132,-1.500679702760272,576,0.9157832854324353,1,0.8852207623248692
fov0,2045,8545.309951060359,4143.938825448613,94.70492320479258,23.139912916614318,-0.2173744251580702,1226,0.9696903890304108,1,0.6131943756431688
fov0,2046,8528.815642458101,2780.359404096834,70.06714006971947,24.29766243434959,0.4580851910406402,537,0.937947660166165,1,0.2098012952814811
fov0,2047,8521.25,2829.608108108108,22.76268798813823,9.029834030086766,0.607275846192385,148,0.9179506753095469,1,0.5789653854587596
fov0,2048,8522.646706586826,7020.688622754491,63.01512276374028,15.377519512664001,-1.4151212347527151,668,0.9697679262283982,1,0.8128459798001672
fov0,2049,8526.613376835237,10287.955954323003,47.53171188874317,20.247823838363058,-1.3751996029280151,613,0.9047299519590571,1,1.1675856084134169
fov0,2050,8521.182692307691,7268.2307692307695,19.474653847625458,7.240765561564185,-1.0694284097456896,104,0.9283110210101045,1,0.8342586281245329
fov0,2051,8544.51931761164,7632.215755143001,84.82345587014983,75.03452125447453,-1.0751121963971713,1993,0.4663574381079746,0,
fov0,2053,8528.338709677419,6973.572580645161,21.541308702111504,8.45408180164896,-0.6029903457266755,124,0.9197694737632165,1,0.3799183017552486
fov0,2054,8533.546875,6625.375,37.24092826887563,9.647699488606598,-0.9372959146835214,256,0.9658607650603591,1,0.5577762143513478
fov0,2055,8553.51763367463,4416.562002275313,54.914499455665116,47.53131035252423,1.4528613954541152,879,0.5008204643146859,1,
fov0,2058,8533.373626373626,8212.60989010989,33.40873338239946,7.22488785379018,-1.1851018290712534,182,0.97633637164502,1,0.8011645589014601
fov0,2059,8545.72463768116,8365.326086956522,41.6104900544781,15.636895697362933,0.6574048912226292,414,0.9267039747389975,1,0.7365571442912079
fov0,2060,8536.848,8884.784,24.06039126726516,6.961423135114716,1.310979035532758,125,0.9572290355334371,1,0.9032168785739522
fov0,2061,8547.79746835443,2856.3449367088606,39.350035701048036,10.62845477977035,0.5250138701257123,316,0.9628322028472226,1,0.550958675977852
fov0,2062,8544.461009174312,8411.135321100917,31.72575901070039,19.12736650832842,-1.4318768881056467,436,0.7978189941423032,1,
fov0,2064,8542.145833333334,7701.361111111111,21.855569779136857,9.464356225601524,-1.4638851307866223,144,0.9013742587961435,1,1.0115364191418865
fov0,2065,8554.813901345291,7841.961883408072,54.0928875320935,16.760542395323785,1.172089493346357,446,0.9507862891791785,1,1.197498825847519
fov0,2066,8541.436507936507,9243.20634920635,22.615332093731578,7.161915804371008,-1.3854573356693174,126,0.9485310689772285,1,1.2010143030577833
fov0,2067,8562.556313993175,4492.105802047781,43.78225889461048,9.215101212241912,-0.5681420257201414,293,0.9775990913080757,1,0.23782207318566434
fov0,2068,8609.02312599681,7565.974481658693,131.70729993849784,32.31208563795877,0.36671873320949105,1254,0.9694389860994475,1,0.6005918099955234
fov0,2069,8563.758823529412,3917.5176470588235,98.94904476455666,21.80578080495959,-1.3290823966534804,1020,0.9754154865134284,1,0.8471139919494792
fov0,2070,8554.358974358975,6507.139194139194,32.77324792561018,12.812408182745356,-1.548268481727024,273,0.9204157158665466,1,0.6926770982010041
fov0,2071,8554.906779661016,7028.313559322034,21.473567764460025,7.65932511441579,-0.5529678265184049,118,0.9342242559692524,1,0.5070976631086689
fov0,2072,8558.832,6597.728,21.983454301576945,8.576503306737433,-1.3490628461697505,125,0.9207578915329003,1,0.6441211478725682
fov0,2073,8567.80612244898,7063.831632653061,40.94843840936955,14.631773032962508,0.35165049847018975,392,0.9339813024999278,1,0.5771951471545631
fov0,2074,8562.590799031477,7910.7384987893465,56.04912965675416,10.922587855851644,-1.4978529369232954,413,0.9808280374314707,1,0.9445397913736289
fov0,2076,8574.501312335959,6555.262467191601,39.40530931743356,15.041453715218822,1.1886948393384762,381,0.9242815843928301,1,1.2080901859969775
fov0,2077,8569.39393939394,3630.0,24.166976748527407,7.178776285634224,-0.9134066513618594,132,0.9548622368522184,1,0.6567971672754284
fov0,2079,8630.249607535321,6889.604395604396,301.8606699928243,114.71811399413008,-1.4608998289417778,5096,0.9249714342706561,1,0.7878888888043556
fov0,2080,8576.273755656108,2997.737556561086,44.53726520856491,15.366846066438649,1.4618682782511498,442,0.9385903906984642,1,1.0759843770796544
fov0,2081,8578.886178861789,8595.390243902439,20.773848306841632,7.753208415581952,-0.6757579547098918,123,0.9277430097213111,1,0.8853919564867074
fov0,2082,8579.338362068966,8884.32650862069,78.31469769474796,16.65092595909728,-1.5428569280338913,928,0.9771359215807296,1,0.8976766293523772
fov0,2083,8593.847290640395,4476.704433497537,50.82970269311135,16.579083670038575,0.16715850226155818,406,0.9453114038890091,1,0.35648015102891123
fov0,2084,8583.75,7209.086206896552,23.700039171134787,6.81400150666348,-0.9604613988967265,116,0.9577775948407283,1,0.6787951748020538
fov0,2085,8584.87610619469,7407.0353982300885,18.320977174580953,8.885010334864635,0.08899160930521306,113,0.8745342375032055,1,0.5903575274397532
fov0,2086,8588.781893004116,7316.33950617284,42.62304444262285,17.547464749852228,1.3303954887385463,486,0.9113241251243451,1,1.1271918138664745
fov0,2087,8591.080139372822,7478.557491289199,40.31414599487783,9.142734896146319,-0.9478932192811289,287,0.9739443190454038,1,0.4397937752028395
fov0,2088,8607.674377224199,3588.0213523131674,72.4939659583004,13.208542910108793,-0.7903524748715705,562,0.983261127394197,1,0.2393152398380141
fov0,2089,8596.25,4032.958542713568,48.66912604073657,34.6203708553288,-0.844460084417537,796,0.7028465121882003,1,
fov0,2090,8592.96449704142,4370.87573964497,37.67846565882802,21.696738322187663,0.9813330920922598,507,0.8175629586100291,1,
fov0,2091,8596.324061196106,4181.218358831711,45.26812054474765,23.53946805836736,1.47370692305486,719,0.854165649942245,1,
fov0,2092,8589.369127516778,9204.899328859061,24.105634475531385,7.938457199987193,1.0945852841802703,149,0.9442185235794313,1,0.6541770400123297
fov0,2093,8591.668292682927,2934.3658536585367,28.079060554746267,11.317842919785722,-1.3395970243274913,205,0.9151689004017266,1,0.8593726091218424
fov0,2095,8596.759420289854,3855.8579710144927,31.224651622261607,16.84726354065747,1.1167498960091744,345,0.8419535035797713,1,
fov0,2096,8614.316029900332,4287.536544850498,121.60871289851242,39.13712903905571,-1.4153205262942765,2408,0.9467980385099877,1,0.8574799074342999
fov0,2097,8590.028037383177,8577.429906542056,18.063646673154462,7.763226614731832,1.4546891013853394,107,0.9029380486788311,1,1.1530698626066251
fov0,2099,8601.325203252032,2625.6585365853657,29.546940885911802,6.564709463010767,0.43074985162041324,123,0.9750058957321988,1,0.25109903168094116
fov0,2100,8598.640866873066,2773.547987616099,31.21618058363929,17.25803268111122,1.3405015261177324,323,0.8332772368875719,1,
fov0,2101,8599.468926553673,3804.491525423729,26.802235210744517,10.404088551830283,-1.0521269305841743,177,0.9215836249364123,1,0.6618318620010849
fov0,2102,8616.108571428571,4426.34,57.06720817853149,9.482230195669073,-0.5278144054664408,350,0.9860989742408773,1,0.3469127797004155
fov0,2103,8599.231884057972,8096.594202898551,25.128196137882348,7.091973357133441,-0.966785600948332,138,0.9593462727489173,1,0.5299424924145857
fov0,2104,8601.67132867133,8783.143356643357,39.34335334011794,11.994228372890491,-1.086825790713646,286,0.952397064513629,1,0.7726249146648099
fov0,2105,8610.049056603773,2808.7924528301887,33.936591435699434,14.061953429140676,-0.3365001867196949,265,0.9101132336377342,1,0.4766189234861446
fov0,2108,8606.796610169491,5851.75,40.94228432247458,8.475269172810455,-1.177201057676658,236,0.9783398247072184,1,0.33496995740381624
fov0,2109,8605.772357723577,3960.162601626016,20.15300001938182,8.428727655599689,0.7716394741212624,123,0.908337998934124,1,0.580531358130213
fov0,2110,8608.345360824742,8411.154639175258,45.275476861934735,14.114589623603099,-1.535276579980484,388,0.9501644554059335,1,1.055824851961431
fov0,2111,8606.915584415585,4514.175324675325,21.59801923646194,10.643465868895216,-0.7872166358786262,154,0.8701436057204633,1,0.2933101191969036
fov0,2112,8605.127272727274,7982.590909090909,18.005340971651993,8.232856606276389,1.0501354855603602,110,0.8893406449479113,1,0.9182369151416402
fov0,2113,8618.393854748603,8853.40782122905,58.877212588657244,14.267048727723996,-0.830900414828896,358,0.9701967093978497,1,0.5475372477164079
fov0,2114,8609.530973451327,8948.044247787611,20.586695314661185,7.332777036229095,0.4928450494942172,113,0.9344135131628835,1,0.7719375359629524
fov0,2115,8608.0859375,7032.296875,18.501190523561263,9.787881737045401,1.5420094576974954,128,0.8485964869711944,1,
fov0,2116,8636.232323232323,3427.3973063973062,60.8567987709813,49.93190863727409,-0.9286943770471068,594,0.5716723446714451,1,
fov0,2117,8614.16577540107,6582.171122994652,30.486023751766744,8.117058344580308,-1.410278789024107,187,0.9639026083887138,1,0.7033721095367532
fov0,2118,8618.715328467153,3737.978102189781,24.109388992856392,8.643943289534644,-1.0854006819068038,137,0.9335181404388201,1,0.6585430586619128
fov0,2119,8630.353367875648,8044.321243523316,50.138338520580426,30.75887372744628,0.8201039409240439,965,0.7897101666912805,1,
fov0,2120,8631.36642599278,8557.023465703971,46.78557973322804,35.11588979173328,1.2577438683880593,1108,0.6607900431703845,0,
fov0,2121,8645.0,4202.83125,66.91783168833098,42.37650501318161,-0.7029447613713127,800,0.773937673001893,1,
fov0,2122,8621.953642384105,7371.132450331126,25.58485789035268,8.002522738560895,-0.8415583278351276,151,0.9498244308022605,1,0.6098241172092027
fov0,2123,8628.225941422594,5926.251046025104,41.82910717396917,10.170028770404365,-0.5573515759154802,239,0.9699930061664808,1,0.19322387123473295
fov0,2124,8640.97137745975,7641.860465116279,47.14949422200254,34.812035960722824,-0.34332210529118207,559,0.6744361472197244,1,
fov0,2125,8626.843373493975,8670.590361445784,26.61615954822167,8.880547672688754,0.9637051132385679,166,0.9426961450031965,1,0.6700131398800961
fov0,2126,8631.79185520362,7258.923076923077,25.729825119440285,22.532691213395456,-1.43248419427886,442,0.48277920977710653,1,
fov0,2127,8624.257668711656,9963.858895705522,28.340529117453503,7.62610505651128,1.4402087617217982,163,0.9631155081074353,1,1.304564888864172
fov0,2128,8634.37643678161,3775.17816091954,41.196489968856035,12.041329621558981,-0.8530711995038992,348,0.9563296756358336,1,0.6393625162638763
fov0,2129,8675.245985650838,4106.860266484455,103.02815227237089,88.90388156200676,-0.46351415862172884,2927,0.5053599697890397,1,
fov0,2130,8659.63184079602,3920.7611940298507,62.52083215177212,22.095182850107566,-0.1573275501557188,603,0.935470370287018,1,0.4700513049182822
fov0,2131,8640.649635036496,10242.206204379561,53.63824225307503,16.949119638771602,1.2591097570731828,548,0.9487626974417299,1,1.0454798366000237
fov0,2132,8643.846283783783,4378.988175675676,46.45808338909405,18.265940171641493,-1.4868936709707277,592,0.9194656536910918,1,0.767914008744346
fov0,2134,8644.3723150358,6119.510739856802,29.57783084569715,20.773157357954748,-1.55988414664301,419,0.7118595340691546,1,
fov0,2135,8645.82142857143,6551.375,20.61545887677753,7.5941571386713695,-0.44405258384039614,112,0.9296784895169242,1,0.5936009576910644
fov0,2136,8645.096618357487,7299.169082125604,23.100153784626443,13.139102577916542,-1.0415191901334335,207,0.8224838022657185,1,
fov0,2137,8660.401028277634,3705.1227506426735,99.66102507787964,48.464462458303494,1.532651510912282,1556,0.8737957902824702,1,1.2522823404307268
fov0,2138,8655.641390205372,8882.243285939969,65.91239999568184,23.462676526661436,-1.2300806993753306,633,0.934498310700204,1,0.7524820371211184
fov0,2139,8652.032258064517,8942.770609318997,22.776039191489733,17.997787358229115,-0.3154310218590895,279,0.6128399262817983,1,
fov0,2140,8650.8,2842.0307692307692,25.546403346030914,7.861491666969402,0.8341252779825866,130,0.9514724961934996,1,0.6388386062276739
fov0,2141,8646.857142857143,10381.70588235294,14.117762855110675,10.845903396882333,0.9885942258097462,119,0.6401557069517914,1,
fov0,2142,8653.15652173913,10186.11304347826,40.93872393244141,7.704211279630987,-0.9549143720522061,230,0.9821328614977409,1,0.5699973383871823
fov0,2143,8674.716382575758,9724.989109848484,250.33375467064917,76.25601569209492,-1.2281309048314029,2112,0.9524747996500872,1,0.9197245521138466
fov0,2144,8659.84677419355,4327.241935483871,21.80453083784636,8.517075948009063,-0.7691665944663958,124,0.920556101295546,1,0.663401455935178
fov0,2145,8698.988904299584,2681.852981969487,81.46984291038522,21.006784555582023,0.1660826723039482,721,0.9661856627378892,1,0.27673679073387303
fov0,2146,8663.617728531855,4415.193905817175,43.49000308402863,15.221217982038363,-1.2497070086700097,361,0.936752131886923,1,0.683346446030588
fov0,2147,8715.636783124588,7411.916941331576,119.9389865225727,37.134885468536744,-0.5253384278870372,1517,0.9508620693227509,1,0.4438189229705852
fov0,2148,8671.307692307691,8786.299145299145,52.10489496321087,15.06952508775933,1.1852910016547686,468,0.957264120384347,1,0.9718109160912931
fov0,2149,8682.390986601706,4198.003045066991,109.6397507577805,37.380445886346735,-1.4788089527250228,1642,0.9400854905210946,1,0.9070321941833251
fov0,2150,8670.794520547945,2868.9931506849316,17.453828832272045,10.833858551193115,1.137825081150562,146,0.7840360449629763,1,
fov0,2151,8690.691151919866,2919.2554257095157,58.40516400647664,25.460492854973428,-0.6573864685711044,599,0.8999811577907646,1,0.47910194099646897
fov0,2153,8698.946808510638,7639.58358662614,92.817404657944,26.005499676746634,0.8153514685950565,1316,0.9599477356438885,1,0.55364352814522
fov0,2154,8694.232206405693,10209.368327402135,101.70748532680842,15.534566409492404,-1.1136920806327963,1124,0.9882667645521666,1,0.8890143836269586
fov0,2155,8695.027308192457,3021.8634590377114,58.657277211905416,36.12651985574612,1.254396396832932,769,0.7878309657944639,1,
fov0,2156,8681.038834951456,3971.0776699029125,17.03875384697883,8.19465972907989,0.9816563041608114,103,0.8767521749146785,1,0.44112446761613544
fov0,2157,8704.7004048583,5750.526315789473,71.37998066880428,13.239071937035867,-0.8341505784066082,494,0.9826493269948307,1,0.24763939445455374
fov0,2158,8687.64637002342,3099.9180327868853,65.73386247425051,20.675821660884576,-1.4297665153134969,427,0.9492447611793113,1,0.8270788790228812
fov0,2159,8767.308703374778,3862.7079928952044,162.47060640406812,71.13335385122896,-0.3937729211189202,2815,0.8990612318328565,1,0.4860985786852374
fov0,2160,8694.009273570324,4354.499227202473,53.52884539004322,17.8474506774257,1.33158962516071,647,0.9427793006270251,1,1.1084268969326514
fov0,2161,8743.761142857144,10305.255714285715,149.34850467698496,100.71962746144919,0.674127778016576,3500,0.7383723370646553,1,
fov0,2162,8686.979423868313,7377.255144032922,35.83441359850594,10.208462544357639,-1.3581487564298853,243,0.9585635629912885,1,0.5560962853568422
fov0,2163,8707.582524271844,5822.002427184466,71.03904333024227,8.770295314939778,-0.609802071727448,412,0.9923498734491117,1,0.18539325985521996
fov0,2164,8702.200956937799,3766.3516746411483,32.21943465404309,21.55155895844751,-1.1849180962688441,418,0.7433529827996634,1,
fov0,2165,8734.270551508846,3690.537981269511,145.52584936851355,36.60755440220348,-0.9294224384752239,1922,0.967843363157544,1,0.8566688854969896
fov0,2168,8712.205080545229,9782.293680297398,221.81752157403128,19.57465672716926,-1.557899048502136,1614,0.9960986527194631,1,1.0605714793741092
fov0,2169,8720.662436548224,2779.939086294416,54.49738394231205,13.362965018400574,-0.16030261767165416,394,0.9694715581148338,1,0.3757147157679038
fov0,2170,8727.025473071324,4032.6717612809316,90.52317756419468,39.45229836897799,0.2252644189610137,1374,0.9000312422941,1,0.3072713011568241
fov0,2171,8720.029702970298,3801.2093352192364,60.59173678857973,29.330381810717512,0.01599600836173741,707,0.875031652481061,1,0.4321354434293338
fov0,2172,8769.761635788522,3102.1870763669226,177.23079854749946,92.58963997582124,-0.33056209783973955,4426,0.8526857934656801,0,
fov0,2173,8708.23206751055,3655.675105485232,37.09732605280781,8.738430877337745,-1.0136592900115957,237,0.9718612143297849,1,0.6392528606098343
fov0,2174,8740.392128279884,6813.423104956269,206.37054058013408,56.86712258844288,1.3487279698259442,2744,0.9612843512320121,1,0.8994959464406834
fov0,2175,8717.737410071943,4318.104316546763,29.819121447006456,12.928810475991776,0.5330623076566402,278,0.9011177274056047,1,0.6805790780518071
fov0,2176,8747.315488721804,9023.657142857142,137.6899766664899,104.95638328682729,-1.4415001657501176,3325,0.6472639297084941,1,
fov0,2177,8731.518005540167,2822.0027700831024,55.42338544515691,10.080525633666815,-0.5608579221091836,361,0.983320332396216,1,0.44592568265982413
fov0,2178,8734.73489010989,2962.184065934066,51.02956799610299,25.69577042504203,-1.2945864803975862,728,0.8639680108187,1,
fov0,2179,8727.839285714286,3612.9675324675327,69.3707504667163,20.122256627033316,-1.228655889860155,616,0.9570059421069083,1,0.5943228912607431
fov0,2180,8728.111111111111,5904.117647058823,30.1044172264851,7.016170460426636,-0.19158483561726633,153,0.9724620788301885,1,0.32529035451818533
fov0,2181,8720.542372881357,10218.889830508475,17.42803796443549,8.995661409557417,1.2989339803041058,118,0.8564919955605861,1,
fov0,2182,8745.076923076924,3203.453095684803,75.90569575194945,47.662080332636876,-1.4140619679908317,1066,0.7782845237002859,1,
fov0,2183,8737.501253132832,7549.877192982456,37.06112588310312,13.894555977200527,-0.29829331811451365,399,0.9270615478921652,1,0.7641989635092915
fov0,2184,8753.288100208769,7326.578288100209,61.08218139986031,24.7976424131963,0.017800117990810164,479,0.9138856094413452,1,0.5702023626045161
fov0,2185,8761.882170542636,3004.1348837209302,72.64929856488841,22.156672079242444,-0.21279430035972036,645,0.9523583633980753,1,0.42536298920899107
fov0,2187,8799.749827387803,6626.668584579977,171.26880034370538,137.82952030633047,0.5727521654771857,4345,0.5936063337638323,1,
fov0,2188,8744.42857142857,2876.71978021978,30.436849913159946,9.614363675403355,0.3291643031027173,182,0.9487994607089446,1,0.5016953523475759
fov0,2190,8779.382413793104,9768.455862068966,163.23693144434336,79.5052682527114,1.2332736920347627,2900,0.8733716254963677,1,0.9544480590917084
fov0,2191,8746.470588235294,3761.63025210084,47.89561182021531,13.33387808070799,1.4519355109191643,476,0.9604667956002502,1,0.9953430389112795
fov0,2192,8751.55023923445,7700.693779904306,21.623083392380128,15.692381312594614,1.0312187045819023,209,0.687986407824178,1,
fov0,2193,8761.473154362417,3965.808724832215,41.176598928056286,10.056126987948952,-0.11375812042204898,298,0.9697199866931872,1,0.2952938819644937
fov0,2194,8779.356622374626,6948.692241748821,129.25051152719175,63.55509778741819,-0.7695642753944999,2333,0.8707532174564556,1,0.5534441728780164
fov0,2197,8762.99074074074,7529.366666666667,73.50393236673266,13.153122403397333,0.910988914232159,540,0.9838591747627446,1,0.6867325495519107
fov0,2198,8747.857142857143,4296.188775510204,30.82601816607111,8.308017791680914,1.5317303995632066,196,0.9629967043781892,1,0.9809073750927386
fov0,2200,8755.514492753624,10068.36231884058,25.361548216231455,7.542613002941771,-0.647345563634189,138,0.9547518855309512,1,0.5969633374785374
fov0,2201,8749.855072463768,5669.217391304348,23.274282979882084,7.8277401124101615,-1.4668414171186053,138,0.9417457227190916,1,0.4304976564677747
fov0,2202,8764.442307692309,5572.416666666667,42.166084534538285,9.672086495141452,-0.5384505043742722,312,0.9733367808403885,1,0.2446358289511741
fov0,2204,8762.044247787611,5499.442477876106,20.160316223114048,7.375482166151205,-0.48270327042217226,113,0.930677135288357,1,0.2635461251682456
fov0,2205,8808.298098434005,9679.93288590604,152.7122657766382,24.53984088128174,0.9090070075463554,1788,0.987004385573421,1,0.563639488214882
fov0,2207,8770.31512605042,7651.928571428572,29.00829832846221,12.028302347568838,-0.9009655945459478,238,0.9099807966582181,1,1.0040138176059124
fov0,2208,8775.376666666667,8924.046666666667,41.435037247441365,10.262202464103773,0.6568530026878158,300,0.9688445329525192,1,0.8156783660422905
fov0,2209,8816.778876582279,3779.2630537974683,128.27339147977816,58.55461116876114,-0.03640648323840205,2528,0.8897321798197206,1,0.46320153489011634
fov0,2210,8776.672364672364,2880.068376068376,27.941004984487513,20.262752587292002,-1.4195846253004076,351,0.688540698870948,1,
fov0,2211,8768.684615384615,7261.838461538461,26.05355578912609,8.568466681702098,-1.4906295375338017,130,0.9443720775448666,1,0.4773619921408428
fov0,2212,8811.30757498729,8304.355363497712,156.50338466378403,41.16506554962868,-0.7505596376785671,1967,0.9647876892769643,1,0.42084181837359724
fov0,2213,8805.149595045259,2943.4878513577896,81.96710361280542,66.51813211093652,1.0401029684025633,2099,0.5843214554343906,1,
fov0,2215,8803.742580645161,7769.46,81.27190604256884,64.4317731255613,-0.49280755625684003,1550,0.6094913850784794,0,
fov0,2216,8801.955512572535,9284.139909735655,147.19308300648342,46.17570516196829,-1.271962503641934,1551,0.949519376175655,1,0.9609118018105743
fov0,2217,8801.727908455181,4172.0425937698665,135.23030794741882,32.18980318105721,-1.2590034017398555,1573,0.9712561117549725,1,1.0048081431238136
fov0,2218,8785.524940617577,7063.178147268409,51.08363298340089,11.837650891878706,-1.4261606500540422,421,0.9727799538259826,1,0.5719107594584023
fov0,2219,8792.96017699115,9418.433628318584,32.48630300686587,9.167806966271362,-0.6762540409025009,226,0.9593540364517728,1,0.7326915567875266
fov0,2221,8786.818930041152,7621.757201646091,29.94880221110989,11.204267248146481,1.5344607764610378,243,0.927382708798204,1,0.8259835614031504
fov0,2223,8790.604278074867,3670.096256684492,23.817970982185074,11.28612787624221,-0.9777505618121701,187,0.8806059735897571,1,0.5240801738241596
fov0,2224,8796.414634146342,2811.448780487805,77.91809849115175,10.141758116016794,-1.0928665587567679,410,0.9914931064544539,1,0.46529007233806186
fov0,2225,8789.49152542373,3037.6186440677966,19.64259067172602,9.643293391180638,-1.1732817107663198,118,0.871194535994451,1,0.31402338028803667
fov0,2226,8797.253378378378,3470.439189189189,19.857271821075237,18.982415774505704,1.4924298694606812,296,0.2935530399196609,1,
fov0,2227,8798.466666666667,6653.940740740741,25.789985733410674,6.946547587659691,0.7554009000496157,135,0.963042193070946,1,0.6373026132171972
fov0,2229,8815.430051813471,10173.467357512953,65.07952439700077,37.4376243344778,0.18135204012802322,965,0.8179708654431085,1,
fov0,2230,8803.771428571428,7509.8042857142855,61.216396116813186,24.88501683334674,-1.3861228615619356,700,0.9136467706067957,1,1.1955956081353625
fov0,2231,8809.772727272728,3176.7393939393937,28.59795925587962,17.866202942271745,1.2242532894241842,330,0.7808352548530677,1,
fov0,2232,8803.118918918919,7585.967567567567,30.99147448928666,9.120159193817889,1.5290754703376093,185,0.9557193667347281,1,0.7026342930568702
fov0,2233,8849.343724364233,6992.444626743232,132.92845206792458,31.24643811328131,-0.3107990219388006,1219,0.9719803597199344,1,0.4667484466249859
fov0,2234,8814.273127753304,9204.819383259912,35.31231346710083,8.730616083215864,1.2457826182739065,227,0.96895427476139,1,0.897018455212049
fov0,2235,8816.61052631579,3644.7263157894736,32.06447944464363,7.967796335414285,1.1064666990433527,190,0.968633710674976,1,1.0964711140234402
fov0,2236,8825.463709677419,9342.033602150537,109.97410813673149,21.429565896934736,-1.2713022435429955,744,0.9808310459818064,1,0.9606560331979244
fov0,2237,8821.253731343284,2761.373134328358,23.659743149208765,7.6998163080298765,-0.5552447986864653,134,0.9455628457814803,1,0.18392104490707586
fov0,2238,8832.532828282829,3143.060606060606,41.52698057177465,15.189028909459873,-0.4116339366553078,396,0.930708063679658,1,0.39401371547825514
fov0,2239,8830.079439252337,10134.728971962617,35.863859701616484,7.975594170426073,0.3684708142389596,214,0.9749588663624194,1,0.5651840749811976
fov0,2241,8819.415662650603,9126.186746987953,32.898242253296274,7.084524510032823,1.5524776006935535,166,0.9765376814263569,1,1.268213060826455
fov0,2242,8832.5786163522,8951.383647798742,52.96046540062495,9.973834983845338,-1.0294586449888778,318,0.9821065628638636,1,0.7780042078469329
fov0,2243,8838.760736196318,7575.641104294478,38.445889171395216,12.55630038976711,0.25944574987116914,326,0.9451637942519154,1,0.6482329834873821
fov0,2244,8857.65034965035,9649.65909090909,98.78949952814409,19.490923940422693,0.9773921982832564,1144,0.9803436570304407,1,0.578364008644624
fov0,2245,8827.126262626263,10271.232323232323,30.11145491469907,8.691096416016512,1.4887427779275924,198,0.9574404430360263,1,0.8564866007825457
fov0,2246,8851.565573770491,4084.3872950819673,59.49935539250671,11.981430248070506,-0.5976625882487752,488,0.9795150933733787,1,0.6118158143902456
fov0,2247,8853.708108108109,3939.1364864864863,93.71637322993887,61.28031833242514,1.3996138420894029,1480,0.7565885319778927,1,
fov0,2248,8867.08253968254,7512.608888888889,112.16867949627087,36.89899200196085,1.141362420560476,1575,0.9443439082080608,1,0.6802024436051853
fov0,2249,8859.66066066066,9380.366366366366,79.03511546333209,37.03915433848567,1.5705213303116958,666,0.8833883154611004,1,1.1597826888418927
fov0,2250,8879.318169132011,2906.393245883338,215.8964308206382,63.59195864319439,1.508711229711483,3583,0.9556365479283897,1,1.0952848966749102
fov0,2251,8883.52288218111,9604.91723466407,91.15971542726895,31.589390147981995,0.449463535327168,1027,0.9380396438822983,1,0.47599925090418593
fov0,2252,8859.913793103447,9767.387931034482,19.440094319171923,8.143377658374174,0.4450917204040913,116,0.9080342202414138,1,0.5043026460326417
fov0,2253,8883.697101449276,9122.753140096618,101.52967660215477,76.35061910200524,-1.4448139825899127,2070,0.6591597089789071,1,
fov0,2254,8867.73900293255,3648.2258064516127,63.23066631843239,7.850545682080492,-1.1944850141143168,341,0.9922625545337378,1,0.6900007216901162
fov0,2255,8864.245989304813,6879.860962566845,32.65105569387298,7.90924910664934,0.8879895330608475,187,0.9702174491633956,1,0.535027155998
fov0,2256,8868.478947368421,7031.678947368421,33.45401176094126,9.433097864749964,0.4599633798304464,190,0.9594226056607684,1,0.7550615069319772
fov0,2258,8873.516129032258,9305.548387096775,16.47561922602176,10.410730788567367,-0.9075779473115112,124,0.7750604676485603,1,
fov0,2260,8878.800847457627,8964.597457627118,30.935241185656416,10.591996926581281,-1.3960071414740225,236,0.9395569826926247,1,0.9029222926129933
fov0,2261,8880.649425287356,3069.7787356321837,54.43449862300626,14.062993094509126,-1.269941327768253,348,0.9660521687114886,1,0.36319636223232554
fov0,2262,8881.715517241379,3119.301724137931,23.57273712271106,7.079993104211906,-0.7729593724982994,116,0.9538301094278845,1,0.2307040876603984
fov0,2263,8890.564655172413,7443.3448275862065,40.57517829704141,7.716708718122672,0.6769682440282042,232,0.9817486594898926,1,0.5600426697310993
fov0,2264,8883.016736401674,4127.589958158996,36.013044286932335,9.445610990114142,1.54819256046842,239,0.9649909860800429,1,0.9730181541468436
fov0,2265,8885.062937062938,9709.335664335664,22.586487935503676,8.572919358525809,-1.2722744397173005,143,0.9251672688503959,1,1.0441018035562895
fov0,2267,8941.430042115115,3558.868975198877,145.74527526419797,118.69613009104026,0.4746936045708937,4274,0.5802925778815723,-1,
fov0,2268,8902.188647746243,3787.318864774624,70.21698241561441,20.98413929265483,-1.0791297960931212,599,0.9543010165401801,1,0.6218185289939375
fov0,2269,8917.342586750789,3035.3394321766564,87.25644680872308,70.36571017194801,-0.8757975398086827,1585,0.5913374774640647,1,
fov0,2270,8934.738492665656,2891.944865958523,149.4830879926709,53.0683458057989,1.4796506768785858,1977,0.9348616020297785,1,0.8845620951137723
fov0,2271,8917.022304832713,3680.7230483271373,43.36518984188427,24.702433975910985,0.5735174573037976,538,0.8218961205316074,1,
fov0,2274,8916.294710327456,9468.090680100755,49.02358775205952,10.693007739548893,1.006731453231039,397,0.9759220352269905,1,0.5505138340610197
fov0,2275,8918.307493540051,9647.57622739018,51.096430181193774,11.101768996935856,0.8896788337815713,387,0.9761113369879173,1,0.5520169935583934
fov0,2276,8912.88785046729,2816.373831775701,18.769807546185902,7.434767840393826,-0.8653789982759097,107,0.9182062966983844,1,0.9426538914387658
fov0,2277,8920.735701906413,7102.51993067591,112.31705084064546,34.14372866696861,-1.399770277700775,1154,0.9526738920001582,1,0.6910156330705804
fov0,2278,8923.729559748428,3912.364779874214,26.82659641886579,8.028441420740675,-1.2568772607714376,159,0.9541679321631186,1,0.7426990952951237
fov0,2280,8942.337883959044,3821.0836177474403,100.6211239763484,20.76958845169129,-1.112476168660526,1172,0.978464789154351,1,0.8439950272551443
fov0,2281,8929.342391304348,7488.260869565217,29.277907917948305,8.4911967205902,1.2869131402469125,184,0.9570203998047434,1,0.3009854930491037
fov0,2282,8957.435736677116,7115.265412748171,112.60469254980083,12.702095243805642,-1.2096638774144863,957,0.9936174249444968,1,0.6110056983963459
fov0,2283,8948.252747252747,3640.0494505494507,29.73657264494892,7.980351612107595,0.076223743330765,182,0.9633164011384787,1,0.49127021467674903
fov0,2284,8962.803451581975,8507.817833173538,74.99821812700694,53.56689802930423,0.6038133625265828,1043,0.6998985432370035,1,
fov0,2286,8953.277580071175,9638.03202846975,31.550940364766806,14.153730381273977,0.8834275348794464,281,0.8937329860919541,1,0.5502410944812214
fov0,2287,8962.297959183674,4023.665306122449,45.53819603200702,7.441109565330003,-0.07821807557433,245,0.9865592896311486,1,0.6457464962105856
fov0,2288,8973.895989974937,2970.7944862155387,64.34735706919348,32.142888255773045,-1.0968651292423601,798,0.8663014903027348,1,0.9225831205698912
fov0,2289,8956.87356321839,2243.9616858237546,28.15473594826129,12.816901155135263,0.5627592709948951,261,0.8903735044375417,1,0.20624246638220228
fov0,2290,8958.673640167364,10208.65690376569,30.675694208113942,11.33808837072644,-0.42350745862015066,239,0.9291863982331656,1,0.54831496774076
fov0,2291,8954.308016877638,3908.3459915611816,41.24736201394601,8.171051203539372,1.4604647911210396,237,0.9801820656938579,1,1.1942847922808824
fov0,2292,8962.100671140939,6467.912751677853,23.835135556579544,8.26927356640473,-0.04878879170335932,149,0.937888697445409,1,0.6261437248159778
fov0,2294,8974.675862068965,3704.4741379310344,57.833393736981684,21.67614118809369,-0.3811200409438782,580,0.9271043950621286,1,0.4281471433975909
fov0,2295,8959.337278106508,6317.349112426035,22.152008842125245,11.631572381802783,-1.5284187426913038,169,0.8510529966971592,1,
fov0,2296,8958.104761904762,6441.714285714285,16.843475011222036,8.220555391957069,-1.1065269227779602,105,0.8728124382016836,1,0.8947935870535461
fov0,2298,8973.371794871795,3877.24358974359,16.551028918303476,13.182342674171226,-0.8824173024335292,156,0.6046824489958808,1,
fov0,2299,8979.464,6415.6192,75.35617874814075,16.799471724975756,1.2830655183126973,625,0.9748334877595949,1,0.9338766232793625
fov0,2300,8972.352201257861,9110.88679245283,30.78708527796274,6.736985745779826,-1.4423085172784544,159,0.9757641075831738,1,1.011408877503429
fov0,2301,8989.234100135318,3764.150202976996,69.94485972516445,30.45615798558019,1.068178058404067,739,0.9002221236987419,1,0.9379172053188702
fov0,2302,8989.007009345794,2827.483644859813,42.455730133332985,13.882394108078238,0.8625937836216989,428,0.9450294699196645,1,0.48433312523526323
fov0,2303,8988.325536062379,6354.610136452242,39.837054574145,27.51842423019396,-0.2721537248931727,513,0.7230701860148265,1,
fov0,2304,8988.148148148148,7188.006172839506,29.504253549436477,9.008176666041157,0.32053015132518,162,0.9522504824689125,1,0.6229326142595965
fov0,2305,8995.155440414508,2265.818652849741,34.19883186568392,7.475949246837425,0.5241203689420612,193,0.975813997875329,1,0.2076013490995751
fov0,2307,9063.29004214963,6393.1970495258165,203.97522893036464,89.50141523846501,1.3343664708211467,3796,0.8985917329156965,0,0.9554010672211535
fov0,2309,9007.456647398843,6467.994219653179,51.00859564806771,18.64081134183651,-1.2600406601172165,519,0.9308331261219734,1,0.9581569206072196
fov0,2310,9020.51724137931,9500.313479623825,48.85389628120826,9.32428661305747,-0.1714879544318841,319,0.9816171405446709,1,0.43170485167207184
fov0,2311,9012.083333333334,6242.25641025641,27.97735628388049,7.55165953041454,-0.4961950440169371,156,0.9628826362909841,1,0.6834054769925868
fov0,2312,9030.206896551725,7411.565517241379,47.04200053597976,15.772741205035901,1.2630542696499616,290,0.9421147513502608,1,0.27919826007852316
fov0,2313,9027.684705882353,2771.701176470588,58.534022826969036,10.192531633683146,1.4374361684595915,425,0.9847226664293193,1,0.7324040971273104
fov0,2314,9031.667146974063,2940.6527377521616,97.9775081481215,11.200157764771983,-1.498283362188059,694,0.9934447191366274,1,1.092985156049094
fov0,2315,9039.72380952381,3620.2920634920633,68.94956680127216,18.270468438287285,-1.0489873347449583,630,0.9642530624113425,1,0.32541846510819117
fov0,2316,9042.16393442623,2593.3934426229507,25.342972871134755,7.355655584582252,0.7925776070638693,122,0.9569525572136419,1,0.5828718853665887
fov0,2317,9065.76837416481,3521.0311804008907,56.523269452151226,13.937377833138589,-0.10621526097236836,449,0.9691230248949632,1,0.6115435461519888
fov0,2318,9055.445026178011,2692.7905759162304,36.65393143999741,6.8530541946311825,-0.07589748328529944,191,0.9823663060580126,1,0.5951651446415296
fov0,2320,9058.836734693878,3653.2517006802723,22.504253545782355,9.26606325597115,-0.802171798421365,147,0.9112981115059995,1,0.2679581823496291
fov0,2321,9058.572164948453,4145.572164948454,32.001097191407936,8.814832608894525,1.4141246439418897,194,0.961314232110235,1,0.9459298533540776
fov0,2322,9073.286713286714,2844.0664335664337,38.28245927818033,10.000224383037374,0.62560368403609,286,0.965278723883615,1,0.6611761420982932
fov0,2323,9089.969421487604,2767.1446280991736,80.641088031299,60.623243731283836,1.1706889360281534,1210,0.6594297471197375,1,
fov0,2324,9069.424050632912,5627.569620253164,32.18338709761872,6.652990454991568,0.8909770200944384,158,0.9783998768819224,1,0.6988533547113888
fov0,2325,9081.55,3753.085,32.79009057288954,8.31951682621658,-0.5468668585431354,200,0.9672775861953169,1,0.4128030875032816
fov0,2326,9084.545454545454,3559.377622377622,25.45749049303325,7.5452112437793515,-1.437989535829552,143,0.9550686344642528,1,0.3820136524588139
fov0,2327,9086.42774566474,3601.936416184971,30.182939169532602,7.57454668926457,-1.51376066368095,173,0.9679988641480135,1,0.4114986546874731
fov0,2328,9092.589928057554,3780.115107913669,25.700903166595378,7.1921139292182685,-0.5384342962333944,139,0.9600469562969148,1,0.41137434486014784
fov0,2329,9092.830985915492,3933.4835680751175,40.26672506245843,8.571592818514153,-1.4185743752133857,213,0.9770804490567779,1,0.8393416788156854
fov0,2330,9097.592783505155,9769.5206185567,31.185730162189053,10.772555863536828,0.4257408751399134,194,0.9384437034040589,1,0.4547214788110823
fov0,2331,9118.58296460177,3805.2422566371683,106.07262749122793,15.756719784575262,-0.7768242907899371,904,0.9889054207081739,1,0.4953273570036226
fov0,2333,9112.434108527132,3282.8992248062013,39.19788246890066,16.075628624905374,-0.5182103806811486,258,0.9120339444223083,1,0.32687811827430696
fov0,2335,9136.182486631016,2680.109625668449,134.49229135224155,50.861319894103964,-1.2590894953958751,1496,0.9257350430454317,1,1.0642134146722317
fov0,2337,9132.505231689089,3452.8669656203288,59.33400293802196,17.42563845954112,-1.2638603613807289,669,0.9559015723207185,1,0.36915324451519055
fov0,2338,9125.48,2648.11,17.371646209789958,8.204017793855042,1.0300743647994375,100,0.8814567015824898,1,0.6464225232286366
fov0,2339,9161.181360201512,9453.239294710327,65.23827460667975,12.544174141929194,0.13718152656481136,397,0.9813396283153195,1,0.46521097508245485
fov0,2340,9174.54411764706,2935.357843137255,32.93528399959731,8.55494585741315,-0.7041819298483993,204,0.9656758490336923,1,0.42761699461070596
fov0,2341,9203.255924170617,5969.232227488152,30.176257938812945,12.120022709853728,-0.4226443398089719,211,0.915797193304741,1,0.1460168176285304
fov0,2342,9205.93488372093,5655.241860465117,38.39730977600756,11.097497197211291,0.6870700387505323,215,0.957323792539088,1,0.6937921109530579
fov0,2343,9198.55135135135,6481.097297297298,26.02705248573436,10.698773021432988,-1.41125563609204,185,0.9116066828734428,1,0.9311961648182582
fov0,2344,9211.503649635037,2899.883211678832,48.60202069503483,7.644779741681742,-1.0176854158519935,274,0.9875519070413658,1,0.7047358773718053
fov0,2345,9210.410041841003,3574.652719665272,31.219846942187186,12.469816715160517,-0.3992953967921682,239,0.916768256382932,1,0.4461408508867609
fov0,2346,9260.04688211197,2921.816795630405,229.23559980315548,81.94045515360399,-1.3587729516351543,4394,0.9339319594853196,0,0.6770550688438232
fov0,2347,9221.616766467067,5937.059880239521,23.321929305221303,9.619285604547418,-0.8325813180043348,167,0.9109772140796945,1,0.19569866599360602
fov0,2348,9252.39184952978,3618.1442006269594,41.28624013835099,14.299698900753098,-0.7402875047848522,319,0.9381034912654087,1,0.2744487811014097
fov0,2349,9257.304232804232,5911.338624338624,49.48816549590964,25.691856679597606,-0.29938542059528567,756,0.8546822170492009,1,
fov0,2350,9276.457602339182,6033.055555555556,65.2844634502407,16.46867977277018,-0.37470113565893914,684,0.9676594080228151,1,0.1624624635797369
fov0,2351,9268.178111587982,6184.770386266095,62.88423507949789,28.709562981265893,1.3648258967326874,932,0.8896996701960697,1,0.8395476207614773
fov0,2352,9288.0,5882.943037974684,23.505561381078074,8.717432616799345,-0.8333386021437762,158,0.9286860651793111,1,0.196658658577053
fov0,2353,9355.33777520278,5975.775202780997,168.416186798592,18.28956324635883,-0.376623448303375,1726,0.9940858114529667,1,0.2616147909922381
fov0,2354,9341.038668779714,6496.787638668779,183.8634652944443,83.87076211001272,1.0817002257914925,3155,0.8898988821264422,0,1.090704770354041
fov0,2355,9308.87610619469,2990.424778761062,22.926304634774375,6.382687108400716,1.2253969056569851,113,0.9604651713254423,1,1.1317842033786807
fov0,2356,9371.6134723336,5874.926222935044,140.52066786494336,18.69949871699015,-0.4139650706840622,1247,0.9911062465982667,1,0.26405726062168305
fov0,2357,9318.578947368422,6334.6578947368425,21.067090653401895,7.371956531990978,-1.0983896812059566,114,0.9367767464785705,1,0.8748903004881243
fov0,2358,9329.70796460177,3296.0,22.857839702655788,6.510353127300962,-0.14691359820359828,113,0.958581235834588,1,0.45636909840849627
fov0,2359,9327.121848739496,5855.105042016807,35.8516828883502,9.499617835649646,-1.3174156453688124,238,0.9642566760077173,1,0.3683330530686424
fov0,2360,9355.5,6313.890510948905,34.811171729035074,10.311463700078288,0.05435509301454375,274,0.9551224236601349,1,0.6484424418507687
fov0,2361,9417.16164053076,2815.910132689988,95.48224336936906,44.56743412073615,0.9928230267675032,1658,0.8843832382332231,0,0.9252061974872667
fov0,2362,9399.960784313726,5630.64705882353,16.93498153388793,8.00811409833103,1.3035146482576236,102,0.8811300065882985,1,0.6893517441890075
fov0,2363,9409.133971291865,5596.631578947368,35.127609298015315,8.11601250015352,-1.1190348917727948,209,0.9729433760271967,1,0.9458480038441074
fov0,2364,9424.844444444445,2925.9396825396825,31.076587371810653,22.28125476596983,0.70037674735486,315,0.697094957564347,1,
fov0,2365,9424.607438016528,2883.5661157024792,40.026838181091996,8.630768204046895,-1.0245677814984677,242,0.9764763497890978,1,0.7600965082403001
fov0,2366,9465.1376,6158.2608,58.66513699769011,19.617606751136833,0.681653654028395,625,0.9424313299644518,1,0.6545060959161074
fov0,2370,9514.089686098654,5487.165919282511,35.41323786690616,8.57186774665568,0.5929782269185241,223,0.9702631184676709,1,0.6252056502874995
fov0,2371,9529.075342465754,5677.472602739726,39.737895982959614,12.427414248815362,0.38173322138815563,292,0.949840556023076,1,0.5710275959081498
fov0,2372,9523.853211009175,5881.385321100917,20.684858342366258,6.881953192694907,-0.7634336581754424,109,0.943030999851995,1,0.38006096662323213
fov0,2373,9552.723247232472,5817.473554735548,75.67289148425965,50.76601854969526,0.028647025240152734,813,0.7415827949755763,1,
fov0,2374,9523.026548672566,6283.283185840708,32.8581574525116,9.643340014877818,-1.5661538833763202,226,0.955964017981792,1,1.0499409948355658
fov0,2375,9531.431654676258,6222.676258992806,25.641369259245593,7.5459376629585435,1.0859197038529445,139,0.9557169004093641,1,0.8146133671391986
fov0,2377,9570.051319648093,5966.234604105572,56.75539969347708,25.16668932356301,0.06880634697842634,682,0.8963121232767972,1,0.5930302917079371
fov0,2378,9562.314960629921,6272.255905511811,35.05779357710969,10.606841217474175,-0.12609721584992686,254,0.953132557350123,1,0.4846080959306647
fov0,2379,9575.625850340137,6152.190476190476,21.848158716715933,8.738115422565485,-0.31108016800958443,147,0.9165380707671469,1,0.6553199020937239
fov0,2380,9598.158510638297,6046.051063829787,46.68699551435664,33.11231493717779,0.860793751719201,940,0.7049664557041393,1,
fov0,2381,9585.219298245614,6335.4473684210525,21.39549340498173,7.265500268522797,0.2988182985076323,114,0.9405768616140364,1,0.5171030943077342
fov0,2382,9585.214285714286,7737.924107142857,43.09603225779954,6.770060972655748,1.525480400266214,224,0.9875839025044479,1,0.9579973157868574
fov0,2383,9592.824427480917,6004.4312977099235,30.08410990757786,12.380563920987068,-1.1259048370514693,262,0.9113954610897863,1,0.9141838357603594
fov0,2384,9621.28263795424,6311.837146702557,57.3458390210072,45.42489592995372,1.497088374109986,743,0.6103628992747007,1,
fov0,2385,9612.185082872928,7986.59576427256,150.22136498087127,13.763039833816347,1.486776375473517,1086,0.9957941907505014,1,0.7263492778943692
fov0,2386,9611.827160493827,5826.728395061728,24.28474132335149,9.918207138262478,0.4049003429868368,162,0.9127971942487602,1,0.6203498059001629
fov0,2387,9653.59825327511,6166.184497816594,114.26849579092658,27.702781334788558,0.5677612852494388,1832,0.9701674353270439,1,0.4367163186586691
fov0,2388,9617.86013986014,6187.367132867133,23.4169276308832,17.152635568662024,1.097640015774757,286,0.6807791574257549,1,
fov0,2389,9655.775344180225,5949.112640801001,74.99605704199828,55.70171471607715,-0.36661408278606816,1598,0.6695926083314464,1,
fov0,2390,9636.687853107345,6083.718926553673,48.07100045749559,22.41733031693808,1.4670130246868949,708,0.8846066613560656,1,0.9255612553845808
fov0,2391,9645.102777777778,6400.125,24.80621565163587,18.51994082750839,1.139717887661502,360,0.6652903879863935,1,
fov0,2392,9647.668822768435,7703.172056921087,72.05743905809481,30.87262891744693,1.3353222616709297,773,0.9035679976997709,1,0.891715097641177
fov0,2393,9680.473880597016,5749.362686567164,106.9517941227799,31.12839954267964,-1.072446135050691,1340,0.9567076161673624,1,0.8079420079419855
fov0,2394,9694.388086642599,6122.46750902527,80.25739824796425,13.33077783051188,-0.26882281691466553,554,0.9861088635318149,1,0.6448897716894642
fov0,2395,9677.164102564102,5901.651282051282,28.205633528935003,10.395958440318253,-1.176994069267304,195,0.9295970722328142,1,0.8292426403689007
fov0,2396,9686.237569060773,5814.093922651934,27.836873040448573,8.577126173139673,0.07718824232026937,181,0.9513471642299424,1,0.57011106356061
fov0,2397,9687.346666666666,6409.253333333333,25.7591099944464,10.731817028744771,0.3100746941487311,150,0.9090797236730288,1,0.24445712944839865
fov0,2398,9681.333333333334,6420.815789473684,18.490739279904812,8.020801102476657,0.8349804861036588,114,0.9010217290596989,1,0.35215287501018605
fov0,2399,9703.66847826087,6080.054347826087,35.32054164280141,26.494488488924556,0.23492229407621146,368,0.6613067522130621,1,
fov0,2400,9709.23354231975,5943.485893416928,64.91363069225623,17.558228915255743,1.1585087438116837,638,0.962723905785999,1,0.9053021545391197
fov0,2402,9742.046391752578,7221.796391752578,61.45632936577604,14.337219580302097,-1.031297471164559,388,0.9724069238004149,1,0.6585292365415576
fov0,2403,9732.813648293963,5762.918635170604,69.05911923521285,10.657301260587353,1.5598879096338492,381,0.9880206980136798,1,1.0592479664778731
fov0,2404,9770.457547169812,5919.7439353099735,100.54541254812686,49.73179032081352,0.03641316393014451,1484,0.8691092422124798,1,0.49320631839596957
fov0,2405,9757.117903930131,6131.455895196506,102.43672774672169,22.247367473186294,1.4456276400455668,1145,0.976131227675476,1,0.8754924370522454
fov0,2406,9765.684210526315,6291.684210526316,29.259638180906997,7.976829333099097,0.7960249426591086,171,0.9621211417097905,1,0.3524918562602779
fov0,2407,9780.634782608695,6033.017391304348,22.51505754753042,7.1074477220023455,0.07180061027757434,115,0.9488672720828374,1,0.52566147376224
fov0,2408,9787.324675324675,6330.1558441558445,28.467495204656952,7.3780474520094455,-0.35651976225820725,154,0.9658305253762711,1,0.45224032568096567
fov0,2409,9842.874059626636,6080.031485093341,209.32744535285377,78.73641317900982,-1.1363099469993914,3589,0.9265628656181222,1,0.7218794838854165
fov0,2412,9851.383783783784,5946.6783783783785,89.24112784470431,26.184557190522156,-0.9640254669583894,1110,0.9559856074661421,1,0.5024191729595116
fov0,2413,9841.493670886075,5901.044303797468,27.021811558056786,7.555183201943147,-0.36321979511053,158,0.9601178189398808,1,0.30892753333332595
fov0,2414,9858.477987421384,5865.135220125786,39.91173370982922,10.7216820303886,0.6148573815864115,318,0.9632420905522466,1,0.5648009343850079
fov0,2415,9869.920212765957,5831.228723404255,28.877865582431255,9.526122732030231,-0.14035074662916533,188,0.9440241750646627,1,0.2665223859712287
fov0,2416,9903.293933054394,5947.437238493724,125.78622261168101,38.815463992543,-1.3930761012540251,1912,0.9511974870566797,1,0.5548442377206461
fov0,2417,9921.33510638298,6212.414893617021,40.14113233601774,7.688776896544532,-0.07374655496900723,188,0.9814841059566353,1,0.3832440093524324
fov0,2418,9932.837887067395,5823.43533697632,51.422362676289346,15.41212951715609,-0.4263708344102395,549,0.9540283181436475,1,0.3591359256999573
fov0,2419,9953.314545454545,5879.643636363637,64.84230918981335,27.000437647333104,0.5189894502893817,550,0.9091808149965199,1,0.5632080078787304
fov0,2420,9959.534653465347,6967.960396039604,19.138481334296227,6.903218152076885,-0.12451539559539222,101,0.9326825390523148,1,0.41205007116607495
fov0,2421,9971.194444444445,6111.143518518518,34.81370336980632,9.020413220097138,-0.7095253830655459,216,0.9658490932003693,1,0.26581695730878513
fov0,2422,9970.789808917198,6001.171974522293,27.83945104370737,8.773957452176207,-1.551034699047478,157,0.9490376453391479,1,0.7667560561114505
fov0,2423,9990.584905660377,6296.307277628032,62.32020865594472,10.302672066733761,0.6762205395011859,371,0.9862402616826008,1,0.5658211839003037
fov0,2424,9994.604712041884,6027.523560209424,58.58000738729898,18.420040603127,-0.7394707880291352,382,0.9492765405137218,1,0.5358574506407858
fov0,2425,9989.069124423962,6206.8387096774195,23.807862502404568,13.36864423828539,0.06083548653244452,217,0.827461646268677,1,
fov0,2426,9983.05806451613,7575.122580645161,29.498813732583848,7.732825878722155,-1.3222152488209442,155,0.9650297916184856,1,0.6653419098637845
fov0,2427,9999.755952380952,5961.119047619048,51.02713908674629,12.340561844767214,1.2375719164560253,336,0.9703153671475,1,1.0932089937756597
fov0,2428,10001.357954545454,6083.346590909091,27.283646807123635,9.341673998940413,-0.5780373521738045,176,0.9395575720007266,1,0.5175972559479521
fov0,2430,10054.56647398844,5822.583815028902,30.858583850990073,8.56012180795536,1.1125095457938619,173,0.9607549777608487,1,0.5187556287183013
fov0,2432,10152.90067540723,6004.960270162892,103.57000897740615,49.00068326746144,-0.12281472116809526,2517,0.8809998575298692,-1,0.5284462780401581
fov0,2434,10149.088082901555,7911.626943005182,28.489900712807742,9.003485901196358,0.7611993082481059,193,0.9487512715246557,1,0.7725484465081764
fov0,2435,10217.10747051114,6207.788990825688,316.17404811437206,162.51669410378167,1.390261276609087,5341,0.8577840561536128,1,
fov0,2436,10185.990049751244,7864.398009950249,30.226017510378966,9.874382608985705,-1.2566238792414701,201,0.945133321569171,1,0.602412588738006
fov0,2437,10196.567164179105,6531.149253731343,25.15568142565927,8.660363429354204,-0.2988191293787675,134,0.9388704395187273,1,0.40547336104524884
fov0,2439,10202.587786259543,6664.603053435115,25.95947989548413,7.072900466450674,0.8147437799231947,131,0.962167322336063,1,0.6703869013928576
fov0,2440,10214.724675324675,6740.103896103896,67.36709016865464,16.585668457050605,-1.0988802003343452,385,0.9692194579878622,1,0.7992351966522303
fov0,2441,10214.514150943396,7221.5990566037735,38.334022681494346,7.558766997709563,-0.3749467719924388,212,0.9803669644724988,1,0.4749750820462
fov0,2443,10246.7625,6191.988095238095,128.35154212176164,40.506974246789206,-1.1064449984929272,1680,0.9488943242845487,1,0.37815721803927993
fov0,2444,10236.847222222223,8044.106481481482,36.96127504047337,7.773055307219472,0.03272937033588117,216,0.9776363237590774,1,0.3526383289310679
fov0,2445,10232.237288135593,7795.332627118644,47.567249216616766,14.548838766792242,-1.414222130736133,472,0.952077040063829,1,0.5533089331617935
fov0,2447,10257.37751004016,5868.321285140562,33.870796876850925,9.98321694708489,-0.9829763011283439,249,0.955576227134581,1,0.8054713506872306
fov0,2448,10265.080717488789,8176.192825112108,36.88958545881739,12.028447552928535,-0.0032726010743521746,223,0.9453469323805666,1,0.3441538340544711
fov0,2449,10327.213315217392,7757.067546583851,345.5199256708915,98.89527887066264,-1.0385977200770895,5152,0.958163438197932,0,0.2898282195188789
fov0,2450,10281.689161554192,6092.233128834356,79.01580858807331,39.64062200856573,-1.5383271830548508,978,0.8650534919101803,1,
fov0,2451,10275.91726618705,7655.050359712231,30.138150957315048,12.920427414624868,-1.4094195983947955,278,0.9034437228936468,1,0.1843058457405076
fov0,2452,10293.26329787234,6242.369680851064,40.50814873016433,22.703603804317382,0.08036614043872199,376,0.8281746992382045,1,
fov0,2455,10302.400282885432,7918.735502121641,52.25696732938738,29.15129443597781,-1.2863103307381933,707,0.8299450688343466,1,
fov0,2456,10310.208737864077,8287.956310679612,29.84478941160951,11.233518099686963,0.5744100270200792,206,0.9264580775399688,1,0.31816969918289467
fov0,2457,10307.511210762332,6022.608370702541,52.5901721059235,18.613611694433693,-1.547575524948642,669,0.9352692376349127,1,0.73876491006332
fov0,2458,10308.657992565055,8068.903345724907,31.056284306170546,13.148253173542917,1.2244058837956235,269,0.9059575569009597,1,0.49735510276693184
fov0,2459,10318.978947368421,8126.0526315789475,31.727621830366438,7.923401066297179,0.2266446904679046,190,0.968315005582569,1,0.31160934006794705
fov0,2460,10427.33465085639,7792.624835309618,248.28651117349145,64.27701987829222,-0.7908568652476736,3036,0.9659088352384712,1,0.42573814363406937
fov0,2461,10348.375739644971,8070.890532544378,27.124955846745753,26.374842363205968,-0.5814240358111871,338,0.23354497002888638,1,
fov0,2462,10363.189765458423,7941.147121535181,77.22435827524973,51.561507004423994,-1.131973986418119,938,0.7444443626785593,1,
fov0,2464,10368.744623655914,7311.064516129032,54.741498125827135,13.693269304283636,-0.04841070512826238,372,0.9682085878679711,1,0.48020631177467804
fov0,2465,10380.181034482759,7875.2614942528735,45.44255365632574,10.773509976715085,-0.03658561695752146,348,0.9714901876311802,1,0.5147608394078759
fov0,2468,10413.321621621622,8290.321621621622,49.45968620800136,10.071482048418732,0.569286193226698,370,0.9790478908070173,1,0.3509699048050032
fov0,2469,10417.840172786176,6427.060475161987,61.323674520618226,13.433870224947606,-0.20985798632649777,463,0.975710269285692,1,0.4643821889805555
fov0,2470,10468.749003984063,8079.305976095618,142.23394281326068,26.744303191279503,-0.45717808031303203,1255,0.9821632114282495,1,0.5472536230926646
fov0,2471,10416.680134680135,8068.2356902356905,31.37953888628699,18.545169156622574,-1.4245625126823083,297,0.806674786015702,1,
fov0,2473,10437.455555555556,7851.585185185185,43.269655736232416,29.594861884183942,1.5555675806444076,540,0.7295163020097583,1,
fov0,2474,10428.951807228916,6714.8373493975905,28.309173732467347,8.045660198961368,1.2868074721424243,166,0.9587629969686967,1,0.9000949149671638
fov0,2475,10434.6,7895.466666666666,17.803287241068638,11.874279724158352,1.2269458280025531,135,0.745083504167894,1,
fov0,2478,10443.446115288221,6942.100250626567,45.62318451225908,12.689939595430124,-1.5165494066968546,399,0.960538597066379,1,0.9380498437876126
fov0,2479,10450.992957746479,6329.661971830986,28.105583662523237,7.447041856498044,-0.18627827427737353,142,0.9642575816039048,1,0.4557469498694959
fov0,2480,10450.696774193548,6452.61935483871,28.948419848373852,6.973192144039665,0.5628676983449067,155,0.970554076352846,1,0.3690132044112198
fov0,2481,10453.521126760563,8035.098591549296,25.265453342030227,8.03345845854383,1.037379687454242,142,0.9481033995493439,1,0.8806919596810081
fov0,2482,10466.358695652174,7973.536956521739,30.64665174156588,21.355533359860324,-1.5678016786952194,460,0.7172354718313076,1,
fov0,2483,10463.666666666666,7926.3292181069955,37.170834561693376,10.165819012212129,-1.4939364523312209,243,0.9618750951232451,1,0.7437728700106675
fov0,2484,10488.820276497696,8830.380184331798,67.52297064747633,10.232035983230539,0.7807316718152405,434,0.9884520227562448,1,0.34252134408703333
fov0,2485,10473.794392523365,7030.018691588785,20.303459933145472,6.945963740820538,1.086909241514159,107,0.9396608600180117,1,1.0927207943236732
fov0,2486,10478.536,7843.688,22.410414690850985,8.01817144890843,0.7001875641821771,125,0.9338029442654797,1,0.8249508562132888
fov0,2487,10507.382524271845,7777.068932038835,86.98830021827037,22.83654357410422,-1.0065727279864907,1030,0.9649253785494151,1,0.4835996349127653
fov0,2488,10492.519047619047,8448.638095238095,35.71286668806912,8.377647946753898,0.43169484472884423,210,0.9720959823062044,1,0.42831442633342737
fov0,2489,10497.588709677419,6733.975806451613,47.886252748187054,16.8643390200884,-0.6225711962196342,372,0.9359341854014667,1,0.5766909830497362
fov0,2490,10499.79411764706,8098.4327731092435,21.761043640345683,15.346712799941786,-1.013144405086606,238,0.7089707322163915,1,
fov0,2491,10525.09708078751,7006.311608961303,158.4012146007471,62.90699258450248,-1.5517038824525111,1473,0.9177593126675826,1,0.9519211245648185
fov0,2492,10509.421768707483,8250.619047619048,26.54038340865469,7.799640337739508,-0.5049541922627635,147,0.9558428732674329,1,0.6916697345562777
fov0,2493,10533.23125,6748.575,75.58110888911686,11.412727723531281,-0.5077783766368459,480,0.9885338025531498,1,0.5352090798376576
fov0,2494,10531.71194379391,7924.149882903981,65.90986327525393,8.960049560449916,-0.2684600793777814,427,0.9907165248174059,1,0.5295337464467454
fov0,2495,10510.564356435643,8144.217821782178,16.669156688864405,7.860601346795224,0.5939344964377027,101,0.8818309691940994,1,0.3966050355523608
fov0,2496,10541.16620498615,7983.02216066482,126.39886089096925,47.234049241031386,-0.8525899650483636,2166,0.9275534677553224,1,0.7104768911422615
fov0,2497,10523.476363636364,8205.392727272727,38.59398646467434,9.766653190815097,0.6816341601470703,275,0.9674501863082691,1,0.3565272353382812
fov0,2499,10571.901687454145,7015.109317681585,112.19073302678864,56.92382018504205,-0.8961457083908579,1363,0.8617198727972429,1,
fov0,2500,10549.553097345133,6366.991150442478,30.209170026236777,15.667915555285955,-0.8414492052165022,226,0.8549880686558677,1,
fov0,2501,10550.991304347826,8732.782608695652,22.464456558326383,6.76946236052745,0.04335043853707228,115,0.9535164323604699,1,0.3252315702566606
fov0,2502,10549.558282208589,6174.496932515337,27.258993851710063,9.394398212648573,0.9402077663681233,163,0.9387368356354416,1,0.4016089454737835
fov0,2503,10557.60824742268,6796.275773195876,29.48399068726533,18.07804670277836,0.06057333517119201,388,0.7899681411209573,1,
fov0,2504,10565.985468956407,8291.211360634083,95.69741489858036,14.752828315446246,1.4660789564116479,757,0.9880457096823517,1,0.6434993939587597
fov0,2505,10566.896551724138,8438.962068965517,30.59143690313926,14.663963046198473,-0.3016462235028053,290,0.8776245786446456,1,0.7238295658833744
fov0,2506,10567.061371841155,8014.797833935018,20.951137091714127,17.336443093406512,0.2363472416079417,277,0.5615095280653758,1,
fov0,2507,10577.950276243095,6300.591160220994,28.917511114608544,8.3911655069164,0.08552558858649838,181,0.9569733189288467,1,0.47725557604991
fov0,2508,10580.683417085427,6648.829145728643,29.818637778295745,8.750838887799457,0.6504406308052683,199,0.9559686617749893,1,0.5542664184778828
fov0,2509,10588.71264367816,8361.706896551725,28.30921973397172,9.357911432567269,1.0221806548504202,174,0.9437847839476433,1,0.3701073925312299
fov0,2511,10597.609856262834,6354.6447638603695,58.51541836245242,15.00145651777443,1.453121459180381,487,0.9665793610073181,1,0.8243431493258002
fov0,2512,10627.973637961335,8151.355594610428,95.64738849900282,68.53421207073177,1.015154383826646,1707,0.6975563970485684,1,
fov0,2513,10597.580952380953,6401.971428571429,15.193454936607326,9.067632857479147,-1.0613420833937173,105,0.8023812693604788,1,
fov0,2514,10621.752186588921,7055.746355685131,43.75541731988736,10.258448270545422,-0.8162399538653509,343,0.9721282309334399,1,0.7199552405317076
fov0,2515,10621.597902097903,7114.118881118881,33.02010852134447,12.15543051647994,-0.23307815947503524,286,0.9297774710553193,1,0.5958636060716391
fov0,2516,10631.687306501548,6060.882352941177,50.821348040592106,9.01455931288601,0.1890275965417775,323,0.9841429026584145,1,0.4566545263559664
fov0,2517,10619.07558139535,6314.546511627907,27.742755498739157,8.390443956499034,1.0702533315596507,172,0.9531692829665755,1,0.4117083506881842
fov0,2518,10621.860655737704,8287.754098360656,25.10375033334255,6.437515122578042,0.7340738887060144,122,0.966561109111098,1,0.7017105165527708
fov0,2519,10648.864693446088,6394.413319238901,81.93275876446005,53.23771894864354,-1.3887649060531868,946,0.7601280550432629,1,
fov0,2520,10626.46017699115,6596.061946902655,19.9211558129367,7.963338541407464,-0.4183741430459329,113,0.916627348684363,1,0.5811293312728707
fov0,2521,10643.265625,8095.68125,47.14504291434191,10.244042041833866,0.5147225403280646,320,0.9761075850695259,1,0.43954586236643745
fov0,2522,10637.559322033898,5812.610169491525,32.27502604508548,7.642720334462111,-1.219869345684079,177,0.9715584622620207,1,0.8550273537039337
fov0,2523,10644.209302325582,6981.5,44.0358655797803,10.430378037938892,1.092920664226339,258,0.9715435547202449,1,0.8802776560193505
fov0,2524,10640.678861788618,8006.418699186992,37.55095356508554,10.136032699027696,1.084397458269186,246,0.9628806665880261,1,0.5166961106858987
fov0,2525,10653.133757961783,8222.353503184713,36.993237396304934,13.23446264757368,-0.9446425907076835,314,0.9338160338229095,1,0.6473936871872007
fov0,2526,10650.46976744186,8368.80465116279,25.376057868440828,12.316287970061856,1.4210577003452425,215,0.8743195514820894,1,0.4328353333946899
fov0,2527,10659.560975609756,8300.80487804878,29.626558662037557,7.4269339462040564,0.0491757395490358,164,0.9680687110353209,1,0.5346671380979283
fov0,2528,10676.118221258135,7085.178958785249,49.517134803638434,39.752850477280916,-1.1092399203986718,922,0.5962349541754568,1,
fov0,2529,10655.853107344632,7021.830508474576,34.73973162767336,7.967898851317317,1.1247622716726486,177,0.9733417023626638,1,0.8935779637972658
fov0,2530,10684.042772861358,7972.349557522124,67.03858424992329,17.079640177490223,-0.3796272311964803,678,0.9670008140730193,1,0.4962989547995813
fov0,2531,10656.275862068966,6618.781609195402,25.99056826262398,9.874115471219762,1.5509875761050254,174,0.9250228435201954,1,1.0762969790699923
fov0,2532,10676.174807197944,8239.113110539845,86.82202206477443,24.865265335087397,-1.279717677601581,778,0.9581120739642986,1,0.7886961044514458
fov0,2533,10695.71891891892,8412.610810810811,72.00497563179276,52.20447379669824,-1.329225402007827,1295,0.6887361987334804,1,
fov0,2534,10686.0,6424.889570552147,32.09003045316297,24.045416822580304,0.3533119992154357,326,0.6622181195327175,1,
fov0,2535,10682.754335260115,8061.0,49.50839174374333,11.36569231693782,0.8041023791363087,346,0.9732919108648688,1,0.40550263836706013
fov0,2536,10690.5,8010.352040816327,31.64762808667566,8.91889867203495,-0.2290464110623442,196,0.9594676266210909,1,0.43499355147152
fov0,2537,10705.630071599046,8309.538186157519,64.68942219675428,24.268513770842247,0.7250454561115711,838,0.9269623855945136,1,0.5805932752512023
fov0,2540,10747.248106060606,8140.320075757576,84.09899623819892,43.17555661939967,-0.12499952487644528,1056,0.8581556025990789,1,
fov0,2541,10716.454545454546,6469.649350649351,26.867748835805447,7.512351395052746,-1.030450180811398,154,0.9601151799796022,1,0.2035360757069042
fov0,2542,10723.180758017492,8353.819241982508,29.67154518496839,16.268875331981572,0.992403967066201,343,0.8362824437083741,1,
fov0,2543,10755.452344931922,8451.647503782147,84.47450639311393,30.820549898280458,0.14686651432507195,1322,0.9310661903588908,1,0.5989119605461646
fov0,2544,10773.418347430059,8000.937540663631,102.67973230420067,40.7363362281337,0.2317186409794784,1537,0.9179344829485311,1,0.2794548696823381
fov0,2545,10762.219135802468,8376.910493827161,45.28917857944133,14.812197721083713,-1.5555981602925022,324,0.9450041939893475,1,0.9032232806203697
fov0,2546,10776.08300395257,8850.158102766798,38.56062505806532,11.119137131585857,0.9808172543955759,253,0.9575236665773057,1,0.3540318237216472
fov0,2547,10782.814814814816,8315.837037037038,23.156188335575926,7.884509003972901,0.06693552601949161,135,0.9402472235289007,1,0.5195872366580759
fov0,2549,10799.563517915309,8177.475570032573,50.353828400431226,8.468428471449503,-0.4043341817384154,307,0.9857565679365768,1,0.39597203781163315
fov0,2550,10810.176923076922,6556.910256410257,108.19633965290551,25.187692046270968,-1.1288355001638959,1170,0.972525552054856,1,0.40424247162953
fov0,2551,10825.325217391304,7224.638260869565,81.93299647344304,21.26237472306111,0.06607216310653312,1150,0.965740608130104,1,0.3624655214043388
fov0,2552,10803.584717607973,12221.93023255814,40.27754340924625,13.008502449207608,0.027094314288059182,301,0.946408658369341,1,0.4000982005665801
fov0,2553,10811.172055427252,12377.916859122402,79.11919556504435,37.75921108781923,-0.935060632264536,866,0.8787704846263356,1,0.6977627281212544
fov0,2554,10931.946852289642,8398.16110673321,314.6398878695818,193.16098772893585,-1.042823734868918,11421,0.789375003210568,0,
fov0,2555,10816.502923976608,3001.0847953216376,54.511636716949084,9.125068026887137,-0.2882993013616072,342,0.9858896212385856,1,0.33279961484959386
fov0,2556,10816.647482014389,8063.687050359712,38.48583692496037,13.069989365340225,0.811243476263254,278,0.9405680865525725,1,0.4527164333674353
fov0,2557,10816.173652694612,8369.37125748503,26.52303075849977,9.037332386076924,-0.5550754816765687,167,0.9401592774943172,1,0.49300788929670153
fov0,2558,10818.193548387097,8328.620967741936,24.989659441833176,7.046357651502955,0.9980168366307336,124,0.9594229471478066,1,0.9092203595808452
fov0,2559,10833.440107671602,12308.20861372813,47.99440124649824,25.23204075191245,-0.7073159560493595,743,0.8506522144220093,1,
fov0,2561,10840.533707865168,8144.662921348315,26.813356822339728,9.268462295862822,0.0035529955122879475,178,0.9383576646326477,1,0.2797080170011766
fov0,2562,10842.420118343196,6485.449704142012,31.238477286965274,8.514008311836774,-0.6949130840320983,169,0.9621419709810922,1,0.3750413984482694
fov0,2563,10858.660714285714,12164.015306122448,68.76963974367719,9.041471517908635,0.2726892580059216,392,0.9913195190601702,1,0.26720499885878973
fov0,2564,10853.841216216217,6900.7972972972975,42.546949490587174,10.318917676694422,-0.03561197983391559,296,0.9701438710344018,1,0.5438827009217003
fov0,2565,10888.68141063957,6562.589360430365,102.88339448078348,35.617247556283246,-0.452535226463679,1673,0.938164260443608,1,0.3757013593854667
fov0,2566,10860.461346633416,6634.032418952618,54.71268939340215,13.902657685493406,0.18004143980245424,401,0.9671771673673695,1,0.5102753424720397
fov0,2568,10867.22759601707,12402.325746799432,67.71277748284143,19.765718599061252,-0.34616078161626945,703,0.9564472259645189,1,0.528216024175246
fov0,2569,10858.976683937824,8424.0,37.706203856197384,22.07184031796727,1.2190887779201094,386,0.8107708813621228,1,
fov0,2571,10877.897435897436,8165.415954415955,52.06623241059495,12.334137869565017,-0.09063939563068889,351,0.9715356907963549,1,0.2534757465197573
fov0,2572,10866.744,6500.88,20.970162764293846,8.138629960811826,-0.6231062776523828,125,0.9216150639380123,1,0.3614605472288279
fov0,2576,10890.820809248555,7430.751445086706,29.86749210565554,7.990062453927264,0.1809492371059335,173,0.9635531352918382,1,0.32343682126034623
fov0,2577,10889.527220630373,6013.7277936962755,28.82116356363843,16.83409302856882,0.8921839393296935,349,0.811690408912724,1,
fov0,2578,10890.247368421053,6480.921052631579,27.475728991356736,10.212750465579267,0.7187010437612572,190,0.9283525810637635,1,0.5978468438378962
fov0,2579,10897.29073482428,12302.661341853036,69.05902627111507,13.618566376878867,1.2078834691758706,626,0.980362911446943,1,0.7488404446030417
fov0,2580,10950.466282894737,8167.379934210527,139.623952726315,12.782917620321296,0.5134966840722728,1216,0.9958002537648398,1,0.20079417574137048
fov0,2581,10926.42067620286,9149.680754226269,125.26715612873477,54.625619432435556,0.8149432486615139,1538,0.8999113147814681,0,0.7476265590635343
fov0,2582,10911.36329588015,12365.232209737827,39.788825639696036,9.53931158823697,0.45245895279220866,267,0.9708350286422986,1,0.6365919287316799
fov0,2583,10906.203883495145,8362.330097087379,18.023576764616607,8.344780609845234,-0.853185174970158,103,0.8863622047800288,1,0.7494251733260827
fov0,2584,10920.910256410256,7240.6871794871795,82.24292587373641,33.677602844311764,0.9187779607825729,1170,0.9123148943207046,1,0.3892158967320086
fov0,2585,10958.677156177157,6075.498834498834,105.69275738827103,28.03707057612445,0.007939393210127264,858,0.9641742912502052,1,0.4714684028585831
fov0,2587,10932.157894736842,8379.070175438597,21.45252114800986,7.064569497187038,1.2971099362312777,114,0.9442212152227784,1,0.7165949996374095
fov0,2588,10939.287581699346,8121.803921568628,29.395199221835544,7.308125583836801,0.6548418160713262,153,0.9686020528591542,1,0.25281790574063395
fov0,2591,10958.901960784313,6595.035294117647,52.88074032188202,30.022779862947903,-1.392069830980921,1020,0.8232044279409566,1,
fov0,2593,10951.474789915967,5981.008403361345,41.31977819376322,7.7041357082647375,1.013985253641309,238,0.9824641613623967,1,0.6483558068477507
fov0,2595,10950.546365914786,6506.145363408521,54.36025475340577,10.15018759791823,1.4590978213098271,399,0.9824130297924982,1,0.7305043772812251
fov0,2596,10953.680628272252,11977.429319371728,33.69907062542472,7.9251076342284,0.7384508520543679,191,0.9719535557482369,1,0.21344066316953783
fov0,2597,10962.09090909091,8077.030303030303,26.755378461013667,8.765103653059738,0.5039362685140427,165,0.9448159712765076,1,0.19792162686943582
fov0,2598,10966.75939849624,7228.328320802005,53.30520189216983,11.783117434327846,1.1940372478006718,399,0.9752624653397901,1,0.5060848107077632
fov0,2599,10963.025157232705,6421.308176100629,24.38258639245301,8.616791900990004,1.3768495082758618,159,0.9354725274435843,1,0.7387467246498596
fov0,2600,10970.611842105263,7754.276315789473,27.728474662964068,8.791410301051027,0.5738371480312365,152,0.9484076496510426,1,0.13333207114868514
fov0,2602,10981.988888888889,6941.4951388888885,111.13240430809769,35.95070271876629,1.435551102995802,1440,0.9462301084783997,1,1.1530296317732462
fov0,2603,10974.31952662722,2988.757396449704,29.843354660688856,8.167266866598556,0.11595540823981713,169,0.9618233054492011,1,0.3410413693866145
fov0,2604,10978.321292775665,7841.399239543726,46.00604013796651,15.886567126316153,0.9096184715571686,526,0.9384869099965979,1,0.25607450690976036
fov0,2605,10991.989130434782,12263.288819875776,64.61102544252927,41.27657748419693,-1.0863440535258206,1288,0.769333581944233,0,
fov0,2606,11005.24480874317,11952.960655737705,91.2418808075164,22.386251611403107,0.7994126733253721,915,0.9694344101050952,1,0.23576190714171505
fov0,2607,10990.657205240175,12393.144104803494,59.44067765530616,18.668318418255772,-1.3779285090761586,458,0.9494010266225824,1,0.8971994961497153
fov0,2608,10999.581218274112,6039.472081218274,28.671832814594865,18.977434351615287,1.3345046374690042,394,0.749606062648224,1,
fov0,2609,10997.913461538461,6690.759615384615,31.655379246277686,9.395594790151536,1.3665221448399825,208,0.9549369312007858,1,0.612305546901887
fov0,2610,11001.370689655172,8527.189655172413,18.492693215215372,16.288498539987234,0.6344775671118948,232,0.4734749848657424,1,
fov0,2611,11045.38133640553,3010.3191244239633,121.55816359018284,12.477724364135966,0.5347392589645339,868,0.9947177242621139,1,0.3746520251202396
fov0,2612,11023.31970260223,6872.72614622057,73.43011510455034,24.221167139683466,-0.6221910285329512,807,0.9440321966558963,1,0.6360322694781385
fov0,2614,11007.989304812834,6553.550802139038,28.716565083203044,9.204755869565338,1.449926324522093,187,0.9472355921744887,1,0.7418073940087889
fov0,2615,11012.306666666667,8323.146666666667,25.032996652031027,14.265349267736646,1.2509938302032828,225,0.821740528014578,1,
fov0,2616,11052.21515151515,6216.049090909091,194.5035108872139,89.85657371031351,0.8064900581641342,1650,0.8868907662950346,1,0.29915967888135997
fov0,2617,11034.178026449645,8254.628687690743,75.59816691973975,59.41579463256082,-1.3127896139305564,983,0.6182998901310445,1,
fov0,2618,11046.683582089552,12417.841791044777,50.60742374219824,8.570148792547139,-0.0444426698575686,335,0.9855567154088621,1,0.3964913024571334
fov0,2619,11038.045454545454,2537.431818181818,36.60327913260796,9.709497252982576,0.6674106459832729,264,0.9641760821263805,1,0.389995850397205
fov0,2621,11043.398305084746,12518.025423728814,33.77659500694401,10.424045924818097,0.03896313117085803,236,0.9511862500438825,1,0.38192257645904637
fov0,2622,11045.189285714287,12232.92857142857,34.112466038261154,13.364095500391391,0.691203236855966,280,0.9200650004045575,1,0.5671440721794027
fov0,2623,11051.358744394618,7161.90134529148,37.54180355268417,7.7900639825631295,-0.11879524161814597,223,0.9782342281849825,1,0.5728359173859295
fov0,2624,11044.094470046082,8365.981566820277,72.26958341606398,13.20803431546984,1.5660294897960974,434,0.9831574408687453,1,0.2828280646714596
fov0,2625,11057.77108433735,6821.863453815261,40.97677293208762,8.454476186426257,-1.0107799409702551,249,0.9784838083659531,1,0.8686682647803137
fov0,2626,11059.06976744186,8317.046511627907,21.231886298378736,8.271175275043612,1.5547110692782515,129,0.9209994626637055,1,0.2786225789165008
fov0,2628,11079.867214236823,6922.037645448323,134.47675458397458,25.512921975263186,-1.5458039974799493,1461,0.9818382473213693,1,0.9409858258636908
fov0,2629,11073.743243243243,8515.898648648648,25.166852003980733,7.73232180726678,-0.5279462663237421,148,0.9516313159142749,1,0.6518863436705988
fov0,2630,11065.796116504855,8824.893203883496,17.958346203949812,7.357033881458482,1.534439533425408,103,0.9122328368359897,1,0.8772503912763465
fov0,2631,11073.81512605042,8344.52100840336,21.066908862556147,7.449629622425535,0.6250823121122394,119,0.9353900776146226,1,0.3962969344030863
fov0,2632,11072.673640167364,6606.782426778243,43.02416816629614,8.371047413844373,1.4793594166949213,239,0.98088939607581,1,0.7899930518607597
fov0,2633,11091.96805896806,6567.034398034398,56.64885913092845,10.799570253244662,-0.8269445503081851,407,0.981659908885721,1,0.9068071132731446
fov0,2634,11095.958024691357,8740.041975308643,45.95963831269819,20.7696586709303,0.9356466448651647,405,0.8920631111996469,1,0.5885496716918772
fov0,2635,11099.94395280236,8921.120943952803,52.01765078494458,9.129875871002728,-0.7186469171465871,339,0.9844767640682928,1,0.6637000125767804
fov0,2636,11089.009615384615,6653.3942307692305,17.068343626477272,8.248007881553773,0.7943022483287837,104,0.8754911075610586,1,0.5746774243961135
fov0,2637,11105.139959432048,8854.979716024342,54.26715506630532,18.924138544525537,0.09761817361467436,493,0.9372262933006305,1,0.5003981166121397
fov0,2638,11102.985239852398,7715.859778597786,43.86168873683662,13.347341528137903,0.3507704403060792,271,0.9525745763672157,1,0.4241369199777673
fov0,2639,11097.126126126126,8191.360360360361,19.08397280479651,7.974699360335989,0.7169373844436077,111,0.908504912058275,1,0.5310719352226424
fov0,2642,11109.239215686275,8354.980392156862,32.32038608538988,11.926257224315307,0.9518046363677445,255,0.9294289678723339,1,0.2599640297374412
fov0,2643,11113.874172185431,8208.806291390729,58.02456763052686,17.237083648801782,-1.1104600849814164,604,0.9548571764498934,1,0.8596957121331404
fov0,2644,11114.440594059406,6368.267326732674,21.804317150889656,13.423991745649355,0.4078969102171294,202,0.7880138465802634,1,
fov0,2646,11180.425188374596,2633.891280947255,127.70519748095377,14.095457121611647,-0.15453274039813042,929,0.9938900172435546,1,0.5165771232912529
fov0,2647,11165.244399185336,8715.08350305499,113.4623933542543,25.242209787093408,-0.54203886512547,982,0.974939071273438,1,0.4566881573161505
fov0,2649,11143.047210300429,6650.227467811159,40.30039894992504,8.825036576995045,-0.5691075058482479,233,0.9757290400290647,1,0.6272476842149098
fov0,2650,11153.867256637168,8153.482300884956,37.53361342279468,8.250676447798142,0.06122096001305988,226,0.9755402235803965,1,0.5679194839898105
fov0,2652,11160.382178217822,8678.928712871288,54.85520679643049,12.370713368918961,-0.5802202187890376,505,0.9742395210152949,1,0.4646084996382794
fov0,2654,11152.666666666666,8353.52688172043,36.464788707905164,7.77179595857337,1.4353177525666692,186,0.977023517547433,1,0.7027299524147861
fov0,2656,11168.939481268011,6931.922190201729,41.481375947413966,12.144847800875109,0.4887670381533623,347,0.9561803448901783,1,0.6915623712178381
fov0,2657,11172.173633440514,6592.713826366559,48.943136944291176,8.874896145519882,-0.985582817977412,311,0.9834221657159767,1,0.6721675703087323
fov0,2659,11184.418136020151,8487.430730478589,45.71962183917647,11.992889912658693,-0.0547407169149844,397,0.964982614034745,1,0.4661370059345698
fov0,2660,11185.84140969163,6536.348017621145,36.77257603612554,8.341363582878717,0.8629505067600509,227,0.9739328458458162,1,0.7213853253008446
fov0,2661,11186.69411764706,6499.588235294118,35.82164732740567,9.672467033102183,0.9152734740522606,255,0.9628554509403171,1,0.6599956880043105
fov0,2663,11211.914814814814,6860.2037037037035,33.10252878927524,10.548212291311922,0.3161751931001903,270,0.9478715187453868,1,0.6193795052747498
fov0,2664,11210.466257668711,9238.558282208589,30.037346399805152,9.279139690730098,-0.5090903706421988,163,0.9510879976527477,1,0.48374179426872865
fov0,2665,11207.570370370371,8807.148148148148,23.835924797414506,7.354247610289861,-0.6595716075586695,135,0.9512125749863823,1,0.44427099398672504
fov0,2666,11219.208251473478,8279.055009823183,83.27725561482285,15.197430116178806,-1.20981910774019,509,0.9832073444983874,1,0.9379819937626896
fov0,2667,11214.89010989011,8921.417582417582,28.622876646327974,8.296061775228385,0.21410896062649729,182,0.9570750380299237,1,0.5442821264386094
fov0,2668,11211.042857142857,12367.15,26.33731572203119,7.188233337700744,-0.7395925912074758,140,0.9620340053133416,1,0.4706399812785402
fov0,2670,11226.833333333334,8538.207650273223,34.879865648629355,17.003004433577185,-0.4967663400508055,366,0.8731378743488275,1,0.16334177496839508
fov0,2671,11223.455056179775,9002.696629213484,29.62343242844446,7.983351897161116,-1.3783760490210681,178,0.9630019306070857,1,0.7322216451012401
fov0,2672,11228.496551724138,8620.082758620689,25.137223617433452,7.537255118985151,-0.969593134987134,145,0.9539881290889101,1,0.30738883867040717
fov0,2673,11236.511111111111,8783.03611111111,35.10020271917294,15.199328808650023,0.524825203431252,360,0.9013810414853425,1,0.4044466890005782
fov0,2675,11242.893081761007,12605.301886792453,29.574893058230785,7.416561264265394,-0.39200733193014986,159,0.9680461245076947,1,0.2957398365116482
fov0,2676,11262.924170616114,8748.369668246445,39.096744742700345,7.275890807744652,0.421206510940656,211,0.9825308735411815,1,0.31739874252397166
fov0,2678,11262.857142857143,8206.445054945056,25.17649752191989,10.793257770329799,1.381136597628785,182,0.90344514675283,1,1.2515587210403354
fov0,2679,11287.570408825439,6450.59766385464,109.11579277300143,77.26626112362156,-0.4634289462610649,1541,0.7060995902537054,1,
fov0,2680,11330.936436884513,8763.275738585497,120.63437715537515,28.223046982352503,-0.44244300087862587,1117,0.9722473639292156,1,0.2631075952469702
fov0,2682,11288.924657534246,8716.705479452055,24.88420573189257,8.871012564633963,0.007047674456621933,146,0.9342984933650006,1,0.225276878135751
fov0,2683,11285.162162162162,8244.490990990991,28.51579346767804,11.195820566727676,-1.5068415344905801,222,0.9197015383986876,1,0.7740820056248805
fov0,2684,11322.382266009852,8941.63448275862,100.77364518252854,36.15979458289388,0.9694425040837902,1015,0.9334060302920212,1,0.9257889232469884
fov0,2685,11295.952380952382,8204.547619047618,21.58635460390539,10.746187327605336,-0.6816707090512211,168,0.8672785586720488,1,0.5834159340220414
fov0,2686,11305.844155844155,8147.25974025974,32.01386509331898,9.248811125102796,-1.383059546873376,154,0.9573592276361316,1,0.7275801036803502
fov0,2687,11319.904761904761,8703.085714285715,18.36591790886595,7.546169183242663,-0.40566502294826795,105,0.9116899051811065,1,0.24821995522627802
fov0,2688,11340.307017543859,7665.58596491228,61.593625362306845,14.492428984164887,0.4624498406587938,570,0.9719249560880494,1,0.5257600666140986
fov0,2689,11338.457055214723,8378.604294478528,48.04781915833186,17.375353669665692,0.8011891444503135,326,0.9323231414892672,1,1.0108587032331076
fov0,2690,11321.198473282442,2835.1374045801526,26.216747628509733,6.528401503493354,1.3196920188458157,131,0.9684992545883709,1,0.87228696869344
fov0,2691,11324.981651376147,8241.339449541285,18.696407148037864,7.576456730895512,-0.8156828564960262,109,0.914212123458492,1,0.5939061161409865
fov0,2692,11335.386138613861,2751.5247524752476,33.81669846211465,7.993549889423076,-0.34668176311875865,202,0.9716609865989735,1,0.574063521949721
fov0,2693,11330.665882352941,8005.075294117647,50.43873726655591,12.295019735282406,1.487009886238504,425,0.9698352207796588,1,1.2069457348652501
fov0,2694,11363.002341920375,8802.871194379391,75.39148975091247,10.003190499594167,-0.04454258533897246,427,0.9911584868009959,1,0.23944073807205474
fov0,2696,11356.619266055046,7798.321100917431,32.13010116836298,9.119967722893689,-1.2315480685978426,218,0.9588701845785864,1,0.927044922284015
fov0,2697,11398.827419354839,7826.672580645161,77.42223126435779,22.082393717434503,-0.2382311640142939,620,0.9584619804767853,1,0.5282158320137093
fov0,2699,11373.810026385225,8934.026385224275,39.77219229397271,15.688961355549978,-1.0703604501030726,379,0.918908553614282,1,0.5883885344696889
fov0,2700,11377.415954415954,8148.05698005698,32.41320238031324,18.955337384095024,1.3324976145185123,351,0.811175365203404,1,
fov0,2701,11383.424778761062,8978.946902654867,16.904695566169455,9.762129205894547,1.0573329822234707,113,0.8164045971764863,1,
fov0,2702,11406.493852459016,9358.282786885246,47.59175142716677,30.43360171015873,0.6530174987314864,488,0.7688142251976982,1,
fov0,2703,11443.045941807044,8968.045941807044,128.7040126952233,62.294036571802096,-0.8932934606800024,1959,0.8750624345375776,1,0.28380144982051303
fov0,2705,11418.813432835821,8611.440298507463,25.118414009894327,7.564882803530603,0.034577904323899324,134,0.953570841181776,1,0.40590893090736285
fov0,2706,11419.048034934498,8307.148471615721,30.913262946070862,10.230433906965798,-0.9334740687686259,229,0.9436518133972908,1,0.46469697287544864
fov0,2707,11427.940909090908,8806.804545454546,32.611918960065736,9.705443539791903,-0.8356899560851312,220,0.9546893471183691,1,0.3400637875865262
fov0,2708,11443.874418604652,8886.06976744186,36.30779411929561,7.761557977800778,-0.5274369033635423,215,0.976883773189284,1,0.24808152637646952
fov0,2709,11470.103211009175,8511.581995412844,84.26981651922713,79.06801631705495,0.3386873391957922,1744,0.34589810266474447,0,
fov0,2710,11449.557823129251,8285.414965986394,31.871537279225123,6.543044619984179,-1.5223917000141693,147,0.9787002883693607,1,0.7897226939340707
fov0,2711,11470.927536231884,8648.326086956522,25.69199463235035,7.162087187872339,-0.16158248721882434,138,0.9603586879587771,1,0.36347415578134595
fov0,2712,11489.554347826086,8866.732608695653,53.938825553940546,12.707534550238407,0.15158751226567585,460,0.9718521467154818,1,0.43485437606375543
fov0,2713,11496.940325497288,9108.631103074142,64.29955367119999,16.145315648476135,0.3349227145221692,553,0.9679623705848354,1,0.6364836155900585
fov0,2714,11485.172872340425,2756.7420212765956,43.60088279304042,12.143416610411803,0.8741477231783276,376,0.960432433064159,1,0.65063044386372
fov0,2716,11486.438016528926,2708.5454545454545,22.899855781591185,7.199489886964132,-1.3308745150577608,121,0.9492938490341648,1,1.1185541094163998
fov0,2717,11514.5,8645.14935064935,27.27288369991942,7.537900093149235,0.24680912691494203,154,0.9610461105344453,1,0.47189156045150255
fov0,2718,11518.844221105528,3063.286432160804,32.3218373477607,8.086832401656551,0.5165808720820717,199,0.9681949047182385,1,0.40996824633425605
fov0,2719,11530.971264367816,8329.772988505747,55.265042220086556,12.424276095092772,-0.6413487254344313,348,0.9744020263736294,1,0.6140495037452217
fov0,2720,11515.535947712418,8113.424836601307,29.747132797382783,7.300525702793361,1.2812190548644882,153,0.9694169801864448,1,1.0001822695369014
fov0,2721,11517.817679558011,9156.613259668507,32.22406252005976,7.667812641147354,-1.3958133483293964,181,0.9712766678315462,1,0.6823837209767005
fov0,2722,11545.235981308411,8066.60046728972,60.29537123195675,13.957706956797436,-0.33874195109933575,428,0.9728375538116234,1,0.6572552193107702
fov0,2723,11542.030882352941,8916.25,83.94211231350904,16.147137524726375,-1.0713727122083425,680,0.9813243500860424,1,0.41265502500783974
fov0,2724,11530.41592920354,8503.29203539823,22.021865922939412,6.874510539241178,-0.4988724903269801,113,0.9500270839303026,1,0.4687697887405644
fov0,2725,11541.639240506329,8616.056962025317,25.59386995161829,10.36226372813091,-1.5012795555270733,158,0.9143729843481414,1,0.6757743199391534
fov0,2726,11554.73488372093,8858.73488372093,32.411140962936564,12.666525252736896,-0.1552521639977553,215,0.9204723234543515,1,0.3004085790917422
fov0,2727,11548.268907563026,9153.084033613446,17.61251196862083,10.960205016348764,-1.5178643893546058,119,0.7827816000875297,1,
fov0,2728,11563.612987012986,8108.9402597402595,61.385383121649795,10.393773253521324,-0.9162366271119774,385,0.9855611277787149,1,0.6797852448324588
fov0,2729,11564.871951219513,8415.182926829268,31.561302514952825,8.267692350453677,-0.47096426279586145,164,0.965079647268699,1,0.605304931733546
fov0,2730,11564.677165354331,4843.897637795276,14.65969967943009,11.040999543965597,0.8056590678920719,127,0.6578451762310022,1,
fov0,2732,11644.288339049486,8972.330230279274,222.47376281599404,105.9289139127048,-0.27794660292291,4082,0.8793688660251378,1,0.40940315318777837
fov0,2733,11578.170454545454,8339.4375,29.547193103898834,7.981774922946814,1.3682990209168766,176,0.9628220390129902,1,0.6829766709455886
fov0,2734,11596.348993288591,8265.080536912752,22.512035896999354,11.13860275318745,0.44904433957295875,149,0.8690157996118709,1,0.39496587580826725
fov0,2735,11604.613114754098,8410.852459016394,45.55024281094172,13.223652679349206,1.0725596050042294,305,0.9569329089561612,1,0.5199852341524026
fov0,2737,11614.405882352941,9158.688235294117,31.058283737490836,7.727202267323409,0.32254664458254595,170,0.9685556988302814,1,0.5020151241935882
fov0,2738,11626.89387755102,8574.310204081632,40.671813586509025,8.420703808895942,-0.2965751507252307,245,0.9783324184931005,1,0.4630874623827515
fov0,2740,11620.184,10115.952,21.114837445259763,7.668186204067837,1.3884917910201904,125,0.9317245426272612,1,1.2063428824568398
fov0,2741,11619.775280898877,10151.831460674157,29.706862315459475,8.012173281317871,-1.52528547305565,178,0.9629422039089222,1,0.9655325089109938
fov0,2742,11632.502645502645,8359.931216931216,32.70008566157842,8.464305109903538,-0.2103520149940832,189,0.9659184497940432,1,0.666682132522875
fov0,2743,11631.24882629108,8904.774647887323,32.27900021685463,9.526837251540359,-0.7651506016665358,213,0.9554538923145485,1,0.25295277548405143
fov0,2745,11649.498039215687,8934.125490196078,46.0838106507791,33.40915362935637,0.10607396089867471,510,0.6887856182650142,1,
fov0,2747,11671.8623046875,8391.1123046875,84.97723894830081,48.62600850627865,-1.3927806669340117,1024,0.8200974265842524,1,
fov0,2749,11650.352201257861,2738.9685534591194,30.33273353872666,8.074352143956583,1.3453824487524162,159,0.963919834911502,1,0.7961972110772003
fov0,2750,11667.345637583892,10050.147651006711,30.48133802257318,16.831087069097105,-0.3071163760018674,298,0.8337270560572965,1,
fov0,2751,11681.962343096235,8883.506276150627,58.913263979532296,21.277579493720456,-0.1988945779863615,478,0.9325008054566297,1,0.16873558401296215
fov0,2752,11667.758620689656,8326.370689655172,19.409296788011343,7.799875428279367,0.6139046775643711,116,0.9156998664739433,1,0.3309338358092408
fov0,2753,11687.125677139762,8712.234019501626,93.6415217505879,55.766809989085395,-0.9207473832627748,923,0.8033293118131493,1,
fov0,2754,11675.736842105263,8595.54887218045,22.742177722892237,7.889778646985763,-0.5827914606152141,133,0.9378937100321431,1,0.5203852893679505
fov0,2755,11684.807407407407,9488.68148148148,28.224585875695105,7.405734655024373,-0.6423999599989907,135,0.9649630125220201,1,0.4825705881532729
fov0,2756,11695.973231357553,10122.644359464628,56.37780692723247,25.525548518438082,0.7862348992868543,523,0.89163303218572,1,0.9485898498603863
fov0,2757,11692.939929328622,8583.289752650177,40.47661673339836,10.314594823358863,1.0661585989308031,283,0.9669862690083451,1,0.9225352486029286
fov0,2758,11696.235294117647,2981.0336134453783,22.55514006891601,6.9723644729577625,-0.5922156771044087,119,0.9510213183761931,1,0.7408328459826402
fov0,2759,11704.926530612245,8807.865306122449,42.21922267474258,8.285799371583472,-0.2264861109335432,245,0.9805525804339654,1,0.17654595403081427
fov0,2760,11697.490990990991,8356.414414414414,39.33875481612518,7.58980460241205,1.3042570567030094,222,0.9812116300290725,1,0.6922480398889634
fov0,2761,11717.85283018868,8769.588679245284,49.74981193977978,9.988714161680202,0.017211116614674792,265,0.9796365754888133,1,0.21479723717779947
fov0,2762,11728.48619957537,6342.575371549894,68.02322154510135,20.694318555291574,-0.3411529216461205,471,0.9526004204307801,1,0.46889373164803644
fov0,2763,11726.594696969696,9067.734848484848,60.288991340969616,13.610359469474254,-0.5252744368128927,528,0.974184808577945,1,0.486239970002409
fov0,2764,11744.480392156862,2745.75,33.54414064099996,8.168577210702175,0.4985487188194441,204,0.9698965636537429,1,0.3862156621491081
fov0,2765,11739.561403508771,9004.78947368421,20.24411935440073,7.66874649523879,1.066907708706183,114,0.9254730156630445,1,0.6505157049545448
fov0,2767,11746.20430107527,10603.425806451613,39.230680002316255,17.300630834129574,1.3542787303115555,465,0.8975083435856582,1,0.727299548748711
fov0,2768,11803.804298642533,2591.9592760180994,134.43697002753862,16.797927481552417,-0.08337194363007012,884,0.9921630134757913,1,0.5507425299755262
fov0,2769,11758.825153374233,8905.708588957055,43.750802545660086,11.291770072556137,0.15872359451623977,326,0.9661201125562942,1,0.34951924036061216
fov0,2771,11757.966101694916,8245.76836158192,29.578692785187986,7.798180333375987,0.713626499420291,177,0.9646206466372438,1,0.37063044826304153
fov0,2772,11780.694736842106,6791.847368421053,66.81868828400691,14.073836303719313,-0.06908848099197497,380,0.9775664494984053,1,0.29300296589910324
fov0,2773,11768.037974683544,8411.81329113924,34.80495310328662,12.74616737770344,-0.8964262060834772,316,0.9305294566107529,1,0.6714026804982077
fov0,2775,11794.932795698925,8286.862903225807,38.961499325621524,13.259793648072112,-0.616440510400933,372,0.9403058155196239,1,0.6638099627448917
fov0,2776,11802.048158640227,8344.617563739377,69.62876612589112,35.83083357474488,-1.1204489502821486,706,0.8574314863465148,1,
fov0,2778,11795.272727272728,10074.262032085562,35.296951951197364,8.011165538030129,-1.40750415435682,187,0.9739029627612109,1,1.0658685392687124
fov0,2779,11812.0,10608.107569721116,34.637658673256354,12.189067155894964,1.0345029911062178,251,0.9360367859643381,1,0.5935044862679285
fov0,2781,11815.054455445545,8438.89108910891,34.87019434515248,8.751273617872114,-0.9964599958095004,202,0.9679956017305688,1,0.7089162020890378
fov0,2782,11820.659793814433,10254.355670103092,33.45211918558145,7.841698131958438,-0.49138431879128824,194,0.972136478534946,1,0.40323151334538476
fov0,2785,11914.610106051154,10104.106986899564,154.8307557567201,85.70868967068031,0.5254752076092124,3206,0.8328068227463468,1,
fov0,2786,11865.627551020409,10477.015306122448,52.89551465720526,31.552210209507642,-0.10905816006149298,588,0.8026125743181574,1,
fov0,2787,11862.142857142857,10095.063492063493,34.88079600627093,7.777146843645106,-1.1832402646221079,189,0.9748267773919885,1,0.7119686269294978
fov0,2788,11866.849673202614,9344.320261437908,24.43935581289573,8.769164466051052,0.7435263885348742,153,0.9334093732742065,1,0.5014211259125306
fov0,2790,11902.333333333334,3143.620512820513,34.46185493619993,7.4977701342573395,1.0226681078042632,195,0.976045338477902,1,0.4501957635771706
fov0,2791,11909.125714285714,9390.805714285714,31.90065186951368,7.282475617289779,-0.6074640400566329,175,0.9735940907155376,1,0.43577569222033546
fov0,2792,11918.081395348838,10484.796511627907,20.14642926233064,14.414280041085657,0.2901677312208185,172,0.6986376463617349,1,
fov0,2793,11940.14950166113,8898.255813953489,54.044384745725566,9.489589282084834,-0.02341575178016043,301,0.9844635947051765,1,0.2811658877733982
fov0,2794,11925.29381443299,9964.231958762886,29.738735200621857,11.656799902435196,0.9370284715112925,194,0.9199764538537877,1,0.8054777661303153
fov0,2795,11938.565217391304,9303.510869565218,27.50009406201066,9.071029651782371,0.29186747979192074,184,0.944031785390884,1,0.28244987495742563
fov0,2796,11993.448524365134,10273.545298558682,157.778173316815,56.244114256897305,-0.5527834159441744,2914,0.9343045232163775,0,0.32242969240267305
fov0,2797,11944.82075471698,10337.283018867925,20.517291609138223,7.038961216022321,0.20631553670654346,106,0.939308166723566,1,0.5051080245216452
fov0,2798,11954.179487179486,9211.907692307692,29.076865278582954,8.980721274920908,0.012148945550605701,195,0.9511070583776406,1,0.0828841794526993
fov0,2799,11963.14967462039,8605.04338394794,79.53689255956041,11.915174814220318,1.1845669367402527,461,0.9887152747782899,1,1.0132716044950951
fov0,2801,12210.61130146299,9401.167400881057,515.5971420500994,215.13679741980053,0.6401240039492732,18387,0.9087882820522325,1,0.5190886969343225
fov0,2802,11978.491379310344,10068.724137931034,22.038563907987047,6.916757506598073,0.5734300961072073,116,0.9494732651742258,1,0.5700289138840364
fov0,2803,12003.44861878453,9985.14217311234,140.41702568346076,69.43753015989125,1.4431256774937813,2715,0.8691723168769412,0,0.5355013876607715
fov0,2804,12074.102743410436,10298.604446835216,292.0321987875153,66.75059680217542,-1.008100123999099,5577,0.9735268395335838,1,0.3353057698673702
fov0,2806,12011.285511363636,8653.438920454546,46.610156447974354,26.591476631214235,-0.3143074906323497,704,0.821291902714485,1,
fov0,2807,12008.782608695652,10439.729468599035,24.696340599746584,14.16361768532025,-1.2716678755123902,207,0.8191980099016409,1,
fov0,2808,12043.41574415744,9428.511685116851,71.63898107300255,27.174827482522808,-0.46423453817342586,813,0.9252613769260292,1,0.3875083611753746
fov0,2809,12044.624320936064,8523.437944003343,148.66720150034624,63.12245086226905,-1.2299681296406793,2393,0.9053862293164748,1,1.103656237532235
fov0,2810,12021.858490566037,10141.479245283019,47.32804550131361,21.082062196963513,-1.3564947362231783,530,0.895309084767441,1,0.7303822297062955
fov0,2811,12018.38655462185,9161.98319327731,23.683842845124477,6.921500399345923,0.0940584167508691,119,0.9563432811260403,1,0.08176978856018989
fov0,2812,12033.938502673796,8373.433155080214,42.622586764803614,14.168436475916788,-1.466527053544352,374,0.9431328108191313,1,0.7674821624807263
fov0,2813,12050.74217311234,10098.108655616943,74.85420856239811,20.535378801955762,-0.19190862713612852,543,0.961633235176545,1,0.5138240448853849
fov0,2815,12073.97643097643,9166.414141414141,74.18599058921927,14.07252183831927,-0.034770793896130345,594,0.9818435602619953,1,0.0871831669659615
fov0,2816,12045.392857142857,8324.872448979591,27.327574873366704,10.653373350436265,-1.226787116968972,196,0.9208827369155995,1,0.6950834463347734
fov0,2817,12062.063725490196,9209.779411764706,34.77963580593224,7.682682315619523,-0.13872687569517925,204,0.9752973693440735,1,0.11998659281847873
fov0,2818,12070.266533066133,10168.528056112224,64.75129756130472,43.94426228424818,-0.5807658582533435,998,0.7344504950329365,1,
fov0,2819,12067.064705882352,8108.294117647059,24.039870757183017,11.19340720437655,-0.7936127060975148,170,0.8849855733593657,1,0.7158357627866885
fov0,2820,12119.988454706927,9585.163410301953,115.81538560321587,35.38985276042312,0.3043947211921274,1126,0.9521692118220357,1,0.42257374688679467
fov0,2821,12069.58152173913,7988.040760869565,46.3521776654463,10.603285637651364,-1.4928878384445001,368,0.97348406085552,1,0.9744676050708732
fov0,2822,12080.208333333334,8196.069444444445,25.82014688161061,8.034202516353583,0.8276647605029281,144,0.950357469125554,1,0.8282210594702418
fov0,2825,12090.93137254902,10409.782352941176,51.54112743584902,27.85615152248233,0.4263388652531966,510,0.8413667959750443,1,
fov0,2826,12116.769704433498,9662.099753694582,103.23319521049518,32.494154249972745,-0.8418046794107605,812,0.9491697706851467,1,0.7954872551858932
fov0,2827,12088.949579831933,8143.361344537815,31.545715284892587,13.889669831222268,1.3881507375670776,238,0.8978492962630079,1,1.066744489565721
fov0,2828,12100.15770609319,10054.150537634408,48.71862029743859,10.446005178993833,0.4932068307060343,279,0.9767426418153886,1,0.7448127067710074
fov0,2829,12114.329310344827,9451.841379310345,71.46250960130718,56.02406774049667,-1.557630930882102,1160,0.6208057068534131,1,
fov0,2830,12089.85436893204,9792.553398058253,17.522231818692738,8.302767640119065,1.442628720932414,103,0.88060993212963,1,1.0676778540071947
fov0,2832,12101.74074074074,8347.296296296296,19.766928822571714,7.219539356312705,-0.8326719898600586,108,0.930916045722361,1,0.6222018948420214
fov0,2833,12128.692883895132,9941.0468164794,93.69789099005146,11.995628914718115,-0.27344026782018566,534,0.9917710010202535,1,0.6398777578356698
fov0,2834,12108.263005780347,8428.387283236994,40.121184504154584,11.761018693101397,1.5147447943280152,346,0.9560703319252263,1,1.0416365013377562
fov0,2835,12116.155172413793,9219.758620689656,34.417639045875234,6.660444195368996,0.26577228855924273,174,0.9810966588987373,1,0.1610716354531578
fov0,2836,12106.897959183674,10101.367346938776,32.666668394318606,6.494776825163769,-1.5383316766601325,147,0.9800360868755307,1,0.6116170115623527
fov0,2837,12114.595454545455,8625.104545454546,36.42363720281394,8.284585408886034,-1.2095161918676964,220,0.9737895736383602,1,1.0666163928904155
fov0,2839,12131.732600732601,9183.369963369963,42.16390768478985,10.275286236695173,-0.09709652505685427,273,0.9698510098060101,1,0.10423278350993288
fov0,2840,12122.176470588236,8324.123529411765,27.408748602661802,8.574611375665794,-1.1886195046116812,170,0.9498051378157472,1,0.27531191914331354
fov0,2841,12122.778481012658,8186.291139240507,26.078550197873568,8.60943241165681,-1.3602831306071925,158,0.9439338582924104,1,0.8948275792662964
fov0,2842,12139.128205128205,10267.410256410256,24.070691407837128,9.661168294161454,-1.036392859392199,156,0.9159175517756765,1,0.17422198298301358
fov0,2843,12157.94299287411,8196.43705463183,63.37852029186231,16.985330624270716,-0.973834849598342,421,0.9634194071526548,1,0.7502582494579336
fov0,2844,12165.583518930958,9809.213808463252,56.07305209674102,13.231318625490172,-0.6698535858950295,449,0.9717613774231916,1,0.7686970613812469
fov0,2845,12152.171548117154,10115.673640167364,33.06292588969285,10.840731347483592,-1.4281613847894687,239,0.9447187577833583,1,0.5721909392122589
fov0,2846,12160.214285714286,8411.02232142857,32.97984476534973,10.202312161324372,-0.18494702839580293,224,0.9509482795313768,1,0.523184075054247
fov0,2847,12256.981321839081,9666.29980842912,206.5315577418912,84.6211292453285,0.7051643995006575,4176,0.9122091190886767,1,0.3439856524227986
fov0,2848,12175.61,9658.61,35.4969987235609,8.003491839160967,-0.6148855449990456,200,0.97425021849616,1,0.5797354443268399
fov0,2849,12170.123595505618,8506.050561797752,33.475469971783866,7.101650185302724,1.2449190489511692,178,0.9772382217073067,1,0.9442802096751945
fov0,2850,12178.024883359254,9959.544323483671,84.98392996231598,21.084841876319665,-1.5466010421990493,643,0.9687334359338483,1,0.6402564148402689
fov0,2852,12235.450332963374,8021.71781354051,262.0752337959877,87.23087181865053,1.034253000051582,3604,0.942980957788009,1,0.7890179889831102
fov0,2853,12268.381009950712,8642.442760159955,454.4980990311342,184.2352286002726,1.329464669325141,10753,0.9141572544810498,1,1.0724735700854446
fov0,2854,12181.624060150376,9863.962406015038,20.81624636361067,9.968822683077308,-1.4548851221648875,133,0.8778714969459726,1,0.8068489921340607
fov0,2855,12185.047619047618,9278.97619047619,16.425643468573178,10.36449354475353,0.9083210228215681,126,0.7757871624716279,1,
fov0,2856,12211.907608695652,10220.932608695652,113.3132740051468,20.215719108501762,-1.3486293715307576,920,0.9839570381876603,1,0.11888090940752082
fov0,2858,12213.958333333334,9775.352777777778,32.48798407871243,17.187226857307074,-0.25898994871790243,360,0.8486010375468117,1,
fov0,2859,12215.164596273293,9519.636645962733,30.22140991750201,15.965685135962225,0.43315830102981523,322,0.8490636603725255,1,
fov0,2860,12211.49090909091,9566.727272727272,19.594938796610332,7.23197857110784,-0.4288388951435263,110,0.9294000905530087,1,0.4279430125230297
fov0,2861,12233.514383561644,8801.018493150685,90.50221363268254,26.908332420794558,1.1891924287398,1460,0.954777151898417,1,0.4823342492334615
fov0,2862,12217.565371024735,9725.374558303887,40.96810870149665,12.113447968908389,1.0399227850492023,283,0.9552870628327562,1,0.6138273167284848
fov0,2864,12238.651851851851,8391.881481481481,23.173499299442575,7.524457618637651,0.06741553775553373,135,0.9458167276931547,1,0.4160448588578134
fov0,2865,12237.51572327044,8324.377358490567,29.211864199183577,7.378857409114793,1.1320522035056866,159,0.9675713249134638,1,0.8701148106622832
fov0,2866,12244.709677419354,5632.069124423963,37.05379988748342,11.467690194648938,1.5277824019343758,217,0.9509034908390314,1,1.0296163071190334
fov0,2867,12255.196721311475,9750.475409836066,39.437517197270026,7.536348154452736,0.5351906068971671,183,0.9815713697845855,1,0.354574537550841
fov0,2868,12272.81626506024,8805.575301204819,43.259547114658055,13.240318117285984,0.7079345963325447,332,0.9520099870365054,1,0.6261699251606226
fov0,2869,12283.85846153846,5581.172307692308,61.86485947463091,7.2802509909935145,-1.1404520505721993,325,0.9930515793142862,1,0.9704363961331067
fov0,2870,12287.085545722714,9609.828908554573,38.36723081773987,14.991293649572839,0.606513792188471,339,0.9205046072329891,1,0.40716496025208354
fov0,2871,12292.572784810127,8889.832278481013,44.016055768294514,12.523449786089463,-0.6640206803623797,316,0.9586700938954326,1,0.6335967475677643
fov0,2872,12302.746945898778,8836.633507853403,39.12163440774881,22.82659784575105,-0.37690197303062517,573,0.8121292234487429,1,
fov0,2873,12299.235849056604,10137.665094339623,54.35355058441869,15.864620981555108,-1.2689702171601953,424,0.9564554711646864,1,0.22231710610812808
fov0,2875,12319.673239436619,8459.250704225353,53.562078164084575,11.207941406357328,-0.3636767720577415,355,0.9778618713197067,1,0.5958818272354961
fov0,2876,12321.956989247312,5677.770609318996,46.18511751492759,8.797133900130788,0.17015342505280717,279,0.9816919472890144,1,0.6627471170467
fov0,2877,12319.408551068884,10200.655581947743,42.70385632085612,25.08157112588588,1.4512678382532747,421,0.8093422026533391,1,
fov0,2879,12310.06106870229,2307.328244274809,14.235046299950609,11.785928986192033,-1.0521755420703687,131,0.5607996001734484,1,
fov0,2880,12315.741379310344,3932.4540229885056,29.419737540705437,8.170335160418835,-0.7221304645002927,174,0.9606631878464192,1,0.649843040624945
fov0,2883,12337.198300283286,8938.314447592067,47.08847864899113,13.889872681579735,-0.43182812481995,353,0.955505307252185,1,0.5351960432805497
fov0,2884,12330.82252559727,8872.59385665529,50.68780228022815,10.769668485102018,1.3806526524349152,293,0.9771674565207598,1,0.9574810816081594
fov0,2885,12337.189944134077,5525.675977653631,28.565021219250244,8.809295301770197,0.22439913630249228,179,0.9512585533264549,1,0.6646525477940479
fov0,2886,12336.405541561713,5579.0,48.08218624633899,12.061592681180075,1.3217404171575209,397,0.9680250194793147,1,0.9820080743564351
fov0,2887,12362.057275541796,9718.379256965944,80.37496941236518,16.79671472834252,0.010031131638484013,646,0.9779200380290239,1,0.36854657092780657
fov0,2888,12352.819444444445,8621.45634920635,75.22223965617205,9.805199385118478,-1.1825639249577724,504,0.9914680757689802,1,0.8541216141107977
fov0,2889,12350.703389830509,3922.084745762712,22.110080925689015,7.125609646989483,-0.0761358093550281,118,0.9466448095907154,1,0.4505062271294431
fov0,2890,12367.225352112677,10093.204225352112,61.11252012300799,13.244033836197854,-0.5312810315292041,426,0.9762347911070846,1,0.36157317052812527
fov0,2891,12361.641379310346,9650.23448275862,22.929255587051045,8.590374929777633,-0.5717561050284122,145,0.9271675614972422,1,0.2446442100651434
fov0,2892,12382.734607218683,9589.212314225053,66.47676066732939,15.316150865343204,0.17928341225610234,471,0.9730963452170827,1,0.28793184679637135
fov0,2893,12371.807692307691,9439.538461538461,25.632117579673167,8.02046642753046,-0.7047999822104843,156,0.9497838030504231,1,0.4006912509456637
fov0,2894,12373.673378076062,5627.185682326622,73.09752973956529,10.069799722756724,-1.2929747670301253,447,0.9904658598500825,1,0.8405045487101733
fov0,2895,12384.349137931034,7949.0969827586205,32.688322905329734,21.613220933512963,-1.0175933945330484,464,0.7502177166588347,1,
fov0,2896,12401.58064516129,9671.907834101383,61.18589424984594,12.218830956738376,-0.4275471637755853,434,0.9798570602870934,1,0.4299843881353341
fov0,2897,12384.162454873645,8889.92057761733,38.73325122425999,12.452616321592108,-1.21742262696396,277,0.9469106650575753,1,0.6925245908398543
fov0,2898,12412.702617801047,9544.865968586388,73.20001173814904,24.716134116685453,0.4512001518326506,955,0.9412709983157289,1,0.444313917462737
fov0,2899,12397.417808219177,8729.313356164384,61.063183157047554,28.6230629809618,1.0728838652669646,584,0.8833335195011571,1,0.9267558366423982
fov0,2900,12384.448529411764,8057.720588235294,21.518164707020336,8.99185941496142,1.3629058945984263,136,0.9085054651298929,1,0.5879740788928972
fov0,2901,12397.750988142292,9634.679841897234,27.914572961071407,13.595883342267069,-0.38660841185983097,253,0.8733722783425546,1,0.1791494023437346
fov0,2902,12395.354740061162,8972.88990825688,47.37193321761674,9.904972191782836,-1.223534006649735,327,0.9778965157191636,1,0.6946977251803997
fov0,2903,12409.094339622641,8689.103773584906,20.71074955584237,6.78755514238869,-1.0328747972840617,106,0.9447710709252118,1,0.5942752613275841
fov0,2904,12456.50857142857,8583.664489795918,134.71690106784237,85.2640941204778,-1.446888020679781,2450,0.7742228251685859,1,
fov0,2906,12434.99461641992,9367.678331090176,63.393135707126135,45.90591320086821,0.23349912835827843,743,0.6896462435525051,1,
fov0,2907,12421.307692307691,8097.055555555556,35.167023622742875,8.978989743170997,1.2618890629116553,234,0.9668555156666447,1,0.6277918078097462
fov0,2908,12425.28125,10075.0703125,21.537396764798984,8.967765275313926,-0.8053695405326009,128,0.9091901710966148,1,0.26629465367052907
fov0,2909,12458.123192596877,9716.923076923076,128.476404956022,47.26345798970772,1.2290270784118025,1729,0.9298746345976693,1,0.9114765751096954
fov0,2911,12461.212173913043,8243.550434782608,80.29641755462417,66.61230462546219,1.5218036894594014,1150,0.5583878319763361,1,
fov0,2912,12442.551282051281,7863.141025641025,39.80737608059581,8.525710173930154,1.061585740081028,234,0.9767954963398483,1,0.5601650200438076
fov0,2913,12461.46896551724,8021.06724137931,53.92720640194394,36.72398964746939,-0.6463804082883672,580,0.7322909667362426,1,
fov0,2914,12474.633057851239,8901.335537190083,44.06325286736532,23.961290872796862,-0.40451155796917815,605,0.8392193478214974,1,
fov0,2916,12487.384615384615,8695.105494505495,54.53719462797491,14.188449884207353,0.0012495854677450691,455,0.9655652570377778,1,0.5275016989378606
fov0,2917,12481.49609375,7001.04296875,31.974529839490586,14.108052891426093,0.333289564771213,256,0.8973951130477416,1,0.615841176602366
fov0,2918,12478.09349593496,8768.971544715447,23.239830212358704,16.068493924503844,1.4056900585108107,246,0.7224525989178215,1,
fov0,2919,12488.08547008547,9396.435897435897,22.9233064353024,7.536639313845752,-0.052429984567264824,117,0.9444078359553111,1,0.2949034378441755
fov0,2920,12490.928961748634,8085.704918032787,31.465669065142137,8.289867699783716,-0.9219317961794377,183,0.9646709935164197,1,0.9386624949029987
fov0,2921,12500.752,8643.968,43.91404323693169,8.384530910247403,-0.6799303813184787,250,0.9816035545341689,1,0.47860749157946536
fov0,2922,12498.293413173653,9424.736526946108,30.19641093729057,10.4778063276579,-0.8639517501745595,167,0.9378693960533011,1,0.46783149949964514
fov0,2923,12499.457364341086,7967.468992248062,44.121739525018285,9.58453398552623,0.923911725363752,258,0.9761206058635354,1,0.5209451322412899
fov0,2924,12527.866666666667,2157.266666666667,40.104370396182524,11.086504689797863,-0.16396352665108802,300,0.961030801855548,1,0.42276252965023403
fov0,2925,12515.281609195403,9738.948275862069,29.44196320972095,8.949246974401362,-1.3110842136432213,174,0.9526840597424261,1,0.7839325687733005
fov0,2926,12539.495881383855,8062.204283360791,53.215511460294636,32.01546440734293,-0.6568137301975043,607,0.7987831634758055,1,
fov0,2927,12520.67857142857,8221.357142857143,36.94304260329849,10.127454996566106,1.4598825358711771,252,0.9616906484700309,1,0.6558080911189942
fov0,2928,12531.951871657753,8000.75935828877,26.61991323983472,10.65449328000025,0.07342188302526617,187,0.9164080730663593,1,0.4821627096487092
fov0,2929,12531.32044198895,8272.779005524862,21.33790999381551,13.10196612222817,1.5377943416613329,181,0.789288182625963,1,
fov0,2930,12541.868480725623,8128.142857142857,36.498516668269374,22.127411512196215,-1.4911070880343325,441,0.7952702469576038,1,
fov0,2932,12541.616724738677,7121.205574912892,40.07472402149722,9.858600796315427,-1.2987211048925382,287,0.9692684432783982,1,0.9310606683073338
fov0,2933,12551.287128712871,8769.584158415842,28.24955387228793,9.843105865166391,1.3317792778548754,202,0.9373333065843532,1,0.8285000840754727
fov0,2934,12563.8202247191,8378.531835205993,31.479093581136294,11.8559397664409,-0.007644251808234017,267,0.9263641783087613,1,0.5515583588457279
fov0,2935,12578.616,8108.268,40.237535643384035,8.276729145465568,0.8436023170264025,250,0.978615787193462,1,0.506048480302909
fov0,2936,12575.622222222222,8787.125925925926,26.000328760302175,7.111375118138639,-0.9262603242171167,135,0.961868883861057,1,0.9745646883939139
fov0,2937,12622.589743589744,8644.984615384616,31.893579581185683,8.117108151702714,-0.744027222042072,195,0.9670711883861971,1,0.5663915030761122
fov0,2938,12629.093167701863,8686.217391304348,18.6391584997958,14.297974850879122,0.5571575581673837,161,0.6415354755338697,1,
fov0,2939,12656.327380952382,8827.263888888889,57.17101070509914,16.41366472122448,1.073766934451613,504,0.9579013103056296,1,0.523758696280056
fov0,2940,12662.292490118578,8223.93280632411,28.295518231820548,13.696082640352975,0.5714536967407883,253,0.8750474362021639,1,0.3755124487624776
fov0,2942,12677.382716049382,8696.576131687243,31.356645757468918,11.842041636857308,-1.258099985658172,243,0.925945762342026,1,0.992420871029958
fov0,2943,12688.813025210084,8269.283613445377,68.79350575086221,10.79653699868401,1.439421460333492,476,0.9876079445793171,1,0.8044761946497057
fov0,2944,12692.31884057971,2087.050724637681,23.860067219830658,7.692490034780009,0.20496431385602895,138,0.946603466130544,1,0.3168192381035884
fov0,2945,12693.603773584906,8811.028301886792,18.02683837312359,8.452913852315165,1.3622533413139002,106,0.883247451969608,1,0.7242654568893837
fov0,2947,12698.827586206897,8390.646551724138,19.84161097703024,7.744286259848663,-0.5410085640516628,116,0.9206854835465081,1,0.734927428333299
fov0,2948,12709.438095238096,8119.157142857143,65.80207604314116,9.849916109773998,0.9288731603379645,420,0.988732971369267,1,0.5989563709949531
fov0,2949,12709.556818181818,8241.431818181818,32.74705882368845,7.4256628644452265,-0.42977673881124223,176,0.9739510953020497,1,0.5752459814415655
fov0,2950,12723.526645768025,7978.498432601881,51.399473328399004,8.428269120084952,0.7532067407436389,319,0.986464363820807,1,0.527866554429747
fov0,2951,12719.398305084746,8188.932203389831,19.238733599265164,8.00031243603731,-0.038935105695459216,118,0.9094359493652414,1,0.4248624188603388
fov0,2952,12718.271028037383,8884.383177570093,19.686466262603872,7.343561256599141,1.163258801949029,107,0.9278209408873004,1,0.6419305135873893
fov0,2953,12747.33595800525,8776.009186351706,67.45862331653728,16.665597157289735,0.5280302633791066,762,0.9690029441212004,1,0.543600365659773
fov0,2954,12736.719626168224,8556.43925233645,21.276715213083037,6.966107204844228,-0.08131637747814284,107,0.9448840324897564,1,0.5440612059678477
fov0,2955,12736.957264957266,8024.683760683761,22.636009674303693,7.907511438349551,0.8936270825147938,117,0.9369985387188517,1,0.5816896235675145
fov0,2956,12821.830037082818,8841.723423980222,156.42989201775094,39.51620665526459,0.29159704500168016,3236,0.9675674287915775,0,0.5650899181202468
fov0,2957,12749.7109375,8462.07421875,36.82485680316242,9.953259395718447,1.5620701574084102,256,0.9627799546790934,1,0.7747058087227814
fov0,2958,12754.732558139534,8922.151162790698,39.65690775533625,13.127501277219501,1.3278542526866404,344,0.9436213351805683,1,0.8992200600841229
fov0,2959,12752.91133004926,8880.133004926109,28.197954716735026,10.097724694714321,-1.3898759898205675,203,0.9336827338152053,1,1.0338545487395432
fov0,2960,12775.626198083068,8142.522364217252,75.88443050599268,12.66878276247038,-1.2331481048036321,626,0.9859656374932018,1,0.83923547378154
fov0,2962,12807.124542124542,8910.263736263736,43.94648045523889,20.825579200463082,-0.7817829505789514,546,0.8805867240223414,1,0.7808520309478522
fov0,2963,12802.909307875894,8580.80429594272,44.38305672081324,24.03887797539863,1.3368080483542146,419,0.840621603917822,1,
fov0,2964,12868.964912280702,8630.600877192983,32.92953212020046,22.935995462918186,0.15154976332383507,456,0.7175398031098631,1,
fov0,2965,12870.883720930233,8297.813953488372,23.542568679583102,7.132235751182894,0.5655299389873809,129,0.953006255241016,1,0.5785187156334296
fov0,2966,12936.32293986637,8494.361756283804,165.61763557079883,112.25059883223008,0.03719662044497964,3143,0.735274348476653,1,
fov0,2968,12960.643410852714,8779.607235142119,138.92927902641784,16.071955298054036,-0.9515776469132967,1161,0.9932860168404236,1,0.3185248483465266
fov0,2969,12965.204663212435,7526.574481865285,167.66734021478925,42.54181033338572,1.1432310761458582,1544,0.9672757466525679,1,0.8657715282254707
fov0,2970,12975.126878130217,8718.411519198664,169.47434276784836,37.38650099145883,-0.7584051844833088,1198,0.9753637474866826,1,0.10731430918715529
fov0,2971,12958.244613434728,8043.823827629912,100.52843404711678,21.555176093644153,1.178955937124602,789,0.9767418396352782,1,0.6300238421394834
fov0,2972,12954.485436893205,6543.592233009709,33.34579276984438,8.346626454536962,-1.3108537286805588,206,0.9681669742078682,1,0.9159267093418998
fov0,2973,12963.162601626016,6587.821138211382,21.66485103598973,7.587440611707626,1.1707440595270753,123,0.9366678770814204,1,0.7498073135636005
fov0,2974,13006.045454545454,6631.547348484848,82.53767407185984,19.80380528128857,0.34631456758209456,528,0.9707885706753818,1,0.47665062532690355
fov0,2975,12981.584507042253,7926.359154929577,23.360861959772496,8.082785773363604,-1.3219219467546404,142,0.9382356561943005,1,1.2178297205261739
fov0,2976,13019.741321388577,7994.255319148936,121.81503057208275,21.260958582945833,1.290506134150424,893,0.9846510109550136,1,0.6629852370633933
fov0,2977,13014.45703125,5567.45703125,46.905470899835564,7.284759270794663,-0.9095715306159802,256,0.9878662160987635,1,0.2791951359111261
fov0,2980,13036.695652173914,8570.658385093167,23.16995655159069,10.313237421273568,-0.41928700890274373,161,0.8954746546551772,1,0.3799103593700928
fov0,2982,13049.007633587786,7883.656488549618,38.5620951153029,9.022000709047957,1.0505761762422081,262,0.9722461424112167,1,0.599563616187209
fov0,2983,13055.60606060606,8425.140151515152,36.25378171704123,9.866654377509633,0.9578903537407828,264,0.9622533760248915,1,0.5445881898434245
fov0,2985,13058.88202247191,8600.797752808989,34.005358156653664,7.396858173777929,-0.9156283307394751,178,0.9760557809574548,1,0.49473470384180757
fov0,2986,13070.038732394367,8638.947183098591,48.726919001758674,9.54376844612654,-0.8434105980286701,284,0.9806314002781014,1,0.4696574600153083
fov0,2987,13083.305489260143,5501.5560859188545,68.13417339480354,8.5826029721512,-0.7924718276796445,419,0.9920345337928899,1,0.26309259922316136
fov0,2988,13095.373015873016,6649.436507936508,82.86274670818507,11.644803079647836,0.43749696575877295,504,0.9900762473433057,1,0.49331044112158257
fov0,2989,13090.984025559106,5819.4696485623,58.847117715666506,8.657550799358125,0.1258190488392248,313,0.9891187448417104,1,0.5486826941096533
fov0,2990,13084.080862533692,7920.2695417789755,46.00284023900313,10.730335001159883,0.9190219703366683,371,0.9724159028227849,1,0.5755483305569925
fov0,2991,13093.3,8247.416176470588,79.26415268825173,12.272179201370093,1.130659585340231,680,0.987941699850529,1,0.6243327152529343
fov0,2992,13093.726235741446,8593.802281368822,38.01756168842009,14.048939114280817,0.951073653166657,263,0.9292155624602467,1,0.8163595742500322
fov0,2993,13094.504273504273,8549.957264957266,19.007834459066515,8.11914895029801,-0.4913024776884926,117,0.9041819585191083,1,0.38646375061107285
fov0,2994,13096.495098039215,7563.107843137255,32.40694225609293,8.972490604676722,0.9536614026611419,204,0.9609075586441944,1,0.7903315909164155
fov0,2995,13105.504504504504,8330.045045045044,19.41334152768249,7.780155694116721,0.09279098024632225,111,0.9161816092143859,1,0.5750066298234361
fov0,2996,13111.169696969697,8228.036363636364,22.436961487443124,9.84505417080342,-1.100231054442776,165,0.8985909463988047,1,1.0461115674195047
fov0,2997,13134.331606217616,7404.0025906735755,52.45333684266395,24.75510866240553,0.2941542339252267,386,0.8816278025103167,1,0.6041239011070286
fov0,2998,13140.326530612245,7697.788069073783,76.9399553882369,12.376263237946942,-0.9323192580364186,637,0.986977865200386,1,0.9549606177978045
fov0,2999,13130.534709193245,7556.979362101313,69.13497525845528,13.059498227925165,-1.4889140738314852,533,0.9819966032557942,1,1.0119132073703494
fov0,3000,13212.364074328974,6661.847900894701,155.1133989078935,23.279839509418608,-0.10193549536098678,1453,0.9886734444126947,1,0.47256692934181216
fov0,3001,13185.657549234136,7752.983588621444,109.20309661233249,42.04194478336888,1.4916645489505915,1828,0.9229213376429317,0,0.6347960000453045
fov0,3003,13177.033653846154,7877.2516025641025,83.40194015804543,21.646537239360043,1.2696748760806187,624,0.9657310770681977,1,0.5628620658143252
fov0,3004,13192.321299638988,8130.9819494584835,69.1783234041709,11.508374981251272,1.5215149727447672,554,0.986065403497263,1,0.7550222469895432
fov0,3006,13304.33746898263,6618.694789081886,36.196725588224645,20.68871416808806,-1.4572439098467305,403,0.8205580880997939,1,
fov0,3007,13367.99409448819,4419.005905511811,82.32925477750453,9.033782552817406,1.0884569083713946,508,0.9939617083897223,1,0.7724883171902727
fov0,3008,13379.237237237237,4533.381381381381,50.03427180166314,12.473578447534685,-0.6427157344433096,333,0.9684261284821556,1,0.44005206149587767
fov0,3009,13372.511450381679,5961.885496183206,25.928653422697238,6.682317058053036,-0.7893436282068023,131,0.9662198040649731,1,0.6165650193672527
fov0,3010,13372.200729927008,8450.985401459853,39.40792214746963,11.751800217873571,1.4303333192356733,274,0.9545005733161148,1,0.7349875429376641
fov0,3011,13418.132105684548,8493.547638110489,95.39946254153037,27.642304208306452,-0.6191475653155087,1249,0.9571013816680383,1,0.6572983882865492
fov0,3013,13409.909620991253,8556.192419825073,56.68933857965214,9.864882561429274,-0.18838885874637332,343,0.9847427297340192,1,0.469937271427682
fov0,3015,13454.402286902287,8446.883575883576,115.71101125449583,30.253360678541725,0.3186085246400538,962,0.9652153429641652,1,0.3946435875719926
fov0,3016,13462.048260381594,8900.296296296296,136.6931266494135,84.1909176203114,-1.2998649401550535,2673,0.7878150690906448,1,
fov0,3017,13481.71088435374,8546.52380952381,89.93898724304924,27.87336748037554,0.6643427136624689,882,0.9507645350150593,1,0.4513494198383825
fov0,3018,13469.836206896553,8595.327586206897,22.115795412229883,6.821908990428575,-0.21054597659606997,116,0.9512362772547923,1,0.37900092059459656
fov0,3019,13479.693227091633,8774.378486055777,25.024065299260048,15.087208917448384,-0.005574738274777536,251,0.7978107264842612,1,
fov0,3020,13494.183783783783,9266.032432432432,35.604122892839605,8.076993760709337,1.1903115211614035,185,0.973928410215778,1,0.23345863325560212
fov0,3022,13499.54705882353,8705.052941176471,30.831644643762765,8.95807227046922,0.9579533808992908,170,0.9568604221957011,1,0.5589677785374534
fov0,3023,13503.21568627451,8971.731092436974,24.781766050572152,18.530518849132722,1.1899423596141139,357,0.6639824972148749,1,
fov0,3025,13512.242718446601,8747.339805825242,26.83951006664992,12.049901661601579,0.585988887975298,206,0.893551196092392,1,0.41586832956811987
fov0,3026,13515.0,9080.015267175573,26.76712849049799,6.702363996340644,0.9109284377993068,131,0.9681436764499455,1,0.6200400759213321
fov0,3027,13543.362464183381,8932.787965616046,82.97859157208502,21.43093389196285,0.3977849114129753,698,0.9660726043550568,1,0.5239909859989408
fov0,3029,13527.608695652174,8778.591973244147,32.52784297314579,12.031021782788489,-0.8025980031430533,299,0.9290841480969018,1,0.6959122712855378
fov0,3030,13540.471337579618,9292.726114649682,29.08530204256904,7.134111286534956,1.5231350490204953,157,0.9694516841581355,1,0.7952284162178933
fov0,3031,13545.593137254902,8743.887254901962,17.761493763212382,14.785754487420194,-0.7931630801080441,204,0.5540833361661355,1,
fov0,3032,13549.079710144928,3015.521739130435,23.925327432479133,8.940539950845277,-0.39234865491087073,138,0.9275556030693959,1,0.35130500366645173
fov0,3033,13553.628205128205,3466.3397435897436,28.02241356402508,7.653970199102036,-0.554764346813895,156,0.9619750209362947,1,0.49429493091954796
fov0,3034,13555.816455696202,8819.120253164558,28.196837627654475,7.828274553798068,0.32880305643554186,158,0.9606882160659842,1,0.3232368228682143
fov0,3035,13555.370731707317,9066.521951219513,26.865807271638158,12.175231090700619,1.0385285784343579,205,0.8914155380207999,1,0.6383218885875613
fov0,3036,13560.12962962963,8973.083333333334,26.933059903250342,11.261567576290766,-1.4386637273137508,216,0.9083863915470545,1,1.168992694221084
fov0,3040,13611.793284365163,9079.495278069255,84.28494023971687,20.31666013779316,1.3867868737546618,953,0.9705133604389978,1,0.19201081916044704
fov0,3042,13609.75925925926,8872.74074074074,17.213039224046724,8.781568458687286,1.542215944989641,108,0.8600738521915298,1,
fov0,3045,13643.889848812096,9140.777537796976,30.413365452070774,19.897854350499806,1.2655934527633577,463,0.7562809064677598,1,
fov0,3046,13650.128813559322,9100.88813559322,31.677730072143554,14.156083330856369,1.5337355850414303,295,0.8945948679359019,1,0.306934043252749
fov0,3047,13657.608058608059,8961.959706959708,34.17991421724772,13.63054376401411,1.1757375505272685,273,0.9170430931044097,1,0.8380843279667041
fov0,3048,13667.803448275861,8831.913793103447,33.16379568499866,23.58736016280229,-0.1859666450425181,290,0.7029510260512979,1,
fov0,3049,13668.288770053476,8652.27807486631,31.858227266325486,8.30312158735239,-0.6122436090231612,187,0.965439509220806,1,0.498231249162217
fov0,3050,13668.531746031746,8871.718253968254,31.92964247993831,12.407331366675827,0.8951433186900513,252,0.9214135252464258,1,0.5648249143224364
fov0,3052,13681.898351648351,9267.96978021978,46.59525294019825,14.187103370675256,0.37779538876967406,364,0.9525202333369127,1,0.6105258877795372
fov0,3054,13704.827285921625,9140.87518142235,88.07869108358771,39.23300830262096,0.9171365147464614,689,0.8953161075243876,1,0.2198020851917292
fov0,3056,13727.211282051281,8988.638974358975,80.93547893986106,28.833925184463197,-0.82425445191334,975,0.9343875641831634,1,0.8078699640790539
fov0,3057,13712.943573667711,9662.272727272728,41.222033079790364,13.949016579741798,-0.5907185141056445,319,0.9410068904092871,1,0.5031284193850805
fov0,3058,13724.665434380777,8779.107208872458,68.94406736037277,25.157424301707817,-0.4272151169403289,541,0.9310482288308372,1,0.5547458938435995
fov0,3059,13711.564417177915,9312.79754601227,27.237201340155455,7.830358140423713,-1.3614516406984551,163,0.9577843543129806,1,1.1700459156048584
fov0,3060,13734.79365079365,9044.920634920634,40.22584160122424,9.051243192295566,0.6062024083358815,252,0.974356301673946,1,0.43983566539718383
fov0,3061,13730.45890410959,9454.63698630137,25.878351210695953,8.007537637357368,0.9550833864113168,146,0.9509222307406975,1,0.8557230763973894
fov0,3062,13738.847368421053,9612.77894736842,29.194691364283294,10.73261895893308,-0.9494092641323333,190,0.9299751934128607,1,0.5961859200838947
fov0,3064,13782.223776223776,9073.508158508159,61.97001991997468,9.586589505812698,1.1916505109052469,429,0.9879619282228602,1,0.8353752168362442
fov0,3065,13783.459102902374,9398.044854881267,29.991196181324558,18.596807004109348,-1.506581763327232,379,0.7845421157879695,1,
fov0,3066,13791.44347826087,9128.939130434783,21.85151010864014,6.847486072881893,1.3870034537505622,115,0.9496329460388686,1,0.7348674484750691
fov0,3068,13833.24279835391,9018.658436213991,55.63436629419181,14.459223550024442,-1.400808355551505,486,0.9656362540381047,1,1.0855080685016385
fov0,3070,13889.194594594595,7279.1945945945945,15.650201108633928,15.035813103243726,0.7853981633974491,185,0.27744166520465413,1,
fov0,3071,13934.553505535056,6094.9963099630995,44.410926223210794,11.005868603314157,1.4976744106616602,271,0.9688063653907688,1,1.1639693709086638
fov0,3072,14053.940886699507,6522.726600985222,38.441726392598895,15.50326635349512,-0.5804010806188274,406,0.915071049099774,1,0.26961117861647627
fov0,3073,14165.600829875519,6270.384232365145,104.08964142854721,69.70955858678514,-1.3273587629180763,1205,0.7426254584495492,1,
fov0,3074,14154.417344173442,3610.777777777778,43.535204102463645,12.032165989293755,0.5291864189818468,369,0.961049054705931,1,0.5708332904021145
fov0,3075,14179.179606025493,5768.040556199305,92.55725693970132,44.518902851168434,-0.8118037426820128,863,0.87672733788346,1,0.2359858601972078
fov0,3076,14150.223684210527,5747.4276315789475,26.829174020905583,7.715024215210452,-0.9675379023672472,152,0.9577623238763747,1,0.24979139270167355
fov0,3077,14154.931174089068,656.744939271255,18.13452046746916,17.366675763701835,-0.5338421015200265,247,0.28790692700955783,1,
fov0,3078,14181.875706214689,6532.129943502825,33.6386986861412,7.767070375638859,0.027004211221799797,177,0.9729782287018907,1,0.40065269751237303
fov0,3079,14302.09476309227,6188.2319201995015,47.3858301993476,21.930808696711804,-0.9411442185263504,401,0.8864556006589152,1,0.4717047059710488
fov0,3080,14304.262955854127,3604.5163147792705,29.03336344213398,24.253920099013783,1.4386410559093632,521,0.5496713471018688,1,
fov0,3081,14322.49063670412,6337.730337078651,47.40628522975699,9.291160878121293,-1.2845926290927103,267,0.9806058814820782,1,0.4856660403123969
fov0,3082,14361.259615384615,6422.7620192307695,118.10474780748935,29.73561942084239,-0.6618986789468223,832,0.9677862454255072,1,0.2879390789231128
fov0,3083,14351.907258064517,6481.439516129032,39.43611390443556,9.99435304825264,-0.04042495325005762,248,0.9673533380448137,1,0.4145799594472371
fov0,3084,14461.39837398374,5908.463414634146,22.070594515907604,7.491116771344711,-0.01893064084883105,123,0.9406363059782447,1,0.6342234389314397
fov0,3085,14482.094527363184,5855.800995024875,32.35131199628082,8.308664641614863,-1.2056451088361773,201,0.9664576044205626,1,0.7362175816105159
fov0,3086,14511.216783216783,5924.685314685315,24.719412846178493,8.55334636969185,-1.2810542328095338,143,0.938228104191606,1,0.7658828336771653
fov0,3087,14519.993939393938,5885.024242424242,24.540901194604416,10.751783312830797,-1.0999309951428689,165,0.8989180110367587,1,0.702746930453305
fov0,3088,14522.603773584906,5977.169811320755,28.738424520956762,7.282966815248147,-0.9637869094223862,159,0.9673556616115712,1,0.8779871801682869
fov0,3089,14543.682835820895,5793.376865671642,46.49566560507471,7.864682821182702,-0.33071315913635263,268,0.9855905371375403,1,0.6193536660282137
fov0,3090,14543.714285714286,5916.717857142857,45.07623980480587,9.698819250586796,1.4864002104733076,280,0.9765777578684945,1,1.1889425736561816
fov0,3091,14549.318181818182,6040.142857142857,30.578489303124453,6.991405901951645,0.6566214705620879,154,0.973511502779498,1,0.45863378090814866
fov0,3092,14580.460220318237,6016.533659730722,82.48386693389114,14.048737496055622,0.9346295416551563,817,0.9853886265895498,1,0.5209799253494781
fov0,3093,14589.195530726258,6087.575418994414,25.154359215207347,10.274835649040186,0.2383079461251718,179,0.9127711308574695,1,0.4696076552629696
fov0,3094,14594.088607594937,5918.772151898735,21.78969710668589,11.804297970812442,-0.7973293279607274,158,0.8405476696198346,1,
fov0,3095,14635.826923076924,6014.471933471934,190.0023484260485,37.96973713434044,1.3548485894840245,1924,0.979828899933503,1,0.3117634582784331
fov0,3096,14646.181512605042,4479.436974789916,74.51523294927298,14.458934367396784,0.12498441969348684,595,0.9809936217268586,1,0.4976953169082553
fov0,3097,14643.314381270902,5824.15050167224,46.47634977900677,9.014951130026756,0.8852146446871935,299,0.9810077439281735,1,0.7209420758560271
fov0,3098,14649.967346938776,4768.910204081632,38.98038141242814,9.99224784328427,-0.3153588295559346,245,0.9665865623391601,1,0.46075196915200983
fov0,3099,14661.693181818182,4445.6875,27.561381605047668,9.396890212928565,-0.6667724470695338,176,0.9400835741803801,1,0.5248107496641494
fov0,3100,14672.335078534032,4354.308900523561,33.84780635076057,7.361120620932695,-0.5141993875693895,191,0.9760654376357529,1,0.4894975302620423
fov0,3101,14678.857740585774,5896.610878661088,39.78817465910712,7.9598823923199475,-0.29368778812230234,239,0.9797843653342752,1,0.47586785999699577
fov0,3102,14682.908722109534,5999.7849898580125,76.3283683828834,22.727499916560507,1.0273779928465068,493,0.9546409041556266,1,0.6082506962869861
fov0,3103,14676.644578313253,6061.819277108434,25.240563717362022,10.178363987856798,1.5118811166595105,166,0.9150879898362668,1,0.37203918586668844
fov0,3105,14701.903846153846,5922.307692307692,19.339941819779202,7.168043777139438,-0.9302500326589092,104,0.9287789258675593,1,0.7738161666852302
fov0,3107,14727.112244897959,3170.591836734694,52.25438051320283,8.861768775822034,-1.2538907360476248,294,0.9855148740285551,1,0.6636048960756586
fov0,3108,14727.540697674418,4453.5058139534885,28.18696445413933,8.379270807383275,1.1932822195697994,172,0.9547920010570429,1,0.9117331772083201
fov0,3109,14734.333333333334,5848.436274509804,32.15732422675708,8.20718364817625,-0.5817264798801391,204,0.9668830791569247,1,0.38864412695334377
fov0,3110,14775.106194690265,4532.730088495575,33.887401638369525,8.766219837924401,-1.2116213527033362,226,0.965961280417477,1,0.7225533678455109
fov0,3111,14799.384615384615,5850.3400809716595,35.169349308760694,9.146620021610426,-0.3360500648394288,247,0.9655887901584507,1,0.16264483084877043
fov0,3112,14826.23010130246,6155.371924746744,53.80140983322341,20.723610247870013,0.434427455152257,691,0.922838491042148,1,0.559190654766063
fov0,3113,14828.16823899371,5822.333333333333,43.76890949856817,28.533358419841022,0.573809119368837,636,0.7582969645281527,1,
fov0,3116,14885.98076923077,5809.50641025641,30.198760828125067,7.248523321102053,-0.2464487764747122,156,0.9707661686175754,1,0.24486052885578988
fov0,3117,14885.709677419354,5840.137096774193,17.242091558983525,9.90420179090255,-0.38565651347269625,124,0.8185607448917162,1,
fov0,3118,14896.772357723577,3716.5650406504064,35.85565336370026,9.478028527277296,0.6295359632222247,246,0.9644299734184961,1,0.7462752112972688
fov0,3119,14915.432795698925,6108.4946236559135,67.67979103935922,34.516481521378935,-0.2520420155187648,1116,0.8601762573214029,1,
fov0,3120,14944.920863309353,4285.503597122302,25.06456237184211,7.1579081825802895,-0.8613603395278371,139,0.9583552247121552,1,0.6415870030460558
fov0,3122,14945.233333333334,4339.783333333334,31.71379943820381,7.362927608713917,1.0844860489567374,180,0.9726757146278863,1,0.7786423579998754
fov0,3123,14976.511744966443,6053.657718120805,63.15363381232484,14.914416033186615,-1.4338878740257504,596,0.9717139761757146,1,0.851798139473539
fov0,3124,14978.31976744186,4391.947674418605,33.32189081459371,7.857430080330509,0.7317633823034895,172,0.9718006715459974,1,0.6288055423426965
fov0,3125,14995.603715170279,6001.229102167183,46.56396871596274,16.257555874122815,0.4315793058659296,323,0.93706887881659,1,0.496513935132252
fov0,3126,14999.753289473685,4321.973684210527,57.56038200405798,7.905801439455953,-0.349904615480436,304,0.9905228599087178,1,0.4832578078262799
fov0,3127,15001.50385604113,5932.1105398457585,33.46021556501494,16.530480692623158,0.36288132308387155,389,0.869442642466335,1,0.5057721334611036
fov0,3128,15010.330985915492,5966.05985915493,21.33723169760077,17.685348220986228,-0.3226321311410208,284,0.5594720204314857,1,
fov0,3129,15084.605055292259,4249.8436018957345,99.86026883103722,22.636704015032723,-0.847439084523269,633,0.9739684082309987,1,0.6360989261619461
fov0,3130,15466.35652173913,4483.652173913043,21.399380049305307,7.028615051035276,0.6017716997871689,115,0.9445215429944064,1,0.45109662814777163
fov0,3131,16392.575539568345,3960.223021582734,27.992319753432483,6.550559033578708,-0.5407824804568517,139,0.972233533873156,1,0.422203368419329
fov0,3133,17102.561224489797,4868.234693877551,33.04212434904202,7.799215629897437,0.42972279144359893,196,0.9717436882392134,1,0.4582868995863625
fov0,3134,17143.361963190186,4791.104294478528,29.69883144079079,8.141608142085179,-1.0278473119516383,163,0.9616900775074017,1,0.9703779322717916
fov0,3135,17153.28426395939,4840.934010152284,34.20879743586272,7.864956222914419,1.1973424063369826,197,0.9732118145183185,1,0.5987589064016684
fov0,3137,17267.13775510204,4899.25,41.425983390302186,7.226128266050914,0.7564228384425381,196,0.9846687470868775,1,0.4777105055788906
fov0,3138,17322.88584474886,4854.054794520548,39.83576594827102,7.7634228697915315,1.1645334589831442,219,0.9808259513954745,1,0.5870535999548407
fov0,3139,17359.113360323885,3878.7611336032387,43.411983783556586,7.636329559654589,0.06547510606503525,247,0.9844073751863907,1,0.5255278491315553
fov0,3140,17584.946859903383,3303.376811594203,35.73185992831096,9.257941619855696,-1.344527118667107,207,0.9658518768915894,1,0.7166528925373551
fov0,3141,17900.483606557376,4328.450819672131,24.18411667086419,6.880973531283981,0.9970672264174237,122,0.9586687712432953,1,0.5620329965243708
fov0,3142,18045.87962962963,5338.4944444444445,120.69090663714118,20.74730138207083,1.4154051041234512,1080,0.9851136316768122,1,0.6273234169736667
fov0,3143,18056.310030395136,5252.848024316109,43.02303736757468,10.62191574585849,-0.9793665757376636,329,0.9690437602924039,1,1.0585319931110015
fov0,3144,18069.944444444445,5428.643790849673,46.553751607431465,8.896024811813007,1.1615762163780048,306,0.9815722338328952,1,0.548419498895603
fov0,3145,19589.76777251185,4612.182464454976,64.15245226539572,11.59653502015481,-0.7845396353730405,422,0.9835262675945023,1,0.8602036209506478
