fov,label,centroid-0,centroid-1,major_axis_length,minor_axis_length,orientation,area,eccentricity,euler_number,alignment_score
fov0,1,513.6016245487365,10446.670216606499,271.41314389080685,128.8183366918567,0.9975011911325478,5540,0.880190348739426,-1,0.46074124022780183
fov0,2,573.6735194845045,10648.659711567965,163.09474935582855,52.23797460222141,-0.808063472073999,3259,0.9473188018940296,0,0.9890498752865714
fov0,3,567.2651072124756,10784.866471734893,55.870245543002454,24.080247372167122,1.108683459364343,1026,0.9023504603640305,1,0.4841807759008344
fov0,4,610.3879781420765,10751.584699453551,26.97441222714741,17.4023410775309,-0.977273160492246,366,0.7640622296166838,1,
fov0,5,629.3691588785047,9039.81308411215,18.943693040017273,14.7668748278068,1.1067318578886407,214,0.6263847463362084,1,
fov0,6,649.4395973154362,10524.806487695749,61.45512329813856,22.325174679326818,1.22117150006568,894,0.9316815489824715,1,0.5112990147738206
fov0,7,647.0521609538004,9913.877794336811,33.8921260984012,25.689441780345504,0.7659457363124234,671,0.6522816319906851,1,
fov0,8,648.7090301003344,10774.578595317726,26.833541131120445,14.20887871879433,-0.0322092501311093,299,0.8482978717728741,1,
fov0,9,703.4858638743456,8896.640139616056,187.49680662945156,69.04609882577671,-0.8630388423773443,2865,0.9297259634512021,1,0.5376997865741693
fov0,10,670.6424792139078,10834.684051398337,92.06596208453355,41.53354862408635,1.3366363597245972,1323,0.8924591743393071,1,0.5459426995564889
fov0,11,687.6845965770171,8884.557457212713,41.57980335074168,25.35206691072993,-0.3192634527229223,818,0.7926163415468233,1,
fov0,12,725.0051101884382,10675.117534334078,130.25467157470817,67.12978995622959,-0.26795457232310915,3131,0.8569657416171099,0,
fov0,14,732.2278738555442,10108.77517802645,41.204668342563245,37.24777033434804,1.2862666758890806,983,0.42759658620606905,1,
fov0,15,719.8263473053893,8974.991017964072,22.42838397224798,18.992718035775024,1.3685808981155885,334,0.5318856904780295,1,
fov0,16,727.3349358974359,11421.197115384615,53.855462280291356,16.986971874846862,1.5108781706997643,624,0.9489528999046871,1,0.7121469648815655
fov0,17,753.7801857585139,11479.11145510836,44.05907952881904,10.32800889161731,0.36215423371088895,323,0.9721371684985759,1,0.47776452056213925
fov0,18,759.2379958246347,10189.377870563674,34.592277554900235,17.87499438608777,1.0945244534527185,479,0.8561462017233384,1,
fov0,19,796.7266729500471,10020.977379830349,75.72240808129547,24.2046163349502,1.0806719164081773,1061,0.9475359156901564,1,0.8804311402123306
fov0,20,839.717626784835,8268.678975873954,141.56431130539056,100.79424974527583,-0.15501151899118218,4062,0.7021761686859493,0,
fov0,21,811.9538009239815,11487.141537169256,108.47479400355898,60.77335190006188,-1.2039298651105088,2381,0.828321397171847,0,
fov0,22,809.9346405228758,9850.052287581699,25.610013102530505,8.365161060179458,-0.00883149888612615,153,0.9451500931114145,1,0.5914446298206281
fov0,23,901.2402820121952,8099.504763719512,343.50014270503266,132.94701090831785,-1.3035017315485704,5248,0.922064494826566,0,0.19962521504239086
fov0,24,810.5629139072847,11383.019867549669,14.042955931044201,13.768085550892264,-0.9243210296836367,151,0.1968856505608393,1,
fov0,25,823.6637931034483,9784.362068965518,25.925658827932782,17.17657154086552,-0.20299882485027573,348,0.7490338506987874,1,
fov0,26,849.0943600867679,10066.49349240781,56.99289676125419,30.08542765868009,-0.3144242551602055,922,0.8493187769175305,1,
fov0,27,858.3073079325421,10703.729544034979,77.01525415087207,41.17925052367296,-0.75768761541108,1601,0.8450485784015844,1,
fov0,28,864.9263285024155,8508.94685990338,79.0066045583728,30.970271999765224,0.25130486708982425,828,0.9199669263169888,1,0.6315878466026363
fov0,29,895.9615699100573,9952.288089397656,250.73593736381008,84.44280505192071,-1.4469503271156752,3669,0.9415834267975633,1,0.9614031005148134
fov0,30,847.5148063781321,11351.617312072893,35.96161685586401,16.433919770056217,0.03245556224739062,439,0.8894743966942702,1,0.548211412475866
fov0,31,864.7275300778485,8779.77423920736,66.5240845839893,57.29749435806935,-0.6134586730599556,1413,0.5080891002026401,0,
fov0,32,856.213828425096,8042.320102432778,102.13896217279667,35.069587855139496,-0.9905228406365699,781,0.9392068992718763,1,0.09403866619065424
fov0,33,862.2740740740741,8166.525925925926,16.677628231713356,10.37195400446108,1.4908671392223865,135,0.7830901430119672,1,
fov0,34,904.836319218241,10179.324918566776,117.2299688487402,67.57411403654531,-1.347227689767808,2456,0.8171510867724361,1,
fov0,35,871.3215859030837,10298.312775330396,17.88532881370401,16.218657729772318,-1.0302203341188236,227,0.4215320451725683,1,
fov0,36,1063.4864696948778,8211.812784757698,575.0746285446996,109.73723016395861,-0.8617905596896772,14486,0.9816245407884585,-3,0.1493876066275028
fov0,37,897.1982788296041,11391.843717728056,197.6592384644211,55.099013860998014,1.4704377921224245,2905,0.960361496241688,1,0.6952185754498376
fov0,38,913.6351931330472,10618.418148375229,139.55982248123914,22.768696124877952,1.014420792023725,1631,0.986601855156463,1,0.28587392360540465
fov0,39,893.7720364741641,10426.534954407294,40.05294952710246,11.586788698762117,1.2696522342296994,329,0.9572424773032193,1,0.593222639559259
fov0,40,947.4876543209876,11593.787654320988,107.61449587973463,12.559639128882559,-0.635634647017985,810,0.9931660895841968,1,0.809513186032038
fov0,41,962.1242653232578,8743.089840470193,117.91673809966105,28.321155056525118,0.9350863415085306,1191,0.970728552388183,1,0.8555274269854287
fov0,42,933.8969804618117,9854.317939609236,45.5843819882964,16.745292686078358,1.0474782999142058,563,0.9300839066183757,1,0.8667426318088849
fov0,43,1215.7100361255361,8172.803285165952,966.9003310871582,90.15537030671211,-0.8297958240378785,17716,0.9956435089980369,0,0.19442723112022448
fov0,44,1095.495995117858,8019.935235334503,594.2323687460606,98.99940330787767,-0.9568869722270119,13109,0.9860244809392943,-1,0.0956780573880155
fov0,45,944.4874551971326,10102.060931899641,25.039095784322203,14.230301278244955,0.7970360217773218,279,0.8228053468432125,1,
fov0,46,963.0532837670385,10520.628252788105,65.31573561567473,24.207889425035123,-0.03241758457774095,807,0.9287810990313113,1,0.54797439065171
fov0,47,974.4008097165992,10170.192307692309,110.03564653258941,35.45091932049454,-1.116041576157227,988,0.9466795585814487,1,0.8216667354463754
fov0,48,988.6875,7680.266666666666,57.02266394782386,11.520222155660507,-0.5114288029822586,480,0.9793795746894131,1,0.6100341141138799
fov0,49,987.5884615384615,10181.157692307692,37.03674897402387,9.788650927150448,-0.6970023662646548,260,0.9644417139577035,1,0.6966828536148089
fov0,50,990.1693548387096,10104.647177419354,33.06861949668962,19.36365799887012,0.26938142391241143,496,0.810629130214243,1,
fov0,51,1032.3837293016559,8014.317494600432,75.0283849387647,58.28273971854427,-1.2226554821514364,1389,0.629736028848446,1,
fov0,52,1008.079754601227,7599.460122699386,35.412243110219144,13.94134711560229,1.338132681796402,326,0.9192444627706369,1,0.9443739439232778
fov0,54,1100.8076358296623,7694.3715124816445,42.76305889673392,32.46130380709534,0.3638545421672089,681,0.6509776912383616,1,
fov0,55,1152.254716981132,8347.383962264152,135.8265936538382,12.654326732506037,-1.251522213639469,1060,0.9956506540817938,1,0.4058898781355473
fov0,56,1162.6125,7755.541666666667,36.85217559586724,9.184418475889284,0.9395791786235826,240,0.9684460637350104,1,0.7740375767545693
fov0,57,1454.98420196701,7181.874661194145,1090.1275643596741,225.62751003704574,-0.8785953870067515,25826,0.9783465506197605,0,0.8102263853211882
fov0,58,1266.5581395348838,8010.108527131783,13.994965472473229,11.876266027013504,-0.38813458433973463,129,0.5290191534116373,1,
fov0,59,1307.9574861367837,7073.663585951941,69.19114725690271,12.721768688241927,1.3329014750379193,541,0.9829516718389447,1,0.9446730109022852
fov0,60,1354.4102316602316,13166.91361003861,63.955485460803736,47.618371562356444,0.6806095196268958,2072,0.6675612079888577,1,
fov0,61,1541.240969610126,12854.856260075228,1223.5871883632935,302.63874055565566,-1.337727701742163,66996,0.9689294424502718,-7,1.0290586485412219
fov0,62,1385.829688535454,13100.306163021869,67.22304602958889,40.595102688523916,-0.5909820332267688,1509,0.7970701768969585,1,
fov0,63,1373.0379362670712,13367.174506828527,47.73255351702638,22.77582012985327,1.5141233611334224,659,0.8788192276004256,1,0.8495175195154943
fov0,64,1378.3728813559321,7044.549152542373,37.761317048342306,14.119441000869804,0.26553101613218427,295,0.9274638505089545,1,0.6300034257967112
fov0,65,1465.057287028792,6861.1401009201545,245.8199074185099,102.49201821662253,-0.8740289426541938,3369,0.9089342610443648,1,0.40542503982660644
fov0,66,1379.781725888325,6979.563451776649,21.318345928142943,15.08658227482031,-0.9813396359287228,197,0.7065323818209084,1,
fov0,67,1401.3117932148627,13273.578352180937,52.238144033747275,17.694157915063407,-1.496105200529548,619,0.9408868499027515,1,1.2512484880215384
fov0,68,1409.5371900826447,13394.446280991735,16.163287096397084,9.986876395228713,-0.16163484611997347,121,0.786277051739429,1,
fov0,69,1440.5045592705167,7101.984802431611,75.69670276960585,15.299611435905584,1.091370982302117,658,0.9793613257469861,1,0.8473187165878222
fov0,70,1560.0197669579693,8051.077195172701,268.4953525204903,179.57322622898081,-0.9930657559877192,4806,0.7434305291739473,1,
fov0,71,1464.9228295819935,8605.81993569132,44.3528081292063,28.27562993006599,1.316381116471546,933,0.7704370208214527,1,
fov0,72,1498.5457364341084,8510.088372093023,67.2864961642828,30.92581801771135,0.11958327893548998,1290,0.8881187638098337,1,0.5319332920645753
fov0,73,1479.9833333333333,8307.404761904761,50.16121402550358,13.669855269480006,-1.4699537736670163,420,0.962150562836839,1,0.7117826468996025
fov0,74,1487.7184905660376,6961.517735849056,77.79716641072305,24.89271278501517,-1.528947317986576,1325,0.9474278769489486,1,0.8981920600742099
fov0,75,1500.5244252873563,8410.777298850575,55.066905824978434,17.220828738713628,0.7537020597260364,696,0.9498435274581013,1,0.8685555741190757
fov0,76,1526.151171579743,8324.878306878307,104.24140989191369,36.56718649958385,-1.4098720211287308,1323,0.9364529202984154,1,0.6875364781819866
fov0,77,1535.852887259395,8589.398716773601,141.43812793141632,53.95288882592133,-1.3428434556505038,2182,0.9243856364421748,1,0.6037945305445086
fov0,78,1547.1007092198581,13450.885106382979,51.81757893330364,18.32288590301962,0.06302723947878432,705,0.935395342620502,1,0.6095515314343217
fov0,79,1557.2503617945008,6702.0723589001445,70.84664426284739,21.097713271329557,-0.5472313560924701,691,0.9546301215228133,1,0.4385472426146017
fov0,80,1540.0588235294117,13070.191176470587,18.85370901588893,10.239076833702933,1.537221575297487,136,0.8396808036230576,1,
fov0,81,1588.8958068614993,13193.451842439645,214.05921588752375,40.87829417437405,1.1666550227536914,3935,0.9815964137344698,1,0.707748290684816
fov0,82,1560.053125,8748.578125,38.508366439522185,11.811557969187694,0.4347299109950487,320,0.9517975160333935,1,0.7097754344637166
fov0,83,1551.603524229075,8425.299559471365,19.191010521283157,15.12302199962597,1.3246843861326267,227,0.6156415106153987,1,
fov0,84,1566.9400630914827,6843.107255520505,51.71648881543938,8.741061030323127,0.017935051066797516,317,0.9856128201225661,1,0.47230562532914355
fov0,85,1559.5472440944882,13229.488188976378,22.963042695848888,14.90650975779867,0.6017247281780468,254,0.7606585417271561,1,
fov0,86,1597.0690476190475,8584.224829931973,180.60426946997728,41.047896400015894,-1.0442058653124313,2940,0.9738292477861669,1,0.3160896573335834
fov0,87,1587.4318418314256,13072.382934443289,59.8672496718822,34.942641936524794,0.6744573383112096,961,0.8119918760416917,1,
fov0,88,1567.2488986784142,13407.462555066078,36.08764595356628,17.59901802514664,1.0469839632202638,454,0.8730256367141381,1,0.6396873148756507
fov0,89,1566.2910798122066,13287.286384976525,24.81664430376023,12.579944232998349,0.8378237244931677,213,0.8619956905716603,1,
fov0,90,1592.4206549118387,13032.425692695215,78.46812416197547,17.780219442316838,0.55153231005047,794,0.9739898548449866,1,0.5197837683774889
fov0,91,1645.8687568355815,7779.374407582938,242.5129415213175,66.1858174425631,-0.45219413783492035,2743,0.9620376847958138,1,0.5626103349249859
fov0,92,1600.1373456790122,8491.084104938273,91.34285610681971,24.229478711475977,-0.6754290988637852,1296,0.9641773030693305,1,0.2832135803732701
fov0,93,1629.4218867924528,12984.754716981131,108.1001500491407,37.05623405371859,-0.29507490406239334,1325,0.9394100885743963,1,0.5937086446215976
fov0,94,1620.3220274390244,8244.94550304878,98.20519112153752,65.00616881526234,-1.4743790934860033,2624,0.7495548069086653,0,
fov0,95,1604.0556586270873,13398.795918367347,59.5995383162474,14.27048036433257,1.112246401598774,539,0.9709112999020311,1,0.6505275591567187
fov0,96,1641.6583050847457,12916.051525423729,135.56882941947322,42.663629886753185,0.5588540624085913,1475,0.9491908955928576,1,0.3302076442017068
fov0,97,1600.005518763797,12254.261589403974,74.63505286238801,16.749856201487898,1.533773087467802,906,0.9744917209525091,1,0.3465065243447805
fov0,98,1613.9978632478633,13135.07264957265,49.09524969489216,14.879549617088482,-0.33482320311171393,468,0.9529666627034857,1,0.5597794000177393
fov0,99,1630.656649972176,13327.611574846967,68.14349397911339,65.07396901917929,-1.2848378708583594,1797,0.29675070964097794,1,
fov0,100,1613.2166666666667,8732.908333333333,30.239829152348157,20.378105340812205,-1.5026429552089067,480,0.7388381195099446,1,
fov0,101,1626.2532981530344,8389.506596306068,23.648779013650657,20.444488866238885,1.0744968511489654,379,0.5026241337185904,1,
fov0,102,1658.5548302872062,6510.293733681462,77.08824587701582,25.891617620405135,0.7516924229940369,766,0.9419084050502621,1,0.5393231535224817
fov0,103,1658.7402597402597,12848.189393939394,91.82580435874559,25.692409278462698,1.4363939290609167,924,0.9600597414236892,1,0.8136129984728365
fov0,104,1651.4220907297831,13444.224852071005,30.89653677584161,21.524742283587557,1.2379000122015031,507,0.7173901070519362,1,
fov0,105,1675.1675353685778,8636.367833209233,82.30881190418638,48.71603102411022,-1.3177257119710402,1343,0.8060342005223801,1,
fov0,106,1662.9112426035504,12731.236686390532,18.17616630701119,14.707036170009687,-1.1868899594142759,169,0.5876179604679048,1,
fov0,107,1665.087452471483,13387.984790874525,30.250427431048507,13.119312889084418,-1.2674378945799243,263,0.9010620622686991,1,1.035825074870473
fov0,108,1670.8504273504273,7348.461538461538,32.90947223032692,9.778944333874712,0.45995303555530426,234,0.9548318070605222,1,0.4401225676342471
fov0,109,1688.3564064801178,13206.443298969072,66.83508705150597,23.02282818999703,0.8247748129137709,679,0.9387965256971319,1,0.5906104701730575
fov0,110,1673.6244897959184,13277.163265306122,28.658796969274718,16.506984479771422,-1.3281720357176015,245,0.817461557386186,1,
fov0,111,1671.1416666666667,12453.025,18.34080289303443,8.75312352598101,1.307507887554621,120,0.8787682974423815,1,0.30440067349028826
fov0,112,1690.95183044316,8065.081888246628,92.76942576158656,16.49456670838547,-1.0530168736606016,1038,0.9840663269963018,1,0.7370202549991485
fov0,113,1694.3720238095239,8483.35119047619,101.97268706253347,17.130752315040798,-0.9397697990106627,1008,0.985788096768506,1,0.13738150024509882
fov0,114,1701.9975369458127,7943.348522167487,109.25064122360416,14.281791746565242,-1.0166887161712943,812,0.9914186655355258,1,0.7363567749139396
fov0,115,1683.3978494623657,13134.360215053763,27.542526976929594,9.966855916441721,-1.1278661462846284,186,0.9322279806373245,1,0.9996612986012955
fov0,116,1684.8819672131146,13320.183606557377,29.973912701882746,15.747254939342529,-1.4345626473268973,305,0.8508767572131396,1,
fov0,117,1690.9514824797843,7818.77897574124,49.76137366169224,12.265257245923475,1.2788660065122053,371,0.9691475005632053,1,0.9357288824538964
fov0,118,1696.9568034557235,12898.829373650107,45.24647915135119,13.986154137530345,0.7985047685408825,463,0.9510261843920287,1,0.36343271561614976
fov0,119,1700.5056818181818,12437.119318181818,26.515554209785858,10.021195132820045,0.9193260508383105,176,0.9258315287698823,1,0.16660117943920147
fov0,120,1811.8374401701826,6599.215210069136,543.9972401019156,171.61679692959038,1.199154584124267,11282,0.9489343358897604,1,0.7249787840531655
fov0,121,1699.155737704918,12831.5,14.540870657339253,10.926487429951974,0.3873891813991981,122,0.6598096076948221,1,
fov0,122,1723.481865284974,12606.561312607944,70.32162573717508,16.92752263124221,0.6053707969017741,579,0.9705956570110376,1,0.3177047153118404
fov0,123,1733.2080508474576,12760.927966101695,101.28301721237843,61.36618562416942,-1.2181102600156066,2360,0.7955497982564874,0,
fov0,124,1712.952,12705.232,36.934426746073285,9.38115520279601,0.7779534725287242,250,0.9672055635296405,1,0.35102648973355755
fov0,125,1716.122105263158,6291.341052631579,27.303706574525425,23.158483331783735,0.8324754916873608,475,0.5297066206500941,1,
fov0,126,1715.7188940092167,6440.47465437788,22.50003780654474,15.560613009175858,-0.04782291707407969,217,0.7222983022947126,1,
fov0,127,1740.8824013157894,12853.639802631578,92.52829681171637,26.901746889602805,0.12539119856006614,1216,0.956801867307628,1,0.4985797338527093
fov0,128,1790.8117307529071,13388.051693404635,236.32391774500792,159.45572254810344,1.0734739283786725,11781,0.7380612241081584,-2,
fov0,129,1727.6036745406825,8572.086614173228,46.463712680620915,12.463570254071563,-1.1821074877381161,381,0.963351254809986,1,0.15006320626206562
fov0,130,1760.7804195804197,12816.682517482517,43.64006122182571,24.600472817093557,0.9330394763845757,715,0.8259706874340149,1,
fov0,131,1821.8780375974325,7543.016964695094,160.0350963991484,84.55179378336616,0.8914575634650626,2181,0.8490373556478799,0,
fov0,132,1765.1305812973883,13216.243470935131,84.01368690984775,29.594005654589225,1.3786478014761008,1187,0.9359051185144146,1,0.7924359625114846
fov0,133,1788.6615027110768,6787.665762974439,102.63211341492548,68.75929284789648,0.9082040856471721,2582,0.7423982334767745,0,
fov0,134,1768.9020866773676,8137.250401284109,43.78627005940751,19.823640827359878,0.7400114433762256,623,0.8916443794232463,1,0.8162626321693558
fov0,135,1760.0245901639344,12407.639344262296,15.782280316483604,10.581887033923197,-0.6789955784454361,122,0.7419170835451465,1,
fov0,136,1769.925,7974.1,19.988560055042957,17.915086493478018,-0.9427699599069588,280,0.4435149243831608,1,
fov0,137,1791.3304195804196,12335.597027972028,107.4012351470435,22.630513947516114,0.9193672355085083,1144,0.977548616242497,1,0.5781001088426697
fov0,139,1814.4987230937613,7811.021160160525,184.24841476479853,105.4074392873673,-0.9361709588275303,2741,0.820187959807156,1,
fov0,140,1776.1466666666668,12665.013333333334,18.883671380324373,12.210102360109955,1.4179645586738514,150,0.7628328047892692,1,
fov0,141,1807.4232922732363,7726.011198208286,58.079563581286564,28.206617510493196,0.7260566466872749,893,0.8741506948978192,1,0.7428067882271834
fov0,142,1826.1208299430432,12273.825874694874,116.42313520605113,62.30830301495631,-0.13688356805842308,2458,0.844732770816847,1,
fov0,143,1788.5109489051094,12763.788321167884,20.944759875426467,8.637869378327085,1.1104081057194903,137,0.9109974637374529,1,0.4845530428756752
fov0,144,1797.4053398058252,12638.366504854368,47.036953555680995,13.881236584329427,1.1473975906353946,412,0.9554622257798635,1,0.44893946289947745
fov0,145,1806.0732484076434,12839.054140127388,48.684085080297926,11.089432979903423,1.0393056755628614,314,0.9737117958362543,1,0.45701215233260806
fov0,146,1826.4962779156328,13178.977667493797,56.02662338540532,24.265218601724158,-0.2691357572347464,806,0.9013451221724812,1,0.599852664846804
fov0,147,1800.5,9917.719298245614,24.629289349157602,13.613610579598879,1.315088498913779,228,0.8333532990671814,1,
fov0,148,1809.1989528795812,12792.24607329843,20.609012193715056,11.995264174805234,-0.1587576837025076,191,0.813160338907741,1,
fov0,149,1818.1130221130222,12506.383292383292,33.423491552583435,16.284954422194545,0.47791670983888457,407,0.8732732393786645,1,0.49252403154754554
fov0,150,1821.2124183006536,8134.911764705882,43.43101566355701,11.172373742138554,-0.8600566370867235,306,0.9663464486055564,1,0.4152243139028462
fov0,151,1833.2008032128515,12700.759036144578,46.74851165794418,16.06183081990327,-0.5238582359969116,498,0.9391235908904931,1,0.774682098209357
fov0,152,1854.7628865979382,13226.696612665684,69.71954060441644,22.42947687542621,0.5168485436624135,679,0.9468382353384255,1,0.4613215529805479
fov0,153,1835.283276450512,12642.470989761092,23.63305539618532,15.942850198137446,-0.22042388048583553,293,0.7381838200709115,1,
fov0,154,1842.6055718475072,7892.387096774193,33.85880833667178,25.9819922216462,0.13999629348915163,682,0.6412130933709885,1,
fov0,155,1838.057831325301,11963.224096385542,59.53728716313577,9.861521157611199,1.5314726166507215,415,0.9861869490476612,1,0.6045877712366016
fov0,156,1861.0123711340207,12213.669072164948,59.625725372750935,37.617933688485216,-1.222334885557624,970,0.7758632902361446,1,
fov0,157,1887.1029900332226,13341.415282392027,124.57837266130598,43.468808434228606,-0.8763296078494511,2107,0.9371497560381161,1,0.8037527621443546
fov0,158,1883.2844648063308,8406.709704289879,98.2967523934054,57.76188055948324,1.2277462563429475,2401,0.8091315425714057,0,
fov0,159,1863.6910828025477,12505.028662420382,34.74517903932735,12.832955268248535,-1.3170728015641513,314,0.9292923825632768,1,1.0227974116841685
fov0,160,1903.8701550387598,13191.306589147287,162.73766860069458,35.425541426654675,0.8388214618327403,2580,0.9760190889923586,1,0.5783714925289539
fov0,161,1941.5190941980436,7474.078520702131,300.60175879353784,179.15850403083383,-1.3430028850134712,7463,0.8029847893002566,-1,
fov0,162,1874.1912350597609,6588.533864541832,34.42492682894998,9.915691117468045,-0.7409850949011284,251,0.9576189445133093,1,0.636824554677851
fov0,163,1868.1666666666667,7870.413043478261,15.495031384418384,11.616056898243402,-0.7811479102450063,138,0.6618193746577349,1,
fov0,164,1899.8824711200402,12159.932697137117,85.33017360189363,62.06895667668965,1.1293378653424613,1991,0.686216327115178,0,
fov0,165,1888.7123552123553,9104.934362934362,60.56554417833988,13.573100022345509,-0.716423738530302,518,0.9745647819628632,1,0.27776942796613363
fov0,166,1902.3052902277736,8252.581190301249,94.21753722302694,60.40683565899039,-0.7376258658393205,2722,0.7674221303335534,0,
fov0,168,1909.986187845304,9266.864640883978,84.95131060665028,21.29289694092642,-0.8663498222557097,724,0.9680782288222205,1,0.3144617233323066
fov0,169,1923.998171846435,6110.213893967093,80.69450920338801,12.36793298096593,0.016951049182344108,547,0.9881845687152845,1,0.4429427429424106
fov0,170,1916.8311291963378,10216.548830111902,71.22524765806197,50.75955812086115,1.162547377647584,1966,0.7015071346149305,0,
fov0,171,1905.8338461538463,12533.944615384615,34.551833967536346,17.43471271198996,1.3661267762718685,325,0.8633556672892634,1,
fov0,173,1918.1904761904761,7918.729437229437,34.161462566791165,17.492245132126687,0.16540846956499186,462,0.8589579430167895,1,
fov0,174,1942.7553488372093,12122.760930232558,96.99706993697603,15.57157542888423,0.49007666939396877,1075,0.9870298954883877,1,0.5562057047479144
fov0,175,1941.588484335309,9508.214225232854,90.03539864768933,33.963300735178606,1.1421069536220092,1181,0.9261230125215817,1,0.9784151356349471
fov0,176,1916.3706896551723,7633.517241379311,23.845057925288096,15.955851387960628,-1.440741014605731,232,0.7431299731503732,1,
fov0,177,1947.486740516952,9391.508895602552,173.48875098828776,74.02931876793599,-1.393957354979731,2979,0.9043886893270859,1,0.6999574840435675
fov0,178,1925.7105719237436,12598.195840554592,39.74899875507205,20.42556058240254,-0.4436354269244104,577,0.8578719476299322,1,
fov0,179,1960.40690310323,7904.8220392653575,127.12746786435956,84.55323576642975,1.3446409846660252,3158,0.7467490008277935,1,
fov0,180,1965.4157559198543,8551.832877959927,127.41710413322778,44.246624366068005,-0.03704942957997004,2196,0.9377695859331419,1,0.40234273914236884
fov0,181,1929.6212765957446,12494.289361702127,24.0058501208386,17.3308082505099,0.44939909691523056,235,0.6919545822485716,1,
fov0,182,1938.1285714285714,7994.032142857143,35.45172206546371,10.853970144570868,-0.6014023989744998,280,0.9519794270475154,1,0.383568429902361
fov0,183,1934.307453416149,9118.583850931676,25.672398938809078,19.130117106549164,-0.9163802167342736,322,0.6668825807439719,1,
fov0,184,1947.98202247191,9287.631460674158,49.030476429345605,22.74984436444897,-0.6431664783111944,445,0.8858383687682514,1,0.3329876561134981
fov0,185,2174.7175942442623,11804.945118325604,665.6102475564954,253.51975577476253,-0.816200719973725,33636,0.9246231632324843,-3,0.6016452062289595
fov0,187,1971.5763125763126,13096.800366300366,91.4466733239116,40.95220134161479,1.0016747809525308,1638,0.8941207078967225,1,0.6397499867722716
fov0,188,1981.1767068273093,9186.821285140562,86.29441771738487,61.542905690954484,-0.4069885152083992,1494,0.7009873973047461,0,
fov0,189,1962.0985915492959,9591.585513078471,69.20213352224252,24.555923903006857,1.148585549246027,994,0.9349257323452477,1,0.875223128987997
fov0,190,1961.811377245509,12546.60628742515,48.674836024811945,29.04876397155304,1.2812896075815778,668,0.8023958084032115,1,
fov0,191,1954.7659574468084,7815.141843971631,39.000087020636336,11.710781359474263,-1.298086701714679,282,0.9538524303487212,1,0.611575584175976
fov0,192,1968.566631689402,13182.773347324239,54.037957918546894,26.70347130052987,-1.15979315110681,953,0.8693701977302465,1,0.8757426119540626
fov0,193,1959.1372093023256,12450.45581395349,34.087310229028574,16.45662465328028,1.3330278991842193,430,0.8757424292174819,1,0.8307400980443543
fov0,194,1976.722525331255,10159.286827747466,66.47664246651064,51.38609465455014,1.0305943184775506,1283,0.6344124360569127,0,
fov0,195,1972.2895069532237,13273.111251580278,36.177438252861876,28.96853510816353,0.44662762480434537,791,0.599018965850382,1,
fov0,196,1970.4123006833713,9079.350797266516,42.48106190647558,26.499683251993154,1.3076337736048567,439,0.7815840664693343,1,
fov0,197,1963.9651741293533,11973.189054726368,30.677332433394845,9.720550743416634,1.4592707169175407,201,0.9484708906133874,1,0.40269973153201116
fov0,198,1996.257287705957,10340.039290240811,81.12473771678542,19.21659083448193,0.45245541217712865,789,0.971539628556757,1,0.22130665570115424
fov0,199,1985.2119205298013,10475.867549668874,51.45859446179978,16.14402972114147,0.5969916391846868,604,0.9495127187485327,1,0.23647525253386126
fov0,200,2089.1302556518067,9302.834143249525,341.3103340990516,199.8586199398778,-0.8689896298862715,9466,0.8106270773925075,0,
fov0,201,1986.2266666666667,8220.976666666667,36.44077892829426,31.759705218147552,1.4706305047002437,900,0.4903191067874443,1,
fov0,202,2002.8241895261845,10389.006234413964,83.1582136691412,40.00731690096518,-0.28421909265745837,1604,0.8766663809819555,1,0.4652408226532187
fov0,203,1983.3862433862435,8076.560846560847,27.181746372519413,9.162704910154376,-0.5530938318659909,189,0.9414722955255226,1,0.43956558715316935
fov0,204,1984.4976525821596,12496.220657276996,26.73836241387157,11.551034283663915,-0.6696182924415005,213,0.9018724996364772,1,0.9000885716572887
fov0,205,2026.4307858687816,9519.342465753425,208.86572390329673,58.4319720134718,-1.2457516190564228,2774,0.9600703900428086,1,0.8595472273016042
fov0,206,2001.8832199546484,8359.860544217687,50.62952047669098,22.900847560847374,-0.28593658453153115,882,0.8918546853221628,1,0.268238249974509
fov0,207,1991.3706754530479,12336.09884678748,44.218184198913846,19.878015658055777,1.3792494851196777,607,0.8932582314753218,1,1.0423951504292552
fov0,208,2026.9060240963856,12439.16686746988,85.04576844632608,64.73426006150129,0.4675293363247118,1660,0.6485527915891838,1,
fov0,209,1997.7164179104477,12231.669154228855,42.24093573714525,18.496971137283627,-1.1767301581205898,402,0.8990275456310556,1,0.8403591802561264
fov0,210,2051.7722308892357,6074.645865834634,160.247587451723,24.004071578774468,0.15704014344354678,1282,0.9887172808190183,1,0.47806714727573935
fov0,211,2011.134061569017,8144.514399205561,44.3302350881629,30.971447196290544,0.24349012418606797,1007,0.7154607806542828,1,
fov0,212,2048.2844391550134,8041.378458792026,102.25324571198928,76.69764450773924,-0.032812352738799795,3361,0.6613523187286787,0,
fov0,213,2026.8243243243244,10264.64385353095,96.80350260316267,80.58386961852695,-0.6897074675817834,2294,0.5541033681211596,1,
fov0,214,2009.8739130434783,12174.482608695653,28.07537600510589,13.750609932438623,-0.5424663150953539,230,0.8718490155024486,1,0.3964764686947018
fov0,215,2017.3108504398826,9145.935483870968,42.141586606064266,11.372607580562711,0.24338909428068137,341,0.9628977136098609,1,0.17433416423013773
fov0,216,2011.8126843657817,13724.896755162243,45.697536098328776,21.765043362125052,-1.5500481109140707,678,0.8792910539649182,1,0.9509111634100766
fov0,217,2008.2796610169491,13206.618644067798,14.230847109150153,10.672614883576971,-1.2047473390427248,118,0.6614792940257692,1,
fov0,218,2028.1550925925926,6920.011574074074,67.55749381425308,10.30488327863376,0.4951159409274787,432,0.9882980671039375,1,0.7671718560458269
fov0,220,2022.8852097130243,6321.963576158941,57.434969528167336,28.32815724557934,-1.418450634385997,906,0.8699038053469411,1,0.7593261077210771
fov0,221,2030.9676320272572,8278.81601362862,57.784198147003316,13.680665338723282,0.5970389223170472,587,0.9715695220836121,1,0.617732301678667
fov0,222,2021.4820717131474,10134.390438247012,25.089070121156745,13.069791309966885,0.7467957946222633,251,0.8535959452950226,1,
fov0,223,2025.5032258064516,12137.335483870967,20.744293920411664,10.570916712821026,-0.02566296047398726,155,0.8604221563045542,1,
fov0,224,2039.658357771261,9089.051319648093,37.591809209743666,30.235568990808662,0.7236416395554512,682,0.5942062816226926,1,
fov0,225,2037.8693304535636,12575.245140388768,66.95593064002983,22.0132783886687,1.4124246247684689,926,0.9444090999973958,1,0.8896863138404505
fov0,226,2054.8846153846152,10326.691142191143,80.20378357877124,24.55004481974678,0.5666018316244569,858,0.9520007008073889,1,0.23103356797834868
fov0,227,2118.798510109968,7410.375665129479,233.45352709804982,49.19738596195117,-0.4090644312476969,2819,0.9775427122670846,1,0.577451126721173
fov0,228,2033.6697247706422,7909.587155963302,16.611136987715874,9.056478096464447,-0.8074762605517993,109,0.8383026308352379,1,
fov0,229,2057.1601588352087,7328.090006618134,139.6446295829073,33.06932038236302,1.3754388944196534,1511,0.9715558487918464,1,0.8735567682204037
fov0,230,2060.6666666666665,5995.227380952381,36.992439885862545,32.14523735664246,-1.245260611030582,840,0.49486871457713355,1,
fov0,232,2064.231707317073,9155.752032520326,31.24910430528927,10.980778249161595,-0.18218731987519257,246,0.9362273073494276,1,0.29164907593484807
fov0,233,2078.6162162162163,9186.886486486486,49.35287257106265,13.854897727675576,-0.031109342753813406,370,0.9597863920714769,1,0.27101481638075625
fov0,234,2079.6651515151516,12003.751515151514,69.18285720064169,21.361365913009482,0.8550994621261357,660,0.9511377895104811,1,0.27882976445643554
fov0,235,2085.1003184713377,6320.976114649681,76.53093552348072,13.071772516281847,0.6367158952322624,628,0.9853050650578834,1,0.6488435276479912
fov0,236,2079.0802792321115,9400.223385689354,48.27243212752358,17.96986747226342,-0.6420472240078473,573,0.9281287227384359,1,0.507015484474056
fov0,237,2127.4548313321898,8276.61978273299,179.7051676430488,44.34118206400964,-0.7740601176586313,3498,0.9690806831792744,1,0.41156621693947126
fov0,238,2084.02734375,12137.97265625,37.328013766755326,10.57570151090106,0.08251138740395586,256,0.95902599583282,1,0.2523357152101012
fov0,239,2113.085154483798,9100.844762622457,93.620928243485,43.27069942596648,0.5062634039152427,1327,0.886780684990076,1,0.29743043107588174
fov0,240,2115.296768707483,12355.18962585034,125.7253235430433,24.45269016160456,-0.16279416102159316,1176,0.9809039142593443,1,0.5502689858500889
fov0,241,2094.746793697325,12805.177720776841,206.6676532147334,32.596978235511294,1.5407279087167973,2729,0.9874828261384923,1,0.5428844876196306
fov0,242,2092.272604588394,13234.500674763833,42.489409679753905,23.406016585419643,-0.8039496107779501,741,0.8345929978083553,1,
fov0,243,2099.9824086603517,8250.600811907983,43.64564073738807,25.25003699627036,-0.2801646600565092,739,0.8156655832520415,1,
fov0,244,2088.3119266055046,10109.256880733945,24.377417459615813,17.119043928124515,0.9411135813913567,327,0.7119303283870152,1,
fov0,245,2099.3084539223155,6939.070830159939,89.37799066472138,34.65461744164405,-1.5266315887728783,1313,0.9217725716611816,1,1.0598763839441978
fov0,246,2103.8212765957446,9006.327659574468,51.67101400827319,32.96922298609551,-0.48048522021938805,705,0.7699863937005317,1,
fov0,248,2107.8579782790307,5940.617376775272,65.82782013351421,25.869143413618755,-0.8046698880414539,1197,0.9195461964206346,1,0.6314597624505253
fov0,249,2135.6985074626864,7102.4597014925375,132.6157752772463,39.02581973602732,0.8088424522035386,1340,0.9557200623828807,1,0.8247253034070038
fov0,250,2157.254733833512,10188.576634512327,138.1628093043724,99.82150325082637,-0.03447020522653322,2799,0.6913794409254302,0,
fov0,251,2103.829721362229,9224.030959752323,36.46659396146273,12.722785167956143,0.7568400856391841,323,0.9371641399040711,1,0.3334422004876919
fov0,252,2126.492105263158,6021.546710526316,83.07244596753627,73.25590454434821,0.09243385487443351,1520,0.47156452517778447,1,
fov0,253,2119.2926972909304,8485.143698468786,79.04173640125074,59.77581451634412,0.5640343518697454,1698,0.6542754340871952,1,
fov0,254,2100.3167701863354,12414.608695652174,22.855441855605584,11.448321349332797,-1.5690075159619263,161,0.8655043917138853,1,
fov0,255,2104.526627218935,9146.520710059172,25.40707871933961,9.383386548598684,0.6442766523304797,169,0.9293015934342147,1,0.27052115478349703
fov0,256,2102.7003891050585,12311.003891050583,35.88094800819258,11.71219601455141,-1.5314781586053716,257,0.94522543897282,1,1.0313486556256855
fov0,258,2115.550561797753,12053.426966292134,24.45482061936873,9.54902175069337,0.3256481786717466,178,0.920613086284776,1,0.19062039486775187
fov0,259,2137.3613511390417,12682.56637863315,65.38207083930722,40.37085524415499,0.7780678174867758,1273,0.7866017793008965,1,
fov0,260,2139.977291841884,13493.198486122792,73.6272906756037,31.46463892991144,1.066463961303907,1189,0.9040861622377843,1,0.9883263667221358
fov0,261,2130.1535269709543,12175.390041493776,34.1327915055602,9.397194942048092,0.267511880691026,241,0.9613546969935002,1,0.2596647616375028
fov0,262,2165.785575048733,9028.014944769331,112.1045101498209,35.71966072727589,-0.28976188248677315,1539,0.9478797688834179,1,0.4072859759116922
fov0,263,2145.934256055363,8939.058823529413,67.34518193278375,14.024331772109658,0.9378445750141913,578,0.9780765856901619,1,0.47020421015260966
fov0,264,2139.3915492957744,8976.112676056338,26.384494404548946,18.862798413879045,0.05764659765323308,355,0.6992064273351266,1,
fov0,265,2142.6612903225805,12275.52688172043,37.017522676015524,17.170428268002723,-0.07598222459717222,372,0.885915869176131,1,0.41769279407487947
fov0,266,2178.01525198939,9569.270114942528,253.6945054345488,62.24667286245214,1.3911376894221856,4524,0.9694318463926337,1,0.836954074510868
fov0,267,2182.561661341853,12107.483067092651,142.3284825299307,20.65198325535013,0.8138356659040753,1565,0.9894168709033516,1,0.23890396517632076
fov0,268,2213.8122643880374,7783.417441568233,192.8151303838538,68.59642531240318,-0.37783921659279485,3979,0.9345763338017107,1,0.5132004456763515
fov0,269,2161.0394922425953,5972.197461212976,48.606381849962894,30.702690085994085,-0.7788616365603501,709,0.7752458243360176,1,
fov0,270,2145.527607361963,12037.331288343557,20.44294422869416,10.90387510249774,0.7623264012524137,163,0.8458752046830932,1,
fov0,271,2148.6479591836733,12866.211734693878,25.474957688097888,19.711174073379166,1.1290134798824285,392,0.633494640296226,1,
fov0,272,2220.037087290819,9147.088647670736,194.2091307205866,61.31440609856317,0.9967033280933884,2211,0.9488546308151462,1,0.4821107356654535
fov0,273,2171.55,12256.798148148147,62.24405236201473,24.145410612537695,0.6027151494792188,540,0.921695090629721,1,0.6328305936205061
fov0,274,2343.9655172413795,8934.374339290209,338.7293924575369,232.61723583492966,0.4411476497152793,15892,0.7269081227178994,-3,
fov0,275,2164.797709923664,7723.765267175572,33.76122193574661,19.907861520933782,-1.3981035862677964,524,0.8076468415412272,1,
fov0,276,2166.912556053812,12753.419282511211,29.641562482519998,19.325476849032135,1.2217486318877266,446,0.7582428080962134,1,
fov0,277,2255.6802808827742,7180.968329034107,323.6309399848072,171.8235544853741,1.1330290118255584,6978,0.847419204536319,1,
fov0,278,2244.059596733027,8082.446145992853,200.8501474806233,148.97785195889122,1.2544055905766665,7836,0.6706915920797873,-2,
fov0,279,2210.2054616384917,12211.569570871261,74.1894908576786,25.650321724134887,-0.5285763824858127,769,0.9383301193574733,1,0.49500559545328415
fov0,280,2207.4895238095237,9065.57142857143,61.12573081364627,13.268355696285159,0.19177294974283887,525,0.9761567922705148,1,0.2983681423959686
fov0,281,2212.03305785124,12082.542699724518,44.958674873064176,15.036918327203669,0.2655068823530761,363,0.9424096319070239,1,0.24780858927044208
fov0,282,2222.626164596273,10722.688276397515,167.1069006675212,39.626075712023955,1.1178503618671782,2576,0.9714779033403376,1,0.4968840587079691
fov0,283,2203.6466431095405,5997.144876325088,20.796185019865266,17.418094951810847,-0.42887416903594194,283,0.5463422417050111,1,
fov0,284,2204.168067226891,8861.949579831933,19.21693879290333,8.19703804847401,-0.19686648783114286,119,0.9044626875957718,1,0.47488600497018424
fov0,286,2203.2662337662337,9168.551948051949,19.816957801110075,11.139342224247407,-1.3039595285479575,154,0.8270613812137299,1,
fov0,288,2240.1785714285716,12000.93125,101.004648418386,30.380036164692648,0.2724402946777871,1120,0.9536939955965197,1,0.482561147794901
fov0,289,2217.826330532213,10785.977591036415,23.062597835333424,19.833937400226,-0.19533305484002003,357,0.5102864869367478,1,
fov0,290,2251.6236306729265,9864.768127282212,223.51769713362532,76.79351826955332,-1.4922166227206757,3834,0.939127818674426,0,0.6347300043968538
fov0,291,2233.3633633633635,5843.804804804805,45.405490730802555,12.597870971441857,1.2110619241049274,333,0.9607393302524154,1,0.7372577035528296
fov0,292,2279.1550497866288,11808.771692745377,131.67074378392655,24.907636143872455,0.34390820086069257,1406,0.9819451108948272,1,0.43178958424009195
fov0,293,2235.646376811594,12051.159420289856,44.87957791853186,12.289095001046448,1.0890456173615963,345,0.9617798842121101,1,0.31504989656479065
fov0,294,2333.971553610503,9996.915973741794,300.1282665768356,127.89454516409911,-0.31328871126587715,6855,0.9046605465724258,1,0.3258804407553495
fov0,295,2251.0113268608416,8608.001618122977,67.33678266054609,13.600695101342302,-0.9388961793448466,618,0.9793896105090967,1,0.8341917234227937
fov0,296,2275.3709575142675,11965.187698161066,123.49404765041297,36.93624343359502,0.68001972731116,1577,0.9542238689761332,1,0.7059028244606929
fov0,297,2323.3093289689036,5692.893617021276,226.14674784636225,78.69216939096829,-0.5327436724114618,3055,0.9375058566900217,1,0.5637059406843478
fov0,298,2297.3279270146986,9104.975164723772,119.0102691634734,42.927717086984714,-0.5445547427234365,1973,0.9326795741308781,1,0.47430551437537233
fov0,299,2299.0351215746814,10572.007333076033,158.7873042258583,52.04447875424025,0.9074463150076773,2591,0.944760249779021,-2,0.43881119704411975
fov0,300,2263.925042589438,10972.117546848382,37.993829620510226,27.799253261788195,-0.6871171739791667,587,0.6816503139691061,1,
fov0,301,2269.5977653631285,9058.486033519554,34.004761430451566,14.656991934467522,0.24086057562214713,358,0.902338726279951,1,0.3033299850018145
fov0,302,2371.010162162162,8277.181477477478,330.47274495478325,172.7922568529176,-1.1864057660297935,13875,0.8524162001080947,0,
fov0,303,2281.3150887573966,11846.80177514793,49.24094996668335,23.274522080649877,0.516685655439571,676,0.8812416622853924,1,0.41940069141293823
fov0,304,2268.1433691756274,7027.616487455197,45.61249782515682,11.220849451096447,-1.4292045466309966,279,0.9692688545984497,1,1.0181902010368233
fov0,305,2288.148936170213,8673.224164133739,108.51042475147098,38.04429430633096,1.2731770899362087,1316,0.9365234404001943,1,0.669270032751342
fov0,306,2306.4673694779117,7673.063253012048,91.65721124598436,50.454789866541326,-0.5971711332045666,1992,0.8348531839645646,0,
fov0,307,2291.884297520661,5859.2231404958675,47.78226051592059,11.57412729125159,0.04193569773202379,363,0.9702197418068751,1,0.4253874687568311
fov0,308,2462.5314520870074,9754.15304722712,389.88359417694727,54.67594370631668,-0.4750674090530415,5103,0.9901180234150185,1,0.2656377582560359
fov0,309,2299.8801369863013,11715.42808219178,33.06438099967856,11.909296384379589,-0.1600628975482665,292,0.9328808687929601,1,0.45630494759890505
fov0,310,2383.6164225134926,7004.86700077101,228.76820426507305,133.87786483264915,-0.6558053881714329,5188,0.8108804391276393,1,
fov0,311,2334.5394139496493,10300.58563763929,127.39617071396687,93.61453634582526,1.2998871924110096,2423,0.67825126337663,1,
fov0,312,2297.7757009345796,11783.897196261682,16.33202407448611,8.478190597489819,0.7820416426853205,107,0.854704703636262,1,
fov0,313,2397.6594488188975,10488.897637795275,235.2538306483708,132.30103805763093,-0.10033338350106903,3048,0.8268818357449707,1,
fov0,314,2390.6772277227724,10637.087293729373,267.3772539255728,81.39633347881889,-0.6941939708107719,6060,0.9525362932091067,-2,0.8281727220682686
fov0,315,2310.8896103896104,9768.084415584415,19.499972807573084,11.706940693567766,-0.5458065697302769,154,0.79973229801339,1,
fov0,316,2316.2138364779876,10036.440251572327,19.088155681767663,13.19846544093089,-0.2391991961701299,159,0.7224263154865471,1,
fov0,317,2321.9453924914674,12045.122866894199,27.13043295407661,15.650791800837153,-0.6451585074442535,293,0.8168344364193799,1,
fov0,318,2365.7213568708894,11815.710453444099,297.0987950848557,65.07637949618703,1.5072586621963202,5778,0.9757159861801535,1,0.784277969346863
fov0,319,2340.153488372093,10085.739534883722,34.880311246544785,16.653628304205107,0.07644344155873863,430,0.8786585506837055,1,0.10203886639698435
fov0,320,2331.624113475177,11691.86524822695,22.89584997488291,9.785381806784896,-0.6668826786670968,141,0.9040689172198105,1,0.6377308187527625
fov0,321,2410.0096225809903,5821.339890944082,272.94902925889994,146.94153932436632,-1.4990063834452236,9353,0.842722687630461,0,
fov0,322,2346.8695652173915,9787.220735785953,35.236787920087906,13.485254681175668,-0.2428340091194121,299,0.9238710716643455,1,0.5177907784462344
fov0,323,2352.2518740629685,11209.437781109445,51.8732542486314,20.290950909762216,0.2240105704249269,667,0.9203209797274471,1,0.3872652193547055
fov0,324,2339.568306010929,11952.24043715847,25.901593534261252,9.466574739280997,-1.4283921081856996,183,0.9308182781395749,1,0.8375842740118423
fov0,325,2343.7868852459014,9470.819672131147,16.11041934357239,9.940521582498043,-0.35312199542936823,122,0.7869440314934116,1,
fov0,326,2348.686440677966,11604.898305084746,28.482565078388873,11.451659220746787,0.04146362948437622,236,0.9156139530045337,1,0.4170128317905572
fov0,327,2431.726972477064,10158.671192660551,225.17790732989255,40.43416661365541,0.07715072099395982,2725,0.9837460333699546,1,0.10224188927486648
fov0,328,2379.4221556886228,7858.308383233533,63.63167920649507,45.134016714974365,0.02425476908177445,1336,0.7049056844882142,0,
fov0,329,2368.0396600566573,5692.847025495751,36.25676889519072,15.916000692706744,0.7357789420467544,353,0.898496775667304,1,0.44801912275882805
fov0,330,2378.6810344827586,11971.823275862069,60.99188460905334,10.951321865386802,-1.107144820402567,464,0.9837481635586448,1,0.8673060878407235
fov0,331,2381.951871657754,7433.00320855615,55.529330323483414,36.18642448805384,-1.2166259813064955,935,0.7585084007892632,0,
fov0,332,2392.022641509434,10528.954716981132,42.68137458797172,8.221165010634328,0.35330391346402645,265,0.9812739836579346,1,0.3665212397613238
fov0,333,2387.3888888888887,9466.466666666667,19.978068419190986,17.23762012779672,-1.3562603552786754,270,0.5054990445818108,1,
fov0,334,2394.7557840616964,11720.21850899743,28.276861400079436,18.27121108311288,-1.0772552343022244,389,0.7632069354365838,1,
fov0,335,2402.7369281045753,7692.621732026144,66.30115061028268,24.743704817907158,1.234218017770396,1224,0.9277502146275435,1,0.9970610175033865
fov0,336,2407.933110367893,10917.384615384615,21.28767327568378,17.907842679048457,0.10238270130674323,299,0.5406764622056861,1,
fov0,337,2467.488800746617,5583.435370975269,144.89149359895995,139.11988827930188,-0.7954610296744752,4286,0.27943017044237106,1,
fov0,338,2447.1005478569127,10842.688688366097,198.96696203650635,85.91635255615438,1.312772106366516,3103,0.9019635597988495,1,0.5260630723995298
fov0,339,2489.2101042502004,6247.560946271051,162.35049416310767,112.79848574368081,0.9130431221403127,4988,0.7192186980647847,1,
fov0,340,2450.4101265822783,8130.379746835443,53.763335162593016,13.530234068589403,0.17269089625759212,395,0.967814967189316,1,0.5050992120238151
fov0,341,2433.818181818182,9751.672727272728,12.973567671108817,11.71433802811235,-0.6427661054435261,110,0.42976908601793684,1,
fov0,342,2509.21198568873,6900.546690518783,260.8715092563619,137.119294979795,1.5002733789876292,5590,0.8507194402956821,0,
fov0,343,2451.7140718562873,8673.594311377246,59.22577673712573,22.132577555094347,1.269453777300676,668,0.9275502743896508,1,0.6678736396697071
fov0,344,2447.4397321428573,8585.08482142857,25.167736076577825,22.752967824788165,0.8763916207519696,448,0.42742032675307823,1,
fov0,345,2507.02103250478,7091.310707456979,198.71695250171936,99.51174327772225,-0.3648975188365624,2092,0.8655796451071494,1,
fov0,346,2472.1294390972453,7594.857285097909,179.08057200149648,52.310913260581714,-1.2254421317753728,3013,0.9563852611729209,0,0.7048653671270656
fov0,347,2453.5751295336786,5895.772020725389,21.136802138502063,11.996662412132169,1.011896845571421,193,0.8233235922538675,1,
fov0,348,2686.5644498186216,10919.069951632406,398.0604656237687,208.94456381936837,-0.33396662223475976,16540,0.8511598357451411,-3,
fov0,349,2470.158653846154,8204.245192307691,31.122918308636095,10.03835353794539,1.5289199586054647,208,0.9465561909956177,1,1.015692544541245
fov0,350,2603.505245107928,5897.002521686504,355.5420319871452,223.099085755482,-1.3526656431589854,9914,0.7786245841592206,-1,
fov0,351,2547.8884843839814,6123.740946541483,170.8868418643182,149.8430625813209,0.3247097385970389,5219,0.4807540734858943,0,
fov0,352,2516.5441988950274,10224.722836095765,98.85473095896373,19.31762302124545,0.11355189360807558,1086,0.98072079168592,1,0.16769530982765773
fov0,353,2941.2731044636284,10025.780967677174,1233.9362581924722,161.10323388164488,0.05337204826566935,14943,0.9914403548392088,1,0.5079283955549125
fov0,354,2491.0860215053763,10003.22311827957,25.42475735174844,19.06694864360247,-1.3807276540372555,372,0.6615100414358498,1,
fov0,355,2500.5116279069766,8160.432558139535,30.25813274416268,10.3365798810372,-0.5863406510994637,215,0.9398406083019536,1,0.5676949077437865
fov0,356,2513.1716171617163,6536.425742574257,20.97481868888873,18.41757546686765,-0.8603775295704983,303,0.4785132756034006,1,
fov0,357,2541.4678217821784,5505.757425742574,83.41776773134782,21.96854554336294,-0.7682333778930375,808,0.9646987972445754,1,0.4171504852087245
fov0,358,2518.8971962616824,11069.367601246106,23.916704616343605,17.108493509976977,0.7113374633357362,321,0.6987800711175931,1,
fov0,359,2571.4726301735645,5619.217623497997,111.36358764773613,18.944470147806655,-0.21030570829602968,749,0.9854244438554086,1,0.4132376108594376
fov0,360,2634.7768883415433,8074.189860426929,234.30530323879083,70.44092730418411,-0.5339736475163199,4872,0.9537385276079857,0,0.2506008877595184
fov0,361,2557.6844106463877,11046.756653992396,73.76336042704301,26.33458853703426,1.0897667971922096,789,0.9340988457362972,1,0.6013528511689499
fov0,362,2564.3985765124553,10115.67615658363,36.76475358365983,10.789707444038921,-0.03897837477725076,281,0.9559653174520958,1,0.2176222898652412
fov0,363,2594.4805038992204,7915.693461307738,69.57287700175262,40.8801593952067,-1.0966268103235481,1667,0.8091605647488647,1,
fov0,364,2579.7936507936506,5525.43253968254,38.71207585611256,8.59598336143942,0.7889763243137412,252,0.9750354747476959,1,0.761695756284574
fov0,365,2584.8367609254497,8025.521850899743,48.656291884251615,20.818166351747703,-0.9076527930033007,778,0.9038441901757669,1,0.6776294552110901
fov0,366,2586.5,6300.324468085107,24.323744751302982,11.140815821655849,0.7075559310222722,188,0.8889407384621775,1,0.6773833261135367
fov0,367,2604.380300957592,10258.116279069767,60.68933868808187,20.85104916825277,0.7646892874476751,731,0.9391269919767888,1,0.4111040401104874
fov0,368,2602.93125,6748.68125,25.595525424244606,8.146645214862858,-0.10531934816781242,160,0.9479954220332836,1,0.49665551754929704
fov0,369,2635.291821561338,11106.491635687733,109.04901316262738,17.416534350765392,0.37851442870800395,1076,0.9871635066895665,1,0.41198150957766294
fov0,370,2621.6878048780486,6035.214634146341,74.97647603960287,19.56136786280097,-0.8155385040738242,1025,0.9653658132359072,1,0.3081003206273209
fov0,371,2815.414446900081,9715.011166686054,483.5814222945532,150.209767611008,-0.2376426755117204,8597,0.9505343723459811,0,0.28499310169355
fov0,372,2612.9496221662466,11620.307304785894,59.58169193963271,13.686186792284712,-1.0764628281806052,397,0.973260402748829,1,0.7189249488130764
fov0,373,2679.1678956324445,6840.949517867271,248.35870767449669,100.59025714265626,-0.8537472484730089,3526,0.9143078015768559,1,0.30164785161273583
fov0,374,2621.49860724234,11053.84679665738,39.6402477581688,24.36141475830098,0.6222191611317577,718,0.7888680363031095,1,
fov0,375,2666.255374934452,6262.482957524909,131.84926346928157,32.629122558364045,-0.27655960675500335,1907,0.968894809892312,1,0.32280001311823675
fov0,376,2638.9484435797667,6750.066634241245,161.8417838118964,38.68523705642545,-1.0917698991895322,2056,0.9710118854574128,1,0.5685039700342575
fov0,377,2687.7815350389324,6156.617797552836,203.94401648722703,80.75554087579381,-0.8362762511120674,4495,0.9182638098092033,1,0.41536394522849696
fov0,378,2630.0940594059407,10096.564356435643,49.604027260597235,25.954993732839608,-0.46280305382166903,606,0.8521831094626667,1,
fov0,379,2650.501138952164,10628.166287015945,99.71284386321459,40.22108257100302,0.7539885982527361,1756,0.9150373484576958,1,0.3763005328539527
fov0,380,2660.4038623005877,5342.929471032746,91.78371813526715,25.918464242901656,-0.908739659506366,1191,0.9593007763735837,1,0.45224415906990195
fov0,381,2747.2559831514454,5541.8133256749,292.85807902329645,107.1249197886669,-0.9364745162519791,5223,0.930696926470864,-1,0.4862657273578881
fov0,382,2674.2292768959437,8268.753086419752,64.6842155790471,29.152126267612143,-1.136517998473485,1134,0.8926836716518068,1,0.6992269657336782
fov0,383,2675.6360759493673,11047.927215189873,33.74575529224882,12.471027037824777,-0.43990405766591617,316,0.9292075093571125,1,0.4361396909485162
fov0,384,2718.760550866282,10604.98000888494,191.58539804817084,53.32497185633707,0.7323757931464465,2251,0.960483983329147,1,0.1258702752716668
fov0,385,2758.9002437325908,11227.462395543176,328.97106056465657,75.75209802903765,-0.8626837371548208,5744,0.9731268275091303,1,0.3685152820593138
fov0,386,2695.48231511254,9715.520900321544,48.62609026065164,10.202737589084371,-0.5947230642204634,311,0.9777399806787342,1,0.37715495605124283
fov0,387,2774.0762581636573,5811.048405685748,442.94055734451507,190.04462961338635,1.0455496682577192,10412,0.9032796865918814,1,0.8160076257833572
fov0,388,2728.2540106951874,6044.173796791444,56.262450760697405,28.950901473216735,0.5580409241221533,1122,0.8574490979352377,1,
fov0,389,2799.495605775267,7597.910860012555,185.17646640933864,70.92226856774069,-0.5188852412377709,3186,0.923749054511821,0,0.24310971649616142
fov0,390,2715.0548387096774,11086.658064516128,21.884631837166822,18.212248358953072,0.08659194059025781,310,0.5544853280305566,1,
fov0,391,2712.3861003861,6218.474903474904,26.225296348565063,13.624329771193263,-1.4735497158252502,259,0.8544637658928793,1,
fov0,392,2732.201342281879,5315.068791946309,46.55052198875764,17.23200555643576,-0.3007547325256833,596,0.9289606170341485,1,0.35108391179774573
fov0,393,2731.6822429906542,10028.18691588785,41.50277993593685,11.820261262213679,-0.31305540003591964,321,0.958585030519743,1,0.5026543104563084
fov0,394,2791.206921413122,11113.669069935111,152.97237744857836,35.02693398414749,-0.3711914445680142,2774,0.9734321744894677,0,0.15231361341014224
fov0,395,2833.3125076266015,6671.830628431971,332.9044236839702,200.2365893290464,-1.0239098245704221,8195,0.7988850613186098,1,
fov0,396,2750.0692307692307,7595.415384615385,36.77541739813054,10.005793028450496,-0.39974147188276665,260,0.9622751160404143,1,0.46827531302239955
fov0,397,2779.8244829513696,7718.916713247624,82.85378487478249,54.1625118670653,-0.6206772917765161,1789,0.7567434476297716,0,
fov0,398,2757.3648915187377,9699.358974358975,37.6097665599659,20.283097754395037,-0.3238294904145163,507,0.8421111503683107,1,
fov0,399,2770.5012642225033,6892.558786346397,52.247908120134284,40.47358264257726,-0.6166594872279698,1582,0.6323962910345573,1,
fov0,400,2785.7659340659343,11021.781318681318,94.62275279071604,17.015201910089964,-0.6103801970255531,910,0.9836992635850724,1,0.14841631034361888
fov0,401,2783.5206043956046,7784.107142857143,64.50544098427643,16.235912972297026,-0.7775084228310899,728,0.9678057353133832,1,0.13366014812795282
fov0,402,2841.893446487506,10634.628005657709,172.29588396961455,25.45192575356774,0.6680504047033741,2121,0.989028894328941,1,0.23520292870950213
fov0,403,2778.8417266187053,6077.973621103118,38.007400837388985,18.656406724185363,-0.5846719403058376,417,0.871237070902679,1,0.24225548037713912
fov0,405,2799.056,9994.848,17.099908076609186,9.668366137642698,0.7135695155199424,125,0.8248137211319552,1,
fov0,406,2806.3063063063064,5999.018018018018,31.154656366801966,9.498597674010997,0.26824433623933336,222,0.9523890674579448,1,0.48258553172081775
fov0,407,2824.13179916318,5348.7531380753135,42.88835536149338,38.05882368691492,0.5855972968540448,478,0.4610138532593336,1,
fov0,408,2821.339832869081,10660.49860724234,31.668036862152288,23.280310671622512,-1.5692655546928267,359,0.6779197692631937,1,
fov0,409,2880.148219441771,5248.922521655438,203.09216449183793,44.412029314166844,-0.40496374784697453,2078,0.9757968094817604,1,0.1746736364718444
fov0,410,2831.6965174129355,11489.084577114429,44.6249979843079,13.776343656854726,-0.6563234358883415,402,0.9511550424864692,1,0.2374498886567749
fov0,411,2931.2140028288545,6919.7157001414425,269.9748419645032,202.8467890590564,-0.27888942852271925,7070,0.6598988901568443,1,
fov0,412,2854.584758942457,10971.323483670296,62.34348384408398,23.730833169960608,-0.4807812266061945,643,0.9247206011426737,1,0.23000930107100231
fov0,413,2838.907284768212,10096.53642384106,46.18592075214966,12.568223321352857,1.3898111063627743,302,0.9622626474704796,1,0.7579960736426509
fov0,414,2880.820174457616,7748.996421382241,139.540908790064,78.27840961849309,1.2398854191490403,4471,0.8278354215117525,-1,
fov0,415,2935.4609061015713,5521.0917975886005,825.8099894041347,133.9872535200234,-1.4369372023264833,10948,0.9867497663852506,1,0.456050252491931
fov0,416,2893.3715463917524,10885.48618556701,134.65234602587796,52.048750854095694,-1.305967842524954,2425,0.922271917902332,0,0.5075539376017616
fov0,417,2885.1025991792067,6367.129958960329,59.28742396614619,16.51593506235991,-0.6115348690880289,731,0.9604147668957763,1,0.3643536508535138
fov0,418,2927.967201166181,11073.997448979591,139.4773772871897,64.52578892539371,-0.11101144320799966,2744,0.8865538129219825,0,0.3241947766677684
fov0,419,2894.99,10135.515,27.51127467050982,11.49976373686715,0.653091619763325,200,0.9084461748080401,1,0.6064279536141961
fov0,420,2915.741641337386,10643.036474164133,42.839134614778295,24.936615126466336,0.3146094122010688,658,0.8131179597891267,1,
fov0,421,2912.0,11332.537142857143,23.29330975917415,19.221556087433346,-0.7752327843483764,350,0.564845863664662,1,
fov0,422,2923.170525127047,11206.407114624506,177.03102272156082,25.908949343577742,-1.3230922424822884,1771,0.9892324895152126,1,0.49032100199624856
fov0,423,2931.768,6656.64,31.680993827407978,16.856210906005465,1.297169459808322,250,0.8467062300162441,1,
fov0,424,2985.458570524984,10796.86780518659,161.9189296792646,57.685092007312406,-0.0324022078628221,1581,0.9343872079289602,1,0.4430375588223945
fov0,425,3008.5694799658995,9826.152173913044,204.57252883503872,28.381687127801154,0.8387249540638168,2346,0.9903293236856527,1,0.6085628161254378
fov0,426,2945.5,6426.523809523809,16.11095662102298,13.339858169581138,0.34389697169084377,168,0.5607293732621914,1,
fov0,427,2962.2738336713996,10394.931034482759,87.64361320537142,20.300748631359593,-1.3190997374305644,986,0.9728043436391047,1,0.7770925555946907
fov0,428,2965.576271186441,10664.277966101696,44.71587631709538,10.851934199191216,0.3707282323525208,295,0.9701047986941539,1,0.28163716715756365
fov0,429,2989.714406065712,5402.819713563606,139.93464919177043,26.53903934033623,-0.5876041644777603,1187,0.9818511615787565,1,0.23733401894448514
fov0,430,2961.3703703703704,9463.75,34.02832036691065,20.378022740494387,-0.8884878833349465,540,0.8008576260588601,1,
fov0,431,2966.9506578947367,10736.950657894737,40.91088012587763,11.150212639080355,-0.1505322347364305,304,0.9621419508472298,1,0.29579691519406126
fov0,432,2979.0415094339623,10520.57358490566,34.26908821764134,11.002157236652776,0.38871987223087145,265,0.9470615883631783,1,0.5814940317687062
fov0,433,3021.932122370937,10158.674952198853,92.67972160064171,33.47396206196916,-0.6012563123765998,1046,0.9324965336902457,1,0.43403705278404314
fov0,434,3007.8818657367046,10602.27637314734,100.93313642747339,48.662188756819106,1.018065997805188,2294,0.8761035279200833,0,0.6588963368925163
fov0,436,3035.0833333333335,10331.878205128205,102.38018750844165,18.075625520351306,-0.21658362546097848,780,0.98429096619857,1,0.3941955582009198
fov0,437,3021.9957081545062,8851.021459227468,27.71233158292233,21.623825540239388,-0.564399474725737,466,0.6254102045918143,1,
fov0,438,3076.045751633987,10667.820512820514,117.82793320969566,33.71627772623101,-0.32923803218465264,1989,0.9581853045286804,1,0.47307391897601436
fov0,439,3044.7732426303855,11143.63492063492,87.83661840160741,22.427206411344514,-0.20086054841881223,1323,0.9668543186176487,1,0.37354361483548054
fov0,440,3019.776397515528,9766.670807453416,19.569979234717646,12.019552301639886,-1.1282088391471519,161,0.7891634858665096,1,
fov0,441,3080.785324439054,9785.03517283202,122.28133824485,39.91971009567058,-0.14945916691769842,1649,0.9452117398254563,1,0.6233186056004634
fov0,442,3047.357692307692,6577.109615384616,43.51897891980131,16.94372727283558,-0.14106736527957328,520,0.9210936462591399,1,0.3921890751201483
fov0,443,3076.5650438946527,11280.067039106145,182.22833148922078,46.89295676705345,-1.1446234150288448,2506,0.9663233801724374,1,0.3906047003527813
fov0,444,3056.1669691470056,12704.052631578947,58.46365931391808,18.517666930818823,-1.0286884848875137,551,0.9485130424005578,1,0.5531519635081578
fov0,445,3051.9202733485195,8751.968109339408,35.983776863189746,17.345272700237015,-0.6087754491849847,439,0.8761545170836669,1,0.7834756914452788
fov0,446,3059.965250965251,10087.449806949808,75.04128504306276,13.252112909084842,-1.1930584027318223,518,0.9842831289489151,1,0.6748810845921561
fov0,447,3232.5938177090857,10935.728152535028,364.67534496110346,105.60908739535148,-0.506557672683524,6923,0.9571485033820062,1,0.3367836381802669
fov0,448,3124.0998616874135,10857.42766251729,181.3696871808466,52.22282227486583,0.5879623519282883,3615,0.9576497203174583,-1,0.7911659958626786
fov0,449,3057.6744186046512,12783.193798449613,57.46927631778583,9.412635404903616,-1.2391454151687842,387,0.9864959720511075,1,0.8507592000241303
fov0,450,3082.1031914893615,12601.822340425531,150.0206867101528,11.531782441382804,-1.1462454729832123,940,0.9970412822303091,1,0.577715365051385
fov0,451,3067.1805555555557,6208.537037037037,23.50872109851494,14.7240103063047,-0.827766013899716,216,0.7795651094659007,1,
fov0,452,3071.393665158371,11046.742081447965,20.673337809500296,13.676993319371539,-0.9424400253214064,221,0.7498777289506583,1,
fov0,453,3083.281012658228,10901.435443037975,50.091760041417,10.982003089053833,0.7592305066386008,395,0.9756714732149427,1,0.7307604715591547
fov0,454,3073.929515418502,13009.73127753304,19.007372153208806,16.58366563909646,-1.2427384826756336,227,0.4886391533226751,1,
fov0,455,3112.392871773863,10565.778369520689,157.58949010647507,72.13015472654047,-1.059422689707333,2441,0.8891019714546643,1,0.6757438259318079
fov0,456,3081.9094827586205,5207.5948275862065,33.30141314716289,10.002562519478156,-0.8410450001649543,232,0.953824492947865,1,0.15073867521959536
fov0,457,3127.0373647984266,9831.254178957719,189.37341409005805,30.003492168406343,-0.942770176753192,2034,0.987369311775762,1,0.9515282923408317
fov0,458,3229.825476429288,11061.213640922768,360.4176205103869,154.8305628066611,-0.47360975499873165,8973,0.9030256887286771,-1,0.49312419266523516
fov0,459,3097.557251908397,10763.269720101782,62.366485514646875,12.92389028403893,-1.190883185508624,393,0.9782933253650169,1,0.5730321792407019
fov0,460,3155.2801899592946,5136.922659430122,193.15143565412342,22.614733810368136,-0.5629755541127833,1474,0.9931221426297765,1,0.2047567079377789
fov0,461,3300.994501178319,5127.055773762765,433.5090223212151,89.15871301452216,-0.6626279643568893,7638,0.9786219306153837,0,0.23646164962685043
fov0,462,3125.2106038291604,6568.701030927835,70.602885703081,20.6373403313903,-0.4386878589905557,679,0.9563261695391913,1,0.27531442526681166
fov0,463,3116.320945945946,9423.016891891892,30.876304273181592,13.787031926099836,-0.34670396163564104,296,0.8947713165758734,1,0.6541646939645714
fov0,464,3117.1100323624596,8386.85436893204,99.65951678720698,8.820637864435975,1.3565117257832269,618,0.9960754897432148,1,0.948064930084921
fov0,465,3127.98003327787,8694.966722129784,59.871906880159976,14.444208585440476,-0.7159126920493514,601,0.9704625405207749,1,0.6905918885569245
fov0,466,3148.160686427457,10117.535101404057,92.04496026543124,17.971656614517038,0.21241061669304773,641,0.9807537685687181,1,0.43620026474182
fov0,467,3116.4224137931033,6532.758620689655,14.0322691138692,10.56986558449706,0.0451207869751034,116,0.6577295163950473,1,
fov0,468,3141.3382749326147,7841.99730458221,53.045821123805005,31.851193783303724,1.1568745741023074,742,0.7996647016242342,1,
fov0,469,3139.7372147915025,9283.968528717545,65.46745233273187,29.397057407429482,1.4259467142889946,1271,0.8935150897469795,1,0.5418396730287655
fov0,470,3154.239406779661,7772.025423728814,91.87273647919439,16.14757216150553,-1.123313500568661,944,0.9844330073116486,1,0.26244364586590274
fov0,471,3147.0588235294117,10774.78431372549,38.30033312516029,9.25215851218421,-1.2619610530377405,255,0.9703837401633877,1,0.6632022982292467
fov0,472,3157.161350844278,12228.187617260788,54.747866026593016,20.09720864242527,-1.2915122579274667,533,0.930186765894176,1,0.47866226965530523
fov0,473,3193.262694300518,12870.200518134716,172.37440955324524,31.562840293777604,1.1553748452406678,1930,0.9830931202157112,1,1.0147499503817148
fov0,474,3188.860822413014,16803.42747401717,156.1008245998538,45.53843383395788,-1.1295909497375987,2213,0.9565023891660435,1,0.7311560682576204
fov0,475,3198.188498402556,10531.888178913738,130.48573684706903,74.5050617697662,-1.2710893338773528,2191,0.8209622867825525,1,
fov0,476,3232.641074856046,10678.414587332054,131.4379902668679,61.40259395749137,0.3933805168208708,1563,0.8841727065438958,1,0.6373646976541159
fov0,477,3178.255364806867,13707.12660944206,48.71593926329634,17.06281943178847,1.207761745853433,466,0.9366557800108283,1,0.8620455398793639
fov0,478,3208.6045597484276,10615.56210691824,100.2481539254724,18.989121033915346,-0.4595645964566378,1272,0.9818959345573355,1,0.44344196284388643
fov0,479,3182.95025728988,12937.250428816467,59.43421818847599,17.549507996235818,1.1679295040097444,583,0.9554119460127705,1,1.020180006418718
fov0,480,3206.34632034632,12624.660894660894,111.61819132332194,46.238361158926224,-1.2882826311287836,2079,0.9101609954324077,0,0.6154997970585276
fov0,481,3190.0335968379445,13628.041501976284,56.68047495060871,20.94802240701531,-1.3195311584738723,506,0.9291985467514476,1,1.0052407380208317
fov0,482,3192.285714285714,8837.753026634382,28.31648693643218,18.651930506966174,-0.9258623491683659,413,0.7524099927636914,1,
fov0,483,3214.017559262511,9780.99385425812,64.41395399053278,33.4211340331439,0.10565237031553547,1139,0.8548657312526597,1,
fov0,484,3252.461270333075,13879.084817970566,356.5534815077157,22.66683826339267,1.1000498928113782,2582,0.9979772510252914,1,0.6169762245870917
fov0,485,3200.4809160305344,11208.229007633588,15.057046315690831,11.170331015848364,-0.26564361689114835,131,0.6705466712135555,1,
fov0,486,3281.131553239987,10498.406056659069,192.9853297411716,38.83060486369887,0.9693938630222018,3071,0.9795481000410728,0,0.6371371986735443
fov0,487,3242.737556561086,10886.264705882353,47.84528625836729,18.7609159287998,-1.255745134912275,442,0.9199156584192688,1,0.5548571931264794
fov0,488,3257.1182212581343,9854.811822125814,126.81785903692217,27.64992812913437,1.428018094437845,1844,0.9759423663962956,1,0.8501324853928477
fov0,489,3258.518771331058,5491.372013651877,45.40955269643648,9.166548812469085,-0.3524258346699912,293,0.9794135853361147,1,0.1845772801075108
fov0,490,3279.8060975609756,13361.343902439025,117.98127542423697,14.077586267258432,-1.121411226402055,820,0.9928557877455586,1,0.7464930707185415
fov0,491,3297.7852998065764,9073.683430045132,133.43843597660143,21.300529622818825,0.7356278362674059,1551,0.9871772162292745,1,0.6173593712569212
fov0,492,3270.8383084577113,6837.380597014925,57.202456773233784,10.874621606526516,-1.1424522190144557,402,0.9817632614419921,1,0.31371649715956273
fov0,493,3263.6666666666665,19025.36752136752,37.97724465390534,8.794629894761893,-1.461659598848703,234,0.9728167433471819,1,1.0059526119668518
fov0,494,3352.698111631016,7174.117647058823,500.3117163161437,118.76080387006523,-1.4102279827131972,11968,0.971418428856017,-3,0.23078059309285823
fov0,495,3294.2446750409613,16480.387766247954,105.53197865771034,39.18099869178564,-0.9484303615611013,1831,0.9285244181881414,0,0.8516069430038693
fov0,496,3272.2301425661913,18943.25050916497,62.289874299033194,11.517536091478801,-1.5664369832719165,491,0.9827569225102587,1,0.9113775626222871
fov0,498,3286.273394495413,9239.211009174312,45.07206405102758,15.829678236881179,0.38739290608135035,545,0.9362973908591149,1,0.44290766751020216
fov0,499,3302.5882926829267,5429.667317073171,101.79006269381127,26.299100408542433,-0.4926087485520238,1025,0.9660470816671379,1,0.15759691591795658
fov0,500,3297.2705792682927,9186.3125,61.569469365239385,50.29319592376503,-1.5667556747459819,1312,0.5768461123846483,1,
fov0,501,3281.746031746032,6036.761904761905,20.955097007662836,8.00548181432324,0.6239722181416227,126,0.9241498019907468,1,0.4685694266417922
fov0,502,3308.862759113653,19194.714081486778,153.48449929863062,15.503046210972919,1.1107229859238938,1399,0.9948856902872643,1,1.0088655067204084
fov0,503,3287.4223433242505,10084.386920980927,34.13962022441188,19.73185280439263,-1.4220688277233156,367,0.8160543504046052,1,
fov0,504,3301.8204334365323,12936.291021671826,36.626924402328555,19.560572089038956,-0.2527551568619741,323,0.8454535310784901,1,
fov0,505,3334.057393652937,11371.97434166104,143.45453694435548,47.278228646215595,-0.4987457516851684,1481,0.9441313451525666,1,0.5033000943999754
fov0,506,3422.6628530568464,5676.0818734358245,389.16242443939575,47.970256742738194,-0.8669088092953094,5594,0.9923737423161016,1,0.4608009142662194
fov0,507,3311.914089347079,6133.398625429553,42.372000318029485,10.753140890920054,0.05078899093184981,291,0.9672621233441738,1,0.47198389771480126
fov0,508,3367.566684238271,9913.577227200843,169.16835910837833,61.22853883571099,-0.4266943561106579,1897,0.9322019826037601,1,0.6685291516013582
fov0,509,3302.8407079646017,18928.41592920354,17.768092401267122,8.30325023055513,-0.4327775724301286,113,0.8840922483544913,1,0.6234472440017
fov0,510,3314.416890080429,6771.676943699732,73.82262948149199,20.426796805500107,-1.212658273505001,746,0.9609560583419164,1,0.33139564411213385
fov0,511,3342.93304024349,16602.42272573554,156.41259710661075,94.68987966192365,-1.1022275924212177,2957,0.7959325948385112,0,
fov0,512,3308.8830409356724,17737.3216374269,20.513498564554546,12.423829341000907,0.20993910797941617,171,0.7957375060986811,1,
fov0,513,3306.6018518518517,8809.092592592593,12.523535185876458,11.090809690433053,1.487292150331563,108,0.4644537835985467,1,
fov0,514,3314.753646677472,9872.951377633712,72.18428644147995,14.116388971177374,1.3072949715776383,617,0.9806916560833486,1,0.7888431727327933
fov0,515,3331.6195704057277,5854.828639618138,120.40012419852648,49.635495289519746,-1.1157317313128507,2095,0.9110687194501551,1,0.7522830757786688
fov0,516,3322.2602739726026,10115.01095890411,31.001083738678147,19.85358438751916,-0.7041470011775917,365,0.7680283722809723,1,
fov0,517,3409.705925834668,12697.869779475175,227.69499952059653,116.54248888674769,-0.3755217809677591,8117,0.8590832026422964,-3,
fov0,518,3318.1824324324325,19083.493243243243,21.36999937755145,9.635556274489982,1.4545574426884662,148,0.8925786440359389,1,1.1540955535609583
fov0,519,3327.8504672897197,10608.841121495327,22.30294865580053,15.76652142439346,-0.37203708048967254,214,0.7072880923441021,1,
fov0,520,3411.3061611374405,18848.354502369668,246.77515095149477,38.23048903535909,0.1268366817512639,2110,0.9879269658371767,1,0.6831227319563274
fov0,521,3335.5994397759105,13216.162464985995,47.72698260955018,10.605082083722191,0.6520949892886123,357,0.9750004079179007,1,0.6317624937705573
fov0,522,3381.410102739726,10450.071061643835,121.85252517230816,46.97986987127036,1.0421310638866634,1168,0.9226882174132182,1,0.5931441264907585
fov0,523,3344.9504504504503,11910.9009009009,34.373541387064314,8.783286558334204,0.5994377385803297,222,0.9668025453908318,1,0.5006927369620404
fov0,524,3391.457496136012,10793.907882534775,131.04126867700072,87.75205457960811,-1.028954767156939,3235,0.742674981464625,1,
fov0,525,3359.4536585365854,10936.69756097561,33.60287117426976,8.356852482136473,-0.27325529374531377,205,0.9685819520089181,1,0.4754439665238838
fov0,526,3372.165548098434,10112.232662192393,51.718247372686704,12.212828588325104,-0.4053599176489322,447,0.9717186602885561,1,0.5034443861777141
fov0,527,3457.2411666666667,8926.809666666666,225.4849447168901,140.29195330618722,0.523597682822738,6000,0.7828751722971908,1,
fov0,528,3380.2871116225547,9271.996547756042,101.99174780009058,54.17748336432756,-1.1793916923359717,1738,0.8472497345419432,1,
fov0,529,3371.20796460177,10066.066371681416,26.82066235080371,13.67237533279636,-1.0219591485570816,226,0.8603105881832143,1,
fov0,530,3377.0274725274726,12934.093406593407,21.871710180308614,12.285241989306236,0.6805348931464829,182,0.8273440179262477,1,
fov0,531,3391.533149171271,11081.39226519337,32.03870014539208,14.981873182041243,1.3257735511179571,362,0.8839306519139914,1,0.9942443729120775
fov0,532,3408.832155477032,5315.971731448763,77.8038205950106,14.099451975400823,-0.8056890363257608,566,0.9834429521500755,1,0.19594034388451745
fov0,533,3412.3745583038867,5844.995288574793,44.19092456887453,38.37215693928072,-0.8719565647260855,849,0.49599279288438763,1,
fov0,534,3437.5737432488577,10878.572081429165,126.09062952236137,72.70847165841818,-0.9034201569144871,2407,0.817000755046587,1,
fov0,535,3402.570833333333,10071.425,27.375454031384738,13.986216028567673,1.5261028904450273,240,0.8596380550553356,1,
fov0,536,3419.0585395292696,12950.296922148462,85.18771494126396,51.854462821583375,-1.4013751632530271,1657,0.793394161717408,1,
fov0,537,3408.634382566586,9196.903147699757,44.738972152941855,19.475193627928498,1.4215745826511166,413,0.9002820121419834,1,0.3218388841509347
fov0,538,3438.953409858204,11370.173531397704,78.59459368662803,31.281506588180076,-1.0522033378934292,1481,0.9173806772955364,1,0.6277141760600713
fov0,539,3426.196850393701,5099.259842519685,37.389285236710585,9.439118793569882,-1.3103603281841218,254,0.9676085888899232,1,0.32493404819618066
fov0,540,3496.2292963140258,14186.342747726185,253.95237060369746,63.81293082324336,0.6503139480633275,2089,0.9679146649757078,1,0.42859520088039016
fov0,541,3489.7505638249886,6326.8610735227785,155.81047158131406,78.65866459149322,-0.8633067710169182,2217,0.863215541367499,0,
fov0,542,3521.4205344585093,9843.009845288327,233.4945289718095,118.9698863491248,-0.30051783205364824,5688,0.8604594374205171,0,
fov0,543,3444.993914807302,5250.6734279918865,64.24498665055837,10.558946075852552,-0.8662630742331979,493,0.9864013544240487,1,0.1662837667868715
fov0,544,3470.443781942078,9706.599659284497,101.21810772592416,24.131673366806517,-0.061021726417077385,1174,0.971163954647194,1,0.3161065098990819
fov0,545,3484.6149399733213,7134.353786868238,392.1958077493523,58.62863058828147,-1.2826796970962695,6747,0.9887635153626462,0,0.20830009256023715
fov0,546,3454.3909626719055,10106.310412573674,38.799174410117594,19.56893517712114,-0.29741950603923684,509,0.8634907166797285,1,
fov0,547,3447.785123966942,11958.404958677685,15.126270820674259,10.318815208895776,-0.38722839813655435,121,0.7311857713013626,1,
fov0,548,3493.932341001353,10643.673207036536,139.82929609028574,24.510793056575277,-0.6748026703168716,1478,0.9845166965083365,1,0.682938305606193
fov0,549,3467.7030042918454,12230.597424892703,71.83539975537379,49.89221585640862,0.8708804336833895,1165,0.7194586958001032,0,
fov0,550,3457.4411764705883,9673.975490196079,27.084702339456356,11.749050969471515,0.13166070321595266,204,0.9010143963750284,1,0.24427533816744043
fov0,551,3486.6918982850384,12812.780603193376,107.68776961430551,29.887790292845047,-0.7197227497490933,1691,0.9607137426137112,1,0.4775090016369623
fov0,552,3594.855749309392,10773.137171961325,294.47891867660763,243.55178441357347,-1.4484721352412915,11584,0.5621134013003691,-1,
fov0,553,3491.5117213663766,13873.369725385131,86.99515751302795,60.62264701508813,-0.6470911585061233,1493,0.7172160985395152,1,
fov0,554,3520.3536995515697,5934.48682735426,160.7234068215217,53.53763193817187,0.3101376753201843,3568,0.9428900429158238,1,0.6166214475394372
fov0,555,3475.4357076780757,9316.346901017576,62.19423358846291,26.783582430983646,1.3197457962105679,1081,0.902521812474709,1,0.11605832905198554
fov0,556,3487.165269461078,12164.62634730539,49.9451118317358,39.716879128179265,0.6273502038171566,835,0.6063334100466662,0,
fov0,557,3494.308802308802,5130.567821067821,126.50822821109708,26.011145310985512,-1.313527889012755,1386,0.9786343624452831,1,0.28871303546356275
fov0,558,3518.2440906898214,9300.115291847564,120.92560269355008,30.00271004737373,1.0946793443112253,2073,0.9687321649797942,1,0.1126214431710297
fov0,559,3495.783505154639,19531.491408934708,43.20986322559375,9.268350624642114,0.7081882675950517,291,0.9767248274324074,1,0.5976576724753397
fov0,560,3514.0548245614036,7147.440789473684,49.83498068386708,13.46543288410343,-0.5586713494891997,456,0.9628040980177901,1,0.35029051213743295
fov0,561,3524.602380952381,9654.55,66.04316420968088,18.1527221884524,0.4288293555289671,840,0.9614838345319451,1,0.207556444504076
fov0,562,3528.7570921985816,5026.833333333333,68.62839285115123,18.27265538439391,-0.27473271592334575,564,0.9639026166814229,1,0.41924868234925317
fov0,563,3510.7884615384614,10043.076923076924,21.293041445246534,10.089387252129802,-1.2656026965342633,156,0.8806136718841777,1,0.7109096608984264
fov0,564,3543.3627342888644,9617.975744211686,76.97385861160788,23.139712416825734,0.32735204643936855,907,0.9537446908516614,1,0.20625082571315315
fov0,565,3554.6899412374696,5787.909782232976,137.4753628658449,61.02889833925965,0.8675208936967186,2893,0.8960634125631503,0,0.7866973016921904
fov0,566,3523.4429824561403,9738.048245614034,27.673497379243177,11.13791707853942,1.0210403887101023,228,0.915430560817399,1,0.4178645167685159
fov0,567,3630.393023255814,9911.033837209303,431.62854175538996,193.17934204475853,-1.4162462576550274,8600,0.8942542853275283,0,0.9686682575598939
fov0,568,3535.9823529411765,11327.664705882353,15.274801000083828,14.184714630485963,0.014638796221574138,170,0.370994690843839,1,
fov0,569,3562.933508311461,13941.746281714786,91.42439859497598,36.592708526158724,0.950658258945732,2286,0.9164055452165968,1,0.5833083910956458
fov0,570,3593.750977326036,13096.7826426896,153.4577764350359,26.131431715394868,-0.5678699588982499,2558,0.9853949958472549,1,0.3332166678179072
fov0,571,3561.330434782609,12740.244720496894,89.84225094786227,15.641325894902197,-1.0127606055629403,805,0.9847283909123662,1,0.1756204389618135
fov0,572,3577.6390680257955,9091.466611192012,359.43463994493453,41.523754558354575,-1.5070916811111685,4807,0.9933045508834564,1,0.9851284563067516
fov0,573,3570.5825627476884,9325.170409511229,58.767813976673985,25.893597710361675,1.2365185448905667,757,0.8976993703557463,1,0.5858167954297634
fov0,574,3609.2738951695787,12973.632065775952,110.22467565032143,31.536621200030023,-0.5670266445476115,1946,0.9581961312044301,1,0.17433568344275055
fov0,575,3597.7574568288856,8179.32770800628,163.5314688376983,42.92710553718558,1.449999333304687,2548,0.9649318344409126,0,0.9725598097862673
fov0,576,3592.445925925926,7363.563703703704,57.579864859064585,42.17540142276367,0.6489254252694362,1350,0.680801592134535,0,
fov0,577,3584.1423487544484,8273.209964412812,26.63611661333124,17.3433045093367,-0.28099729893227937,281,0.7589749195101674,1,
fov0,578,3597.515778251599,7756.056929637527,262.0157182080242,34.83851420306984,-1.4291819738095626,4690,0.9911209414611729,1,0.7246274876034776
fov0,579,3598.0057142857145,13863.66612244898,51.012670161237246,36.6726070488656,0.11108365220715002,1225,0.6951216491554256,1,
fov0,580,3604.1660583941607,9681.619525547445,75.84996511562728,42.75046263030147,0.5709402336647542,1096,0.8260350495581713,1,
fov0,581,3591.17,6061.59,12.532231254080447,10.588256692876746,1.0588375351491086,100,0.5349527029723185,1,
fov0,582,3599.9398734177216,9308.041139240506,35.847008775276926,13.31110516034572,0.9356080774212948,316,0.9285005642805766,1,0.5203498578491562
fov0,583,3616.6657142857143,9048.244761904762,220.5813125644042,26.675384858365938,-1.4915827768688752,2100,0.9926607685468823,1,0.9534847981346282
fov0,584,3616.9224274406333,5422.591556728232,90.49676831997192,54.39447467362938,-1.1534639026664169,1895,0.7991998535090727,0,
fov0,585,3619.845993322204,5563.75041736227,101.63792351971837,75.91768512063494,1.3392422606850276,2396,0.6648886337906934,1,
fov0,586,3607.4600550964187,9353.159779614325,25.287883049201522,18.727294478754025,-1.1495440808168014,363,0.671985893159292,1,
fov0,587,3638.9135294117646,5701.985294117647,77.34023988726958,32.31130870079613,-0.6168133293368351,1700,0.9085476078806209,0,0.4100024374550367
fov0,588,3824.0087877599058,7771.463318948608,1406.9840409674669,117.70364579568246,-1.1593553475789131,25490,0.9964946342416183,0,0.6353168847364276
fov0,589,3632.4648318042814,11811.685015290519,54.322515437426425,28.329346675605986,0.6746412979595283,654,0.8532495393319219,1,
fov0,590,3682.4559213015514,9244.28376844495,163.49944189278895,73.10761071976813,-1.0815213256262697,2643,0.8944625471102824,1,0.9473343969148604
fov0,591,3662.056533133658,19831.94196929989,245.21698724816963,67.81849716962567,-1.5307342568990043,2671,0.9609951420130575,1,1.2368397220241758
fov0,592,3621.971074380165,6405.528925619835,32.57344897267361,12.09062931855352,1.3953072867382057,242,0.9285607308631002,1,1.0731092925487158
fov0,593,3642.213333333333,5798.699047619048,89.81294543099101,24.295084866204803,-1.2098151256799086,1575,0.9627178377057118,1,0.6653205033312906
fov0,594,3630.9005235602094,5055.623036649215,26.832695143971776,9.810970833938171,-1.080006562513225,191,0.9307583423635719,1,0.31571627147523196
fov0,595,3639.689655172414,9297.549568965518,34.05745782474677,19.629997881122154,-0.6403235960755269,464,0.8171826221766589,1,
fov0,596,3696.276957369741,13505.617720813598,155.69111083051777,81.05604397611668,-0.3250537157005552,3589,0.8537879676131693,1,
fov0,597,3741.616059558628,13728.894708854028,212.88631016310248,58.50931374352533,-0.1541351798646807,3761,0.9614904592677828,0,0.4272274277065146
fov0,598,3668.9942446043165,11990.804316546762,78.14470703859944,37.29875755346205,0.7060058348994772,695,0.8787384030747333,1,0.6343622286262541
fov0,599,3663.9440167949615,9359.009797060882,54.71925651862792,46.330442010091986,-0.11341657437115989,1429,0.5320808381330694,1,
fov0,600,3661.6723163841807,14211.389830508475,28.72173950831195,8.636885167539239,-0.061036950944205436,177,0.9537159460019914,1,0.5055492405158156
fov0,601,3659.9651162790697,9760.27519379845,35.39364786815063,10.815416924763923,1.269530702954302,258,0.9521679830589953,1,0.7445478785296537
fov0,602,3669.9190207156307,10553.512241054614,43.68486569394928,19.35007436210234,-0.62869540654214,531,0.8965478646848037,1,0.7523272724927881
fov0,603,3747.336387934326,10449.850133638793,365.3592345783668,87.62575825265152,-1.1699539935969898,5238,0.9708137828213,0,0.683215717656139
fov0,604,3668.2969034608377,8373.295081967213,52.38993571303876,19.975284294383407,1.286278365989409,549,0.9244592146572627,1,0.09620005641183296
fov0,605,3704.3166441136673,13923.429634641407,102.2763805760733,45.46094490204619,-0.8127692050371919,1478,0.8957832479398835,1,0.5197743701205373
fov0,606,3731.123212783852,10616.634146341463,143.46327783262777,37.81657711346979,-0.6103604494623076,2378,0.9646327281257061,1,0.7467969103967101
fov0,607,3712.495256166983,11835.902277039848,81.84458510520375,35.53235038825373,0.12452986757379504,1054,0.9008433992142523,0,0.5357450018126888
fov0,608,3711.600470035253,5826.821386603995,119.96334527607392,9.825587513063642,-0.8854860191933691,851,0.9966401482053382,1,0.5408282790724668
fov0,609,3706.05980861244,12107.497607655503,57.609469241944105,12.50151595668914,0.15389836304238455,418,0.9761705961315879,1,0.44834970605736313
fov0,610,3694.289308176101,7075.1509433962265,16.71916378091653,12.542197291386582,-0.24792775902297298,159,0.6612462239007697,1,
fov0,611,3708.6916578669484,6895.222808870116,37.892951737220315,32.02481957874744,-1.0857058949997527,947,0.5345462590810641,1,
fov0,612,3699.7123287671234,10522.62100456621,26.774754360585305,11.124937082973682,1.4484814701081845,219,0.9095927236903609,1,1.1208264305706066
fov0,613,3732.3566499372646,7444.403387703889,221.57655914272823,37.87256905825038,-1.3241068490889853,3188,0.9852843590300115,1,0.11406022312192123
fov0,614,3865.3729965380176,12998.406205923837,333.9166912372039,136.4509691925117,-0.05293393635384205,7799,0.9126966527710196,1,0.2559458189536986
fov0,615,3776.8303960583667,12614.423157096835,165.72118639719216,145.21883135715154,-1.249685397145393,5277,0.4817948470106196,0,
fov0,616,3730.1593667546176,7645.360422163589,186.05813418592035,21.525412717698387,-1.2623654777599491,1895,0.9932851514820936,1,0.65761851374377
fov0,617,3714.7428571428572,12016.42857142857,17.86558975161928,10.734242783399237,0.41497429530105157,140,0.7993742817132777,1,
fov0,618,3728.8389154704946,9472.42264752791,46.12657924345773,20.291968493825227,-1.2049658861640795,627,0.8980373516679747,1,0.898127911504199
fov0,619,3726.2062146892654,10358.25141242938,26.078114003326093,17.652087097832908,1.5359753020846372,354,0.7360816284291065,1,
fov0,621,3746.13300892133,9568.900243309003,117.20268553255885,64.00975553436284,-1.5355782657376729,2466,0.8376901306916172,-1,
fov0,622,3733.1415525114157,19895.21689497717,71.62099404697435,11.993495790400754,1.4324539531008378,438,0.985879240728836,1,0.7969752841106185
fov0,623,3753.544662309368,19747.622004357298,88.91344374224026,58.6820652586875,-0.6622952507799335,918,0.7512735784197527,1,
fov0,624,3740.2394957983192,9423.20588235294,26.137921893913013,14.570131668216328,-1.5482701187989545,238,0.8302221480196643,1,
fov0,625,3775.5249885373682,6360.753782668501,95.51297352896636,54.17696772642937,0.0774860213232917,2181,0.8235655997865782,0,
fov0,626,3816.659988681381,5414.145104697227,246.32863957013012,114.73618372073891,-1.0304949103627896,8835,0.8848979263498367,-1,0.2531080875098536
fov0,627,3755.528813559322,4977.674576271186,40.15655555886481,10.684741056256003,-0.16416422351756865,295,0.9639517419758424,1,0.3719401626308481
fov0,628,3791.2988077496275,10196.850223546944,292.6676108680561,48.603521602105964,-1.1879301922123753,2684,0.9861138449051859,1,0.6717072680110008
fov0,629,3751.467741935484,9727.322580645161,32.345519682404245,17.72064498432333,1.0856634030826804,310,0.8365735040075285,1,
fov0,630,3755.0238095238096,10355.404761904761,19.53168894617014,8.41070058197709,-0.7172359849606689,126,0.9025341947331473,1,0.5659438002852264
fov0,631,3897.775112443778,6842.86887325568,313.32148421966434,142.24070414705793,0.39273968788881575,8671,0.891013472923613,-2,0.6330485581705898
fov0,632,3773.826979472141,9499.703812316715,33.8044148681569,27.707109355003727,-1.3067350183407647,682,0.572893374407507,1,
fov0,633,3781.3082437275984,11967.666666666666,33.858998005173305,12.403231097232233,-0.24903332377274026,279,0.9304889004237233,1,0.4174814218388919
fov0,634,3811.072142064373,8142.446725860155,76.75571817576898,56.183348693365886,-0.5481351177604115,1802,0.6813303440018008,0,
fov0,635,3792.074074074074,10682.228395061727,48.22521364181364,13.166509261100039,1.480328157427802,324,0.9620079958164925,1,0.7561940433684703
fov0,636,3857.608597285068,12428.036522301229,118.9069155917395,82.66907825969336,-0.16412663920295528,3094,0.718775766808342,1,
fov0,638,3846.190792596108,9329.84575225439,91.12331987392025,57.25718515457837,0.30788845429337464,2107,0.7779321217233799,0,
fov0,639,3836.679830747532,5611.161730136342,101.04051594905053,63.73946050592134,-0.8526784487795663,2127,0.7759204947573006,0,
fov0,640,3811.340206185567,11915.773195876289,30.550938937504323,10.188243020049411,-1.5038833564555059,194,0.9427558322780031,1,0.7618008748174597
fov0,641,3828.8619246861927,10928.380753138075,24.403341848050946,13.001882765808746,0.301341999550862,239,0.8462468133673203,1,
fov0,642,3838.359375,9586.49609375,42.758715425345336,23.395169119222945,1.303903995704139,768,0.8370385793628144,1,
fov0,643,3852.298633017876,10335.274447949527,41.23374864869741,29.926404095750843,1.4554418337362192,951,0.6879326619960179,1,
fov0,644,3852.3087719298246,19797.333333333332,42.977752160984046,8.669918942743012,0.8336715021332282,285,0.9794410893547045,1,0.6111619041449172
fov0,645,3896.236470588235,10525.71025210084,524.7916168315859,69.50142449739272,-1.5082153402582774,5950,0.9911915275885294,1,1.2641121791270167
fov0,646,3857.4285714285716,7165.791505791506,40.7608935235398,8.855566486601953,-0.9164796714382537,259,0.9761145632971383,1,0.4020849128655147
fov0,647,3858.9891485809685,10087.899833055091,178.0229471138321,11.421581468949164,1.4561464451028583,1198,0.9979397585442682,1,1.307987258160516
fov0,648,3857.0048076923076,10803.024038461539,26.31943792074194,12.583898252470057,0.9064837152995552,208,0.8782935159059545,1,0.4375169103837511
fov0,649,3890.3019639934532,7350.040916530278,71.525463498767,46.58544175344725,-0.08607370493979283,1222,0.7588094523465088,1,
fov0,650,3920.8631502890175,13681.530057803468,365.1349672886407,71.1578271153077,-1.2754459298238492,6920,0.9808269159294711,-2,0.7604747032033212
fov0,651,3883.105218498091,12679.252863809928,120.6182406399022,39.019897029916876,-0.9078655109868693,2357,0.9462284644193345,1,0.23631015234914307
fov0,652,3904.4983563445103,10961.199868507561,126.38429078561349,22.70196187008869,0.432663652202748,1521,0.9837348918173057,1,0.39194999001349173
fov0,653,3883.279301745636,11053.506234413964,29.68261558724586,17.566057512326925,-1.3531051943558168,401,0.8060876635926824,1,
fov0,654,3924.0737036062123,11543.33561463543,215.18562292040863,50.66382536034337,-1.0154838793701135,3799,0.9718882978362631,1,0.1786715107275524
fov0,655,3914.901459854015,13206.346715328467,96.35653396445824,13.93751976987001,0.4056849331681117,822,0.9894835709424539,1,0.4424594500878213
fov0,656,3919.473789316026,5618.023464802795,123.1730090928295,36.249297884448325,-0.8065160128025571,2003,0.955714386532293,0,0.1274587462215447
fov0,657,3886.5925925925926,11496.024691358025,24.16505296924871,10.406649215764574,-0.32580654816674776,162,0.9025196268798528,1,0.3461009570256378
fov0,658,3906.255347593583,10890.62165775401,56.896794131796725,46.041819045647976,0.2295669113291492,748,0.5875106929792318,1,
fov0,659,3950.0827629122587,5251.787181082763,131.83667278970054,47.58650270213273,-0.1353586845986689,3214,0.932585005631506,1,0.46314645468452076
fov0,660,4024.5081875697806,10653.450688500187,714.8177722914861,212.65142586980272,1.3626828317182953,10748,0.9547248091408,1,0.7273263320393379
fov0,661,3955.4918607563236,6081.724267468069,229.95157772922408,62.06585888241242,-1.5437758974116838,3993,0.9628860077493989,0,0.5753538768907918
fov0,662,3940.0,11826.569316081332,65.29034813806382,14.47412238611156,-1.0850030690495107,541,0.9751175253803128,1,0.39855685413871794
fov0,663,3998.019758507135,5885.163922429565,166.03050351429172,52.55975235743425,-0.39719731638357814,2733,0.9485702050157147,1,0.3857588138160125
fov0,664,3938.517142857143,14349.511428571428,48.54111740792919,11.734393299005951,1.3512774164333605,350,0.9703407335361696,1,0.6964303302245588
fov0,665,3947.241509433962,10479.441509433962,48.6980264710637,16.118344922115256,1.3692495739693131,530,0.9436358092975381,1,1.0920400690874221
fov0,666,3948.182119205298,17979.57284768212,19.84340400132017,19.444807836458224,-1.0148122152083747,302,0.19942587893459307,1,
fov0,667,3981.596401028278,4963.679948586118,90.15538733052135,12.56663509922374,-0.36763986401376203,778,0.990237755484376,1,0.2892187099511453
fov0,668,3988.5415549597856,10948.50670241287,33.712619043243826,17.44449271320727,-0.0662380805431497,373,0.8557152733156671,1,
fov0,669,3997.552,18027.27733333333,34.417673664351305,19.615925207760167,0.5113442453356984,375,0.8216879998733841,1,
fov0,670,4017.3804713804716,14470.710437710437,44.074778443824094,10.595342324746284,0.6815655335153272,297,0.9706752274176056,1,0.5682036071904714
fov0,671,4073.1976588628763,12874.616722408027,187.51799591590287,163.62586491498573,-1.0018298214380603,2990,0.4884577793691644,1,
fov0,672,4021.5491803278687,10583.83606557377,15.969288691882879,9.960002613123445,-1.356375761432204,122,0.7816659445255343,1,
fov0,673,4067.3540115798182,5219.82464846981,81.93960898431757,74.43979151511043,0.22702601340711429,2418,0.417947018625432,0,
fov0,674,4056.411257606491,11039.831135902637,109.26772209833683,64.11620175916921,-1.404338997271146,1972,0.8097458173739462,1,
fov0,675,4105.2396432111,6065.7974231912785,153.35143713075095,119.18500049322174,-0.24388135569406105,5045,0.629251530431389,-2,
fov0,676,4095.1082474226805,7109.487113402062,121.29581501149882,86.31894931784623,-0.47937946167849704,3492,0.7025443494415046,-1,
fov0,677,4122.148041474655,14118.578052995392,238.63575732392124,65.1667976922516,-0.6402596993429008,3472,0.961991154612847,1,0.6378569403790073
fov0,678,4111.155736469169,8445.820593999699,220.5546917932029,132.44514786659548,-1.1220079107159417,6633,0.7996177569773874,-1,
fov0,679,4082.446208112875,11336.99823633157,69.86772551998422,29.049120627286165,-1.1392786702623183,1134,0.9094683786266615,1,0.44356981348641156
fov0,680,4132.245721271393,14529.955990220049,133.3400038661362,17.07752661065536,0.18900493729180157,818,0.9917644798980555,1,0.4639530123640898
fov0,681,4145.388070970177,20271.051717629292,210.36753672025452,37.301278187761554,0.7259639807295344,2649,0.9841541855211435,1,0.7199080618649303
fov0,682,4116.078202995009,6830.816971713811,64.25247383186866,37.20479915238526,0.7065762117164629,1202,0.81529861805188,1,
fov0,683,4100.384083044983,8052.721453287198,35.47701993381105,20.86786786004621,0.42416900597945306,578,0.8087096625291489,1,
fov0,684,4126.8627946127945,13173.731481481482,88.7579661208176,19.058025619839974,-0.6082271097538194,1188,0.9766758583105527,1,0.5243968756474466
fov0,685,4113.801710730949,14298.965785381026,58.71137641422435,36.76536312205195,-1.0202129266331974,1286,0.7796583722076389,1,
fov0,686,4136.377184912603,12164.59383624655,126.09736478157862,26.124387037839032,-1.2737652283983458,2174,0.978303621368904,1,0.5943037044944368
fov0,687,4126.067632850241,20905.74396135266,29.932810123881627,9.674233228735668,1.1397511253498844,207,0.9463312641010373,1,0.6639324687491545
fov0,688,4130.148148148148,11850.52380952381,26.39717952048877,10.433619847361403,-1.536982073786661,189,0.9185713937613539,1,0.5287973829122353
fov0,689,4133.878787878788,7463.431818181818,28.963057582680964,13.16958229595069,1.3600652509132154,264,0.8906432493941536,1,0.9342703742997175
fov0,690,4181.148801447309,5035.055630936228,95.85065480142555,46.73777974318454,0.7472467678275874,2211,0.8730613157329971,0,0.47542006042578383
fov0,691,4190.414679582713,14135.839418777943,233.44148927339035,49.13201449231786,-0.9698985243114893,2684,0.9776007000730528,1,0.9415572513961445
fov0,692,4164.072025052192,6969.521920668059,36.462650485938354,33.789170164021385,1.1945441248446822,958,0.3758538933797177,1,
fov0,693,4214.171289875173,6773.122399445215,145.30308270051788,64.09941471331206,-0.3066939035454821,2884,0.897436902409089,0,0.5560594872170863
fov0,694,4179.228346456693,5745.312335958005,57.66792836673489,47.372253374462595,-0.7368608053821198,1143,0.570257222165527,0,
fov0,695,4247.08280085197,5093.175186368477,181.29645129912743,61.81859863679328,-0.3731453638570005,3756,0.940070280892708,1,0.5089015478074583
fov0,696,4265.9372570794,10900.009439200445,201.55564849354275,56.06209535460176,-0.08786941377570602,1801,0.9605385241343204,1,0.3818672067793175
fov0,697,4336.439287139247,6977.546216252161,414.75748674000465,62.28350492301009,-0.5553209000157907,7519,0.9886604194711607,-2,0.6028796364249295
fov0,698,4196.163333333333,8646.607777777777,71.96844789064666,33.26901839180842,1.5605738530862237,900,0.8867380337294953,1,1.0882871591536898
fov0,699,4196.821428571428,11832.67857142857,24.824626366710792,9.084439520381308,-0.44904683566848796,168,0.9306366121647451,1,0.391342438603749
fov0,700,4215.598853868195,20415.167621776505,65.00135925211434,14.529672117090051,0.5060976020815694,698,0.9746973382134698,1,0.6521622488019959
fov0,701,4238.188172043011,11885.239784946236,93.36592571592709,33.04336034902811,0.17380689837322974,930,0.9352785690633993,1,0.6675770101398739
fov0,702,4227.896831844029,7168.238017871649,69.64668532685,24.09929226988718,-0.1558783353805162,1231,0.9382263622166146,1,0.5530750035898547
fov0,703,4223.440306122449,5229.515306122449,98.63091322043894,48.401683973249845,1.2054837454247829,1960,0.8713086331107123,0,0.7032075765240279
fov0,704,4254.509118541034,8337.744680851063,114.45309239075017,54.05963644692328,1.0835570808465298,1974,0.8814217552905717,1,0.9075131987084548
fov0,705,4217.164948453608,20471.23711340206,27.25744751980231,11.935641967594343,-1.3816508324556116,194,0.8990307330429919,1,0.9330417391108039
fov0,706,4220.653409090909,12578.426136363636,16.000262718605658,14.01559277624326,0.11233553915184338,176,0.4823834457801202,1,
fov0,707,4303.370488322717,7721.828025477707,193.51387531170698,55.64622086766613,-0.43980033588440565,2826,0.9577636013727687,1,0.7789176849215174
fov0,708,4230.592991913747,11727.752021563343,44.91151231841757,12.412534198181028,-1.1378082463994683,371,0.9610491372628109,1,0.38380127508705075
fov0,709,4249.193436960276,10745.203799654577,42.532192936428906,17.739277662760923,-0.012462193289517467,579,0.9088703107754792,1,0.4132136538422241
fov0,710,4242.469387755102,6991.268221574344,42.327359431893534,14.458082339595412,-1.5596481997375613,343,0.9398535368355309,1,0.9110400821460185
fov0,711,4254.036912751678,5706.167785234899,45.9816154277135,32.095383877800934,1.5647964037360351,894,0.7160931732934666,1,
fov0,712,4265.266117969822,8487.888888888889,50.86116798922323,19.941553471635558,-1.3934115130213862,729,0.9199319059890292,1,1.112061319394117
fov0,713,4273.163366336634,20271.819306930694,23.365902703661092,22.479386065494953,-0.9514544343393827,404,0.27284012371594,1,
fov0,714,4303.122807017544,7826.896686159844,46.421748025820534,28.578148815828353,-0.38899316405299095,1026,0.7880432855674337,1,
fov0,715,4294.243708609271,10765.082119205297,61.326797590801135,20.00212247120621,-1.2765176980729138,755,0.9453158501276061,1,0.47169611252600635
fov0,716,4291.270588235294,12393.988235294117,27.195143048556442,8.354140806629674,0.40141884912982156,170,0.9516474345349453,1,0.6053175025940204
fov0,717,4344.0736497545,10774.893617021276,227.6711601109149,27.22546295963504,-0.8416809396929306,1833,0.992824279732667,1,0.3033396571725466
fov0,718,4439.733151500124,13443.413835854202,658.9876848130416,158.2515682843766,1.0813702746806557,20165,0.9707374151367574,-3,0.6899909299508901
fov0,719,4315.323905723906,5182.773063973064,77.59625045421056,39.17109260985502,-0.7640428052347054,1485,0.8632325205194421,0,
fov0,720,4314.635555555556,14835.097777777777,62.54636485496699,10.635931946361008,0.6424868698041278,450,0.9854356490157082,1,0.6070540761377176
fov0,721,4343.532026504694,7443.613887355053,390.59620314398404,85.76482837637455,-1.5394619161131688,7244,0.9755958147145781,-1,1.1401134602219474
fov0,722,4315.7531380753135,6903.163179916318,29.658606503991543,11.5929688460419,-0.23728133447167055,239,0.9204414646802297,1,0.5530768362988319
fov0,723,4319.85046728972,7028.943925233645,24.083615393850575,15.813793722077907,-1.1409310389433924,214,0.7542212012287471,1,
fov0,724,4338.350515463918,13425.539518900343,39.00348371369793,10.643651677461035,-0.1513180703091,291,0.9620453075309682,1,0.4475256802482459
fov0,725,4351.645768025079,6888.7836990595615,38.496295881806255,13.059543193806132,1.364733310433338,319,0.9406992977683543,1,0.7555786358990024
fov0,726,4365.398703403565,5303.698541329011,36.58925972886619,30.814919062607782,0.5568569846732043,617,0.5391889571784771,1,
fov0,727,4377.832258064516,5357.641290322581,93.56299584603964,17.796522225400487,0.5470976241071572,775,0.9817436238824021,1,0.45705496892376224
fov0,728,4520.4064858490565,12624.634551886793,437.17481168897575,109.146619863746,-0.037775604820667254,8480,0.9683326426223495,1,0.4412152651752443
fov0,729,4393.395071542131,8368.54292527822,130.389557231956,31.367938233189733,-1.5138068460387646,1258,0.9706315589638608,1,1.1638219455616297
fov0,730,4393.44578313253,6864.44578313253,49.34138281911548,15.458733218326117,0.4541299581107149,332,0.9496536840837141,1,0.4030075369022732
fov0,731,4394.133027522936,5032.220183486239,27.97490756763715,13.733265958415481,-0.2057253636890691,218,0.8712081949186867,1,0.5124866010368668
fov0,732,4398.562248995984,5122.816599732262,50.776592481500906,19.52863898962255,-0.9800347408479521,747,0.9230836489198248,1,0.8196485020387836
fov0,733,4430.095727848101,5345.8947784810125,72.1438167311069,34.81392296746142,0.27753430439731597,1264,0.8758613667977041,1,0.4660206247815345
fov0,734,4404.388888888889,10758.952380952382,47.7172558417507,13.835543917105865,-0.6763914682012014,378,0.9570422675312095,1,0.27095114778729146
fov0,735,4423.543953116676,5455.698454981353,88.34453283164783,48.62840777882545,0.3012959088826112,1877,0.8348744031202432,0,
fov0,736,4434.981437125749,4967.235329341317,130.08181785539014,72.79688151286203,-1.477477302683623,3340,0.8287467646671891,0,
fov0,737,4494.676240208877,21112.873107049607,235.7264719769709,22.789262471747914,0.5232177518423875,1915,0.9953158350634268,1,0.23485967790120446
fov0,738,4434.5880262438495,14407.054948059049,181.72775838743758,57.866136777090425,1.4715411913877072,3658,0.9479490271584523,0,1.1040061207922336
fov0,739,4488.29099025974,6703.214691558442,160.18618561458533,40.66502554844615,-0.226599579607124,2464,0.9672407103636252,1,0.4345304320624429
fov0,740,4483.694764029115,5130.7760037567505,147.383382495495,71.26760919064829,1.2571102899916313,4259,0.8753153372029501,1,0.7147770949696258
fov0,741,4470.071146245059,6854.768774703557,79.0277568564618,10.302986155573086,-0.06779160788997368,506,0.991465183178863,1,0.38555775361574196
fov0,742,4647.972772509624,12760.418458360717,461.7928835349914,185.80259066248902,0.7918252221310756,10651,0.915485711093117,1,0.23796310146571345
fov0,744,4462.178571428572,12645.220238095239,22.139831428259594,11.17261372440776,0.5845578761956969,168,0.8633306868228339,1,
fov0,745,4482.356115107914,7319.787255909558,111.75133590951434,39.336242058800586,1.5047000911788104,1946,0.9360007678790091,0,1.0505349187967763
fov0,746,4565.066211878009,14026.109751203852,263.6462521735864,79.61850749819311,-0.6484953153166372,4984,0.9533111220001993,-1,0.5752295912613778
fov0,747,4482.474358974359,20435.548076923078,37.83506877199362,15.739825941124913,-1.1975733533806054,312,0.9093593254908714,1,0.8347282948962155
fov0,748,4483.386740331492,6145.441988950276,19.847052807419303,12.958115386714129,-0.7739975447021702,181,0.7574452195165815,1,
fov0,749,4505.2618483412325,14732.546208530806,149.61579745717455,41.29152278172694,-1.5560379566510723,2532,0.9611623130833543,1,0.8881288958424659
fov0,750,4682.787774775433,5450.022566274739,517.2530630794174,154.3235713291855,-0.7614524253246494,13693,0.954455858338606,-2,0.4246992349629719
fov0,751,4504.692673644148,6963.211227402474,49.22933444753653,27.988141291174976,-0.14337853865141822,1051,0.8226655096835307,1,
fov0,752,4494.9169435215945,20709.076411960134,37.53264822832471,14.656198808174786,0.5862369610549074,301,0.9206063215422552,1,0.6740349560997626
fov0,753,4512.0191489361705,20678.64680851064,64.07543031665217,12.076934577708423,1.0451889479190573,470,0.9820770359165268,1,0.8448665007392941
fov0,754,4575.311346682372,21386.55084413035,255.64788514730452,48.96550871382629,0.7058046843681249,2547,0.9814857906320891,1,0.22368071440586715
fov0,755,4541.424778761062,21250.098328416912,65.48037030718893,46.417213254120746,1.4974844642051353,1017,0.7053369574922035,1,
fov0,756,4588.614537902388,5032.2683281412255,239.2585255853686,61.99674880744552,0.9921092000906216,4815,0.9658450460913292,0,0.673531039002405
fov0,757,4551.081788440567,7133.377317339149,98.22484780193996,47.23239281323226,-0.8684717513395321,1834,0.8767974303340825,0,0.7124066615951266
fov0,758,4560.887522495501,5357.729154169167,115.7051090471146,73.30887363802093,0.9063045526617752,3334,0.7736741350771902,0,
fov0,759,4558.207655502392,21331.15885167464,88.46315878707354,59.65098471651737,1.0419837315344616,1045,0.7384546641850711,1,
fov0,760,4532.683168316832,20489.37623762376,23.492597780722985,16.486091498863978,-1.365457221161668,303,0.7124165344672625,1,
fov0,761,4592.671329602984,14353.930055955236,221.7752518243744,144.40880618813574,1.216466176353662,7506,0.7589496377696037,-3,
fov0,762,4538.150470219436,12729.489028213166,24.952660797678252,16.55267736816622,-0.7821565042979205,319,0.7482975616724826,1,
fov0,763,4545.530612244898,8307.660714285714,29.820392420431403,19.31980104304793,0.7423234116498075,392,0.7617491109464525,1,
fov0,764,4550.701149425287,14409.488505747126,21.3744247105851,12.218390837029135,0.9959057031808037,174,0.8205073267020836,1,
fov0,765,4587.125171939478,14658.419532324622,81.53487290976233,13.665352080108082,-0.1805815673213728,727,0.9858548567329569,1,0.3809704991691705
fov0,766,4619.363849765258,8314.405633802817,146.17650163273598,59.06277980117656,0.8226634078878928,2130,0.9147364041714361,0,0.8275241676479466
fov0,767,4662.837248067889,14739.842854978027,219.66718186428352,105.49528184464762,0.10090161077207155,6599,0.8771313599547743,-1,0.4230099264789699
fov0,768,4582.369565217391,5176.25652173913,19.310198514175877,15.36851219801542,-1.5576625395957888,230,0.6054604269437764,1,
fov0,769,4664.815922069197,14865.707423580787,181.02315412843535,55.477581019754204,0.21865259341831064,2977,0.9518813581394109,0,0.45581459927187834
fov0,770,4593.325991189427,9834.035242290749,27.004832980647294,14.03131605125069,-1.51845689007128,227,0.8544185429545931,1,
fov0,771,4608.163242009133,6946.902968036529,35.36489745191593,31.583447263011884,-0.02223755142035527,876,0.44991110282823615,1,
fov0,772,4642.871169021839,11122.82694072307,224.7071601783397,96.07078530691068,-1.3226288767281493,5449,0.9039975133565079,1,1.1078666866986124
fov0,773,4620.184615384615,13323.024615384615,40.77995812220961,11.759513139524133,-0.712799185405238,325,0.9575205582560344,1,0.6240677419009985
fov0,774,4618.72380952381,21344.022222222222,52.39877885586524,8.229055358370553,1.2052164934499185,315,0.9875911774055404,1,0.345020703683518
fov0,775,4661.285097192224,11005.665226781857,47.75192446006182,18.142560312692986,-0.11460038470821902,463,0.9250137640264628,1,0.6279204640191438
fov0,776,4674.219945355191,13502.329234972678,94.44690871471022,11.122019498244141,0.9261420370252749,732,0.9930421457688517,1,0.6300112702679894
fov0,777,4667.679140127389,5291.399681528663,56.38204005024505,39.599057407892545,-1.1426142021970511,1256,0.711846973078063,0,
fov0,778,4664.34762979684,5995.510158013544,51.06895696371568,15.216845909447239,1.1159157851211476,443,0.9545762813110844,1,0.835971639583346
fov0,779,4673.5,9141.206140350878,30.064756312347644,11.362866579226912,0.40766612016802317,228,0.9258274756137163,1,0.2775360337219694
fov0,780,4689.292682926829,9164.325203252032,16.433576130504004,10.304946458911019,0.09203886541624527,123,0.7789656592726584,1,
fov0,781,4721.011428571429,7924.831428571429,109.75079898344947,51.8759384543709,0.7757450255552003,2100,0.881239370062008,0,0.5347298863874432
fov0,782,4694.7692307692305,12202.884615384615,20.48948250974041,8.443970222014096,-1.289804256701658,130,0.911133005255855,1,0.7818513104262198
fov0,783,4729.7280228498885,8049.398603617899,188.37553146542217,53.27318407337183,1.5427975325520515,3151,0.9591779851510682,0,0.8502406992498315
fov0,784,4719.395522388059,5978.731343283582,48.258294614691344,13.60481940080181,-0.5148287258040869,402,0.9594388836766905,1,0.48945387432999843
fov0,785,4739.989976415094,7396.6857311320755,116.6805345681081,42.84411483989652,1.4648225503129673,1696,0.9301453177481204,1,0.9178470808621795
fov0,786,4732.737704918033,12166.693989071038,27.69582382291041,8.646246638748206,0.34503261443067396,183,0.9500210220681831,1,0.41360911916611326
fov0,787,4950.10557278003,12192.885602989109,499.8816606915468,133.2127559912336,0.16281003811023917,12579,0.9638380748483285,0,0.37306823072760004
fov0,788,4916.4332822989045,10469.071546343186,619.4293634706752,225.12288578574922,-0.9102420484285226,16982,0.9316191957846348,-1,0.684351551349261
fov0,789,4764.748091603054,14863.12213740458,20.655928782471488,8.412230551847298,0.2572715658138287,131,0.9133144880651792,1,0.19987048019019973
fov0,790,4827.503955037469,10904.781223980017,265.2439625515623,46.294625398570446,1.3506043627961586,4804,0.9846507898364293,0,0.7084717087465685
fov0,791,4800.863636363636,15094.23106060606,30.715524101602195,13.319340615960241,0.906511881535532,264,0.9010883876626808,1,0.28057258232638277
fov0,792,4799.655797101449,10773.550724637682,23.17503669737822,15.747869342897731,-1.474206062569818,276,0.7336582462762359,1,
fov0,793,4850.583567531823,14293.78624566044,222.39264447041268,118.57467159062986,1.463019188350054,6049,0.8460036344987905,-1,
fov0,794,4849.152572706935,13627.740939597315,89.73703565190497,68.47045978496938,0.7860024740119347,2235,0.6463839935914917,-1,
fov0,795,4842.920841683367,9230.208416833668,56.115954546760555,31.088341039331407,-0.8207084600544391,998,0.8325154543140418,1,
fov0,796,4869.778428093646,7241.799331103679,175.0511841112427,20.484131314164816,-0.8909955108917762,2392,0.9931297994571243,1,0.8157968336693501
fov0,797,4979.031813799752,8056.319377496213,411.50033513357914,94.94052407277148,0.48603127961010517,7261,0.9730206657457201,1,0.39148865530377625
fov0,798,4840.435326842838,6718.420027816412,49.580578976892674,22.073344618443723,1.1201570777267715,719,0.8954304481563888,1,0.5782564152275881
fov0,799,4834.3448275862065,14397.586206896553,18.433160862221786,8.127683956787113,-1.4829428479523894,116,0.8975428184657255,1,0.9229703001097973
fov0,800,4843.812154696133,15877.220994475138,28.343001722267022,9.369757259915165,0.01575580532525214,181,0.9437763948783453,1,0.6581761633600449
fov0,801,4987.690134817034,20781.398245238604,332.50732517001234,48.822109249804974,0.703359421658955,4673,0.9891617154248903,-1,0.6599875132401419
fov0,802,4856.018867924528,7570.084905660377,25.874692319016518,16.00359668752589,0.2151314182721583,318,0.7857817723255958,1,
fov0,803,4880.074719318622,7455.31475029036,144.02061133109746,52.946408035703406,-1.3414606160906277,2583,0.9299718372024783,0,0.9598583696328492
fov0,804,4861.375722543353,5013.763005780347,20.46750093988757,13.229163671309518,0.6250579670748928,173,0.7630413021174224,1,
fov0,805,4896.212765957447,21924.30605564648,94.74648957021842,18.859697616253904,0.7231264488840605,611,0.9799884588747854,1,0.38398685123199444
fov0,806,4865.682634730539,15846.622754491018,27.308085253181243,8.246736573156657,1.243208746231048,167,0.9533114652072996,1,0.7368790346195024
fov0,807,4882.970976253298,15379.800791556729,81.46177522949955,33.518330978832104,1.467763766407698,758,0.9114274364664944,1,0.7620929589914005
fov0,808,4871.868613138686,7594.773722627737,16.69378384827943,11.017714859907146,0.04380885813242803,137,0.7512752017848082,1,
fov0,809,4923.530198776758,10828.270451070337,175.75941449011034,121.84437569631062,1.396679983965372,5232,0.7207017769450126,1,
fov0,810,4911.104631217839,12111.296740994854,83.50189130527023,18.214964226798376,0.1763108395249166,583,0.9759178567933848,1,0.09796175573407884
fov0,811,4929.835142469471,6986.364314789688,99.325588557133,24.68678850050401,-0.281208633625286,1474,0.9686205825448725,1,0.5935516133990549
fov0,812,5009.143660687139,6671.593037397385,311.235629286363,80.12980937631002,0.7185524495851208,6578,0.9662897409296252,0,0.4086913440987168
fov0,813,4919.646733111849,10951.73200442968,80.62409693603435,19.282305760924697,1.316856876163004,903,0.9709794181987172,1,0.28082881726697145
fov0,814,4916.201201201201,10716.309309309308,33.762149816537736,15.40773287898246,-0.9842193672966649,333,0.8897946493500323,1,1.0665347824391809
fov0,815,4921.3005464480875,5290.311475409836,46.14555643664718,11.969220138568017,-0.944213647782697,366,0.9657754274390901,1,0.6222281367502555
fov0,816,4932.787619047619,9237.307619047619,58.16456252662801,27.96467668010745,0.5744654722205019,1050,0.876838257253625,1,0.44839282936871383
fov0,817,4919.275862068966,15446.899686520375,28.65209594844549,15.319331896420975,-1.030113192540332,319,0.8450627995709169,1,
fov0,818,4923.318051575931,5437.214899713467,52.24827350838141,9.101845465642402,-1.0078519423888073,349,0.9847096280405465,1,0.7291594172580589
fov0,819,4925.625396825397,7967.003174603175,41.94281522883959,32.511427899325916,0.417745244553246,630,0.6317931890822136,1,
fov0,820,4962.46881091618,21702.459064327486,78.11329431652514,24.87226466713716,0.11761192941507316,1026,0.947952190133242,1,0.32467326906888816
fov0,821,4950.929824561404,15408.720133667503,97.95141088528071,22.501357316362064,1.129824481208303,1197,0.973256858663327,1,0.6539696512374148
fov0,822,5168.71512066365,11149.07327802916,697.4539791100661,143.13719968381923,0.35674311070454595,15912,0.9787141567669947,-2,0.2450733588177312
fov0,823,4954.254098360656,10899.643442622952,38.9877280688584,23.66095292799137,-0.8949845896611514,488,0.7947918966215402,1,
fov0,824,4950.2208201892745,21496.476340694007,37.14480497943369,16.9996622767458,1.1203021294689806,317,0.8891276866728559,1,0.6739891615417762
fov0,825,4952.589189189189,20852.513513513513,21.276199117301875,11.499173523975946,0.6337566915982751,185,0.8413624953979073,1,
fov0,826,4955.404580152672,20825.1679389313,18.528974707453962,9.159528114106537,-0.04001386814128155,131,0.8692712538749611,1,0.507831159712313
fov0,827,5013.177656675749,10951.030517711171,142.5942544205561,55.450595343132974,0.6936805483849797,1835,0.9212927328875626,1,0.23514726669705266
fov0,828,4998.39599170698,12735.732550103663,138.91929464064816,32.45480718934732,0.778330710549924,1447,0.9723271444638844,1,0.14919678287942667
fov0,829,4968.315942028986,5177.089855072464,51.60890018568945,10.72344302345038,1.5238461173934221,345,0.9781749833521354,1,1.1915753457406455
fov0,830,5028.315224994171,9401.056656563302,209.2903451398311,68.2226459101232,-0.7879011613845625,4289,0.9453796652619635,0,0.5998011172689045
fov0,831,4971.69298245614,15499.355263157895,31.451087138728607,10.153376016812901,-1.4247361024884202,228,0.946456733601556,1,1.2567301218630957
fov0,832,4975.40157480315,7003.2677165354335,23.208053462211407,14.167371709370467,-1.1647911153325463,254,0.7920542806502386,1,
fov0,833,4990.185185185185,12794.377597109304,63.62961953687242,29.001273888802178,1.047141168646524,1107,0.8900911273333783,1,0.23616221993120481
fov0,834,5001.207533759773,9047.038379530917,60.28120990073583,41.76733963222494,-1.4267511888751445,1407,0.721057777795505,0,
fov0,835,4993.662613981763,10490.653495440729,39.00575894320071,15.20398096201088,0.32909735095858517,329,0.9209045722618635,1,0.5397318318963534
fov0,836,5002.712598425197,7339.224409448819,36.70912261045004,12.03595239350055,1.2359163342518555,254,0.9447215984961469,1,1.0352805932552411
fov0,837,5009.222435282838,20868.282837967403,70.8301682897672,29.854221349043854,-1.539912495268224,1043,0.9068329596198984,1,0.9781181936550846
fov0,838,5006.985576923077,7559.149038461538,31.25418936369403,9.894131719591519,-1.1992162106857636,208,0.9485692262832672,1,0.9063045329167956
fov0,839,5030.685520361991,21337.676470588234,99.27106171255642,50.66700614373762,1.020568362800913,1326,0.8599427565218927,0,
fov0,840,5023.2698650674665,12214.307346326837,53.61388595913668,37.67543400935788,-0.20315618184269843,667,0.7114686505003909,1,
fov0,841,5033.934579439252,9291.375700934579,77.85677921096732,21.891036159328642,0.593582850618535,1070,0.9596578046958588,1,0.6071083367199758
fov0,842,5067.682041820418,9132.339483394833,132.72822244289702,21.03446438567455,-0.5320837766220408,1626,0.9873625556458555,1,0.5736815741745837
fov0,843,5061.22989571263,7317.460718424102,145.98655308784143,102.39402075505801,1.1406366077220242,4315,0.7127742597485326,0,
fov0,844,5035.074074074074,11947.548611111111,45.61996811531964,17.67893551297411,0.39791319173397344,432,0.9218586658021339,1,0.13675445030876734
fov0,845,5215.452124833997,10441.827025232404,467.4932737280665,157.95025730130908,-0.15405125150303203,15060,0.9411940890517785,-2,0.5665676626944699
fov0,846,5059.467708333334,10706.760243055556,306.9726307707507,72.01260140836648,1.4092694133692665,5760,0.9720944897671279,1,0.6940974795977892
fov0,847,5052.3670179789215,15360.407935523868,108.13211354425573,33.333752449813744,0.9971391629148034,1613,0.9512993073831026,1,0.4062673211449946
fov0,848,5065.350690754516,21603.29224229543,83.07270524080133,19.31426759490536,-0.35158635274050104,941,0.972596788679306,1,0.46310222441605
fov0,849,5032.783333333334,10916.216666666667,16.59145607441188,9.550987546250855,-1.2323133552562664,120,0.8176912852667584,1,
fov0,850,5064.871453387377,9498.061378112334,142.45621536297523,27.342567458524353,-1.094510404078578,1727,0.981407319038687,1,0.31634239646998336
fov0,851,5074.076625386997,21699.510835913312,78.38147732267686,28.57092449409382,-0.18966841134302537,1292,0.9311990133146701,1,0.3995813422772786
fov0,853,5124.0188596491225,21197.09254385965,173.04940623035807,28.39703965963168,-0.42252517093512176,2280,0.9864440621485704,1,0.6115033199955147
fov0,854,5052.726190476191,9272.690476190477,23.498251215295113,9.81518511069059,0.9432994622990778,168,0.9085856777168594,1,0.6151850756514186
fov0,855,5077.121212121212,11988.454545454546,52.92497486694267,11.812637451526992,0.4516055505407273,363,0.9747736094965417,1,0.13916514426717846
fov0,856,5139.739177783828,15353.766675741901,205.57910309099927,50.58380995046661,0.6994377413048699,3673,0.9692558136388307,0,0.31089224772098084
fov0,857,5086.963414634146,11076.056910569107,43.7017222164432,16.58890983590591,0.5017192771512408,492,0.9251531899205658,1,0.11505141599649625
fov0,858,5111.8045186640475,15255.138506876228,79.45758596230407,30.056561048043505,-0.4471022126574678,1018,0.9256945900544747,1,0.6367233923624783
fov0,859,5082.872483221477,15688.255033557047,18.77150737429194,11.292071406353832,0.7192384621061031,149,0.7988322963244766,1,
fov0,860,5181.383437131796,12058.132132637604,287.3531775278316,60.68919686023949,0.8360507387730335,5941,0.9774427131701904,-2,0.27706862739324434
fov0,861,5097.959420289855,11115.91304347826,30.397417111015418,15.946300047185503,0.48362780546347206,345,0.8513525852303822,1,
fov0,862,5280.894172736733,11092.24817898023,439.76036651641283,61.17139230771188,0.3438773665576927,9610,0.9902781079797665,1,0.2601782424469081
fov0,863,5101.541341653666,10348.185647425897,39.41918480567242,22.3454987538958,-1.0141027730874044,641,0.8238082128993498,1,
fov0,864,5107.558752997602,10913.402877697841,49.319392180314836,14.659215514624513,0.8608960663981335,417,0.9548058313120621,1,0.15305046915012038
fov0,865,5168.214663791414,21872.831405606743,245.0204531351845,81.13141045096846,0.6576700925500044,5101,0.9435883118765255,-1,0.5418609399810892
fov0,866,5110.3963133640555,9322.396313364055,25.553029955257674,12.19231511097224,0.08193743391011801,217,0.8788285222623526,1,0.4798441531283751
fov0,867,5123.926380368098,9290.398773006134,22.3144288877373,10.003662531990887,-1.3050239290739067,163,0.8938808246926976,1,0.8235116709617043
fov0,868,5141.201257861635,21822.50314465409,20.58678314563812,10.727688272609425,1.0767312273103953,159,0.8534981335383778,1,
fov0,869,5160.835205992509,15270.056179775282,39.91009689238915,10.51424469912797,0.3272246171321536,267,0.9646735333616131,1,0.3077801678100646
fov0,870,5174.5118483412325,5673.767772511848,62.46007268129401,13.304928419486457,0.4178119983640138,422,0.9770489428908158,1,0.7239666686938517
fov0,871,5197.13545816733,12766.26593625498,63.60170390995304,30.308567749403775,0.2519133130087273,1004,0.8791543943304272,1,0.35167711871013063
fov0,872,5210.34046345811,9544.287581699346,153.36832405572767,15.783708255461342,-0.7933218840494147,1683,0.994690284230724,1,0.08998037532571065
fov0,873,5192.56036036036,9490.47027027027,75.4077566518546,22.674142100081205,-0.9144911799414832,1110,0.953722836297377,1,0.06338313310998031
fov0,874,5214.951228733459,7908.087712665407,108.59050834655214,75.61222885050617,1.3320642206899942,2645,0.7177449916114426,0,
fov0,875,5189.62962962963,6079.026748971193,35.18211280081334,18.27668992814452,1.1535095630195695,486,0.8544776676817624,1,
fov0,876,5211.822335025381,13094.353154459754,57.65899092531253,48.16373293188375,-0.7480523731299383,1379,0.5497633890099659,0,
fov0,877,5206.320185614849,5046.264501160093,53.44349870177423,14.038158512317214,-1.2009531366876536,431,0.964884941501618,1,0.7347703752998159
fov0,878,5229.575363427697,21217.46442234124,113.47173600278387,55.4366307682217,1.0633400846082763,1307,0.8725358306144841,1,0.8287785081796553
fov0,879,5213.752525252526,4974.80303030303,30.325525295530944,8.897522293288212,-0.14716669757956066,198,0.9559896365177176,1,0.5743916683388022
fov0,880,5223.911885245901,11321.63524590164,54.25265771071197,12.235507776123912,0.5286182956561655,488,0.9742366250530382,1,0.29111772072616143
fov0,881,5221.092741935484,15455.350806451614,24.628953327414045,15.40271022052872,-0.5856782966570209,248,0.7803120438662503,1,
fov0,882,5246.9011824324325,12976.959881756757,93.20583096333112,57.86527225307057,-0.8790292573148398,2368,0.7839427051693131,0,
fov0,883,5246.343257443083,17647.5411558669,32.749413701753944,23.625093155935744,-0.536447534261211,571,0.6925292409746595,1,
fov0,884,5260.866407263295,17714.0635538262,103.40112796029412,16.5811061996386,0.7562047414636538,771,0.987059064499043,1,0.6418702522275465
fov0,885,5328.329534662868,12821.837037037038,214.4694017554249,85.59963297806485,0.6970999301389953,5265,0.916897471107908,0,0.3731346066922043
fov0,886,5272.110509209101,15463.426868905743,64.81584525588809,21.11596966595961,0.6305812033356207,923,0.945444203411708,1,0.11315977298589516
fov0,887,5329.372987783993,16758.472542527685,258.30283999490354,148.3841503086807,0.8205699576888169,8759,0.8185340118867751,0,
fov0,888,5260.317204301075,5091.779569892473,21.32931056433277,11.372767890980183,-0.7116423978325389,186,0.8459898256079634,1,
fov0,889,5294.309252217998,15645.158428390367,107.48168564170305,37.83341955323538,0.4429354990371193,1578,0.9360004681270166,0,0.15067305126602526
fov0,890,5284.927021696252,10961.065088757396,72.71299365930497,10.051784106011175,0.7612874208215538,507,0.9903988747281296,1,0.3702738297279131
fov0,891,5277.745901639344,10016.176229508197,38.78655478894978,9.037685539876389,-0.808063477077014,244,0.9724741510917279,1,0.2445749801158626
fov0,892,5297.739200863931,7181.902267818575,78.09866466158029,75.29711515015012,-0.5828323794817439,1852,0.26543748176795195,1,
fov0,893,5341.417440852223,16587.007679920724,372.98941202710137,100.53892663829814,1.0377016743221565,8073,0.9629866724793847,-1,0.681561777601934
fov0,894,5342.476976208749,12117.899270913276,200.12158992836734,107.94934104775851,-1.0108994254707582,5212,0.8420376447107351,1,
fov0,895,5308.349593495935,17641.060975609755,67.67006671396243,34.67814428419283,-0.35958679713671937,738,0.8587116095836944,1,
fov0,896,5327.394631639064,9429.86693318104,97.2289886677985,34.4209171317908,-0.9486202420624521,1751,0.9352382000816252,0,0.2754944514532174
fov0,897,5459.474344355758,11330.720511845939,397.3429239962303,107.68060223234407,-0.5574558404225152,7893,0.9625788727730423,-3,0.4549300046803763
fov0,898,5311.105134474327,17583.865525672372,32.68309923089872,16.82308891631046,-0.8301776456148523,409,0.8573501816319725,1,
fov0,899,5359.319589624468,13091.555942702284,180.5081025551148,112.80175990499211,-1.1383201983264017,5166,0.7806948409809057,-1,
fov0,900,5315.203448275862,11059.420689655173,33.394702623515286,13.82563476873032,-0.5973273918386808,290,0.9102737773616462,1,0.5163739653824914
fov0,901,5325.987603305785,15354.955922865014,72.30727784352037,14.050236698262133,0.9005900846704694,726,0.9809395994163496,1,0.37569847857720734
fov0,902,5355.342498036135,21897.786331500392,144.11612694074057,103.9718704702006,-1.1172110321816446,3819,0.692471659452885,0,
fov0,903,5565.1757739807135,12475.912535949923,601.9715187178218,76.72770688980465,0.5321473646338942,11822,0.9918436226351807,0,0.4381882354060219
fov0,904,5371.078702105627,9141.190196755264,367.2393751337701,99.1448947430485,-1.3568494271200866,8691,0.9628677563443221,-1,0.2565490761772961
fov0,905,5403.475272484615,7702.225253948246,387.07645757638085,163.81460141045005,-1.5267874223516844,13487,0.906031651319375,-3,0.8227524974262383
fov0,906,5328.239175257732,12498.035051546392,35.101530924582924,18.668324911466943,0.5873120790547528,485,0.8468461698942318,1,
fov0,908,5322.5077720207255,12458.9896373057,17.67708876688992,14.04340877269297,0.7565191992700342,193,0.6073409877966531,1,
fov0,909,5344.4429611650485,8908.84223300971,78.03037936498015,15.075662968641426,-0.9057357742821731,824,0.9811589070734668,1,0.32896547204444543
fov0,910,5335.9514563106795,7680.902912621359,55.85282465770414,16.92210391673421,-1.1214491418712726,618,0.9529979672539294,1,0.613320196516999
fov0,911,5390.599910793934,7235.902988403212,175.0174100079333,70.67562319428,-0.7959998691504915,4484,0.9148382260780434,0,0.5459932074935419
fov0,912,5348.377215189874,17517.06075949367,55.53045953876023,13.052840264206992,-0.9821147891047973,395,0.9719815134676235,1,1.0266671860434646
fov0,913,5343.603015075377,12546.27135678392,27.835472535606407,9.888795260509468,-0.6814328126595174,199,0.9347680024793054,1,0.6171143775097744
fov0,914,5341.356687898089,11165.936305732484,17.602531854883175,11.443548376042575,0.4294836153444266,157,0.7598417403502122,1,
fov0,915,5522.549347158219,15751.73713517665,512.6075666114065,87.57452054770344,0.7333585517508853,10416,0.9852985665403869,-1,0.42923160575643093
fov0,916,5348.673469387755,21706.946428571428,41.86954811793192,17.33008722782334,-1.2352997448796668,392,0.9103193006559032,1,0.8051242399759775
fov0,917,5369.661493695441,15734.547041707081,69.04493212725264,24.888721142403607,0.25791194809148577,1031,0.9327702786858788,1,0.17577234343464046
fov0,918,5349.782608695652,9663.797101449276,16.31832885024426,10.922994437032077,-1.382506901303243,138,0.7429294997750151,1,
fov0,919,5388.941682600383,8808.169216061186,79.77122665442754,24.576268004626552,0.2516041999612062,1046,0.9513590393536208,1,0.6344853959946202
fov0,920,5586.377651702022,16503.571287617167,491.0440679187374,144.07911985156642,-0.17717958652225319,16216,0.955985525695345,1,0.35595918482070443
fov0,921,5455.195905430872,8110.785677574097,568.7971491856119,235.4226299660682,1.5528975870589854,11674,0.9103243614409497,1,1.1054865427265332
fov0,922,5376.995555555555,8735.08888888889,76.79477419527511,34.02465873415515,-1.1269536525039794,1350,0.8964921794446254,1,0.395377506228701
fov0,923,5609.184960377676,9923.276049570055,625.0061521169052,315.8315865785377,0.09504084836743208,23724,0.8629287768716284,-3,
fov0,924,5390.216216216216,11172.986486486487,22.843903555650908,9.89675188157322,0.19281311703714504,148,0.9012815578779324,1,0.4895538507237857
fov0,925,5398.036585365854,17503.943089430893,106.14408355832181,16.502438560284638,1.421089331030255,738,0.9878402911438885,1,0.894683715450079
fov0,926,5401.948717948718,17758.054945054944,46.74816121837599,19.48077839196542,-0.6076072899598464,546,0.9090360268464422,1,0.7994897853417073
fov0,927,5397.615384615385,17697.304347826088,44.01108308019787,9.347530663817833,1.2061444344637866,299,0.977184898800063,1,0.7694610024108154
fov0,928,5405.206896551724,6119.514367816092,50.23928311239551,10.728296482621344,-0.889304733007354,348,0.9769334514095053,1,0.7228029322976318
fov0,929,5435.537424140256,14572.44133513149,108.13858370400435,82.56011677335862,-1.1829891669305692,2966,0.6458481873366897,0,
fov0,930,5466.049284049284,9345.609057609057,124.6895466546558,62.85529382544376,-0.6963431794362064,3003,0.8636485996397483,0,
fov0,931,5437.697138314786,21858.400635930047,78.68136959733958,31.84288687859539,0.9814482376867062,1258,0.914446493727563,1,0.7860256045425643
fov0,932,5435.999190283401,11909.040485829959,65.88573639235929,31.499202834533623,-0.8460952593031558,1235,0.8783117510319607,1,0.6664511332369878
fov0,933,5459.6336363636365,15111.604090909092,164.15565070168657,38.31882482663448,1.1436931170517823,2200,0.9723736508001354,1,0.4511372722394008
fov0,934,5427.218085106383,10429.13829787234,24.054618041346572,10.070488330847116,-1.5276429186097478,188,0.908147231860602,1,0.621524449774702
fov0,935,5440.019900497512,17598.60696517413,26.42051335088715,10.649359796153275,-1.2133241539135036,201,0.9151684262723128,1,1.2772274685268776
fov0,936,5489.074120603015,5796.401381909548,304.87379954314963,83.84757783737801,-1.5569227666922698,6368,0.961437393063609,1,0.7728482479130407
fov0,937,5453.353760445682,17520.91922005571,47.60204613933935,11.047366350995995,1.1532158387815845,359,0.9726972857641806,1,0.806210574481035
fov0,938,5459.1589486858575,17654.305381727158,65.51278386251501,20.97608302873981,1.5627316641366373,799,0.9473556954669687,1,0.8913372939080303
fov0,939,5452.937644341801,18639.815242494227,64.99149654968663,10.347116461542178,-1.4455727522620059,433,0.9872451855221254,1,1.0187960669678888
fov0,940,5469.334975369458,13933.064039408868,48.493975559998404,17.08773311651027,-0.3897449783864892,406,0.9358614626326397,1,0.751719331735608
fov0,941,5604.322430710966,12591.82079531761,413.08448772578026,31.084085726737648,0.6783532436307359,5809,0.9971647946405813,1,0.4877911788681947
fov0,942,5470.090322580645,18480.214516129032,99.4354701015328,10.817153177097662,-1.1506580970474238,620,0.9940652294096511,1,0.8924345985998344
fov0,943,5466.4466501240695,18749.032258064515,49.6806267618159,11.548642810723198,1.2208020698970032,403,0.9726065139651732,1,0.9112896783232517
fov0,944,5498.373890339426,21796.331592689294,92.390763951503,82.31886589302408,-0.4418758013857608,1915,0.45403101885239977,0,
fov0,945,5485.140504939627,11171.704720087815,59.03737037000164,26.410585827442635,-1.4272367662560905,911,0.8943571271154044,1,0.671131289526356
fov0,946,5491.806324110672,15388.164031620554,57.56963514686739,36.210557372258336,-1.459876381643177,1012,0.7774157437764143,1,
fov0,947,5473.2027027027025,5688.608108108108,23.64216091055747,8.297738496024682,1.1916562159095407,148,0.9363859225376086,1,1.0120629639446264
fov0,948,5482.039130434782,13863.347826086956,30.914016247248004,10.973401775877418,0.400510375964059,230,0.9348794922812744,1,0.6391998214043144
fov0,949,5528.789857474312,5148.1554524361945,112.65992645308016,88.23660509538352,0.05604783812345384,3017,0.6217547587624245,0,
fov0,950,5496.865525672371,16207.039119804402,44.10087248970172,14.050979796115152,-0.057703217177469346,409,0.9478858877337595,1,0.1133869018929417
fov0,951,5532.823235294118,13874.062352941177,220.03400782561508,46.95307134626737,1.540387925511909,3400,0.9769670823205312,1,0.9329341817358882
fov0,952,5524.0972762645915,9595.160311284048,63.14932904660315,43.74622199244821,1.3981806634490568,1285,0.7211850486732939,0,
fov0,953,5521.946808510638,8358.239361702128,28.700554415291645,8.872455005817544,-0.42058067065848054,188,0.9510169300068473,1,0.5344235481004208
fov0,954,5563.96983075791,7653.2700515084625,96.26865671794738,29.377504353944154,-0.8289572262668079,1359,0.9523005582551239,0,0.5963576048579541
fov0,955,5554.8772169167805,15872.890859481582,54.89979840022735,22.56264246029677,-0.05058295676769547,733,0.9116449899739314,1,0.2363920236803518
fov0,956,5554.3861386138615,16195.183168316831,24.980773298341806,10.70804693726166,0.009752449380543137,202,0.9034698985089444,1,0.10494061218962117
fov0,957,5568.299832495813,16591.365159128978,38.53100918868126,20.060975693945668,0.15433932990873517,597,0.8537732877127076,1,
fov0,958,5585.933544303797,9497.077004219409,147.27767018241266,56.46357221889607,1.419130735118772,3792,0.9235899669544948,0,1.209282495621387
fov0,959,5617.016260162602,5071.833333333333,99.88537830159008,52.695868693900145,-0.3932619119062683,2214,0.8495156682063237,-1,
fov0,960,5605.212520593081,15055.345140032949,69.49514159860372,50.58179800502728,-1.196713394077141,1214,0.685740053979637,0,
fov0,961,5673.347174163783,19217.4815455594,237.1466835125559,22.499234064104265,0.9548841084401344,1734,0.9954892166217486,1,0.11738659863430922
fov0,962,5635.543804262036,5747.191002367798,56.69362628958003,29.460012895458483,1.032838980023594,1267,0.8543881394562922,1,
fov0,963,5636.015673981191,6142.507836990596,43.91996004524827,9.59089016757538,0.9733702557080856,319,0.9758655968558075,1,0.9603802565558539
fov0,964,5642.552462526766,17265.264453961456,73.37507279435947,33.368841427409684,1.2483846507183216,934,0.8906085047034118,1,0.6990907218772439
fov0,965,5728.031016495136,18378.139010291838,393.4160187896736,80.84019502604572,0.8733431130243889,7093,0.9786607432229337,-1,0.6897158440168061
fov0,966,5679.063743218807,18588.107594936708,106.20053967909655,50.68087778120125,0.5627167390033962,2212,0.878784594556974,1,0.718158221848508
fov0,967,5677.679549114332,5661.592592592592,50.27915862533806,22.548368276785787,-0.35406351313166096,621,0.8938011381136359,1,0.560584038658135
fov0,968,5729.332345469941,15495.829805249788,264.354344673092,79.63819135848932,-0.6889202643842204,4724,0.9535434673140324,0,0.5175646602665264
fov0,969,5727.066777654458,5753.394931557528,187.26089402655765,110.00096058243889,1.414665043860715,5406,0.8092815954953713,1,
fov0,970,5732.273553719008,8034.020247933884,107.14957674882825,88.50982504829186,1.43453930528186,2420,0.5636116509444697,1,
fov0,971,5745.340418574231,7797.422171353826,187.32630082673808,61.73170917316276,1.2791108461276983,3058,0.944141241940432,1,0.7453879004089866
fov0,972,5820.631653799269,8183.526412027631,305.8756750117275,97.93072758080179,-0.0023760816893623445,4922,0.9473617496294703,1,0.440323364015917
fov0,973,5706.254180602006,17715.247491638795,38.22848620911514,11.635799345083393,0.10052166350857951,299,0.9525522547267851,1,0.5909789148252862
fov0,974,5704.546961325967,15440.6408839779,24.254758869992084,11.786086060538233,0.5374164118542879,181,0.8739983946069089,1,0.517915637342713
fov0,975,5759.77546955037,15586.838360842345,125.99748561097749,96.56037107417391,-0.5888575369675548,3514,0.6424024749731461,1,
fov0,976,5848.703446468353,21831.985060935658,330.18381486372766,93.5273144606979,0.10821718203059173,7631,0.9590436492213524,0,0.3602307496510178
fov0,977,5735.625,22093.29296875,52.831284024191845,14.55531302787907,-0.8880602284158639,512,0.96129947508854,1,0.5808434248403931
fov0,978,5742.700374531835,18297.239700374532,27.42207852663945,12.659015809037372,-0.8260852935933529,267,0.8870695006092659,1,0.6487658072304896
fov0,979,5754.47972972973,21564.420608108107,55.386681177052736,27.86148199475193,-1.1303921927900151,592,0.8642655904354619,1,
fov0,980,5746.837758112094,14857.935103244838,44.95535018670549,12.322243294124872,1.136783868253569,339,0.9617013111354059,1,0.27635805033114785
fov0,981,5784.240547063556,17199.3242156074,101.84681047067365,71.90246637839454,0.4551756143596712,2486,0.708225357656112,1,
fov0,982,5779.225553176303,18741.801570306925,76.788951267771,46.964261119347576,0.127352263141694,1401,0.7911657433157363,1,
fov0,983,5793.148564294632,7708.950062421973,90.34703065979085,45.04798147137731,-0.00809866059319824,1602,0.8668261258277105,1,0.4867613153471657
fov0,984,5795.997876857749,12726.565109695683,164.22433759329797,92.52525733755547,1.0100923258825112,2826,0.8261790100517109,0,
fov0,985,5780.125930165999,8095.439610761305,79.3807183366668,53.93338132280961,-1.3603203977799372,1747,0.7337433667006347,1,
fov0,986,5883.862852076655,19205.38791516061,535.6589317835426,232.850847332403,1.0071247029414707,14663,0.9005754030528175,0,0.18895015094168688
fov0,987,5777.342987804878,22248.333841463416,44.4739602875154,26.184363968364533,-0.3976389165488829,656,0.8083099461656761,1,
fov0,988,5794.679632248939,16512.27864214993,103.93587498374794,41.43241063723173,-0.8858095275366364,1414,0.9171099442541705,1,0.5963347975725751
fov0,989,5857.2832266706355,15019.863372525673,367.6697497465976,185.07182830635907,1.3434990401260438,13438,0.864074288329362,0,
fov0,990,5770.442857142857,12625.32142857143,15.8021335935846,11.721231495370104,-1.5505134512827345,140,0.6706765543457409,1,
fov0,991,5854.418564302754,18266.15332899588,192.4466248077175,70.08340896132232,0.1451943809811793,4611,0.9313322451568212,0,0.34487858697323215
fov0,992,5795.704791344668,21624.86398763524,61.600727543931754,21.593118994544817,-0.4367068506377766,647,0.9365501915071585,1,0.44367615852425984
fov0,993,5804.832521908471,17047.760467380722,163.38292087920576,90.69567781879675,1.4185422207121055,4108,0.8317761919167598,1,
fov0,994,5782.51282051282,5829.364102564103,31.30895182646945,8.23781963142869,-1.2261056231552276,195,0.9647647842248069,1,0.6500847807390729
fov0,995,5782.619047619048,15416.779761904761,18.92893841587041,12.07228541033902,1.4775546066007115,168,0.7702279015388819,1,
fov0,996,5826.782945736434,15983.61531007752,101.25386823183906,38.93651198679325,0.3745349861817125,1032,0.923106891840086,1,0.19833301859240124
fov0,997,5883.552105859335,9426.229379054681,542.2498887835568,192.27218890833447,-1.3104926716911,19422,0.9350248251750904,0,0.9448975235203364
fov0,998,5793.174013921113,19354.125290023203,50.89967531973604,14.82723933041044,1.021442162397313,431,0.9566307719653013,1,0.19419510790057976
fov0,999,5800.0168818272095,5187.641509433963,70.61321189311549,34.96259162622171,-1.2143445635296024,1007,0.868819934065946,0,0.7677911149747548
fov0,1000,5811.940389972145,21995.681894150417,71.10300901226235,65.40509175347033,-0.48096834350743023,1795,0.39223767083926586,0,
fov0,1001,5819.37140019861,6837.912611717974,68.96709526945845,22.22416818318472,0.057649739642016015,1007,0.9466569636769417,1,0.5686403520361761
fov0,1002,5810.611386138614,17148.668316831685,32.06373180732398,16.28514346894604,0.0075758719517907865,404,0.8614165142571769,1,
fov0,1003,5804.789940828402,5876.417159763314,23.144114393531282,18.880702230983985,-1.19130059575125,338,0.5783503546383216,1,
fov0,1004,5808.656108597285,15996.592760180996,25.543669846526655,13.260619140126245,0.5313904911177431,221,0.8546921106800742,1,
fov0,1005,5833.56514006225,15502.151622943531,119.2659210910341,31.41714749903392,-1.061638976526227,2249,0.9646809730963896,1,0.635641123653525
fov0,1006,5823.684684684685,8088.684684684685,25.697921305068732,11.870288502334162,-0.3850537959269508,222,0.8869235253777014,1,0.4740875451997612
fov0,1007,5981.047764960346,14316.4978370584,398.91734440411796,53.66755360555531,0.6522217209030533,5548,0.9909091116341104,0,0.5618574185983706
fov0,1008,5866.954647256439,18120.42497200448,97.3610414924158,36.055842401820136,0.16090050209829415,1786,0.9288997352095848,1,0.34377111536339905
fov0,1009,5893.615658362989,8111.350788002033,119.12709230213649,41.27237745090272,0.19601573816190557,1967,0.9380659708473887,1,0.4624968017961289
fov0,1010,5843.7531645569625,15578.930379746835,18.455497961674784,11.907360644234062,-1.1118933296497153,158,0.7640195119292424,1,
fov0,1011,5863.321829163072,6611.602243313201,61.78333355454967,34.828725470027116,-1.146407610225068,1159,0.8259634747288649,1,
fov0,1012,5874.737058340181,5522.625308134758,87.88927324616293,37.7100237626971,-1.0109456365710958,1217,0.903274628315605,1,0.6858190061786992
fov0,1013,5863.91796875,12811.40234375,26.940069137064775,18.06335851894437,0.9906099414155409,256,0.7419081151100425,1,
fov0,1014,5855.2037037037035,15532.462962962964,14.267186498005627,10.48731331643652,-1.2336090192766562,108,0.6779963470856888,1,
fov0,1015,5902.36856617647,18500.28370098039,125.5076882471038,63.736522093867265,0.644692107569523,3264,0.8614575284328637,-1,
fov0,1016,5860.148351648351,10560.192307692309,25.549659713211447,11.6121690372255,-0.9543635823122619,182,0.8907497588932857,1,0.8471791059182532
fov0,1017,5863.176795580111,16986.96132596685,27.35440673814363,9.261529581447025,-1.061115637403634,181,0.9409392590118121,1,0.7892703750411634
fov0,1018,5866.33628318584,10640.799410029498,31.539431658988146,17.076002114442474,-1.5454038058402295,339,0.8407538440869067,1,
fov0,1019,5920.15573423614,22269.62378332628,127.66772716413372,43.95477220639671,-0.04739686424545476,2363,0.9388632083281611,0,0.5847937354219748
fov0,1020,5888.844628099174,6517.64738292011,81.26786586728952,45.4197583976994,-0.8153301228152917,1815,0.829242127773215,0,
fov0,1021,5877.2421875,10519.1328125,27.85758913494007,16.174332272581424,-1.4357328146432453,256,0.8141834163439285,1,
fov0,1022,5882.110410094637,10737.958990536277,34.81661205658583,12.817495654966251,-0.1525640730556397,317,0.9297691404421504,1,0.5252623904057105
fov0,1023,5888.925742574257,18171.841584158417,20.097929197809034,15.858886408975232,-0.622212888015307,202,0.6142896523286723,1,
fov0,1024,5911.878306878307,22033.627645502645,67.59558429653147,64.28533186063248,0.9018498018906874,1512,0.3091029915080983,0,
fov0,1025,5899.657824933687,10598.864721485412,53.144594134492294,12.88226738354558,0.9425189295887727,377,0.970176312810922,1,0.5843206699142898
fov0,1026,5897.566666666667,13733.550877192982,73.77498766643761,24.277382467320507,-1.442852732147945,570,0.9443043625667363,1,1.2116625389685207
fov0,1027,5957.6447623666345,10673.470902036857,382.7327561968905,137.3265161287825,1.4319190905290962,12372,0.9334124512174571,-1,0.7995857610713921
fov0,1028,5904.775678866588,18590.663518299883,34.85971181262658,32.706157044746966,-0.5170609526303737,847,0.3460332653339378,1,
fov0,1029,5901.305194805195,13947.46590909091,82.05932770816302,16.726351250350174,1.5029670352217597,616,0.9790057941879741,1,0.8386351258103465
fov0,1030,5903.0775510204085,7860.073469387755,22.632903530366335,14.021328704029694,0.7898620590633489,245,0.7849881142926834,1,
fov0,1031,5938.864746399499,17320.421415153414,105.9477494449009,49.42654595745271,-0.3158946748610464,1597,0.8845116360481678,1,0.6047389859494031
fov0,1032,5932.4030172413795,18640.769396551725,76.67200373431555,35.47153918113473,-0.5266183572645613,928,0.8865462140738121,1,0.5732810191739932
fov0,1033,5917.611111111111,10868.337037037038,27.19246711282403,18.067544921928718,-0.8934332685625517,270,0.7473487380583745,1,
fov0,1034,6008.235288784114,11362.512195121952,297.724415744846,219.62503768648702,1.3525105878579917,11029,0.6751516499433042,-1,
fov0,1035,5950.278176229508,22361.94518442623,81.76955251360805,68.60384012882137,-0.5294435336789732,1952,0.5441467751357542,0,
fov0,1036,5979.489983305509,17508.354757929883,196.0285778296951,36.2371632720692,0.9506710070189063,2396,0.9827655174031853,1,0.363867918053868
fov0,1037,5931.294715447155,11455.036585365853,32.81468976296782,19.893937384464543,1.0027920751676638,492,0.7952733904814911,1,
fov0,1038,6006.402095671981,6607.531936218679,437.22131501029577,103.48956673627752,-1.2762540507642801,10975,0.9715831863406107,-1,0.696903102307725
fov0,1039,5943.834408602151,7844.60752688172,61.94846383741249,31.99221377041688,1.3823634845112098,930,0.8563277668016426,1,
fov0,1040,5954.071878940731,10432.065573770491,74.13437671658068,15.867459416233643,0.28982622972132743,793,0.9768256725751508,1,0.5978370886203482
fov0,1041,6211.9161424538115,14002.312942691564,552.1885652872778,162.33489218006923,0.1428494031047701,20189,0.9558101799075734,-4,0.5535554418639668
fov0,1042,5942.124711316397,6588.210161662818,30.14554657601296,18.34137294978895,-0.6723133236428555,433,0.793609628998407,1,
fov0,1043,6269.024727953509,19276.73458403214,866.3167907211946,133.50229753305376,0.38783959005967744,25639,0.9880547380451716,-1,0.19453171819852075
fov0,1044,5942.314917127072,15327.276243093922,23.88416847600209,10.628772822251545,0.09865381353714792,181,0.8955239559643323,1,0.3870996654762081
fov0,1045,5979.186725419994,5693.004131093363,127.11783444725562,88.89740519233195,1.400967982236898,3631,0.7147982656177693,-1,
fov0,1046,5995.636526946108,8806.67125748503,112.32853830615383,48.80977625149451,0.25387787076302504,1670,0.9006588347763653,1,0.41390914414332586
fov0,1047,5944.060810810811,8025.4527027027025,20.969155484049743,9.402966270133765,1.1400184836081975,148,0.893823507749143,1,0.8038437601088732
fov0,1048,5958.76897689769,10906.023102310231,33.90701205718122,12.532725514496603,0.09589745110289513,303,0.9291828199649298,1,0.5166789211678051
fov0,1049,5990.446109510087,8202.399423631125,129.88404042509976,49.66739288908471,-1.2717411782605954,1735,0.9239977248417401,1,0.8049998949808375
fov0,1050,5971.842803030303,11007.21590909091,74.82795925759319,16.890883281981925,0.623545618438833,528,0.9741900019666269,1,0.3883336234085001
fov0,1051,5978.001686340641,12391.80944350759,81.75842267414498,11.078039724144983,-0.7131560199806463,593,0.9907777252839199,1,0.5225829183289245
fov0,1052,5983.248023715415,8028.858695652174,53.01344354842238,36.23946396138411,1.3813348228208497,1012,0.7298661565806698,0,
fov0,1053,6015.2165193012725,10932.933146430882,203.03927081030824,91.5728402750915,1.5608937592111447,4637,0.8925186503416801,0,0.7227960693645697
fov0,1054,6100.684258251723,8977.428001450853,355.03364907922247,42.15396799038056,-0.4455836393174336,5514,0.9929262997580265,0,0.20194752616302705
fov0,1055,5977.412532637076,10390.574412532636,41.878345567621174,19.991602901273847,-1.2722732552489353,383,0.87870060771635,1,0.9604420214826135
fov0,1056,5978.5404255319145,19603.44680851064,31.283901271770606,11.83734345332823,0.5772567787391155,235,0.9256485118212441,1,0.18717778293943663
fov0,1057,6014.468173431735,17792.42527675277,133.49695434678395,53.80469051205043,-0.8402636396269094,2168,0.9151821060460378,0,0.6913896041478476
fov0,1058,5995.1434262948205,5371.482071713147,50.862083389181436,14.660468353566946,0.6752797024917099,502,0.9575583077760478,1,0.6506403467220084
fov0,1059,6049.167666466707,17673.584283143373,240.25144263809813,62.85259028700651,0.7998271274130804,3334,0.9651732042354827,1,0.42946422086643854
fov0,1060,5994.302857142857,22647.717142857142,40.22912605027456,11.959503645018161,1.436669788756334,350,0.9547888811156612,1,0.7891100603665457
fov0,1061,6027.503756076006,22675.440123729564,161.9804021947791,57.892864901898946,1.5458247003876446,2263,0.9339488861245356,1,0.8343435802068923
fov0,1062,6022.269889224572,6905.530715005035,50.1400601322634,32.59869629953108,-1.1793500685527893,993,0.7598035570144922,0,
fov0,1063,6023.486772486773,5409.9047619047615,21.08585910004172,14.441287724268387,0.6859572606090935,189,0.728655673434147,1,
fov0,1064,6053.203588143526,18072.508580343212,64.70555994125463,26.1759697208369,0.8003496080718003,1282,0.914520424699662,1,0.4795394642767762
fov0,1065,6039.617021276596,15016.83510638298,16.97354584811028,14.163555391355324,-0.7217395093752135,188,0.5510854364147135,1,
fov0,1066,6040.837037037037,10801.896296296296,16.451837639958093,10.629068309976315,1.21072507346556,135,0.7632766424868287,1,
fov0,1067,6083.4521126760565,12915.528169014084,94.72622290584266,28.819160487279603,0.5434288179761552,710,0.9525965789227137,1,0.8206546527176342
fov0,1068,6077.528761061947,22264.672566371682,46.3423636827557,32.869304858717825,-0.8173597859919532,904,0.7049356960087584,1,
fov0,1069,6100.305343511451,22732.05852417303,68.89483156062302,54.457363904013945,0.30355674317959175,1572,0.6125369775890851,0,
fov0,1070,6082.292517006803,5772.197278911564,31.26977851694718,15.691487955314317,-1.4123901301619262,294,0.864977867424829,1,
fov0,1071,6085.79,11470.87,18.12333712700767,15.419748745710013,0.5567225940246298,200,0.5254526946094209,1,
fov0,1072,6093.687214611872,14973.732876712329,41.14643110363923,17.520484325012838,0.9609436626299169,438,0.9048134879653126,1,0.5426120393231426
fov0,1073,6109.2333931777375,15464.109515260323,66.10745710823286,17.57142628979539,0.4947856047206912,557,0.964027926885297,1,0.5646095916298248
fov0,1074,6220.594168466523,17637.05129589633,376.99073668942896,130.06698404002043,0.42669975910552155,9260,0.9385976343233116,0,0.33051305069216524
fov0,1075,6143.583632019116,9603.90651135006,168.60549919147553,57.59310852334021,1.1298839481499046,3348,0.9398508879043254,1,0.9455425748269763
fov0,1076,6104.6080139372825,10959.952961672474,44.21305252542921,23.78199351780815,-1.1909797804336264,574,0.8430116472143554,1,
fov0,1077,6143.6051282051285,5481.831794871795,161.39551582687835,14.10766308179245,1.0395224830924017,975,0.996172376707663,1,0.531304131560225
fov0,1078,6142.634560906516,15318.477337110482,83.44735888155161,31.704409003446305,0.9364043992411117,706,0.9250139905514765,1,0.27223624362590565
fov0,1079,6136.727848101265,11434.658227848102,44.39536384619829,10.567334445490463,-0.5890917469218633,316,0.9712583215558918,1,0.5379961420718725
fov0,1080,6156.174684726763,18072.163007940217,166.05348533818284,35.05725153596933,1.187123709509232,2141,0.9774600987365456,1,0.33827675293454035
fov0,1081,6178.163479391013,15087.23013367991,501.92976852940876,78.85766070669045,1.4733827773235317,10772,0.9875812759988443,-2,0.7613322350673029
fov0,1082,6171.422760511883,16110.962065813528,161.44010707865877,85.39355520525126,-1.0605624481780451,2188,0.8486537213962397,1,
fov0,1083,6181.446,11371.001,122.73840369291804,27.767995730954063,-0.7802970224225412,1000,0.9740722347300873,1,0.5929949685337322
fov0,1084,6150.1889400921655,7132.73732718894,31.252226784014454,11.045826903820238,-1.5248169714426891,217,0.9354567144519194,1,0.5517347401926694
fov0,1085,6184.823671497585,8911.212560386473,61.04843217505872,10.457364540551287,-0.5179629990111978,414,0.9852195751930773,1,0.20787295003725423
fov0,1086,6182.372431506849,18747.12243150685,60.414444509553036,28.622582303832864,0.7620020700136962,1168,0.8806483418576123,1,0.3269173731729204
fov0,1087,6214.411409395973,17837.985906040267,156.78914372919039,73.02984188235052,0.4234872081824775,2980,0.8848985587501185,0,0.3450482459138378
fov0,1088,6313.672112211221,7101.5743399339935,325.63242690719557,147.69804324054826,-0.3441110487359612,12120,0.8912191801549577,-1,0.4500541212378864
fov0,1089,6210.797120418848,17622.649214659687,98.23867326225576,11.144063812752272,0.4849356557181637,764,0.9935450012914888,1,0.14213404495322385
fov0,1090,6181.296758104738,11309.618453865336,35.620200702740526,17.318540487494573,-0.5976956627323146,401,0.8738475781680052,1,0.5401369483152049
fov0,1091,6183.93470790378,10524.307560137457,30.422274252481273,24.51109061089232,-0.9715393182500489,582,0.5923298916855363,1,
fov0,1092,6206.630471380471,18068.098484848484,70.34211374339456,40.618831195607484,0.7740382126746157,1188,0.8164282875358216,1,
fov0,1093,6193.934911242603,10737.41124260355,43.89893342160545,10.969721241281835,0.012290174207722278,338,0.9682753089558274,1,0.5272384673425682
fov0,1094,6259.601796407185,16211.75876817793,190.23053075972038,48.18407499113695,0.7746982598799407,2338,0.9673895911661835,1,0.4214428051173772
fov0,1095,6284.5582160242075,8288.193000920932,276.99136584918483,109.7479921506896,-0.7095515035462173,7601,0.9181579818533323,-3,0.34104936867284186
fov0,1096,6194.894428152493,5574.190615835777,39.34101310511113,11.874469113994754,1.1513229867283286,341,0.9533603858120466,1,0.5591629823267447
fov0,1097,6217.8564102564105,14614.8,29.407809567394942,9.009145041026596,-0.2127994712333623,195,0.951918259970333,1,0.45243119423541284
fov0,1098,6240.798617966437,8946.428430404738,104.21657079405854,20.973348929647788,-0.7942674276060675,1013,0.9795403762687579,1,0.28738206183774906
fov0,1099,6326.55109947644,15800.81392670157,382.60160463288906,75.91208089267047,-0.8518007995772621,9550,0.9801190600103932,-1,0.20299683532838375
fov0,1100,6234.678966789668,5643.326568265683,77.33765817365162,13.525563790199795,1.4481220643674066,542,0.984588022958413,1,0.656664991853442
fov0,1101,6239.532507739938,16227.541795665635,45.29963685649729,9.548810204546674,0.5218816196997144,323,0.9775308934041741,1,0.35515318982346156
fov0,1102,6248.755805243446,22849.30861423221,54.617038799275186,33.265507293867984,-0.2328350142141081,1335,0.7931177710578398,1,
fov0,1103,6235.890322580645,11383.225806451614,24.085779952974015,8.682341277021516,-0.39980583011711135,155,0.9327685582453948,1,0.49828055697835527
fov0,1104,6257.4770755886,12797.583643122676,133.86087455715574,53.20616135180526,-1.5204840507710626,2421,0.9176136176538344,1,1.1563566391880014
fov0,1105,6247.135474860335,15677.529329608938,79.9733470303133,15.772861560022665,-1.03038285240028,716,0.9803579532080717,1,0.6316927927752726
fov0,1106,6253.321078431372,11310.77205882353,47.40398678532469,17.917810326573207,1.5459902044561897,408,0.92581331805632,1,1.0540258672588618
fov0,1107,6325.6751615218955,12280.801387891841,379.0777925502182,70.11698526049652,-1.193394923775572,8358,0.9827446810817699,-2,0.7413421533461233
fov0,1108,6285.613973799127,8395.96768558952,56.88759458687024,25.93124439548597,-0.49280758835364386,1145,0.8900653078273971,1,0.3250146101679946
fov0,1109,6274.6140350877195,8881.570175438597,14.850603483483276,10.035764959925254,-0.360684574772598,114,0.7371018890223449,1,
fov0,1110,6279.26455026455,14580.312169312168,28.47257388269715,9.187563873039895,-1.1697142632975055,189,0.9465077141869365,1,0.6091865144922531
fov0,1111,6305.043446777698,14788.068790731355,139.02666806135397,30.537561280992183,-1.1406579656206195,1381,0.9755781670623374,0,0.8700468401068485
fov0,1112,6333.242686890574,12915.964247020585,138.98661570039363,59.487238039807664,1.436533861456271,2769,0.9037754407394734,1,1.064076547600044
fov0,1113,6342.126425671757,17288.723564662672,204.73468705748144,88.92063339137266,1.0153771150251332,5173,0.9007580235830556,1,0.977511921537867
fov0,1114,6309.3466780238505,16787.442930153324,56.49709286055912,42.77405288697581,0.9802065011164179,1174,0.6532968741767833,0,
fov0,1115,6333.088780670538,12772.106012361866,212.46826733804357,103.36581958462588,-1.4910751857015718,5339,0.8736805569203927,1,1.1437732811340227
fov0,1116,6302.925531914893,12469.602836879432,26.537551514790447,13.609956698763236,-0.8097903705922619,282,0.8584743299730617,1,
fov0,1117,6317.55016722408,12510.209866220735,53.05444686861887,35.69734018330446,0.9806022431254421,1196,0.739784842233275,1,
fov0,1118,6361.247631935047,18627.923319801535,149.6556873174401,46.95355995113034,0.7592611089001281,2217,0.9495076414693528,1,0.3263711839621247
fov0,1119,6336.495283018868,11595.787735849057,54.397630713936394,42.40611919842733,0.4500453637934826,1484,0.6263297929383852,0,
fov0,1120,6385.230999401556,15313.215040893676,164.5484300754626,122.60817709610727,-0.4777522327230443,5013,0.6669314328523751,-1,
fov0,1121,6331.388111888112,11358.643356643357,34.13355748572992,12.356893236636274,-0.4496061711490276,286,0.9321718890885035,1,0.5370620429191827
fov0,1122,6350.541733547351,9877.239165329052,60.77684629393506,40.152427578391,-0.9526441239613013,1246,0.7506911088292127,0,
fov0,1123,6333.274193548387,8330.475806451614,16.094352649092738,10.386942099989552,-0.5235573864333098,124,0.7638633116203405,1,
fov0,1125,6353.918580375783,8172.002087682672,65.77015343838444,9.990036147431947,0.5129532981300358,479,0.9883969189014997,1,0.6673721792438373
fov0,1126,6355.589814814814,18831.508333333335,59.43702526736736,42.200915350822264,0.23284380490233708,1080,0.7041910326877401,0,
fov0,1127,6347.180555555556,8362.454861111111,46.59559163860589,8.291024004657809,-0.65054637915566,288,0.9840420977202788,1,0.3324132977472252
fov0,1128,6359.080196399345,11316.083469721767,49.773868274901865,17.9168117390823,0.2720092386787003,611,0.932966108344765,1,0.4206172234268752
fov0,1129,6350.915404040404,7217.469696969697,34.95449008269581,32.321208016786336,-0.3703154124094315,792,0.38078061080392606,0,
fov0,1130,6370.4787183165945,9364.784791965567,94.62053581000531,69.51158633754613,-0.6018241344475678,2091,0.6784622069533516,1,
fov0,1131,6368.546,14823.645,44.26771538972636,30.166987224019962,-0.4290972969274971,1000,0.7318488418238663,1,
fov0,1132,6356.220338983051,13938.025423728814,12.982229413391384,12.346550173528787,1.5510936534625819,118,0.3090842441964622,1,
fov0,1133,6376.486559139785,17992.467069892475,65.3119869320944,30.653832640242314,0.9749219138408519,1488,0.8830150538057417,1,0.15402788486783667
fov0,1134,6408.490909090909,22973.679338842976,127.03929179389736,60.557028156364964,0.19263232609229036,2420,0.8790771517863855,0,0.31609439610032447
fov0,1135,6424.134278432622,11385.768397578846,159.81601802092914,113.38614032637729,-1.050655407594679,6278,0.7047263776170904,-1,
fov0,1137,6402.976293103448,12057.7658045977,73.34909892516978,41.36576583464985,1.3254468218696314,1392,0.8258038936600298,0,
fov0,1138,6408.985940246046,22604.1230228471,49.34858056486828,21.009025051185002,-1.0535344526966302,569,0.9048516391147449,1,0.7975175435447639
fov0,1139,6440.859561752988,7792.285059760956,309.90503678435044,62.603793290129815,1.2141399151227927,5020,0.9793835410615479,0,0.6560152894493055
fov0,1140,6478.845806127574,10084.070818684078,138.71392694824442,24.21033891024174,-0.4536101582377936,1991,0.984651093629431,1,0.33744191015314456
fov0,1141,6452.023696682464,18740.865718799367,103.99529640557893,48.611586216711245,0.9833068613722362,1899,0.8840246732267275,0,0.3896256200075617
fov0,1142,6475.990716180371,16185.6299734748,151.97363491384326,56.54309801136986,0.7563769284780006,2262,0.9282092422193521,1,0.5725798506431669
fov0,1143,6456.577329808328,9425.308327825513,153.71184993248212,56.94093911861338,-1.1384862746593245,3026,0.9288566009364768,0,0.7322435164859473
fov0,1144,6436.203947368421,7053.506578947368,22.217861895182256,9.331067938510053,-0.570600704852464,152,0.9075331455162183,1,0.2983814255099889
fov0,1145,6471.652922077922,22781.872727272726,126.47649719417839,95.41013305817046,-1.210711028214607,3080,0.6564489414799264,0,
fov0,1146,6462.333854573886,18948.944487881156,80.69119587494151,34.88104072309776,0.7837638018300707,1279,0.9017403188560174,0,0.11114387325948354
fov0,1147,6464.3828470380195,16706.053050397877,116.2612171344843,60.74985489636687,1.3543491382123456,2262,0.8526215267133564,1,
fov0,1148,6510.040392156863,14557.27019607843,127.7599792096922,71.8057222544203,0.6335661837018961,2550,0.8271126927031066,1,
fov0,1149,6460.4410339256865,18024.565428109854,62.64643108521878,14.559278780679783,0.9777683921574031,619,0.9726193492374813,1,0.15462511261057954
fov0,1150,6461.46383363472,12249.93761301989,59.04676945566863,38.18257949609828,0.845019875483752,1106,0.7627870499276371,1,
fov0,1151,6477.690932311622,15656.051085568328,76.14135668595547,14.743582803468465,-0.6325259865537419,783,0.9810737663259513,1,0.19481048932171183
fov0,1152,6469.330935251798,6047.302158273381,15.86765257947727,11.658086988363928,-0.5737636224800233,139,0.678383780181216,1,
fov0,1153,6487.668058455115,14497.995824634656,47.10709720208979,14.417047612937335,0.13479730537362508,479,0.9520159821761993,1,0.48327509467007856
fov0,1154,6476.333830104322,11248.460506706408,42.92985158452394,25.558106857984832,1.2164538842007726,671,0.8034695873509371,1,
fov0,1155,6594.284675435782,11560.852636081703,360.9956055048094,90.8305148804055,-0.9687331502517316,9351,0.9678284122508811,0,0.44977239469658303
fov0,1156,6483.108597285068,9202.067873303167,33.08399724865901,9.50119447289079,-0.6365268066862511,221,0.9578754373581672,1,0.5655520506422274
fov0,1157,6489.6507042253525,14055.974647887324,41.87176625022032,15.814901095523867,0.6710033980680206,355,0.9259286597569809,1,0.2682335708928034
fov0,1158,6613.316987416728,10920.735381199112,316.46547859755844,44.08760153713237,-0.056768128309395365,5404,0.990248465455915,0,0.5608581498458833
fov0,1159,6535.313537675606,19610.7343550447,131.03949442819396,23.63553649306302,0.21657217840744772,1566,0.9835989123304592,1,0.18090042811558546
fov0,1160,6582.459992269038,12111.253962118284,235.90418306378675,34.8531568535703,0.17482565455683666,2587,0.9890258083697993,1,0.6572353124897022
fov0,1161,6504.151736745886,11314.749542961608,50.187916847255956,15.451943794162174,0.7574057680936068,547,0.9514246299452356,1,0.7243914621055696
fov0,1162,6503.1215859030835,11448.78678414097,50.61999160587573,29.187056407469548,-1.4085368158955978,1135,0.8170325899992003,1,
fov0,1163,6494.195121951219,17606.30081300813,13.87544278245069,12.033171848882883,0.22796918983482,123,0.4979113139648689,1,
fov0,1164,6497.884615384615,11360.552884615385,19.708943231903188,17.50362001091064,0.8674013061973715,208,0.4596397496996972,1,
fov0,1165,6515.424124513619,13509.381322957199,38.06084829717164,10.64696518104875,0.5564788689278489,257,0.9600771464725791,1,0.1552623409339102
fov0,1166,6510.964412811388,7985.053380782918,41.7480995144528,10.368567883902582,-1.2943556295613112,281,0.9686677411509015,1,0.8029399757502507
fov0,1167,6528.827230046948,11549.215023474178,46.99627429988376,32.56605399163767,-0.8037844689082756,1065,0.720985935190635,0,
fov0,1168,6534.383161512027,22636.159793814433,64.74456886552338,46.500287357058276,0.6088354795131128,1164,0.6958249685892498,-1,
fov0,1169,6521.350806451613,17397.520161290322,51.645527117981004,19.351599740266547,-1.4637106398311943,744,0.9271459481712403,1,0.7995264651111351
fov0,1170,6547.841201716738,16684.789699570814,63.55752236804858,52.07812788765187,-0.9036490980064086,1398,0.573242530732568,0,
fov0,1171,6625.955110608752,17511.857581139997,260.70457516335705,91.09033146540384,-1.04412706473716,6193,0.9369734415410105,1,0.6417266858715471
fov0,1172,6531.59375,12611.6875,23.201933585003513,7.776062815916939,1.3760681561722832,128,0.9421657825639257,1,1.2045829737696194
fov0,1173,6546.746527777777,7468.219907407408,40.909287461038346,29.232445807239664,-0.982794013121656,864,0.6995665364837436,1,
fov0,1174,6553.420903954802,11322.005649717514,111.28235144342064,23.272927898912116,-1.3421880155002583,1062,0.9778869836073621,1,0.9491537882763901
fov0,1175,6554.089430894309,22701.906504065042,29.02075430048699,15.139444725067037,-0.28575085106697423,246,0.8531433984488157,1,
fov0,1176,6611.520088462956,19874.241061555473,226.97611673789683,136.25964622344068,-1.508105023375061,8139,0.799755455821548,0,
fov0,1177,6608.5517832647465,7442.134087791495,127.37218004924102,79.93315055898829,0.6654345935973061,2916,0.7785715868259512,0,
fov0,1178,6644.630801687764,14964.025192355422,208.47730053447157,179.9562314446756,1.2062199905114728,8058,0.5048733912243374,-1,
fov0,1179,6567.247524752475,11243.287128712871,26.431239638851924,12.40572730347612,-1.199645808092769,202,0.8830076938201887,1,0.8877951276243827
fov0,1180,6578.309090909091,11392.506060606062,51.18555665399197,11.543353118739663,0.6243465759619866,330,0.9742385999326303,1,0.56072984908736
fov0,1181,6588.148969889065,13600.226624405705,31.936797104428372,25.938587039370415,-0.43321542429728405,631,0.5833999931993965,1,
fov0,1182,6952.620640331122,13905.843264958305,883.4594444571911,200.58124675099222,0.22567276940425243,32858,0.9738852717690557,-11,0.1137820893487158
fov0,1183,6584.654205607477,11336.177570093458,14.824636208072397,9.582858367274019,0.6933757373224263,107,0.7629865131968308,1,
fov0,1184,6600.252427184466,15502.99352750809,57.9953051209055,7.841686007982082,-0.731061906903559,309,0.9908166325617722,1,0.6091242104595513
fov0,1186,6630.496088657105,16580.673402868317,133.9213464333811,60.81246718374915,-1.3862367784336223,3068,0.890955351240996,1,1.0248635586705173
fov0,1187,6604.854447439353,10400.766846361186,31.324777537135887,30.51749936747404,1.1283461229332046,742,0.22556221172535826,1,
fov0,1188,6605.949748743718,11426.829145728643,25.27321106672666,10.229210010007142,-0.3183445912976013,199,0.9144295219168785,1,0.5280599353195423
fov0,1189,6657.748638838476,13705.89382940109,136.990182220484,19.593823998255196,-0.0333568874116712,1102,0.9897182286908169,1,0.2510688615767621
fov0,1190,6653.724867724868,13580.037037037036,147.3928741184929,26.69981336428546,0.6209830453325381,1134,0.9834559852520888,1,0.1766308072687445
fov0,1191,6633.147081122062,11174.802880970432,61.68564341859651,49.19953652772886,-0.9573239713410322,1319,0.6032067295506139,1,
fov0,1192,6663.993743257821,17331.574541531823,190.06463284732502,83.0811820588854,-1.133964924644169,4635,0.8994028623452393,1,0.6695216826376029
fov0,1193,6631.053435114503,19633.198473282442,35.438338206077816,10.611717073606256,0.42264787660394476,262,0.9541145917410712,1,0.07140752840589695
fov0,1194,6635.315569487983,15820.957157784744,55.13442479661718,23.76675831537524,-1.2579355891897435,957,0.9023188195692695,1,0.7908896005382694
fov0,1195,6639.399653979239,15905.575259515572,65.89752154530676,26.062844079340056,-1.495543746647648,1156,0.9184635305578082,1,0.8819468004411566
fov0,1196,6639.427165354331,11302.708661417322,67.7634772963935,13.683389380893907,1.1313551889687026,508,0.97940022924156,1,0.9324252255289468
fov0,1197,6648.136690647482,13610.093525179856,32.012003804552926,17.568813714545232,1.012309086219226,278,0.8359408441730531,1,
fov0,1198,6668.652530779754,9857.991792065663,51.06391280383109,25.260331137430043,0.6116382035105046,731,0.8690748093742803,1,0.6690872332829989
fov0,1199,6675.97383535418,7442.075303126994,117.95531989373352,30.9910827173546,0.9185169470184007,1567,0.9648678205155269,1,0.4100689528188997
fov0,1200,6681.910994764398,16266.105759162303,89.38718661265624,14.72427302612185,0.4112790905840231,955,0.9863395914663079,1,0.6669989993568831
fov0,1201,6738.938938406279,16813.063456166023,184.76688123447275,138.07946682271427,-0.16581638673418342,7517,0.6644674670987946,-1,
fov0,1202,6691.273972602739,22749.05079908676,71.4809311435591,55.39778500624629,0.19510499042278628,1752,0.6319601457985744,0,
fov0,1203,6759.947324414716,10345.364827201784,220.06412375674472,47.51344220266994,-0.526828614071315,3588,0.9764138746717139,0,0.21608393394539016
fov0,1204,6710.731404958678,10501.28453364817,77.56335679445542,38.13971403968506,0.03794668228231614,1694,0.8707514811929908,0,0.20230507293688937
fov0,1205,6729.7802621434075,15714.602929838087,80.5638038697538,33.52764167113407,0.12163039974442726,1297,0.9092902147444674,0,0.6435617107017026
fov0,1206,6707.275362318841,17855.332015810276,45.76132646718128,44.5215134985868,1.1423553467681722,759,0.2311969437094185,1,
fov0,1207,6713.691666666667,22831.075,20.314991377367548,8.038864817852367,0.22118756699439251,120,0.9183751047996629,1,0.44647355035888714
fov0,1208,6749.128099173554,6143.061570247934,105.12808617144954,41.15136717658203,0.7770731717848715,2420,0.9202035152637769,1,0.6733326051375947
fov0,1209,6720.719424460432,7511.593525179856,22.621106773286513,16.079200574898767,0.12550286660740986,278,0.7033889051573089,1,
fov0,1210,6738.590075512406,11833.05879180151,91.62497863317833,60.00910271592183,-1.2824409936541865,1854,0.7556786199331332,1,
fov0,1211,6766.267626199416,7591.719440967877,151.08512631889602,96.21937602241324,1.0176051136496223,4794,0.7709832818219527,-1,
fov0,1213,6780.744047619048,12002.811649659863,81.34029691409073,78.54170969823633,0.8402227293009097,2352,0.26005395598827685,0,
fov0,1214,6771.598908594816,15642.93383356071,95.6372399588663,44.2535615141133,1.5092479317299583,1466,0.8865028592840127,1,1.0576109418706328
fov0,1215,6819.245571834682,9716.990815657118,160.70893118006705,101.10579246517692,0.509872624597446,4573,0.7773052224126537,-1,
fov0,1216,6808.2349979018045,19756.982794796477,108.71669736464088,97.80560612117883,0.1571815291617526,2383,0.43663779302732525,-1,
fov0,1217,6775.981132075472,22780.454926624738,47.94368773841343,20.758111559405815,0.3467878125026973,477,0.9014090013935303,1,0.518037221230346
fov0,1218,6887.717343173432,15578.99606396064,252.1606771796566,49.38973381814981,-0.305932291617157,4065,0.9806306452855527,0,0.6615890954518657
fov0,1219,6784.246527777777,7051.538194444444,37.186182888745236,11.378480732054225,0.10442646004798005,288,0.9520357579342376,1,0.3911031097992374
fov0,1220,6787.214676889375,22667.013143483022,60.26146741795919,20.336906651570658,-1.5455017701288718,913,0.9413334921474721,1,0.7151225859392063
fov0,1221,6916.009264208088,18673.086941029753,375.180813693991,78.85866826043295,-0.5299479875444759,5613,0.9776608929386145,0,0.6352368653671626
fov0,1222,6837.002293577982,15492.00622542595,104.37958790518854,92.03879321563412,-0.5255905990992946,3052,0.47167955193426153,0,
fov0,1223,6815.96539110861,11651.259425998875,212.10884215297543,45.12692326746067,-1.3379843986290139,3554,0.977105878935619,1,0.5615852126604561
fov0,1224,6832.721482889734,13757.394961977187,105.12596028947156,33.552591463305184,0.3733442828653963,2104,0.9476989564483778,0,0.13194817563277433
fov0,1225,7042.163272793983,16508.746468537884,478.4770940832106,106.27929724480431,0.07521443706334925,10902,0.9750193526265065,0,0.591369756426506
fov0,1226,6842.50747986191,11440.138089758342,52.914699107387605,33.84538344563646,1.1348336368896195,869,0.7686899468982921,1,
fov0,1227,6866.6802413273,6999.138009049774,94.87321283584372,20.58697675463791,-0.486841046762915,1326,0.9761727997387861,1,0.3945205434358406
fov0,1228,6859.337152209493,9155.209492635024,85.23056967752656,54.66210670684801,0.829875610035534,1833,0.767253537388992,0,
fov0,1229,6848.271704180064,15967.930868167203,36.14113881216129,23.42795614397015,0.10423946629658644,622,0.7614402172710252,1,
fov0,1230,6858.118890356671,9900.762219286658,45.34533849432289,28.223134289267126,-0.013367943122671883,757,0.7826958989109072,1,
fov0,1231,6858.826865671642,9821.049751243781,49.83869068571636,37.45277129842758,0.5923625025500272,1005,0.6597560535460841,1,
fov0,1232,6859.820193637621,16762.0193637621,39.20677826292748,23.960972718135473,0.2647800243321191,723,0.791519719081618,1,
fov0,1233,6877.699241786016,14744.251895534962,50.70214069786216,34.5662216499477,-1.364210217993238,1187,0.7315845380536053,1,
fov0,1234,6893.967919799498,6473.797493734336,103.97936188000638,72.06554136747535,-1.1739982199346546,1995,0.720865065537996,0,
fov0,1235,6879.587662337663,23068.80844155844,48.8644003447898,8.799456782245645,0.04723727938883412,308,0.9836521341859477,1,0.08686456663266968
fov0,1236,6878.694539249147,16097.126279863482,40.36290551507754,24.66476456461754,0.29803797574418445,586,0.7915726634274893,1,
fov0,1237,6871.371584699454,7585.595628415301,23.444337722473808,11.159395108859252,1.0954324973280343,183,0.8794478110699148,1,0.6628051092353845
fov0,1238,6971.3694904657705,7578.448108783995,223.88828127232864,93.56117994840083,-0.4631738160931851,6398,0.9084965925411163,0,0.5760738089742357
fov0,1239,6889.751170046802,9025.45709828393,158.6343395533653,53.199868872167066,1.5604445550532846,1282,0.9420894781257887,1,1.1171756271091997
fov0,1240,6879.873333333333,10021.255555555555,33.589107257345105,17.820811860938353,-1.0033797329541807,450,0.847651573913007,1,
fov0,1241,6921.383612662942,14096.599627560521,127.17200867682313,65.25845769880743,0.5081715474313383,2148,0.858298279156384,0,
fov0,1242,6885.279475982533,17055.78056768559,40.67519069476574,28.937178032455034,-1.3634996760643063,916,0.7027662476706108,1,
fov0,1243,6899.763650546022,10287.45709828393,52.60091803613824,43.774367326219874,-1.482313411064442,1282,0.5544789008285063,1,
fov0,1244,6945.1516007532955,14303.404896421845,164.16751713634406,23.58831100844114,0.34906613650838003,1062,0.9896235615276144,1,0.24655217769038226
fov0,1245,6897.7,23100.058333333334,33.902047290548815,10.070919110568505,0.07221521859955253,240,0.9548590264925032,1,0.07842636455619276
fov0,1246,6902.111111111111,9768.87134502924,42.75790966514358,16.08386177025591,-0.853517555766109,342,0.9265542816015855,1,0.4077103387976031
fov0,1247,6913.911639762107,22903.966015293117,56.906715415401344,35.8474147059351,0.6942414295758531,1177,0.7766495268732201,1,
fov0,1248,6927.347701149425,9029.752873563219,103.80127829012979,28.40147321341632,1.3315995421278053,1044,0.9618396074069088,1,1.0224976310600618
fov0,1249,6971.274193548387,16825.620967741936,102.18053732528563,79.74550713652258,-0.26602556329838284,1984,0.6252339981383492,1,
fov0,1250,6993.0157992565055,9872.309479553904,162.2506831235869,12.651058415507672,-0.3334040486856211,1076,0.9969555260574794,1,0.33765829533230984
fov0,1251,7011.010595261028,10606.971103833557,189.70793203516024,127.22412972072378,0.6033904197443332,5191,0.7417905953098295,1,
fov0,1252,6967.835085413929,23269.99408672799,73.29618629438858,47.37476875220124,-0.1960740265849544,1522,0.7630436290042736,0,
fov0,1253,6951.538558786347,15284.029077117573,70.99400141799929,26.69737760854282,1.5561327523769337,791,0.9265988960887671,1,0.8329621581241914
fov0,1254,6953.952380952381,13395.272727272728,19.469120041901313,15.781645487831849,0.36090362023558215,231,0.5856018898365544,1,
fov0,1255,7080.620995789859,15343.080175727622,376.2501260679975,194.51635003563328,-1.2019684620729543,10926,0.8559933673153955,1,
fov0,1256,6980.195014662757,23091.00293255132,54.3872013360644,37.89526708859621,-0.17172535771916156,682,0.717296459628577,1,
fov0,1257,6983.551495016612,22579.696013289038,81.63829109939954,16.22661466079327,-0.4326576270146759,602,0.9800477270774985,1,0.5358312036255624
fov0,1258,6979.89516864175,22906.871467639015,59.93438757441023,45.68471913922749,-0.8047845825219572,1097,0.6472879954164241,1,
fov0,1259,7017.255463219452,13025.836565096954,150.07570592986514,67.49596322845024,-0.09298960566048796,3249,0.8931564514926328,0,0.30139083875736417
fov0,1260,6962.963636363636,13122.81212121212,25.800138634674592,8.564741278736921,-0.5871714128181654,165,0.9432917277448111,1,0.23150098220705723
fov0,1261,6972.937317784256,9041.206997084548,177.03855008568,26.097761394947863,-1.5589513643027302,1372,0.9890750450373191,1,1.14212378585849
fov0,1262,7115.138193440377,16980.652537858612,472.0591330573471,131.85154754420589,-0.08788358101431162,13141,0.9602005428118312,0,0.5192980066317687
fov0,1263,6988.848538529673,10024.770593445526,150.49973051368946,28.66158596521702,-1.1170327548537478,1129,0.9816982990397325,1,0.3894574614623768
fov0,1264,6993.016776075857,18681.075127644057,68.74798515065298,58.43914742128248,-0.5934476297217063,1371,0.5267038166474286,0,
fov0,1265,6984.161042944786,18986.17944785276,37.90284023199932,25.685982051129727,1.0692144245564825,652,0.7353572899431287,1,
fov0,1266,7000.432915921288,15256.725402504473,81.74238870744034,33.09294694108794,1.2837668660184236,1118,0.9143855999284162,1,0.7413555087651171
fov0,1267,7046.970054157375,18968.153870659447,156.52364879453177,117.48309339613853,1.564287103890916,3139,0.660782685900174,1,
fov0,1268,6990.3443708609275,20175.08609271523,36.27073753776654,11.810044419387786,0.3043185100466133,302,0.9455048346946874,1,0.28282622477409247
fov0,1269,6995.805785123967,13513.487603305784,32.024376552034,10.604004298559534,0.5466286225391849,242,0.9435876365811816,1,0.26096643244722467
fov0,1270,7034.733452995289,15082.763742427642,185.44801485777754,99.75157901424795,-1.231398720022014,4457,0.8430117783244941,1,
fov0,1271,6997.0137457044675,16774.90378006873,25.866335939823504,15.646593041180564,-1.1169179422836581,291,0.7963000805939559,1,
fov0,1272,7042.375933114363,14566.214392355927,115.00808779779719,78.98032089670873,-0.3246736063398422,3349,0.7269058763172835,0,
fov0,1273,7028.815985130112,14312.157992565055,107.14579200243608,34.81482854972789,0.8374356817764476,1076,0.9457382409899986,1,0.38172057551168437
fov0,1274,7047.226346911958,11617.24408672799,233.25824147918144,87.21279027470604,-1.1990868021777101,6088,0.927473286028972,0,0.46754906249050704
fov0,1275,7055.619842829076,23228.841355599216,122.82272888416091,26.0049071605394,0.05792021374385577,2036,0.9773288142331363,1,0.18708167016875643
fov0,1276,7065.502621231979,13630.576671035387,128.5158736210728,70.52568511917966,0.10735325400110664,3052,0.8359732281223888,0,
fov0,1277,7039.534285714286,15178.974285714286,102.02363967391685,19.007190066324725,-1.1931661070918038,700,0.9824925601372465,1,1.1688205398526013
fov0,1278,7049.227337110482,16866.45042492918,113.04753550220042,46.18365030803437,1.2305988240755117,1412,0.9127435440284299,1,0.9639685187134502
fov0,1279,7021.724137931034,14731.724137931034,16.04057073344369,9.971825717665114,-1.3821432581006319,116,0.7832850017409309,1,
fov0,1280,7042.846269404106,9407.466700050076,101.86636711197433,27.104189052816217,-1.269454818415307,1997,0.9639520713612678,1,0.6350307963487685
fov0,1281,7072.097477064221,13472.340596330276,123.87400516059117,33.59681025100027,0.011763299374982775,872,0.9625180590638636,1,0.22061875669940556
fov0,1282,7038.789893617021,20404.742021276597,52.25792895769544,10.663989701490587,0.7795087244679334,376,0.978957439153639,1,0.29341609770784755
fov0,1283,7034.994108983799,15353.144329896908,47.28574533993826,19.043431138496125,1.5229410805616492,679,0.9153184233059194,1,0.8208350191370557
fov0,1284,7330.075696609999,9608.05401871039,795.2316727669148,107.53309293179547,-0.4746967973318655,19882,0.9908152789310013,1,0.4500852475827789
fov0,1285,7060.838983050848,13387.976694915254,60.615375063399455,11.288072872521267,-0.3297381416292483,472,0.9825072036016724,1,0.29883748322395115
fov0,1286,7051.803353658536,18208.865853658535,48.43034470998323,22.99331711291751,-1.4123169604106194,656,0.8801094344881727,1,0.9646562402948771
fov0,1287,7141.377727042111,16156.481988838153,332.8425531570493,48.892600652125445,1.0484186277375327,3942,0.9891522275373895,1,0.6993543247579957
fov0,1288,7071.835,20444.305,31.264332905774612,8.605666037960018,1.2733723656491858,200,0.9613712333327585,1,0.5194286281924487
fov0,1289,7125.661700581395,8453.390988372093,166.8100915062984,81.50399475437656,0.1964977198818488,2752,0.872505941849638,0,0.45017090601769
fov0,1290,7117.506451612903,17662.031451612904,122.93486762245082,41.19969335614146,0.2741459664866231,1240,0.9421703598929904,1,0.6313926432740904
fov0,1291,7100.813765182186,14497.171390013495,86.40968325828833,19.554595314830017,0.617983052711718,741,0.9740574264666031,1,0.3303932796049502
fov0,1292,7078.95,14632.272222222222,22.681907758018838,11.897471407354741,-0.8474247155189308,180,0.8513884255328246,1,
fov0,1293,7104.298296836983,21722.523600973236,187.273442285008,52.33820300398301,1.0443196761973101,2055,0.9601530349703667,1,0.8594237860649101
fov0,1294,7107.734640522875,12480.871895424836,84.23475218211783,19.186757958386938,-0.34374071342009593,765,0.9737132722421108,1,0.5566552029010826
fov0,1295,7407.754839946329,16935.447191872725,654.2470406370714,102.32305267386178,0.29754015059699773,10434,0.9876940853855449,1,0.3143951054220778
fov0,1296,7099.748878923767,9064.38677130045,90.45623549739497,50.108113635528284,-1.3485700577837434,892,0.8325508050416305,1,
fov0,1297,7090.35687732342,6221.048327137546,35.18178203219636,13.955444194102254,-1.3200709968470266,269,0.9179626711517149,1,0.6999694528008606
fov0,1298,7106.490566037736,17705.471698113208,62.71066338251637,15.99268599552591,0.3256470556762204,530,0.9669348842110778,1,0.653543893355767
fov0,1299,7155.4155771905425,10342.797496522948,188.97651767899396,56.986806810325156,-0.25405900669845344,3595,0.9534487947688282,0,0.23374746882551092
fov0,1300,7117.455488331892,9504.554019014693,62.2605467218929,38.11830108962213,-0.5342837659920902,1157,0.7906731759257087,0,
fov0,1301,7116.09300184162,14895.357274401473,38.963263592158725,35.755978669787886,0.7833623338870257,1086,0.39731016301514477,1,
fov0,1302,7128.145721925133,16191.17780748663,159.17924384068777,20.95908280450457,1.0214780248131772,1496,0.9912936451390507,1,0.6857852147701887
fov0,1303,7175.273161611965,10178.214167012879,181.76088749153993,77.64079566770708,-0.11773503678701859,4814,0.9041765337031941,1,0.25820131718903694
fov0,1304,7119.072580645161,16909.282258064515,16.586861622644147,10.855395023481798,-0.5815875182142188,124,0.7560988407583084,1,
fov0,1305,7212.64191227663,6858.25736829891,347.41764333188473,129.51421486841386,-0.8852118683197674,8618,0.9279152846448973,-1,0.42631611481083576
fov0,1306,7164.963797264682,8053.3483507642795,112.11719251640032,70.77650762768272,-0.4919581985878032,1243,0.7755610546549434,1,
fov0,1307,7164.098569157392,18102.69316375199,85.51484743657993,71.98227065952206,-0.5009563937812253,1887,0.5398648231042301,0,
fov0,1308,7143.2629246676515,20330.94682422452,39.84033776150655,25.553217560010744,-0.44592343287868347,677,0.7672145182021408,1,
fov0,1309,7148.882034632034,9548.0,53.90168154334546,35.58534543153797,-1.3560029102687803,924,0.7510987309857668,1,
fov0,1310,7143.889655172414,16740.579310344827,32.266994069265294,14.966886947898285,-1.4797893459084739,290,0.8859163207172914,1,0.9382946565564741
fov0,1311,7177.804102134784,11099.845960652992,88.89322100758442,67.2171493601882,1.2593767287055284,2389,0.6543913092824716,0,
fov0,1312,7173.298006295908,18675.043022035676,49.27483104052024,35.10017271320619,0.18204875760498015,953,0.7018399063700506,0,
fov0,1313,7191.0775323051275,9394.94330971238,114.58075695947831,28.433368272110453,1.0893104154230018,2399,0.9687212772070202,1,0.9708851137232013
fov0,1314,7174.859097127223,12242.214774281805,46.13988836651101,23.741488557222446,1.4087979857657158,731,0.857457658430609,1,
fov0,1315,7179.321428571428,17007.54910714286,34.40938251599839,12.745415120834576,-0.8725621833777292,224,0.9288702644943293,1,0.6748220861273874
fov0,1316,7182.570175438596,20103.871345029238,38.74391447652358,13.316369544850366,0.5951678388224949,342,0.9390786877040617,1,0.2103116615610234
fov0,1317,7232.776179056755,8755.2414068745,128.8942617086347,45.498128462556785,0.08464961560011229,1251,0.9356278466444244,1,0.5206358993384131
fov0,1318,7208.961668545659,20080.15107102593,72.98549302545301,27.057889149496017,0.4786352554558696,887,0.92874081287753,1,0.16873773534672076
fov0,1319,7181.634453781513,22723.084033613446,33.150536355233605,12.239941930734117,1.0906185930729173,238,0.9293408115753625,1,0.8937791388681187
fov0,1320,7183.363157894737,12175.368421052632,24.27973778138431,11.132778871431134,1.5373853095732761,190,0.8886833767789544,1,1.0180625621125976
fov0,1321,7215.036639857015,16321.662198391421,75.73072363974553,42.695300929021606,-0.0774035643768259,1119,0.8259265038732458,1,
fov0,1322,7238.515241320914,12827.047840812871,161.20407227817415,24.628676156774393,-0.6331503763126171,2362,0.9882603032808293,1,0.32356706132707275
fov0,1323,7231.217430368374,6241.624438454627,95.59173958638695,53.30648858593568,0.9569092127847135,1113,0.8300779095501488,1,
fov0,1324,7209.133603238866,21636.696356275304,19.90092305107704,15.855309927282498,-0.3002827775850681,247,0.6043587766837922,1,
fov0,1325,7215.407239819005,16851.995475113123,33.081474711081384,10.139891451265482,0.06446042176756041,221,0.9518665754108044,1,0.5388533065710982
fov0,1326,7246.237406920718,18255.64038545773,97.23281745912466,49.188523444388544,0.03331720879764169,2283,0.8626015370182053,0,
fov0,1327,7269.502896871379,20725.172653534184,118.80263713044748,35.30645199300004,0.22793949414697484,1726,0.9548196814667896,1,0.377269114933887
fov0,1328,7224.927272727273,12130.463636363636,16.244969292109527,8.800552995635949,0.07336820701610124,110,0.8405459834015844,1,
fov0,1329,7342.965212084224,11518.203844980164,212.12864955844336,109.7632369481437,-0.22371511817986076,6554,0.8557212335356432,-2,
fov0,1330,7321.543880740563,13731.959605674441,218.91766902168285,37.60067088260954,0.1434266402108516,4159,0.9851393240311561,1,0.12350176151812309
fov0,1331,7252.97598719317,23248.345250800427,76.11809636119654,62.36638663968899,-1.0759061822210214,1874,0.573311940160421,0,
fov0,1332,7261.417982456141,19946.244736842105,101.97306056929051,43.511250845518695,0.3798187377603527,2280,0.9043962538822522,1,0.14751132366981204
fov0,1333,7231.752427184466,11606.771844660194,23.923337167575596,12.716329833387361,-0.9377325174999773,206,0.8470300654042652,1,
fov0,1335,7262.316209034544,18325.707705934456,70.88670375870697,43.125113432315025,0.024234114908851176,1129,0.7936560338687468,1,
fov0,1336,7249.287045666356,10521.27213420317,59.29991109036636,31.333749991535427,-0.9400663689035014,1073,0.8489989380158061,1,
fov0,1337,7263.234010534236,20194.618510158012,69.85726480668158,58.5215076377889,-0.38997331139903657,1329,0.5460850649935338,0,
fov0,1338,7237.15811965812,15027.888888888889,19.053392519844127,15.691297819051238,-1.5210255951286735,234,0.5672531017494113,1,
fov0,1339,7278.157813305827,11675.426508509541,132.7799614979922,102.76826689412825,-0.18479061811479527,1939,0.6332171109097962,1,
fov0,1340,7245.617100371747,21575.39405204461,21.07170483886467,16.343451878091876,-1.0775511049877677,269,0.6312108589869371,1,
fov0,1341,7278.255033557047,19089.91677852349,43.85160724161472,22.612414666902332,-0.5507336354219659,745,0.8567947459731184,1,
fov0,1342,7282.403278688525,12501.383606557378,40.64913048147156,11.82951772795289,-0.6745159753024047,305,0.9567184078785094,1,0.41310208473885307
fov0,1343,7295.459090909091,11809.075757575758,78.89036309097601,19.04057568198572,0.4047827115810967,660,0.9704369182612091,1,0.5344064206741438
fov0,1344,7295.209452201933,20350.499462943073,62.56959814070528,19.99505206079727,-0.15526370999004133,931,0.9475643655194363,1,0.49242867178194694
fov0,1345,7282.931034482759,16856.7816091954,21.595821873766216,12.343721963633703,0.22815989594959016,174,0.8205469220470728,1,
fov0,1346,7300.814359637775,17925.574385510998,72.23466045624417,55.88060461772762,1.1458200845934647,1546,0.6336764133789865,0,
fov0,1347,7308.9151215492375,20638.296662546352,102.26606585993413,55.799406547896695,1.3754224867519775,2427,0.838026366447957,0,
fov0,1348,7527.2965423944615,7444.52007321052,865.7377339742575,233.83720542928464,-0.8827358751103352,25133,0.9628318073775154,-1,0.12416437304655055
fov0,1349,7337.191827468785,8723.081725312146,108.40556691172375,25.669170860302625,-0.17644334876750856,881,0.9715612676440222,1,0.37303553658952054
fov0,1350,7305.700440528634,21289.46475770925,49.266577049298085,13.349283316386769,-1.3608110055338525,454,0.9625905416181135,1,1.2213533972239348
fov0,1351,7321.957050823193,21954.556191839656,92.08577614937516,44.45828657642971,-1.3359586976788504,1397,0.8757349908737174,0,1.2345768146599294
fov0,1352,7348.679151061174,11737.625468164793,100.55986233218066,14.259845608903014,-0.25431443683276117,801,0.9898946766074931,1,0.28907188869885436
fov0,1353,7336.906108937706,13505.194101715317,125.15146863515055,91.4593232635736,-1.2742141897531567,3323,0.682603369317498,0,
fov0,1354,7424.610445948291,7843.631875759153,338.93773882449904,249.9324636286466,0.37741210268828274,11526,0.6754570444848786,-2,
fov0,1355,7357.18669527897,11243.116833571768,224.76487128054524,58.86174661747193,-1.03209619787619,4194,0.965100054377907,1,0.6823057725120518
fov0,1356,7339.144030322173,18697.63676563487,83.44685674938225,57.56605480173324,0.46129983982362693,1583,0.7239495826583848,0,
fov0,1357,7357.283931357254,19146.795631825273,117.17315773853569,106.22180892314644,0.3560320758729467,3205,0.4221262540791183,0,
fov0,1358,7354.492537313433,12883.59535655058,87.58029325887892,17.31362019904983,0.4764258740558839,603,0.9802648834067985,1,0.685241537061476
fov0,1359,7335.274891774891,13147.82251082251,46.528902236596686,13.711850239389014,-1.0210757099791545,462,0.9555912630233159,1,0.7501733560431945
fov0,1360,7346.39696969697,8784.49696969697,34.4129511233759,18.227269395535448,0.9069918053507976,330,0.8482081292710383,1,
fov0,1361,7354.122156697556,23119.520640269588,39.84127617523374,38.30823218728707,0.9890529206757547,1187,0.2747306996795244,1,
fov0,1362,7423.291740338469,17023.376610255116,184.41084406678127,69.81250884409965,0.5354622400268833,3959,0.9255724512802721,1,0.40082547409248465
fov0,1363,7386.128540305011,17161.05637254902,130.41269246733975,78.29473984682626,0.7187972191668505,3672,0.7997288614399443,-1,
fov0,1364,7366.667938931298,14323.797709923665,35.74057458898589,10.712480585373857,-0.4550237698895122,262,0.954024438260062,1,0.33321860744951376
fov0,1365,7365.969543147208,23295.76649746193,30.785209916519403,8.756890195665367,0.35318565509451255,197,0.9586905180559003,1,0.4328893133344117
fov0,1366,7365.376770538243,17669.679886685553,41.449185659620156,13.704398014171076,-1.0652021469072828,353,0.9437600041563013,1,0.5729961922322022
fov0,1367,7373.986940298508,20376.517723880595,62.761644888366945,40.059818663605625,1.1863068683715527,1072,0.7698001136147775,0,
fov0,1368,7403.399857954545,23046.316761363636,102.32299169445625,22.97406567114864,-0.6294608071636505,1408,0.9744683381724543,1,0.49798197397025395
fov0,1369,7376.220700152207,7583.987823439878,51.74792544476959,21.8051569884443,-1.0386540993308586,657,0.9068876152201505,1,0.13873980818298365
fov0,1370,7392.54954954955,10411.074646074647,58.15306302228433,19.61817394145082,-0.06302263991617058,777,0.9413778277903612,1,0.34318096985198226
fov0,1371,7371.666666666667,7985.85,15.579999415738566,10.439947657650146,0.34986884070709806,120,0.7422829985276607,1,
fov0,1372,7421.816326530612,10209.162637362637,108.45970066192348,67.8827045927976,0.43575672976375646,3185,0.7799197623095478,0,
fov0,1373,7382.676923076923,11844.809230769231,31.734862412909255,15.221846918493545,-1.0835479273879558,325,0.8774561084531584,1,0.46374954583777767
fov0,1374,7386.789115646258,10762.534013605442,38.06175112094563,12.336064105213422,-1.1288130449250504,294,0.9460205720527138,1,0.41109889245990117
fov0,1375,7402.7040816326535,8142.426020408163,56.48337356988351,9.217168010475396,0.29275252607554775,392,0.986595696214099,1,0.5938812105577362
fov0,1376,7408.33817903596,21604.92425401683,145.1655606641128,43.97315321673373,1.552886275671522,2614,0.9530168604875742,-1,1.0390305288981212
fov0,1377,7402.761904761905,19026.902494331065,26.159957852470956,21.54031599333996,-0.757954895297374,441,0.5674499344263613,1,
fov0,1378,7405.376582278481,7764.398734177215,36.18017294382726,13.272411943363077,-1.263346280426764,316,0.9302832078745907,1,0.7816778803154072
fov0,1379,7438.996138996139,21313.738899613898,140.32522065170687,36.60595938096743,1.129030254054648,2072,0.9653752507850988,1,0.6521880959925863
fov0,1380,7419.995535714285,6314.401785714285,30.473634200302552,12.00547935079966,-0.7281329768917297,224,0.9191263699306986,1,0.40985792058991877
fov0,1381,7517.281238875044,23201.582235671056,243.39820268761162,71.67992527891943,-0.47472826157655523,5618,0.9556525497293655,1,0.25979518068623514
fov0,1382,7692.377232296766,15482.97552230573,690.733082212444,125.60848505383672,-0.2851472906681185,14503,0.9833266373199071,-2,0.5056070084139872
fov0,1383,7533.94801750431,10786.272245060336,254.62871017903544,87.82623342632432,-0.4911550807356667,7541,0.9386325211975304,-2,0.30132845691836574
fov0,1384,7445.993993993994,16972.37237237237,26.672627822785348,21.747330032184212,0.8170343384178796,333,0.5789787780294909,1,
fov0,1385,7449.704761904762,14380.542857142857,27.565411567245697,11.582427218668343,-0.07102790638640383,210,0.9074409036476732,1,0.20197829576050735
fov0,1386,7466.618257261411,21997.547125074096,132.2563931775815,25.374846750456687,1.3740607646567218,1687,0.9814221050434675,1,0.7255888189192669
fov0,1387,7459.7430939226515,10571.720994475138,25.88235559429033,18.12116821505606,-0.16692010053352294,362,0.7140095373632993,1,
fov0,1388,7466.806053811659,22968.87331838565,38.59643178141591,30.024868267750843,0.24481939016044676,892,0.6283655086307305,1,
fov0,1389,7489.896863691194,20573.955971049458,136.4092713210445,29.826692107970896,1.214501521492507,1658,0.9758020275721581,1,0.46033228855924313
fov0,1390,7473.006910167818,12755.076011846002,38.00449248657765,34.0492021245193,-1.3586826236584097,1013,0.4442039084092303,1,
fov0,1391,7507.020900794819,12195.382690609362,120.70680813262942,69.7525309234949,-0.648828634276588,3397,0.8161306594036297,0,
fov0,1392,7509.769480519481,12401.435876623376,122.75927089620815,42.10313484583658,0.7450609003480536,1232,0.9393452042291504,1,0.8063460362038422
fov0,1393,7475.179012345679,11388.104938271605,16.77430852337226,14.821000278402336,0.8701470934242395,162,0.46833009575002593,1,
fov0,1394,7492.623853211009,14066.333333333334,51.93724826977602,8.41056256203621,0.10185035313438678,327,0.9868010972862825,1,0.16677765275852718
fov0,1395,7517.519159456118,15393.788627935723,87.93005014781757,13.548280001483786,0.3729774324431715,809,0.9880583439029228,1,0.5205571481107282
fov0,1396,7489.397504456328,12524.155080213905,50.099647258947385,19.600195109930638,-1.4510053147859092,561,0.9202953952650602,1,0.738728103722162
fov0,1397,7525.310393258427,14380.512640449439,91.05605517585062,12.98370511124044,-0.04557414883758305,712,0.9897818054297356,1,0.30834389758600333
fov0,1398,7521.968056787932,11078.910381543921,64.41797765184651,26.395129088831112,-0.21956376863989546,1127,0.9121988180142838,1,0.5203897726175645
fov0,1399,7503.314255431903,19062.282988871226,120.96503751143435,25.42898443049657,-1.440944753778812,1887,0.9776546142671841,1,1.0751663038206833
fov0,1400,7591.463153091489,17077.082135523615,194.67080207357927,84.01134550017319,-0.02094998176311282,4383,0.9020861658439522,0,0.22523908522106734
fov0,1401,7535.917820069204,11379.65311418685,60.47088191022598,42.20341670317315,-0.11625927827438932,1156,0.716182515869298,0,
fov0,1402,7579.963894712322,12821.95294665735,187.8247706534473,146.85307714845374,-0.09956173568828484,4293,0.623451356454759,0,
fov0,1403,7591.319729072595,20746.042549496353,207.93095038767515,148.50951524133328,-1.295256106350181,5758,0.6999160150773178,1,
fov0,1404,7594.746108949416,21594.507944228277,177.38661157566682,123.63129963690417,-0.27314375607475366,6168,0.7171104052736348,1,
fov0,1405,7519.857317073171,22808.919512195123,38.14214287395361,28.518307999894414,-0.2722527032101661,820,0.6640535704989031,1,
fov0,1406,7540.925311203319,11788.901798063624,87.31558892165687,12.642066038671208,-0.4884009762796092,723,0.9894630076212948,1,0.277755529009492
fov0,1407,7531.0878210439105,12042.427506213753,55.090160935821444,44.48208901123356,-0.1751852636945416,1207,0.5899474755159461,0,
fov0,1408,7552.976895734597,16821.785545023697,76.21876030718718,41.68004706706295,0.2921627568321132,1688,0.837232159678545,1,
fov0,1409,7567.077359829666,21037.612136266856,126.1168512099225,76.89780227143261,-1.060480213018991,2818,0.7926056846058132,-1,
fov0,1410,7554.339425587467,20925.454308093995,66.96971467962264,29.198406833674422,0.4813808937832884,1149,0.899949477483748,1,0.5252867720107732
fov0,1411,7554.108905579399,21246.37339055794,85.46695913837165,65.59120267617712,0.00699950931053126,1864,0.6411146172982393,1,
fov0,1412,7543.464008859358,11229.044296788483,74.80007299566923,27.068551541766798,1.5236910842916687,903,0.9322251993455705,1,1.1159377801826507
fov0,1413,7606.0179185520365,14566.746968325791,194.66242131581635,100.81698740788697,0.07805474269951805,5525,0.8554370633619474,0,
fov0,1414,7561.121593291405,13293.542976939203,69.62650673123426,9.556672546070022,-0.38789800681436765,477,0.9905355745612737,1,0.5186417526182517
fov0,1415,7572.621021465581,8708.56772760918,70.90535216092549,59.52968011690721,-0.04372596692597956,1351,0.5432586351105119,1,
fov0,1416,7555.532573289902,11150.315960912052,54.527109727348915,25.315100134269098,-0.9517020471568424,614,0.885695654043042,1,0.6541252635845043
fov0,1417,7546.1875,22859.660714285714,16.532638439018427,8.967183875267287,-0.397357949049537,112,0.8401250277530806,1,
fov0,1418,7564.466076696165,6587.058997050148,46.42168186712686,16.460481458412566,0.4379833915397865,339,0.9350233810998653,1,0.6147662251440874
fov0,1419,7587.582583547558,8957.859254498715,107.325180460307,88.47502883050971,0.9067877765230954,3112,0.5660598767251628,0,
fov0,1420,7570.63488372093,17315.06046511628,64.41908298566936,10.192088330563704,0.0953066577517613,430,0.9874046284213502,1,0.28421733694780893
fov0,1421,7564.555,11709.495,28.049049655450865,9.875323459312707,-0.6545233429292323,200,0.9359724042882095,1,0.335213243423998
fov0,1422,7706.318651613929,11146.99650182859,351.10598358356697,172.72020877259553,-0.5321583262053222,12578,0.8706337205444901,-3,0.5334937808788666
fov0,1423,7567.829268292683,18367.67849223947,62.827754831337685,14.000267976450148,1.4592219060770344,451,0.9748560108777053,1,0.736386080435214
fov0,1424,7689.016572637518,22646.49576868829,617.4385499561092,124.69896426591541,-1.2498657425378539,17016,0.9793934119299043,-1,0.7337694082746171
fov0,1425,7607.843665768194,13934.203504043127,96.51828361272104,12.193305286711984,-0.18677899752843852,742,0.9919880730535223,1,0.2005108456613223
fov0,1426,7589.797998180164,12600.265696087352,41.85913447020254,33.48036639087758,-0.7967146357856983,1099,0.6002210330062646,1,
fov0,1427,7582.848739495798,9819.98319327731,17.252338744203332,9.229273528791024,0.3954027743703936,119,0.844878766779454,1,
fov0,1428,7600.575495049505,22545.074257425742,39.477433611435195,27.780724582962947,1.0884216108570255,808,0.7104858230810116,1,
fov0,1429,7611.445564516129,13739.149193548386,61.42686651556151,11.542952174261394,0.48393122961800117,496,0.9821855357415821,1,0.25317066342693295
fov0,1430,7606.195364238411,12545.546357615895,48.082431230437194,12.371363772147163,-0.7284311360925607,302,0.9663329345830215,1,0.5870602457025821
fov0,1431,7624.632714717307,13295.870522227018,149.82101173484187,41.465566540379776,1.4709616018203642,2317,0.9609369521654996,1,0.979086632205534
fov0,1432,7744.617072901731,8727.196978052278,302.04180707073016,118.96624128833184,0.1520459131443103,9067,0.9191646884219897,-1,0.6919401439365582
fov0,1433,7622.759689922481,21677.697674418603,16.96597617544563,11.192548116261513,0.26087073994220233,129,0.7515242034351873,1,
fov0,1434,7648.041931385006,15292.257941550191,85.01616019167123,38.95520492148184,-1.2311455551481272,1574,0.8888442682171454,1,0.9320724994798939
fov0,1435,7651.224202626641,12150.539399624766,81.74544907081645,35.54619001135019,-0.43562482118758505,1066,0.9005077377262852,1,0.699268483644893
fov0,1436,7662.044180118946,18378.38997451147,133.323915894318,25.180445486753435,0.6557682823907265,1177,0.9820027376873297,1,0.5017984557901951
fov0,1437,7744.5587623144165,18641.336200915775,374.1040790047506,67.05845213774094,0.9110153281675686,7207,0.9838034122061968,0,0.5281187105671749
fov0,1438,7646.676910299003,12200.454318936878,65.81347831187598,34.411793466868126,-1.0541249505758188,1204,0.8524133686531329,1,
fov0,1439,7774.19585824082,7722.45,607.4846801640839,225.257268877155,1.4123836358225421,23420,0.9287114622580104,-3,1.2060715334719507
fov0,1440,7644.418181818181,16809.768531468533,67.34165680650794,39.92857065277155,0.8616713732532238,1430,0.8052574827219049,1,
fov0,1441,7633.606965174129,17454.572139303484,24.892670997553182,10.620033803108834,-0.6431848224625387,201,0.9044248565278196,1,0.5425819958723711
fov0,1442,7656.897410358566,13405.56673306773,64.59731207355208,22.636206066511676,0.25402480790318693,1004,0.9365925743560087,1,0.4058382041970588
fov0,1443,7659.3598039215685,10777.550980392158,75.99065640487268,20.61251660544609,-0.550206376297823,1020,0.9625087391871461,1,0.4120523418501915
fov0,1444,7643.330864197531,9196.641975308641,48.53657385046159,16.82278102802326,-1.2721502956287667,405,0.9380129931305401,1,0.8164552773747283
fov0,1445,7638.67175572519,6463.236641221374,19.486347406017053,9.348948007220136,-1.3325706627576162,131,0.8773947678671976,1,0.6003132602510475
fov0,1446,7639.576923076923,13219.682692307691,14.735898802774757,9.101646711717283,-1.2574930135353848,104,0.7864520965392526,1,
fov0,1447,7642.0675675675675,23143.70945945946,16.281428016293034,12.656782274449439,-1.4015467432493787,148,0.6290369024694606,1,
fov0,1448,7681.928240740741,23249.504166666666,102.20910062006023,31.116662932095156,-0.7693442186835115,2160,0.952531125834933,1,0.3159648104825014
fov0,1449,7661.823117338004,9086.266199649737,37.16906721785405,20.338969546348192,-1.5075102622276126,571,0.8370009033334616,1,
fov0,1450,7742.529349828902,12760.97499341932,259.3719373899765,54.53071029858739,0.2174524822123716,3799,0.9776495119507587,0,0.4617086523499522
fov0,1451,7690.939890710382,18646.680327868853,56.46486210317227,10.358293916591174,-1.1569254178173292,366,0.9830296535844159,1,1.0100259203210116
fov0,1452,7692.654205607477,9129.341121495327,24.555694495670185,12.78323472172758,0.3269724720111251,214,0.8538121205971162,1,
fov0,1453,7885.231596613014,13160.565565641926,364.8839969737191,187.40142982936808,-0.05349756378524594,13109,0.8580346496886584,-2,
fov0,1454,7722.223337515684,12100.18025930573,96.93669779280076,70.17259935411272,1.515095065750351,2391,0.6899035734461928,0,
fov0,1455,7711.608414239482,6553.776699029127,47.62588310837535,14.207195458426924,0.054282079735672915,309,0.9544695740396033,1,0.41253214117321035
fov0,1457,7712.755775577558,7487.3102310231025,31.543773967401034,12.921228594786792,-0.8073713399989527,303,0.9122524309076392,1,0.5885406737053508
fov0,1459,7746.569677419355,9089.216774193548,118.35208179527031,49.87500866313825,-1.5633537322545092,1550,0.9068692163151694,1,0.9941812101433289
fov0,1460,7714.389830508475,12162.805084745763,16.327948252634904,10.087050106993644,-0.08182089060264619,118,0.7863524171272539,1,
fov0,1461,7719.94262295082,6722.745901639344,31.06798863333841,13.374403930831399,-0.7473791878651384,244,0.9025961833124377,1,0.424618630120648
fov0,1462,7717.186274509804,10479.789215686274,29.317086964256177,9.382253148209344,-0.9050281754579711,204,0.9474084945473512,1,0.5131385560040284
fov0,1463,7726.210169491525,16145.128813559322,46.95031128269225,10.367375982597295,1.2023421016659077,295,0.9753155034823516,1,0.3765885140662233
fov0,1464,7727.667711598746,18445.64576802508,38.15930374301961,10.999249338068227,0.930207640837567,319,0.9575565285017906,1,0.18564829046907713
fov0,1465,7729.404494382023,7899.314606741573,32.314848709471626,21.789562139456702,0.9647584507516913,534,0.7384671377709965,1,
fov0,1466,7812.576101860921,18841.456611165522,298.3239279109885,40.971820739168955,1.0426955552935306,5105,0.9905239587759742,1,0.1637585034071628
fov0,1467,7755.014910536779,22842.826540755468,96.77486703395323,53.166763639973226,-0.8578119910110453,2012,0.835568637966616,0,
fov0,1468,7739.6564417177915,13085.122699386504,26.257210392907233,8.304780596720205,-0.5762867869720508,163,0.948663979328404,1,0.5510285621706471
fov0,1469,7871.07733097658,17445.065510384444,375.19602360445236,85.74554908870323,-0.6394379950079024,9052,0.9735356184965764,0,0.5561562849293333
fov0,1470,7758.764585465711,22975.275332650974,41.293011854491105,33.081107637305486,1.2347429874087579,977,0.5984891690457886,1,
fov0,1471,7767.164444444445,7579.462222222222,62.936112797721336,12.152877106343157,-0.6147543867330311,450,0.9811793512981223,1,0.5656106279931007
fov0,1472,7753.641509433963,11990.08962264151,32.48040186734314,8.59843421197061,0.7964978644287259,212,0.9643234411468381,1,0.3245759000590686
fov0,1473,7813.613529805761,13807.373744139317,178.74090917662812,49.20354669400306,-0.15393522205402677,2986,0.9613644959465144,1,0.22330629456837928
fov0,1474,7765.664788732394,12824.064788732394,51.68101724266654,19.249484181411436,-0.5391209976255066,355,0.9280453540737434,1,0.6290798726142389
fov0,1475,7827.086210259411,10715.946167349328,197.72765351842764,91.48727045086184,0.8035458771947184,5127,0.8865183943946313,0,0.7796422028300631
fov0,1476,7766.271844660194,18493.699029126212,32.633939796793676,8.753699519042351,0.5070608310594474,206,0.9633523606600811,1,0.20488829243552087
fov0,1477,7789.188877229801,12111.436516264428,82.97513188981338,36.58776160588225,0.9437895107385452,953,0.8975323964547153,1,0.22863264062724034
fov0,1478,7774.748490945674,12037.213279678068,50.69942609537382,17.50554104725014,1.15160300941039,497,0.9384994049640193,1,0.4134261522962745
fov0,1479,7794.163152610442,21994.503012048193,96.28012557802515,67.96644967013195,1.4513310414229723,1992,0.7082876048113617,1,
fov0,1480,7790.158361018826,17405.787375415282,47.10685026054443,25.541348447745982,-0.5893657649876209,903,0.8402492679414092,1,
fov0,1481,7794.302037845706,17692.3922852984,70.61724913237126,40.309157057122114,0.9259668803299154,1374,0.8210809471772319,0,
fov0,1482,7793.173652694611,23077.85748502994,53.29710831953054,40.548337556590226,0.6703870517723451,835,0.6489886632018168,0,
fov0,1483,7794.642105263158,9636.668421052631,30.177022690966407,8.980788335476307,0.3232213337693221,190,0.9546895525442635,1,0.6791486163775665
fov0,1484,7802.667582417583,8931.51510989011,33.60082325748184,27.782986142146672,0.296668282026052,728,0.5624161447777607,1,
fov0,1485,7815.574418604651,11585.803488372094,61.12566258932088,37.59945460856871,-0.16296895670640754,860,0.7884355810465354,0,
fov0,1486,7832.051126516464,11738.604852686309,125.52420779069577,50.59325416992298,0.5396545306638092,1154,0.9151754255144341,1,0.3308240016224491
fov0,1487,7895.006222775358,7088.555278987762,242.82554681774008,51.65654617340083,-0.33763977090590513,4821,0.9771107809419112,-1,0.6822771784373033
fov0,1488,7819.127642913078,7386.712607674236,44.11807528671194,36.91880769173864,-1.1137515637923474,1277,0.5474808901487631,1,
fov0,1489,7850.033426183844,10590.401114206128,87.81587653390326,23.91971841341774,-0.3943119324185909,1436,0.9621883746586237,1,0.3357874489075125
fov0,1490,7818.5,18902.860576923078,31.16837137933112,9.347483672298106,0.7605452621921913,208,0.9539697455617904,1,0.2529396794982144
fov0,1491,7844.452455590386,14323.063740856844,130.68350076032812,30.836668732653788,1.1081955323041244,957,0.9717616725187056,1,0.792905063929836
fov0,1492,7829.897119341564,9792.458847736625,47.73741770940372,15.41430957368258,-0.47605085420537535,486,0.9464338212728859,1,0.3017277049265162
fov0,1493,7824.893961708394,12553.886597938144,43.4173269709945,28.100898720446537,-1.326153167411154,679,0.7622966898699416,1,
fov0,1494,7845.873758865248,20275.91063829787,85.21768834038947,62.65390468824663,0.6383606657348443,1410,0.6778265722896667,0,
fov0,1495,7829.177865612648,6030.413043478261,38.625679260876424,18.397426802492227,1.131654362543609,506,0.8792826172860145,1,0.7821083461346509
fov0,1496,7834.432653061224,18586.78979591837,77.5979831600631,9.366570947068961,1.0614262643194734,490,0.9926882551894086,1,0.5738165536614978
fov0,1497,7822.673076923077,12472.711538461539,14.404126799836908,9.508038069915049,0.8054178074184112,104,0.7511854239625035,1,
fov0,1498,7835.003550295858,12346.923076923076,39.863467659793244,27.93224397249077,-0.36070254897545934,845,0.713458195826293,1,
fov0,1499,7827.592,12596.384,17.061046382637443,10.041213887249581,0.21854021398156928,125,0.8084635918732872,1,
fov0,1500,7829.049773755656,10813.12669683258,49.302770824668855,18.37301738322725,-1.475494883635678,663,0.9279692021987395,1,0.6948843146417588
fov0,1501,7847.934281842819,11945.763550135502,59.74684059542602,54.299746881013974,-1.1356625757966665,1476,0.4171657319798543,0,
fov0,1502,7837.8031496062995,6115.181102362205,35.11220578229862,10.415201572142156,0.7040726396328515,254,0.954993651216887,1,0.5722756896319808
fov0,1503,7868.791474654377,12216.77073732719,86.7283168317766,18.375967384744392,0.06547558368421826,868,0.9772957609104735,1,0.32795909272944146
fov0,1504,7866.425914817037,12652.308338332334,81.36169426589652,39.27751667812959,0.6594621122533307,1667,0.8757571315125398,1,0.7655277225938382
fov0,1505,7845.267080745341,12138.347826086956,23.776843671128503,9.034485615610121,0.9367527499444025,161,0.924998839246171,1,0.36231795010470524
fov0,1506,7935.118304210828,14633.248352907476,230.29356346546126,34.86701180010458,0.011848826578367697,3491,0.9884722026487798,1,0.3326087133975377
fov0,1507,7893.93426940287,12434.648973923777,272.9180333234966,92.98873272085537,-1.273751907911389,6481,0.940164682860012,0,0.27999718132780566
fov0,1508,7887.26568466994,9131.66584833606,121.16828756320244,76.02101591547316,-1.161728622211574,3666,0.7786969279016935,0,
fov0,1509,7878.993955094991,17708.36053540587,151.26555384480528,42.501761187195875,1.353522774738651,2316,0.9597152381915696,1,1.171925330534657
fov0,1510,7878.756277695717,8792.367799113737,71.34933944597745,26.946970281823038,0.8633756365044977,677,0.9259376035416282,1,0.7347678647437964
fov0,1511,7858.5,11063.391304347826,20.028918986685024,9.043439781996266,-0.7636766579474396,138,0.8922614462625651,1,0.2371019235687004
fov0,1512,7915.065496709495,7241.203071137575,127.84570960549209,55.323687211684934,-0.5131173845339553,3191,0.901519765438143,0,0.3668574317065762
fov0,1513,7882.899905571294,14499.208687440982,62.08377255665584,25.492619830647783,0.3225782037447338,1059,0.9118081544972194,1,0.4252920811370413
fov0,1514,7860.448430493274,17743.730941704034,52.23536173708366,13.555624107479039,-1.5614889318681062,446,0.9657402899790434,1,0.810514900905831
fov0,1515,7862.946564885497,8690.946564885497,19.38627718728057,9.141214518961592,-1.338832711641712,131,0.8818499314743449,1,0.9841155182459244
fov0,1516,7867.794805194805,5992.324675324675,54.76079042000851,15.101971889704261,1.4019419658174739,385,0.9612205665485656,1,0.8865260699179683
fov0,1517,7968.161924038576,12519.958566496012,302.3057310544502,132.16675271650269,-1.2086721154072386,8399,0.8993664200212874,-1,0.6946723706489861
fov0,1518,7874.254901960784,11027.41568627451,27.142716989857405,16.323745630983048,0.6753362852168838,255,0.7989448765832431,1,
fov0,1519,7888.269333333334,10502.221333333333,47.39806951044281,10.44355675976067,-0.32070327024782785,375,0.9754237689823254,1,0.32325624833597877
fov0,1520,7954.812182741117,11395.742039686202,162.4467668352399,85.4308730592397,0.12539107950471634,4334,0.8505459561460326,-1,
fov0,1521,7902.682840236686,7967.3562130177515,83.55805581538989,17.322074455179678,-0.9071500493725487,845,0.9782761784031906,1,0.6254444516833045
fov0,1523,7890.269121813031,22250.52974504249,36.20857281129919,13.034003761468798,0.4051681435656023,353,0.9329638382129989,1,0.6593024960838669
fov0,1524,7895.394736842105,11577.792906178489,37.33171414678163,29.901998486947733,0.28395872587256477,874,0.5986895969266355,1,
fov0,1525,7943.053448275862,15201.973850574712,164.64965805968117,63.49615884675289,0.45616883045816337,3480,0.9226476448913364,0,0.48107081330128454
fov0,1526,7892.60736196319,13340.730061349694,17.855056116878302,13.340976161104862,0.1151386132258211,163,0.6646195081001253,1,
fov0,1527,7907.148893360161,12303.076458752515,85.0743586027262,49.3086798588377,0.8801911226917373,994,0.8149046206808812,1,
fov0,1528,7890.875,18832.414772727272,26.534081334315662,12.304246850329312,1.2793542804220073,176,0.8859845157782902,1,0.18443375274023366
fov0,1529,7894.311594202899,17045.333333333332,16.289241823700593,12.675279137284482,1.400650042663119,138,0.6280932649527516,1,
fov0,1530,7993.520866517999,14309.394711691622,228.84257955073272,117.77442650697603,-0.4356460800469356,3139,0.8573988048345431,1,
fov0,1531,7916.641891891892,9262.132601351352,58.65045885686551,42.721204268166055,1.0809350355473528,1184,0.685148321861487,0,
fov0,1532,7917.265377855888,19030.7381370826,48.166919258419995,24.362844265929915,-1.0129579771448423,569,0.8626505743126769,1,
fov0,1533,7903.8359375,16911.03125,15.664641804977563,11.781243909674787,1.187637886263187,128,0.6590587073232148,1,
fov0,1534,7914.515702479339,13021.899173553718,49.60519385747004,33.172593381255844,-0.7968676009287957,605,0.7435033051937396,0,
fov0,1535,7921.509272467903,18877.24108416548,93.55868755700428,19.69388790858502,1.5681608126777915,701,0.9775943540967829,1,0.30037539169656663
fov0,1536,7916.625,14285.30625,25.172031365952375,8.65553071229661,-0.2634217568845773,160,0.9390227302727971,1,0.42878726212823204
fov0,1537,7936.700654307525,22416.206379498366,194.4116485091847,65.39331613262883,-1.3628893643526678,3668,0.9417316186173272,1,0.9813678062753672
fov0,1538,7948.59987819732,21849.869366626066,138.48008005643408,84.94781195741425,-1.1525241380684832,3284,0.7897492283976488,0,
fov0,1539,7995.953008453505,13307.372451516658,234.56261708581337,32.62449274733157,-0.372563420870723,4022,0.9902802362668608,1,0.2865926562053367
fov0,1540,7934.577777777778,12252.936507936507,38.526116960709516,12.199760849680347,-0.20125195173646376,315,0.9485384117500179,1,0.42122289424887044
fov0,1541,7943.015527950311,11640.444099378881,93.61303805995544,9.716408970174289,0.9411747252520732,644,0.9945988862885654,1,0.4393485598461182
fov0,1542,7939.923538230884,16735.478260869564,69.51317792222808,17.974241655655536,1.210921169067268,667,0.9659916790853692,1,0.47042621189932615
fov0,1543,7999.58668771376,10522.53591160221,192.43675135354937,61.4353787810001,-0.07347127820123371,3801,0.947670626834302,-1,0.3881931915750544
fov0,1544,7969.3132735808795,9030.42040119505,155.20852427516863,48.75852279482723,-1.2988187990805857,2343,0.9493738616750238,1,0.907353935271376
fov0,1545,7950.006451612903,6635.558064516129,46.52865186731807,10.590818169499903,-0.04408593337104024,310,0.9737502061805755,1,0.48912240883641744
fov0,1546,7956.1782877316855,22602.383936451897,46.079719225655246,38.00328367321798,0.40354362429645885,1133,0.5655280472089216,1,
fov0,1547,7953.012987012987,13829.930735930737,32.445524530304795,10.278620413955904,0.2614537019476045,231,0.9484936149893893,1,0.1331577176455879
fov0,1548,7990.007383966245,7805.455344585092,98.34035093189007,73.31166144073117,-0.3387725382826283,2844,0.6665177983665066,0,
fov0,1549,7975.059714795009,17709.5210932858,137.0753543996193,70.17796900482367,1.2243790836315658,3366,0.859005503729533,1,
fov0,1550,7950.523076923077,22553.14871794872,20.166497877686044,12.664759138374677,-0.9020627177178269,195,0.7782053962915408,1,
fov0,1551,7959.375,14258.065789473685,24.081104988345434,8.521926761353937,-1.0327189525355653,152,0.935289179835439,1,0.6701112416053085
fov0,1552,7961.942084942085,22157.08108108108,23.318735079981312,15.303888906766211,-1.0366277586950883,259,0.7545073855224845,1,
fov0,1553,7988.452413793103,16852.48,73.68292836916774,20.072763875057458,0.3548855672954403,725,0.9621782038824991,1,0.23419912970135925
fov0,1554,7989.152689873417,12263.723892405063,70.03928896903527,30.202169290863313,-0.2797950797193393,1264,0.902247992852075,1,0.42483829473332196
fov0,1555,7999.2010471204185,21640.544502617802,98.82703684225383,63.176559332980425,-0.9697751022516343,1910,0.7689874094801791,1,
fov0,1556,8131.5850717855155,17436.907194415802,453.5893869599676,109.48173039174692,-0.9956295356610133,12607,0.970433787691034,-1,0.6105457179608057
fov0,1557,8001.7471428571425,11947.101428571428,66.63169690197749,17.238849948730348,0.8524876527128844,700,0.9659527726180173,1,0.19186786746865542
fov0,1558,7986.614457831325,8933.855421686747,39.405835857639936,14.393268048001792,1.562433665516395,332,0.9309066152578229,1,1.203263831575704
fov0,1559,8003.1171875,8887.9078125,44.90841922141607,22.518396477292693,0.46560974863760995,640,0.8651986324306051,1,
fov0,1560,8003.785483870968,18197.99112903226,56.25758497278082,46.051424472925916,-1.035615563038091,1240,0.5743902401904463,0,
fov0,1561,7991.121794871795,16954.97435897436,20.51443801178791,10.294993583755707,0.8690514579435258,156,0.8649596776149522,1,
fov0,1562,8007.0752089136495,12368.771587743733,43.116658357979674,15.639233308357593,-1.4122401119088241,359,0.9318985414815665,1,0.4190422850720428
fov0,1563,8079.4463236348,8926.147341264154,250.99300026474606,111.23353457151305,-0.8080750295505877,6977,0.8964356851119519,0,0.8404897254486179
fov0,1564,8007.871794871795,7535.871794871795,25.2733117995399,8.321451882893923,-1.5636707100677678,156,0.9442398330571751,1,0.806045012707666
fov0,1565,8020.76320582878,12647.07285974499,53.91349353604534,17.86520418422419,1.539695391687167,549,0.9435016043246085,1,1.2707902555102457
fov0,1566,8023.486842105263,12553.67543859649,30.34762236757924,10.167039519773613,-1.557836801543948,228,0.9422112616695849,1,0.9589623417418734
fov0,1567,8069.960144927536,13849.015700483093,117.27707129822461,16.781380883442523,0.31227389107274006,828,0.9897094281968718,1,0.16101918304297141
fov0,1568,8038.907993966817,12169.978883861237,34.44235572146437,29.725657921004014,1.1551672056301634,663,0.5051094292873947,1,
fov0,1569,8053.454394693201,12405.782752902156,34.99024545079304,22.964146324380607,-0.4199286630967721,603,0.7544988406502324,1,
fov0,1570,8141.06154046318,6034.247462919594,258.77001070465343,139.62954329165524,-0.7294511916571027,7686,0.8419283386732557,0,
fov0,1571,8074.780864197531,13789.350308641975,76.89983416059899,14.897336451176708,0.3402152849208623,648,0.9810560876942797,1,0.16036750663913357
fov0,1572,8051.705357142857,7444.476190476191,51.38698877211229,10.370665967005413,-1.3067532045835697,336,0.9794236566836642,1,0.27427121714982394
fov0,1573,8065.48487804878,13220.42243902439,45.15888006940261,36.19909757458071,0.5003726279922729,1025,0.5978684594231407,1,
fov0,1574,8067.82196969697,13923.333333333334,45.90879023235558,17.247957107929675,-0.05848630420810097,528,0.9267411219305499,1,0.2736802317805261
fov0,1575,8061.481727574751,9059.95514950166,43.291839967320264,32.08375141612074,1.1635629317112404,602,0.6713903560168315,1,
fov0,1576,8064.544392523365,17385.70093457944,25.126492954084643,21.749219626891808,-1.2018938811706306,428,0.50075485715606,1,
fov0,1577,8120.428496319663,20726.250525762356,238.02293818845746,37.42684602499176,0.8934848358134626,3804,0.9875603398672075,1,0.29481223649310556
fov0,1578,8090.289075630252,13080.572268907563,99.68334582079154,37.51591101356548,-0.00857723297758996,1190,0.9264772229407341,1,0.24357384276844424
fov0,1579,8103.232702112163,20880.84559359068,94.77472779121702,89.13628919626329,1.0227643458232631,2746,0.33977447868741373,0,
fov0,1580,8083.1193771626295,10898.297577854672,42.32310846466641,20.74517363771679,-0.21246192373064357,578,0.8716314297572682,1,0.45320619799167333
fov0,1582,8137.984140233722,8011.023372287145,151.77119908074002,104.55538050991449,0.8692872415668604,4792,0.7248551311037443,-1,
fov0,1583,8153.390279289082,14330.67537178092,188.99918488498577,89.97444674655816,-0.6172411197230332,2757,0.8794142490800417,1,0.5049059472669877
fov0,1584,8140.663248337029,22173.139689578715,208.3216265998673,37.191239971479355,1.1467540119471722,3608,0.9839348347390048,0,0.6798207755975396
fov0,1585,8112.128440366972,8593.967889908257,18.54002339275789,15.161089817531629,-0.28536222035163555,218,0.5755746693670769,1,
fov0,1586,8171.389561270802,10874.080181543117,142.087506070824,67.69606994330101,0.26501094576481904,2644,0.8792073741424384,1,0.635868192117764
fov0,1587,8128.576243980739,8101.8667736757625,32.078587569856055,25.081051239259036,-0.19317052162908313,623,0.6234506484486863,1,
fov0,1588,8168.258091058695,21050.334887547997,143.61474295264182,97.91552251872102,-1.3298583437109976,3646,0.7315451745454279,1,
fov0,1589,8171.582772543741,21871.143562135487,116.80622987159131,31.061233547630362,0.40770496368781306,2229,0.9639948148815137,0,0.5291263067524804
fov0,1590,8133.244604316546,6705.0395683453235,34.563793768813056,13.198618719989799,0.9171226039175595,278,0.9242191225118742,1,0.5777626411655916
fov0,1591,8147.864120781527,13827.234458259325,65.98226732640074,39.58569076765568,-0.6722837410324932,1126,0.8000417085067862,0,
fov0,1592,8142.7375415282395,18044.912513842748,57.494014231599046,33.06887313918325,1.225209317377451,903,0.8180334047580108,0,
fov0,1593,8136.878651685393,8750.704494382022,58.0463080279172,20.16772572238741,-1.4159454753210248,890,0.9377014728707599,1,0.9148050024834526
fov0,1594,8156.799452429843,21735.197125256673,79.97481833124796,46.81766677381027,-0.9702030239438759,1461,0.8107409359453843,0,
fov0,1595,8145.798837209302,10634.456976744186,122.45581425249779,16.56414485749181,-1.2891528934339695,860,0.9908092794249651,1,0.6118856687312008
fov0,1596,8174.224730127576,13238.525024533858,107.97878952503528,26.962817976627722,0.6758343977303207,1019,0.9683220185776675,1,0.4325644356085323
fov0,1597,8297.516713186738,17701.16577030431,401.62530900686096,195.20319171008668,-0.43405015567235994,14689,0.8739404048253985,-2,0.19648386302976747
fov0,1598,8160.839393939394,7207.257575757576,48.55359791789727,11.691279536379952,-1.1368460961008926,330,0.970576938600648,1,0.9472968644539704
fov0,1599,8162.452095808383,12559.38622754491,28.27203060023386,16.34414564118276,0.3288689257788591,334,0.8159638006954154,1,
fov0,1600,8179.877642276423,22027.56910569106,102.31653165268192,63.20960112865462,1.414259020290205,2460,0.7863471902637826,0,
fov0,1602,8171.66347826087,22117.327826086956,98.14994682114393,17.821797603481908,1.1398533726525624,1150,0.9833766834971451,1,0.6772911350115287
fov0,1603,8173.189412336085,7706.804759592035,98.83479835960532,56.381363032323435,-1.5303446392238436,2059,0.8213249357366806,1,
fov0,1604,8173.6684587813625,8573.462365591398,58.33608778965621,24.95776624344916,0.510245046735312,558,0.903860536885604,1,0.6449686492084284
fov0,1605,8176.32676056338,11895.913288426209,562.256742212686,25.842590489473427,1.5519924757525074,8165,0.9989431768970842,1,0.4374950089228968
fov0,1606,8257.445273631842,11891.89311256219,652.4527453954678,208.3242640311922,1.4561454083626597,12864,0.9476556994950208,1,0.42071908390336815
fov0,1607,8203.688470973017,13125.58953393295,116.75026163173811,43.94145554835534,-0.1699838845566446,1223,0.9264688846522879,1,0.22114849427464317
fov0,1608,8165.666666666667,9063.236842105263,15.531897839771478,9.366642279863907,-0.913551994068091,114,0.7976969992048071,1,
fov0,1609,8237.007257646448,13876.637463279765,161.57177664154372,128.09211436537436,1.1140391765803113,5787,0.6094979002703059,1,
fov0,1610,8176.3116531165315,8096.029810298103,40.71155115425096,14.404671688184765,-1.5089316343833097,369,0.9353125061410247,1,0.5274856768738491
fov0,1611,8175.284916201117,21145.469273743016,15.897312054870316,14.380914085301077,-1.5319515968173658,179,0.42623402185768905,1,
fov0,1612,8239.437088514997,8693.319312362839,138.82833260978543,45.42526151734979,-0.35327750391468105,2734,0.9449535360007411,0,0.4221096440553162
fov0,1613,8187.8387096774195,6876.895161290323,58.16460495137302,8.630190476839369,1.5049886849863454,372,0.9889311257790323,1,0.6494732948045098
fov0,1614,8192.391447368422,14048.891447368422,26.953061358818815,14.795007533985377,-0.9572071944438256,304,0.8358765212779375,1,
fov0,1615,8242.164246823957,11273.102087114337,93.839642365885,58.76841334136018,-0.39194685688509456,2204,0.779610856713983,0,
fov0,1616,8197.751748251749,6982.213286713287,40.11174867286611,11.914238564801899,1.464706091043467,286,0.9548693428787433,1,0.9004816569654115
fov0,1617,8200.260061919505,7218.547987616099,24.157547863431084,17.201045443730578,1.274500272973895,323,0.7021428878001335,1,
fov0,1618,8216.399624765478,22586.423076923078,71.31807847052738,27.21530458833836,1.0809217520185763,1066,0.9243256747528501,1,0.6342644624974436
fov0,1619,8227.251712328767,8978.589041095891,42.30020497821065,21.856098610945224,0.03649076495057379,584,0.856172473647956,1,
fov0,1620,8237.56204379562,8361.063447501403,105.24668499980777,65.27180486387559,0.9762095007872039,1781,0.7844601713164512,1,
fov0,1621,8216.880733944954,5850.434250764526,29.42467235237183,16.242302441174253,-1.4175498987939419,327,0.8338467355659072,1,
fov0,1622,8222.00925925926,15015.657407407407,26.040806945688665,12.41254047314029,1.003312141251972,216,0.8790892034981381,1,0.6984444990339913
fov0,1623,8230.881748071979,8889.118251928021,34.09776543578978,15.032451936101124,1.444283791284418,389,0.8975742801449017,1,1.2792645293818858
fov0,1624,8255.131710808877,21798.804581245528,62.00814665194132,34.94336693646694,-0.9416436477846123,1397,0.8260965227538757,1,
fov0,1625,8262.314995563444,12502.631765749778,72.16089828981653,32.945125412148116,-0.29030604386550796,1127,0.8896972776925212,1,0.728991307306109
fov0,1626,8235.8031496063,6946.496062992126,20.319003524871675,8.314566720166507,-1.0249378111122132,127,0.9124440434495694,1,1.197798669585076
fov0,1627,8252.04358974359,18536.08205128205,52.89898411300404,15.527655267384832,-0.1469510003006788,390,0.9559486057604545,1,0.6549743494045026
fov0,1628,8242.44375,8587.14375,25.814669642701187,8.433361206434952,0.4183555929623296,160,0.9451319932626016,1,0.6070593524996281
fov0,1629,8288.720200752823,12239.381430363865,119.16842686340644,24.993112526794917,0.4722847491081974,797,0.9777594870217009,1,0.36479208971498184
fov0,1630,8345.736494364555,13741.419549164399,255.91323596207062,50.14686758474888,-0.009608969126657062,5146,0.9806133657074602,0,0.5120769225755974
fov0,1631,8370.380931263859,14052.849667405764,231.94926408692425,64.1841214886668,0.022508240029770994,4510,0.960951683802315,0,0.6280691451344492
fov0,1632,8328.834124406694,17516.57656757432,310.8506442221067,31.233680537513752,-0.9364958869738905,4003,0.994939270729791,0,0.17888850689240648
fov0,1633,8249.730923694779,7031.863453815261,42.72437711104992,7.971722512442654,1.541205784816967,249,0.9824388453539273,1,0.9275039997650821
fov0,1634,8278.41504539559,12663.736705577172,95.03489657980712,60.97731054863312,-1.5346242058002053,2313,0.7670136894667066,0,
fov0,1635,8269.038978494624,14305.166666666666,39.76408493444263,28.37014142977711,1.4466344817023522,744,0.7006944904095779,1,
fov0,1636,8280.702608695652,13044.545507246377,71.35227482074436,63.26262293452329,1.288193441431148,1725,0.46249139408661155,0,
fov0,1637,8358.239044611133,9147.029411764706,251.12693952975178,74.77456386445236,-0.29721632013867205,5066,0.954641995051646,1,0.5204772146768685
fov0,1638,8325.636687444345,13300.497773820125,139.88472633336312,111.6272895324996,-0.9719460454476091,4492,0.6026642834001229,1,
fov0,1639,8302.514705882353,11180.042780748663,47.5140004936632,25.96731507691806,-0.6643278283309794,748,0.8374465527082641,1,
fov0,1640,8300.048648648648,13843.643243243243,27.931991298986816,9.309098700247162,0.8357319136568219,185,0.9428288497688679,1,0.3380451427426335
fov0,1641,8333.776769025368,21753.382910547396,251.83608951815864,35.916241769518926,-1.435486060601669,3745,0.9897778737292282,0,1.088872123738851
fov0,1642,8323.658743633277,14302.196943972835,99.62648919515348,35.145643919127856,-1.513867373037362,1767,0.9357085243080737,0,0.8933973252878624
fov0,1643,8336.337132003799,22132.07217473884,53.80406841060068,40.252703966722976,0.4626474875453025,1053,0.6635466060139956,1,
fov0,1644,8320.438953488372,14648.334302325582,46.41029287275811,11.824481183972413,1.547937328146702,344,0.9669986652239355,1,1.2144965943240593
fov0,1645,8337.5469348659,11594.556513409962,41.231017076932126,33.50063228320703,0.25421787923569006,1044,0.582946624403844,1,
fov0,1646,8321.320463320464,13886.976833976834,42.88906393160225,10.180798660855084,1.3984290620485422,259,0.9714180514441554,1,0.514177121096618
fov0,1647,8353.508143322475,10381.261889250814,89.19396890319636,41.107716003108614,-0.7862840741272923,1535,0.8874624665746048,0,0.3608120905729376
fov0,1648,8349.757232704402,11193.158490566038,47.060172550936926,22.38654819568285,-0.6274505949187875,795,0.8796073115379817,1,0.5205482915826773
fov0,1649,8352.915070774354,13860.231473771857,70.03016899331612,29.851172506541808,1.2042834897617112,1201,0.9045999341029464,1,0.4361515225607537
fov0,1650,8346.757575757576,9297.844155844155,32.138752396146465,10.613488713238315,0.13651217046309722,231,0.943897137963429,1,0.5380562812540646
fov0,1651,8346.107438016528,8517.13223140496,16.973711188045602,9.34679429819058,0.305351832759169,121,0.8347276729901776,1,
fov0,1652,8443.919177075679,6676.771858927259,289.13039355541514,25.15289138111334,0.5678593631490328,2722,0.9962087503688665,1,0.08195099324073347
fov0,1653,8361.863717872086,8762.819485953378,103.0186393598963,30.551703170621444,-0.9701022574242515,1673,0.9550127295937856,1,0.7159015046014547
fov0,1654,8349.993079584776,11558.508650519032,24.888955178966693,15.467285103051566,-1.2890849480083053,289,0.7834524266815334,1,
fov0,1655,8386.245033112582,13516.984547461368,75.38984381157245,25.90408061137679,-0.16727059116886017,1359,0.939115462804394,1,0.2741932385648072
fov0,1656,8386.340043134436,8844.592379583033,183.13632753146842,68.30887935667165,-1.2204848798418186,4173,0.9278334734994103,-1,0.7050681263835479
fov0,1657,8358.468874172186,14757.83178807947,96.59475309894897,23.633627791401896,-1.4919260418887454,755,0.9696069601708974,1,1.0526396337343003
fov0,1658,8378.897149938042,8535.541511771995,46.11655529357125,23.62597520359367,-1.4451239931320843,807,0.8588005604054721,1,
fov0,1659,8377.203703703704,12197.962962962964,17.427900005732464,8.54774308314367,0.71980696441986,108,0.8714619204989927,1,0.35429812258238313
fov0,1660,8384.601769911504,6575.734513274337,15.36222024730502,10.645572461712906,-0.10576354826741759,113,0.7209655006858116,1,
fov0,1661,8513.245857905084,17794.92600393148,336.3390970961049,63.27426992610105,-0.5268305676195981,7122,0.982144821526937,0,0.14311117208757784
fov0,1662,8399.908270676691,12470.897744360902,51.84289488621683,19.11454172936431,1.4318347821797717,665,0.9295479362344973,1,0.8518664302992187
fov0,1663,8488.568994889267,8656.692962914429,231.4776302594027,150.31006991585727,-1.0758288403806913,7631,0.7604894350353377,-2,
fov0,1664,8404.71186440678,21409.649717514123,35.27774639070845,17.934196894107227,-1.5137284935216955,354,0.8611379285455125,1,
fov0,1665,8439.145915939731,8269.016653449644,69.06386598907882,25.12018459113394,-0.4758473969291149,1261,0.9315067699038765,1,0.44125561156065746
fov0,1666,8514.723394495413,12773.156651376146,257.1584692107757,46.89011506363432,0.48007317889919476,4360,0.9832356541535924,0,0.5308532390956453
fov0,1667,8497.376444689047,17329.747523390204,212.8874930107092,173.48958237769568,0.5494335961850865,7268,0.5795516186213393,1,
fov0,1668,8471.07249712313,8034.953394706559,89.33865834747913,40.35663378789796,0.04957043630565634,1738,0.8921565033427604,0,0.5148666153801312
fov0,1669,8450.59747706422,14614.425458715596,54.121866865787574,30.451269986165,-1.2453272544807472,872,0.8267002244387062,1,
fov0,1670,8444.403341288782,8084.119331742243,24.804086057851983,21.570952728516783,-0.014561474142625198,419,0.49366316216014405,1,
fov0,1671,8457.446529080675,21455.245778611632,52.77709443600864,14.221162568126257,0.07202509654321738,533,0.9630123954350703,1,0.5408656447646301
fov0,1672,8450.069651741294,17035.597014925374,33.20305762334944,8.302453994893439,0.3390770445096769,201,0.9682326962747623,1,0.4949614248766424
fov0,1673,8476.848071679004,17999.365407089987,123.07475061282284,64.98280893303487,-0.8997553618283666,2567,0.8492477009930354,1,
fov0,1674,8472.515350877193,11953.048245614034,57.79869243670755,13.522170216205641,0.07184446179924416,456,0.9722479378681586,1,0.5412563557576372
fov0,1675,8458.138211382115,17588.260162601626,17.270535328143655,9.538037763288381,-0.3509121667696825,123,0.8336638044953698,1,
fov0,1676,8527.640766365088,7803.423629590207,130.49798201629602,28.760622492621376,-0.7385256330847543,1879,0.9754115368092365,1,0.2847805995572803
fov0,1677,8549.502810743286,12647.37601499063,178.994454675421,24.96617723471495,-1.2546748003767878,1601,0.9902248642403549,1,0.9425705270801074
fov0,1678,8605.875185735513,17902.219910846954,180.55143501109035,45.558165881665154,-0.6371836514945343,3365,0.9676417864309942,1,0.18176358266283393
fov0,1679,8575.479938861292,7855.601452044326,112.88593994962228,86.0990024699988,-1.5586728898900652,2617,0.6467430722917022,0,
fov0,1680,8741.537436548224,6106.615618201596,486.8284525826717,270.73900929423786,-0.9889129722430845,22064,0.8310965496592256,-5,
fov0,1681,8610.299120234604,13277.73900293255,117.46098261826577,36.48094608581994,0.21343765786051191,1364,0.9505474832092816,1,0.2674318798306337
fov0,1682,8619.424965421853,6627.713001383126,203.9340778645259,48.248160770562976,0.3006449261341372,2892,0.9716102975669739,1,0.35192992847504023
fov0,1683,8756.516303593728,13792.643957263772,420.06357619795915,59.17638763005014,0.4206346578123728,7207,0.9900274139800397,-2,0.3976657141653398
fov0,1684,8610.338078291816,7394.902135231317,73.91938281945357,15.636204628558744,-0.6202921311828735,562,0.9773713951283846,1,0.6308593786792905
fov0,1685,8653.303468208092,5795.93901734104,181.14482323802386,60.7266053941064,-0.7011300213246716,3460,0.9421335191802536,-1,0.26090741932092354
fov0,1686,8608.097674418605,6136.582558139535,34.48858744016969,32.45585640390197,-0.1701917482500294,860,0.3382375507571839,1,
fov0,1687,8667.73432155074,6803.64937286203,198.52865598702587,14.549618979337941,0.4345899492858294,1754,0.9973108738916158,1,0.37882201019376416
fov0,1688,8606.160883280758,18663.977917981072,22.148702618368635,18.326613724565977,1.2479737305796172,317,0.5615613709289444,1,
fov0,1689,8645.517543859649,13629.337719298246,66.01082080140621,9.644814414820084,-0.002646988474911834,456,0.9892684093355374,1,0.14187519383159677
fov0,1690,8670.29576008273,6563.867114788004,110.90382417590673,43.80198809997918,0.4326210747903769,1934,0.9187005901319815,-1,0.37827437590040675
fov0,1691,8766.64411600386,11074.253644166794,509.92512658720585,261.90956519142173,-1.0397039343037502,19689,0.8580156326317459,-1,
fov0,1692,8643.121621621622,11620.693693693695,33.19586928366223,8.728591435039204,-0.6027399580593776,222,0.9648116159936417,1,0.30940400517973154
fov0,1693,8697.140531276778,14437.625107112253,163.4997842421523,27.502022684789342,-0.3936059258906478,2334,0.9857514716428366,1,0.34024773472659375
fov0,1694,8647.765957446809,18119.941489361703,30.262902022407406,8.348272618007757,-0.3196037367046625,188,0.9611983145566068,1,0.3511391237422583
fov0,1695,8652.177685950413,5901.2768595041325,25.207525712168767,12.766413089167514,-0.36393141434304477,242,0.8622678925653106,1,
fov0,1696,8685.343350604491,14264.824179620035,121.96296444103025,69.6087776562557,-1.3279707295598653,2895,0.8211329158011434,-1,
fov0,1697,8681.241054613936,6851.350282485876,69.45040604297107,12.671446007376058,0.569185270942012,531,0.983214546580767,1,0.417280011322019
fov0,1698,8677.614864864865,8761.996621621622,43.33900636982984,9.109264554582545,-0.7841170629944817,296,0.9776613562168128,1,0.604360802682045
fov0,1699,8679.545871559632,5940.802752293578,32.28511152122946,10.88668854587975,-0.4207334663498297,218,0.9414313829317882,1,0.35242701497574885
fov0,1700,8679.044025157233,10873.861635220126,18.688195399314072,13.714022081325485,1.049156975779792,159,0.6793294725546457,1,
fov0,1701,8682.597315436242,10924.328859060402,21.532186788227673,10.010052732648584,-1.2906657590811241,149,0.885369559125703,1,0.653316995205055
fov0,1702,8705.207939508507,11304.582230623819,45.29819728554707,24.52480637802778,-1.0359006889824756,529,0.8407600002170518,1,
fov0,1703,8737.361323155217,8560.050890585242,114.76298133438651,14.354162163041403,0.5690687160016357,1179,0.9921470894333175,1,0.482466415206805
fov0,1704,8722.648829431439,6532.022575250836,66.74413881018152,41.81918219065262,0.8004593241757615,1196,0.7793734943544256,0,
fov0,1705,8708.973597359736,8002.029702970297,30.574835589646987,17.978875587566538,0.10588884753066885,303,0.8088401878084845,1,
fov0,1706,8714.86455331412,18416.14409221902,25.290189014958607,17.553201975110685,1.4869744450724764,347,0.7199059750481478,1,
fov0,1707,8748.696622436672,14924.538600723763,93.23523938218518,49.40895623815551,0.5363846968248113,1658,0.8480359866499009,0,
fov0,1708,8721.460385438972,11618.293361884369,55.77340350342778,13.477965952805585,-1.3040065663522649,467,0.9703620347934656,1,0.7131324552973453
fov0,1709,8733.048128342247,8929.839572192514,32.48312904687003,8.135985746568217,-0.17121712398534716,187,0.968124867817883,1,0.4857282184851121
fov0,1710,8759.472698907955,12409.83099323973,143.68658546092308,86.92560770583505,0.6742259492330916,1923,0.7962507282836233,1,
fov0,1711,8734.827586206897,14336.068965517241,26.941904923024087,8.852324224530067,-0.6986438841644763,174,0.9444793304869628,1,0.13837754641558692
fov0,1712,8754.372727272726,14089.196363636363,78.90255417618648,17.93558969010526,-1.0669795210709383,550,0.9738217099984398,1,0.5462845315558313
fov0,1713,8754.349192863212,13297.604927782499,44.76116639972279,34.88867933185912,1.3533712119831853,1177,0.6264758892736659,1,
fov0,1714,8752.522012578616,17050.81761006289,19.015217281620686,12.657848319910462,-0.28438455453445155,159,0.7462467735408577,1,
fov0,1715,8782.92163265306,17692.93387755102,78.88597302936182,28.36541334009883,-0.15389459539779315,1225,0.9331162383612955,1,0.27798515503089993
fov0,1716,8759.45,6632.874074074074,53.25184694382152,17.23064792162008,-1.0686294307836874,540,0.9462045705784353,1,0.7529430110740672
fov0,1717,8775.958248472505,12659.910386965377,54.75521072643293,33.02112713167899,1.5324255627225358,982,0.7976896197430309,1,
fov0,1718,8770.121951219513,11248.458536585365,28.135108600454448,9.75274610886967,1.0833886228704155,205,0.9379983507242105,1,1.0216415361516358
fov0,1719,8814.537962962962,6863.992592592593,123.79733779582659,21.723575587012718,0.4538817107525566,1080,0.9844835450203165,1,0.38366560727694904
fov0,1720,8804.448392554992,11267.60744500846,66.44318111510829,15.669391432677557,-0.9920968643330816,591,0.971793974774444,1,0.5911583804612781
fov0,1721,8850.754879182155,15341.5625,162.01748052498405,86.60108025382185,0.17117933793180895,4304,0.845157790838418,0,
fov0,1722,8812.598387096774,12234.80564516129,58.54791215414067,52.564818467865,0.8428220009303903,1240,0.4403858937756942,0,
fov0,1723,8821.640449438202,6490.846441947566,69.22370266779386,58.3864633265058,-0.03272029127250224,1602,0.5372137797100448,0,
fov0,1724,8807.216617210683,9018.183976261127,21.75352074908397,20.115601187205097,-1.2752811350923066,337,0.38068315070517955,1,
fov0,1725,8980.944503395585,10550.806133276741,552.7864296776753,146.51988330792932,-0.9104549171089877,18848,0.964232759726094,-1,0.23463254902887393
fov0,1726,8832.2125,6180.49375,30.880823452375527,16.098186789300627,-0.014586855919902306,320,0.8533732204704311,1,
fov0,1727,8858.771948608137,12663.528907922911,114.85984830278814,31.37623717474357,0.49413502033434514,934,0.9619658425929469,1,0.6607477155836154
fov0,1728,8885.428721541155,8815.500700525394,284.60709915256797,51.905084328832096,1.072454163164356,5710,0.9832291354895264,0,0.5803500673014332
fov0,1729,8832.913461538461,7665.9375,33.81947142154124,17.056001410896474,1.3372833270838684,416,0.8635139831940265,1,
fov0,1730,8871.743801652892,6201.067768595041,75.71467666495536,22.583737771624584,-0.45764730060010117,605,0.9544802128426542,1,0.6059237376654586
fov0,1731,8873.76551724138,13774.555172413793,47.46468994680517,8.304275802311604,0.33755938738222324,290,0.9845760901627816,1,0.37861472682779124
fov0,1732,8952.738797395634,18728.495212562237,250.41147286019924,93.021803270885,0.7631841734825059,5222,0.9284426352050841,0,0.7070816223538905
fov0,1733,8882.85807860262,13380.923580786026,67.4158716589995,10.41387225427058,1.1110308514317853,458,0.9879971486821801,1,0.5042822160861671
fov0,1734,8911.006509357201,18497.32058584215,130.63081693815423,42.47993728584772,0.9269514167236762,2458,0.9456484317309716,0,0.7645533444757865
fov0,1735,8893.089965397923,17815.326989619378,101.802650089027,21.255397992344268,-1.0638039540790831,578,0.9779604505647265,1,0.395798251729178
fov0,1736,8892.732804232804,6141.269841269841,45.40395374482683,13.455161945613336,-1.5065870393835232,378,0.9550814574308255,1,0.8729894764088917
fov0,1737,9079.958996986656,14242.298213517004,376.53090499904033,107.44144864535002,-0.43158403608012186,9292,0.9584246819226984,1,0.45434541112633986
fov0,1738,8904.847750865052,10745.256055363321,43.853097584112696,9.945079739677482,-0.4757807412835575,289,0.9739456162684191,1,0.4710739509618987
fov0,1739,8934.851412429378,12587.821468926553,110.22857948084348,53.84725604311635,0.40703627334576253,1770,0.8725608726861155,0,0.7546758809672893
fov0,1741,8923.457364341086,6947.903100775194,19.37311479527497,17.004536740909163,-0.27707903046115756,258,0.4791392270276297,1,
fov0,1743,8929.353448275862,16962.754310344826,29.131181033905726,12.042854967950337,-0.3757733774510776,232,0.9105491409885781,1,0.3628438244539703
fov0,1744,8928.040935672514,9275.146198830409,36.620838709047476,12.760332157258272,-1.3888016718905787,342,0.9373293904492805,1,0.6853205295898459
fov0,1745,8990.823076923078,9415.220512820513,141.68348806200495,32.64587944351087,-0.3913837125337745,1950,0.973092658908283,1,0.5237478903367824
fov0,1746,8963.642659279778,17158.56509695291,75.06961934155652,19.82732489014375,0.9198580196596224,722,0.9644900562995661,1,0.6629797380124083
fov0,1747,8973.08527131783,5262.516795865633,55.96691669730258,10.562325065184343,-0.15113381039789447,387,0.9820300837497401,1,0.4898590966323936
fov0,1748,8964.576335877862,9273.92748091603,23.796586843258822,14.73801878842691,0.9486812811942833,262,0.785128178542497,1,
fov0,1749,9067.210788757933,17106.014505893017,337.58394836950686,134.64002229005897,-0.9366519503574194,8824,0.9170230558199468,0,0.5765482971757789
fov0,1750,9047.669403630078,8890.945116681072,224.1758642748665,73.78841261194333,0.6957217472884333,4628,0.9442762072885382,0,0.6813897154539426
fov0,1751,8996.03196347032,16865.57305936073,63.9195921052072,12.442799732066888,-0.17808731615417817,438,0.9808701206342825,1,0.3377828567447541
fov0,1752,8993.43654822335,17578.013197969543,42.98163549452374,31.31896050988344,0.9198082419447756,985,0.6848765532106295,1,
fov0,1753,9156.243079216354,14945.835711243612,480.32069156277004,93.97684547780996,-0.04764274892719717,9392,0.9806729143377131,-3,0.34883523476683065
fov0,1754,8987.747282608696,18979.092391304348,52.465274955999725,12.441933348755068,0.8539257455174026,368,0.9714740064804163,1,0.5017980361508951
fov0,1755,9015.383787661405,6724.642754662841,71.4456695079935,50.6804911323695,0.22377462201700185,1394,0.7048493033057417,0,
fov0,1756,8996.221374045801,10802.641221374046,17.51981440371526,10.517100013535998,-1.2019405454580108,131,0.7997768216812368,1,
fov0,1757,9005.767713004485,18347.502242152466,64.76323751437413,22.896266998040076,-1.4488269308919637,1115,0.9354201546959844,1,1.0710609022060527
fov0,1758,9043.316991107908,9560.008651766402,152.42964268860393,106.69326963867546,1.521666303794782,4161,0.7141909411179498,0,
fov0,1759,9017.97461928934,11520.507614213198,30.22756948453032,9.563496929735,0.05548159951414678,197,0.9486314530667505,1,0.6217660184600782
fov0,1760,9102.912393162393,13792.392307692307,307.6742968283366,20.72035809644766,0.7827720981671249,2340,0.9977297413197707,1,0.5939232277523051
fov0,1761,9020.7503900156,6567.953198127925,33.00369467585418,24.88379287704944,1.4456823800672243,641,0.6569089487343012,1,
fov0,1762,9026.151851851851,14389.08888888889,32.38518499295315,12.954935560876722,-0.6190620660778478,270,0.9165035277525668,1,0.1194388014145361
fov0,1763,9062.33681462141,14646.19408181027,54.192982999452596,28.68070256758069,-0.40818953574566536,1149,0.8484766785139085,1,
fov0,1764,9060.9,18534.268613138687,73.19126994639984,45.89503472354213,1.4693124558495423,1370,0.7789740725448359,0,
fov0,1765,9116.58151673319,6041.291679459626,212.6692700578709,116.0514913992536,-1.4446755270351712,6514,0.8379871342288252,-1,
fov0,1767,9080.911347517731,10340.602836879432,26.27487662575032,15.635103795477093,-0.14715908983321052,282,0.8036819623389092,1,
fov0,1768,9159.193106649645,12005.487698735058,497.229224696439,178.05046736501694,1.5230080654908553,17234,0.9336888831386713,-1,0.8291755204250938
fov0,1769,9146.530687397708,17590.5589198036,159.20051269719485,36.57734165040182,0.035386546148736216,2444,0.9732481606966865,0,0.29960203351464065
fov0,1770,9100.196551724139,15059.81724137931,46.39837552947024,8.742895145607593,-0.8261711214785775,290,0.9820864193751807,1,0.5076132159072875
fov0,1772,9111.03118040089,17090.83741648107,49.84203933021846,13.330838108318154,-0.1034408866341042,449,0.9635684835708913,1,0.3322568547250927
fov0,1773,9098.701834862386,11785.48623853211,24.805523991436722,11.872176871499025,1.5330695487322936,218,0.8780274902556566,1,0.9181111735441265
fov0,1774,9137.11033519553,9364.923184357542,90.82644037764982,32.626382374624825,-0.5569152310910702,1432,0.9332541441982122,1,0.558425742606428
fov0,1775,9127.179289940828,13362.666863905326,93.28823540014486,46.756068442280856,-0.9758657769266358,1690,0.8653314438879961,1,
fov0,1776,9113.75890736342,6248.796912114014,37.30019253026887,29.118787944998534,-1.1140990832810427,842,0.6249553121010546,1,
fov0,1777,9150.18561595063,6493.375267030619,221.14244218782645,72.81281286541581,1.5373670419260825,4213,0.944240161817499,1,1.2189118680276994
fov0,1778,9151.831987891019,18848.34762865792,110.85995302974302,44.47641880776676,-0.9893522346983968,1982,0.9159928284856386,1,0.8496579797361717
fov0,1779,9145.377866972478,9124.467889908257,84.7147752243269,52.64974581931577,1.518248906323688,1744,0.7834187228732266,0,
fov0,1780,9281.018177195881,8527.461484682852,483.5021298017378,201.6433245570413,-0.34154224747924616,15734,0.908884720061668,-1,0.4984033275474649
fov0,1781,9222.878823996822,17112.354787445372,221.87456102252708,28.137580798223233,-0.007635101967910285,2517,0.9919260645404451,1,0.3291444526144802
fov0,1782,9155.59515062454,16072.835415135929,78.75875569008512,23.04934267406592,1.5311850905331696,1361,0.956217324596751,1,1.1436033420820562
fov0,1783,9162.0044411547,8949.78904515174,48.964618860420295,35.30811109975529,-1.1575332655063009,1351,0.6928368540322135,1,
fov0,1784,9263.941976679622,17057.32731815658,237.98329814854483,39.5250629598861,0.022073269860694546,3602,0.9861117185531514,1,0.3973318176603728
fov0,1785,9195.667253521127,13404.229460093897,92.57877769650423,41.7016240610246,-0.08253476361780829,1704,0.8928043068057392,0,0.6099628219251646
fov0,1786,9157.756684491978,5909.812834224599,29.877756610489197,16.187872578545125,1.225853061916978,374,0.8405051971490012,1,
fov0,1787,9214.151258128357,5349.40684195646,125.27770100686514,68.17435782434492,0.11841022886017466,3537,0.8389646666402957,-1,
fov0,1788,9170.255376344086,12702.435483870968,59.934092215991456,8.515571021615285,-1.4855823792599072,372,0.9898548543022032,1,0.7135117815630679
fov0,1789,9241.033228840126,17420.257053291534,127.9598593609603,46.13275927621068,-0.20489445340413362,1595,0.9327494571443058,1,0.1723461123347198
fov0,1790,9200.392857142857,18721.25369458128,61.80666011664652,38.9718120497469,-1.5308276804445176,812,0.776153592843947,1,
fov0,1791,9285.243841240876,19058.860629562045,232.28998975855663,72.45993100291658,0.38844526440970706,4384,0.9501026630993894,0,0.4111721376458515
fov0,1792,9228.530601092896,18393.613661202187,101.1607318556224,26.89299685015312,1.0234237618495685,1830,0.9640159985503712,1,0.6862002380829779
fov0,1793,9216.407178217822,12450.511138613861,79.69290898123072,33.36194285048487,-1.25479877158801,808,0.9081563018939753,1,0.6922069462769438
fov0,1794,9228.299727520436,19218.174386920982,62.342107876844715,8.869368225048392,0.21655577303496176,367,0.9898279878191866,1,0.3727128214494789
fov0,1795,9234.796,14686.8448,71.56858424173865,32.76910894414369,0.5650110712696066,1250,0.8890191487001736,1,0.5319021599419818
fov0,1796,9333.078810020877,14108.465553235908,496.63861341948666,92.61480258721033,1.267555505456766,3832,0.9824581327155782,1,0.9828874238915144
fov0,1797,9230.640495867769,4742.847107438017,38.75810468368767,10.41433246605829,0.8194283697023365,242,0.9632237007433819,1,0.3301753490996587
fov0,1798,9229.362416107382,12145.375838926175,22.227116286621712,9.42133119483666,-0.2709486795243321,149,0.9057246513451401,1,0.7827728153792083
fov0,1799,9257.519893899203,18109.76657824934,55.6053202106402,11.00845927898184,-0.14291578187958043,377,0.9802070841330812,1,0.5622723266312599
fov0,1800,9452.481155433288,15053.756946354883,435.42937150275395,71.26122679078982,-0.22448056492597634,7270,0.9865172398242741,0,0.33299928879667784
fov0,1801,9277.246699096595,17301.320361362057,66.51080125838493,48.587945849397094,-0.24819217741947308,1439,0.6828836565209486,0,
fov0,1802,9270.311023622047,12385.748031496063,74.8456774918896,14.201099107933851,1.2662594760049388,508,0.9818346803285904,1,1.1242740188092188
fov0,1803,9278.817869415807,5667.182130584192,43.377008525785506,10.024665414749528,0.0976035649382019,291,0.9729286952540585,1,0.43326625935625057
fov0,1804,9294.610556348074,13301.348787446505,49.325221143632646,39.49844735186793,0.06753258602901714,1402,0.598964097853424,1,
fov0,1805,9344.901207464325,15337.245883644347,134.39290367437434,22.495888425461064,-0.4956567945956337,911,0.9858909351193368,1,0.3728518408315996
fov0,1806,9298.629268292683,13770.775609756098,33.16304252787696,8.156883711112682,-1.468019587696767,205,0.9692792006348605,1,1.1733384851022477
fov0,1807,9304.954838709677,13835.76129032258,24.915000161288855,8.174016537751696,1.2812655391613978,155,0.9446512905140622,1,0.7373022482930536
fov0,1808,9308.436201780416,4860.513353115727,36.1445374944169,16.751543967742453,1.4912460292292506,337,0.8861178900488322,1,0.5327658514948235
fov0,1809,9319.721227621483,14403.621483375959,55.24725114630724,10.312795760295812,-0.9877601646402678,391,0.9824233918230609,1,0.6361462732972568
fov0,1810,9331.601340033501,12592.370184254607,73.42423268087104,12.237975214117782,-0.7167926948522224,597,0.9860119087425003,1,0.6162373517747924
fov0,1811,9367.290169491525,15184.397966101695,188.99695363431104,35.332212307945845,0.9189251963310869,1475,0.982370203737807,1,0.6749089612293887
fov0,1812,9427.881209232313,5494.979678876066,265.9226997144415,105.23870694590235,-0.5227763643558412,7972,0.9183586103200132,0,0.4586159462704321
fov0,1813,9336.48730964467,18222.678510998307,35.815414637594294,21.10145865983575,0.2251417253716214,591,0.8080072543951587,1,
fov0,1814,9377.756902931967,8392.883859948763,150.28338970644685,109.04955642130683,-0.029668495202998857,3513,0.688089166224523,1,
fov0,1815,9351.112529002321,13036.546403712297,40.633459733504736,32.2490018116779,-1.1838487944857834,862,0.6083663845134514,1,
fov0,1816,9369.061538461538,4338.94358974359,94.66035517309406,10.912065536953921,-0.8551194726950903,585,0.9933335027260755,1,0.726861948140521
fov0,1817,9415.42917177377,9157.661180178602,383.5510332771651,43.479640107306885,1.093477725093651,5711,0.9935538918636404,1,0.4365473476630781
fov0,1818,9365.500477554919,18378.14995224451,60.49848405712287,46.78591954233364,-1.4908389200212664,1047,0.6339910764227659,0,
fov0,1819,9405.462623413257,6071.996776143462,131.984217421319,104.08848070904371,0.2222445242987904,4963,0.6148508784634484,0,
fov0,1820,9358.509842519685,18314.990157480315,30.052453026484983,21.643417435003553,-1.333920943684543,508,0.6937789113303028,1,
fov0,1821,9450.746437214304,6760.665501478892,297.5905255680474,138.23377357761373,-0.39524310513360233,7438,0.8855678768107537,0,0.63374620935554
fov0,1822,9385.719712525668,19005.0,51.56860115324352,33.221140316358266,0.9298325498199277,974,0.7648465099215901,0,
fov0,1823,9411.494870742716,13519.896183832581,99.94807099908827,64.79514244193926,-0.47748938374043454,2437,0.7613951491756284,-1,
fov0,1824,9429.119014411901,4885.7549976755,94.7093623133954,42.095675257579714,0.194981910158152,2151,0.8957926629875388,0,0.4284807948146277
fov0,1825,9442.936670687575,17343.558504221954,101.58315568985701,26.179771933681746,0.40199258905495794,1658,0.9662202720120222,1,0.28748150813303497
fov0,1826,9506.94051184318,9187.564524911517,437.0011663502898,55.096534656938935,1.0537613618975261,7346,0.992020243686889,-1,0.4908222206516589
fov0,1827,9435.94023479189,6408.409818569904,99.64125268582752,51.201749863765436,1.1267100967045016,937,0.8578734829363074,1,
fov0,1828,9422.543318649046,12634.165932452275,37.06635178937898,23.988244107677396,-0.27264151160349664,681,0.7623454134829396,1,
fov0,1829,9533.662971175167,4748.542054693275,229.65011326324324,126.29781561230236,-0.06470855164915137,6765,0.8351926028093221,-3,
fov0,1830,9441.419977298525,12903.679909194097,38.88743032930772,29.316870036089824,0.18550146115511593,881,0.6569999173501656,1,
fov0,1831,9426.861635220126,13987.182389937107,18.33615642701726,13.803777647339992,-0.13997219718206358,159,0.6582294121171163,1,
fov0,1832,9437.935960591132,9248.08866995074,37.277456157412516,7.78990414293039,0.6865461942223755,203,0.9779218560040329,1,0.38133957669473767
fov0,1833,9618.669874879692,8317.949137484267,451.5697055224944,185.55623815393216,-0.07700631494796456,13507,0.9116741866443279,1,0.3744519330639605
fov0,1834,9434.0,6874.323809523809,13.163280161454695,10.37134028860219,-0.1751742607471304,105,0.6158039994378006,1,
fov0,1835,9513.642567677096,13169.026908737234,180.8156062517703,138.96575322199314,-0.8623819019475466,6169,0.6397902670083168,0,
fov0,1836,9464.108695652174,4940.41847826087,58.27330510891821,13.6110204024615,-0.03859010402887959,552,0.972339476125667,1,0.5221021590001539
fov0,1837,9463.471337579618,4797.314649681529,105.96566356520921,44.13568439356532,1.2278204958455452,1570,0.9091314551344627,1,0.44588807944784153
fov0,1838,9496.50193236715,18703.329468599033,135.78704712395432,44.04641727096705,0.7948325644670486,2070,0.9459273227079287,0,0.745468624849499
fov0,1839,9483.951675759938,12774.575993764614,94.4925082542481,77.73291674253956,-1.2513281649337193,1283,0.5685687288233973,1,
fov0,1841,9471.418918918918,10768.634095634096,42.889750504516954,31.53497720858509,-1.2595065509741614,962,0.6777887267135926,1,
fov0,1842,9517.079214402618,17149.766939443536,159.1054997721477,48.779598105625766,1.2830929899623085,3055,0.9518428015116558,0,0.5218990729345848
fov0,1843,9517.005936319481,6025.529411764706,117.5090688023697,21.88749689805107,1.0236197886857512,1853,0.9825000739513868,1,0.5961499453368319
fov0,1844,9509.915492957747,14422.042253521127,30.903231277366594,10.535099092282179,-0.01657822966058516,213,0.9400973631281524,1,0.5203157656458252
fov0,1845,9529.833496571988,4483.531831537708,50.28168147217386,41.52963928992659,0.24071246135897453,1021,0.5637584002015485,1,
fov0,1846,9543.51248164464,17607.396475770925,100.40290812260018,9.420732811242274,-0.6891353987384209,681,0.9955883013478518,1,0.4856302228132867
fov0,1847,9517.245614035088,10757.228070175439,18.32753116788636,8.189997250805943,-0.1811274136572613,114,0.8945996313159185,1,0.44370363161798704
fov0,1848,9533.415413533834,12678.785714285714,41.713732856579355,32.79582972250887,-0.062061464609748394,532,0.6179571005135063,1,
fov0,1849,9551.402019002375,19102.26781472684,83.24603915392322,41.794970009460116,0.5477275144012316,1684,0.8648295580571044,0,
fov0,1850,9529.345454545455,8267.809090909092,15.412855756646069,9.592916277862445,-1.5059033391730576,110,0.7827016584093911,1,
fov0,1851,9537.259803921568,4211.093137254902,27.171157296774627,10.91678138491323,0.2710205589112946,204,0.9157369697311744,1,0.6251555835633487
fov0,1852,9539.898305084746,6884.669491525424,24.376642170261587,18.55520012592731,0.540640237613677,354,0.648531640864073,1,
fov0,1853,9536.827683615818,10047.50847457627,37.562464449494364,13.341145316230284,1.544719953300336,354,0.9348008703011647,1,0.8241191912438295
fov0,1854,9562.646511627907,16480.916279069766,39.35098315678945,15.037715885956912,-0.01960977592401096,430,0.9241030638119032,1,0.5559852677015845
fov0,1855,9557.872222222222,5154.283333333334,27.051182590736488,11.267409111990046,-1.1942872518709127,180,0.90912569716242,1,0.6522555084428638
fov0,1856,9600.051940298508,6824.760597014925,104.94017795640934,31.533096558505427,-0.10673393853794949,1675,0.9537860985956894,1,0.3972928426316904
fov0,1857,9652.212438423645,10008.568349753694,203.42092586006962,49.681022387778405,0.1621233668563458,1624,0.9697179159303161,1,0.38997044770278844
fov0,1858,9655.02000851426,17025.453384418903,212.59630595598637,59.95473531343002,0.14189097635012823,4698,0.9594108417150959,0,0.3035615834221485
fov0,1859,9575.220037453184,6154.8408239700375,69.1176940101948,23.842309130027243,1.4011628611504152,1068,0.9386202078845378,1,0.6810473616237248
fov0,1860,9598.305094447625,15478.045220377791,105.41160860446243,44.73653182484796,-0.6968468701889848,1747,0.9054755032709636,-1,0.4250773095702152
fov0,1861,9589.43923076923,4433.116153846154,49.462682791954,35.720436666394804,0.09907514109233058,1300,0.6917162257087581,1,
fov0,1862,9639.457428068115,19080.712272460365,99.6304817784871,26.79063697570118,-0.36019109880963207,1703,0.9631680994008042,1,0.35442023437286674
fov0,1863,9654.221401634193,18565.804054054053,203.58875492871474,132.2699571254634,1.548886088072302,6364,0.7601976620495347,0,
fov0,1864,9607.48463356974,11816.744680851063,27.05112017466195,20.012373120525346,-0.9958766351376367,423,0.6728286953730837,1,
fov0,1865,9661.57627118644,17280.743155149936,170.35786230217758,38.274406838635194,0.4529077151935228,3068,0.9744347652537436,1,0.24516070046060598
fov0,1866,9645.146030440148,4942.290415466886,109.67082976888474,30.17359230967594,0.5636559777467315,2431,0.961407406362151,1,0.5113582682701012
fov0,1867,9714.163707386364,3802.434659090909,275.511917700928,77.38997880440185,-0.18650707870085506,5632,0.9597384431803541,0,0.5549873034446479
fov0,1868,9630.718194254447,6898.948700410397,68.34867401962006,32.17138913574798,-1.1515093405966497,1462,0.8822959135077341,1,0.7099750524914616
fov0,1869,9651.226447219069,3926.8916004540297,84.03160844930012,45.54745018542113,0.34537865882913577,1762,0.8403606916178823,1,
fov0,1870,9627.407849829351,6147.056313993174,67.87929429824177,15.833059989064969,1.243231664995858,586,0.9724160440337062,1,0.6384582174053754
fov0,1871,9633.239530988274,9119.968174204356,36.13611914825813,32.15447094691513,0.3775292102932316,597,0.45632090573455647,1,
fov0,1872,9636.248730964468,12958.578680203045,30.238500898610674,9.078114398745699,0.129691883743892,197,0.9538709062352873,1,0.3788899292373334
fov0,1873,9652.133265513734,12140.15971515768,52.55292135177978,30.03227647616598,-0.46198224976656765,983,0.8206248328201544,1,
fov0,1874,9647.803988995873,19242.775103163687,63.4146453499674,46.55508677068069,1.027665880476243,1454,0.6790005333458656,0,
fov0,1875,9700.971965811967,11787.388376068377,141.3387255618588,77.08543316033119,-0.08960075487747328,2925,0.8381791587801088,0,
fov0,1876,9699.87786259542,17420.722222222223,135.3883772163102,56.56172054180747,-0.016442270202208967,2358,0.9085510602593356,1,0.2590540848491976
fov0,1877,9676.72076372315,4348.140811455847,56.6282062721488,53.74413862552497,0.7471149540509932,1257,0.31506492006603115,0,
fov0,1878,9733.819485294118,4779.891544117647,171.39769533174723,28.845682594501195,-0.20758402819580998,2720,0.9857363690084281,1,0.4659160839256668
fov0,1879,9699.788041652671,18911.49848841115,227.20876407867848,55.904714192095255,-1.2840918050897545,2977,0.9692571394038662,1,0.7181655035590401
fov0,1880,9711.5418261345,14027.460634226352,186.90177212220422,81.72664165143678,1.119454339785116,3658,0.8993300070678465,-1,0.6480732905847809
fov0,1881,9682.447174447174,6122.815724815725,50.08369501693992,14.638599611372756,1.3884156290186642,407,0.9563319506682528,1,0.6772823066847612
fov0,1882,9690.144271570014,12975.48090523338,88.77765606846236,11.250746755158747,-1.2768557698209586,707,0.9919373151984222,1,0.6181470278494022
fov0,1883,9692.536585365853,8338.685975609756,27.73245142636078,17.688214058736765,-0.6298441576402332,328,0.7701883928377188,1,
fov0,1884,9735.211111111112,4181.1867724867725,220.16068227489396,58.533277282125425,-1.0608180547654662,3780,0.9640099480235483,-1,0.790741110804001
fov0,1885,9702.28706199461,16579.33153638814,54.38197182747056,22.19585727520652,-1.5425875915625864,742,0.9129160678296405,1,0.7930820990070693
fov0,1886,9721.508287292818,4043.388950276243,37.953152542700856,30.801962689363737,0.3457842591481769,905,0.5842433867670644,1,
fov0,1887,9725.879194630872,6176.3691275167785,79.59130184434693,25.146503856763193,-1.2920813933096766,745,0.9487773810724283,1,1.1632885959598165
fov0,1888,9742.80827586207,4386.781379310345,71.88747634643964,43.00052081865563,-0.4532056217158722,1450,0.8013735017610639,0,
fov0,1889,9764.731738035265,12900.476070528966,93.62083908119921,23.698208796056853,-0.0009816025254864925,794,0.967432368716994,1,0.3370736903075348
fov0,1890,9760.466478475653,3884.304163726182,85.51288989809173,31.41190830715079,0.8129450592455134,1417,0.9300885615537919,1,0.7763285760093129
fov0,1891,9764.490793650793,15396.189841269841,101.77619679539858,52.52254388070455,-0.8554751075828241,1575,0.8565529114387159,0,
fov0,1892,9764.448756822316,19315.41297756216,88.30441033118743,29.66012167069856,-0.16419278032900367,1649,0.9419030238211296,1,0.30461194463312846
fov0,1893,9760.76282527881,14785.08996282528,81.99504373019352,24.22632616935152,-0.9745203715046113,1345,0.9553548450547475,1,0.4937958805664762
fov0,1894,9830.930594635152,9370.330519602327,169.55808678192747,122.34396454710462,0.6492203616999211,5331,0.6923664673422951,1,
fov0,1895,9844.621185446009,10438.029636150235,185.56023698533343,66.96610546897746,0.17098138664993076,3408,0.93260990847587,0,0.4328309853800412
fov0,1896,9777.692622950819,12178.610655737704,54.59119570229778,12.539588800859248,1.2224497941302646,488,0.9732615190644555,1,0.8178427273921034
fov0,1897,9818.500902527076,17174.431859205775,103.72134438758347,40.659940941736586,0.23026235705247408,2216,0.9199603939199229,0,0.1931140346858441
fov0,1898,9800.254658385093,9474.173913043478,24.25282188377301,9.983505836386582,-0.006332869993792385,161,0.9113451543677249,1,0.24809990984547325
fov0,1899,9861.107142857143,17396.376146788993,164.16700751839434,37.33492878411544,0.4107568730208937,3052,0.9737966704510579,0,0.25240505871991353
fov0,1900,9800.845,15293.005,17.442147903256355,14.654237493671582,0.18204736409652192,200,0.5423348402932625,1,
fov0,1901,9812.249488752555,6839.719836400818,70.51570910560942,10.629605370197286,1.0316381048243364,489,0.9885732973973173,1,0.6715302378554042
fov0,1902,9914.945162728489,19425.980532025562,248.8320551137957,114.68372644921622,0.2241156789310135,6729,0.8874582716485606,0,0.19535792618997047
fov0,1903,9892.81803367735,12776.902227050516,230.33659091606143,42.617643152581394,-0.413655327398593,1841,0.9827341284530999,1,0.2668628515767417
fov0,1904,9905.075446598252,14423.203534777651,452.6413717568564,39.46140739396231,-1.2003079370768646,5262,0.9961925499219673,-1,0.6556804491188197
fov0,1905,9918.56312267658,17298.938289962825,227.78325572287562,93.06035583064096,0.40172017069841215,6725,0.9127369100863897,0,0.25212508117088267
fov0,1906,10074.472312201142,5589.699881741992,584.6107449768265,156.15798353256935,-0.08797554341434957,19449,0.963664809561776,-2,0.34801796043570193
fov0,1907,9847.731182795698,4625.73835125448,38.186738303690426,10.604402542400702,0.2747223648812694,279,0.9606682597791549,1,0.2855355538772687
fov0,1908,9854.176136363636,12490.345170454546,100.59510237140593,36.073409793419394,-1.177679320440841,704,0.9334912943517869,1,0.7272144521806002
fov0,1909,9897.677711623091,18763.716282681853,108.68293805864536,95.05148004841062,-1.401064563275176,3863,0.4848886140991611,-2,
fov0,1910,10118.314309444708,10265.164570479354,605.9936339252499,223.20432259274173,0.09012449583699066,25284,0.9296959754196455,-6,0.414663089438919
fov0,1911,9887.699228791775,17598.07712082262,61.4435465835266,9.19211900946243,0.21973676386184535,389,0.9887461955667682,1,0.20730190347110927
fov0,1912,9885.346989966556,3762.4774247491637,51.185140491828946,30.971013256875867,-0.2780705151716279,1196,0.7961660367916129,1,
fov0,1913,9882.265486725664,7085.146017699115,33.88654717562431,8.858941144712025,0.12732066158015004,226,0.9652225890775024,1,0.2757631158671459
fov0,1914,10153.582341772151,17621.900443037975,605.2042295912687,130.05027946487783,0.536481525111131,15800,0.976639006467645,-3,0.21491212815815297
fov0,1915,9982.617218543046,8663.19178807947,296.5741697145155,200.92796734654456,-1.4095602877835256,3775,0.7355259804605113,1,
fov0,1916,9931.268,8884.9664,118.89073135159535,48.50751231843152,-0.35162283097622327,1250,0.9129815744782076,1,0.54415746445743
fov0,1917,9941.36102868447,11747.342235410484,126.09168498883423,38.048042287732315,-0.1279932227810784,1011,0.9533873973098516,1,0.42017675163577234
fov0,1918,9977.783229903305,16555.474383027853,351.20545976150476,115.9602001406364,0.4224368830125057,6929,0.9439188030292988,-1,0.5603496279220249
fov0,1919,9916.150872817954,4028.540835411471,157.83795327943852,67.23618694066033,-1.4370322596038525,3208,0.9047314586153693,1,0.9033943161556356
fov0,1920,9916.400936037442,12035.85023400936,50.33408981792587,17.95707341384109,0.3664347232861823,641,0.9341969564447158,1,0.4895924762842701
fov0,1921,9911.860589812333,6113.777479892761,47.57111864556095,11.533059862633072,-0.4058508841673808,373,0.9701668328936626,1,0.7685606580277407
fov0,1922,9903.42774566474,12997.670520231213,27.869132028647396,8.387283802712755,0.050677948133476224,173,0.9536391443676789,1,0.35239032640198836
fov0,1923,9924.317228805834,18874.17228805834,68.48785007279137,31.29342211149979,-1.1067532062596843,1097,0.8895081404736045,1,0.497893293620835
fov0,1924,9973.867025177218,6961.231239305793,170.56308539090895,54.6222946474641,0.4524731456344119,4091,0.9473341230540068,0,0.18627780365640387
fov0,1925,9937.876288659794,9725.162199312716,98.75198264170818,45.76985657488235,0.5518448749755309,1455,0.8861058567679952,0,0.2626678689773885
fov0,1926,9961.369283536585,4849.637957317073,168.2071005364659,28.788137131588222,0.5575486432817586,2624,0.9852455082472259,0,0.23356719745904095
fov0,1927,9953.135432589423,13667.667380006114,124.98590790760758,88.66951263762263,0.8638332257139456,3271,0.7047697833525672,1,
fov0,1928,9923.626349892009,9448.29373650108,42.84117182828341,14.482588503407904,-0.28899116492083693,463,0.941127058425143,1,0.28340323262217865
fov0,1929,9923.441064638784,5919.352661596959,41.54050212158494,32.40110616202542,-0.8220574107567874,1052,0.6257940810841739,1,
fov0,1930,9963.702249669166,9403.33965593295,122.25872161249701,54.97581232962896,0.0034980503166622025,2267,0.8931958661397881,1,0.17831519549573055
fov0,1931,9928.388535031847,17364.535031847136,22.26268133164683,9.998812392753262,-0.4838176440630076,157,0.8934669993841126,1,0.49248918315741813
fov0,1932,9962.427240461402,6290.9795918367345,115.61418063266828,63.343538372653185,-1.043787122449196,2254,0.8365521704864289,1,
fov0,1933,10018.969510268562,11176.560663507109,237.81393018100113,99.65920224197052,0.6735468789874741,6330,0.9079568031104792,1,0.4173025191002769
fov0,1934,9952.905882352941,7118.329411764706,46.77875754705292,10.12332372220161,0.465248865467291,340,0.9763028903224268,1,0.2721836950640029
fov0,1935,9956.34090909091,12549.194444444445,51.37331488332537,11.638272579132016,-0.3218266441805009,396,0.9740011299748562,1,0.24131426906911407
fov0,1936,9986.527777777777,11341.580555555556,107.722404909237,10.277838994533345,-0.46586031399149974,720,0.9954380208490831,1,0.698642660055675
fov0,1937,10012.98757543486,6633.827476038338,152.2770247784754,120.29394857283762,-0.6806495693394478,2817,0.6131483106986106,1,
fov0,1938,10021.924542124541,9748.651282051282,127.93262275283398,19.764583674667808,0.7639283133596582,1365,0.987994018741933,1,0.29775726497569194
fov0,1939,9998.812849162012,7166.139664804469,60.85655490811536,9.061457438588594,0.5504224107367364,358,0.9888524657551759,1,0.30026444569431265
fov0,1940,9986.754285714285,6362.377142857143,16.673079331386095,13.383179249856722,-1.129346941693616,175,0.5964073633218435,1,
fov0,1941,10024.787488061127,7790.325692454632,132.22704013858743,27.227591469755726,-0.9778283594876781,2094,0.9785697851173744,0,0.38672586862719105
fov0,1942,10019.595135908441,3979.2432045779683,62.250708192011636,27.183026670169777,1.0788138389999045,699,0.899621682638167,1,0.7094530341773987
fov0,1943,10018.504714016342,12177.208045254556,96.69217807842374,50.094181191454666,1.4519062773746916,1591,0.8553328072850184,1,
fov0,1944,10010.181034482759,10327.241379310344,17.824557227923382,8.329482845882554,-0.9214972249940587,116,0.8840968180442794,1,0.5556889845648204
fov0,1945,10012.692982456141,6247.228070175439,15.693648577758257,9.294435203006156,0.06334973570471295,114,0.8057602689567072,1,
fov0,1946,10043.468659594986,18817.969623915138,112.91814098539959,51.74040505193393,0.460963787147432,2074,0.8888431274762969,1,0.6061147692969934
fov0,1947,10064.010123734533,17347.367266591675,169.2471212640825,25.188628309916815,0.8527370657979705,1778,0.9888631710583893,1,0.3751008694505155
fov0,1948,10111.76494277236,9983.150275540484,275.524875194313,51.015320734770285,0.24933479346485626,4718,0.982708978897531,0,0.18703326144385474
fov0,1949,10046.101910828025,3666.860668789809,57.191610663851066,48.203584522166814,-0.40811541438108273,1256,0.5381585470047474,0,
fov0,1950,10032.505882352942,6524.611764705883,23.333573935759926,13.967005602234329,0.14949660925412192,255,0.8010631962918227,1,
fov0,1951,10162.441293166788,9372.872593681117,347.42905946147226,74.10350543899199,0.35336961957747953,6805,0.9769887062964833,1,0.27318940983848294
fov0,1952,10053.25919117647,3817.670036764706,53.430856424378504,37.194088486310825,-0.2787855342137714,1088,0.717929062233743,1,
fov0,1953,10049.610067618332,8794.072126220886,77.15647024470267,39.484043671565125,-1.3428889179327415,1331,0.8591404332109676,0,
fov0,1954,10060.417030567685,12729.341703056769,59.74232048312564,35.60462121515247,-0.3009141944566964,916,0.8030068175926025,1,
fov0,1955,10040.8,17366.384,29.28667259106784,15.858231696617242,-1.5198439600289855,250,0.8407117789336696,1,
fov0,1956,10048.524710830705,11010.398527865405,66.44043346308419,26.414894504048785,1.3704030582799476,951,0.9175707297865247,1,0.7797101710898161
fov0,1957,10142.014370837715,6879.568524360322,150.7404154244422,35.13312826224122,0.1150249047092474,2853,0.9724598658429036,1,0.4734809264406613
fov0,1958,10075.293032786885,7680.690573770492,52.115631228414905,13.56729782290232,-1.3229638336291851,488,0.9655195161082718,1,0.6058858433824618
fov0,1959,10109.178861788618,19308.551490514907,87.1939306000447,13.731166750183037,0.23439933293441012,738,0.9875224208134544,1,0.17335307338471553
fov0,1960,10096.004807692309,18871.427884615383,33.36687113155046,8.604061219586145,-0.14767908035026145,208,0.9661816529742143,1,0.33438656159260366
fov0,1961,10094.8203125,10211.859375,17.231100960873643,9.585465657112303,0.3139422023921016,128,0.830989141335539,1,
fov0,1962,10268.229182819041,5020.302527523647,376.28335442605925,50.15625386468658,0.1021343665936083,6449,0.9910765620148356,0,0.18007579285899328
fov0,1963,10131.946815089672,4054.4675324675327,57.804297450462606,39.57974917746643,0.07278092663574384,1617,0.7288063828281531,1,
fov0,1964,10149.042230422305,6977.031570315703,89.2205507887487,51.3283631628575,-0.1871511095735536,2439,0.8179442177498094,1,
fov0,1965,10117.434210526315,18790.298245614034,17.36350529133505,16.88657975010783,1.2401648448156746,228,0.2327655554206046,1,
fov0,1966,10190.657979502195,8211.333674963396,277.764292804057,89.96654935555895,-1.2112700216762478,6830,0.946092930787045,0,0.25732595277966674
fov0,1967,10407.240852508487,18163.48708034704,583.3690223058514,80.06303641905099,0.13720438548038705,10604,0.9905374752630375,1,0.2855215722270012
fov0,1968,10147.906077348067,6777.121546961326,82.6749353794721,10.089042166245141,-0.9649830810316322,543,0.99252608541449,1,0.7614103835534608
fov0,1969,10203.192044482465,5786.359281437126,139.22581686411684,28.254143850915717,-0.11742752269989117,2338,0.9791916858123431,1,0.35232244874762264
fov0,1970,10147.922033898305,19279.852542372882,49.20186649715845,18.453211218303657,0.9018937620656097,590,0.927004162402362,1,0.3660726621298027
fov0,1971,10145.437113402062,11909.79175257732,34.36200187271914,21.79106053092534,0.22098855567400588,485,0.7732005706891305,1,
fov0,1972,10327.871066507909,18208.67018200374,391.25553765970324,38.391404868289854,0.011054699885491407,5879,0.9951742348060008,0,0.3263006237251198
fov0,1973,10168.78058783322,9790.296650717703,69.39214368618322,37.34769228281554,0.8835619930715579,1463,0.8428094217318417,1,
fov0,1974,10171.470786516855,9867.311235955056,116.91525256848462,12.998597911963058,0.7527516306744902,890,0.9938003237198078,1,0.23220604477775086
fov0,1975,10204.194773706897,12917.801724137931,216.60879861617633,48.045507682847735,-0.8390410317021854,3712,0.9750904200637232,0,0.2899771279611994
fov0,1976,10179.868309260833,19024.70093457944,74.79517980767339,52.19234163866044,0.9122566720897743,1177,0.7162891959349373,1,
fov0,1977,10202.206534422403,4128.972578763127,137.93381957183695,24.18064115791403,-0.20231610101580277,1714,0.9845139756632392,1,0.5253327564902404
fov0,1978,10155.82142857143,10403.364285714286,17.78667792258423,11.704726356925207,0.03258686907367961,140,0.7529642623490101,1,
fov0,1979,10433.849454738895,19385.609096551114,643.6079320824565,175.90681067918123,0.1791923982456738,22558,0.9619249803152635,-1,0.18359038657026666
fov0,1980,10156.936,7106.192,19.191485461018058,8.6417316435731,-0.5661241024379681,125,0.8928824255891435,1,0.48810287329661334
fov0,1981,10165.889705882353,17290.915441176472,33.86225698887493,12.234605455450234,0.3421994245984808,272,0.9324476604528884,1,0.27152689643308225
fov0,1982,10176.55421686747,16555.701204819277,33.15561249187311,16.146945461371285,-0.5201313363204811,415,0.8733992418927213,1,0.404864716361815
fov0,1983,10175.701949860724,6806.623955431754,40.27146988312107,22.859045497765003,-1.1259780904860401,359,0.8232880425849244,1,
fov0,1984,10238.144924739483,7856.973755306832,295.16606179801204,150.03930178185277,1.5706414612406485,10364,0.8611672848400433,-2,
fov0,1985,10175.19393939394,10451.624242424243,25.550604794649104,8.87435516350152,-1.0504035119467177,165,0.9377449437119713,1,0.6101816817191951
fov0,1986,10184.847176079735,3268.2691029900334,37.891304493731674,11.922469126581028,-1.4793678291401382,301,0.9492080240686785,1,1.041024039273837
fov0,1987,10265.721849252364,4864.15013732072,196.46974125949464,106.38705649094291,-0.09788429756762368,6554,0.8407050387941403,-1,
fov0,1988,10206.52,6040.3438805970145,142.1657969621133,18.186962988220245,1.2454206475494323,1675,0.9917834785693251,1,0.7962064438261719
fov0,1989,10192.748299319728,7104.646258503401,18.092299240245403,10.45332365128999,0.4081857318594504,147,0.8161943065193976,1,
fov0,1990,10193.272,9435.008,17.51252828729663,9.245030285869017,1.1557473600317612,125,0.8493006215132903,1,
fov0,1991,10221.868011527378,9696.636887608069,88.49255379943898,54.13334516048443,1.3109287039188349,1735,0.7910684156437767,0,
fov0,1992,10226.103347889373,17338.708879184862,67.16821598660965,18.11490669092801,0.8250390333376136,687,0.9629459020641334,1,0.35621907815798587
fov0,1993,10234.998058252428,12672.372815533981,71.61809900645608,16.578694093048238,-0.5383709672131702,515,0.9728378802385472,1,0.18467057086589558
fov0,1994,10227.032558139535,10991.02015503876,44.57807600874946,18.810426479637226,1.2734955921167892,645,0.9066117180608372,1,0.7414173727296186
fov0,1995,10230.161290322581,10433.788018433179,33.01880285711195,8.58336397236766,0.7238413745939485,217,0.9656210493105839,1,0.6404263849870279
fov0,1996,10245.309917355371,3821.11753902663,122.55240302399974,32.58711707590947,1.187054312686015,2178,0.9639996424044041,1,0.3784756750005884
fov0,1997,10319.258131012368,19050.32959230417,200.9578024522415,92.29620967720886,0.055183717732354705,4366,0.888290754118537,1,0.253687550468453
fov0,1998,10284.67012195122,4377.159756097561,75.10938932646785,50.43489814492027,0.33847781775183394,1640,0.7410173046486179,0,
fov0,1999,10270.710227272728,10362.227272727272,21.07359612302949,12.007837185832136,-1.0853865750689478,176,0.821780042281526,1,
fov0,2000,10398.570479551589,12265.690263649574,297.8607192622431,42.68418480683117,-0.4484189990439478,4817,0.9896789349957947,-1,0.28762600657889853
fov0,2001,10277.735751295337,18767.84974093264,29.206921299091082,9.033361385247266,0.5287877164616291,193,0.9509682948162409,1,0.27341114858470666
fov0,2002,10417.146530204693,17822.87668497254,295.73993368495223,155.06923948510723,-0.4288281162234003,4006,0.8515069881413437,1,
fov0,2003,10336.69238476954,9881.709919839679,119.91506477888714,42.26590399558072,0.37629987766747724,1996,0.9358248685441191,0,0.549946953430488
fov0,2004,10380.271519659937,9746.912327311371,199.12358090301694,34.393726658224224,0.17565627077502968,1882,0.9849699945814505,1,0.543507225946659
fov0,2005,10302.40350877193,19622.263157894737,36.18407755654503,8.342414524861406,0.20505876014077534,228,0.9730593310587518,1,0.04558304357086255
fov0,2006,10308.754098360656,8952.11475409836,29.70681327284946,8.273947957527584,1.1110759120151268,183,0.9604303675970057,1,0.7612053680708887
fov0,2007,10324.0296875,12549.571875,44.534946791911636,22.04692169961826,0.05753264322464547,640,0.8688658142468471,1,0.23562702834928065
fov0,2008,10434.616786678667,5392.212196219622,280.3640504781463,37.71502716342767,-0.32882084470503015,4444,0.9909106583772859,0,0.16066368552227256
fov0,2009,10327.041625371656,10439.234886025768,50.33843903348974,34.63708590704519,1.330634154385713,1009,0.7256308266983773,0,
fov0,2010,10325.941060903733,13025.793713163064,36.356140376864545,20.010839661201775,-1.2359423016999456,509,0.8348934800754213,1,
fov0,2011,10334.628731343284,9390.175373134329,34.314460138272366,20.472755550425333,-0.06950620329325856,536,0.802522527852448,1,
fov0,2012,10338.463519313305,9789.954220314736,77.5927863945412,31.436972093098877,1.4364511283612884,699,0.9142487723890749,1,0.8596343023779665
fov0,2013,10371.515840220385,13210.915289256198,108.45446432311729,57.042834737326224,0.5247558443189997,1452,0.8505085943630328,1,
fov0,2014,10391.61084452975,7516.178502879079,128.0047827274993,52.72734441555797,0.17115545868368745,2084,0.9112213758833883,0,0.45842958126259814
fov0,2015,10380.56993166287,4227.340318906606,108.81481434880853,52.154858196336825,0.1319144147972959,2195,0.8776515454345107,-1,0.21109996914699317
fov0,2016,10379.790593505038,4434.641657334826,98.41997230286152,39.80352537566307,0.0065558585947888565,1786,0.9145710407768219,0,0.23920223074943167
fov0,2017,10351.085235920853,8900.41704718417,39.98605071773373,29.41407371331091,0.7690397469079093,657,0.6774070574576511,0,
fov0,2019,10418.135456475584,18621.14925690021,286.4971389462154,134.18536975405664,1.2426156638954777,4710,0.8835348198867626,0,0.5800942905553839
fov0,2020,10369.049242424242,12476.357323232323,58.29952559686518,43.4838040608085,-1.4618532777046276,792,0.6660927544808588,1,
fov0,2021,10391.100233100233,3201.732400932401,111.3450262725655,32.6823745121873,-0.885989991510487,2145,0.9559518782199418,0,0.713578252528265
fov0,2022,10399.05318615153,5619.968891118916,93.06020076598368,67.9245855899238,1.49236500697462,1993,0.6835545713155318,1,
fov0,2023,10403.035196687371,7158.561076604555,69.92423569031304,9.320829590288385,0.37403739229763133,483,0.9910758703572364,1,0.3672224610180222
fov0,2024,10390.184210526315,3918.315789473684,38.29978630735505,10.149775359276875,0.8644847836306133,266,0.9642460297101548,1,0.33622645502895454
fov0,2025,10391.699115044248,8523.002949852507,23.157347472603405,18.719150750014233,-0.83878877065635,339,0.5887075981151663,1,
fov0,2026,10451.914315530543,15210.72751667847,787.9782249794999,133.41049871438875,-1.5173426827349665,26831,0.9855633028844444,-2,1.1610066209577417
fov0,2027,10464.984615384616,8565.074950690336,212.07381625318772,46.039071287514005,-0.459522847696058,2535,0.97615162779647,1,0.47971312641260416
fov0,2028,10435.424534574468,6827.358543882979,262.92245037767606,65.69215262088441,1.4724837323517337,6016,0.9682835937829418,-1,0.8130672836028933
fov0,2029,10419.56148867314,17572.95792880259,67.84023185210579,18.917874442746243,-0.13834090999575926,618,0.9603319909921946,1,0.5118153860072001
fov0,2030,10501.90782122905,3925.828770949721,177.50943276094586,115.23089095830535,0.5217815528680577,7160,0.7606573321335817,0,
fov0,2031,10455.6686787391,9374.714956405098,103.30741598340667,32.454822795534255,-0.05058804473879898,1491,0.9493708041299138,1,0.27073151432158865
fov0,2032,10527.809743110023,15756.415629272506,543.9283157986799,86.02411329446905,1.120058079018923,13897,0.9874145540786514,-2,1.0733002345722418
fov0,2033,10435.594362745098,3467.0367647058824,49.41819461790081,30.64840948549585,-1.3830095939069253,816,0.7844558022681369,1,
fov0,2034,10430.922431865829,9871.5964360587,104.10434552366567,27.316959495091208,-1.5033734906928586,954,0.9649592451006056,1,0.998885156036914
fov0,2035,10442.902451747523,8064.343244653104,91.09833860029876,61.63429412941431,1.4861197965671624,1917,0.7363794208358939,0,
fov0,2036,10517.721601941748,9938.818203883495,252.74938026167683,46.93136228808702,-0.5187602789191327,4120,0.9826096263947617,-1,0.41911217097842535
fov0,2037,10435.728110599079,12713.059907834102,30.56991874999976,10.082619587111193,-0.3075973303898913,217,0.9440432779251828,1,0.4424581797804928
fov0,2038,10453.392611683848,4329.942439862543,53.789527785172766,28.072605277340312,-0.3702648909051283,1164,0.8530083743367902,1,
fov0,2039,10985.354199981188,5685.170868215596,1145.576574939056,206.5512034776164,0.12647611629649838,42524,0.9836110666918094,-5,0.13764888074413512
fov0,2040,10460.53919239905,12138.363420427553,59.40442566322228,9.382234575885947,0.5766219714714027,421,0.9874489811327343,1,0.4605758975532692
fov0,2041,10446.260089686099,17630.30941704036,32.700174084839084,9.63989083722967,1.3028655607352624,223,0.9555601144632453,1,0.4497629707830036
fov0,2042,10514.51114761793,3494.808495658296,126.47622309188405,97.7016732871321,0.1027777348849295,4261,0.6350263926477768,0,
fov0,2043,10497.040225261464,9474.142397425583,146.04255036054454,46.95999213934446,-0.3508320357515853,1243,0.9468925774091931,1,0.33850803557298614
fov0,2044,10457.30627306273,15275.664206642066,28.834285723434554,13.92846898122056,1.5352101699889698,271,0.8755914822832898,1,1.026924659231559
fov0,2045,10477.733333333334,17230.014814814815,17.897105818041513,11.312583087980437,-1.1468429423544362,135,0.7748949141414757,1,
fov0,2046,10498.798767967146,5032.975359342916,26.93824321525792,23.27052580180116,-0.4703593411050418,487,0.5037539341018645,1,
fov0,2047,10510.056737588653,3164.1907013396376,50.89552363801517,36.634163570686574,-1.3533094458604185,1269,0.6941903525097705,0,
fov0,2048,10525.609855502038,6765.030381622823,110.66330752962696,60.89058920818976,-1.353311628941929,2699,0.8350112512663662,0,
fov0,2049,10507.203703703704,18345.672839506173,18.18911807250377,11.461767286728856,-0.2539960302573851,162,0.7764781291910928,1,
fov0,2050,10536.161016949152,9578.215254237288,87.85146330054936,12.927496070092733,-0.35103073751551395,590,0.9891139287913201,1,0.33858278975095557
fov0,2051,10517.469135802468,19044.98148148148,39.53925662590212,12.414021846487111,0.2727751021432555,324,0.9494338955059125,1,0.2576621949069931
fov0,2052,10509.818181818182,3824.318181818182,21.094316111850258,8.437066892338029,0.6912881002575776,132,0.9165287843197407,1,0.2096194944018362
fov0,2053,10526.609204368175,12122.627925117005,61.12344139050485,52.999834019680755,1.1644791630898084,1282,0.49814270910283437,0,
fov0,2054,10563.138841567292,8783.055366269165,152.05281187921136,34.7238399005389,-0.2927245817674459,1174,0.9735751265814139,1,0.4758250739626076
fov0,2055,10520.977064220184,12345.408256880733,24.567138085991505,12.81129011561437,-0.2950971686559073,218,0.8532630340367489,1,
fov0,2056,10533.299559471365,18573.885462555067,34.56217722418979,12.954838919038774,0.3931594940108921,227,0.9270947539692643,1,0.30041402896973496
fov0,2057,10589.255042016806,9994.5243697479,153.9215065525483,62.74483670819321,-0.4467331267277872,2380,0.9131419277826246,0,0.4430134832606272
fov0,2058,10544.85510996119,12288.082794307891,51.330354048339046,30.206686030241148,0.33453498765126993,773,0.8085146207219428,1,
fov0,2059,10645.672982040654,3359.99102032761,307.60159252904396,128.25794373848805,0.7375934303451801,10134,0.9089242642404359,-3,0.6941548937553934
fov0,2060,10563.721074380166,12215.32438016529,64.6160534648065,31.250826265058453,-0.5290308011109347,1452,0.8752677164188436,1,0.33235033419008503
fov0,2061,10561.70064516129,12561.507096774194,62.553729696708764,33.021696066749016,-0.00533488454410861,775,0.8493106866056508,0,
fov0,2062,10565.921722113502,17337.481409001957,74.44212847604729,9.605312343582685,0.7164792490094053,511,0.9916406127295749,1,0.2768615430765359
fov0,2063,10560.890663390663,11951.313267813268,44.746183051433334,37.55615551814725,-0.14017953206359535,814,0.5436449642925967,0,
fov0,2064,10553.916099773243,12612.215419501134,27.485137385798595,22.074551005096392,1.2830894139248916,441,0.5957835925409135,1,
fov0,2065,10603.900910010112,15492.506572295248,147.70029320498344,24.935761214389526,0.1158932466842722,989,0.9856457410226406,1,0.7102147197657894
fov0,2066,10583.599571734476,19578.83725910064,87.51878369933266,28.545317406174632,0.20099285578194648,1401,0.9453138269455883,0,0.05790736424905556
fov0,2067,10591.676294820718,4007.058764940239,58.2270993383181,43.440491204818315,-0.9428967170456817,1004,0.6658867782737385,1,
fov0,2068,10608.59946949602,19208.11724137931,88.55164177313894,48.76712773751314,0.05817163098601633,1885,0.8346902927732596,0,
fov0,2069,10643.22087825401,7028.457270575861,172.55235046811208,46.25626147021907,0.21282853128353044,3803,0.9633991904100547,0,0.37325027439711783
fov0,2070,10628.03610411419,7633.767422334173,125.38083146997825,36.90062075403814,-0.029602099636479737,1191,0.9557105304528288,1,0.34938383397984685
fov0,2071,10591.767790262173,19719.74531835206,45.0926984225335,8.173153477400355,0.027017887554932358,267,0.9834366367057812,1,0.08122854887428227
fov0,2072,10642.138486312399,6216.107487922705,178.31393381426489,31.033466209318114,-0.6990888048210265,2484,0.984738872046351,1,0.5626256787331615
fov0,2073,10593.180327868853,15834.975409836066,14.124484924638292,11.575912380272948,-1.0211927889163912,122,0.572988359579958,1,
fov0,2074,10608.635193133046,13336.768240343348,39.28594780362508,23.19378666820741,0.1569152283495551,699,0.807122656852978,1,
fov0,2075,10616.54609929078,12296.581560283688,23.750686369445123,15.222880561646551,-0.6554561868998162,282,0.7675869169121522,1,
fov0,2076,10650.413893753648,9387.064214827788,122.77730602190067,26.122847503842188,0.8599803410553138,1713,0.9771031626131895,1,0.5585566269502165
fov0,2077,10620.851851851852,18119.41798941799,29.033035641446453,10.099491327209423,0.1688308950225367,189,0.9375457287092085,1,0.10318430644743487
fov0,2078,10652.459283387621,18615.91368078176,79.67321948950517,16.40627639247711,-0.25637390539140015,614,0.9785689163256036,1,0.4303512485797888
fov0,2079,10748.50718988219,4052.1974185724184,289.6166601694183,144.23803515287634,0.35310890156252656,11544,0.8671593046684543,0,0.30402639117413016
fov0,2080,10646.19366197183,13128.450704225352,34.084182255863126,21.961457505444127,0.057900655396127994,568,0.7647476636148212,1,
fov0,2081,10650.424698795181,9110.251506024097,34.91857930137972,24.943302187172485,-0.44599594108725854,664,0.699811540934275,1,
fov0,2082,10770.573505654282,12142.227786752826,229.88440498290427,74.31843087619984,-0.3461194565886264,4952,0.9463012748499088,-1,0.3716024158893971
fov0,2083,10657.614942528735,12102.62356321839,24.03500630860344,18.610979136257438,0.6597814072088877,348,0.6327844014486108,1,
fov0,2084,10675.57142857143,8970.136734693877,72.27488386039026,9.0156994886406,-0.5302692360204744,490,0.9921892369992914,1,0.4933666891719465
fov0,2085,10713.405204460967,6355.355762081785,100.10428036467421,78.96040539195074,0.5169162709444233,2690,0.6146736776367484,0,
fov0,2086,10709.193548387097,8215.610421836229,131.86071315882427,22.450774292922677,-0.557533067907937,1209,0.9853989523388454,1,0.3353590414161908
fov0,2087,10737.901819923372,19428.777777777777,156.30264469285953,50.68445904070579,0.053314319285734595,2088,0.9459641300787008,1,0.07546171034605718
fov0,2089,10713.10361923649,13261.455131383242,124.04433458574977,24.46520394738303,-0.021379030802144677,2017,0.9803573422061541,1,0.4116237261884052
fov0,2090,10674.30412371134,3947.603092783505,19.76666083378244,12.875307364026522,0.3371328748367527,194,0.7587647057196821,1,
fov0,2091,10683.55035971223,7814.142086330935,57.39605331760742,17.681595574593384,-1.0650132731150928,556,0.9513659861179177,1,0.4259344554568983
fov0,2092,10688.924124513618,19755.270428015563,55.7375111627972,25.168489207107175,0.2341697406314977,514,0.8922438551324028,1,0.07031529675157318
fov0,2093,10677.03813559322,15547.165254237289,69.39803306953164,10.447378080257307,-1.509594371733059,472,0.9886034840060911,1,0.7919943870454654
fov0,2094,10710.718767507004,13188.95406162465,107.68698939219937,34.63518032155174,-0.4796447765630421,1785,0.9468660172441125,1,0.5392752688310554
fov0,2095,10710.708946772367,10163.113250283126,77.27480385228039,66.70657107565066,0.3095162347653806,1766,0.5047966128185487,0,
fov0,2096,10709.332225913622,13069.79734219269,74.84750394075456,40.41511517115975,-0.1917834774614428,1204,0.8416867620803196,1,
fov0,2097,10706.14201183432,15482.295857988165,70.05966071570643,17.547333618433434,-0.8183554351515029,676,0.9681262432101044,1,0.6685761946260501
fov0,2098,10718.952631578948,18567.331578947367,56.976934759244365,21.80879100900842,-0.13798359839455937,950,0.9238456358810281,1,0.1762583238607805
fov0,2099,10795.021681804863,9522.85848227366,235.72511379354953,41.901503214071035,-0.24908181171264682,3413,0.9840746313380788,1,0.3389477557214789
fov0,2100,10890.214054404145,18768.455742659757,429.2474222282804,61.08301537283542,0.07779043760812089,9264,0.989823204367039,-3,0.30929912978829066
fov0,2101,10719.942097026604,15242.328638497653,105.39505178621185,15.600187129056863,1.4980943155158903,639,0.9889849193238044,1,1.0115167175805753
fov0,2102,10819.724895091245,13770.333073094564,269.16243259062986,148.64980086203624,-0.7757496035687284,10247,0.8336666274672037,0,
fov0,2103,10720.204761904763,3959.2571428571428,22.91117863542923,12.265963364296828,0.4000226766366097,210,0.8446174865968635,1,
fov0,2104,10874.59922542735,18644.453659188035,400.2690086923671,80.83333959406347,0.27311218876610105,7488,0.9793963412000857,1,0.22998399144496554
fov0,2105,10723.633744855968,9940.21536351166,60.79359197837297,25.80234629001765,-1.5359605632461515,729,0.9054628960579655,1,0.7084559757706375
fov0,2106,10719.753424657534,8483.684931506848,66.96706655810593,9.259513321815293,-1.544781715271807,365,0.9903946193104916,1,0.5482397666304297
fov0,2107,10786.169538891476,10021.17326502096,136.3595804615079,34.890223031201685,0.4654521415889206,2147,0.966711399009685,1,0.5900731851678186
fov0,2109,10751.973684210527,12824.623684210526,44.808727218977744,14.789968653498738,1.3243643961606317,380,0.9439568323631855,1,0.7382420301954493
fov0,2110,10762.57012195122,7698.829268292683,46.29009451401065,9.504768487791155,-0.8528883683835381,328,0.9786926911316282,1,0.33491270995440636
fov0,2111,10767.10928319624,15671.105757931844,109.67701419360318,31.263064891583223,-1.478154445460771,851,0.9585136464189506,1,0.7797443319033
fov0,2112,10783.699209669921,3143.4225941422596,90.374571562522,53.294858847770215,0.970887499506606,2151,0.8076145114414444,0,
fov0,2113,10763.2,3460.507692307692,20.583531121618957,8.189133971574597,0.7483833425275394,130,0.9174509800693278,1,0.4201662922368892
fov0,2114,10784.11471861472,6461.047619047619,26.280805484344135,22.41093271872929,-1.0199761983234585,462,0.5223207876794193,1,
fov0,2115,10790.518613607188,8601.055198973043,47.72864645570193,25.907043473484354,0.23105479080117633,779,0.839862879969822,1,
fov0,2116,10817.073403241182,9417.21353670162,52.46845500218071,38.67194135601431,-0.3905191800965623,1049,0.6758368342040023,1,
fov0,2117,10854.380760513724,7835.637622765046,148.43110053329298,136.22607825796914,-0.3200777972619691,3971,0.3971050875224428,1,
fov0,2118,10911.67876552795,10444.344526397515,331.5723837935737,59.052395645839745,0.8652021132190184,5152,0.9840127457909035,1,0.8538400624257874
fov0,2119,10904.724159597863,10201.594093622369,277.70500149969456,149.40811289566074,0.32403405767102034,6366,0.8429383520689251,0,
fov0,2120,10815.024657534246,9105.805479452054,53.71519853695547,11.337988250445758,-0.942333013270624,365,0.9774696568442297,1,0.6085544275432727
fov0,2121,10833.6832,10489.9952,103.21186631848744,14.253100945923233,-0.87418887275484,625,0.9904189088743534,1,0.4862993659588664
fov0,2122,10828.292256452956,2918.284762697752,62.69880678022885,33.36150338839587,-0.702317527384581,1201,0.8466868456359327,0,
fov0,2123,10848.210628645496,19626.712248865846,61.27934804585639,42.076335485954985,0.9326117709535084,1543,0.7270055537836698,1,
fov0,2124,10870.598672566372,5102.9495575221235,113.5633459695902,42.36175909065477,0.024151006356742066,2260,0.927822028236058,0,0.18614264843580006
fov0,2125,10873.131282051281,9933.075897435898,128.8353480529355,73.57334641340488,-0.5486387601851561,2925,0.8209049085054754,-1,
fov0,2126,10852.103896103896,3097.63025210084,62.88712319070761,42.171990782751045,-1.5290419491000529,1309,0.7418207815256513,0,
fov0,2127,10849.091845493562,8807.609442060086,61.70070410277255,36.862526485552046,1.4058810086916023,1165,0.8019129170602397,0,
fov0,2128,10863.380042462844,12725.389596602972,57.892060462279304,21.62838033658542,-0.16746619215613903,942,0.9275905595483563,1,0.42334493077684227
fov0,2129,10890.778859527121,10901.700046360686,170.30754284896315,39.765640208713386,-0.4584272459921761,2157,0.972358452977721,1,0.23199401182944998
fov0,2130,10921.97823984526,4495.414651837525,190.89348637202465,63.27730203127584,-0.010369128326139582,4136,0.9434623763522285,0,0.2153223361705887
fov0,2131,10991.743267504487,10755.90170556553,305.9613934799614,28.109365949187573,-0.11404026166568579,4456,0.9957708004793787,1,0.2075210085935974
fov0,2132,10896.394689468947,8570.235823582358,95.02238400851274,56.215459956177355,0.4647863348882342,2222,0.8062299490666743,0,
fov0,2133,10879.891191709845,12670.347150259067,47.677537373837005,20.50272499521767,0.564947484366393,579,0.9028150619829355,1,0.4276508828491719
fov0,2134,10881.859375,4122.6203125,59.628276009643706,16.73232477288344,-0.6735922625156918,640,0.9598217051184306,1,0.5061336193250672
fov0,2135,10885.310344827587,6751.97261663286,58.489482422915586,36.55754087592488,-1.5027401392429416,986,0.7806026506035441,1,
fov0,2136,10917.697712418301,9741.48570261438,240.6653024813883,51.769869764226186,-1.0155045067520103,2448,0.9765894994948702,1,0.7967961028389662
fov0,2137,11041.606482329244,10961.095861563816,340.3150716241654,138.5109395069469,0.11844234619709351,10922,0.9134246159333441,0,0.15695131375463944
fov0,2138,10937.995805369128,13173.284731543625,154.93354409406544,146.36732826049635,1.3732536192004121,5960,0.3279059108955976,-2,
fov0,2139,11031.018317503393,16743.837856173675,345.0794793029659,40.70956066529751,0.1979429813258908,4422,0.9930169755101284,1,0.463931295146786
fov0,2140,10890.76062639821,12536.927293064877,43.549722036877455,27.188540872543808,-0.7205901814040439,894,0.7811764366327986,1,
fov0,2141,10885.055363321799,8888.079584775087,127.80529300798474,13.817577233118056,1.3848037193444214,867,0.9941384724781283,1,0.8307828183843641
fov0,2142,10924.486287351618,11918.789602947196,191.12669124140174,82.6625900604748,-1.368909787103127,4886,0.9016331903365832,0,0.7047996503027325
fov0,2143,10897.669781931465,10077.348909657321,46.23483517247817,12.238778237288034,-0.19290722413134095,321,0.9643283315159314,1,0.3448928995052439
fov0,2144,10894.444711538461,10580.552884615385,37.70360932289811,14.88539403954968,-0.8062394870902883,416,0.9187669834444449,1,0.46870511150953453
fov0,2145,10908.316209034543,19588.56775907883,64.25972405886736,25.393998495922315,0.28302233487847644,1129,0.9186047715842333,1,0.08818342538374775
fov0,2146,10903.408163265307,8798.423469387755,31.537175935235997,8.29767128118061,-0.5012417301696248,196,0.9647664902154662,1,0.6358377799348335
fov0,2147,10905.115168539325,10346.547752808989,28.79787132815372,16.560619726167687,0.48340061815901153,356,0.8181084096839972,1,
fov0,2148,10922.995044598612,3106.256689791873,47.21207859421133,41.53762539775889,-0.581304860278026,1009,0.47532684686717647,1,
fov0,2149,10937.018388791594,18592.97197898424,77.60533593031435,33.328695113751515,0.04074231483940157,1142,0.9030839963911251,1,0.29864336776694395
fov0,2150,10999.080551724139,19189.031448275862,227.6707286960864,43.55771041460493,0.48540110682379545,3625,0.9815279331126844,1,0.3076158918159485
fov0,2151,10916.561224489797,10530.18537414966,34.846480880818525,29.38873954459682,0.1397232482099828,588,0.5373214254925035,1,
fov0,2152,11064.448274178587,3460.6016696772936,558.4816798572607,253.7478473087229,1.1357887196251963,20483,0.8908217093444154,-4,0.6657401165896744
fov0,2153,10932.454192546584,6930.191770186336,55.43177933107344,44.212644864992335,1.5281879236428508,1288,0.6031805905440966,0,
fov0,2154,11072.065785774528,10055.158841720551,352.9590865634712,52.87074630918357,-0.3138630242704226,7114,0.9887174030570559,0,0.3338574738383587
fov0,2155,10947.382716049382,12191.5012345679,53.00934922963107,10.664867497877214,0.18152182753364646,405,0.9795525598577466,1,0.4743028102520981
fov0,2156,10977.988608221893,9889.508667657256,104.22309110397259,32.37908004418873,1.0130012155765105,2019,0.9505175435813955,1,0.6796783100450634
fov0,2157,11047.475384009453,8446.664172246292,230.60219094692158,119.07501060191986,0.3419062485414655,7617,0.856368316161262,-2,
fov0,2158,10959.116822429907,18630.154205607476,29.747728721310942,9.82115648701328,-0.4918296980004392,214,0.9439291413266944,1,0.3014391494984672
fov0,2159,10984.300821917808,3643.5808219178084,92.26583877479162,48.30041383162589,0.9393147098160207,1825,0.8520306872795104,-1,
fov0,2160,10988.862101313322,3107.3630393996245,41.43247709587655,32.917753177823,0.024391033030497028,1066,0.6072751997026717,1,
fov0,2161,10989.50177935943,6127.7108540925265,51.158807450030295,31.3760494252252,1.051907104346273,1124,0.7898447003808909,1,
fov0,2162,10983.962962962964,8485.37962962963,13.135544614938814,11.460883191372762,-0.7414325284210118,108,0.4885977282421662,1,
fov0,2163,11015.376288659794,3231.467926689576,71.31231837807448,56.78528965759742,0.3366311727939046,1746,0.6049149975371254,0,
fov0,2164,10995.374468085107,18999.753191489363,28.16497290567199,12.0131614748065,1.0539424551124095,235,0.9044741590827646,1,0.386472230011291
fov0,2165,11028.0724852071,8986.921597633136,91.27300943614615,19.141075614345944,-0.5608983377562571,676,0.9777631298047,1,0.6637423807271589
fov0,2166,11049.206468474355,7154.28814113035,174.12595068513224,97.83313769813535,0.3327425842570495,3061,0.8272372873166687,1,
fov0,2167,11048.617696160267,12468.696160267113,104.4596894005533,18.578995191927966,-0.4605700183571778,1198,0.9840561564518245,1,0.3125476834595304
fov0,2168,11021.448031496064,10632.735433070866,73.46841504136195,45.09839320437411,1.4655954819221415,1270,0.7894247328262273,0,
fov0,2169,11024.074363992173,2993.84670580561,55.88383991621536,41.88235247156481,-0.02489323000606181,1533,0.6620567205568773,1,
fov0,2170,11046.507550886408,18589.148391332896,85.54277163731702,56.31207799756952,-0.29555771108269047,1523,0.7527631257330415,1,
fov0,2171,11017.244871794872,8145.511538461538,46.17416346354771,26.8838045909266,-1.1453618705423176,780,0.8130268945344024,1,
fov0,2172,11043.97434252726,8195.081462475946,78.42763104958668,47.04152747557794,-0.7417335527390566,1559,0.8001438975677089,0,
fov0,2173,11466.416663572569,19257.337244272825,791.4015514214985,154.85354102336973,0.22883692451515697,26933,0.980669797316428,-2,0.08903672909513623
fov0,2174,11039.033505154639,11941.176546391753,39.8850795563746,26.115995338094745,0.24250547218538393,776,0.7558185903594775,1,
fov0,2175,11037.413194444445,2708.472222222222,41.43652760827764,9.854110464169235,-0.9924070093174103,288,0.971311161657126,1,0.7757519168596766
fov0,2176,11038.8,14435.35081967213,22.384181905140874,17.37526590005464,0.3342161702942372,305,0.6304502483136134,1,
fov0,2177,11071.597306397307,3070.9407407407407,89.39765422041404,37.987343533834846,0.2864082576968319,1485,0.9052283212535497,0,0.4180193587745643
fov0,2178,11191.6921563115,6057.730390778746,350.0419699503334,61.66952482644065,-0.18551488271967964,7114,0.9843584117539693,-1,0.2644072920642033
fov0,2179,11093.472584269663,6724.195280898876,138.93538573005452,97.1495233913129,0.7716595683219506,4450,0.7148845760299616,-1,
fov0,2180,11053.935582822085,5090.29754601227,39.71158308422637,35.774030613544134,0.14926417554911575,978,0.434138270507209,1,
fov0,2181,11051.36236933798,10496.375145180024,88.70032617702513,19.092336032475973,-1.2935564218950384,861,0.9765599947711713,1,0.6356514238061877
fov0,2182,11064.522648083625,10164.121951219513,57.631301279558016,23.391014631586955,-0.22348939358762596,574,0.9139292909615389,1,0.3108176193972236
fov0,2183,11064.493693693694,8257.117117117117,38.829422672766135,28.0040855743356,0.3749795443311902,555,0.6927186983588702,1,
fov0,2184,11068.889534883721,19851.363372093023,49.41989581956251,10.98279754974271,0.5331020828900114,344,0.9749932828218114,1,0.1460557058153839
fov0,2185,11061.681818181818,8857.277777777777,32.43535193185041,8.117981476519274,1.203770285542293,198,0.9681730067651108,1,0.667493466577563
fov0,2186,11083.83595800525,19432.688976377955,59.66883216558713,39.12834610057998,-0.8043830183931706,762,0.7549706887145035,1,
fov0,2187,11094.118686868687,8341.666666666666,48.52499725993349,11.566595196752411,0.18922588442441543,396,0.9711759742577798,1,0.49291949967415793
fov0,2188,11196.743342843556,11861.673086067523,314.2461827652298,114.92274144501718,0.5785361787966299,8412,0.9307291396314339,0,0.5991189868282393
fov0,2189,11097.031094527363,18632.349502487563,65.38679383430265,27.34431784111633,-1.0023322305355866,804,0.9083580680600966,1,0.34365946818836823
fov0,2190,11080.846534653465,16323.678217821782,30.411571735396713,10.092336384874153,-1.411229578356727,202,0.9433292022713959,1,0.9129713616889081
fov0,2191,11276.94849988188,19504.692534845264,473.94280116801826,73.38546158836478,0.0287226078103024,8466,0.9879395077603745,1,0.11069304753379781
fov0,2192,11091.245614035088,7837.140350877193,23.46303747501976,21.82236246470809,0.3588413614298931,399,0.3673720833724907,1,
fov0,2193,11191.444120100083,19270.963302752294,219.87102756848273,26.864547855178024,0.091451374769518,2398,0.9925075633374539,1,0.37050997390980867
fov0,2194,11116.910714285714,3911.3571428571427,58.078824808228134,34.8599993785751,0.7051501092123523,952,0.7998358939813905,1,
fov0,2195,11117.430528375733,5093.029354207436,43.06210593988648,21.1191390957709,-0.39611207609483906,511,0.8714780986190729,1,0.1942545161135833
fov0,2196,11137.848901098901,16366.646978021978,65.42399976556031,18.9597688933635,0.47015156872031216,728,0.9570877186445541,1,0.5202719597456864
fov0,2197,11152.570728720148,18644.334966319657,119.73262075825107,26.97684696709065,-0.8367952615133274,1633,0.9742873381078353,1,0.36228612434036844
fov0,2198,11135.451149425287,7380.30459770115,43.38421873799324,11.322320974952234,-0.2739159371822815,348,0.9653447838186174,1,0.5538099040114629
fov0,2199,11207.904052443386,18551.833730631704,163.00410018819352,34.07823910676893,-0.2856667226722048,1678,0.9779020259741911,1,0.38499374202843856
fov0,2200,11131.116883116883,19221.376623376622,32.55187123347758,10.792820414664245,1.4866911667075444,231,0.9434349768694459,1,0.5981265625955123
fov0,2201,11134.641304347826,7877.739130434783,27.555607728027375,9.770060296754343,-1.0052082861709197,184,0.9350340351961306,1,0.45684711745359685
fov0,2202,11203.264736297828,8623.66459841434,139.70945694349268,67.22867593947248,0.1670128313375449,2901,0.8766089306222983,0,0.33724747621245127
fov0,2203,11178.18527607362,19348.45644171779,57.10930364732715,18.64408302623029,0.30367837780492096,815,0.9452099307856974,1,0.3082476694144115
fov0,2204,11157.807142857142,2829.1857142857143,16.124545963775418,11.343749385240981,-0.3814212454406301,140,0.710687197680331,1,
fov0,2205,11193.008050089446,9272.652951699463,111.77229186485499,23.198524859528472,-0.4780233718463994,1118,0.9782240581317214,1,0.48536834119635036
fov0,2206,11164.11574074074,9873.092592592593,32.0938047206587,8.890646604342601,1.2615617532100145,216,0.9608639654863227,1,0.6627027726654724
fov0,2207,11175.654178674351,16399.170028818444,37.19799029686665,14.834623274681409,-0.20184688965749073,347,0.9170371703200905,1,0.4666348909734353
fov0,2208,11196.512554112554,8844.290476190476,101.66978913216425,65.39420361434246,-1.5626814212421465,2310,0.7656966041590397,0,
fov0,2209,11215.12706480305,9959.027954256671,93.4815551997141,33.92132203039914,-0.3112948130193262,1574,0.9318411475622304,0,0.4575873637802087
fov0,2210,11220.83033120279,9886.585124927367,142.68856689740653,42.95497890063422,-0.5832961155608927,1721,0.9536114852075209,1,0.6056265958592522
fov0,2211,11431.190291840381,16722.775419041947,782.8331314920441,171.00433298317952,0.9855660910919162,23506,0.9758497338492993,0,0.7155594098855536
fov0,2212,11213.980582524271,9844.956310679612,24.910139918331556,10.934571842657547,0.5844154601094784,206,0.8985062745799203,1,0.407437690923584
fov0,2213,11246.397111913357,9582.614921780987,87.33409190865783,44.04149953445694,-0.1928707592902213,1662,0.8635357649348699,0,
fov0,2214,11227.18408880666,18617.189639222943,49.05660236177194,31.704449216763987,0.7055056954106946,1081,0.763097802152436,1,
fov0,2215,11248.691176470587,9001.792569659443,67.11578197382283,37.76897948103873,-0.03126450492359044,1292,0.8266314747872315,0,
fov0,2216,11245.21107266436,19463.823529411766,25.264627388241024,23.308142638213877,0.8419925455976939,289,0.3858529026935191,1,
fov0,2217,11242.406896551724,9827.76551724138,22.72727871692404,8.962603278817898,0.4303614150125414,145,0.9189584187468535,1,0.3333560500240346
fov0,2218,11252.038461538461,10755.264957264957,37.28466880588594,8.291004389968252,0.07896020080181794,234,0.9749622725788383,1,0.08130520241731319
fov0,2219,11292.315450643777,18600.301859799714,102.62475485744854,37.248568350487304,0.3994927679453106,1398,0.9318051488333826,1,0.6588022391715158
fov0,2220,11290.973731884058,9912.841485507246,109.89119430230407,27.36610402355121,-0.31573868043377573,1104,0.9684960055432865,1,0.3065461630431263
fov0,2221,11307.601554404146,4077.3056994818653,130.5308920277821,20.611508170522157,0.18772140801879994,1930,0.9874542744055552,1,0.44769828866489614
fov0,2222,11399.162459346446,9986.326622270404,300.68782022232784,73.99912084201682,-0.06023674970015494,6457,0.9692445709642159,-2,0.23884681534688137
fov0,2223,11260.9,16457.282352941176,20.081438362684263,11.425730662630993,0.5736355667015778,170,0.8223584624182694,1,
fov0,2224,11283.286445012787,5797.1202046035805,54.225505562165814,11.412937914267335,0.5256809042319432,391,0.9775999364490227,1,0.31934215607727096
fov0,2225,11298.848214285714,20029.921875,71.46091174326448,9.553254485527013,0.22432279084323828,448,0.9910238702597146,1,0.3248167754292709
fov0,2226,11289.861842105263,18226.72697368421,47.10929754543474,8.772276290284752,0.11373113444961541,304,0.9825097501039276,1,0.4486697248878526
fov0,2227,11290.397683397683,3746.1776061776063,61.37492842301422,11.656523076608957,-1.3261757118146076,518,0.9817989490858955,1,0.9363327301255744
fov0,2228,11299.869806094182,19297.64265927978,33.69346138620004,14.712341581822216,0.3139631341353112,361,0.8996301470959762,1,0.29918167235956644
fov0,2229,11324.654715510522,9858.858924395947,106.58283591108497,23.419173283767336,0.6198128786740085,1283,0.9755613018953891,1,0.38404693773047016
fov0,2230,11301.01923076923,4974.967948717948,24.84447549965178,9.07865579944788,-0.4684997368977872,156,0.9308429456533902,1,0.2873776439710524
fov0,2231,11306.896781354051,18528.541620421754,75.84078820972073,28.295393094412493,-1.3271691270609203,901,0.9277954031882291,1,0.5251234435450799
fov0,2232,11415.652232023524,19119.14969259556,274.383865789627,32.56534728312367,-0.014714928850803602,3741,0.9929319140032673,1,0.3899389633463858
fov0,2233,11312.87614678899,10756.146788990825,32.25061287209164,8.893120930076256,0.04258782047443331,218,0.9612292602340475,1,0.10072598038235889
fov0,2234,11317.311079545454,9639.48153409091,32.830837754387254,27.378085789514078,-0.834102646405752,704,0.55189484546104,1,
fov0,2235,11313.955719557196,9366.80073800738,32.77354918338052,13.170572451381023,0.9731949446050742,271,0.9156985221096122,1,0.4660798094746946
fov0,2236,11361.914734213342,4417.945058865501,140.09521731088614,55.21466169435511,0.40139740278721825,2803,0.91905796482715,0,0.12146713455406269
fov0,2237,11313.410714285714,6870.089285714285,15.33925923698153,9.2979580564692,0.12401906523845209,112,0.7953470662587139,1,
fov0,2238,11379.130738522954,10145.65868263473,144.29164943349826,32.49385059281835,-0.021170216705623964,2004,0.9743135649976563,0,0.2504051295316728
fov0,2239,11331.78959276018,6836.631221719457,50.13057856808124,13.617432194048519,0.9339108899086432,442,0.962399150061658,1,0.6765605094490124
fov0,2240,11333.467268623024,7465.51467268623,48.37767169998457,21.33353693559413,0.8423076458328169,443,0.8975174248973165,1,0.6512100744043666
fov0,2241,11337.184919210054,9011.190305206463,57.85156281740892,27.394420995650286,-0.038890625570586826,557,0.8807779645127416,1,0.3548745473484627
fov0,2242,11334.55900621118,3097.360248447205,38.547174917989324,12.302927172131444,0.7613885875064759,322,0.9476990045468339,1,0.5431401669978401
fov0,2243,11340.405063291139,19581.67088607595,36.820344919653735,9.044015669991856,0.22639174656418898,237,0.9693647988401269,1,0.07629213424056579
fov0,2244,11723.837732225056,18565.98191873365,921.9674885280878,177.19600482527017,0.11544330945452941,30197,0.9813570821217529,-7,0.36912753992044733
fov0,2245,11352.475,8270.0875,38.50947911624043,9.115235498649598,-0.37874367648897284,240,0.9715825215845343,1,0.4426238842746688
fov0,2246,11450.790435139574,10795.052545155993,236.24960864774857,70.69910936317694,0.33515857447651637,4872,0.954172864520569,0,0.33501540140302544
fov0,2247,11808.741098872952,19598.693295338115,953.4078476768423,185.3335560916729,0.040455101518042755,31232,0.9809241975625113,0,0.1225078702097354
fov0,2248,11442.099395707439,3924.3144405084395,220.01116955928597,83.93082984318913,0.544844585012212,4799,0.9243752753488963,0,0.4877370182521711
fov0,2249,11368.748387096774,5935.4267281105995,58.23260058865325,45.01847998543346,0.674301696857756,1085,0.6343080897881137,0,
fov0,2250,11356.936247723133,11928.327868852459,33.21309871691211,21.186167895703477,-1.3409259628005579,549,0.7701308708694359,1,
fov0,2251,11383.912273120139,7206.3297320656875,108.34120458994009,50.59950897489462,1.5425819853476006,2314,0.884237004474675,0,0.6981875381767858
fov0,2252,11435.75720164609,6960.076965854743,424.11308549523375,75.77788269358821,1.238697799654885,8991,0.9839083722194576,-1,0.7867225555403882
fov0,2253,11421.316773241515,9915.827840629612,107.61629023184875,56.82292830828086,0.3706446328209883,2033,0.8492355475660694,0,
fov0,2254,11500.618815001575,17235.276079420106,240.23774890878255,94.27195327892251,-0.46976592048434096,6346,0.9197899479240512,-1,0.6347916693860314
fov0,2255,11411.396330275229,9582.467889908257,59.65339724200793,14.865984778610493,0.36945057575273416,545,0.9684504981389377,1,0.6496150982262549
fov0,2256,11416.116751269035,8088.656514382403,40.09559444589997,25.63595056521036,-0.10879078975726067,591,0.7688985858676896,1,
fov0,2257,11412.256603773585,4241.109433962264,23.784716493024906,14.362971521090989,-0.3497746065534186,265,0.7970798019835201,1,
fov0,2258,11416.128205128205,5212.188034188034,17.530642465194187,9.249717935950683,0.5480493312106413,117,0.849473410464471,1,
fov0,2259,11428.968493150685,7453.093150684931,31.304918691949084,29.853169572854213,0.21603187442579255,730,0.30099560630075506,1,
fov0,2260,11427.85388127854,6786.890410958904,18.98876528608811,15.09143708794504,-0.587190560903091,219,0.6069289395933749,1,
fov0,2261,11448.822068965517,10366.616551724137,63.65647531535624,29.161919109835758,0.6746343398164705,725,0.8888934763340387,1,0.43931131456267064
fov0,2262,11443.212121212122,8824.94276094276,31.48892846571968,24.273378877069995,0.6560530484925737,594,0.637011383659798,1,
fov0,2263,11457.483994878361,13815.656850192061,70.86261756039936,20.159975413476424,0.38550830798534985,781,0.9586778798081501,1,0.40665231150919956
fov0,2264,11469.414193548388,19552.571612903226,69.23372813191114,17.41717908417036,0.025362454553516284,775,0.9678389179113125,1,0.10158625616239442
fov0,2265,11765.013937129039,5218.978324906573,775.9684625048584,107.34570554787658,0.09426913410675837,22745,0.9903851150244629,-5,0.2840130854883616
fov0,2266,11459.464194373402,4342.8593350383635,33.17767807531684,30.173398723148374,0.3672285552059701,782,0.4158159730538589,1,
fov0,2267,11484.1417721519,2024.2776371308016,53.265248789740426,29.07396592584993,-0.1602250632645633,1185,0.8378935558502568,1,
fov0,2268,11475.501925545572,8969.99486521181,34.546622805166294,28.997701636571147,-1.1047078838700812,779,0.5435469495516679,1,
fov0,2269,11480.21351766513,8453.039938556067,44.57671448717767,35.87821139396965,-1.259190619456059,651,0.5934587327571642,0,
fov0,2270,11489.410614525139,10119.166666666666,56.354488585367456,47.72509818436693,-0.7805152438413846,1074,0.5317950925934376,1,
fov0,2271,11487.548128342247,20047.991978609625,58.196645562516004,9.305282919893878,-0.9549853471235002,374,0.9871342219258021,1,0.6373702045896559
fov0,2272,11512.047738693467,9618.36809045226,137.8492265591705,56.78490514645426,-1.210615975031281,2388,0.9112132853387825,1,0.8827925229614746
fov0,2273,11510.286043829296,7403.757785467128,81.00441131765763,17.572802369833504,-0.4365741388612508,867,0.9761857479256656,1,0.7239471381672462
fov0,2274,11502.306382978724,9433.559574468085,58.59916734560833,15.192388202157314,0.7317610698375734,470,0.9658077111314101,1,0.5301928189604946
fov0,2275,11509.852207293667,10357.591170825335,66.39369938470455,11.47544996065741,0.6344655207445355,521,0.9849500125662726,1,0.4465398593410347
fov0,2276,11517.032537960955,5793.854663774404,53.63869818961801,19.743293241253433,0.31616574600758884,461,0.9297944105809065,1,0.23658764391257667
fov0,2277,11517.672461116194,19765.45471180238,51.57034587633836,27.10519411289141,0.2686293900485022,1093,0.8507339787175022,1,
fov0,2278,12072.788479883284,5816.901857359295,1210.5031204982204,223.89767584416649,0.27911768504319967,35642,0.9827455804583755,-2,0.39135292135355443
fov0,2279,11596.72150411281,11516.888198757764,274.84046321250145,94.81563176372028,-0.3899382590652163,5957,0.9386084729603466,1,0.46107431862703263
fov0,2280,11535.965457685665,19887.89810017271,78.45904334243131,12.758424682749492,0.5185801509686104,579,0.9866900021522411,1,0.4534035625859227
fov0,2281,11529.164835164835,9851.819597069598,53.76394939184497,45.30578506483663,-0.899043677223286,1092,0.5384153030427098,0,
fov0,2283,11529.262076053443,6770.748201438849,39.44987493361256,31.49797213877671,-0.18620511212635368,973,0.602087361780728,1,
fov0,2284,11610.857733664185,10888.611800385994,182.8122661253459,86.16806789261628,-0.1829750703584304,3627,0.8819476875466152,1,0.4505610173744165
fov0,2285,11527.807692307691,13795.794871794871,22.51136483613313,9.749380443211495,0.20521750337174383,156,0.9013521025143268,1,0.3763977101875604
fov0,2286,11587.653333333334,20086.302,193.13085327718426,14.958545071261224,0.5640215870508124,1500,0.9969960120062531,1,0.5118045134302834
fov0,2287,11550.008495145632,13820.168689320388,54.436171044194964,21.792807107590235,-0.002560901458498219,824,0.916368036921035,1,0.37359071852161246
fov0,2288,11546.57960199005,7940.721393034826,61.044980909778566,10.336998587749456,0.7036254443624131,402,0.98555870105449,1,0.7623497903872946
fov0,2289,11548.02619047619,13864.519047619047,49.46359362201475,13.0946347518426,0.9254263286509598,420,0.96432181043759,1,0.5981889993620212
fov0,2290,11562.368421052632,10410.586649550705,69.25815540990196,16.119717802864777,-0.16147645022142107,779,0.9725370068641934,1,0.3328130224317519
fov0,2291,11552.996086105675,9968.772994129158,49.60226430119151,16.199466608032566,-0.6795023563350604,511,0.9451670616928578,1,0.5628841348746726
fov0,2292,11595.874547250576,19147.121830754033,101.26394727051913,69.35215673434932,-0.3294025663521324,3037,0.7286697565309984,0,
fov0,2293,11567.272727272728,9265.003636363637,41.6744410473162,8.799986368624788,0.0001306918503692887,275,0.9774514509193718,1,0.3058995401076907
fov0,2294,11594.715245478035,2697.0232558139537,92.34676098410868,52.03379645425934,-0.016332061846167104,1935,0.8261426776843145,0,
fov0,2295,11680.194177462043,18684.286948042904,272.97334895458687,78.73531999951774,0.11811421800395865,7179,0.9574992000145716,0,0.36970168140704157
fov0,2296,11603.605678233438,9091.340694006309,49.22384920122339,21.134364615068222,-0.11264256962275028,634,0.9031371692498091,1,0.3394530814174176
fov0,2297,11643.588926473207,8925.454157023321,194.12767482572212,123.10230490119201,1.2413679311091002,5617,0.7732259327179182,1,
fov0,2298,11606.473019517796,2003.353616532721,57.702633946180214,25.297288422570457,-0.06967531957273151,871,0.8987761378070946,1,0.22969257125262682
fov0,2299,11592.860119047618,9992.425595238095,46.38500095567806,11.274984720435485,1.3348683526336047,336,0.9700077638790779,1,0.80300515948758
fov0,2300,11608.928709055877,20013.552986512525,45.52217020377962,16.014889510021966,-0.1610663237546898,519,0.9360736203973846,1,0.3196292334864208
fov0,2301,11596.975609756097,8829.274390243903,23.190156056065423,9.628593922757345,0.4281418142473893,164,0.9097293483576409,1,0.27025110506123035
fov0,2302,11657.840479483633,15169.18948824343,178.50855804111345,23.02322716386437,-0.5597206855003901,2169,0.991647782864717,1,0.34285771189804665
fov0,2303,11600.255813953489,17000.333333333332,20.880089184166437,8.364941076967492,-1.4691114685218936,129,0.9162451419800787,1,1.0749962947290457
fov0,2304,11626.832618025752,4415.033261802575,45.47626519352814,32.921176314104194,-0.28603627688623845,932,0.6898839641965386,1,
fov0,2305,11622.01512455516,2927.685943060498,41.30897697169837,34.9303450038996,0.5004800914834383,1124,0.5338372142086752,1,
fov0,2306,11620.163529411764,12663.142352941177,39.38535071123063,31.48534191622727,0.09498436771246298,850,0.6007757702851636,1,
fov0,2307,11642.610683760684,3801.982051282051,91.82648932714525,74.86020467902526,-0.6721692656979266,2340,0.5791297298318449,0,
fov0,2308,11670.304590163934,4342.515409836065,146.95630805215325,84.37923707555834,1.1815976928040388,3050,0.8187297413798273,-1,
fov0,2309,11619.736842105263,6545.727272727273,32.64349148641576,8.865234682070657,-1.390207170801367,209,0.9624166008154905,1,0.9112807088540856
fov0,2310,11667.39005524862,9281.959116022099,112.89916855266303,18.246005222278107,0.04847942216969801,905,0.9868541669957231,1,0.18252503269601414
fov0,2311,11682.625242091672,10426.99515816656,172.67079307499915,47.18602910286788,-0.7048844637973761,3098,0.9619369086147272,-2,0.5502696575195681
fov0,2312,11645.879286694102,3641.8518518518517,40.22168355410955,23.927233799437754,-0.09048834527886432,729,0.8038116020682621,1,
fov0,2313,11654.243654822336,10162.116751269035,53.865130598090104,12.407588688749412,-0.23809966273561653,394,0.9731089176496057,1,0.46343188762004023
fov0,2314,11772.320582524271,5970.063106796117,259.52921398815664,95.65593159420601,-0.43484504063117346,5150,0.9295980889574876,0,0.5915949639378351
fov0,2315,11654.269086357948,8140.344180225282,40.94610284021537,26.39342901484169,-1.0447538029520578,799,0.7645288373731343,1,
fov0,2316,11739.09937754883,13041.298991199828,208.7159228918298,75.97081811177664,0.1533150145087254,4659,0.9314022766543283,0,0.4038181826753104
fov0,2317,11698.974984365228,13294.453095684803,130.8486444137059,81.38381290879059,-0.6696302620394413,3198,0.7830417902240866,0,
fov0,2318,11684.037142857143,19969.914285714287,94.83090765750129,17.513513008202477,-0.29000943415182295,1050,0.982798427187556,1,0.21668463387584025
fov0,2319,11662.297087378642,12549.060194174757,49.781943720261765,17.123893753185232,-0.37765590754893225,515,0.9389777053512117,1,0.13661004282599107
fov0,2320,11663.814285714287,19136.548979591837,26.689688799575762,24.150566926620524,-0.30798881501015546,490,0.4256985065408667,1,
fov0,2321,11671.688104723962,9597.28173022197,91.00107701512508,32.211564040472005,-1.5695207885393492,1757,0.9352571397190066,1,1.096118066166844
fov0,2322,11697.97670250896,2692.2697132616486,53.09492515336348,42.07912038102547,-1.470964857832416,1116,0.6098378384276792,1,
fov0,2323,11712.104129263915,13614.048922800717,145.62650116476527,26.720162976666,-1.0880057519090025,2228,0.9830226579550784,1,0.7531504389522223
fov0,2324,11777.995608966952,3596.3829443032123,191.2153689582167,57.56399153585999,0.14814901558369006,4327,0.9536106600392149,0,0.41235527691193546
fov0,2325,11705.731755424064,10847.639053254437,38.7421756999844,26.635632786335137,-0.36394866741772897,507,0.7261749204782518,1,
fov0,2326,11768.3217874706,19124.515929014324,174.60860014852355,68.05362195120702,-0.01916055069588465,4677,0.9209208947830578,0,0.2158276022104481
fov0,2327,12010.118425488874,11184.945212407283,740.683908263742,135.93767944253335,0.1642870946661299,11864,0.9830141189479973,1,0.46254827810402876
fov0,2328,11726.677471636953,9592.076175040518,72.75902083522989,11.98721911222242,1.253305830352922,617,0.9863349662658978,1,0.9512451586405444
fov0,2329,11753.253189401374,8101.924681059862,237.51555420219094,67.53190445253618,-1.537489526602181,4076,0.9587275886736893,-1,0.7967935796319142
fov0,2330,12127.174120416254,3032.4568260654114,1080.457567453791,104.99383809141291,0.26445224494375,16144,0.9952672767178462,-1,0.228290489346249
fov0,2331,11747.58354755784,10856.223650385604,52.43883679983102,17.077830276112834,1.508217558566758,389,0.945483013214619,1,0.8268981777355549
fov0,2332,11757.462389380531,19988.15707964602,43.77404961519623,13.573110269799459,-0.22882028232756457,452,0.9507130534938891,1,0.1995995257998897
fov0,2333,11767.84521575985,1727.843339587242,58.76202267651026,38.86761450572907,-0.32059674878443434,1066,0.7499971503433037,0,
fov0,2334,11752.414285714285,2921.292857142857,19.76597113896806,9.588058965682269,-0.36929221980725063,140,0.8744702925274546,1,0.4062523911922241
fov0,2335,11773.163716814159,10809.590707964602,42.636801933643326,23.67297783184756,-0.5313235244935527,452,0.8317008204511303,1,
fov0,2336,11768.144486692016,12544.250950570342,29.28733346068866,14.589366702284648,-0.4525427809440254,263,0.86709319413164,1,0.1783460238887283
fov0,2337,11803.020833333334,19858.096153846152,94.9922892814351,11.187325751928968,-0.2513278399468854,624,0.993040794330238,1,0.1456663344260872
fov0,2338,11798.384615384615,9181.779034690799,76.47372793100116,60.482120705977096,-0.4672648271923412,1326,0.6119614813399302,1,
fov0,2339,11784.091603053435,10393.946564885497,40.013677160630905,8.913950954459786,0.21843799122691424,262,0.9748704365429102,1,0.49089820207709384
fov0,2340,11825.794829024187,4513.228523769808,120.00501531265779,50.972947103009496,0.4181913140262583,2398,0.9053074920077827,0,0.43666575637274246
fov0,2341,11799.971428571429,17638.561904761904,16.872909332421845,8.023304268535211,-0.47413479812640785,105,0.879708164651445,1,0.529664655236249
fov0,2342,11826.449162223915,16894.081683168315,300.7247667108149,37.46897798450048,1.3552451865935178,5252,0.9922076095272914,1,0.8788942835299369
fov0,2343,12167.888544205629,2967.7707363911663,776.7886084055998,83.18730038458035,0.2869089570702997,13539,0.9942491910391348,-1,0.3358211075126446
fov0,2344,11828.056027164686,1760.1120543293719,55.78983634078496,41.559623321018535,-0.513161311685256,1178,0.6671406225865287,0,
fov0,2345,11816.96618852459,2101.6803278688526,45.18594008868334,27.747759157142696,-1.2114224687587793,976,0.7892441807885864,1,
fov0,2346,11847.91376146789,9319.849541284404,93.53114336297105,9.772925749688,0.24309312921139895,545,0.9945260983738973,1,0.2688267435893952
fov0,2347,11882.693506493506,2848.247619047619,134.39196313463208,43.27042918942774,0.35870844394571894,2310,0.9467492418158009,1,0.2838327376435421
fov0,2348,11973.21065334998,10288.906727701484,1193.5661174109985,205.11516509462996,-1.4095702239187209,36045,0.9851230071014946,-3,0.5882107238474554
fov0,2349,11888.626262626263,1670.7260101010102,111.86549922721588,23.863825385411573,0.058544684388342406,1584,0.9769810618594311,1,0.2578827487327397
fov0,2350,11879.111806098514,6842.309616888194,68.90327826828845,42.670831929458366,-0.19797823911888013,1279,0.7851655340920309,0,
fov0,2351,11862.908064516128,8994.809677419355,73.49918485414413,19.803393232693494,1.1172063874285707,620,0.9630180432839283,1,0.4933045305409774
fov0,2352,11978.33942397027,8050.045215236915,291.76194016763225,45.44922275000535,-0.4604485569385995,3229,0.9877925604155849,1,0.3582745490093177
fov0,2353,11899.739436619719,9720.046654929578,91.75351942574413,23.630104131672116,0.8451295096315244,1136,0.9662679206088391,1,0.8951087529530123
fov0,2354,11879.82142857143,10777.521428571428,16.708451590768828,13.818055791141457,-1.1278547673666433,140,0.5621872775417314,1,
fov0,2355,11888.348079161817,19395.796274738066,48.55021612698417,37.986139315490334,-1.2777792331000863,859,0.6227645856583816,1,
fov0,2356,11907.25831202046,14699.473145780052,49.20601791744524,11.027084343202938,-1.0297392410682988,391,0.9745660812587602,1,0.5112574591018455
fov0,2357,11932.576998050683,20180.644249512672,100.27329438285695,18.73245644502075,0.6196429804456888,1026,0.9823952996771086,1,0.50546754431561
fov0,2358,11921.810344827587,19805.529556650246,49.31888645395515,12.356918064073316,-0.161110600483818,406,0.9681032876033984,1,0.132980416778126
fov0,2359,11919.64010989011,19690.793956043955,44.02020322602573,11.21409034103102,0.3225683959577978,364,0.9670072857230493,1,0.23217385853782588
fov0,2360,11957.165934065933,8107.645054945055,98.30012363465843,18.78509838039561,0.27397058171783767,910,0.9815706825297844,1,0.5485520883612512
fov0,2361,11993.495843520783,16896.83129584352,175.50346617581897,44.487590146394574,0.39870773513515034,2045,0.9673391769047079,0,0.6315437061164731
fov0,2362,11965.977024376576,19294.021854861305,134.85590492884822,57.79860351448052,0.6211518943200934,3569,0.9034965916715907,0,0.5480136237676921
fov0,2363,12009.401450511945,15964.35516211604,204.44104646704136,84.76626509209599,-0.014792893345143202,4688,0.9099925990927352,-1,0.399992993878056
fov0,2364,12146.697053494803,4252.913511967197,542.8031458437338,73.65917305388955,-0.1602149202130183,10487,0.9907497751292871,-1,0.4299138634006446
fov0,2365,12074.068404292959,8338.699728741596,334.53534704546183,89.05397931253809,0.08258120808437211,8479,0.9639172650336604,0,0.4577563722057784
fov0,2366,12011.546647747427,8118.3831145796385,205.8945209047113,70.06329840695824,-0.7043755792744725,2819,0.9403215022877053,1,0.38161183136108234
fov0,2367,11937.619047619048,14652.959183673469,46.38132346722674,13.33614463898835,-1.468977272714659,441,0.9577708378122196,1,0.6877899621312851
fov0,2368,11956.627232142857,4851.514508928572,53.41229095574777,28.767674291431373,-0.7405399043036759,896,0.8425638156555278,1,
fov0,2369,11995.737366193676,2634.013940751805,122.53325463006183,92.7471628937203,-1.2343226123440778,4017,0.6535142408937923,-1,
fov0,2370,11954.688760806916,4551.326609029779,52.439058591363064,28.615891198028578,-1.403357328492697,1041,0.83798189435938,1,
fov0,2371,11953.610169491525,9421.50847457627,36.09233447216019,9.06075045055293,0.04598872383831546,236,0.9679757738522691,1,0.5024174603746967
fov0,2372,11949.417098445596,7704.717616580311,30.00301097333083,27.03381781958669,-0.35401773960664684,386,0.43374259150468725,1,
fov0,2373,12074.696084161309,12222.746639392168,282.5035981582068,36.91624102983506,-0.31297246943737206,3422,0.9914252202132338,0,0.10431002806100162
fov0,2374,11992.700130378096,15246.929595827902,73.61861277092018,16.452754783873363,0.17254380707968078,767,0.9747070601168359,1,0.5564103261824259
fov0,2375,11976.138014527845,20071.728813559323,54.835189860207684,15.114996740953016,0.6088725986374021,413,0.961259761089212,1,0.5561006117679228
fov0,2376,11974.848101265823,16795.550632911392,38.09234175795006,19.391318272174722,0.33698145053626916,474,0.8607305581916325,1,
fov0,2377,11992.864829396325,9178.801837270341,43.93953701462659,28.443204400349515,0.27387590772128173,762,0.7622132638958895,1,
fov0,2378,12002.95939675174,2500.643851508121,40.5021848171876,27.527750359785063,0.2420671516720516,862,0.733526479012832,1,
fov0,2379,11998.688796680497,19155.03734439834,35.91718869612038,10.469570104470067,0.19560065472499139,241,0.9565732923574627,1,0.3426132651235299
fov0,2380,12011.307992202728,9863.27290448343,78.48247555681405,10.301035953677157,-1.1313376044047865,513,0.9913489454469281,1,0.5917559498851801
fov0,2381,12114.740609137056,18333.89543147208,320.3692286503145,74.18199088584456,0.2505742867806622,3940,0.9728226357006917,1,0.16483764152471408
fov0,2382,12022.957345971565,6614.814218009478,69.72382366706483,34.89669864136273,1.0628230701054298,1055,0.8657371588652952,1,
fov0,2383,12020.502242152466,12035.255605381166,32.06030933141016,10.601066888991117,-0.11083342517676321,223,0.9437498933246741,1,0.30830158903387683
fov0,2384,12030.212290502794,20177.065176908753,51.283282044781274,15.320760295676658,0.15624991335253885,537,0.9543321424526472,1,0.49906826377638863
fov0,2385,12124.935528992879,4923.1439471007125,290.71227437472896,147.40630387205965,-0.4441473167668421,7864,0.8619153363286417,1,
fov0,2386,12035.219178082192,19698.049315068492,53.19493929533522,10.043218593073377,-0.14603061954425584,365,0.9820155091636441,1,0.12885963097962372
fov0,2387,12123.627025889287,2181.763207745738,277.6463679000058,56.36805119050425,0.3540842097351959,4751,0.9791743777067115,1,0.3868881808142874
fov0,2388,12033.590093936806,6744.31511528608,43.32412342376939,34.678766008503615,1.1276881612017766,1171,0.5994004119141033,1,
fov0,2389,12022.172972972972,20225.848648648647,30.558849470701006,10.743854422459199,-1.3346876771159435,185,0.9361581591649534,1,0.8265729373104477
fov0,2390,12038.730923694779,6809.232931726908,39.84370654639076,8.989657750399981,-0.4164455510239234,249,0.9742146831506006,1,0.5453251853629258
fov0,2391,12040.935082872928,7340.96132596685,39.386585306103186,24.80260218624293,-0.053805727571441614,724,0.7768205130742522,1,
fov0,2393,12048.989218328841,19135.323450134772,43.118396935430575,14.849515813020519,-0.4963185032727687,371,0.9388269221073832,1,0.3589155348544486
fov0,2394,12188.020262664166,18412.48367729831,314.577736863502,81.61854634077983,0.09123314427111957,5330,0.965755386470314,1,0.19054908089924477
fov0,2395,12100.55409219191,19176.650517403574,180.54730392021864,26.99340070809354,-0.8775828481207447,2126,0.9887604034130717,1,0.5128223107138469
fov0,2397,12077.883480825958,16184.253687315635,78.87484451223324,13.428336427328729,-0.579282031327767,678,0.9854011337789372,1,0.5769000355466817
fov0,2398,12067.27808988764,4387.047752808989,44.370850638249124,15.782897452366916,-1.2259349933546362,356,0.934598592848244,1,0.6217926196381369
fov0,2399,12067.773006134968,6838.768916155419,65.62151888197019,16.027533203008645,-1.2288296961835032,489,0.9697143028474097,1,0.7452316368844403
fov0,2400,12571.050406133758,10904.458247931374,1339.3622873728448,176.09161179395525,-0.6717035319145305,26346,0.991319590001976,0,0.5751283054242551
fov0,2401,12263.729879624378,16070.403037751308,481.3832205715045,140.98712504226822,0.023026692277015016,15867,0.9561494565830012,-2,0.3922817098300656
fov0,2402,12368.917898286036,6698.402528800225,563.4192706566935,254.00478312638774,0.224174244098914,17795,0.8926111999450059,-1,0.4097426177371708
fov0,2403,12086.978328173374,9710.708978328174,46.20490614185055,10.1049176639648,-0.8624853912428437,323,0.975792607188344,1,0.5022229833655862
fov0,2404,12090.087762669962,9163.894932014833,36.45560741931972,28.308281218076214,-0.11566934989139124,809,0.6301002795630758,1,
fov0,2405,12097.08076923077,5667.557692307692,43.084243626037086,30.73594004327637,-0.40850850681384954,780,0.700765539011426,1,
fov0,2406,12093.953367875647,18293.40932642487,19.62184311630793,13.128237179435088,-0.061479786020218856,193,0.7432062454049757,1,
fov0,2407,12132.400862068966,19382.104679802957,85.13451977764953,40.703634841241275,-0.44142193094734655,1624,0.8783001590897993,0,0.3286440787655746
fov0,2408,12123.840517241379,10623.708333333334,64.72953455174083,25.246321729382498,-0.500370110856306,696,0.9208030569872209,1,0.5802780507134851
fov0,2409,12160.508477917982,4394.709976340694,143.77515592759707,100.46898463914142,0.34868653728056576,5072,0.7153245400271978,-1,
fov0,2410,12114.693467336683,4215.195979899498,30.02482200097759,9.16790210200276,0.30485728235982856,199,0.9522420824752871,1,0.565012979142519
fov0,2411,12114.030769230769,2033.6205128205129,26.748254756566872,11.262657265245133,-0.7802475830177077,195,0.9070321426625603,1,0.4921398974974283
fov0,2412,12194.381870503597,18566.99251798561,185.83207759241174,29.900036435169174,0.5028759151078571,3475,0.9869710163739924,1,0.16603456636063207
fov0,2413,12137.391975308641,20252.995884773663,98.52610439073544,20.210212643416355,0.8513789484430537,972,0.9787356869966569,1,0.7984268264730837
fov0,2414,12129.843770174306,9538.360877985797,97.2512089875484,25.60996147418701,-1.3337511552734294,1549,0.9647035686432186,1,0.6573747861679881
fov0,2415,12161.872832369942,19022.46473988439,91.9384310750995,13.30370060813068,-0.06241636314824364,865,0.9894752397736963,1,0.36253380957569903
fov0,2416,12146.412037037036,20068.439814814814,34.58751891007027,8.34241295367844,-0.373754698303473,216,0.9704761240741702,1,0.4431905100680868
fov0,2417,12153.513888888889,18298.28240740741,23.14579606573984,13.790509785663367,0.2903610637478311,216,0.8031250045815221,1,
fov0,2418,12170.577030812325,2385.7927170868347,58.04031199074159,13.549236199502044,-0.5043975770858855,357,0.9723699433609198,1,0.44589614474051537
fov0,2419,12157.973821989528,20170.759162303664,28.7744487204412,9.563945568548249,-1.002460914250286,191,0.943146848294957,1,0.5747270627463765
fov0,2420,12192.729055258467,13217.985739750446,83.67177139242112,9.276663464051763,-0.49416854592005016,561,0.9938349518672759,1,0.22160675986665387
fov0,2421,12188.837465564739,5620.70523415978,59.73841801632869,8.341142554683325,0.41951936943281387,363,0.990204061634283,1,0.4278732917682282
fov0,2422,12215.970076897358,6067.289368104313,244.08884924665594,93.29480260553301,1.4634129912629095,5982,0.9240727752838072,0,0.42519413827091423
fov0,2423,12195.073041168658,1722.3625498007968,66.8898925462466,16.291665938700845,-0.4481107657797674,753,0.9698859678733225,1,0.4614413019037684
fov0,2424,12193.619684082625,18487.97205346294,48.63044856954173,22.924767309666848,0.3620860656398767,823,0.8819154109222794,1,0.1086224985680204
fov0,2425,12197.209836065575,11600.250819672132,85.27023008305774,9.95784925965511,1.049582715779807,610,0.9931578193248668,1,0.5668945813350141
fov0,2426,12210.560150375939,18325.68233082707,55.33995960181178,18.729490290457672,0.650467049012568,532,0.9409864503905503,1,0.3013772184201061
fov0,2427,12213.926380368099,11495.693251533743,47.913978156717036,9.05244769152961,-0.6799439835412986,326,0.9819903174244996,1,0.7456332209250227
fov0,2428,12216.58292682927,16247.096341463415,120.9263666968614,19.846463921291726,1.3941932563753228,820,0.9864403417932183,1,0.9943401079661268
fov0,2429,12211.735714285714,20487.873809523808,34.449020248723855,21.142764195485803,-0.22089083378832644,420,0.7895077012912528,1,
fov0,2430,12290.394642857143,18232.441964285714,184.20485071106336,45.024422539606704,-0.23625676318310712,3360,0.9696679927913994,0,0.27897758251452
fov0,2431,12235.045958795563,20451.52139461173,45.01287210142741,19.405096079882853,0.10865041425430305,631,0.9023036580481486,1,0.42538276023589916
fov0,2432,12241.131605184446,9188.915254237289,54.485158468091946,45.15678243454318,1.172228380857896,1003,0.5595590099854559,0,
fov0,2433,12412.89087616029,13842.209531356124,478.4546148992104,96.26154177062955,-0.6146834306001739,8834,0.9795516964841376,-1,0.5473309204450182
fov0,2434,12256.880478087649,18656.948207171314,39.6873560502975,8.773650513744718,0.10138638203499956,251,0.9752581329832971,1,0.27286140447062635
fov0,2435,12299.491860465116,20770.597674418605,112.4893747731225,19.886559042221613,0.2623781616295018,860,0.984249293178952,1,0.43653965050969656
fov0,2436,12286.701030927836,10228.828178694159,41.74364227043175,9.243863393311972,-0.4013372917208939,291,0.975173175240257,1,0.1998006206580567
fov0,2437,12402.544393853159,5195.90281730222,271.30558219540586,77.34623033466417,-0.13518593275559657,7028,0.9585010570387403,-1,0.3566819737742241
fov0,2438,12322.084795321638,12243.881578947368,99.51592107831755,10.779389947111715,0.018034024503158438,684,0.994116269730437,1,0.17739504241666126
fov0,2439,12318.441469013007,19269.977046671767,58.46285597949867,51.58950752518968,-0.8971606017522792,1307,0.4704395658165884,1,
fov0,2440,12334.892464013548,9992.723962743437,77.28255607073942,32.76587702141905,0.1268860071316673,1181,0.9056738602271316,1,0.2985460155530279
fov0,2441,12312.911957950066,4457.331143232589,101.53938623495168,20.226591413343336,-1.2874281562049024,761,0.9799589650327101,1,0.5573650392083453
fov0,2442,12313.851393188854,5498.0526315789475,43.462619942366885,10.46012180509706,0.9991891855662548,323,0.9706071550402494,1,0.6811820069617855
fov0,2443,12327.85466598674,20887.409484956654,135.702333393095,43.43987413476748,-1.2321906133317653,1961,0.9473798833759153,1,0.8207413469135005
fov0,2444,12332.41116751269,18105.67766497462,46.24019645394489,11.571658928883174,-0.08415330896629644,394,0.968180974215447,1,0.20547621275515152
fov0,2445,12319.984790874525,20483.034220532318,38.611492810752445,11.137105911937468,1.5077757065496884,263,0.9574979179753267,1,0.7197153503056161
fov0,2446,12332.350597609562,18664.705179282868,38.128753003233484,9.19662107439232,0.20185392593998,251,0.9704756524820074,1,0.28334290000527595
fov0,2447,12362.01247165533,20667.69387755102,97.64348155028333,23.72507180793584,0.5655517834215654,882,0.9700321738953618,1,0.29930619099024935
fov0,2448,12351.461038961039,2585.638961038961,93.17357765604152,80.6220813909932,1.1346547594034384,3080,0.501273148109086,0,
fov0,2449,12334.116935483871,18307.887096774193,34.35741654043988,10.876878332348797,0.20965445401375926,248,0.9485657421364311,1,0.175623739447448
fov0,2450,12329.21511627907,18409.68604651163,17.81360908720146,13.879370740552542,0.7510550456127396,172,0.6268446924392189,1,
fov0,2451,12398.98074745187,16583.617025292562,239.06642374402614,83.93831875561843,-0.879354876874333,5298,0.9363346780812197,0,0.6713862147561958
fov0,2452,12350.33299389002,20601.329938900202,66.06206927640997,37.588970106956346,0.9656995088115157,982,0.8223411596381122,1,
fov0,2453,12371.953791469194,20376.049763033174,103.23235949928078,20.137242524110867,-0.5260101460153657,844,0.9807898886087035,1,0.6568323685729744
fov0,2454,12362.755274261603,10222.402953586497,60.80305092305924,10.75966331778074,0.19066474594255875,474,0.9842181759404286,1,0.2551265110175127
fov0,2455,12401.742704196167,2007.6510101882232,264.6045004049525,91.08988345128883,0.7696266545102656,5791,0.9388783196156574,-1,0.5036474797837612
fov0,2456,12348.963800904978,1344.0497737556561,18.866108815402153,15.014632782691612,-1.2783240573373449,221,0.605491036971176,1,
fov0,2457,12394.615448048378,19024.512369433756,171.8104328990463,55.98087925567248,1.0254953807116358,3638,0.9454286032555541,0,0.9063985001394763
fov0,2458,12360.228501228501,21171.380835380834,43.60000696078696,13.418289563384862,0.8284916442547952,407,0.9514643809452146,1,0.3090271524016051
fov0,2459,12359.521276595744,8185.074468085107,33.30700784786921,16.62501816015762,-1.4672065636795733,282,0.8665186189046384,1,0.49402969651572826
fov0,2460,12504.659790940766,4893.741742160279,287.3709482587634,98.9867958755229,-0.21005701097702675,7175,0.9388022731187458,0,0.2927965847030935
fov0,2461,12520.924631462385,3764.67347221261,348.25440213997814,236.59394313453603,-0.5835399000583782,14449,0.7337949561920963,-1,
fov0,2462,12431.741629185408,18598.67816091954,157.97894238854298,83.1025591325528,-0.13949774527600392,2001,0.8504625045867378,1,
fov0,2463,12422.730798771121,9849.643241167434,175.31919846114002,69.20741489198667,1.0961414017466033,2604,0.9187881753337295,0,0.6584239025784997
fov0,2464,12370.857142857143,20796.62987012987,20.564708456571495,10.05066445531502,-0.3184027588010491,154,0.8724330612966454,1,0.4609014024846706
fov0,2465,12372.684027777777,11010.836805555555,25.029521894977492,15.60090986600185,-0.6935991721330208,288,0.7819825242833319,1,
fov0,2466,12409.424205378973,9194.905256723716,116.56037072567496,32.27611527073368,0.7003316998971708,1636,0.960897384426361,0,0.5582331837919795
fov0,2467,12405.585882352942,5545.041176470589,85.4651235781902,24.10155925119925,-0.9506014859854496,850,0.959413048299167,1,0.64375841635056
fov0,2468,12392.639896373057,20467.551813471502,33.36169128174531,17.93393210324186,-0.44436696752270605,386,0.8432250937696636,1,
fov0,2469,12390.503225806451,10011.696774193548,24.332724229632504,8.388671616019352,-0.3242591729116033,155,0.9386950681825951,1,0.39562503841308466
fov0,2470,12619.790031152648,12222.056697819315,545.8886407552471,84.00441176582991,-0.04574914751597607,4815,0.9880886681122256,1,0.2316957107470415
fov0,2471,12398.36220472441,21211.610236220473,38.55361179471757,10.141650164066743,0.18904439511182144,254,0.9647813352005862,1,0.2396117417944737
fov0,2472,12414.497247706422,7443.29633027523,64.4427887213086,49.47301037172213,-1.3468573855206976,1090,0.6408041851677044,0,
fov0,2473,12416.267857142857,20512.319444444445,41.80688629434001,20.552845451541284,0.18780735963781348,504,0.8708132957509762,1,0.5638010454373652
fov0,2474,12474.013164556962,1900.6463291139241,180.35705070135046,33.417459741686194,0.7996673259968484,3950,0.9826848230094749,1,0.5401449387777603
fov0,2475,12439.993514915694,20451.76783398184,105.75315206458369,38.321044098184686,0.8356968027259704,1542,0.9320369927150471,1,0.47203613349655155
fov0,2476,12434.947540983607,20931.675409836065,75.61676860195679,24.744347462655988,0.8837583334230265,610,0.9449434748042722,1,0.8043544990664108
fov0,2477,12458.47335907336,5335.500772200772,91.49090072120954,37.84860939811436,-0.41489537981936575,2590,0.9104191051923289,1,0.43740009850763095
fov0,2478,12438.85409252669,21241.811387900358,43.56622855266414,8.774309329284367,0.13114305452216865,281,0.9795087465096859,1,0.17809018500989704
fov0,2479,12428.8125,6028.602678571428,30.057967166532467,11.228229507668642,1.4945795953741425,224,0.927609029525159,1,0.48048050611253457
fov0,2480,12448.261363636364,19197.890909090907,43.944611333285366,34.28737537305967,-0.4561340305905236,880,0.62547934597384,1,
fov0,2481,12452.676789587853,8001.655097613883,66.25099093792471,9.231382482332696,-0.9023959770417016,461,0.9902446632500792,1,0.18303599761171332
fov0,2482,12449.648780487805,18085.170731707316,30.78025125374884,8.873609154047372,0.07833377175761715,205,0.9575434340648171,1,0.13478820329288066
fov0,2483,12519.850122850123,17166.035012285014,211.76374479205893,46.80906662894012,-0.7518867136598485,3256,0.9752638774171328,1,0.5315432201140692
fov0,2484,12457.488921713442,18726.641063515508,44.978260707784514,21.668592218814727,-0.8743193313939425,677,0.8763048482461457,1,0.6156637141588942
fov0,2485,12525.987547126699,7514.465554666971,222.26923545065077,151.91259102504074,-0.8576901452103302,8753,0.7299860295796678,1,
fov0,2486,12466.076124567475,3183.598615916955,41.865663591166715,9.248617325391255,-0.38581245411566484,289,0.9752937995143897,1,0.6046215349508718
fov0,2487,12471.58552631579,9300.055921052632,53.50235893903977,24.910661244471633,0.4345409684200201,608,0.8849956414176654,1,0.4646543491454302
fov0,2488,12458.195945945947,13776.033783783783,21.999795079967228,9.604233586280811,-0.42995285717680937,148,0.8996750777389927,1,0.6339283665753335
fov0,2489,12490.464576074331,15714.070847851335,94.50118088834017,16.928768908976277,0.48977627373048,861,0.9838239247471346,1,0.3182825055839215
fov0,2490,12471.065476190477,20540.886904761905,24.079187966861433,9.12951453554577,-0.08048723093843266,168,0.9253370890817708,1,0.583719563761251
fov0,2491,12485.558118899733,3675.2156166814552,88.32437778607719,26.54685979459601,1.018531145824099,1127,0.9537626063210269,1,0.5375090462969935
fov0,2492,12504.719727891157,10222.273469387756,115.86512824995224,14.947604930005458,-0.4587594633793522,735,0.9916434670076338,1,0.2216585288677926
fov0,2493,12495.700054734538,8215.384236453201,85.69989718836814,61.68876496294139,-1.0558414447135835,1827,0.6941575588294828,0,
fov0,2494,12485.523076923077,17247.962237762236,56.33669298399722,27.378981430909814,1.0191435882233784,715,0.8739652384591083,1,0.7731323840135819
fov0,2495,12586.358170161151,18281.094957546353,240.24105405436188,97.00670647797202,-0.3064666678030434,5771,0.9148521218280363,0,0.2244844006026674
fov0,2496,12715.261526141174,8561.951035350647,506.67513698836734,64.01374301060017,-0.05737959917288953,8741,0.9919868959944923,0,0.15600758018797253
fov0,2497,12495.686635944701,19305.336405529953,33.698536862280896,8.789081869591401,-1.1494476551089907,217,0.9653888165275121,1,0.8235900255451671
fov0,2498,12508.25468164794,18631.719101123595,20.625838466981982,16.587222191371765,-0.34484308718037326,267,0.5943638385094031,1,
fov0,2499,12515.046931407942,3125.2274368231047,34.39711702130943,16.150153099367984,1.4471673303273787,277,0.8829215472886799,1,0.8942858605284494
fov0,2500,12529.205250596659,7798.145584725537,50.63101322965125,14.248828089806196,-0.5374546921021042,419,0.9595832547663481,1,0.5615315053308846
fov0,2501,12532.090861618799,16411.872062663184,158.21447808822282,36.585521005395634,-1.4447240684478857,1915,0.9728967301387466,1,0.8397312112807676
fov0,2502,12524.548104956268,12678.416909620992,37.29661625540645,13.707430230779774,-0.5929190060429815,343,0.9300137337794323,1,0.2574420612849492
fov0,2503,12529.233333333334,20556.338095238094,93.42461053434288,27.811597550261865,-1.500945655676572,840,0.9546625074064665,1,0.9552453391456439
fov0,2504,12573.992577319588,11415.051546391753,252.90329476478323,64.16130847443841,1.19218320992996,4850,0.9672832193497035,0,0.5448204909762869
fov0,2505,12580.197193500739,9293.067946824225,119.65178902656876,32.240602536231094,0.10898907938958462,1354,0.963013379913993,1,0.519031541472228
fov0,2506,12550.479318734793,19541.712895377128,57.18527802707056,9.44300463972617,1.0986707264366713,411,0.9862718108884535,1,0.8053736813509847
fov0,2507,12552.963592233009,19813.3713592233,64.06002000062159,13.562823600497778,1.0019340671444654,412,0.9773302423136204,1,0.2846564648914632
fov0,2508,12577.670020120724,3864.9356136820925,81.74066008114667,14.194539310697131,-0.15057439725475244,497,0.9848068412861173,1,0.31429924641783913
fov0,2509,12568.998482549317,8502.497723823975,38.54584764173852,24.751062238228208,-0.18297383798638367,659,0.766604083359824,1,
fov0,2510,12665.21312712184,14814.814409656734,241.91945280636548,98.88613141359004,0.49433917322333276,5302,0.9126435133712265,1,0.6583676193013688
fov0,2511,12644.91619183286,12657.298195631529,194.96983828088258,77.55357235029645,-0.1556155084320414,4212,0.9174842310733031,1,0.3255991411146275
fov0,2512,12607.822902796272,19694.950066577898,142.9155462391365,60.51171389187579,-0.13228687044766158,1502,0.9059386874290376,1,0.5796629696809423
fov0,2513,12576.224119530416,6223.399146211313,71.43936442971861,50.42692223112794,0.39730157379533243,937,0.7083411509910601,1,
fov0,2514,12574.572621035059,5874.067612687813,60.48751964599982,28.442143570958326,0.38714421140151767,1198,0.8825518588109815,1,0.45986492623146
fov0,2515,12562.473282442748,6165.912213740458,38.33249511252716,8.934685546497137,0.888295901037854,262,0.9724566410907601,1,0.37779217686267563
fov0,2516,12573.367816091954,7400.862068965517,40.58444777070526,27.41249851865731,-0.4360053428090027,696,0.7374118088335037,1,
fov0,2517,12566.702194357367,11076.818181818182,39.522408172554236,14.526809030664607,0.6187682466090042,319,0.9300002830661186,1,0.5493999238858033
fov0,2518,12594.044052863435,21264.189427312776,56.17443921391175,14.380109792341884,0.034941237681337105,454,0.9666793585751945,1,0.24825375067889607
fov0,2519,12582.405714285715,8039.391428571428,38.14660034127302,13.583300099271254,-0.6911387769656588,350,0.9344548885118639,1,0.2649606723823528
fov0,2520,12603.984308131241,19334.212553495006,92.9658400560548,11.54156855812417,-0.8505284480407977,701,0.992263650808061,1,0.5523504041634427
fov0,2521,12621.780898876405,15363.818352059925,109.5701173955373,13.982858069665204,-0.35394640835857133,1068,0.9918237012960924,1,0.39953648863107116
fov0,2522,12791.4712491414,6380.477823569817,567.4226835871373,183.97712424954142,0.5919654694109218,20382,0.9459772731876958,-5,0.26370281066608164
fov0,2523,12600.395061728395,8539.561728395061,19.20286379650403,12.76184606140889,1.4157517204717243,162,0.7472168026683377,1,
fov0,2524,12627.529490022172,7856.478048780487,116.39488537284566,58.48934700657225,-0.9717788604160074,2255,0.8645726292635358,0,
fov0,2525,12613.129224652088,6138.433399602386,40.143916637027566,22.47756933345311,-0.6119061884507572,503,0.8285435186570492,1,
fov0,2526,12776.878592076178,8489.387179051182,431.23510691216035,47.09721266970389,-0.018281500532101376,5881,0.9940181836292276,1,0.14368800886673683
fov0,2527,12666.229819144244,9927.25716806352,204.74899518191174,80.50916756735703,0.7178031389557755,2267,0.9194490773311731,1,0.4302990469431409
fov0,2528,12653.973884657236,18636.35799782372,149.90281187906962,50.49764201171694,-0.286762965111177,2757,0.9415514507808364,1,0.22644047457231328
fov0,2529,12626.86090225564,21044.978195488722,58.649514822079006,33.67909059048353,-1.0298387513573484,1330,0.818684700692619,1,
fov0,2530,12629.725888324872,3241.756345177665,73.11950562488828,17.378488903680175,0.7101105714661413,591,0.9713453695417836,1,0.6851290769725535
fov0,2531,12643.850027979854,20894.084499160603,103.54269233731601,53.50659830525594,-1.371632488059344,1787,0.8561310261846277,1,
fov0,2532,12709.891369390103,17372.28998849252,250.0008080332129,78.86390952287317,-0.5422511509134349,4345,0.9489406639336609,1,0.5223400198388206
fov0,2533,12640.871335504886,19929.75732899023,48.18205477792586,29.898292663670414,-1.4229302017107393,614,0.7841846421833972,1,
fov0,2534,12636.713513513514,7336.794594594595,47.71353779687791,13.112519392316063,1.4684971073116275,370,0.9614963822579432,1,1.037455861204523
fov0,2535,12638.316742081448,19081.47963800905,24.275205946107594,12.503693565071908,1.482644240981216,221,0.8571416010355897,1,
fov0,2536,12650.506369426752,20816.8025477707,38.12967439808305,15.303312750711978,-1.127021119392667,314,0.9159251348281929,1,0.6536235199868653
fov0,2537,12672.122881355932,3803.7478813559323,54.41628458729722,13.949638144001423,-0.07167233489905958,472,0.9665839100868678,1,0.4676134835854202
fov0,2538,12673.781371280724,20633.785252263908,52.36214464999702,31.18744289200083,-0.4774094421865657,773,0.8032733895112792,1,
fov0,2539,12669.234716157205,6159.028384279476,49.43022513016669,27.549771816853205,-0.29189026424737163,916,0.8302798801881661,1,
fov0,2540,12709.202524383247,8722.395295467584,100.97325470824035,47.15134019140465,0.32688290811822457,1743,0.884273893761519,1,0.13046321738315497
fov0,2541,12749.571086644328,18406.623743417902,149.74065698732437,42.20436873070577,0.19908416178459504,2089,0.9594585509122014,0,0.25734421810181995
fov0,2542,12679.072368421053,21347.151315789473,21.796468614991806,10.434791327242774,0.22363853301766456,152,0.8779579781124895,1,0.3658345263391609
fov0,2543,12678.493055555555,21001.430555555555,19.688447525044175,9.99212977849927,0.1796751304166562,144,0.8616444974598341,1,
fov0,2544,12705.607703281026,6413.683309557775,109.29517539375279,15.253203848368242,0.5980711033604282,701,0.9902136563050777,1,0.2648265795768996
fov0,2545,12825.072984184599,6704.895773917552,380.76344240236034,76.47860924943602,0.3816898652184307,7714,0.979620784131557,0,0.5078215356475098
fov0,2546,12698.549572649572,5923.739316239316,60.87280876364855,49.95485319972799,1.468254818963726,1170,0.5714410112583239,1,
fov0,2547,12741.83951367781,11436.803039513678,110.54496988625202,58.18720395710299,-0.39917583948356083,1645,0.8502575925829562,0,
fov0,2548,12714.902335456476,21276.71762208068,33.67092119245945,21.56095141428334,1.5383190390867794,471,0.7680887698342022,1,
fov0,2549,12733.742926829269,3185.4468292682927,117.10716873001222,55.06753833271445,-1.2999562847989385,2050,0.882542840228828,0,0.8981810596869557
fov0,2550,12716.5,6300.321917808219,21.92726726539955,8.80238936580354,-0.4188764887744719,146,0.9158871789148724,1,0.5407845886586554
fov0,2551,12739.664705882353,19789.074509803922,123.37934812643174,14.338001463318426,1.0202031055361125,1020,0.9932245824705275,1,0.2889670599523147
fov0,2552,12749.71762589928,20763.946942446044,70.76444624660738,29.855895596946556,-0.8655169188349815,1112,0.9066399008403113,1,0.5480882535409748
fov0,2553,12729.405940594059,21316.31683168317,14.340113392781774,9.19855836994462,-0.955904975784064,101,0.7671594424834799,1,
fov0,2554,12805.383354350568,19220.088902900377,174.77075108816211,28.591227882543514,-0.15998197911137377,1586,0.9865279580297429,1,0.49821113110749077
fov0,2555,12746.002304147465,6213.175115207373,38.457384488379255,14.646200811957995,0.5374100870105578,434,0.9246399850214254,1,0.2554727135827945
fov0,2556,12785.897177419354,20850.06552419355,121.08544838485099,20.77752071949772,0.5231331248600726,992,0.9851677743877452,1,0.7230904261123738
fov0,2557,12756.958705357143,20956.15401785714,65.12575623177322,22.752482850131262,-1.1578725290832859,896,0.9369877243215433,1,0.7849035894089409
fov0,2558,12760.86230636833,5874.951807228916,45.77795140178946,16.830759119226997,0.04584916387142906,581,0.9299599571680922,1,0.2059830438100561
fov0,2559,12771.890860692103,21221.627329192546,75.05129897355108,27.66613619663525,0.9927875477214526,1127,0.9295763337543947,1,0.4304086277453333
fov0,2560,12757.307692307691,7452.977564102564,22.1903891839691,17.996073261896626,-0.6122468942635644,312,0.5850669141159932,1,
fov0,2561,12814.48203909139,7588.503433703117,143.80391920428337,76.3510437539848,-0.45538904243138073,3786,0.8474103259343599,0,
fov0,2562,12774.38990825688,18239.683486238533,43.65722278944507,15.041001670077666,0.06266461758842794,436,0.9387771683979959,1,0.25828924579662643
fov0,2563,12775.331658291458,19863.743718592967,29.274223089942677,9.990346056061654,0.9840462560726305,199,0.9399661557151491,1,0.28152372674106946
fov0,2564,12802.83299180328,9592.043032786885,58.52665184766964,30.014876836052384,0.09970295837848507,976,0.8584835061822231,1,
fov0,2565,12807.503994673769,21024.561251664447,99.15436119062578,32.441869191320684,1.4657986260304752,1502,0.9449601308695635,1,1.1338163777653687
fov0,2566,12795.848341232228,21121.69036334913,39.9245884981616,20.324821603494556,-0.6171888219779466,633,0.8607190280562456,1,
fov0,2567,12787.237288135593,6259.745762711865,14.977701281536095,11.005599424928972,0.4314086706430971,118,0.6782849538096638,1,
fov0,2568,12832.995095853767,7383.254569772626,142.89375657987108,46.62486296983633,-0.5610001809123164,2243,0.9452695731033739,1,0.7565227169055799
fov0,2569,12809.213483146068,2059.4719101123596,35.12439626362412,9.059486046764723,0.016008503416412915,178,0.9661647429221115,1,0.28140618892611013
fov0,2570,12861.83147853736,10617.394276629571,253.4765790550764,20.970685592350442,-1.0232924174640063,2516,0.996571811858375,1,0.7166446258815061
fov0,2571,12833.114864864865,21191.964527027027,62.65969408328789,22.69877097526667,-0.1875297063295096,592,0.9320791306613752,1,0.5645628083092619
fov0,2572,12889.097144846797,9840.620995821728,195.80276627478153,143.94093150988252,0.32601001492340087,5744,0.6779237048623028,-2,
fov0,2573,12830.363492063492,6221.104761904762,38.92501791235716,20.85264302220374,0.6861209621640402,630,0.8444000513502149,1,
fov0,2574,12834.093915343916,5892.4140211640215,40.9243752647026,26.39513791833734,0.08986042321727554,756,0.764204928458983,1,
fov0,2575,12841.094339622641,18234.255765199163,62.20963715780725,11.295927924569082,-0.5421157986840206,477,0.9833764668910062,1,0.41665496431162047
fov0,2576,12829.943925233645,7330.448598130841,25.974995137572034,10.800291451361904,-1.5444420132535603,214,0.9094580422199694,1,1.1061829231773324
fov0,2577,12838.40025094103,21259.293601003763,76.70953750948198,23.833919834523346,1.3834239500038688,797,0.9505068915631321,1,0.8416743057384447
fov0,2578,12876.6251039069,4438.616791354946,88.66145924255187,33.130945191654696,-0.41241950142208794,1203,0.9275579973062605,1,0.25126974354493387
fov0,2579,12856.542757417103,12228.202443280978,35.05508246042889,21.276678493815314,0.4663871872350589,573,0.7947401017185838,1,
fov0,2580,12880.0793768546,2872.2410979228484,76.50170503895392,37.92341317451641,-0.6035716288294323,1348,0.868482491320763,0,0.7922284826469002
fov0,2581,12878.499267935578,21155.764275256224,67.8271280817371,19.07441245204749,0.0835628430507246,683,0.9596430335966096,1,0.474443634446194
fov0,2582,12952.629734513273,5857.284601769911,183.42657533011405,37.96285796228472,-0.2783595291684931,2825,0.9783483741139327,0,0.43473903108162765
fov0,2583,12874.932835820895,921.5223880597015,29.23825050816652,13.939090448455817,-0.769673208486485,268,0.8790434818121415,1,0.2974526505246055
fov0,2584,12952.646147314796,8835.008066227978,194.9741236798773,82.8576041765595,0.32225008919114756,4711,0.9052087566032256,0,0.19098518178906432
fov0,2585,12895.054125998226,10474.935226264419,68.34830470347397,45.675424432041375,1.4662294449937845,1127,0.7439148371553163,0,
fov0,2586,12946.182144459399,12321.102288021535,154.9264916442935,36.71262752582503,0.6914025829188123,2229,0.9715174453509103,1,0.4962891032420097
fov0,2587,12913.060536836094,4300.444888635066,80.57697198683908,60.17395715068123,0.8749811132467079,1751,0.6650615879490246,0,
fov0,2588,12892.654135338345,1397.157894736842,36.25945083795294,10.21238261107872,-1.4524975745633386,266,0.9595179531138248,1,0.960306415283494
fov0,2589,12937.322555205048,15249.385646687697,100.6897538153441,22.11218648882247,0.6896641501023857,1268,0.9755883939530899,1,0.6382178350201756
fov0,2590,12915.176638176637,6049.672364672365,55.393346693666864,8.87737012119848,-0.4185197650282935,351,0.9870747413647688,1,0.5040078996572811
fov0,2591,12935.81869035867,21194.973346495557,179.5911419378661,61.56317924129421,-1.2669569857372318,3039,0.9394097591930314,1,0.6339245453606992
fov0,2592,12969.376652814506,896.8900642236495,184.3045445860333,35.13249038384241,-0.6241925913690043,2647,0.9816635242613775,1,0.24275541362206793
fov0,2593,12908.595744680852,17971.205673758865,22.655730695628968,8.665209529196906,0.8021142792334354,141,0.9239665908548046,1,0.5613262711007266
fov0,2594,12974.416360294117,5427.249693627451,165.07176659044922,45.28625124078136,0.5129411586667827,3264,0.9616319598035977,0,0.4696800333108444
fov0,2595,12927.780984719864,21022.467741935485,84.71413251630692,35.69463309551102,-1.5410124074922222,1178,0.9068962792756317,1,1.1030578127241766
fov0,2596,12925.440979955456,9681.5,140.5250268412398,19.602101652062114,1.4405784848344618,898,0.9902232134694884,1,0.7695509211294134
fov0,2597,12933.546626231993,20006.548900682334,74.10453621819876,37.61363894813898,1.5427929723785718,1319,0.8616073481694028,1,
fov0,2598,12934.60396039604,2808.9345434543457,92.3898398823099,31.98767798545989,1.4545242607547486,1818,0.9381514839632943,1,0.9597059999322389
fov0,2599,13019.391554151107,11224.626544096524,206.47326405220562,53.1135909399746,0.24599610973493807,3481,0.9663470207579287,1,0.29264444845277016
fov0,2600,12939.077235772358,2530.7357723577234,35.910463914710625,9.440789938933154,0.4527308567662081,246,0.9648236263333677,1,0.3921561711728755
fov0,2601,12957.648316062176,20912.54792746114,95.78039904823686,38.03824115515168,0.7850001350321656,1544,0.9177579793376238,1,0.6264938143637725
fov0,2602,12937.216560509554,8581.171974522293,19.39705186777597,11.063607515359386,1.186814926141016,157,0.8213839131113094,1,
fov0,2603,12958.222539229671,8775.241084165478,50.16243645312557,18.16297117398092,0.25263460228141904,701,0.9321458141756178,1,0.1833931550160932
fov0,2604,12941.15,19189.417857142857,40.62210473194154,9.532175105882876,-1.5401570513108316,280,0.972078745449081,1,0.5423954510826773
fov0,2605,12953.649253731342,853.5074626865671,18.85524813506976,9.491704226876674,1.3614694192819885,134,0.8640543491223514,1,
fov0,2606,12994.847804878049,15707.307317073171,82.75207698272395,28.129445415155008,-0.1709406651704001,1025,0.9404527850527461,1,0.4249462044866778
fov0,2607,12967.901477832513,2320.487684729064,17.282541339485437,15.095537225865193,0.8934765712536988,203,0.4869033155332187,1,
fov0,2608,12983.76294277929,21095.623978201635,44.93027409202626,14.67820333592168,0.2040382372847383,367,0.9451320708822809,1,0.5777017739587191
fov0,2609,12976.497245179064,4324.241046831956,55.7692377132563,18.838229088217915,-1.372688953926111,726,0.9412218992100602,1,0.5480616716560762
fov0,2610,13077.723169912693,4794.499798522498,291.66582633932734,109.25147042926207,-0.6142653977617137,7445,0.9271955886436117,-1,0.6935549323967035
fov0,2611,12995.362637362638,10402.030525030525,93.5792435988724,36.977045471620954,-1.313238717836484,819,0.9186202542076496,1,0.8212808270890253
fov0,2612,12983.391891891892,12517.220720720721,35.169231651416524,8.47870242343868,-1.0362358566831968,222,0.9705045115820004,1,0.731210457993937
fov0,2613,13001.018348623853,19978.70249017038,69.29123962527207,18.180608072663166,0.8416987988552695,763,0.9649647366391737,1,0.817532472474776
fov0,2614,13001.353801169591,21138.657894736843,49.993620615502216,9.549621240253371,-0.13696970185309754,342,0.9815867682333009,1,0.46186633611055883
fov0,2615,12994.80353200883,21061.58940397351,30.613445145879904,18.968684898443758,0.9194430531409127,453,0.7849024038374592,1,
fov0,2616,13124.873362930077,1023.0324084350722,349.9134795117191,105.4997104182623,-0.14508079797143095,9010,0.9534654569862939,0,0.22376166054680277
fov0,2617,13000.012738853504,20477.006369426752,17.102600590659918,11.836776268762554,-0.7186658367803915,157,0.721797905164352,1,
fov0,2618,13018.244019138756,7800.899521531101,62.666569835757066,9.959591526770048,-0.7738809585065594,418,0.9872898701241273,1,0.7063898544855967
fov0,2619,13051.630847953216,924.514619883041,98.04454536243867,43.007496283642105,0.20152439020950821,2736,0.8986567101469857,0,0.3765994645857661
fov0,2620,13018.405538461539,7493.008,116.96960121318688,38.121288020108295,1.4454620373043707,1625,0.9454016092324461,1,1.0574565833929965
fov0,2621,13048.060889929742,9582.969555035128,76.85986333907913,9.942699796655049,0.268384574739285,427,0.9915975127423372,1,0.3864166620114715
fov0,2622,13116.736590229311,8820.41335992024,259.5410775817976,73.0879745826016,0.5962557369048181,5015,0.9595305208868732,1,0.2713118893883113
fov0,2623,13196.752346130408,5319.986471663619,456.9962404665803,69.6930234808758,-0.34647047501506756,8205,0.9883031002590902,-1,0.43742228463506916
fov0,2624,13028.01724137931,822.2873563218391,26.01691199769729,8.77569063805752,-0.5223996678011604,174,0.9413946469811598,1,0.214758814503003
fov0,2625,13027.076923076924,10405.712374581939,42.2246675339111,10.40228907404085,1.5648652703557207,299,0.9691794730761712,1,1.1788252079211403
fov0,2626,13076.554979253113,11822.969917012448,127.7197903426646,14.130063750623783,-0.350185987023968,964,0.9938612929840659,1,0.2380906389898297
fov0,2627,13064.240206498633,6556.271181293653,151.42778734418005,83.73138467253584,-1.548387987440906,3293,0.8332171114930227,1,
fov0,2628,13027.897810218978,21180.89781021898,17.44499080264149,10.293972269196248,1.3766239501664437,137,0.8073434351409688,1,
fov0,2629,13052.995824634656,9753.432150313152,74.64854180024435,12.03705905573543,-0.44523882718188657,479,0.9869136317843125,1,0.5224642009994641
fov0,2630,13054.218604651163,10313.490697674419,66.57450675403054,47.99127088632909,-1.5073560889727402,860,0.6930748917462168,1,
fov0,2631,13120.982773109245,11953.871848739496,198.60465530788258,42.49508938163667,0.13542610267935656,2380,0.9768406167250344,0,0.3224710942837636
fov0,2632,13054.396296296296,18958.43888888889,74.14096234853979,10.268107214260402,-0.9414225199725385,540,0.990363218451878,1,0.5710394687648688
fov0,2633,13098.6650055371,20515.96096345515,203.99407577855808,47.957890395905,0.7721631630971323,3612,0.9719725120622228,0,0.5251682286553652
fov0,2634,13080.2910321489,12470.241962774957,102.23506089307169,15.177959145181756,0.09652819527244862,591,0.9889182048960106,1,0.34069854961920404
fov0,2635,13053.51884920635,20013.1498015873,54.38607778480435,27.808802433666322,1.4900262917676876,1008,0.8593891610741222,1,
fov0,2636,13057.804081632654,10363.938775510203,39.94306542355012,8.523189097499587,0.12170911018368047,245,0.9769685272985211,1,0.619599833810836
fov0,2637,13079.645038167939,20391.09351145038,101.1811721723239,51.49649329218287,1.2917081386517164,1572,0.8607941218070331,1,
fov0,2638,13114.583698296838,3319.747201946472,142.78657796465686,76.1742091424605,-0.43171723448845684,4110,0.8458108002721322,-1,
fov0,2639,13065.275449101797,21163.942115768463,28.492850120764075,22.990402127828652,0.694446029530063,501,0.5907110114040488,1,
fov0,2640,13065.182926829268,2296.1951219512193,16.383373711130037,12.798685975074477,-0.11752121920601581,164,0.6242812595279539,1,
fov0,2641,13082.714634146341,1323.0560975609756,41.38113135134716,13.9394122888812,1.1964872099563202,410,0.9415567834342834,1,0.7862602985327394
fov0,2642,13102.332326283988,19912.817220543806,95.33243389506168,56.5776163397217,-1.5134416015370522,1986,0.8048508759861581,0,
fov0,2643,13097.957683741648,6038.52561247216,72.15664920593282,24.60155055611812,1.2889046493480303,898,0.9400827330715593,1,0.6648401505523163
fov0,2644,13095.79292929293,8682.121212121212,31.305464641523738,9.630354239506914,-0.38743896990456184,198,0.9515075667046083,1,0.4417134649749787
fov0,2645,13096.270422535212,18350.09577464789,28.175197369013393,16.122655695473625,-0.34796281408175034,355,0.8200941105281898,1,
fov0,2646,13211.079592125761,10197.811783033565,337.2432371531061,103.23377630776764,-0.7087484714162584,7061,0.9519959117057284,-1,0.6499618057936046
fov0,2647,13135.159403669724,12399.768348623853,94.8088363499003,22.54986616275425,0.4488264192154799,872,0.97130297155618,1,0.38650365823755306
fov0,2648,13132.311509591325,6394.028773978315,141.89963629721814,43.42210827231289,0.8947007217420885,2398,0.9520296556605096,0,0.6708581635622282
fov0,2649,13117.992639327023,3138.217665615142,61.837971695975426,42.40424762522709,0.6673151070176109,951,0.727854555276771,0,
fov0,2650,13106.205020920503,7921.723849372385,37.164775148673066,8.442754860606343,0.8798614990592186,239,0.973854911687264,1,0.8501139629060307
fov0,2651,13184.82851445663,9643.179960119642,246.71078283390239,67.70883171099331,0.014256655015457951,2006,0.9616024619010278,1,0.26740918846456624
fov0,2652,13130.75,2198.7831125827815,75.5140675389385,11.726693711470011,-0.2754099505935398,604,0.987868688823577,1,0.3069833685449661
fov0,2653,13107.38392857143,21165.65625,19.482134391620278,14.701223337126429,-1.2904020456111867,224,0.6561847864417268,1,
fov0,2654,13148.784044016506,18886.397524071526,108.36102403241922,21.664958028060074,-0.13725601192955944,727,0.9798095457922863,1,0.5827139506472394
fov0,2655,13134.653110047846,10214.31100478469,39.01788306869875,24.212532447746348,0.28123241873379823,418,0.7841671831601338,1,
fov0,2656,13130.81679389313,18620.524809160306,28.415764017657626,23.715178461921354,0.20159622650679337,524,0.5508894200345759,1,
fov0,2657,13143.495522388059,20227.891257995736,147.08906517615463,44.95300447718174,-1.1518933291808457,2345,0.9521543432704197,1,0.7455921908045452
fov0,2658,13250.56415558838,8646.824027572624,315.03584284459004,205.81037239719367,0.6449554737825679,10155,0.7571061087972143,1,
fov0,2659,13143.041871921183,13932.63842364532,106.85872325353898,42.86705090776489,1.5114527225111658,2030,0.9160096159311694,0,0.602140993760232
fov0,2660,13157.615918556225,20468.739009717723,172.62445781178482,27.564283533984266,1.2663907142705095,2161,0.9871691946677766,1,0.6427048911154165
fov0,2661,13189.190073917634,7461.57057374164,128.0191666601003,78.15997836613683,-0.45932480702599027,2841,0.791990502011103,0,
fov0,2662,13148.823529411764,2726.4313725490197,15.926698230514683,8.91583692883377,-0.5529425475132181,102,0.8286247345176974,1,
fov0,2663,13196.176659528908,6828.706638115632,114.20531103278628,17.084710056373055,-0.5611476130472899,934,0.9887471363529878,1,0.48590262704521414
fov0,2664,13157.46762589928,16305.53237410072,17.174991754241447,10.817342399288238,-0.004918545445950999,139,0.7767321926750269,1,
fov0,2665,13179.132796780685,11939.855130784708,63.797566686372676,11.95620010039359,0.18737787051018823,497,0.9822820829130771,1,0.3148123478706967
fov0,2666,13196.717990942774,20023.043021819678,182.41582978757086,85.4082459708681,-1.078588609508679,4858,0.8836191678080011,-1,0.6351167725583083
fov0,2667,13185.706042090971,5499.9497623896805,72.78914286873572,43.46349453038696,-0.3384362662710921,1473,0.8021555876278181,0,
fov0,2668,13180.300709939149,6516.027890466531,101.28516188192515,35.7611345096848,-1.392047492091686,1972,0.9355954836578122,0,0.7706393073362263
fov0,2669,13205.661585365853,21869.642530487807,104.0501319186631,20.4014091494841,0.5691306309178006,1312,0.9805893254961308,1,0.22284253165496523
fov0,2670,13175.23489932886,13829.628187919463,58.757121235792546,18.407794354370253,1.1894723862043812,745,0.9496587630719436,1,0.4683417642807373
fov0,2671,13188.58273381295,2285.165467625899,30.745903788887187,12.841510792275788,0.009307201240045386,278,0.9086007516950947,1,0.2442310884857567
fov0,2672,13288.981731823163,20042.12020460358,336.54346741054076,51.07758143573018,-0.8936897439634801,5474,0.988415664038587,0,0.3773405537234119
fov0,2673,13229.418136020151,20461.76994122586,445.11530483484324,92.39895637878269,1.4551036060055105,10719,0.9782171290088801,-2,0.7772274079951759
fov0,2674,13226.716260895702,3573.562669071235,127.68870794762903,76.44960212882005,-1.263089142743284,3327,0.8009594620569683,0,
fov0,2675,13205.689781021898,12561.766423357663,38.7478016731504,14.3131651478422,0.4064702129597007,274,0.9292732866121984,1,0.39882352048215536
fov0,2676,13208.437745740499,7562.013106159895,47.261052321767124,40.64809819998496,0.21512893244538736,763,0.5101658794986424,0,
fov0,2677,13202.829341317365,16271.12874251497,30.928907207293083,17.096790843304866,0.9108965573037848,334,0.8333291702054169,1,
fov0,2678,13241.979328165375,17869.748492678726,136.33424379241555,29.361271028315223,-0.26619584692995824,2322,0.9765341946110747,1,0.27097857580389156
fov0,2679,13209.509523809524,4766.780952380952,27.501083549108653,10.98515469074487,-0.1996301266292436,210,0.9167574084484,1,0.5721873350319917
fov0,2680,13298.079543004958,12616.185600344901,243.13573245267014,74.27128332124035,-0.19826468922108043,4639,0.9522008944953531,0,0.23987831462913772
fov0,2681,13234.788273615635,9830.273615635178,45.77182898679969,8.869033381031262,-0.14390832924605976,307,0.981047735659512,1,0.39684107101201554
fov0,2682,13309.218211083007,891.4378017935157,191.87740935440883,71.31303506265277,0.41084698071428444,4349,0.9283691725267961,-1,0.3587645298252923
fov0,2683,13300.995259727435,8171.078807031405,189.22884629636553,139.16072301269128,-0.8474148501973571,5063,0.6776227714245896,1,
fov0,2684,13247.106644790812,3211.9737489745694,148.74726313525917,29.363909649873083,-1.4569066066619252,1219,0.9803214040211808,1,0.9263706536629255
fov0,2685,13230.546218487394,11797.64705882353,18.810321466487245,8.273274404599688,0.2636023368891541,119,0.8980828532096714,1,0.23344159772435968
fov0,2686,13236.646884272997,14756.673590504452,25.251483543961193,17.592601628929728,0.2103263218775308,337,0.7173667206668515,1,
fov0,2687,13338.338123035473,17918.851968268224,248.1287331990659,92.2422092333125,-0.44141621572734757,6681,0.9283323115985247,-1,0.21713636370817901
fov0,2688,13302.89914021164,19485.569113756614,148.77117505050137,56.37369529892589,0.0953189206104952,3024,0.9254257944564717,1,0.4263274169636487
fov0,2689,13426.316161534087,21814.9312586333,600.2393907405141,93.45540811818009,0.7929450118757554,12307,0.9878048782779653,-1,0.2850408128081888
fov0,2690,13283.996420901933,21948.677881173946,138.47635530780767,28.02425309670629,0.7013879440927192,1397,0.9793079521099324,1,0.25405055146399413
fov0,2691,13271.834422657952,775.6688453159042,78.07467346457189,37.786229683947454,-0.5032486689837293,1377,0.8750815439141799,0,0.3021720232688882
fov0,2692,13258.703883495145,2433.3058252427186,24.64811968356749,10.889466460111878,0.07247581367952702,206,0.8971150262616105,1,0.214741837072108
fov0,2693,13287.534068136272,20288.656813627254,100.47039573059003,53.58376085196391,1.047248527493278,1996,0.8459079945429828,0,
fov0,2694,13287.541740674955,1340.8898756660747,119.45669287406339,27.677556399427523,0.9059566752611646,2252,0.972788404425484,1,0.6612737623272499
fov0,2695,13274.609053497943,8190.065843621399,38.07125017001168,21.286582995764537,-0.47948372935882055,486,0.8290834542176401,1,
fov0,2696,13269.175298804781,2234.820717131474,32.93248283803292,11.020779193298031,0.8294916468991038,251,0.9423433163677323,1,0.4037737399962963
fov0,2697,13453.68967223253,21194.31539888683,407.64152516278483,68.64583131885756,-0.07689830917207642,8085,0.9857191625735703,0,0.23680911710907218
fov0,2698,13292.832232496698,20596.073976221927,44.096552453097416,25.768449124004988,0.3805883005498394,757,0.8114914754840759,1,
fov0,2699,13307.995661605206,21905.316702819957,68.41586360004108,9.662788678698455,0.4926431377265926,461,0.9899759433907082,1,0.21457204245022152
fov0,2700,13314.911980440098,8671.695599022005,82.60596935539878,19.00242869363546,0.726457141780617,818,0.9731818855756292,1,0.3188566700012134
fov0,2701,13313.051236749117,9789.067137809187,92.13630502381517,11.312579399602614,-0.9875177291845684,566,0.9924338003482308,1,0.7953471596893621
fov0,2702,13325.846374045801,9627.957061068702,139.12449815505852,21.940179540874453,0.932619069977585,1048,0.9874867856808269,1,0.6032523978845872
fov0,2703,13318.57609710551,3523.3660130718954,39.52339909803897,34.63585444826365,0.44424989744010224,1071,0.4816967942321116,1,
fov0,2704,13402.86445971268,13058.228607120549,265.745078848358,37.85615912335777,-0.19208552554176803,3202,0.9898015807009497,1,0.11064097008754384
fov0,2705,13313.642335766423,4152.824817518248,22.129316891791287,8.231374867444545,-0.36719518238976806,137,0.9282459674490011,1,0.31646955247668057
fov0,2706,13449.91347075743,14109.109419942473,299.38510169911456,133.20491588507534,0.5666476213018442,8344,0.8955661748618721,1,0.24168326869656204
fov0,2707,13337.64347826087,9878.031304347825,67.5787209449773,12.980223513985425,0.022563968119233477,575,0.9813801317948745,1,0.44847641741058747
fov0,2708,13432.996120762355,21425.002529937596,402.90069807151076,88.41286791170137,0.7345049559539949,5929,0.9756258080964578,0,0.4272105809464927
fov0,2709,13326.991489361702,19765.974468085107,34.854132938200536,8.74528191835691,-0.6708119315285708,235,0.9680101856293032,1,0.39145687115956945
fov0,2710,13386.04716590815,5176.5151013653285,198.02599784002376,45.27945751254697,-0.8629367673695814,2417,0.973507729698317,1,0.5412519626833056
fov0,2711,13330.670103092783,19094.810996563574,42.743703511245236,12.020445937774914,0.9563554089801364,291,0.959642902626006,1,0.7509418195907204
fov0,2712,13364.015404040403,4056.7439393939394,134.94651189396708,104.00824655519243,-1.4405353309680566,3960,0.6371536248350234,0,
fov0,2713,13340.591032608696,4575.423913043478,36.52231676327206,25.783874866836804,-0.6976740185857353,736,0.7082358724674136,1,
fov0,2714,13372.988633134413,19700.556692242113,125.91926495887687,90.68976890220024,1.1206436146158123,3519,0.6937441248000423,-1,
fov0,2715,13347.014676450968,15550.115410273516,145.90538974820691,19.999560112666128,-1.4665446956754864,1499,0.9905610711910667,1,0.7139488822745885
fov0,2716,13368.83125,20122.55,80.16700590333353,22.767422767956994,0.5727466482239427,960,0.958824305568437,1,0.8104747731298779
fov0,2717,13378.60976466456,7924.479803301721,148.5007922058001,63.530236647224626,-1.301252127459751,2847,0.903868327998952,0,0.8561076332266213
fov0,2718,13378.044151820295,19357.54144074361,70.5231319218594,45.47513252573995,-0.5631069768461189,1291,0.7643295965549427,1,
fov0,2719,13439.811793611794,13095.25257985258,209.3896028227322,28.057029602307775,-0.18094150086586508,2035,0.990982091991834,1,0.115008241026369
fov0,2720,13431.971543232397,17744.234585917548,175.8020784967263,35.63095066581235,-0.28828027489890107,2741,0.9792457478722917,1,0.12505637846908987
fov0,2721,13422.947725729804,14500.998981670062,186.3609421580445,91.21688920680715,0.44707514665513415,2946,0.8720237546166774,1,0.2770061455373496
fov0,2722,13413.273632993512,9818.007182576459,250.20946287760034,100.47185204162572,1.180976330854691,4316,0.9158366775975377,-2,0.7790678631049679
fov0,2723,13421.075539568345,11781.478417266188,162.77492152887064,19.40886051418727,-0.4241070856917684,1390,0.9928657710815205,1,0.46958400899519753
fov0,2724,13387.22709551657,4125.999025341131,58.77867372303562,27.374677102602117,-0.8029150670684768,1026,0.8849296879823791,1,0.5937597081898905
fov0,2725,13396.845605700713,18611.58669833729,63.42967651109615,10.768725288907943,-0.856392164826613,421,0.985482981357324,1,0.7338978740704852
fov0,2726,13414.7250811312,8715.2484932777,90.04363334606539,65.37832307686149,1.2269451922757546,2157,0.6876167800365912,0,
fov0,2727,13397.797385620916,19152.72331154684,78.72721826955477,16.73227618141984,-1.2538848181851714,918,0.9771534909083384,1,1.0795863584135195
fov0,2728,13408.02380952381,20205.88712522046,67.93537800400874,48.79652235798219,-1.4530856827041236,1134,0.6957556872814127,0,
fov0,2729,13400.652173913044,4182.465838509317,25.714746595109194,8.752065463531105,0.2236092972975234,161,0.9402980991640202,1,0.39206443442376915
fov0,2730,13415.702830188678,3521.4127358490564,66.46482838257955,33.57014569964216,-0.7953884308870486,1272,0.8630717368808853,0,
fov0,2731,13401.758064516129,4557.914746543779,58.12294319723253,10.184820422713624,1.1858282278969687,434,0.9845277174592689,1,0.5399888359524891
fov0,2732,13417.331550802139,5336.141711229947,76.619962438008,26.144940473765622,1.034289542210456,1496,0.9399802564844106,1,0.7835975986228746
fov0,2733,13413.51291989664,4669.674418604651,50.970661611710774,22.604872719529748,1.4456602982175055,774,0.8962803492548116,1,0.8275338454540564
fov0,2734,13496.3890167708,14424.269648142059,167.207543999348,60.686128748268466,0.12958569695928546,3041,0.9318129243392353,0,0.3150090411200023
fov0,2735,13423.131818181819,21003.361363636363,39.96354165153995,15.784998103006279,-0.2678019457592534,440,0.9186875842061845,1,0.10416238178912383
fov0,2736,13417.264615384616,7999.9384615384615,38.156641868978696,22.40378871392343,-1.5396478897840298,650,0.8094759378407282,1,
fov0,2737,13421.786585365853,14441.634146341463,26.18657258292266,8.649146502236272,-0.3402151483508115,164,0.943879724087852,1,0.40485882502033355
fov0,2738,13418.584158415842,8764.247524752474,16.68153534155883,7.887770204021343,0.8814065342255105,101,0.8811459550590169,1,0.2044884665467488
fov0,2739,13433.222527472528,6685.917582417583,48.29131515124409,11.31436855452037,-0.8418437373233217,364,0.9721657733521405,1,0.3290287757326985
fov0,2740,13426.016759776536,4617.45251396648,20.605928449291316,13.42734848035519,-1.5329449475028103,179,0.7585408390356281,1,
fov0,2741,13440.525835866261,2713.9118541033436,37.360340586686306,13.416749454168045,0.4403874413192466,329,0.933292383052148,1,0.1488337907653183
fov0,2742,13436.791208791208,11830.585164835165,37.52258793501025,18.327607215086477,1.322377858865809,364,0.8725963731114442,1,0.7952885735838076
fov0,2743,13438.94193548387,20157.270967741937,35.09100889884354,22.977757084071463,-1.3218364477441278,465,0.755798136027148,1,
fov0,2744,13459.650180940893,17866.193003618817,94.91904021997921,19.45382989769614,-0.7563867173503186,829,0.9787720634131317,1,0.2285433926981755
fov0,2745,13477.654993514916,4166.43579766537,112.86492138444974,16.78476877145951,-0.1380049413338493,771,0.9888800156843767,1,0.38551367999692693
fov0,2746,13487.067632850241,12655.147611379496,116.40518550044972,25.0070161628327,-0.42037196957852235,1863,0.9766520438356422,1,0.26777274498335457
fov0,2747,13515.397218863362,11138.574969770254,182.9698317284475,15.009287239339082,0.06422578520601196,1654,0.9966297382981608,1,0.4375429389765766
fov0,2748,13450.491266375546,4124.069868995633,39.1127017812224,20.03630396731633,0.9158122906339612,458,0.858823843055447,1,
fov0,2749,13460.347222222223,18821.819444444445,91.56456382317876,43.57164882805813,1.393547427085593,1872,0.8795226033093819,0,0.877526888218244
fov0,2750,13464.739130434782,9651.29275362319,54.453426729939984,9.478831864471774,-0.20160918622296176,345,0.9847328790728896,1,0.5460304608671198
fov0,2751,13460.24409448819,2655.850393700787,45.11319937725293,11.884931419782413,0.27181761837474155,381,0.9646739054151202,1,0.09581737051194103
fov0,2752,13468.552631578947,8776.976608187135,54.653424727586156,10.221656085418713,0.1391012459302649,342,0.9823548083980428,1,0.32694234557907637
fov0,2753,13461.46875,10867.95982142857,34.30781543856384,8.79956508878748,-0.11266637376236023,224,0.966547244098899,1,0.1470345452463969
fov0,2754,13459.811320754718,11788.924528301886,17.04908104628657,8.148861955923008,-0.35701975847785417,106,0.8783789470579536,1,0.448470753134516
fov0,2755,13485.128630705394,13001.290456431536,71.66484430229595,9.06936385307611,-0.2878477182912266,482,0.9919599132681991,1,0.08350072575000851
fov0,2756,13486.554531490016,9559.927803379416,89.57384557991175,13.661099011640184,1.0089518871703511,651,0.9883015970317811,1,0.3776240547167026
fov0,2757,13476.158904109589,11367.547945205479,35.562121861912566,19.08944811421324,0.5200546383407331,365,0.8437148710236644,1,
fov0,2758,13524.441817050405,18453.68450528936,212.67006227154894,41.0018072891806,-0.9199096229314287,1607,0.9812389811624865,1,0.486542875367586
fov0,2759,13482.982332155478,14049.840989399294,35.18677930490633,15.209622213320982,0.03193012146379596,283,0.9017519476092672,1,0.4230042125461609
fov0,2760,13543.001465559355,13404.843673668784,227.22411693291855,22.17478795522459,-0.5587645415946322,2047,0.995226709647622,1,0.1833674929963665
fov0,2761,13558.832075930883,19264.256996836215,245.6374129812791,73.27141235835425,-0.7020574467782104,4109,0.9544749976223117,1,0.7389259085910732
fov0,2762,13494.044594594594,4518.852702702703,33.956947010964214,27.906712898259364,0.9706934177902119,740,0.5697380933562088,1,
fov0,2763,13533.225770097672,20140.246431254694,158.3522005731998,71.2434897951906,-1.0576468161439425,2662,0.8930762826632365,1,0.4097591774565583
fov0,2764,13490.259615384615,19397.23717948718,30.038107677716418,14.74884710150941,1.2857085511257418,312,0.8711570158802701,1,0.8757115005844692
fov0,2765,13541.802270577105,11750.895931882687,113.32541936351917,19.940732206693482,-0.44628011251381366,1057,0.9843973308874209,1,0.44470390526901077
fov0,2766,13497.414814814814,11327.022222222222,20.926633237457388,8.479833218497344,0.7964348673448504,135,0.9142204127124288,1,0.769269779032997
fov0,2767,13503.005235602095,17812.041884816754,21.091069348706544,14.565147487742264,-0.7437098383746471,191,0.7232525376312047,1,
fov0,2768,13574.210860366713,19524.386224729667,223.7993115880236,56.113257115454125,0.613284206098609,4254,0.9680569932848427,0,0.5061786425770127
fov0,2769,13519.722222222223,7291.443452380952,62.43032007567418,45.66713112878429,1.0917899300252853,1008,0.6818525759722852,1,
fov0,2770,13552.201407688142,21342.524093123986,111.96101160437772,49.45474133412006,-0.07796254120584609,1847,0.8971559403069216,0,0.3260085125124682
fov0,2771,13586.969316141667,3469.2681573363798,171.3653917344828,142.50542503339403,0.4552991514152201,6127,0.5553928232492618,-1,
fov0,2772,13567.306573005519,10807.736578023081,146.82090679916274,44.73275442546403,-0.21046159662645303,1993,0.9524561677914798,1,0.12912979671198496
fov0,2773,13517.541125541125,12334.116883116883,38.01296126704039,8.108482171067505,0.2190888527404259,231,0.9769849264047586,1,0.26525672279990103
fov0,2774,13525.7969348659,20674.647509578543,61.84682446979009,12.617597628793376,-0.08335857282257547,522,0.9789680395770812,1,0.6272773966532901
fov0,2775,13544.844006069803,7960.156600910471,154.35208990723473,67.4572686038416,-1.0569077856618867,3295,0.8994444906919755,0,0.5945819393013471
fov0,2776,13528.472378804961,19384.310033821872,60.667441328002965,30.81134049780581,-1.2653068945026673,887,0.8614321017186289,1,
fov0,2777,13524.08510638298,17971.079027355623,31.134580058578315,15.267510664895035,-1.2166658504921999,329,0.8715135075758783,1,0.3245581196390087
fov0,2778,14076.90063128361,19844.71267243395,1278.803382651909,491.870061945631,-0.14898165637418306,42770,0.9230695569167641,-3,0.388443292389642
fov0,2779,13550.04008908686,14494.12026726058,65.22131861975538,64.06027662227523,-1.3693330120903606,1347,0.18784634140215842,1,
fov0,2780,13533.157407407407,4195.898148148148,17.117578722225982,8.813928958276083,-0.0615738093795745,108,0.8572471729091151,1,
fov0,2781,13546.458483754514,6393.71119133574,38.75525869920348,9.519308638263162,0.4189806407536823,277,0.9693646105299077,1,0.3515760474029839
fov0,2782,13547.093251533743,5339.355828220859,38.73902727415769,26.8679820024312,0.789631710570453,815,0.7203953310569802,1,
fov0,2783,13548.012195121952,17688.593495934958,37.27166871317836,9.08751379563293,-0.20364231098071134,246,0.9698209376393828,1,0.2953221847715594
fov0,2784,13545.722772277228,18665.829207920793,39.119467419601214,16.7984727959252,-1.234104186561179,404,0.9031074409485289,1,0.8693424419495882
fov0,2785,13544.203846153847,11329.146153846154,29.176978736912908,12.41607115912017,-1.491482105615108,260,0.9049380101969671,1,0.7935432826530435
fov0,2786,13547.396396396396,8661.31981981982,24.20158588662495,14.388658879464991,1.0141850320803922,222,0.8040706785829445,1,
fov0,2787,13612.536452665941,6460.808705114255,155.42012760233212,108.4774188822992,0.23602650910076248,4595,0.7161343211454022,0,
fov0,2788,13614.063164893618,9675.273936170213,140.78933809990554,36.52224500039644,0.1253673656953143,1504,0.9657671286395304,1,0.2869857677405846
fov0,2789,13562.216091954024,18769.694252873564,39.5041160072775,16.173638538622814,0.9898928692192878,435,0.9123475740071925,1,0.9125283350930745
fov0,2790,13600.796852646637,6572.4084406294705,91.19568499920118,20.641093769494532,0.004383313098640021,1398,0.9740487088888365,1,0.28965299115862053
fov0,2791,13609.973488865324,7987.1246023329795,129.07940563108497,54.51048216295218,-0.9788645598375836,1886,0.9064552276011604,1,0.5783125346338227
fov0,2792,13729.899489526491,10647.389896145045,432.29362863497056,31.581346279606496,-0.6181341019686274,5681,0.9973278905483051,1,0.13893495969120753
fov0,2793,13716.813406626967,12647.747671400213,359.66862487604845,128.0038886014277,-0.49335213949853174,13098,0.9345263476050366,-5,0.18907761871364617
fov0,2794,13598.690150478797,8674.416552667579,106.46784491120775,36.65218631371776,0.7686630432936755,1462,0.9388758484866913,1,0.16029776757365838
fov0,2795,13608.794392523365,13865.395861148198,93.11035054306475,34.647720196173886,-0.10591095910642102,1498,0.9281867967593649,0,0.38360376579018346
fov0,2796,13594.123414071511,1225.4561707035755,96.98837707816767,55.446576446634154,-1.3907731361434579,1734,0.8204748017493785,0,
fov0,2797,13608.411798727588,4974.925390399075,85.2594490933109,43.4625247393506,-0.28522052200254727,1729,0.8603120101780974,0,
fov0,2798,13626.232509047044,7820.9589867310015,259.6040125450671,34.447647569474086,1.3075464316071417,3316,0.9911571798375298,1,1.2102922321701344
fov0,2799,13627.904900533722,6169.90538573508,143.26953195571716,49.3430166346968,0.4435210724490854,2061,0.9388204733224852,1,0.19936070827611346
fov0,2800,13661.909942738157,18860.455231650183,145.6237560278765,93.12603469736162,-0.34912304164308205,3842,0.7687931373086503,0,
fov0,2801,13651.438255033558,14366.353691275168,149.33808743583086,47.289518764940645,0.6393928167570702,2980,0.9485388423824594,0,0.3061751332873954
fov0,2802,13653.872143898881,5502.590666018474,123.55403009572323,43.17341107140358,0.04029569350418416,2057,0.9369626949732158,0,0.4315021825252455
fov0,2803,13686.33672670321,11704.450274079874,143.1237487291098,18.937652408301496,-0.2802230737036783,1277,0.9912075004075983,1,0.40485375669100215
fov0,2804,13696.104536489152,21940.6741617357,125.8755300885607,40.02788515925207,-0.2800486740607126,2535,0.9480921342830545,1,0.40505134378334023
fov0,2805,13687.934534534534,6107.145045045045,122.24545350906033,68.94279789182818,0.07615834777156978,3330,0.8257951120746831,0,
fov0,2806,13673.905531914894,6537.151489361702,88.10866343936597,18.998304731083405,-0.04526087449492179,1175,0.9764765615296899,1,0.2930088046472377
fov0,2807,13725.787528005974,11419.298356982823,201.97686832715843,38.81895541838575,-0.03823256290303568,2678,0.981356744838665,0,0.479127158983598
fov0,2808,13663.109151047409,18191.329658213894,143.63687810423585,26.637003595315782,-1.113520735245931,907,0.9826543001245941,1,0.701187423538116
fov0,2809,13809.584206285253,10695.63074133763,420.03475100445286,63.058728793519975,-0.33527399752107495,4964,0.9886666582388748,1,0.08729723039403771
fov0,2810,13665.302144249512,8063.488304093567,106.02759339562157,22.737086240111005,-1.1096237961007647,1026,0.9767360677909288,1,0.6071007601384869
fov0,2811,13677.28241563055,21334.49023090586,75.10371538703716,10.644994353622963,-0.5268275674187168,563,0.989904314034334,1,0.5286168839971127
fov0,2812,13680.640566037735,19444.35471698113,57.94345577479381,47.94367963592885,-0.6444971763461363,1060,0.5615809218095772,0,
fov0,2813,13752.010822510823,972.5064935064935,179.86946142011428,48.731499939998486,0.44585144480481,3234,0.9625998865021903,0,0.18503334387958179
fov0,2814,13679.46408839779,998.0828729281768,16.684871814254905,14.000927396412159,1.0564794658452816,181,0.5439169638222362,1,
fov0,2815,13781.904520295204,4884.136992619926,255.42925810712353,95.77191538928027,-0.5390837875871927,6504,0.9270470699214154,0,0.7619136330096092
fov0,2816,13712.181818181818,6388.456363636364,65.10353932973294,48.15122723355336,0.6132346551223204,1100,0.6730357210110435,1,
fov0,2817,13729.107188979768,20269.45243219974,129.83272206834528,49.45753246156986,-1.0882737206099324,2323,0.9246027578938025,0,0.7804742527847192
fov0,2818,13703.386230058773,7959.300587741393,80.38568508929363,27.031130244913143,-1.2955067217003018,1191,0.9417663509903803,1,0.6599067117745235
fov0,2819,13748.076236519151,8792.07698029007,172.42778599314445,39.14222528051873,0.7855597606110333,2689,0.9738932470490264,1,0.5812722784284785
fov0,2820,13803.67761279269,14789.191604797259,244.00066540226038,50.28305422947351,-0.4576768354033622,3502,0.9785356672049491,1,0.5274232392778782
fov0,2821,13728.05411764706,9734.574117647058,71.53607655233515,13.20600342968875,0.7809660753105413,425,0.9828125711554426,1,0.6326998894250959
fov0,2822,13721.242937853107,20085.58757062147,27.69626488160568,16.597841156595102,0.2948704584681114,354,0.8005388578787533,1,
fov0,2823,13729.233449477351,9253.909407665506,45.04948138807325,8.49231027491716,-0.3674948505380922,287,0.982071131631785,1,0.4608878048782416
fov0,2824,13722.28947368421,16359.975,122.35692001483673,15.910332096444064,1.4640077964848355,760,0.991509779421235,1,0.8041736320399979
fov0,2825,13760.412053571428,629.9080357142857,105.34062699134431,54.79866086871227,0.8395448899602849,2240,0.8540417732909948,0,
fov0,2826,13729.910344827586,2790.551724137931,34.12453775487152,13.914258047043031,0.37096819304903367,290,0.9130938990967348,1,0.04012352734378709
fov0,2827,13736.590361445784,21324.992771084337,53.8300750719863,13.692446999703476,0.8379634522026798,415,0.967108486797425,1,0.47566548761338445
fov0,2828,13760.271244635192,5412.942918454935,110.84498167049836,54.03025100187574,-0.790652505878564,2330,0.8731566197795454,0,0.6304006454127167
fov0,2829,13735.815764482431,9040.649572649572,77.85018429791238,21.867022383298913,-1.444764483519761,1053,0.9597411564357005,1,0.8163514121532829
fov0,2830,13817.927760577915,10116.666873065016,231.3702492351546,89.59493000062838,0.05086363012251427,4845,0.9219805561123154,-1,0.4544640994437705
fov0,2831,13762.172978505629,18125.960081883317,199.13823210701264,35.98920409463319,-1.4762097077962018,1954,0.9835337159434104,1,0.8297186734034308
fov0,2832,13765.239334027056,18872.899063475546,53.90356592390694,30.336276253950377,-1.0131956994522413,961,0.8266013225940163,1,
fov0,2833,13812.731290250944,19480.50521874306,133.4952518044884,106.59536472136179,-0.3955222769711698,4503,0.6020007094063785,0,
fov0,2834,13765.305699481865,3287.4507772020725,31.713145671946965,8.291103103754967,0.6647337313346283,193,0.9652195733017338,1,0.7578243248775851
fov0,2835,13834.03283898305,21564.220868644068,152.0858973376655,43.088073167516306,0.5652901057027696,1888,0.9590271857169548,1,0.2227689895598806
fov0,2836,13764.640522875818,14320.209150326797,20.968178303423496,9.384978421138934,1.132718515422885,153,0.8942429120394774,1,0.4834521390150502
fov0,2837,13787.149969641772,1213.4918032786886,79.51230801001405,56.52640099993097,-0.9021532224497085,1647,0.7032791039511871,0,
fov0,2838,13774.437853107345,3133.401129943503,29.78955060604188,15.558984170727475,0.3893204376033272,354,0.852763830343136,1,
fov0,2839,13786.274739583334,21340.868489583332,87.95078522685046,23.365928515546297,0.9679680761523545,768,0.964063892529817,1,0.47294980235097056
fov0,2840,13833.57900374933,9580.277986073916,152.7285481296054,23.430138430282977,0.10724682412895234,1867,0.9881625715000776,1,0.4560387579568039
fov0,2841,13822.840551181102,19291.100787401574,108.7282151495032,70.80192797232922,0.22623929407321497,2540,0.7589210419643289,0,
fov0,2842,13799.1335504886,9236.905537459283,50.268888595786215,8.14755692471417,-0.023713004872268142,307,0.9867777013285832,1,0.5324371616226835
fov0,2843,13792.50641025641,5910.615384615385,21.39066918244754,10.854277511799554,1.2607814757656557,156,0.8616926997874775,1,
fov0,2844,13798.796992481202,8916.315789473685,22.527346162845912,15.228849250275335,-1.0004761807408311,266,0.7368868293680298,1,
fov0,2845,13803.744292237443,16385.477168949772,32.745393515095095,20.616518727907142,1.3326638274580775,438,0.7769189857967117,1,
fov0,2846,13822.165310492506,18731.79443254818,124.50547683697916,48.72983753327839,-1.2022428620746293,2335,0.9202261340715397,0,0.7888961056813003
fov0,2847,13870.053141361257,751.7950261780105,158.20464207088446,83.49668453274481,-0.560782090284235,3820,0.8493833161245924,-1,
fov0,2848,13846.07631954351,1481.8402282453637,122.00424203862154,29.050960478671055,-0.6445680540027884,1402,0.9712371273486008,1,0.5727889187892161
fov0,2849,13820.021739130434,18321.81304347826,51.27890607820353,17.213569825279595,0.9109080293011674,460,0.9419742282718198,1,0.5122276104765356
fov0,2850,13818.750788643532,14324.719242902209,26.849700813264167,16.09806885724947,-0.2899158443613801,317,0.8003280744998121,1,
fov0,2851,13837.691206543966,16170.159509202455,74.9347584745909,11.178169639837362,-1.0210553134226563,489,0.9888112595716902,1,0.8999280035076656
fov0,2852,14039.138934471064,11402.646756372387,522.4411838283022,99.12152614911012,-0.05341807500431485,9141,0.9818367621374038,0,0.28529660646876304
fov0,2853,13912.532175434213,3849.2915156816193,255.16131934209932,131.05967859048002,0.764404294619472,8003,0.8580090396945229,0,
fov0,2854,13845.997920997921,18027.12681912682,60.74702261810798,11.637778753709778,0.7890208296688968,481,0.9814774375390979,1,0.898086332958223
fov0,2855,13920.46702021876,21380.84554192907,183.94021049021106,57.52574536733586,-0.11158714824721608,3017,0.9498382635363364,0,0.46833967768485735
fov0,2856,13841.80310880829,8719.067357512953,24.094449113847247,13.099377337472193,-1.0662712450961431,193,0.8393004642504337,1,
fov0,2857,13858.037313432837,22006.919776119405,56.181787603987466,14.604875436997736,-0.02381782238990734,536,0.9656200666569463,1,0.41859634831578724
fov0,2858,13892.425237053245,5287.850474106492,189.44920842042922,48.34137677095802,0.7365561165395511,2742,0.9668967311248932,1,0.5322738434558291
fov0,2859,13849.113461538462,20527.05576923077,67.13989708787842,10.691910068953321,1.3564061809205676,520,0.9872385729097628,1,0.8349459255310216
fov0,2860,13850.751322751323,18084.862433862432,32.011370998229204,15.843513713546459,-1.2442927776881811,378,0.8689306088852069,1,0.7470471740532915
fov0,2861,13948.743647912886,9691.966878402904,301.96420387637255,78.09928252426786,-0.15901574393972845,2204,0.9659744389078871,1,0.5331348826625656
fov0,2862,13991.799713245837,2770.467519576486,354.68995047486965,93.2896375340483,0.410052548331887,9067,0.9647910830939936,0,0.14178735781816726
fov0,2863,13858.37037037037,9829.0,33.58455950375575,8.941848222419738,0.877151781365132,216,0.9639043435622198,1,0.8667971616707495
fov0,2864,13874.655048076924,6680.453125,64.95345004045389,16.63565200733429,0.6766377100852227,832,0.9666459149363744,1,0.33479206279798285
fov0,2865,13860.252475247526,22038.02475247525,28.591674675307594,9.190034456996361,-0.9825211145242299,202,0.9469355688748348,1,0.6319140336385826
fov0,2866,13875.300395256916,18318.169960474308,58.76197442516484,17.24554912623037,0.929188454979228,506,0.9559647701832297,1,0.6067891255286874
fov0,2867,13917.237606837607,2553.3652421652423,130.56164420464157,24.172232289991637,0.4688502845040181,1755,0.9827120840135947,1,0.06009646661306428
fov0,2868,13879.037593984962,3245.0676691729323,19.289069158628656,17.80558731740424,1.1767490068891582,266,0.38457896286340043,1,
fov0,2869,13939.067730802415,12510.263589301121,190.44064105685194,47.39511679835899,-0.6308181538899127,2318,0.9685366897557268,1,0.20620714031443382
fov0,2870,13891.284574468085,13369.97340425532,44.520061198789016,14.552095878273581,-0.9916369520535612,376,0.9450706826572172,1,0.9552416011722545
fov0,2871,14028.135214175125,10564.926371924996,381.7818981225569,114.0375277031499,-0.4097721715994093,5813,0.9543476540911731,0,0.041973088026641604
fov0,2872,13885.397590361446,9648.373493975903,36.689147673024166,8.800593751659314,-1.5667961387446656,249,0.970805234246911,1,1.0083753744110573
fov0,2873,13961.39623458126,6253.266825362476,164.2834497713434,102.00035143779183,0.07622651272356966,4621,0.78390541488858,0,
fov0,2874,13922.805869074493,4716.264108352145,66.49648642820758,10.240089155448207,0.4449738880530001,443,0.9880717143035253,1,0.38945805641980863
fov0,2875,13942.439828080229,16526.654727793695,110.77192962242142,16.182818413290224,-0.5659041395515715,698,0.9892711072269476,1,0.8543571500859073
fov0,2876,13916.176954732511,11322.635802469136,49.20839875905319,16.59914593120508,-0.9359195861934979,486,0.9413888158021926,1,0.5016242089080993
fov0,2877,14053.565337476264,2453.132746418091,361.817371943432,154.59073891742693,0.4332323429443937,11586,0.9041279558861163,-3,0.14824876488807057
fov0,2878,13946.989253731343,3650.522985074627,73.42065402340764,50.61230110589693,0.334130105366747,1675,0.7244313875945572,1,
fov0,2879,14050.486921950198,12824.6382088303,409.7476102014842,41.68406667558241,-0.6938773415010034,4779,0.9948119357346049,1,0.19058296494475238
fov0,2880,13913.108974358975,18489.96794871795,25.14869796229277,8.24951491845431,1.0590546688223852,156,0.9446674782773925,1,0.5773928533973833
fov0,2881,13997.161196461824,6631.344040968343,190.35418905929876,170.45344046518503,0.13486630469087613,8592,0.44515384018867227,-3,
fov0,2882,13932.614334470989,18406.80204778157,45.820828759276395,9.341337365441948,0.6326265612478074,293,0.97899867329402,1,0.5474041510187304
fov0,2883,13982.962537091988,588.6094213649851,127.79102336357883,54.60763712901876,0.1462389132571459,2696,0.9041005316058939,0,0.23220592082018138
fov0,2884,13973.583968302346,6386.170374885705,126.06685591334265,68.74574958060289,0.6080966222905909,3281,0.8382332572302305,0,
fov0,2885,13958.94642857143,11166.97794117647,94.50807058615509,14.482773290382815,-0.33033772049668436,952,0.9881884163045096,1,0.2679336828569869
fov0,2886,13929.54128440367,2928.8348623853212,13.21964549268285,10.614484630182451,-0.25773299053593723,109,0.5960697970618993,1,
fov0,2887,14056.517855735121,798.0091446590461,385.7867697066341,229.91927555447512,-1.2902993971135126,12685,0.803002977857554,0,
fov0,2888,13978.534511092852,19772.283483976993,99.5570773420209,70.14969672738762,0.09846072893911996,2434,0.7095869530005507,0,
fov0,2889,13949.489711934157,16057.156378600823,39.5551534642782,8.603817712170347,1.4580687447880194,243,0.9760570993352627,1,0.9209229250668823
fov0,2890,13960.049295774648,4746.338028169014,21.097242236668283,9.20638854292889,1.1202420955746504,142,0.8997630644694858,1,0.4910883597007668
fov0,2891,13963.575916230366,8689.23560209424,30.090887539028685,8.750648432334083,0.9017451404743655,191,0.9567816573938447,1,0.21421139317719493
fov0,2892,13978.318388195232,18999.50454029512,106.54230293928784,31.395985832456017,1.4120564276284653,1762,0.9555957013383918,1,1.3408390583127265
fov0,2893,13977.730538922156,924.8023952095808,22.993018942454373,10.243816022655375,0.5747858189028481,167,0.8952727174048597,1,0.29222104570625507
fov0,2894,13979.663407821228,18705.877094972067,42.19801978373191,22.05729185391079,-1.3075335921354632,716,0.8525110701101808,1,
fov0,2895,13984.968668407311,19674.391644908617,33.30033794345077,20.78790986720592,-0.49346915349007375,383,0.7812204665580917,1,
fov0,2896,13994.797297297297,3455.0777027027025,46.03553746079999,8.544138352769341,-0.11221234862763298,296,0.9826256168213618,1,0.4936859554240852
fov0,2897,14001.031609195403,11304.773946360154,67.89874010894742,37.8932801623862,-0.7968673197528505,1044,0.8297836699910455,1,
fov0,2898,14022.75,2607.668975069252,85.42491880769683,32.9220784219224,0.26033493873184693,1444,0.9227529590113572,1,0.12500771313592524
fov0,2899,14001.16081871345,13577.292397660818,43.61712964051703,22.246845885401466,1.3515487252891616,684,0.8601457202527382,1,
fov0,2900,14025.736574746008,5302.978229317852,88.83215386367601,56.73550738800174,-0.6344512197786328,1378,0.7694707034580955,1,
fov0,2901,14103.523007856342,10388.04582865694,318.79331285393295,81.21588001352623,-0.2998132023661986,5346,0.9670042345074372,0,0.17220177142485885
fov0,2902,14011.20200752823,21672.454203262234,45.889732875953435,29.14267286701568,-1.1389975240469457,797,0.7724639032204749,1,
fov0,2903,14043.637415621986,13555.600771456124,137.73422258990666,19.270736063995997,0.8170521969333586,1037,0.9901638749005486,1,0.49355432985320535
fov0,2904,14008.47487437186,13474.336683417085,55.42871385457732,15.781953903222309,1.2614322150448554,398,0.958609168124801,1,0.5886721757251132
fov0,2905,14009.085714285715,10656.935714285713,22.657723354419048,8.574941003350407,-0.4794785428910088,140,0.9256194691673524,1,0.04251102922291978
fov0,2906,14010.006060606062,8592.406060606061,16.85412213161277,12.539022639428929,0.44305764252592883,165,0.6682089633734762,1,
fov0,2907,14028.93704379562,21950.080291970804,66.45326642517186,31.23611094704622,0.6763133016539176,1096,0.8826417681244864,1,0.6472402549065804
fov0,2908,14016.537735849057,21840.743396226415,61.4038046006688,13.322638444513418,-1.176474146981494,530,0.97617879719256,1,0.8435840696762025
fov0,2909,14021.179130434783,18803.598260869567,51.51588380336416,17.039868946903876,-1.310792417536527,575,0.9437116720544023,1,0.6863963727481092
fov0,2910,14071.395239691587,21542.589674824,179.66884427682126,42.0003782136178,0.8804936029244105,2983,0.9722930054339748,0,0.38846191596941093
fov0,2911,14030.51224489796,3631.716326530612,36.72264889319004,17.28754377832914,-1.3346317158889665,490,0.8822614631826502,1,0.8401303890283677
fov0,2912,14046.709677419354,8794.79652605459,67.52388221249561,8.36055768360864,0.7908823104844921,403,0.9923051558318539,1,0.4308207265483024
fov0,2913,14053.445731707317,18858.949390243903,83.49893376270703,41.18638132868076,-1.037912538340637,1640,0.8698839860448659,0,0.6286332960139338
fov0,2914,14030.152091254753,18928.88212927757,41.369963097778644,8.611288027708527,-1.5059524038833916,263,0.9780962463973395,1,0.7443186381926372
fov0,2915,14040.549504950495,14920.962871287129,50.02266528208107,11.535927798311297,-1.06842056050234,404,0.9730453098445088,1,0.7446254644486321
fov0,2916,14055.180107526881,15567.02688172043,58.15242126875981,8.784256853765887,-0.6985168546398577,372,0.9885252471818107,1,0.5591469590995888
fov0,2917,14134.219703215169,10604.21187139324,245.63754821164562,17.74776078020072,-0.4333398578231143,2426,0.9973864216039049,1,0.1116605911434254
fov0,2918,14056.48076923077,9758.301282051281,72.04451535983495,8.909400578255054,-1.3512155233970011,468,0.9923239966195493,1,0.4852800999603327
fov0,2919,14066.153094462541,11290.376764386536,86.59305644071706,44.55527177497069,-1.3963317667292194,921,0.8574685913713612,1,
fov0,2920,14073.707656612529,775.2645011600928,59.848054885138005,28.696379890908677,-0.21760945017351152,862,0.8775488401755991,1,0.28981435848182996
fov0,2921,14054.400673400673,12456.074074074075,41.805911646336995,10.41463163028679,-1.4034784636333573,297,0.968472976320114,1,0.3713445407837889
fov0,2922,14086.71653543307,3624.6220472440946,77.9086059328809,41.39238227380619,0.14875883659293054,1397,0.8471874554828183,0,
fov0,2923,14095.567847411445,21422.61689373297,81.13184413880495,49.791606396499546,0.4105733738832888,1835,0.7895297825139094,1,
fov0,2924,14157.359595959597,9581.639393939395,199.7143623061327,97.22116675922182,-0.022123525092622803,1980,0.873512856781473,1,0.5320677063811003
fov0,2925,14081.257088846882,19871.493383742913,27.91353406636647,24.23208967673249,0.6977592566301092,529,0.4963673772871303,1,
fov0,2926,14087.606451612903,21972.832258064514,34.44783249763603,12.859256924884129,0.5090332365783657,310,0.9277120716887775,1,0.4373759327352758
fov0,2927,14106.559513466551,19017.069504778454,101.39230421379067,68.44012362705284,-0.4938364519367696,2302,0.7378148562995732,0,
fov0,2928,14108.633064516129,7767.233422939068,239.7357373622866,40.21939391688349,1.1759861603437145,2232,0.9858269248273145,1,0.6298099388405142
fov0,2929,14132.681951219512,554.3809756097561,107.26444659977287,45.11537167044883,0.48851472669727025,2050,0.9072464207421734,0,0.4305702518189833
fov0,2930,14092.222222222223,6680.565656565656,27.941314791493614,9.23539487952387,0.8380422591613906,198,0.9437960861975219,1,0.5766205714210669
fov0,2931,14119.5663507109,18943.252764612953,55.41434550953536,52.50128686079148,-0.8518916461008511,1266,0.3199591880095398,1,
fov0,2932,14107.88395904437,13671.283276450511,38.763195786904,12.046436849171862,1.4710300235306364,293,0.9504851557178571,1,0.2973202186597267
fov0,2933,14178.21317671093,15899.756792645556,249.05734276724743,131.52547266663942,-1.179249781904594,9790,0.8491864588600282,1,
fov0,2934,14333.873116373306,6386.680005065215,495.8538566406678,55.456406300415644,0.2784027311629883,7897,0.9937262018985061,0,0.3788329245268438
fov0,2935,14112.725925925926,13722.325925925927,17.9225851962996,11.29395878508208,1.4010615077937152,135,0.7764715342666066,1,
fov0,2936,14191.280122793552,11217.312611921208,194.98035944202255,44.80675022326418,-0.42166009789183134,3909,0.9732375550682899,1,0.4508204021756382
fov0,2937,14128.989751098097,20782.10541727672,42.473018855002586,22.968007368746047,-0.76747721148151,683,0.8411724210852163,1,
fov0,2938,14125.481228668941,11335.48805460751,30.169778735246148,17.81517964391844,-1.5451948420869193,293,0.8070394501545287,1,
fov0,2939,14148.967479674797,2322.026422764228,55.774666287988275,30.466094251858316,0.43087518707680533,984,0.8376317475760031,0,
fov0,2940,14210.637636080872,6854.090590979782,201.45584785865847,91.65851979397075,-0.21457305951496833,5144,0.8905013058124472,0,0.4207285189782826
fov0,2941,14136.543165467627,19617.14748201439,40.68090456438496,21.23174265135219,1.262731926182883,556,0.8530009828566715,1,
fov0,2942,14212.745688759609,4842.310824849366,212.99855449930473,75.82684247336768,0.411637859481625,4813,0.9344871048532324,0,0.33835875087655615
fov0,2943,14149.765171503957,13805.646437994723,49.78598947496893,14.214081964520949,0.7851619409161321,379,0.9583776202327527,1,0.18878000115027146
fov0,2944,14175.368700265251,22131.468832891245,87.76108810421415,30.365803158896952,0.23065359117549053,1508,0.938232551247453,1,0.3143050163324296
fov0,2945,14161.219895287959,10536.041884816754,40.1521028213966,17.058924544394465,-0.5131281242507383,382,0.9052602119642091,1,0.09757408935421566
fov0,2946,14157.772093023255,2972.9581395348837,19.987506451723686,13.781467836116452,-1.4612434778228804,215,0.7242817704815829,1,
fov0,2947,14186.873720136518,15665.995733788395,113.37436998668647,22.72172213392819,-0.36594521835588445,1172,0.9797114589184626,1,0.6058127533028184
fov0,2948,14160.833333333334,22028.70138888889,22.33758259989379,16.530951960753036,-1.1731933676626582,288,0.67255067470705,1,
fov0,2949,14170.559701492537,9702.350746268658,40.48530901963714,8.798967033694924,-0.6207036816916145,268,0.9760965657868056,1,0.3535703999828162
fov0,2950,14163.8,11307.384615384615,19.896857487108694,9.341415545098474,0.5044446893655385,130,0.8829367224281994,1,0.41819337245551486
fov0,2951,14205.89227880779,1099.5024642102792,202.3208251026328,67.13894886281072,1.3083547981006873,4261,0.9433342830508632,-1,0.773846597907779
fov0,2952,14223.509572901325,20731.451644575354,119.17326824694834,23.913331122986975,-0.05651773955264799,2037,0.9796609038612218,1,0.4854443153070726
fov0,2953,14176.728395061727,22074.345679012345,42.479714260951845,11.829506342629987,0.8471904742588928,324,0.9604436969730654,1,0.4017099913417118
fov0,2954,14222.155834564253,8640.310930576072,122.4207161519363,18.161130395813164,0.07067120795495622,1354,0.9889348997399942,1,0.34795698996663543
fov0,2955,14231.916017316018,21768.598845598844,208.2722501040468,45.56771054502313,0.7687179384709213,3465,0.9757721576732744,0,0.5554069918430994
fov0,2956,14243.435428005938,20811.01583374567,174.41523300757098,33.858803310419916,0.30359147506770995,2021,0.9809762948800748,1,0.37588307061782933
fov0,2957,14265.62574454004,10462.361019192587,264.1223493405461,47.17595139761593,-0.6032144795986872,3022,0.9839192223825434,1,0.19470071710293316
fov0,2958,14220.77752553916,5783.715096481271,112.22961249065146,14.771780787065925,-0.7443594837204422,881,0.9913001039193384,1,0.36870654182583507
fov0,2959,14189.880478087649,7235.167330677291,32.05765441670285,13.044696131055403,0.757826381356352,251,0.9134666429579404,1,0.2886000080516864
fov0,2960,14214.119672131148,13926.814754098361,64.44314545785345,28.217559656030538,0.7837486160783138,610,0.8990395116145175,1,0.18926327990899747
fov0,2962,14267.027788964962,8250.371325010068,157.41074247957746,53.92489416774821,0.2795290357782413,2483,0.9394906945735039,1,0.33416811192022655
fov0,2963,14219.811145510836,12701.09907120743,35.607734405661695,13.369456140543285,-0.8767141379133364,323,0.9268365945299827,1,0.22476231038921707
fov0,2964,14227.948553054663,10530.173633440514,38.56862455675252,10.853636524739713,-0.869733052406541,311,0.9595873226665849,1,0.2111644619995981
fov0,2965,14238.495016611296,21681.55149501661,45.78883646575677,9.080157737027355,-0.26770990772515235,301,0.9801403497116462,1,0.5310711203319453
fov0,2966,14228.696202531646,6579.329113924051,21.059545885392918,12.203743470458651,0.1020499863263184,158,0.8149811312337821,1,
fov0,2967,14264.985224983211,3678.98522498321,108.82532161632831,24.368506769462567,0.17691881974534907,1489,0.9746068085728319,1,0.396947170720692
fov0,2968,14241.908536585366,6617.335365853659,19.870915871460078,11.807135613192086,1.237225465385812,164,0.8043233704468105,1,
fov0,2969,14242.474137931034,1048.7241379310344,13.857491943250922,11.028969540423613,-1.2761250698827356,116,0.605447864578559,1,
fov0,2970,14368.383247485897,21656.219524159922,336.17912619912596,97.70396297593786,0.8699095949295224,8154,0.9568353132144932,0,0.5858869517951008
fov0,2971,14248.47899159664,15955.319327731093,16.310983711025923,10.127454091393366,0.3868150454749193,119,0.7838915151582356,1,
fov0,2972,14270.646288209608,11227.93231441048,45.72232192479921,21.896268760605853,0.20875708205465401,458,0.8778712647923268,1,0.3480076570352799
fov0,2973,14269.30185758514,21035.185758513933,63.302781324421005,34.70796199432303,-1.2974594657798442,1292,0.8362915871769409,1,
fov0,2974,14257.771812080537,22002.03355704698,15.87558641074077,12.234860215437783,-0.44260574633685745,149,0.6372327766406226,1,
fov0,2975,14296.416603773585,2693.701886792453,96.9237575900282,45.66904644623858,-0.13240330624221403,1325,0.8820342655727712,0,0.47472803771678534
fov0,2976,14300.16742081448,11323.095525389643,108.16316026364453,44.8186282348312,-0.7372714804103255,1989,0.910112470498301,1,0.5810867362332897
fov0,2977,14272.955445544554,15511.053217821782,50.83337841233185,31.16149993603123,1.0482914412650979,808,0.7900731543178878,1,
fov0,2978,14317.354439592431,22116.464337700145,112.27584852417594,22.625714478926376,-0.5874759052819186,1374,0.9794846097204889,1,0.620232203074349
fov0,2979,14294.01384083045,7903.85294117647,59.85527522098198,22.16578899740376,0.8652750431130297,578,0.9289030236075682,1,0.4320792770216399
fov0,2980,14289.182539682539,8901.392857142857,31.7817175922837,13.543553590765324,-0.7707453807275926,252,0.9046558577875287,1,0.6217966181237217
fov0,2981,14288.182352941176,6450.764705882353,21.624568143532017,12.021361782715411,0.6930071188513416,170,0.8312409990723055,1,
fov0,2982,14317.322503961965,7577.137876386688,106.54577327020583,35.93560154536919,0.9157558152282971,1262,0.9414049047707016,1,0.07719714909926191
fov0,2983,14303.6099210823,19680.169109357383,42.3169145155059,28.6771263227858,0.8794799531486426,887,0.7353612942908272,1,
fov0,2984,14381.147899159663,2736.688702147526,222.16124943553618,74.39180321555045,-0.7525823042041931,5355,0.9422696720663793,0,0.7465658434912031
fov0,2985,14293.887139107612,18663.05774278215,58.69006461158575,9.237959830898037,1.5395663066980514,381,0.987534540879093,1,1.1657706215103527
fov0,2986,14306.7375,6745.8625,23.9005354615751,8.930812093532776,0.1740460889197999,160,0.9275634150766304,1,0.372383604730635
fov0,2987,14315.45421903052,14005.456014362657,78.353308222906,10.433932732965422,1.0994424027388583,557,0.9910938571499313,1,0.17782438603740333
fov0,2989,14314.340206185567,10036.752577319588,25.236658787241048,19.67444650464205,0.5658906372376451,388,0.6262803646094756,1,
fov0,2990,14314.645320197043,1488.807881773399,28.728149202127444,11.740690916283988,-0.8142512388411994,203,0.9126766351615092,1,0.6022370280342361
fov0,2991,14333.752336448599,11204.757943925233,105.14636329133103,24.129829386133473,0.9556990120562365,1070,0.9733114889424547,1,0.5876233868655234
fov0,2992,14319.095238095239,8987.025396825396,33.058495005641966,16.954359455178157,-1.0464828113031692,315,0.858472626268341,1,
fov0,2993,14324.426111908178,15332.942611190818,48.78282107835578,33.379757773334916,0.33074082076141736,697,0.7292453516697782,1,
fov0,2994,14337.089171974523,1525.7054140127389,71.7828776131375,15.1214475124298,-0.17800659509430428,628,0.9775603928797825,1,0.38002422587638707
fov0,2995,14319.011363636364,11233.960227272728,20.385831645639687,12.95199322290643,-0.8193084151712163,176,0.772230153677967,1,
fov0,2996,14505.754361848367,20554.958760706355,384.2789109227434,97.81806195669047,-0.113926707485551,9457,0.9670597065901584,1,0.3663426731332668
fov0,2997,14355.498997995992,15870.766199064796,82.22552245326203,64.6145293179586,-0.8429286765763639,1497,0.6184542050208202,0,
fov0,2998,14340.415873015872,3074.184126984127,50.091995752711725,8.991870789546445,1.1985362955367702,315,0.983756670849533,1,0.6601202354720385
fov0,2999,14367.449587534373,18573.779101741522,82.40187128770322,79.16789546177321,-0.9930453651346831,2182,0.2774031314576577,0,
fov0,3000,14357.44061302682,1678.367816091954,62.15196159523616,15.719791847840238,0.5779195299384408,522,0.967485859181919,1,0.44738032871390865
fov0,3001,14362.923076923076,604.5482123510293,64.4498158684826,28.467245393505785,-0.5091408394415475,923,0.8971646314805578,1,0.3099939116369032
fov0,3002,14346.837837837838,9133.912162162162,19.44268012977869,9.749852211764049,1.4203363371410775,148,0.8651770786466435,1,
fov0,3003,14359.749049429658,5522.414448669201,38.188619197496855,9.053436713806477,0.18730790554126783,263,0.9714921825258863,1,0.39039432972864985
fov0,3004,14404.834295868503,8870.189249222567,125.24390691394137,74.48561835408529,0.8636614497160902,2251,0.803929588923699,1,
fov0,3005,14414.756014477325,21123.291675537577,159.2184824274554,91.80711716354331,-0.3185432657864581,4697,0.8170188711741113,-1,
fov0,3006,14382.890840652446,6527.82747804266,107.28044303922682,29.934454018657267,-1.0971371078496397,1594,0.9602824067577447,1,0.7085131901726475
fov0,3007,14361.129186602871,22228.2009569378,30.252461309370105,10.196622607392847,0.9041916112732278,209,0.9414863872458039,1,0.4211683685872692
fov0,3008,14569.265623561896,1432.6893695352048,464.2788879545079,92.45523651714336,-0.29323609679707097,10865,0.9799716028204136,0,0.20809435606283863
fov0,3009,14514.314553404123,8322.204122423485,427.8618232207709,132.81838550296402,-0.0069849616109562826,8005,0.9505983486381141,0,0.22526072111349602
fov0,3010,14374.865384615385,20849.5,25.620570283509316,15.568344825198343,0.4570757237335609,260,0.794204776147976,1,
fov0,3011,14393.937888198758,3660.7971014492755,95.74778850250797,60.21404200737823,-1.5627665958369004,2415,0.7775009170462442,1,
fov0,3012,14398.639917695473,5616.4465020576135,69.31109222149558,10.672466305658512,-0.7169495352250588,486,0.9880740898183316,1,0.35872461789777715
fov0,3013,14420.88493150685,5645.6205479452055,106.41471787974727,13.815631607296538,-0.6551032039146929,730,0.9915365034510736,1,0.3376754503350311
fov0,3014,14442.23116691285,617.0605612998523,166.56496584493598,42.357997322559925,-0.6756034604934034,2708,0.9671245536726886,1,0.3765023538054235
fov0,3015,14459.217915590008,10697.575653172553,153.55617348768675,125.14598044444666,0.6559116876929102,3483,0.5794820310906424,1,
fov0,3016,14433.32249786142,8134.562874251497,121.8148089864149,16.846608455776508,-0.8336947621981359,1169,0.9903908178058746,1,0.5667480238082984
fov0,3017,14424.955136832661,22039.20771646478,96.26943934161264,48.780793586238694,0.9250628786028434,2229,0.8621159204442314,1,
fov0,3018,14420.18648310388,7641.819774718398,86.62265999978665,19.35633480941459,0.9039004236488123,799,0.9747140660199431,1,0.07451633449221864
fov0,3019,14424.32683982684,10394.337662337663,45.25631253446693,14.317497770689956,0.056583877286675806,462,0.9486376569059061,1,0.318115963563319
fov0,3020,14422.73413897281,16624.117824773413,28.621896501124386,16.75202611904424,0.03398515124128112,331,0.8108261456123805,1,
fov0,3021,14563.787996241485,1689.1447028423772,297.2702855580091,106.72824678566501,-0.15555091340952545,8514,0.9333269305148195,1,0.3451057418744038
fov0,3022,14437.74051191527,7158.038834951456,77.42849800220708,52.356961104195676,-1.1340974860956254,1133,0.7367203441117505,1,
fov0,3023,14434.008310249308,1673.4709141274238,42.70164492039641,15.110700634734007,0.9714216126598181,361,0.9352957741975263,1,0.6090322087639233
fov0,3024,14434.340277777777,16583.328703703704,47.723440793517035,15.423742651303183,1.238159867839905,432,0.946334070053453,1,0.5802284578623573
fov0,3025,14433.478571428572,8954.95,22.012224080204483,9.032500909245393,0.7210820349124014,140,0.9119325098124318,1,0.4079313703229661
fov0,3026,14451.045309508616,21617.075941289087,56.1315433960289,45.570862714051,0.9948157127794613,1567,0.5838544380187175,0,
fov0,3027,14458.132963988919,20124.5540166205,52.552353533411576,9.003128161317807,-0.5359890244539669,361,0.9852159038552301,1,0.23176573309273818
fov0,3028,14477.46784996651,4359.181848626926,106.4497938877439,90.18012911339817,1.2996336120548426,2986,0.5313360490064003,0,
fov0,3029,14471.79343365253,2399.439124487004,71.21196268032465,18.18583202911642,-0.022131793082967637,731,0.9668417950641707,1,0.4547367500854705
fov0,3030,14483.750318471337,8366.40127388535,84.56763805361882,16.393937618785127,-0.07009555174347822,785,0.9810300100988264,1,0.2210231888724869
fov0,3031,14458.571992110454,21482.814595660748,32.02153035493394,23.101536297239278,-1.5194094575466381,507,0.6924794410340351,1,
fov0,3032,14465.511235955057,2608.5393258426966,63.6437109395156,12.599193746548005,-0.9588535110152755,534,0.9802091955877502,1,0.6718500703819789
fov0,3033,14490.585987261147,10534.358103326256,102.47528984829303,51.16833983836137,0.022006866131237913,1413,0.8664155197271852,1,0.3258607820719052
fov0,3034,14468.864838393732,18461.102840352596,48.657632614548504,40.021795118525496,1.1705328375925457,1021,0.568738589631628,0,
fov0,3035,14709.401671739426,11890.135510834507,543.4297674355003,196.09916829332073,-0.3015264474319483,22013,0.9326220609677701,-6,0.13422388308687605
fov0,3036,14460.530303030304,1654.2045454545455,14.723173900627053,12.465653664146423,-0.6252822068153578,132,0.5321200515419426,1,
fov0,3037,14462.218390804597,14345.057471264368,26.235735229827768,17.08050936982241,1.4164041547572177,348,0.7590435440364555,1,
fov0,3038,14464.647798742139,2531.421383647799,23.07438503569667,9.537998314322207,1.4116116215233847,159,0.9105682658462707,1,0.959897213534728
fov0,3039,14469.688,13485.052,22.293911847993492,14.417930729265398,-1.371209821998081,250,0.7627270428987484,1,
fov0,3040,14480.276527331189,18161.97427652733,46.189884525466326,9.472250262797546,-0.835645998920799,311,0.9787468979446381,1,0.6186205889052319
fov0,3041,14486.266046511628,18634.95069767442,65.76669889211664,35.798085935409524,-1.2951104975633938,1075,0.8388780956758426,1,
fov0,3042,14518.433116413593,9058.994938539407,136.82657442679368,18.394214628305118,0.543019815386349,1383,0.990922479450541,1,0.34739509347886793
fov0,3043,14529.944444444445,18933.55448201825,241.38602688365822,44.33563907638893,0.9414035893289792,3726,0.9829877537336136,1,0.531670064622804
fov0,3044,14516.981132075472,8981.575471698114,99.4455599941704,32.6278468518834,0.13141014313505686,1166,0.9446438391135283,1,0.30138730315803064
fov0,3045,14724.370416532647,2376.554720167256,611.5258274027244,225.65188416415882,-0.6249092210488489,24872,0.929430138949212,-5,0.5401088005528921
fov0,3046,14491.321148825065,1496.7415143603132,27.8973531176978,17.80105262503132,0.27908973823985594,383,0.7699608777508078,1,
fov0,3047,14509.968944099379,18771.81304347826,120.20194644549149,22.377909006529595,-1.033097212251454,1610,0.982517685193293,1,0.900077308811827
fov0,3048,14522.279279279279,4835.638253638253,79.04682753639872,38.55116336543623,-0.24003951798421638,1443,0.87301110783604,1,0.39631051406588674
fov0,3049,14497.676113360323,3560.0364372469635,19.645856113401187,16.317713670253514,0.15163928318158085,247,0.5568797050831302,1,
fov0,3050,14546.751348282714,7262.304569968776,139.68265548172656,81.81856615286753,0.007667473454571907,3523,0.8104946294417159,0,
fov0,3051,14500.803797468354,13415.430379746835,26.997344333684296,8.06425438588713,-0.04011128923857255,158,0.9543453479337326,1,0.6670099573337049
fov0,3052,14503.139072847682,19447.112582781458,35.693767998895076,14.353586634138512,0.746070036247194,302,0.9155819449862967,1,0.25103736850770864
fov0,3053,14512.561194029851,7706.419402985075,46.16533181550723,33.78900407554409,-0.22665912007201416,670,0.6813981490051553,1,
fov0,3054,14832.941276554373,7958.944436342424,635.813030729477,495.59126638820084,-0.3198416531384551,20571,0.6264511361749168,0,
fov0,3055,14510.370165745857,19364.055248618784,27.266858813721488,8.86490841854807,1.4445804234396538,181,0.9456739378254199,1,0.3273554493109605
fov0,3056,14539.653992395437,16359.984790874525,44.113747069871884,9.640550163467276,0.1436492208614738,263,0.9758283370264602,1,0.49905034505948637
fov0,3057,14525.927777777777,14804.366666666667,28.398642829240682,9.591330912187999,-1.477922694526125,180,0.9412397823504914,1,1.028351906743265
fov0,3058,14539.944578313252,14522.284337349398,68.62515857919979,10.217470750758544,0.8917841921595057,415,0.9888540479434873,1,0.8001834436503921
fov0,3059,14543.220115416323,13625.701566364385,126.6428370864705,26.19235728227085,1.511063661626197,1213,0.9783788671237508,1,0.4404622422287833
fov0,3060,14574.748723186925,9044.884576098058,102.57537393171859,15.996514076945077,0.4811655613903721,979,0.9877651282876632,1,0.3308129874451619
fov0,3061,14547.932225063938,19441.200767263428,68.0909635117022,27.950942993898398,1.3789010897419893,782,0.9118632261013512,1,0.31995939079425556
fov0,3062,14546.889830508475,18257.43682588598,85.8952583484384,36.556676660808556,1.5085176805254605,1298,0.9049132896260963,1,1.2612386337611996
fov0,3063,14621.273665205055,8033.821511477947,213.6943819029564,62.67149725822312,0.7890969948905437,3877,0.9560277260352736,1,0.6363866091559963
fov0,3064,14572.072392638036,2466.4662576687115,53.2495840797124,29.817388551474025,-0.9118496328766786,815,0.8285227973687714,1,
fov0,3065,14699.098395344736,10525.733027684711,347.3400664212593,85.81532684448948,-0.6933018822492589,5671,0.9689990901359149,-1,0.3560580763306081
fov0,3066,14792.099187276064,6357.06134754872,558.6924869803145,114.31890910721688,0.5613048281851681,11443,0.9788417661688723,1,0.5410338638818895
fov0,3067,14573.150943396226,3580.1603773584907,32.9489641619166,8.846972874608708,0.5406146162817466,212,0.9632781953215923,1,0.5295184525026134
fov0,3068,14579.13448275862,3203.941379310345,23.358678424299164,15.948630812423657,0.36474587112941836,290,0.7306323359822773,1,
fov0,3069,14776.367893371078,4971.006723283794,510.2438381896692,51.51539513551766,0.22458813572537462,8478,0.9948902514980832,0,0.1468404666008771
fov0,3070,14596.179972936401,618.1813261163735,58.13521932468353,33.655646960188975,-0.5888964141280111,1478,0.8153842764669256,1,
fov0,3071,14677.699409554481,8294.321524422974,242.04459024923136,15.8162225425207,0.19882069417004783,1863,0.9978627805544455,1,0.32382004301441236
fov0,3072,14605.951951951953,12924.34934934935,154.11551130208161,32.91504974557906,-1.537709413850721,999,0.9769269123937753,1,0.4918612621538103
fov0,3073,14632.671336206897,18162.810344827587,87.63774183878124,54.89075327975658,0.17149503095515048,1856,0.7795524760532768,1,
fov0,3074,14597.10332103321,15142.70110701107,41.78660269758006,8.737200896696805,1.0501569691173709,271,0.9778961960304828,1,0.8563722163454357
fov0,3075,14640.111842105263,3261.6820175438597,77.26210149547,8.982179751170124,0.31980483995460035,456,0.9932192868919572,1,0.31600470643485146
fov0,3076,14634.474311926606,4852.852293577982,52.87083904038596,26.85234982440468,-0.10498472920159102,1090,0.8614243939312487,1,
fov0,3077,14628.726872246696,5499.070484581498,25.788039020822765,15.537194549065031,-0.10963181439862853,227,0.79812177901862,1,
fov0,3078,14671.346360153257,9535.265134099616,103.4503779058417,28.581248602396606,-0.16776832657808827,1305,0.961077248752357,1,0.4663715371145472
fov0,3079,14677.812333864966,4013.2020202020203,84.83095356898065,51.91626699805063,0.06082351425029447,1881,0.7908602852381309,0,
fov0,3080,14682.07142857143,14450.825850340136,81.67562602660256,31.28369301300731,-0.31283788096190435,1470,0.9237385535297451,1,0.5190470844650318
fov0,3081,14674.166374781085,5416.243432574431,64.42831764468333,19.054538872747518,0.3951097395531166,571,0.9552660292953662,1,0.2943657670029331
fov0,3082,14653.836363636363,1645.6818181818182,12.760041514837038,11.552504005803167,0.8420224751163696,110,0.42463270813635845,1,
fov0,3083,14665.344827586207,18258.765086206895,39.905724433716685,15.968377746666036,-0.5007838744672639,464,0.9164485417145223,1,0.5873633366890665
fov0,3084,14680.298701298701,12090.852813852815,70.80831473915347,8.674572669388324,-0.4385776920264099,462,0.9924675474188479,1,0.18175520121701996
fov0,3085,14707.974723538704,12222.13112164297,126.89799776038988,46.814051920520804,-0.345632444611557,1899,0.9294647724467131,0,0.19252840397871854
fov0,3086,14673.477211796248,12366.80965147453,36.63151371033475,14.277597959821865,-0.8455587399788776,373,0.9209153228836465,1,0.3582276949419202
fov0,3087,14670.86574074074,13838.935185185184,26.11302546338835,13.296289484017993,1.0871578953096863,216,0.8606587126959221,1,
fov0,3088,14674.96,18448.75,72.55472169600685,12.993115305009752,-1.497087004640483,700,0.983834475855882,1,0.816971166189982
fov0,3089,14689.654402102497,7999.716162943495,50.17834315498064,28.232483888703502,0.025184395691155822,761,0.8267001092981493,1,
fov0,3090,14687.336448598131,6262.801401869159,29.926415447430127,19.67457577094849,-0.19203578486060272,428,0.7535140941247307,1,
fov0,3091,14709.425925925925,2935.210978835979,57.19361693598148,48.222535691314185,0.6473615006495352,1512,0.5376856097472904,0,
fov0,3092,14727.83056872038,19068.64691943128,72.13073766612538,18.163850555744457,0.46011712761754797,844,0.9677744924539271,1,0.47218373203918285
fov0,3093,14727.486772486773,17212.9708994709,45.88503962523005,11.950812605835594,0.29705381656929963,378,0.9654870191115483,1,0.572413440576327
fov0,3094,14731.872679045093,13309.907161803714,41.147363197940365,21.675044954610758,0.26559563723617247,377,0.8500101455670389,1,
fov0,3095,14747.722752585521,17872.693317422436,203.80450569431696,43.504321220807974,-1.115507975264971,2514,0.9769515778657099,0,0.6805078906011799
fov0,3096,14727.507075471698,18262.240566037737,32.03038302492432,16.91698595368687,-0.12640668465443267,424,0.8491483900263832,1,
fov0,3097,14723.486725663717,1668.1769911504425,17.856085653401696,8.538381552939775,-0.43584431984335614,113,0.8782631208771884,1,0.36053294203349096
fov0,3098,14763.360598065083,4841.35708003518,60.329350572204014,36.89170917765182,-0.0043687538059802656,1137,0.7912404433713395,0,
fov0,3099,14740.99209486166,1355.2687747035573,30.406819210333953,13.658444024505545,-1.0984094454198818,253,0.8934361751277266,1,0.39196663686561917
fov0,3100,14774.395860284605,6152.985769728331,87.81407854836343,13.55964663537325,-0.106508457337018,773,0.9880063692126931,1,0.2134680823502607
fov0,3101,14776.4750211685,10207.425910245554,77.52518685905666,40.78596893777836,0.5103982923776182,1181,0.8504229668431899,1,
fov0,3102,14739.863905325445,17344.994082840236,33.54782691157389,13.359756267614149,-1.3757708012241547,338,0.917285530615493,1,0.6915052379118739
fov0,3103,14762.40490797546,9364.854648419065,166.4893965870933,33.20227876522717,-1.4462595187164515,2119,0.9799129328168941,1,0.766851779941569
fov0,3104,14872.046025787498,3149.5180349273705,303.8736401280362,48.56881098022917,-0.3474485957660214,6127,0.987144188212801,0,0.18749081773788456
fov0,3105,14759.451162790698,9545.960465116279,35.290377885748214,28.373841766840528,0.19491684939693682,430,0.5946148154973567,1,
fov0,3106,14762.58878504673,8201.29906542056,32.15750177744718,8.764924082793128,-0.903292139284743,214,0.9621381232831031,1,0.5538836864959716
fov0,3107,14768.697211155379,19992.035856573704,34.99621324264003,10.954846686284364,-0.32813989040003755,251,0.9497434075188074,1,0.2547711811640163
fov0,3108,14911.499182156134,1890.653531598513,379.4465199914898,75.31287085428364,-0.40129904731875404,6725,0.9801047643013818,-1,0.1378088934500055
fov0,3109,14793.609171800137,18018.854209445584,91.88343079588886,53.67951444790014,-0.44204911852753553,1461,0.8116002219167764,0,
fov0,3110,14769.097402597403,2375.220779220779,16.961023282355175,11.760148317073137,0.1618743289464156,154,0.7205883427127778,1,
fov0,3111,14798.309761721752,10550.66179861645,86.18259211179092,42.8689379712032,0.27949134426049926,1301,0.8675098987156621,0,0.33925306081231377
fov0,3112,14774.43153526971,17316.045643153528,35.02164029520073,10.043000385535846,-1.1697535289704417,241,0.958000789172854,1,0.6166652971072524
fov0,3113,14778.483801295897,20883.656587473,43.815479439803504,18.069147018016608,1.22456402642649,463,0.9110065612562777,1,0.5222492694504894
fov0,3114,14813.480357142857,1857.3419642857143,84.65836256501319,19.76248642629638,-0.41474614678347843,1120,0.9723716667619384,1,0.3526036358039209
fov0,3115,14796.824372759856,6545.8207885304655,25.7808317947108,14.162552180307289,-0.013444229730725517,279,0.8355961194296962,1,
fov0,3116,14795.101265822785,14771.905063291139,22.92293246098691,9.823917979748877,0.6551737248472193,158,0.9035119572565661,1,0.8587945940897553
fov0,3117,14801.662436548224,2158.784263959391,34.941473667820915,22.481524880779702,0.7683267490263964,394,0.7655258221884781,1,
fov0,3118,14840.137944509574,14643.920281359906,130.12725834700203,47.74216432447062,-0.8751586803683069,2559,0.9302650156941945,1,0.466608110270263
fov0,3119,14836.77430358158,5412.092097782831,106.81322569991916,31.41366974222673,0.2358088814536293,1759,0.9557749422998159,1,0.07119145474172545
fov0,3120,14849.643105446119,12011.471610660486,107.79518570634761,50.78371783997653,0.1327649206429445,863,0.8820728437915394,1,0.21900718276409734
fov0,3121,14810.462025316456,1363.863924050633,37.71608530436809,12.157733376606494,-0.40420008772980115,316,0.9466209780732642,1,0.48082524758164275
fov0,3122,14842.046439628482,12178.188854489164,93.30622201166881,40.819334570764475,-0.020600411546611887,1615,0.8992295562962559,0,0.24804586247846766
fov0,3123,14835.804308797127,15855.696588868941,67.6643133484298,11.754250557391835,-0.1073323447280678,557,0.9847961131337009,1,0.4451347312122973
fov0,3124,14821.456989247312,21720.247311827956,27.856240568263555,10.143599957779076,-0.2551674954413855,186,0.9313438220320823,1,0.16804553287808072
fov0,3125,15122.011542730299,6125.726970033296,657.1577263635833,62.73724164628941,-0.08432937081552466,13515,0.9954325420973987,-4,0.18866935094451734
fov0,3126,14833.128048780487,1332.0243902439024,17.733562311555445,12.904154309298782,0.7621773573129874,164,0.6859289942091519,1,
fov0,3127,14874.729085872576,6520.353462603878,115.37962598776986,53.956981755020536,-0.4732165642632366,1805,0.883915104588446,1,0.29712492389623313
fov0,3128,14835.264150943396,6308.169811320755,12.795425846946056,11.530977523603271,-0.9987502235498747,106,0.4334457510377534,1,
fov0,3130,14840.964285714286,14131.825892857143,30.15128305166801,10.678837322606201,1.3226989987855013,224,0.935179080816778,1,1.0226677104161515
fov0,3131,14892.345389287686,20460.44008834898,109.89111167860122,98.50460345713837,-0.2886011066392761,3622,0.4432789493251025,0,
fov0,3132,14874.409051349,19074.067885117493,94.57707687403561,31.40400497422789,0.7551773512811949,1149,0.9432629528023344,1,0.543627599196514
fov0,3133,14897.290859798606,20084.915569326105,120.67532215925685,75.27360203538899,-0.9604369216005482,2582,0.7816082385300113,1,
fov0,3134,14929.103181143893,1022.2244931597165,210.7534201742984,96.53773495369113,0.803977485493003,6067,0.8889212198389997,1,0.6432865521677676
fov0,3135,14879.15909090909,5505.017482517483,75.70038716110462,11.620135487700452,0.11017978271895203,572,0.9881483890448646,1,0.22197191280247244
fov0,3137,14900.907478632478,15944.585897435898,228.45678294171722,67.96966815710182,-1.1931124793062162,4680,0.9547166686481555,0,0.6313798353501507
fov0,3138,14898.117623604465,9090.72009569378,123.63566272113215,38.78277527022718,-1.1264986682294178,2508,0.9495267766765425,0,0.6640998523163826
fov0,3139,14890.556688662267,2892.017396520696,87.55872577912346,42.767068619053376,-0.2763881818448286,1667,0.8725982202049906,1,0.4050586373704475
fov0,3140,14893.481164383562,2401.2585616438355,81.90908639239974,13.76083102403287,-0.915895231469422,584,0.9857867778006109,1,0.45578643233325317
fov0,3141,14887.822810590631,4517.479293957909,53.48275391567484,50.702207116582336,0.5394694292912066,1473,0.3182393359926321,0,
fov0,3142,14889.27659574468,2737.7332242225857,89.0278656422093,14.384152486637106,-1.40684092848955,611,0.9868614009164965,1,0.7108284410614998
fov0,3143,14916.53187379266,7808.665808113329,77.12171764838578,65.0878122104299,-0.5733542470724681,1553,0.5364026984992801,1,
fov0,3144,14911.090671316479,4341.093286835222,61.37230155895738,39.98925079656413,0.5199677780831616,1147,0.7585759152087022,0,
fov0,3145,14924.824267782427,18691.55648535565,105.34029314522785,78.79414730116915,-0.8815665485980808,1912,0.6637029204436481,1,
fov0,3146,14899.346153846154,20021.438461538462,18.59411745386099,10.096661977815769,-0.17452385136096565,130,0.8397307411166692,1,
fov0,3147,14916.103797468355,18868.47088607595,57.632616361935,38.519525108261114,-0.7949058380276853,790,0.7438350032055443,0,
fov0,3148,15235.451654301183,6429.587447363144,729.1713225841479,239.21764585008356,-0.11546301415155129,24935,0.9446541725951052,-1,0.13401797834840867
fov0,3149,15191.971282051281,21513.542383107088,631.0871307339887,146.3191061912309,-0.10739823736402744,16575,0.9727509624704527,-2,0.24256869048648785
fov0,3150,14933.62342475908,2940.2512972572276,80.9559177592768,35.23394422082675,-0.256034127111236,1349,0.9003222877124974,1,0.3066148325524119
fov0,3151,14912.422969187675,21659.10644257703,39.92244597039378,13.131332429365996,-0.7912446083705355,357,0.9443574269052718,1,0.22367796259769593
fov0,3153,15112.30479131574,19741.522178551375,476.73887348865856,105.09583764001948,-0.3549824290549014,10686,0.9753988675249055,-1,0.43487890277899277
fov0,3154,14933.044862518089,1920.5600578871201,35.29515156943477,26.536984874272534,-0.33755147265882113,691,0.6593236869276937,1,
fov0,3155,14962.431516936671,2783.9322533136965,99.9933043587149,34.16024838160298,-0.66964662926292,679,0.9398362170566011,1,0.4383759684903217
fov0,3156,14930.547619047618,19122.60119047619,25.992191942010155,9.269311214178934,0.624404473857029,168,0.9342498818575462,1,0.2459313250465082
fov0,3157,14950.836336336337,8029.717717717717,82.42880236261223,12.396568946454046,-1.0657543649620094,666,0.988626561469144,1,0.5659438888978103
fov0,3158,14948.545098039216,12262.654901960785,23.071022238877433,14.686852437007502,-0.09754552102421718,255,0.7711999010655535,1,
fov0,3159,14951.986155484557,14655.348242811502,85.37357440526017,19.140848569281353,-1.4475931276729972,939,0.9745429033951168,1,0.632013047175478
fov0,3160,15030.641016333939,2677.619782214156,261.452555763624,60.630907946506696,0.8154772351952383,5510,0.9727395761938828,0,0.9312245111691402
fov0,3161,14967.09219858156,4505.333333333333,46.22251673945805,8.95722199704469,-0.0914997998347313,282,0.9810440582797418,1,0.3268463731944504
fov0,3162,14960.860824742267,14579.93642611684,43.73786994124575,18.005690954824736,-1.4333598681766422,582,0.9113317254618538,1,0.6264498165242884
fov0,3163,14961.625,11842.15625,18.036575984609108,9.632824183562263,0.2042679171065024,128,0.8454392087330983,1,
fov0,3164,14966.541899441341,2337.7430167597763,24.280595188183906,10.515448922186266,-0.8933298514001226,179,0.9013553134991854,1,0.451128731396865
fov0,3165,15037.032375289065,20408.70267591675,175.8971382045729,49.4544114913596,0.9364834564183799,3027,0.9596622848800446,-1,0.6015606614863006
fov0,3166,15003.628239499552,7944.374441465594,142.80266181219895,14.566713791572084,-0.8235516729977977,1119,0.9947837939577048,1,0.4225972048188409
fov0,3167,14992.992156862745,21805.854901960785,38.469163092432396,8.82095125749043,-0.35840498649053903,255,0.9733559687401058,1,0.13591154421398585
fov0,3168,14996.287974683544,18988.83860759494,53.790001718231764,35.17163605888143,0.7758595086025492,632,0.7566074345040051,1,
fov0,3169,15024.397335783187,786.4340836012861,83.27431063733532,66.19144361241088,0.5282362240592825,2177,0.6067924703021557,0,
fov0,3170,15003.726666666667,7087.435,56.9024725504305,16.11435094989527,1.1854216626687317,600,0.9590631016287894,1,0.6691959007544428
fov0,3171,15014.39298245614,4508.747368421053,42.438545759164505,11.934197730057292,0.1709352139287771,285,0.9596458808262239,1,0.2717038495771393
fov0,3172,15029.676266137041,20105.479642502483,46.81960586950259,43.35411914858358,1.4165189776643423,1007,0.37756729741355627,0,
fov0,3173,15017.809248554913,20319.745664739883,26.259322167563695,8.728312542680596,-1.2347973785085478,173,0.9431423456487448,1,1.0119368673984996
fov0,3174,15045.50168918919,14784.444256756757,57.51749303466002,27.026745811587343,-0.1663688496459872,592,0.8827263575156907,1,0.5250123549494922
fov0,3175,15028.84509202454,18870.317484662577,45.37130748779994,20.495994871876896,-1.3347734269538587,652,0.8921500772911816,1,1.1710258945257208
fov0,3176,15054.512616201859,16096.171314741036,47.0870522953591,34.664164664106735,1.0758911321372069,753,0.676794604330608,1,
fov0,3177,15069.83530183727,21775.737532808398,86.78846209158444,27.705819647967264,-0.6469975654667435,1524,0.9476759541134977,1,0.1628045395091989
fov0,3178,15066.519607843138,14066.85294117647,37.466738808345795,13.82225414028261,-0.9587283927154728,306,0.9294608889265689,1,0.6704809931980031
fov0,3179,15104.07503828484,19994.27258805513,94.55859543472191,9.327598596338508,0.08729252392952463,653,0.9951228284286087,1,0.3802694480265471
fov0,3180,15086.344936708861,16172.60759493671,61.48146211713989,15.479398371973012,-0.824308838567623,632,0.9677862066606181,1,0.5667323008581494
fov0,3181,15102.737876802097,14590.625819134993,97.19690781148635,51.08172820761057,-0.3623321102857289,1526,0.8507633932461484,1,
fov0,3182,15092.689772727274,16050.295454545454,79.01935237281701,15.905571953740639,0.987053481820709,880,0.9795322993294122,1,0.8452943744238366
fov0,3183,15096.897350993377,5639.099337748345,46.58210154104623,9.803696493596982,0.43532387506832443,302,0.9776023428681474,1,0.10763735481844731
fov0,3184,15114.803953871498,13983.509060955519,68.6811648741755,23.144726551766723,0.20116628460390285,607,0.9415089515672349,1,0.5883805803748504
fov0,3185,15095.542372881357,21655.545762711863,36.617003236807186,12.34808535146492,-0.23900075230010268,295,0.9414248979913388,1,0.17730821843645958
fov0,3186,15139.626179245282,15922.223270440252,162.2739769057312,31.451724963415362,-0.6361657137482664,2544,0.981037372653102,1,0.5072214876460481
fov0,3187,15099.756533700138,18995.207702888583,56.23640796925535,22.027080359000013,1.2615755436428062,727,0.9200984451299299,1,0.6901884298694724
fov0,3188,15113.506243996158,1188.0691642651298,55.09906040793707,40.454966017624606,1.1996012803858567,1041,0.6789089949615318,0,
fov0,3189,15163.78527262507,8734.715008431704,147.2789829216367,79.86061125047672,-0.3417098218253847,3558,0.8402234068109673,-1,
fov0,3190,15129.257546563906,21616.90687219011,69.1098817178718,38.091613531145526,0.6004258992773847,1557,0.8343899127574407,1,
fov0,3191,15110.628509719223,1474.5896328293736,48.860240482826875,15.587525279586322,1.3857288780051296,463,0.9477470781924118,1,0.9964432570803106
fov0,3192,15138.650280898877,9434.827247191011,83.32048646309599,48.51228668193938,-0.48746385486220867,1424,0.8130189688810078,0,
fov0,3193,15137.288092189501,18994.165172855315,76.38996564414661,18.077708935001603,1.3438741510845975,781,0.9715948906272559,1,0.7196747206704677
fov0,3194,15181.59720154808,14421.01667162846,117.9607644788566,99.29804095589779,1.29684110651021,3359,0.5398071421039151,0,
fov0,3195,15181.28507078507,6844.331402831403,92.56758587488105,49.39483711821812,0.002560509881670205,1554,0.8457317096487978,0,
fov0,3196,15154.013774104684,11983.702479338843,30.136537246260822,15.735786270526585,-1.5158719202652167,363,0.8528538022592526,1,
fov0,3197,15178.432584269663,9626.073970037452,75.13557244782136,24.45814476997852,0.37057457925585874,1068,0.9455350945320725,1,0.5391542369844905
fov0,3198,15155.320261437908,5663.895424836602,15.405027956839795,12.724575106006249,0.28761263625757016,153,0.5636680222468935,1,
fov0,3199,15416.534465840794,18228.202747454925,634.5290287572411,151.22762520414238,0.386201498372028,16306,0.9711841068393648,-1,0.21559046710566596
fov0,3200,15165.433333333332,11229.42,22.55210892721772,8.916027057521884,-0.31631944772578047,150,0.9185295839739059,1,0.49009554559220625
fov0,3201,15168.041450777202,11314.481865284974,31.770815337601448,8.405041129745662,0.8438396210684357,193,0.9643713494093232,1,0.411666057253852
fov0,3202,15272.180664846635,16246.100529950218,291.9818774872755,70.11622509522218,-0.6243783875781507,6227,0.9707385223345784,0,0.33430023192087327
fov0,3203,15190.098173515982,18237.53196347032,56.81801714434572,12.84323811334579,-0.08880351937777141,438,0.9741176388449015,1,0.46319150969587297
fov0,3204,15243.37037037037,16772.78721174004,159.47712527009966,53.883082001375996,-0.11138297645955363,2862,0.9411915590855854,1,0.3746751860058949
fov0,3205,15276.129408418657,11312.770335608646,283.98655006508005,135.21509295358058,0.8248448989543334,7032,0.8793738048971191,-1,0.40478772561115944
fov0,3206,15186.0,18875.390070921985,19.168006814986416,9.502361470992549,0.5774899572328679,141,0.8684705752094541,1,0.5428092462188574
fov0,3207,15219.005890052356,14792.714005235603,91.57898098894618,43.24097645727924,-0.9794018439427933,1528,0.881506755982729,1,0.28545394487127984
fov0,3208,15234.416397973284,6776.675264854905,123.86546091335215,53.621632918523915,0.27538303707076467,2171,0.901440884674899,0,0.33152435878828074
fov0,3209,15194.854922279792,16062.839378238343,26.86366589477999,9.631453100446171,0.1133466429561614,193,0.9335178766612694,1,0.3712568475781684
fov0,3210,15218.225626740947,4651.470752089136,56.18124064479226,39.40503049469707,0.10749218022623634,1077,0.712776484679945,0,
fov0,3211,15228.90480032271,2734.308995562727,150.30900175852068,48.71959667153826,-1.5379042555284232,2479,0.946012686049182,0,0.792306481323442
fov0,3212,15223.954545454546,11381.612852664577,110.94393039130188,8.675838623502791,0.7767648231908778,638,0.996937674681879,1,0.3881312941777976
fov0,3213,15237.332357247438,18914.75073206442,116.19504609726143,102.47086265772381,-0.6749670113728666,2732,0.47146144639792165,0,
fov0,3214,15297.919814682822,17056.450463292942,218.6437822982316,42.46956327633862,0.10274588841800864,2806,0.9809538602421359,0,0.5025687935901516
fov0,3215,15314.47770700637,16064.3186482661,279.2995850669983,87.08161467577034,0.14458979926220464,5652,0.9501524517994496,1,0.28528726804334664
fov0,3216,15321.85411661935,16932.4241100677,186.94976553117905,176.09473835331323,0.7430768018334492,4579,0.3357920933832071,0,
fov0,3217,15250.434662998625,6573.986244841815,69.24394048370209,19.72480227170028,-0.19066643301363712,727,0.9585692459997319,1,0.14008921493118884
fov0,3218,15229.151898734177,7149.607594936709,16.575927622225443,12.203990727876898,0.2514425828494038,158,0.6767120023199127,1,
fov0,3219,15241.469696969696,15921.521212121212,29.9992244954519,16.977715389473065,0.32197375841677195,330,0.8244474764855205,1,
fov0,3220,15401.228378685666,14841.414992799211,425.2315483636082,279.5145879697676,0.4272872438742459,13193,0.7536087385359539,1,
fov0,3221,15516.785961101787,5206.707572317109,675.6906494212756,48.39821530659083,0.417398278194507,10129,0.9974314324195586,-2,0.1876864270691556
fov0,3222,15313.711470024637,794.565288803723,136.4452643249742,92.37998493580744,1.3445800251221305,3653,0.7359389165606292,1,
fov0,3223,15307.972860125261,10177.933194154488,53.6211539246878,43.63422330296366,0.03185449897464571,958,0.5812148099684417,1,
fov0,3224,15322.136796536797,14406.345454545455,83.24375676885161,75.35415766380741,-0.15946661381512867,2310,0.4249369852181172,0,
fov0,3225,15313.154870940883,16388.57868442964,53.252048431833536,47.3003720276293,-1.5307586116246255,1201,0.4593879523824459,0,
fov0,3226,15314.304227941177,2734.7408088235293,51.21635955891602,39.39419103935444,-0.21433947503853945,1088,0.6390417784675347,0,
fov0,3227,15331.260368663594,20435.10714285714,258.60861162230765,78.17375067785616,1.3730943492465504,6076,0.9532172902751762,0,0.7707012439742991
fov0,3228,15305.813829787234,17414.41489361702,27.827340597584882,10.086358787991427,0.8019228980857319,188,0.9319984772094759,1,0.6801158844381917
fov0,3229,15327.069556451614,5521.451612903225,48.758145315087795,29.8111692861937,0.43987491972783244,992,0.7913147441157036,1,
fov0,3230,15318.084677419354,20059.584677419356,37.79574799015863,8.963746960217758,0.5317750484418614,248,0.9714699104887149,1,0.274247701143387
fov0,3231,15425.787854251012,1334.571524966262,228.0722677894022,115.1730288453699,0.027121071826688655,7410,0.8631282351976094,-2,
fov0,3232,15405.755,17499.797777777778,251.37757133202945,14.114285000912936,0.43299666540114057,1800,0.9984224707924346,1,0.37995763174368613
fov0,3233,15321.414849734827,16610.26812021214,79.51725571156202,31.36710679198118,-1.4802156287854205,1697,0.9189091710745126,1,0.6304644847273639
fov0,3235,15330.242774566474,11415.416184971098,25.378009910494896,9.883104181868584,-0.3226397787646426,173,0.9210536363064885,1,0.5404360227854816
fov0,3236,15348.38655462185,3429.7324929971987,73.65592705475807,15.705884903870277,0.34201493557087453,714,0.9770013440513607,1,0.27737552027730056
fov0,3237,15416.90657932213,10824.90828823697,219.8646433049037,75.99366876815243,-0.04261032918092068,3511,0.9383677743674752,0,0.20643383460492698
fov0,3238,15357.350943396226,3123.241037735849,122.14868595967609,46.6620755475078,1.2491188250722347,2120,0.9241580002783788,0,0.9153157944426208
fov0,3239,15348.619047619048,8215.968253968254,40.567054356951225,8.61752253565493,-1.2614534294806248,252,0.9771770197989956,1,0.7722824337137114
fov0,3240,15353.992248062015,3927.922480620155,21.035555875434234,8.427376968164788,0.1708942386244707,129,0.9162419591328806,1,0.39912840052235665
fov0,3241,15414.583916083917,11318.895104895106,231.22691914560775,75.82531342375616,0.5645195986593333,1716,0.9447034208971458,1,0.33029264386000345
fov0,3242,15372.743975903615,5715.0722891566265,46.05461194317319,9.978741080979722,0.2397971191626617,332,0.9762444776552845,1,0.1646393902417391
fov0,3243,15364.959770114943,3980.7988505747126,27.34033634041369,8.542959763529737,-0.8965480070162898,174,0.9499285322918768,1,0.6671554049770002
fov0,3244,15391.421094580233,2420.2165249734326,215.41193211930712,54.78462922574791,-1.4219494003490893,3764,0.9671188235978002,-1,1.0275439689459003
fov0,3245,15394.99545970488,19835.685017026106,86.78141982249701,49.22344894625692,1.015445705999074,1762,0.82357193180215,0,
fov0,3246,15399.55211912944,10048.120274914088,60.157485081486875,40.220870821387074,0.055798382687050924,873,0.7436285754204237,0,
fov0,3247,15417.621771217711,16037.476014760148,69.35085728540159,12.1799983104668,0.15829896785980097,542,0.9844564860354679,1,0.19830689353771933
fov0,3248,15411.310160427807,8541.764705882353,55.48441371685999,10.003008401749375,0.8786335680168386,374,0.983614412811243,1,0.8419631206904851
fov0,3249,15418.643020594965,4013.5423340961097,43.45098066743291,16.23524251230344,0.7032576277595287,437,0.9275717759366018,1,0.5319021776584979
fov0,3250,15431.227535037098,20198.9208573784,64.9921609221297,42.425558799557166,1.1785503420927086,1213,0.7575478558186114,1,
fov0,3251,15483.204893826465,19805.24005062579,312.3598097781909,71.69507579496896,1.0744398603686736,7111,0.97330224476429,-2,0.5905927385565799
fov0,3252,15445.266666666666,21299.2375,35.93361361932119,8.944372596567296,-0.513969999423445,240,0.9685256404716014,1,0.2288433034065909
fov0,3253,15513.552187392354,19971.406131588014,189.93519775162287,24.03458004472749,0.5911117715735524,2903,0.991961384528529,1,0.4432316649501686
fov0,3254,15481.985430463576,16252.673509933775,85.7463506236164,57.50517502497402,-0.07612926474039874,1510,0.7417804243857272,0,
fov0,3255,15480.615051020408,19161.52831632653,217.24651107306858,78.52704092662337,1.1506738558244651,3920,0.9323856236969117,1,0.21347168001285807
fov0,3256,15483.130730050934,2623.8641765704583,58.637761546541114,25.722269323016913,0.3945914426325614,589,0.8986512006928041,1,0.6076740237849099
fov0,3257,15474.63671875,3633.1015625,29.465481448796883,11.503099219883381,0.14570944229958413,256,0.9206485731388871,1,0.32914563508022154
fov0,3258,15490.909465020575,5134.074897119342,68.15396255119984,42.972879143079815,0.05442498539573633,1215,0.7761677259585871,0,
fov0,3259,15481.845454545455,18408.533333333333,36.90242397301825,27.15286071566248,0.8792287647828136,660,0.6771972243815604,1,
fov0,3260,15603.605529820497,10223.443688477128,289.4518356012949,111.24542128907757,-0.3415854529373382,6908,0.9231952101298009,1,0.42606794782786944
fov0,3261,15486.344877344878,4517.484848484848,51.177026546814936,17.967367709960484,1.1407376202277437,693,0.9363444615997342,1,0.511633253303323
fov0,3262,15490.802653399669,15912.414593698175,41.271933034719765,19.729526242004262,0.038226119721430016,603,0.8783394985730731,1,0.054758919017700705
fov0,3263,15555.557628524046,16459.683250414593,165.69960983207605,27.20752720605006,-0.36314800075973636,2412,0.9864274180801248,1,0.40314805737506726
fov0,3264,15561.046245648931,4014.789656887121,184.46952683066002,64.5089158718169,-0.5752502193451919,2011,0.9368618918731658,1,0.5330630895841066
fov0,3265,15498.383064516129,11012.15927419355,31.374647690698232,28.3561514242624,-0.5542514104855675,496,0.42797226602523275,1,
fov0,3266,15509.202066590125,16067.519517795638,75.30228441056013,58.85358689186934,-0.8486123168642217,1742,0.6238245297027244,1,
fov0,3267,15559.048955613576,14994.892950391644,169.01204256730904,54.03724358058134,-0.5130975886129232,3064,0.9475106451995728,1,0.3196754166926787
fov0,3268,15510.168307086615,19077.228346456694,61.864487529267265,41.01566864310414,1.395404767206108,1016,0.7486263617155967,0,
fov0,3269,15518.0,10844.348648648649,41.86572646436453,14.029981391721812,-0.5242741080230576,370,0.9421759707924702,1,0.3317544826431227
fov0,3270,15586.355897435897,2400.9071794871793,200.46681724764474,41.93585402355456,0.12392557045593203,1950,0.9778748004732812,1,0.5223858307153051
fov0,3271,15677.054550292709,8316.19930814263,491.20465871425085,153.00108495619378,0.9136244928325371,7516,0.9502522692849624,-1,0.8570441912233229
fov0,3272,15518.15873015873,19563.925925925927,27.685010690875927,17.615275887334718,-0.46315704023770354,378,0.7714624563556215,1,
fov0,3273,15525.18913857678,3932.256554307116,61.46349916619945,27.016960317798585,0.9254009673073631,534,0.8982127153795554,1,0.6219967903843011
fov0,3274,15520.924242424242,9173.113636363636,35.20590248331484,12.025374329481808,1.036259698882909,264,0.939855364867013,1,1.0683299160110933
fov0,3275,15519.690322580645,16022.974193548387,19.99268288911999,10.8139318497083,-0.29465713162387186,155,0.8410904586509925,1,
fov0,3276,15532.059121621622,17950.5,51.56070129749666,32.240737939430964,0.09054573856300044,592,0.7803870827527932,1,
fov0,3277,15544.743932038835,15326.902508090614,131.7941740889035,50.02905921950093,-1.5131448097020301,2472,0.9251507408898126,1,0.6382540046363344
fov0,3278,15536.95614871306,16335.758817921831,58.24028802105148,31.176358727466717,-0.40617840460910126,1049,0.8446583906424519,1,
fov0,3279,15537.949245541839,20280.899176954732,81.94447251246402,46.75705212293414,-1.3492683844039022,1458,0.8212320624348811,1,
fov0,3280,15539.41592039801,988.1990049751244,47.65636421871571,35.800897910556365,-1.170381039802592,1005,0.6600403421127411,1,
fov0,3281,15842.41217928413,16248.806461830853,769.4335692078265,192.43190930399223,0.7418346554858495,25256,0.9682211614163662,-1,0.3672564372020371
fov0,3282,15559.33885209713,4359.991169977925,41.888629800967585,35.08361045242783,-0.586260259919076,906,0.5463684221496242,1,
fov0,3283,15570.10068846816,1071.3803786574872,59.15282736163824,26.251288910184208,-0.17018709682827216,1162,0.8961320225086142,1,0.46468450782286136
fov0,3284,15575.17967599411,2350.2525773195875,71.32472970242495,31.15470002903126,0.4354237183020283,1358,0.8995582518323353,0,0.5293117833130976
fov0,3285,15560.993963782696,11243.098591549297,27.857734627142737,24.02345790822134,0.6563801033664024,497,0.5062918126912265,1,
fov0,3286,15580.171896316508,19603.69304229195,79.0217534303744,18.565753162409898,0.5582574392508091,733,0.9720087049390761,1,0.46183245806171225
fov0,3287,15577.697495183043,11307.682080924855,39.83891560123237,17.97555387014145,-0.35505782121735824,519,0.8924198751212468,1,0.4690326806369246
fov0,3288,15651.118635170604,20524.262204724408,200.60074060422082,85.90434661127661,0.6704366256836546,3810,0.9036671993042722,1,0.5863062080145807
fov0,3289,15632.744047619048,8424.368716931216,163.96821308998796,50.03946149865545,-0.8076492478201628,3024,0.9522953845192079,0,0.6173602337894093
fov0,3290,15638.599610009749,19759.424276893078,162.60486288721262,116.52402930773505,1.0720804607002892,6154,0.6974756170541411,-2,
fov0,3291,15586.570731707317,20467.331707317073,23.19614837672976,12.648363681365582,0.40318058191556944,205,0.8382548723559455,1,
fov0,3292,15583.66985645933,2666.406698564593,31.870064358333853,9.427868193418357,-1.1658403248379607,209,0.9552430616929909,1,0.9359228431028725
fov0,3293,15683.388144938952,5508.574241827491,202.4187310343625,107.05238062440526,-0.3194444828849589,5078,0.848705352201843,1,
fov0,3294,15588.230088495575,20540.451327433628,15.737870043983182,9.42041534327222,0.47767644612667864,113,0.8010610824089182,1,
fov0,3295,15624.964720496895,4445.534161490683,217.20095532377184,76.43692376357295,1.4750692782208659,4025,0.936030837024534,0,0.6216156395423196
fov0,3296,15598.718253968254,20570.384920634922,31.187636813454827,13.066683339477493,-0.0475499790440445,252,0.9080000892652037,1,0.5034568811234024
fov0,3297,15610.344385026738,16335.948663101604,52.0230248066052,33.60562204250378,-0.5142514121923768,935,0.763357774968344,0,
fov0,3298,15673.235158380532,6587.632263478078,171.1352065339815,91.6767799697641,-0.3770106004870949,4767,0.844409676788829,-1,
fov0,3299,15621.652863436124,16652.636123348017,51.69720809676278,36.30595211344085,1.412655533142375,1135,0.7119001344821989,0,
fov0,3300,15616.484848484848,9774.483164983165,55.82403036557208,20.026398361953152,1.1561703772485508,594,0.9334369345731011,1,0.8568467762411891
fov0,3301,15622.605381165919,10153.390134529149,23.140794364815285,12.775681123525208,-0.45892852735412726,223,0.8337879583822303,1,
fov0,3302,15702.792790800531,15259.218487394957,173.5933100705494,83.89726689240013,-0.10575260475237683,4522,0.8754560098330747,1,0.39043108282098343
fov0,3303,15715.900867021832,15512.119502768202,338.75722468247596,170.27913555911198,0.7858245571613809,9573,0.8644851756604418,1,
fov0,3304,15626.49090909091,4006.2606060606063,18.943499406037812,11.594464938666176,1.5509625129482274,165,0.7908151401442376,1,
fov0,3305,15671.936507936507,6065.361904761905,102.80313034459618,17.32178169989298,-0.2689928135568446,945,0.9857025611429078,1,0.3840548896823068
fov0,3306,15641.982593559616,17492.165361183637,64.18345630844932,36.2567934242555,1.526433664874611,1149,0.8251640767206299,0,
fov0,3307,15662.07813570939,19913.472241261137,59.03565030807096,53.38404966056066,0.3988557910100114,1459,0.4269653114691888,0,
fov0,3308,15661.94591611479,8976.386313465784,53.45150049386587,32.98161992077428,-1.1812038380355505,906,0.7869331657520783,1,
fov0,3309,15654.989619377162,14538.051903114187,32.94559987171501,13.276773924775387,-0.763567567921174,289,0.9152040255393669,1,0.2339140803300117
fov0,3310,15662.655589123868,14496.836858006041,38.83399125867911,11.65785286542395,-0.12980850322545293,331,0.9538771833559072,1,0.21179083172830426
fov0,3311,15657.619047619048,15770.296703296703,25.842485452368816,13.657086465254794,0.06101681930372675,273,0.8489493710854062,1,
fov0,3312,15672.28483353884,17189.425400739827,87.40145138005275,20.443870098317834,-0.8976237682999125,811,0.9722588135726008,1,0.34742564649342556
fov0,3313,15801.901183309114,14870.931700228359,364.912393364409,49.560591019025395,-0.167455719092582,4817,0.9907342101289844,1,0.29756879273104925
fov0,3314,15657.534693877551,2365.342857142857,38.9415322253862,8.566180125939258,1.3626799768578315,245,0.9755054136800966,1,0.4201827703984047
fov0,3315,15727.404278074866,1919.7788235294117,169.72839258998835,83.34765613726213,0.6353136764240326,4675,0.8711229901519167,-1,0.3037207601393881
fov0,3316,15667.08875739645,2121.9112426035504,15.116249788581507,14.319417477106809,-0.6547523437106859,169,0.32038808080939984,1,
fov0,3317,15680.14247311828,8333.048387096775,51.36490032934943,10.346410807963752,-1.1006804265230454,372,0.9795029965843242,1,0.7109335160237177
fov0,3318,15699.91495601173,15112.847507331378,55.17513054137257,8.45360988871376,-0.33562575739301087,341,0.9881930119645642,1,0.28361697715011497
fov0,3319,15694.79457364341,18564.841085271317,55.19408307571026,17.140748209966578,1.0167765673776923,516,0.9505557098642722,1,0.2610547055088063
fov0,3320,15712.639774859286,10491.295184490307,70.42898103635252,67.96909582431168,-1.3029273415793021,1599,0.261981752766749,0,
fov0,3321,15700.731343283582,17990.44776119403,54.29853951343248,29.424707391991035,0.4968842037944315,871,0.8404390676999136,1,
fov0,3322,15697.694174757282,3631.1990291262136,18.9550541188679,14.113717292742114,-1.409640284216384,206,0.6675236401760655,1,
fov0,3323,15705.402843601896,15030.24644549763,29.34450866490638,10.178257240047879,-0.7397083618987295,211,0.9379191718147026,1,0.4006805754516952
fov0,3324,15733.003921568628,2505.6834733893556,103.75827226443643,39.09840012080676,0.7112230225709683,1785,0.9262856886784516,0,0.5225386664503148
fov0,3325,15735.298681148177,4388.8463925523665,95.82215049225407,68.16946177194966,-1.3822010579784998,2578,0.7027706035857479,0,
fov0,3326,15718.89534883721,19835.982558139534,40.19485122132915,16.57704705633926,-1.1133126608226893,344,0.9109951001013802,1,0.9202665019297072
fov0,3327,15859.401799233989,18722.32813752561,509.7684447687263,92.71160694129273,0.7325828844557972,11227,0.9833225762214733,-1,0.22389685082382604
fov0,3328,15748.392666666667,4961.272,71.26838525171252,50.95057597812193,0.4443852671665452,1500,0.6992151259999299,0,
fov0,3329,15737.85989010989,9153.671703296703,61.51520781544863,21.35454236200709,-1.131412813140808,728,0.9378123971363012,1,0.6154592984488279
fov0,3330,15743.027842227379,14459.00464037123,40.91600622730542,17.000134640515412,-0.5275216980279479,431,0.9095983801689225,1,0.24657299188694734
fov0,3331,15775.423513694055,17576.881540859496,172.17616914960314,110.80926127949802,-1.1235690632256063,4491,0.7653782522516387,1,
fov0,3332,15732.757009345794,15043.626168224298,15.090484721653336,9.948151349430315,0.8772927152801415,107,0.7519383897034609,1,
fov0,3333,15735.624390243902,14492.624390243902,22.327356552153788,13.689193385444447,-0.3669524001581497,205,0.7899951922476012,1,
fov0,3334,15798.551845342707,2268.5301698886938,203.05147113529813,74.06442257489942,1.1705643190064003,1707,0.9311027940890203,1,0.2969385857028989
fov0,3335,15817.154097290238,6725.724616389161,264.818158272395,60.15927124733529,0.8890331827896286,6126,0.9738546510609141,0,0.4415489777276167
fov0,3336,15748.532110091743,10214.224770642202,29.996997690990902,11.821969077021636,-0.3773285734230924,218,0.9190653885804866,1,0.4397361978418095
fov0,3337,15752.25,10174.423780487805,36.52830936178193,15.241291993085671,0.3772829689388455,328,0.9087935695553,1,0.5511097462880582
fov0,3338,15788.99122952176,16662.25450934966,172.89836721316337,112.97260224954108,-1.228057807742437,6043,0.7570088008381137,-1,
fov0,3339,15749.95652173913,9597.67536231884,44.77250486176031,13.735881646786614,-1.402232486627354,345,0.9517763311220979,1,0.6957549752906774
fov0,3340,15756.072538860104,15027.80310880829,25.005074096583304,12.00131069044166,0.6838823432117282,193,0.8772931006489445,1,0.6041046382055137
fov0,3341,15873.67044649185,20135.666371367824,286.6116817885734,62.949068884385824,-0.1696671976732838,5644,0.9755828142729418,-2,0.42028879252363693
fov0,3342,15772.38042381433,1080.2532795156408,52.627314504063165,39.26731320284464,-0.038497141577261564,991,0.6657897462890582,0,
fov0,3343,15846.994258084012,15915.292837715322,220.61299776508943,38.548719382929654,0.14190945745786587,3309,0.9846155730785487,0,0.15518279487935135
fov0,3344,16135.294350343438,14585.578271658216,822.2019156367795,166.41995687291322,0.26571905864618384,27807,0.9793013548262173,-1,0.25578524071689007
fov0,3345,15826.465329512894,2106.3340974212033,141.63753751627254,77.02399387807814,0.7518280519913131,1745,0.8392079803330025,1,
fov0,3346,15773.921465968586,16898.403141361257,29.949986388406273,8.806577713105309,-0.361887464416175,191,0.955792254941194,1,0.20194778868610616
fov0,3347,15846.6745951417,14712.822368421053,142.26756368177914,90.00778400941189,-0.32102629111425546,3952,0.7744251566921415,-1,
fov0,3348,15801.008882309401,5239.896373056995,66.01436012215483,36.348109505901796,0.2620298929952654,1351,0.8347631904319125,1,
fov0,3349,15829.593632958802,9581.449126092384,134.58221656158858,97.52960871810974,1.3445473902435974,3204,0.6890811130671485,0,
fov0,3350,15786.81935483871,2281.3612903225808,24.587795966385176,8.279239373509046,1.4410646496906674,155,0.9416042884269362,1,0.3727785968013639
fov0,3351,15800.283544303797,8902.33670886076,32.15829843586148,18.5354733203268,-0.024804084300883655,395,0.8171801938396808,1,
fov0,3352,15812.16,20585.04,57.583852443927626,47.820282353648196,1.153385370051984,1125,0.5570990675652286,0,
fov0,3354,15807.270531400965,5089.285024154589,17.46065925342843,15.229562911276332,0.4179677120407805,207,0.4891110347953666,1,
fov0,3355,15856.96768707483,16896.69557823129,173.15147918579123,24.77316650910557,-0.7487045023895742,1764,0.9897122510547628,1,0.2556151835011485
fov0,3356,15842.114097363083,15415.610547667342,85.15554325611208,71.1315084541436,-0.7014831810461457,1972,0.5497750994068195,0,
fov0,3357,15837.274233637118,6145.4092792046395,65.31480133007183,53.96539614806281,1.0589554533205823,1207,0.5633251162641234,1,
fov0,3358,15868.995544239338,19880.183959261616,128.1704210279509,93.67088938455703,-0.793591047328396,3142,0.6825586890721729,1,
fov0,3359,15837.700748129675,15958.142144638405,43.51132246231626,14.270323246418531,0.16707802384093057,401,0.9446888181942945,1,0.1486735421361797
fov0,3360,15849.858220211161,1158.025641025641,64.45902415256162,57.538621916015806,0.3080283659364791,1326,0.4507727642386592,0,
fov0,3361,15859.74031563845,15250.143472022955,82.4600147666864,15.669265360823676,-0.04668907922897353,697,0.9817797188208138,1,0.10556644841965158
fov0,3362,15903.66164088506,10472.558840806736,153.60536313253516,101.45420151793456,-0.2923491558189924,5107,0.7508383054079749,-2,
fov0,3363,15857.094452773614,5313.016491754123,55.769789117745226,42.50013164757594,0.09491939079613639,1334,0.6475020636962673,0,
fov0,3364,15873.615646258504,17493.591836734693,73.43261294803186,28.101063571975338,-0.10937032408175905,1470,0.9238816804759431,1,0.4184508705231928
fov0,3365,15853.480198019803,9657.019801980197,20.394897789387805,14.264681592150856,0.8654242243449738,202,0.7147069518499799,1,
fov0,3366,15964.521306818182,6580.431818181818,264.7840981507409,58.138716262970036,0.1029994525660972,4224,0.9755966871447113,1,0.22718958783755852
fov0,3367,15870.0582010582,6049.275132275132,25.23179879296785,10.01036311407659,0.2200799039106349,189,0.917932753739183,1,0.23995126227762675
fov0,3368,15876.335078534032,5349.387434554974,27.508316824813996,9.082237889915719,0.5097877583854569,191,0.943923813566159,1,0.3698078876293903
fov0,3369,15875.281690140846,2232.176056338028,23.762061411939996,8.071444140678475,1.0113613279055362,142,0.9405418701112871,1,0.28223643896626016
fov0,3370,15901.442125237192,10772.66413662239,59.6146470830376,25.96845454028986,0.03685930283475218,1054,0.9001377934858432,1,0.19503621402132618
fov0,3371,15897.95706371191,15459.37811634349,59.356503476583036,28.964508294780448,-0.2847775336277126,722,0.8728574310946663,1,0.3311187753590745
fov0,3372,15943.423469387755,6188.78,249.86216106507027,80.7650946895031,1.0339769761480473,4900,0.9463174988471713,0,0.47819086492466206
fov0,3373,15933.741379310344,18396.663993584603,123.65570613328403,53.818519907662285,0.4070159871990215,2494,0.9003199012774145,1,0.32816731382921466
fov0,3374,16041.573604060914,9164.085659898477,342.05409545454205,110.78464875815052,-0.16067078138448296,9456,0.9460980006541454,0,0.48483820417988494
fov0,3375,15886.13909774436,20351.748120300752,21.152022751826596,17.719312497312906,1.0902484302035336,266,0.5461115959582218,1,
fov0,3376,15974.324041387705,15604.878271454656,262.12727218897726,102.02595006215459,0.9340438427328249,8215,0.9211435802710167,-3,0.4695843061152125
fov0,3377,15913.964848484848,17565.361212121214,52.04296463612088,33.20776728430197,-1.0654338357991593,825,0.7699670093353055,1,
fov0,3378,15958.308337703198,1584.6048767697955,134.8288834848624,95.07143257918777,-0.07713168962383962,3814,0.7090814296948339,0,
fov0,3379,15917.25910931174,16065.307692307691,39.04229793049554,8.327838388194087,0.2450504455827344,247,0.976986100149863,1,0.12839370627151792
fov0,3380,15913.74705882353,15044.35294117647,29.35323554697367,7.823433366283874,-0.7473041796492872,170,0.9638274190436642,1,0.42392793578428883
fov0,3381,15953.31892411143,20020.410662824208,120.52416467761587,38.598572303967615,0.6373376794779927,2082,0.9473310783155855,0,0.6518761021425107
fov0,3382,15930.641379310346,6781.443678160919,41.84031110576878,15.136068216348528,0.33497949293815316,435,0.9322720273530626,1,0.21609733617811547
fov0,3383,15966.998147462024,2906.4497962208225,232.38057093687064,37.15394317885921,-0.9669011575374099,2699,0.9871358040156968,1,0.44027893546209657
fov0,3384,15966.774912891986,1246.3648083623693,124.96866425138535,71.90029103336629,0.9691186942206377,2870,0.8179097360772963,0,
fov0,3385,15978.303079416532,9307.633711507293,115.42376907923258,27.050820056616,-0.496374503402518,1234,0.9721496602042557,1,0.5001861321739893
fov0,3386,15971.976461655277,10273.728929384966,79.09468199731691,43.838604084601876,-0.12378007008807003,1317,0.8323470788434681,0,
fov0,3387,15948.578651685393,20953.893258426968,43.77384845153787,11.55428485000245,-1.2750896367535922,356,0.9645352540301487,1,0.8225769623628463
fov0,3388,15974.051673228347,15761.428641732284,91.176157141224,66.76463478837437,0.7414990246281951,2032,0.6810253902504471,0,
fov0,3389,16058.633448445979,18013.71238283177,358.33659009527344,20.552481600002572,0.763433108844192,2027,0.9983538332138099,1,0.5582997214103568
fov0,3390,15975.121636167922,19329.64513814137,191.1235129270011,46.38686687356308,-1.3815808079053287,2787,0.9700998335062707,-1,1.0811186006883877
fov0,3391,15986.338082901555,2930.6593264248704,90.97860520301806,13.74208734083059,-1.0663433033859877,772,0.9885265117640466,1,0.4561230366416452
fov0,3393,15976.344339622641,9255.88679245283,32.7001429194444,9.392610018840907,-1.2587882515781261,212,0.9578602860798855,1,0.7390209167077063
fov0,3394,15995.708074534161,2324.4751552795033,50.45421337530206,9.287950776192055,0.04125659672679167,322,0.9829100053423012,1,0.5283252588795959
fov0,3395,16046.69696969697,9563.8800332088,153.39111012214983,32.078903286142186,-0.8033839064017317,2409,0.9778875405942106,0,0.5668489002109801
fov0,3397,16020.26587537092,2608.682492581602,72.91162030401514,57.0444174346016,-1.318699723810477,1685,0.6228043946555007,0,
fov0,3398,16015.702265372169,3488.964401294498,43.521864098836645,11.2549592050608,-0.011112132545819844,309,0.9659832307297376,1,0.4249377190011447
fov0,3399,16035.588794926005,15227.385835095138,71.41554259097585,28.275624763834838,0.13945437179018183,946,0.9182802786624126,1,0.5278562888092553
fov0,3400,16041.427162367223,2288.6752655538694,73.84998995730948,44.510081720195544,-0.332627715211493,1318,0.7979607774072285,0,
fov0,3401,16262.548146865258,6784.565292691375,552.3245908613034,150.58047432217424,-0.2605517022633364,17322,0.9621188413145206,1,0.29130403352618706
fov0,3402,16060.901289461983,17328.57625611383,123.2139416544261,87.4831016351453,-1.3760794993382326,4498,0.7041918311295194,0,
fov0,3403,16050.566066066067,9405.764264264264,40.96063539315104,22.787307106991026,0.0321202568977195,666,0.830966732171556,1,
fov0,3404,16038.763779527559,3217.149606299213,22.54194386256131,7.870732816737641,-1.4526607273500582,127,0.9370633252397309,1,0.7159055187245681
fov0,3405,16049.530769230769,9287.592307692308,29.376558552561594,13.075115143289834,1.3134097296319382,260,0.895487487572415,1,1.001180170259461
fov0,3406,16117.45518025333,6344.019811627151,191.38433577306435,143.6473169806434,0.8789399532828919,6158,0.6607910885619623,-1,
fov0,3407,16071.365570599613,14436.233075435202,55.3439452378761,35.65086501496001,-0.9488605411594655,1034,0.7648830235820049,1,
fov0,3408,16054.2734375,13520.84375,35.306264738622346,11.175005867730556,-1.2878566444326138,256,0.9485870941139635,1,0.6851073269127825
fov0,3409,16095.185078909613,1713.8967001434721,90.61184664361976,13.040043692633454,0.003806681415551167,697,0.9895906310159778,1,0.33500893416386734
fov0,3410,16061.815642458101,15717.743016759776,20.80255197126358,11.792421434453269,0.7761546645142351,179,0.823804654371264,1,
fov0,3411,16069.395683453238,3534.798561151079,43.53390426491614,11.610166687411505,-1.2691119460843086,278,0.9637816656897947,1,0.8050053847741431
fov0,3412,16151.732621648462,9196.813803376366,291.4140963688813,37.86138352234325,-0.6799173773659396,4028,0.9915240910310233,1,0.5789129910660463
fov0,3413,16071.220125786163,3478.6792452830186,37.62652734363668,12.120428122044798,0.9425564913881105,318,0.9466972987324995,1,0.6966504593641398
fov0,3414,16116.70869367319,6183.487938097405,120.84768982983873,31.685092097521373,0.13619966062162056,2197,0.9650161897000196,1,0.28710256740555246
fov0,3415,16100.053067993367,4237.378109452737,77.06523938618285,10.893244939953933,0.34758751351072353,603,0.9899595488795571,1,0.5296237145530432
fov0,3416,16080.795811518325,15692.17277486911,24.30683513414051,10.584567081302607,0.2607599258246381,191,0.9002098188887461,1,0.21991817868005498
fov0,3417,16094.076923076924,18307.57264957265,18.42194127342913,8.443374007659703,0.5266806419828823,117,0.8887808160068952,1,0.3102506750607077
fov0,3418,16108.896174863388,18517.225409836065,42.06000682060921,25.881675150225863,1.4290263776295067,732,0.7882530785479174,1,
fov0,3419,16170.33746898263,9048.688762850054,156.93101206766934,25.378929618186902,0.20562344476398292,2821,0.9868366359626258,1,0.5178106602015211
fov0,3420,16110.866666666667,5832.022222222222,22.308567402126794,8.329683243311322,-0.9414078967643351,135,0.9276764963148579,1,0.708629651657665
fov0,3421,16169.575679647318,17376.405584129316,105.40139474746503,59.685843275449,0.6202598338771921,2722,0.8242185309420763,1,
fov0,3422,16138.560240963856,6449.370481927711,34.10818327816006,26.91292200759759,-1.1307134675762613,664,0.6143342537278657,1,
fov0,3423,16144.908366533864,3561.027888446215,23.18822618610743,16.159809859723726,0.3743749463015479,251,0.7171710362090759,1,
fov0,3424,16157.090829694323,4606.905676855895,69.35301724524595,44.0706253635855,-1.4871512942705567,1145,0.7721390457963662,0,
fov0,3425,16171.567849686848,5930.369519832985,70.10624304225239,9.718820691625819,0.33219265927835334,479,0.9903442602822432,1,0.36789452710619963
fov0,3426,16158.050047214354,17887.28517469311,42.53879170584343,32.468411566254694,1.2835958595855455,1059,0.6460844207189496,1,
fov0,3427,16149.505617977527,18398.6404494382,26.370948569085737,9.792721751537316,1.5165109959847043,178,0.92849493198835,1,0.43886159011194403
fov0,3428,16187.769844789356,1437.3028824833702,99.10611900881639,71.68783468094185,1.3331035947533825,2255,0.6904876486769363,0,
fov0,3429,16229.721257237386,4276.997518610422,180.31888206872657,15.785570208867355,0.24043167694456472,1209,0.9961607833820222,1,0.4333158304369184
fov0,3430,16223.320537428022,15064.460652591171,140.90795016759228,16.988499496924813,-0.1748342703693204,1042,0.9927054932408079,1,0.6009183853277741
fov0,3431,16171.62851782364,15148.444652908067,52.00358758323915,16.5864694774225,-1.3206801251563551,533,0.9477720268142205,1,0.8186042995183517
fov0,3432,16174.888888888889,6868.744107744108,29.01212122559115,14.969815250201545,0.13922300971310353,297,0.8565977039067607,1,
fov0,3433,16181.904903417533,1530.5482912332839,40.505172938497886,37.61822866858333,-0.10824773717077782,673,0.37076547086203626,0,
fov0,3434,16173.888888888889,6475.567901234568,21.195450239022133,11.186968120322511,-1.434170971458587,162,0.8493684051449704,1,
fov0,3435,16201.101553166069,2133.778972520908,62.41436192554687,17.57829868767311,0.5799026405485328,837,0.9595205324984281,1,0.5102285836664232
fov0,3436,16189.277227722772,3616.5643564356437,29.87912045236811,10.458860079856565,0.49559145325744025,202,0.9367350942078517,1,0.5212650241240474
fov0,3437,16196.27358490566,14541.509433962265,30.375145859981274,10.235002900135434,0.38479565529478155,212,0.941521393440569,1,0.3053741330721571
fov0,3438,16202.803497942386,17753.3683127572,95.95428121327946,30.355574287755942,-1.3953042935240163,1944,0.9486410244108736,1,0.7749892068799866
fov0,3439,16236.359498956159,7504.386221294363,114.49817521645055,75.40043559043656,0.40283557932385194,2395,0.7525548406519093,0,
fov0,3440,16203.051063829787,20336.236879432625,38.63587561697689,28.46190365794975,0.1840340734519326,705,0.6762520306678357,1,
fov0,3441,16257.853206147323,7086.39586645469,124.24634197674952,24.895897396700086,0.2092542705522883,1887,0.9797192155148401,1,0.17109067045490986
fov0,3442,16223.586419753086,18127.729517396183,197.54654934130411,46.36774224793289,1.2597699455301792,1782,0.9720634926134385,1,0.3182662785027066
fov0,3443,16252.827924850555,6969.280102476516,123.04804911628037,59.13235622100877,0.1568747360525803,2342,0.8769601321720042,0,0.17471299671869386
fov0,3444,16219.521739130434,8685.231884057972,19.56953955720331,10.538680531525845,-0.5237777374591573,138,0.8426097206339277,1,
fov0,3445,16239.104863221884,2752.0174772036476,67.91339616042441,45.52941005557029,0.5594750107218147,1316,0.741996309863035,0,
fov0,3446,16226.961352657005,15204.512077294687,32.21922846498802,9.627929052365062,1.3662931240661345,207,0.9543077509440646,1,1.3090527311013076
fov0,3447,16232.558333333332,14415.833333333334,28.080599326257033,16.721341896257805,0.7050229963756414,360,0.8033725975456785,1,
fov0,3448,16247.445676274945,20550.40133037694,45.50821270385765,42.681531296492196,1.2033299527987835,902,0.34694265116193884,0,
fov0,3449,16259.581508515816,3499.8540145985403,62.466114818085096,9.963900139091844,-0.3857548176119274,411,0.9871964933867341,1,0.46515179919363747
fov0,3450,16301.370574712644,18826.629425287356,163.07293178720658,29.520297201012323,0.7047681600488828,2175,0.9834784723540164,1,0.24598930190094517
fov0,3451,16308.561307901908,4744.022706630336,158.07163035187384,53.684361186021775,-0.30847339630319875,1101,0.9405625642399771,1,0.3444380770700765
fov0,3452,16245.598039215687,21610.264705882353,15.463929875290805,8.978395535049213,-0.384171840685829,102,0.814187200737858,1,
fov0,3453,16304.169739130435,17925.840347826088,173.13424996726948,33.55225500143405,0.606499669353737,2875,0.9810423858281005,1,0.6414219519865811
fov0,3454,16302.794387479762,17441.659111350964,145.81965213573255,108.55223893912638,-1.07705294007869,5559,0.667702689800447,0,
fov0,3455,16283.088592233009,9681.45995145631,91.68186169333624,77.52690448650998,-0.5852845069467094,2472,0.53380456839342,0,
fov0,3456,16256.5875,21659.675,25.620235954988527,8.7744520974653,-0.775415285302856,160,0.9395246398878154,1,0.7035610983486671
fov0,3457,16285.907259953161,9413.137236533958,113.77306444334184,75.04345836298931,1.13942974299841,2135,0.7516264969828313,0,
fov0,3458,16292.276559865093,6264.288364249578,84.6291156276158,21.66834269890589,0.8198610449071725,1186,0.9666664883423833,1,0.30615098518437983
fov0,3459,16266.968858131488,15202.792387543253,74.20763197435348,22.694824625021706,-1.5594839628468085,578,0.9520865496087986,1,0.7735580176078835
fov0,3460,16270.21181262729,15292.006109979633,73.69183159934897,33.95596173613091,-1.428498338590029,982,0.887512701656936,1,0.7306989541703236
fov0,3461,16293.979833926453,21147.695136417555,110.14090452766553,19.811808103008925,0.6643197209984256,843,0.9836891221207403,1,0.7248001884275816
fov0,3462,16283.382653061224,9049.711734693878,45.56378881290345,26.22165035672738,-0.4281418690549915,784,0.8178065685771552,1,
fov0,3463,16325.369165170556,20073.800718132854,147.93441945040416,100.30083584458757,-0.5099967598093211,4456,0.7350537999406381,-1,
fov0,3464,16274.784722222223,21619.465277777777,19.239770935556884,9.767484077872778,-0.7289677036209529,144,0.8615507012115005,1,
fov0,3465,16300.731274131274,20898.949034749035,60.845082636031414,46.622506290464536,-0.3710911556969467,1295,0.6425433072093336,0,
fov0,3466,16331.08547754034,1550.321412996075,90.87702453246126,67.0878479204038,0.20340563344607585,2293,0.6745526717843336,0,
fov0,3467,16298.140977443609,4203.588345864661,58.18095069649306,15.064032640475212,-1.0888514576524702,532,0.9658995950898936,1,0.5347093437099882
fov0,3468,16310.252525252525,1466.1505968778697,42.53965673879417,32.64983731935334,-0.0738958167847024,1089,0.6410306289968947,1,
fov0,3469,16340.789488966318,4883.771777003484,118.28788633762167,73.58507582851043,-0.559610981110584,3444,0.7829500079716113,-2,
fov0,3470,16301.6797752809,6686.337078651685,22.758213838799318,10.55954189639165,-0.04535328516004205,178,0.885841397756669,1,0.27323182168737303
fov0,3471,16311.762798634812,9835.716723549489,65.05650269390154,23.423823082572927,0.873843835458626,586,0.9329316478389589,1,0.7931083151711613
fov0,3472,16337.25682382134,18250.361042183624,107.88879343684974,10.489924102902556,0.6193306054293067,806,0.9952620324605378,1,0.2765722710247558
fov0,3473,16307.489795918367,21913.71137026239,28.963857012695396,19.08472895463575,1.522619021954066,343,0.7522171283792749,1,
fov0,3474,16326.924302788844,19896.729747675963,65.7504745075501,54.774316331867205,-1.2696787372305047,1506,0.5531774657012303,0,
fov0,3475,16327.882575757576,6869.253787878788,26.88939178876552,14.707668815766592,0.4732374253303862,264,0.8371527378159115,1,
fov0,3476,16338.194545454546,15171.678181818183,62.38696510251327,14.071129114395504,-0.5899912930835938,550,0.9742325242999514,1,0.5938441597117656
fov0,3477,16335.461159062885,7525.149815043156,138.76700447530612,27.533923970737057,1.5630354887189208,1622,0.9801174150103481,1,0.6965211288285129
fov0,3478,16392.489620938628,2126.202166064982,152.22457618788985,51.579153003144974,0.5569913874851707,2216,0.9408454842197544,1,0.4896168636783717
fov0,3479,16364.300489929232,20973.081654872072,78.3312428502756,60.38362037206126,-1.5189078066117148,1837,0.6369860838771293,0,
fov0,3480,16353.978213507626,4250.623093681917,38.658354791059246,16.505115342162895,-0.7210405992258586,459,0.9042760788633328,1,0.38502366044822756
fov0,3481,16360.952314165497,18918.410939691446,75.24963161555952,16.74794752369078,1.2284303761690418,713,0.9749178131095386,1,0.38138003010940696
fov0,3482,16383.773550724638,17576.117753623188,94.2578144734754,41.40488034794958,-0.591538841612549,1104,0.8983537917906284,0,0.3993189227360965
fov0,3483,16388.51972318339,6886.457439446367,88.81389806836432,75.4401954228254,-0.43888449677418484,1445,0.5277193276481719,0,
fov0,3484,16378.994252873563,1609.5149425287357,69.88348006462188,19.17807501798401,-0.8107403579740252,870,0.9616072770921618,1,0.5916988506276659
fov0,3485,16377.648192771085,17911.568674698796,37.29712058198374,15.276933798849067,-0.8509448969627285,415,0.9122648248195386,1,0.40052262217286005
fov0,3486,16443.094470889784,21045.07543024533,135.49311634862386,55.769012563747395,0.0564099081740759,2731,0.9113644503076188,0,0.6172286661938509
fov0,3487,16403.571960297766,8497.13523573201,64.84064767490568,37.15262330826256,-0.13388384340599846,806,0.8195668809184805,1,
fov0,3488,16406.36857142857,8344.98,34.619983153787786,28.76043397360022,-0.6825948687383963,350,0.5566507469859516,1,
fov0,3489,16425.165226781857,1660.8509719222461,66.93734476135334,44.5374517613075,0.41566323443156666,926,0.7465223853217501,1,
fov0,3490,16454.540294627383,4897.298960138648,138.6710693351796,23.975973816579803,-0.47373952298009325,2308,0.9849397055491582,1,0.38719226123318873
fov0,3491,16485.903910614525,19039.062197392923,171.0469770811821,104.00638961510329,0.24341863788941137,5370,0.7938930224496067,-1,
fov0,3492,16407.23092369478,21624.937751004018,41.418369233312916,19.70314494630344,1.479511803368676,498,0.8796020170178644,1,1.038953704658728
fov0,3493,16411.769759450173,14685.271477663231,34.00927361038808,17.7138871430871,0.8285056376402969,291,0.8536454000956918,1,
fov0,3494,16430.4923857868,6806.866751269035,77.59684603956447,17.971432672024545,0.6967652760442167,788,0.9728110923095254,1,0.34619991139040374
fov0,3495,16426.022556390977,18804.294903926482,64.37049971101328,42.446977513194845,-0.5393197323270538,1197,0.7517777050869277,1,
fov0,3496,16429.737577639753,5085.360248447205,88.89462004661131,24.78898306879834,0.4828361498422293,644,0.9603323233219918,1,0.43110867035842265
fov0,3497,16455.98875,9000.04375,103.08478550920556,14.276356206017148,0.015596235004744233,800,0.9903636363889206,1,0.14570382054651398
fov0,3498,16496.37227533461,7300.766156787763,301.4166863438608,71.7672367244411,0.696091492448288,5230,0.9712407067945598,-1,0.27347376425638464
fov0,3499,16456.34592445328,16566.44333996024,89.15231766627164,10.183878956705357,0.30198208156747247,503,0.9934543181335175,1,0.5453693656797097
fov0,3500,16427.237569060773,20364.806629834253,27.788909979249894,9.379597131514302,-0.8901244329959599,181,0.9413146896415266,1,0.17616499723556572
fov0,3501,16438.07275132275,8399.637566137566,60.10441022344883,20.177608594682376,1.1159829192279451,756,0.9419656447116801,1,0.33337661179221556
fov0,3502,16481.128038897892,7872.952188006483,98.65570739445576,35.1515889390128,-0.32844647950999895,1234,0.9343694463023718,1,0.6734825924565699
fov0,3503,16486.198404785642,18358.840478564307,150.64236836850785,9.996878235107522,0.6053191699548449,1003,0.9977956351628474,1,0.4450620363686616
fov0,3504,16475.717993079586,2757.2045847750865,94.27619348922751,65.42997353890092,-0.586568443193477,2312,0.7199515310243152,0,
fov0,3505,16486.772311212815,19354.12128146453,88.46097498524837,28.475020290784517,-0.07252222557744187,874,0.9467758554783142,1,0.5554515621200408
fov0,3506,16519.705902192243,1744.1116357504216,193.37890161677507,34.37655647784468,0.6374637316102525,2965,0.9840724477871053,1,0.4122983728586869
fov0,3507,16455.35625,20022.46875,25.87444164961113,9.163351969714414,-1.1179141316333867,160,0.9351898254475746,1,0.643879545116637
fov0,3508,16465.188442211056,2194.3366834170856,38.19844350505523,19.00448424928473,1.1248503589801222,398,0.867452586203489,1,0.7326042727911009
fov0,3509,16474.52276559865,20148.096964586846,56.47231095883256,27.90300549936767,-0.837557294029779,1186,0.8694047093192021,1,0.5538042552288653
fov0,3510,16647.012629161884,2329.519048116063,686.4228828368712,85.54535712331403,0.7020936615635129,9581,0.992203932537983,0,0.5674366828333288
fov0,3511,16476.678770949722,7055.251396648045,40.82404652442752,17.562270222139837,0.2980266306443381,358,0.9027363425709463,1,0.14689548384852644
fov0,3512,16476.877308707124,19937.428759894457,71.41800198002562,18.57713651161854,1.2767992591293384,758,0.9655767277714543,1,1.0369985830258206
fov0,3513,16497.99689440994,14835.378881987577,79.83947736286899,28.94627359536818,-0.19878810804790192,966,0.9319620266686203,1,0.38289007368513567
fov0,3514,16501.53625883228,8495.941613982894,138.6049947444065,64.26173477807757,1.2409588711064232,2689,0.8860277698742601,0,0.3769063776042968
fov0,3515,16492.641357027464,14108.278675282714,131.1122610307635,19.041485445002625,-1.179447198711025,1238,0.9893978635507562,1,0.7551979806790052
fov0,3516,16481.021857923497,2269.4863387978144,26.823041062394438,10.406500784312314,-1.3115779487196646,183,0.9216725426444535,1,0.9494668604709317
fov0,3517,16515.736486486487,16395.216966966967,99.5796888920342,40.31889045066,-0.9093408235186407,1332,0.9143650895081342,1,0.44277481598190394
fov0,3518,16553.370595382745,18021.844876468207,158.64115217359733,54.123179225329,-0.7768931066752957,2469,0.9400025792656388,1,0.504385966634025
fov0,3519,16526.967036780014,18857.24288688411,139.3418972932213,59.992747454483606,0.8898345784412824,2882,0.9025698305121335,1,0.26879084914702106
fov0,3520,16634.36248657678,4948.513661854194,336.5194173286501,136.38021202274606,-0.8232929031354995,8381,0.9141983729833884,-1,0.6900321487861873
fov0,3521,16531.936881188118,19400.811881188118,69.79249572685823,39.53042885158846,-1.016670632514333,808,0.8241308761697684,1,
fov0,3522,16649.1524039354,8745.858548357157,279.8239249821334,97.56486655401447,-0.0069621543238723846,5387,0.9372473386784564,0,0.4894420279633014
fov0,3523,16526.99524714829,18155.672053231938,50.28298663593446,36.28445542063593,-1.0353960732112653,1052,0.6923049903049319,1,
fov0,3524,16558.828465215083,19995.962294211364,89.5911494383938,51.710085465331666,-0.016897200723890938,1883,0.8166180112594698,0,
fov0,3526,16522.639705882353,1817.735294117647,15.51770922042225,11.214602513997637,0.3037066736808522,136,0.6911649506769175,1,
fov0,3527,16662.94412823029,7183.397710173373,395.6212986921191,227.35880743925858,0.39764811336417477,15285,0.8183726037257399,-1,
fov0,3528,16724.842570754718,2305.4726415094337,569.0857534679375,46.15530061543514,0.6682720176094487,8480,0.9967056199417753,1,0.5564372613870399
fov0,3529,16583.594913948113,9288.479835602364,151.89269059778366,98.98855349792763,-0.7110519143381411,3893,0.7584763431671822,0,
fov0,3530,16594.28858162355,20395.971008028548,168.96055885158196,100.83172694144912,-0.8960532432345168,4484,0.8024073496654849,0,
fov0,3531,16538.10447761194,3694.4228855721394,20.51408121957651,12.75319449968753,-0.6538137505909022,201,0.7832713119199239,1,
fov0,3532,16573.64261517615,14099.59180216802,120.55101027204542,93.67482038706049,-1.5669605040841754,2952,0.629432138232122,0,
fov0,3533,16633.001606425703,20206.530522088353,156.25055570290064,45.861090902106206,-0.24147042504466087,2490,0.955956022184352,1,0.3686760725230976
fov0,3534,16578.24742268041,3530.0068728522338,38.34733778359467,12.707916120688642,0.04532027336279329,291,0.9434939367672893,1,0.3708416633831326
fov0,3535,16630.18631692807,1709.5868036776635,162.45474033237429,47.74531165459849,0.17427151268632626,3698,0.9558364316106044,0,0.37373704514343725
fov0,3536,16581.806392694063,17828.260273972603,81.53971757509817,21.964062926560263,-1.2260961328674556,1095,0.9630377585567342,1,0.5064331235923789
fov0,3537,16590.626373626375,20095.8001998002,54.984413135410385,30.42738995622159,-1.0132312603482985,1001,0.8329275193224555,0,
fov0,3538,16597.932270916335,18201.659760956176,54.910066117831,29.26626761392734,1.354276209694242,1255,0.8461243907181776,1,
fov0,3539,16693.844240450104,1830.398134438851,196.7532612180764,110.8109248137791,0.13277480346199783,6754,0.8263223890302736,-2,
fov0,3540,16645.299897645855,9076.139201637667,94.85994181398377,29.246665873404048,0.29340981507182856,977,0.9512845851124079,1,0.17329843850986779
fov0,3541,16671.345826235094,4730.886996024986,161.90441809455956,67.90567818904618,0.6813137565276467,3522,0.9077930806333628,0,0.4877509413292845
fov0,3542,16650.540925266905,16585.960854092526,99.51552486304105,29.794977216951068,-0.34155835606141777,1124,0.9541275937019783,0,0.3545930796966079
fov0,3543,16621.859459459458,3588.837837837838,30.418064610522052,8.39653924432218,0.3352766490283113,185,0.9611467460641434,1,0.30263796995129183
fov0,3544,16697.84075608493,18972.06913516313,148.29406107683596,88.21566135493227,0.025153863821112704,3862,0.8038220560385012,1,
fov0,3545,16652.786259541987,14254.762510602206,65.75859159933253,52.393592985157866,0.2186895043345922,1179,0.6043003335882713,0,
fov0,3546,16679.00640146319,2476.1792409693644,212.51637196587748,20.00413420373517,0.7845191821739851,2187,0.995559928557578,1,0.5959073581968988
fov0,3547,16642.35950413223,6663.952479338843,45.92800618224576,15.666519875487811,0.7006651891087867,484,0.9400232471487591,1,0.30583093641382375
fov0,3548,16651.75316455696,3494.8069620253164,22.46194576534021,18.059432290692914,-1.2853211902661135,316,0.5946276171122901,1,
fov0,3549,16670.367021276597,8347.864893617021,72.91165945113244,31.613827224944835,0.4087797119769491,940,0.9011098649599959,1,0.3465453876353348
fov0,3550,16653.36416184971,22242.86705202312,15.359481497834741,14.371401990400773,0.9925849724014635,173,0.3528769560073078,1,
fov0,3551,16673.055595153244,20510.5880256593,77.44722636667821,34.08923386481151,-1.0355281024146055,1403,0.8979189616130734,1,0.21990752913331602
fov0,3552,16670.16897347174,8449.592848904267,69.72409420061118,33.399676479494694,1.1544334268006387,1734,0.8778005364174298,1,0.34585078541283704
fov0,3553,16734.42242934456,17495.128833433555,165.54248305086236,136.20986023277288,0.06568572012904456,6652,0.5683178665706252,-1,
fov0,3554,16759.791857798165,8474.107368119267,244.4031308103799,125.79937214730771,-0.9321884348318746,6976,0.8573578658406183,0,
fov0,3555,16697.762170790105,20870.263367917,56.87652753126292,46.34304578576744,-0.01139922665718099,1253,0.5797408855502805,1,
fov0,3556,16693.537366548044,11061.953736654805,62.119754967297,20.576679581607586,0.8165903459826752,562,0.9435457886327423,1,0.7469438481807941
fov0,3557,16705.094449047225,14716.621375310688,60.72943227322826,49.23041576497637,0.009762730273829475,1207,0.5855287080378031,1,
fov0,3558,16716.46153846154,20958.0,96.50027344443102,46.74332587413895,-1.2356707741596822,1404,0.8748547084857559,1,0.5893683008456169
fov0,3559,16709.583629893237,2247.6512455516013,34.021310655401194,13.737547135739655,-0.34142873891007636,281,0.9148506363885016,1,0.5194578200088742
fov0,3560,16740.25211437777,16675.02738622634,150.06367575362188,48.38298217397574,-1.0297289033662145,2483,0.9465979606468643,0,0.5459575213131973
fov0,3561,16719.614533965247,8992.232227488152,30.638763734123582,26.510197114987488,0.8020553798886428,633,0.5013402574776145,1,
fov0,3562,16784.878672985782,5023.315639810427,135.0574784014064,19.557924304001848,0.4516397969555385,1055,0.9894592088380195,1,0.3734619973972133
fov0,3563,16736.12328767123,14130.157534246575,43.1525701154237,9.246047524030358,0.7424943685215648,292,0.9767757604792717,1,0.5495320828590834
fov0,3564,16748.683556405354,20382.423518164436,54.69819465175348,36.11425814540076,-1.3993443463461988,1046,0.7510495098722072,1,
fov0,3565,16751.509505703423,14282.16349809886,37.025068767550536,12.553168967340294,-0.05743445645099431,263,0.9407701127613941,1,0.34959681092814976
fov0,3566,16773.763276327634,6987.705670567057,94.63529866666151,32.03292029646355,0.5740780604079957,1111,0.9409706804583756,1,0.4724594139541097
fov0,3567,16756.24,8860.208888888888,64.21462308727823,24.206155915963393,0.4908583169152818,900,0.926230732788069,1,0.1966980423206658
fov0,3568,16806.605140186915,21908.669158878503,121.71701172502183,43.58519162753377,-0.22683992401921088,2140,0.9336885015475497,0,0.5871474434954991
fov0,3569,16761.18504901961,20515.783088235294,52.163127471920895,24.70178169546106,-0.7476272881239471,816,0.8807676309751464,1,0.5683479539399259
fov0,3570,16765.56388888889,4976.2555555555555,47.89687600387789,11.241842471568708,1.0758720991993536,360,0.9720656059210989,1,0.6399934637666044
fov0,3571,16767.39912280702,7265.289473684211,28.849458220653016,13.433198980855346,0.4734968198058397,228,0.8849790234256706,1,0.4537899678103747
fov0,3572,16772.003703703704,11136.314814814816,32.98371581358581,15.86702908051521,1.2675206059050228,270,0.8766896238011779,1,0.9316113593548795
fov0,3573,16788.09838998211,8744.581395348838,70.34313447169725,20.76009312814335,0.8169821257327041,559,0.9554583194932118,1,0.27079077029123694
fov0,3574,16892.734280452514,2691.7329650092083,325.0298920438862,22.734180771505656,0.7387470415830399,3801,0.9975508568742334,1,0.03505655340231837
fov0,3575,16844.12551159618,7154.328785811733,182.00865000066952,34.846994934391454,1.0387114248900935,2199,0.9815008254578637,1,0.7659686204836764
fov0,3577,16832.866804979254,21465.461410788383,153.0548504113545,50.43294407815673,-1.4547557854585746,2410,0.9441524492629103,1,1.0232006590359009
fov0,3578,16825.16129032258,2507.483870967742,23.186800995077117,17.249317695707507,0.755874061190984,310,0.6682594320180743,1,
fov0,3579,17030.04797979798,7559.15544332211,684.2380920368647,98.29583079839387,0.8744826806527867,14256,0.9896274884548611,-2,0.5532614017835622
fov0,3580,16857.19238095238,19694.196190476192,43.64330464732241,23.16196879505871,0.8416376513325385,525,0.8475530378952226,1,
fov0,3581,16864.015564202335,22407.645914396886,42.24705419459407,11.846351472641011,-0.058609139686721656,257,0.9598813242538554,1,0.5311441969269323
fov0,3582,16862.64092664093,7414.850707850708,40.510543522647566,26.38956972487746,1.1666686706453424,777,0.7587132699625798,1,
fov0,3583,16905.52907530982,14318.385128693993,108.99013803820885,14.227167264195652,0.13415706147839207,1049,0.9914435331338669,1,0.3732485002706158
fov0,3584,16893.97933579336,17901.90922509225,67.03811593812658,29.61487631003885,0.028653854959873933,1355,0.8971324007199084,1,0.3131436440771949
fov0,3585,16893.924012158055,20233.625126646402,49.47090675452509,33.55019779758825,0.19284591554636898,987,0.7348954940002912,1,
fov0,3586,16893.511244377813,20466.902548725637,40.188780781148076,24.448709834921296,-0.8871534832593986,667,0.7936714453399956,1,
fov0,3587,16912.023076923077,8906.811538461538,30.58845282074035,22.09526009193788,-0.3908825821950647,520,0.6915381856731132,1,
fov0,3588,16954.65715331138,9147.570801317233,116.57021431646744,72.0053673584076,-0.5790050055282489,2733,0.7864141927446661,0,
fov0,3589,16951.664604507292,20163.827220503757,89.65745429638736,65.29480743759503,-0.7837322295760796,2263,0.6852906263245574,0,
fov0,3590,16995.328540838178,2717.986846130315,220.50503555850744,23.87702103421106,0.7719720829892215,3269,0.9941200727119301,1,0.03097272868194788
fov0,3591,16972.232727272727,18010.276818181817,133.82050137967494,34.64556697932447,-0.6731015686588603,2200,0.9659052541676403,1,0.36495410180778115
fov0,3592,16929.802841918296,20057.56127886323,87.1280619492402,9.253349786632795,-1.2572409485205502,563,0.9943443607290194,1,0.7787454969734203
fov0,3593,16936.417258883248,1935.1269035532996,48.02072733346863,27.84733396176403,0.9386398485751773,985,0.8146859715772077,1,
fov0,3594,16961.947491248542,2549.890704006223,115.8447758409746,53.918878606466386,0.857644402106711,2571,0.8850790440532685,-1,0.04823999326859332
fov0,3595,16939.653846153848,10841.278846153846,12.722899069893966,10.599585465401763,-1.3664461105533412,104,0.5531060337104141,1,
fov0,3596,16948.24512534819,10914.84401114206,55.75289978000491,9.58942417841002,-1.1124349355009222,359,0.9850971831175429,1,0.816441576174623
fov0,3597,16980.14776032577,17803.553810354857,92.037183608813,35.394037708693446,-0.13364941290272322,1719,0.9230990095728675,1,0.2720971816920277
fov0,3598,16990.471884984025,8136.215654952077,121.61606385802939,94.57284101617037,0.7182774738170756,3130,0.6287166778952131,-1,
fov0,3599,17009.97400241838,16029.99072954454,157.58899587258824,92.64628562437666,0.33047915673033396,4962,0.8089349274198461,0,
fov0,3600,16966.543478260868,22339.726708074533,43.691687307823756,12.008176047675422,-0.14465456887731012,322,0.9614902856368477,1,0.5677565173629501
fov0,3601,17010.6831496063,17735.48692913386,138.09473761105883,75.05747138106604,-0.2607788811187494,3175,0.8393951876288042,1,
fov0,3602,16983.47272727273,17583.992727272725,37.805888101951034,10.8213713417163,0.09271016642942018,275,0.9581594230297483,1,0.35417746746768136
fov0,3603,17108.223018549746,2370.389629005059,378.4066875217564,116.5105034286801,0.7556153630237687,11860,0.9514195079416641,-1,0.05311833088857559
fov0,3604,17004.87285223368,11021.867124856815,86.13978522301647,36.26712844949674,-1.2687341099416605,873,0.9070483580128516,1,0.8816092541278066
fov0,3605,16985.063218390806,7247.091954022989,41.03041066435842,11.661231835323736,-1.2340373186859908,348,0.958762206865665,1,0.9414620252787993
fov0,3606,16989.52,17840.144,33.95641284524962,10.179187132721676,-0.9614322743841026,250,0.9540108247336132,1,0.4556715788138107
fov0,3607,17013.151679306608,20222.812026002168,77.77809011514391,59.25709571023145,1.557812256413785,1846,0.6477253915350564,0,
fov0,3608,17061.198542024013,7256.996140651801,183.9969336146088,84.76748573989359,-0.8813376048051091,2332,0.8875556417061455,1,0.8735405549374005
fov0,3609,17030.091087169443,15926.816846229187,57.49919554001866,28.355958858053267,0.5538075508763095,1021,0.8699420223916191,0,0.7013309374994896
fov0,3610,17016.67105263158,17681.17105263158,33.696739947918346,11.511112435185215,0.29298224987535443,228,0.9398421326913059,1,0.37757670920163666
fov0,3611,17031.839285714286,2005.6827731092437,43.25167109679828,30.09775070734631,0.6729139975521241,952,0.7181630558420165,1,
fov0,3612,17028.468513853903,18232.080604534007,28.294725847777656,18.229546936632772,-0.25963791436919453,397,0.7647950279770525,1,
fov0,3613,17036.144117647058,3815.288235294118,41.71459649159431,17.281619636473074,-0.5789300789989679,340,0.9101484290102536,1,0.4360610271431445
fov0,3614,17072.571347997742,20062.934574168077,111.51603669574546,21.508506201849045,-0.6949067912874819,1773,0.9812235989241785,1,0.623539413936773
fov0,3615,17047.319727891158,10409.897959183674,24.262251687173542,7.980638501455326,0.008044073361561314,147,0.9443535011932458,1,0.49287092873177557
fov0,3616,17078.417918454936,5276.643776824034,100.64573479819371,54.71931586773212,0.2032890031490913,1864,0.8392910310007577,1,
fov0,3617,17085.318125,20903.098125,90.22441382329602,58.454271338736504,-0.2494129879867884,1600,0.7617454485620592,1,
fov0,3618,17092.138422391858,2159.9954198473283,123.56775699351057,33.36605868860406,0.5868158956364576,1965,0.9628540488089828,0,0.10032571931737136
fov0,3619,17079.472919418757,7466.449801849406,198.34293977617924,35.540585122767546,1.2105802683732967,1514,0.983814933051486,1,0.6653117623432832
fov0,3620,17072.190903267136,19825.323510570146,66.58070484943083,34.54236380597358,-1.5589996324382867,1561,0.8548929618550896,0,
fov0,3621,17071.84686774942,5213.07192575406,32.165244110737774,19.589331043074154,-0.6739073944820482,431,0.7931535739586961,1,
fov0,3622,17088.50226244344,2080.8307692307694,61.63152563587966,26.69716033593666,0.7840587136770989,1105,0.9013104263388216,1,0.051158354473669135
fov0,3623,17127.56684132742,5085.410721483273,374.55778214616,91.55380089144693,1.5468965757212805,7443,0.9696665080932152,0,0.9174987022457075
fov0,3624,17087.794676806083,10392.38783269962,39.8025454164542,9.598369694084536,-0.5813329066713739,263,0.9704879436422822,1,0.4370457945247214
fov0,3625,17093.466076696164,19501.463126843657,52.51226681199411,12.114126094091205,-0.3831513462854234,339,0.9730269768971446,1,0.7172438052393777
fov0,3626,17095.464646464647,4971.616161616162,41.94658254867626,12.143051733233085,0.8562536021662489,297,0.9571815028879629,1,0.5594442649695024
fov0,3627,17091.25641025641,2535.324786324786,19.697714262835127,15.205559928744828,0.6463968103175911,234,0.6356888377163612,1,
fov0,3628,17102.21028037383,9227.873831775702,44.821580737518474,13.06519169800961,-0.8270549561946596,428,0.9565728619492685,1,0.3806158223686754
fov0,3629,17110.298230088494,18046.28053097345,54.46581048351625,44.84336941671572,0.25195189004744156,1130,0.5675620610272751,1,
fov0,3630,17134.74985787379,20258.023877202955,105.36001614580458,40.21274862977311,0.3086881275494769,1759,0.9242986932632794,1,0.6327476783233907
fov0,3631,17116.421163279607,17549.906797477226,101.82105845644081,45.66507194212199,0.9896510804820884,1427,0.893791075234034,1,0.6303957446970843
fov0,3632,17143.865110759492,5304.834651898735,195.61740525353187,51.88992412369864,-1.2218979411984696,2528,0.9641762850800158,1,0.9857785004633183
fov0,3633,17115.546686746988,2031.3448795180723,42.54362355159638,20.40507806384812,0.773461768302321,664,0.8774723762449572,1,0.04898205267358957
fov0,3634,17161.497742663658,7426.256772009029,208.2607756976645,50.19700874459119,1.1241707759295756,1772,0.9705177681083568,1,0.6330822005131923
fov0,3635,17115.685534591194,22500.767295597485,21.88900543450169,9.691215564505082,1.351629348551917,159,0.8966482952750415,1,0.40032311798117765
fov0,3636,17159.084703801946,21437.45269672856,170.62957367321155,140.91398611651636,-1.5315242596296568,5655,0.5638937022052232,0,
fov0,3637,17305.93651558984,5723.3069752491165,435.3298240796954,109.32054469264477,0.43313886332125723,12444,0.967955653176883,-2,0.45846208129286053
fov0,3638,17165.724069675376,20354.077197149643,163.3570418066074,34.038184740462796,1.3058135463233884,2526,0.9780507527314547,1,0.8985327452598553
fov0,3639,17146.9185520362,7604.497737556561,24.899052283962693,11.919933694572988,-0.2801686551024103,221,0.8779619509902077,1,0.6756101196943894
fov0,3640,17159.731927710844,18251.05421686747,38.17310067734013,12.986673697335167,0.45138055393309984,332,0.940351352023532,1,0.5120538232878932
fov0,3641,17164.459316037737,17450.955188679247,87.92107939677987,47.80320010829883,-1.2384327007834408,1696,0.8392758853491578,1,
fov0,3642,17157.290322580644,4500.637096774193,15.10609788224373,12.2222047766537,1.4090755565714268,124,0.5876836581392773,1,
fov0,3643,17159.91225626741,20515.72423398329,74.1580524719922,13.781052736690588,1.4452984431207383,718,0.9825812428432883,1,0.6187629192858822
fov0,3644,17166.232558139534,4300.031007751938,20.26677944953326,9.056508449374,0.5262118402749403,129,0.8946015504852511,1,0.4604418895125976
fov0,3645,17253.372061559276,4785.0142059868085,192.04675033638313,104.77181803196197,0.14045092242170257,5913,0.838075858400957,-1,
fov0,3646,17208.963491158014,2887.8562464346833,95.0011415205669,24.66766895416,0.6904995917750133,1753,0.9657010274393608,1,0.5701060408912505
fov0,3647,17187.152908067543,19969.160412757974,43.12127467254913,32.4518212865103,-1.1058551702248731,1066,0.6585111031965207,1,
fov0,3648,17181.777777777777,19473.76851851852,14.800872798419972,9.46874186459163,-0.5336542660085647,108,0.7685896234614641,1,
fov0,3650,17227.642424242425,19862.156666666666,186.73678635713534,43.82904347839317,1.2142808573804171,3300,0.9720653703819939,0,0.8335792769181088
fov0,3651,17211.334029227557,4486.58872651357,63.53688644278874,9.890869710839759,-0.8183892012249493,479,0.9878089118623355,1,0.571321299236663
fov0,3652,17212.51776103337,20551.471474703983,50.80297633594895,38.855861301450474,-1.0962714495535677,929,0.6442269938032346,0,
fov0,3653,17228.629080118695,7589.6904055390705,87.2260054330081,23.086382993315038,-0.9664533363506396,1011,0.9643381747779632,1,0.9941504265964117
fov0,3654,17215.665293511844,20051.518022657056,71.93683649274917,20.13605576413588,-1.5050903122847323,971,0.9600253705160962,1,1.2609130109111695
fov0,3655,17215.351598173515,22020.155251141554,30.711278309941886,10.217136122587565,-1.270729723528241,219,0.9430385339887846,1,0.38207460174347224
fov0,3656,17216.655172413793,9024.971264367816,16.984871342745503,13.158216693122952,-0.9567600451464064,174,0.6323262980326048,1,
fov0,3657,17257.54685264664,15588.305078683834,142.08996852567384,60.9415004907249,-1.0017535593301066,2796,0.9033549384698526,0,0.662634834189782
fov0,3658,17250.792521994135,2534.458211143695,62.20751722877351,56.19870131135278,0.7872639570395302,1364,0.4287842622479103,1,
fov0,3659,17324.75682986205,15121.608060589668,387.2896358535623,57.91943551906359,1.0607519891693,7394,0.9887540587085561,0,0.874138417014072
fov0,3660,17244.57980456026,18927.612377850164,23.840390753779513,16.59508826436844,-1.5234048861063367,307,0.7179532862342515,1,
fov0,3661,17241.122807017542,20054.71052631579,17.57904409380355,8.591637570402662,1.3644626773897488,114,0.8724277179142422,1,0.8846667033992962
fov0,3662,17259.255434782608,4651.907608695652,29.901917577938605,8.235607484831224,-0.12230678304429073,184,0.9613237906042771,1,0.3517294080204572
fov0,3663,17259.95238095238,7196.259259259259,35.933142514185334,20.156727462298406,0.9878863944147404,567,0.8278490951530693,1,
fov0,3664,17268.98396793587,22549.244488977954,60.346094127915585,11.646153969613877,0.8244904421413092,499,0.9812008498059855,1,0.38068353792189175
fov0,3665,17305.754231052244,7587.2913907284765,238.34506314144235,98.60935451280437,1.529982116964451,2718,0.9104018201736503,1,0.7894248351016816
fov0,3666,17271.81566380134,19067.33428844317,47.29200395964809,32.22633713539703,-1.508057037129526,1047,0.7318804016961828,1,
fov0,3667,17266.43498817967,22450.345153664304,26.568241736301562,20.760111579398217,-0.33852730785938473,423,0.6240452087434979,1,
fov0,3668,17266.852,12253.276,34.67159831517179,10.233620584689332,-1.3689487528526492,250,0.9554482707169292,1,1.0112384795863056
fov0,3669,17280.213725490197,20502.04705882353,56.59667690927792,32.66855042183221,1.216950622485558,1020,0.8165909704407354,1,
fov0,3670,17278.31679389313,22504.51526717557,36.78362211047948,11.591519085229642,1.259641688436461,262,0.949049451176675,1,0.45345039188295205
fov0,3671,17291.394378194207,7833.590289608177,78.17983263292813,37.04888892824862,1.5170819971678684,1174,0.880582341896623,0,0.6722674459085833
fov0,3672,17290.86902286902,5471.617463617464,63.69313529089604,13.459845613138281,1.3812433929117376,481,0.977416210782625,1,0.9549881449969834
fov0,3673,17298.360082304527,12159.555555555555,80.05455360394406,10.08403322967598,-1.104401353995519,486,0.9920347475242502,1,0.9088222240694528
fov0,3674,17411.35039543058,3472.248462214411,289.9807299012275,144.84361316168741,0.2786978660168342,9104,0.8663173888178798,-4,0.4711858863009252
fov0,3675,17303.241134751774,7904.414893617021,43.210071383240994,9.20142386001735,0.6342781110603121,282,0.9770639092790387,1,0.5163954174480481
fov0,3676,17291.81818181818,12341.877272727274,32.635257061848684,9.144650053787146,1.4972366884565769,220,0.9599393988350177,1,1.0058961233448145
fov0,3677,17310.96812080537,19182.421979865772,67.64865649774478,30.07823102637379,1.2541813919460147,1192,0.8957172010981622,0,1.1167653165550695
fov0,3678,17323.489940828404,5525.205917159763,58.15337326539372,25.030060835042846,-0.47247157981516275,845,0.9026313051074374,1,0.5240006118025331
fov0,3680,17311.95918367347,12310.666666666666,17.762088931642257,10.740429445369513,-0.9284468505107294,147,0.7964664001781947,1,
fov0,3681,17321.30443159923,19023.939627488762,92.68186636988538,28.36963495175588,-1.4516316274743994,1557,0.9520003509423863,1,0.7344177365548035
fov0,3682,17380.27893175074,9009.442729970326,128.54136063576115,41.13207257385538,-0.03291018100906365,1685,0.9474205980341714,0,0.23400940821965266
fov0,3683,17326.5503875969,2292.8372093023254,39.74914706480419,8.653872502593336,0.8293222420744686,258,0.9760130210064595,1,0.07484608088992684
fov0,3684,17389.230685188075,8737.685812392696,167.3058176492444,136.55466519080005,0.13517256199514888,6407,0.577772367237865,0,
fov0,3685,17387.31365447302,4019.4563563926113,150.08161914673707,55.815738942738946,0.09827356789760702,2761,0.9282717721793814,0,0.44917781009376856
fov0,3686,17353.678478824546,14654.356957649092,69.45706257587906,45.730557615592325,0.11844405482047536,1157,0.7526678659605028,1,
fov0,3687,17335.751121076235,20465.929372197308,53.39001432291767,26.90567462716957,0.7052445778060085,892,0.8637352655795146,1,
fov0,3688,17336.695175438595,22430.758771929824,48.19534220258876,16.120761934611057,1.1543101583546456,456,0.9424000219052283,1,0.42434497038158536
fov0,3689,17352.780986762937,21187.689530685922,47.8340440796302,29.98212521542498,-0.1527244077822498,831,0.7791844495983044,1,
fov0,3690,17349.352192362094,19113.550212164075,40.668904837862144,26.98542620655617,0.0535166431371879,707,0.7481412202543235,1,
fov0,3691,17398.58637037037,5321.508444444445,182.28914838675755,45.897226098315,-0.484374871595104,3375,0.9677838337932219,0,0.5094512009162613
fov0,3692,17348.154362416106,22241.81879194631,21.20869263954297,9.647277625996846,-0.4956255443192036,149,0.8905559322429836,1,0.6419526293461132
fov0,3693,17365.431593794077,8858.928067700987,63.948647903734326,26.46334068658723,-0.36145129054799063,709,0.9103579341525619,1,0.18902222146179268
fov0,3694,17347.668604651164,12176.302325581395,26.664162684317795,8.920218161813521,1.3773971166297176,172,0.9423816954768033,1,1.0541013575400728
fov0,3695,17446.24669845928,15127.314013206164,203.01253967103818,148.6832792896231,1.1603519798734816,5452,0.680891064441022,1,
fov0,3696,17361.81818181818,19857.24431818182,48.276340532719296,10.247041829549053,0.9794639942217058,352,0.9772136515893873,1,0.6341662391976451
fov0,3697,17358.58396946565,2550.7461832061067,35.602780957549285,21.30120078314817,1.3769242848711185,524,0.801270988109105,1,
fov0,3698,17353.37748344371,20111.175496688742,44.738835321623974,9.7848555868113,1.5202550697683441,302,0.9757897787508106,1,0.8267910631283074
fov0,3699,17399.58170713541,3824.6500819305825,375.08585930228986,114.27753164673864,-1.3046504987291592,6713,0.9524578685988001,-2,0.625817057027554
fov0,3700,17386.43793911007,7883.861046057767,59.97555559097913,47.22433172943257,-0.282274386308944,1281,0.6164513667357854,1,
fov0,3701,17368.931111111113,21324.29,62.805723429757336,20.042444302046416,1.1114342953093592,900,0.9477149499413167,1,0.7963481101498833
fov0,3703,17367.5249500998,7346.606786427145,33.01362291896766,19.578800930414562,1.3614063340176434,501,0.8051640303682076,1,
fov0,3704,17416.083913965464,5525.34353226295,139.21064239746704,89.73222422388133,-1.2110063797110546,3301,0.7645379082739548,0,
fov0,3705,17397.76789521779,21552.015229972585,117.27158402136963,76.80864987422433,1.5539845054633412,3283,0.7556601988426239,0,
fov0,3706,17405.66616766467,7801.136976047904,111.27417528961878,25.805555719081042,0.9845038958503767,1336,0.9727373291022751,1,0.20978926531703757
fov0,3707,17387.47265625,12086.09765625,35.03430119478802,10.487882961380945,-0.6380368180079127,256,0.9541401058804156,1,0.7653877705623915
fov0,3709,17398.917878528657,19004.57741659538,75.94507051223698,49.605065984216345,-1.3140181188923177,1169,0.7572110230944152,1,
fov0,3710,17451.92935278031,20878.00546946217,178.71329960326509,76.63135184651563,-0.49753129118377976,4388,0.9034018661399299,0,0.6629025694530938
fov0,3711,17400.628647214853,2582.259946949602,78.28621218804483,30.4293900323488,0.9820970898348803,1131,0.9213668565110541,0,0.6456048558407893
fov0,3712,17456.768099547513,21422.153280542985,168.76074774266138,42.83593758545454,0.7373911063190517,3536,0.9672497842090291,-1,0.5607677705882246
fov0,3713,17426.183406113538,12271.476855895196,59.11717374745594,40.929227199743195,0.3028956326419913,1145,0.7215707271234154,1,
fov0,3714,17421.896226415094,14321.583018867925,42.626129410447824,17.37701650840297,-0.17679847553198247,530,0.9131332843293551,1,0.3577556316629322
fov0,3715,17444.79986004199,4804.838348495451,88.1867450557014,45.93991369269831,0.19268289125852792,1429,0.8535939146662537,0,
fov0,3716,17418.23106060606,22568.647727272728,19.90533356369354,17.249463617031804,-0.7217614241234472,264,0.49904693207890327,1,
fov0,3717,17428.98148148148,4266.185185185185,24.05674854213969,13.410062523266921,0.9219679496680971,216,0.8302208954252408,1,
fov0,3718,17452.95441860465,14435.599069767442,80.93508363947497,20.23492498406064,0.4382751280111682,1075,0.9682421547154223,1,0.49757803852334864
fov0,3719,17456.199550128535,2614.7268637532134,161.11841046020075,49.86788498098786,-1.5692215595307706,3112,0.9508959337010469,0,1.1930382856637365
fov0,3720,17442.902821316613,21723.401253918495,43.5098449395394,11.595727218498824,-0.6778580631593459,319,0.9638326716849559,1,0.5719994764651113
fov0,3721,17487.019793459553,8903.504016064257,150.51991951996382,63.59472380707254,0.13547996645201332,3486,0.9063627449660393,0,0.3011046539741426
fov0,3722,17458.34354485777,4501.218818380744,42.51373313581401,15.241104307759997,-0.46396400639429813,457,0.9335303498297918,1,0.2769247612506825
fov0,3723,17447.785992217898,12129.66926070039,19.874200618783853,16.61032192728568,1.0391714791352145,257,0.5490749979731927,1,
fov0,3724,17455.774545454544,12560.105454545455,41.93778389120724,9.124501642735515,0.8628644014879104,275,0.9760441989201987,1,0.5984557760240573
fov0,3725,17456.929078014186,21575.709219858156,20.594839383617433,8.954224014833558,-0.9419724570913673,141,0.9005367078891683,1,0.8243405015323219
fov0,3726,17473.190697674418,4465.023255813953,24.408402685598443,13.9698122547462,-0.8458903543507844,215,0.8200190747239052,1,
fov0,3727,17498.272058823528,8991.585477941177,72.55168487991344,21.9386599990064,-0.3633735281315234,1088,0.9531853554100157,1,0.1892526410941177
fov0,3728,17529.96501196172,14384.292763157895,128.83450570115815,85.36979370893104,0.14434849135255376,3344,0.748945644270637,0,
fov0,3729,17502.559734513274,5019.752654867257,105.35441113725523,33.67139039558332,1.2018993662890738,2260,0.9475521665455278,1,0.6112893330180408
fov0,3730,17490.972972972973,5862.145945945946,28.566065235650054,8.894296327670823,0.30088222283109584,185,0.950292421308369,1,0.056128316478920505
fov0,3731,17559.64158125915,4992.9847730600295,210.6014280006716,38.546553468146826,0.832490458963001,3415,0.9831071744640856,1,0.4606421246000648
fov0,3732,17505.28653295129,12975.0,29.335720829498644,15.684346127156894,-0.3836433475235176,349,0.8450735285590026,1,
fov0,3733,17558.25984848485,7607.645454545454,152.42773110272634,128.29029683475417,-1.0346331879952857,3960,0.5400285481161637,-2,
fov0,3734,17553.51688009313,12303.594877764843,140.24059850539652,65.07731486042663,0.4057555092879036,3436,0.8858139937379002,1,0.4494613131993884
fov0,3736,17526.081419624217,13003.594989561587,41.70759269318138,17.687875296930176,-0.7021733780475068,479,0.905618899564474,1,0.5784244377228209
fov0,3737,17522.07063197026,22124.260223048328,38.31515950284656,9.669105098837875,-0.9310718478048556,269,0.9676341562536668,1,0.6865385193062175
fov0,3738,17534.339568345324,5862.372661870503,62.15530273897304,27.94075763659138,0.3922785210495307,695,0.8932645511422852,1,0.06375653502434915
fov0,3739,17535.573529411766,22748.083333333332,31.7949514047141,8.786192256071015,-0.16294964828801747,204,0.9610601605907956,1,0.562084435082296
fov0,3740,17574.694953104063,7449.74586869138,177.75914895511482,91.33444098819605,1.2641817726701694,2239,0.8579039635602036,0,
fov0,3741,17542.16719242902,5604.378548895899,39.113260317077454,11.189487221372135,-0.8421945781883075,317,0.9582059983141437,1,0.5282139247571302
fov0,3742,17545.09218436874,7925.605210420842,31.13495108223436,21.151072746400143,0.6863971538933834,499,0.7338279693065608,1,
fov0,3743,17550.247252747253,8821.968864468865,38.774818962591375,19.86445780830723,1.4111730218874785,546,0.8588047452679125,1,
fov0,3744,17587.827102803738,19953.846728971963,106.44209021431239,30.81098802794513,0.7380182326833313,2140,0.9571893705353332,1,0.3979058642285111
fov0,3745,17555.534090909092,13053.996212121212,35.213063617452875,19.231211815215005,1.4491688055098217,528,0.8376948576804147,1,
fov0,3746,17564.505639097744,7051.644736842105,32.03633764635693,25.745701403553454,-0.3939201362185496,532,0.5951149437586565,1,
fov0,3747,17578.094325153375,18125.085889570553,73.26511892130615,29.70982359157261,1.320856196598614,1304,0.9140900921498895,1,0.9003130767178776
fov0,3748,17600.07339449541,18501.66296475133,85.24544060449102,71.68486705813046,1.2928750761007501,2071,0.5411545103444327,0,
fov0,3749,17580.30769230769,19450.701923076922,14.589469426760324,10.109945168648613,0.7934673707887007,104,0.720974290281049,1,
fov0,3750,17651.764127764127,5790.521867321867,164.06163838450811,42.06705079137283,0.3812904865430306,2035,0.9665681004740505,1,0.3112169725448464
fov0,3751,17598.620253164558,5876.411392405063,35.74164262179889,14.657292262633202,0.16636227852103885,316,0.9120450345736185,1,0.11332492275360237
fov0,3752,17618.43307086614,12402.062992125984,57.3024336174165,18.927958019674563,0.4913507947180192,635,0.9438701150963418,1,0.3484100878184448
fov0,3753,17625.431396786156,12507.017923362175,81.1306403027069,48.40295757368613,0.6602926423550348,1618,0.8025349205640872,1,
fov0,3754,17630.456258411843,6753.794078061911,95.20939662721433,16.51644057655351,0.32066991257034627,743,0.9848382907898642,1,0.19290365410044172
fov0,3755,17618.27425614489,18577.027166882275,54.85381674380639,26.027675555567654,-1.5490943329736957,773,0.8802600278547258,1,1.0175524917949763
fov0,3756,17650.02543859649,7724.152192982456,140.0918267410976,36.221504230756565,1.002957877308641,2280,0.9659964198889335,1,0.46644369468208413
fov0,3757,17626.182888540032,14470.963108320251,85.82884466260009,40.17682711727057,-1.3995223493237479,1274,0.8836733715373788,0,0.6986569939213876
fov0,3758,17746.03872671263,5147.088602024351,410.5595032185849,136.10188950002117,-0.2986148720533411,6817,0.9434540085595648,1,0.34313219276927126
fov0,3759,17674.719489297786,3613.8524220803606,147.51581396189363,28.2304883546198,-0.11683047205300116,2663,0.9815174572566188,1,0.3182827053382264
fov0,3760,17670.252121482805,20342.478561857974,172.94538882587227,66.045322744224,0.9201381701052153,4478,0.9242096757159034,0,0.4041592666607119
fov0,3761,17634.97142857143,2814.2342857142858,42.64313670193465,21.923702632495107,-1.2688156235543047,700,0.8577180816110207,1,
fov0,3762,17654.719696969696,6734.037878787879,40.50664208968218,8.626512716117974,0.14902520912227799,264,0.9770597442643597,1,0.20370968755359428
fov0,3763,17815.70584450402,5945.995710455764,324.0885105392136,119.45021712920824,0.42272378477752914,9325,0.9295988782146996,0,0.07278107160119716
fov0,3764,17686.339781328847,6011.932716568545,126.73706922768143,25.960003571389283,0.4666166893376684,1189,0.9787968213855106,1,0.0806345510603672
fov0,3765,17661.05533596838,19508.31818181818,53.953166304670994,20.45924470181524,-1.0549738380102842,506,0.9253131858363629,1,0.49704270588396027
fov0,3766,17698.886102847428,7090.96770080748,128.94279796796997,60.308307971363135,0.9023043356378053,2353,0.8838800440256278,1,0.30978261077858543
fov0,3767,17664.84406779661,7141.674576271186,30.85920547081575,16.060443793105232,-0.38761395144686833,295,0.8538966829603774,1,
fov0,3768,17728.854788999524,12192.48826458037,255.92285132425002,150.5066660677838,1.0216714410867682,8436,0.8087926634449224,-1,
fov0,3769,17724.719743069643,4391.015212981744,198.98730192219824,31.690389066135303,-0.3991404769097416,2958,0.9872369413923912,0,0.643661425587018
fov0,3770,17664.18085106383,22465.709219858156,20.803143518485875,17.882750708167606,-1.2876418542494181,282,0.5109377487202446,1,
fov0,3771,17728.5358040201,21688.46645728643,391.7994348994485,131.04640506213227,0.9986713838715849,7960,0.9424052674891846,0,0.6724910072414929
fov0,3772,17680.550522648082,20521.211672473866,70.85687156530261,38.725816772980636,1.065180281198385,1148,0.8374357423774577,0,
fov0,3773,17831.73266230498,5263.250427780574,378.3857539096898,90.47336910567827,0.004872725207620559,9935,0.9709940794831102,0,0.40277619419048627
fov0,3774,17727.22871046229,4254.197891321979,110.6483063768319,23.016720033652927,0.6608180338376541,1233,0.9781252273993903,1,0.6058014471856967
fov0,3775,17722.259882869694,19543.734260614936,80.97198282383994,47.38049894794802,0.24960508574799928,1366,0.8109273636268144,0,
fov0,3776,17693.654970760235,11940.087719298246,26.580053639247836,9.56414716059176,-1.2202843384459954,171,0.9330201113602153,1,0.8980116182385338
fov0,3777,17720.338245614035,2935.6301754385963,72.32362128995352,51.30879859651874,1.1311156902677366,1425,0.7047723975739197,1,
fov0,3778,17718.945799457993,6663.655826558265,59.26848776227648,16.20107407464757,-0.10681284083676507,369,0.9619144835235791,1,0.3126111967842987
fov0,3779,17708.485265225932,7223.6699410609035,28.72989538643132,22.974442404838495,-1.5147494523729566,509,0.6004394254081444,1,
fov0,3780,17727.183879093198,18210.774139378675,54.26155413486601,37.09581984480474,-1.0198997909176475,1191,0.7298116103889379,1,
fov0,3781,17721.782422293676,3877.3440514469453,67.57655105515376,20.258605512379674,-0.6880084427285027,933,0.9540060025778128,1,0.4082484108734029
fov0,3782,17725.64719626168,4439.577102803738,46.373330584529086,31.442389016395957,1.103255670909294,856,0.7350366232471132,0,
fov0,3783,17780.62738179252,3598.442484121383,164.26473793433397,23.726356509711177,0.6702305322847845,1417,0.9895135980267681,1,0.5528029666102754
fov0,3784,17770.07158234661,8429.59418729817,190.0538434452567,57.847777935726384,0.9002161089104131,3716,0.9525520526838832,-1,0.48927362637036276
fov0,3785,17724.74375,4657.29375,18.054964270615187,11.58391191207914,-0.9228676399139867,160,0.767046495054623,1,
fov0,3786,17881.373786943095,4108.838001764447,638.6012443944621,263.47634563552623,-1.3760482071473414,18136,0.9109197789842864,1,0.823602143808181
fov0,3787,17864.456069868997,3879.225502183406,363.39677862999787,78.63887511325929,-0.8370458032757195,5725,0.9763049030121401,1,0.4022888346160456
fov0,3788,17747.37104072398,19973.31900452489,37.05832689274106,18.428009324576742,-0.5403269430305301,442,0.8675956094712082,1,0.5565923188516799
fov0,3789,17754.666666666668,7865.413793103448,36.7116895000654,9.415626414823079,0.979414987909134,261,0.9665508948608427,1,0.46196628177822624
fov0,3790,17773.826617826617,6715.376068376068,53.064864426182034,35.45061785041944,0.25649641126534345,819,0.7441056407799473,1,
fov0,3791,17818.475620188194,19639.625320786996,230.90300792629822,44.53622259418002,0.9210868657438174,2338,0.981222650379336,1,0.8752131905093752
fov0,3792,17809.356576862123,8371.874009508716,154.14531641381478,28.775341185083384,0.705842937153976,2524,0.9824213985642838,0,0.4272010949648818
fov0,3793,17773.875763747455,3652.061099796334,31.217412940894572,20.4676847275687,0.5700881348151254,491,0.7550652848492345,1,
fov0,3794,17771.986813186813,20003.373626373625,32.25105796366792,18.599479121363718,-0.7915925938764908,455,0.8169495674582786,1,
fov0,3795,17787.377978635992,7941.342645850452,97.5624340187473,25.672938492177273,1.3970116296424306,1217,0.9647566535535118,1,0.5818675390499961
fov0,3796,17789.29187817259,4243.799492385787,49.87686494781067,13.760741044351942,1.0612415721160193,394,0.9611879909763914,1,0.7203409245145281
fov0,3797,17796.8125,5073.1370192307695,43.877630542512925,13.112174159901503,0.3374529232087443,416,0.9543047781414447,1,0.23116618887051693
fov0,3798,17805.741635687733,6060.2425650557625,83.12695988418459,34.31024310500405,0.5467754795313152,1076,0.9108465869285596,1,0.29304162433195574
fov0,3799,17859.01547887778,21148.717510480492,164.81096719902183,63.58579855721052,-0.14324723861319977,3101,0.9225780577377065,-1,0.34420402408457956
fov0,3801,18214.934842134673,22396.329645152276,806.609144190869,266.7337418120309,0.3755916337164645,35790,0.9437411028854805,-5,0.32255754681373106
fov0,3802,17842.848484848484,20706.5564738292,69.90830848413796,33.69057278874023,-0.4681669234536214,726,0.876212382728175,1,0.5587759503045244
fov0,3803,17839.632047477746,19957.91988130564,43.41910810956509,20.45974444415885,0.25957459413172657,674,0.8820182647711904,1,0.5295511364879273
fov0,3804,17835.188449848025,7968.267477203647,39.58989174838938,13.775354068170763,-0.820484567118244,329,0.9375126116036299,1,0.9290972025732549
fov0,3805,17847.578014184397,21945.042553191488,38.256551182549714,9.887201238693562,0.7682112800124923,282,0.9660260655898404,1,0.47283109999030143
fov0,3806,17880.836487509463,20973.772899318697,97.91723201675087,93.31749960694796,-0.6410323054551161,2642,0.30289390960063645,0,
fov0,3807,17849.69523809524,19338.257142857143,25.87871872908826,12.741207040545007,-0.8952733966879558,210,0.8704012473209939,1,0.45624089454849176
fov0,3808,17977.47117662543,22721.180310608055,256.96893978309055,43.62008287623737,0.4036588169520116,3799,0.9854874219899912,0,0.4032323990429535
fov0,3809,17872.86502463054,12790.733497536945,93.00753204490691,52.45997469325677,-1.4397777074230498,2030,0.8257474200757081,0,
fov0,3810,17906.17477696675,7333.351581508516,160.78235577386187,35.776156048647685,0.8937223493407398,2466,0.9749297347776552,0,0.34651165228798164
fov0,3811,17904.3879863997,19213.014355874577,188.14154353914293,33.458546299517856,-0.9538835970827498,2647,0.9840599403636255,1,0.5214445873325722
fov0,3812,17878.591503267973,4484.531045751634,56.23760322048202,19.070035583565094,-1.0353894620010538,612,0.9407512030791088,1,0.9097569450675004
fov0,3813,17875.11111111111,20477.339869281044,37.2473917510529,11.963908994808737,1.1823992358736073,306,0.9470109574131461,1,0.5280046964547058
fov0,3814,17962.060031286663,12561.938013296833,279.610749631135,46.04048195344418,0.6935396294183549,5114,0.9863505200066076,0,0.4381607585841215
fov0,3815,17878.76762820513,4401.26282051282,78.9954496988231,16.752528836267334,1.3235782894497459,624,0.9772545775608701,1,0.7516881214154093
fov0,3816,17913.560583941606,5346.324087591241,80.69569101923732,35.48095710129129,0.029636549451550805,1370,0.8981503963987744,0,0.3968195620844165
fov0,3817,17957.309619238476,19228.484468937877,269.642652228514,27.22326251203972,-0.9441413027659028,3992,0.9948904328139988,1,0.7624137414793145
fov0,3818,17955.18468641785,7151.724124663332,157.9823040133559,41.79306182429721,0.10880414028626664,2599,0.9643739789984236,1,0.29734937074503465
fov0,3819,17901.62783171521,20741.880258899677,91.8323530363466,30.65819012524698,-1.3141200275076743,927,0.942626370912245,1,0.7910954644003044
fov0,3820,17959.952352590826,21328.62686122692,150.30550824363198,71.17069824205251,0.27325974592402624,3358,0.8807900980780277,0,0.21047085381116892
fov0,3821,17901.608695652172,22021.17874396135,30.94980192196835,9.081428111643357,0.33117278720236853,207,0.9559822705084621,1,0.3711550639173507
fov0,3822,17987.18239061991,4457.762675062425,227.64743217924396,189.6884338967559,1.090398540876175,9211,0.5528883902421858,-2,
fov0,3823,17922.271698113207,12601.954716981132,39.031898292109865,9.764336744959433,0.1882459504317518,265,0.968203735679311,1,0.3990050915793265
fov0,3824,18079.53370041807,12605.339145508311,495.1975954270402,61.70380221544994,0.7787702547121659,9807,0.9922065016986733,0,0.5428216206977494
fov0,3825,17927.176288659793,19650.89587628866,55.758147186188,52.807367905969926,-0.6533855139405544,970,0.3210006983969687,0,
fov0,3826,17961.21875,12178.989876760563,221.53739522252724,19.745380271611687,1.054892932577678,2272,0.9960201014349256,1,0.772390328913294
fov0,3827,17957.820473644002,21805.6653934301,76.3042099658546,31.95999779453324,0.22024661972875575,1309,0.9080555616826927,0,0.38266966469143504
fov0,3828,17941.319634703195,13960.02796803653,80.96076446446828,59.294710485823,1.4833836605715376,1752,0.6808872811260768,0,
fov0,3829,17941.919666666665,11979.373666666666,151.19858930508698,42.8194189816888,1.471376886700795,3000,0.9590609159881586,0,1.0044221880404323
fov0,3830,17948.572590011616,6003.390243902439,54.30199686929078,41.30469272329206,0.024020516082274287,861,0.6491648271804852,1,
fov0,3831,17957.91304347826,4775.344068706388,97.28353782571145,48.855303893081285,-1.4181437294203918,1863,0.8647544198220141,0,
fov0,3832,17960.29941291585,4113.076320939334,36.101504198443315,20.414856144295193,0.040990738795738356,511,0.824758635857635,1,
fov0,3833,18072.9993697479,12872.792647058823,209.37437288623423,79.1401480909776,0.1263841031215125,4760,0.9258121566677933,0,0.39702323690967084
fov0,3834,17957.69680851064,22169.787234042553,23.411719831888828,12.469302211662951,-0.6858738004034025,188,0.8463611639222097,1,
fov0,3835,17972.530726256984,12286.473264166001,99.73765644597495,56.39547818986001,1.3648324331625932,1253,0.8247906844067922,1,
fov0,3836,17978.217261904763,20698.29464285714,47.4292788529539,9.463473376642359,-0.012534699436668935,336,0.9798921071538673,1,0.48908296273278246
fov0,3837,17975.50985221675,20332.672413793105,40.51529050791774,20.141484005416288,0.6929028324534173,406,0.8676744068373246,1,0.4418042400006463
fov0,3838,18154.018483459546,6470.236697887604,469.3374547669583,255.9595223875811,-0.75405412602362,20072,0.8381996423149501,0,
fov0,3839,18014.121549636802,11880.661501210654,104.00415966733402,55.79882313734993,-0.1903193226148214,2065,0.8438967044453038,0,
fov0,3840,17982.58301158301,22124.196911196912,35.48093466330314,10.900836426434577,-0.9732617210128627,259,0.9516350283226772,1,0.6505269083442429
fov0,3841,17984.576419213972,19851.12227074236,50.43119511104382,12.694406066511506,-1.2799085629841713,458,0.9678007971365359,1,0.7899452850219923
fov0,3842,17995.78594771242,16801.179738562092,35.06191314700234,22.72139807217708,-0.5184362761162435,612,0.7616093136737261,1,
fov0,3843,17995.54954954955,19804.941441441442,24.911274103946106,13.516124654173598,1.0934904174039983,222,0.8400102120513456,1,
fov0,3844,18017.347790507363,18132.93576104746,137.1159049195887,44.242410943831274,1.2974751629215873,2444,0.9465134617119703,0,0.28600993631309546
fov0,3845,18089.277804759593,14592.572608062166,262.54527609569107,97.93146783063243,-0.5733032123109628,6177,0.927828157704664,0,0.486989169267107
fov0,3846,18011.915829145728,7477.574120603015,56.96601329920721,28.36479364435299,-0.2433891477328948,796,0.8672201816441834,1,0.5283046901336816
fov0,3847,18025.79180887372,22365.361774744026,61.90546741049061,19.332475918749473,-0.2158561503256584,586,0.9499867258686284,1,0.307379203476427
fov0,3848,18026.524256651017,14375.85289514867,55.143865611507586,17.723851079416203,0.10206155471866116,639,0.9469397542052324,1,0.23020428834469336
fov0,3849,18037.927724449462,12037.108413325805,103.62251288585927,46.54010338361666,-0.8430391618505907,1771,0.8934658173151983,0,0.7578863207196573
fov0,3850,18054.658263305322,20919.75700280112,135.07729642679035,82.27204163976403,-0.6013235834340277,1428,0.7931135552125516,1,
fov0,3851,18132.385136897003,14123.588005215124,239.74899028595908,41.65858711298177,0.1686703959475362,3835,0.9847881744773684,1,0.4149822606182853
fov0,3852,18029.401408450703,18834.798122065728,39.21129929281797,17.140532759080067,1.1285961790100032,426,0.8993971254342028,1,1.035645907741766
fov0,3853,18042.18573893042,14031.156411730879,95.306056092576,39.95919073444401,1.3592754158802942,1739,0.9078605213358343,-1,0.5310816838428264
fov0,3854,18056.909353905496,5921.073288331726,87.90874980774637,27.18053096108152,-0.5520629250297453,1037,0.951000194951989,1,0.5041398439779303
fov0,3855,18034.826666666668,19730.293333333335,21.532666307463753,9.87286818183346,1.3767278168464596,150,0.8886910368065157,1,1.0030811253461602
fov0,3856,18058.25925925926,12246.535185185185,79.34845972624538,13.40870433587042,-0.8836433825645177,540,0.9856186123629491,1,0.7736372342357404
fov0,3857,18056.108771929823,18796.329824561402,35.6303772047198,11.977129632049332,-0.476495769760275,285,0.9418086781808029,1,0.48213967366583715
fov0,3858,18128.295819490588,3354.515365448505,210.56244906257757,127.56802698199117,0.46786341399865117,7224,0.7955833530313965,0,
fov0,3859,18081.13268032057,12134.422974176314,63.62569000204936,28.399461972155184,-0.3635079130765399,1123,0.8948574076437102,1,0.6061741866295937
fov0,3860,18093.439238653,13654.711566617862,105.8769807807056,9.047529207025995,0.3376027610771105,683,0.9963421835629677,1,0.34519099003920894
fov0,3861,18076.343112244896,21974.386479591838,45.67840473950475,31.834804202524786,-1.295494946651237,784,0.7171358925782954,0,
fov0,3862,18114.919371196753,16237.485294117647,110.47990877005874,24.91863290114654,0.6551130100619935,1972,0.9742318249629385,1,0.5022097859030623
fov0,3863,18102.313473877177,21353.65261228231,69.9253279159769,38.87960502736852,0.9632899571500716,1091,0.8311715501076948,0,
fov0,3864,18101.46636085627,13003.252293577982,36.97421537641624,23.627186623034316,0.10175599918045909,654,0.7691918378508483,1,
fov0,3865,18124.54421148587,18887.764357338194,99.3072042900753,69.38361207401378,-0.37836478001974844,2194,0.7154377107847407,0,
fov0,3866,18127.970428015564,7410.11673151751,92.17107059852353,75.9626384028359,1.0824738041825552,2570,0.5663739487110211,0,
fov0,3867,18113.293216630198,20600.0,36.60241950167505,25.790584118478613,0.30500378207522044,457,0.7095906180354737,1,
fov0,3868,18111.628762541804,6696.010033444816,26.545701069589036,15.134027898725167,-0.027677745537841178,299,0.8215668477759477,1,
fov0,3869,18125.778135048233,3896.6934619506965,54.47161500234357,24.027519336666813,-0.9060619271078261,933,0.8974571483117971,1,0.13143261068196618
fov0,3870,18112.63716814159,14740.743362831858,36.741259292402304,13.016189420793044,-1.5393277714642741,339,0.9351445875374367,1,0.6708174749883076
fov0,3871,18171.10119047619,4325.0922619047615,127.05825962774222,34.26011930629732,0.12148991766125786,2016,0.9629609119107724,1,0.5026754651091144
fov0,3872,18125.1653418124,18785.91414944356,35.07687203275678,30.561707593688592,-0.7027356410281919,629,0.4907897847338346,1,
fov0,3873,18125.719844357976,20348.801556420232,31.852530624045578,12.131465022033124,-0.8348965799965855,257,0.9246312913077568,1,0.9580306279661797
fov0,3874,18142.835456475583,16971.646496815287,44.539498643864775,28.171901989600475,0.12498061815233644,942,0.7745480916212171,1,
fov0,3875,18143.868641699275,5283.101732811627,107.61521487780377,53.65289751846165,1.5515889386483004,1789,0.8668538253371828,0,0.7714296877070458
fov0,3876,18208.382059800664,6643.529145273331,251.54439569142016,37.991279197204584,-0.6518817149758085,3311,0.9885288583150317,1,0.6106880703051927
fov0,3877,18157.17325949367,13048.98259493671,49.42049182354166,39.200596951201696,0.19679258603736394,1264,0.6089542863792659,-1,
fov0,3878,18152.19512195122,14499.663414634146,23.18780427894387,12.257463015908055,-1.4542017415654789,205,0.8488605735540263,1,
fov0,3879,18177.030588235295,21355.832156862743,62.17852449606301,56.221472833799716,0.5598192275264775,1275,0.4271211897521741,0,
fov0,3880,18179.636758321274,3863.1273516642545,71.22681833233167,16.67270238369897,-0.9625849099261669,691,0.9722175795167692,1,0.4894937882899398
fov0,3881,18219.52096273292,14214.91847826087,103.6954301538383,20.01618113223758,0.6731106697334971,1288,0.9811931355116986,1,0.43779073201469304
fov0,3882,18264.34012276786,4644.399274553572,168.83174401585188,56.09099288188597,-0.6817731421685183,3584,0.9431983557463178,1,0.4816507313893259
fov0,3883,18180.72440944882,4869.850393700787,20.624804653745457,8.301694621957667,-1.381371521011501,127,0.9154154926737761,1,0.8366747600200108
fov0,3884,18201.1125,23326.2625,24.863259469221205,8.666794595822735,-0.06903644965525112,160,0.9372796360331209,1,0.2617444088377169
fov0,3885,18223.8062283737,20043.662053056516,89.83809313250788,15.005085833097503,0.8177942809291774,867,0.9859528902509983,1,0.8819445537913054
fov0,3886,18212.768545994066,14740.522255192878,29.877424752270024,17.165789849118468,0.620127646365523,337,0.8184761701123293,1,
fov0,3887,18240.884844473858,21154.690271343483,79.11757793870248,27.388592068560058,0.35236208898028765,1511,0.9381696566810356,1,0.44403898412866644
fov0,3888,18248.068160597573,6263.569561157797,65.27380456098095,45.11299612101107,-0.21898984149281964,1071,0.722725898985958,1,
fov0,3889,18231.911680911682,19916.165242165243,26.767474285809843,18.38928241751192,0.5339706777537754,351,0.7266564416070247,1,
fov0,3890,18237.981981981982,19488.86126126126,78.32847110873398,16.014592536569705,1.2923004599996892,555,0.9788761107640057,1,1.000880259918262
fov0,3891,18233.534965034964,19865.49300699301,35.36242028739055,15.480978854926992,-1.377431047567188,286,0.8990818725284908,1,1.1405772414345599
fov0,3892,18249.41402714932,3912.6798642533936,56.51235802763993,34.83481185250525,1.3807384777852765,884,0.78742496405221,1,
fov0,3893,18264.556397681677,4449.917521176995,130.86503095796698,53.649971760133084,0.9052654439432318,2243,0.9121016347363904,0,0.7377739740584977
fov0,3894,18267.191416893733,15203.672343324251,102.02468809313501,25.980807427008138,-0.8587516642001256,1468,0.9670327172621214,0,0.43389185215586734
fov0,3895,18242.855882352942,12773.370588235293,38.69335656046897,16.626353959112215,-1.204382307782661,340,0.9029739409125579,1,0.8383523450721189
fov0,3896,18273.134817303653,14164.708945821083,95.95608028219068,68.31759271849612,1.520200977209201,2381,0.7022126060687381,0,
fov0,3897,18249.85064935065,16263.46590909091,67.69952845229098,28.977078695159513,1.4765307298729757,616,0.9037669781208822,1,0.8320826591670721
fov0,3898,18378.85800283286,17940.28682719547,343.24414533728276,149.37926966294918,0.47109504516270945,11296,0.9003346249138345,-1,0.26819590627455564
fov0,3899,18301.73849372385,17807.357740585772,131.69030749443004,28.338549566463037,0.50811530606949,2868,0.9765720131663767,1,0.2683463976926678
fov0,3900,18298.17713295799,14413.980077955825,153.9375419953965,50.51763048689374,0.349554649415318,2309,0.9446187991283244,0,0.321497350294544
fov0,3901,18272.97037037037,20355.71216931217,60.77442430547577,47.61676400856641,0.4113328022265145,945,0.6213917314050248,1,
fov0,3902,18305.586451116244,20055.147652040032,273.2707784741742,86.92572723631882,1.520973197971386,6495,0.948059262356372,-2,1.0438175344299732
fov0,3903,18287.856553147576,7568.402476780186,54.35530042338214,40.39603090506152,-1.2054487561288783,969,0.6690862518106527,0,
fov0,3904,18311.92385444744,14050.956199460916,86.92062167182067,49.25036552264721,0.03381741921307097,1484,0.823983956583994,1,
fov0,3905,18285.147519582246,19694.94908616188,32.12808691574738,30.852161888972454,-0.7945852475404898,766,0.27901650732095257,1,
fov0,3906,18289.945205479453,22130.287671232876,21.45604725741437,9.483520133421115,0.2362932953661877,146,0.8970162615583442,1,0.31394245857345254
fov0,3907,18297.629310344826,7479.818965517241,30.043953258843576,24.811913008841252,-1.5627296502720336,580,0.5638842954555627,1,
fov0,3908,18300.071038251364,19749.428961748636,29.617335453619702,17.042747239082583,-1.0650550766215663,366,0.8178499919212976,1,
fov0,3909,18325.67081776671,3993.293897882939,103.27621801731927,67.87108065517988,-1.2895006429448308,2409,0.7537335389976793,0,
fov0,3910,18388.789824187534,21815.81273308471,233.94920417850904,47.01098963734332,-0.319640729104849,3754,0.9796024664199718,1,0.3986571861457256
fov0,3911,18315.12,21921.82,21.63851469420781,14.714954360396531,-0.11482025646612459,250,0.7331793488081452,1,
fov0,3912,18314.93233082707,6457.270676691729,18.29992112852205,9.453630322463134,0.8074217453421717,133,0.8562304539168454,1,
fov0,3913,18348.316213921902,15056.19142614601,142.52509545017233,51.55098817778943,-1.4707844487227415,2356,0.9322954627385812,1,0.5258836479353958
fov0,3914,18351.501644736843,11616.171052631578,69.17537972579362,32.96543197194556,0.6812851842024243,608,0.8791481158867345,1,0.6215955288480697
fov0,3915,18367.20841819416,22134.473183978276,81.14741349296565,34.37891964253144,-0.20998148572797268,1473,0.9058212501002937,1,0.5222450123876228
fov0,3916,18353.584905660377,4451.476415094339,44.70807125729829,25.455991773563404,1.4368149387532276,424,0.822072752059828,1,
fov0,3917,18512.344063064542,13212.44473640992,356.3864781384447,80.70775267159253,0.2927777877567059,6089,0.9740201589457479,1,0.2729080959083409
fov0,3918,18381.281948881788,18206.637380191693,96.63509057583322,33.77725958318887,1.3452996686125833,1252,0.9369236424089669,1,0.5088058399237795
fov0,3919,18440.06046511628,4704.102790697674,152.9000561467425,37.13540496956741,-0.44003377013418243,2150,0.9700579145488435,1,0.4169383299211813
fov0,3920,18387.430379746835,6335.957805907173,180.50091265009218,26.333123741233162,1.4575835628588425,2607,0.9893009438465388,1,1.0359125209081437
fov0,3921,18400.67640449438,20343.147191011238,57.72839302088724,37.682162925792014,-1.1318378542744538,890,0.7575740684197287,1,
fov0,3922,18414.705834018077,15562.10188989318,73.38985293009279,33.21127128053081,-0.1795941394250051,1217,0.8917480652930474,0,0.3019323249187203
fov0,3923,18415.072217502126,16300.628717077316,67.00929087840987,39.34000250999505,0.17414826657981833,1177,0.8095268859162944,1,
fov0,3924,18420.554521276597,14216.238031914894,66.01897730534355,23.006199343086767,-0.8700438982689283,752,0.9373167450558384,1,0.6317784938859048
fov0,3925,18486.30253353204,3706.090909090909,268.22478997844007,28.059030635604095,0.9462785968119922,3355,0.9945133082677775,1,0.6744868183935235
fov0,3926,18423.845070422536,23234.690140845072,52.478302301206526,9.206576714070696,0.6072571309433942,355,0.9844908607450982,1,0.49529809240327444
fov0,3927,18418.657534246577,22589.743639921722,26.991892258502983,24.24017369435804,0.4622309329843751,511,0.439885462851103,1,
fov0,3928,18425.58004158004,4321.185031185031,27.9362325114745,21.992197405021773,0.7397929883612477,481,0.6166614514838985,1,
fov0,3929,18449.4739039666,13736.64509394572,69.83745542022926,9.347503692578506,0.008288975965333737,479,0.9910020667799622,1,0.25604396987749767
fov0,3930,18450.273314866114,15849.500461680516,65.74728335931553,26.580489283617883,-0.525019555368199,1083,0.9146340786744093,1,0.5876313889706876
fov0,3931,18451.15873015873,5109.228571428572,48.246561936268854,8.919840361974662,-0.27566687960026426,315,0.9827610406624294,1,0.5486641208481376
fov0,3932,18491.128006872852,14531.155927835052,119.0092687964069,77.78407731552899,0.19256400236471707,2328,0.7568429311107334,1,
fov0,3933,18453.56704361874,15147.492730210017,37.29255705700424,28.267191320199508,-1.0402399729967762,619,0.6522722179490017,1,
fov0,3934,18526.060384263496,11286.672156145167,151.7733732828666,99.47397255624865,-0.5407603016272475,3279,0.7552722196052732,0,
fov0,3935,18491.73464566929,14601.728346456694,85.20951357753567,28.767845576268787,0.32938555864714775,1270,0.9412849803007889,1,0.5162593675979914
fov0,3936,18466.718132854578,3564.3644524236984,60.57051591910946,14.982073499789696,1.0958436607510345,557,0.968926381981658,1,0.7221338391029378
fov0,3937,18464.369181380418,14430.634028892457,39.322720021270115,20.434769132986006,-1.5164710428913153,623,0.8543681343750782,1,
fov0,3938,18476.178888888888,21937.683333333334,47.47553457892932,28.68730724016809,-1.1199093012606773,900,0.796791348235104,1,
fov0,3939,18478.29268292683,20294.477485928706,79.77368291925184,33.01026508739692,1.4494020513423838,1066,0.9103682995517149,0,0.9779151334316385
fov0,3940,18480.41554054054,20027.51858108108,35.536528100627194,28.0493358526223,-0.06722332230071,592,0.6139949304773924,1,
fov0,3941,18511.434037692747,14900.736721873216,102.15166606783082,33.616985985463806,0.5362364136754256,1751,0.9442989217355324,1,0.7718625668107805
fov0,3942,18489.242571255305,20146.907822922985,80.44074761000087,45.01373813403692,-1.4247875681828581,1649,0.8287704270293521,0,
fov0,3943,18486.444444444445,17995.37373737374,28.01571196720004,11.680393223618154,-0.08058833588342243,198,0.9089418328105198,1,0.4149926452338366
fov0,3944,18483.978723404256,7622.914893617021,32.91648554133554,19.183962055825024,1.2663078146637086,470,0.8126105240629985,1,
fov0,3945,18496.09578544061,17885.65134099617,46.9746796814314,9.685886497049287,0.18665536794159754,261,0.9785111790195578,1,0.31604175302781506
fov0,3946,18491.18181818182,22333.401515151516,44.64734035365922,21.947402152331314,1.3515955013176653,396,0.8708366860073816,1,0.9311006920071637
fov0,3947,18591.254200542004,15792.022764227642,262.4969142194364,75.41585119516733,-0.6070881519232115,5535,0.9578400922620282,1,0.6185624289968557
fov0,3948,18494.269406392694,19733.616438356163,27.992807625901904,11.522931170210615,-0.6804931571288878,219,0.911346991339256,1,0.4083743918993899
fov0,3949,18500.156040268455,18932.552013422817,53.24749856710953,17.270913576876218,-1.311017784172501,596,0.9459365795463696,1,0.7267933246443855
fov0,3950,18499.257936507936,11348.789682539682,30.512489939894312,11.128820399436538,-0.8633367529724175,252,0.9311133273919685,1,0.7575088567270971
fov0,3951,18547.037059175134,22225.877465630605,100.51393873180173,28.539289623596364,-0.10207582085791843,1673,0.9588439297922186,1,0.5707151331376688
fov0,3952,18537.047069271757,3609.172291296625,68.70367290332509,45.86014431685083,0.39215736550213404,1126,0.7446040213623236,0,
fov0,3953,18515.488958990536,6925.287066246056,22.560237389106792,18.054572604786458,-0.48118292571327437,317,0.5996225908209172,1,
fov0,3954,18576.0417302799,19715.35521628499,146.1167132160952,92.8586211434173,-0.15748394278453892,3930,0.7720927003644357,0,
fov0,3955,18545.27889972145,21874.491295264623,185.04896632557438,40.021119411008,-1.1628283550135512,2872,0.9763329005165532,1,0.9322998436276247
fov0,3956,18567.75305084746,5596.45779661017,262.1646982336342,90.02497382642801,-1.4551365229843984,5900,0.9391925703285435,-1,0.47281728038395937
fov0,3957,18540.51970669111,7656.104491292393,59.19274302881527,25.032586392668914,0.882793054751058,1091,0.9061765512283078,1,0.43824036964030116
fov0,3958,18533.895734597158,21946.42654028436,24.96738081477934,13.219615697038,1.2024380184260441,211,0.8483252480249212,1,
fov0,3959,18536.584710743802,22325.192148760332,39.42821292771576,18.44938735879647,-1.51937453145479,484,0.8837689737329834,1,0.9787184076126599
fov0,3960,18567.551215277777,7493.240451388889,114.51122122770424,60.11520751805016,-1.1816626766421146,2304,0.8511193754076458,-1,
fov0,3961,18556.828254847645,19816.1135734072,70.4244518777558,16.603097632571938,-0.43526097421638604,722,0.971811899628421,1,0.30126879266359263
fov0,3962,18556.631163708087,11359.147928994083,42.805317018497604,35.1973102326298,1.523548513683075,1014,0.569104923932617,1,
fov0,3963,18601.11161187699,17543.89925768823,146.24666018264884,84.82832881034625,0.1235645276435205,3772,0.8145908362952681,0,
fov0,3964,18547.227106227107,20149.534798534798,35.423068618954375,11.214641866810108,-1.4000797857961147,273,0.9485619811963074,1,1.144422308959653
fov0,3965,18594.536880290205,5405.461910519952,110.2635271504553,39.336751006672145,-0.7716737824027297,1654,0.9341990683998357,-1,0.6354193423083045
fov0,3966,18594.691302281368,6371.975760456274,155.20124793825065,86.57905096003209,-1.4271414817356105,4208,0.8299416409295302,0,
fov0,3967,18611.763677639046,4127.9191827468785,254.56411178573737,80.47498917573346,1.3724528319817753,4405,0.9487163569158346,0,0.6273498042083272
fov0,3968,18590.98366394399,12459.967327887982,54.63108774547841,36.65209718368136,0.6265212694552664,857,0.7415461709746431,1,
fov0,3969,18589.679785330947,21723.574239713773,47.42994423476555,17.38624813656128,0.4082634046491872,559,0.9303916916664152,1,0.5149971642469556
fov0,3970,18666.857762180018,20043.93063583815,216.49490694993293,78.92112418142524,0.04997405220672199,4844,0.9311876019168117,1,0.44077058091850563
fov0,3971,18601.56178608515,14870.921079958463,74.67555126181584,32.2315651385276,-1.3387135581791008,963,0.9020548635230191,1,0.6493451890175839
fov0,3972,18652.666845062886,6485.515921862457,192.25917552375094,97.15602466843336,-0.5381461698414763,3737,0.8629210150316976,1,
fov0,3973,18663.14188836724,11773.468440271257,146.53140059255534,24.110072913016023,0.08062560534722193,1917,0.9863706432970004,1,0.5208380094250795
fov0,3974,18603.62100456621,13674.52511415525,34.51712351648139,9.159897794755366,-0.5142824348515925,219,0.9641459426933588,1,0.4416158541782844
fov0,3975,18602.420245398775,21011.168711656443,43.265978543108986,12.75011351552727,-1.3118778151034418,326,0.9555924629516455,1,0.834389202091859
fov0,3976,18614.933177022274,6243.481828839391,88.04846597424239,22.951410205788253,-0.9294560037242425,853,0.9654285251297956,1,0.8162488701451149
fov0,3977,18624.301020408162,11406.537755102041,110.7407065060933,41.237426491063324,-0.996304619379585,1960,0.9280810664147437,0,0.8128904912494418
fov0,3978,18641.703079604882,11484.139453805927,73.43407398819375,55.50174482187068,-0.8360669169708882,1721,0.6547982644742784,0,
fov0,3979,18639.629360465115,22038.00581395349,68.4277695169541,49.87845671345281,1.4914073400506451,1376,0.6845975321263771,0,
fov0,3980,18653.145610278374,19890.498215560314,75.93862756399179,31.854065463870974,0.0833235082027658,1401,0.907768655489365,0,0.4368883783721441
fov0,3981,18691.04330512693,18703.088103534097,127.82197022226305,26.094326371741108,0.004739305104246222,2009,0.9789404817344904,0,0.5509002361487193
fov0,3982,18637.29702970297,12739.683168316831,22.819805561123005,18.599508087341313,0.19181777144136045,303,0.5793767207170453,1,
fov0,3983,18657.31592039801,13342.328358208955,77.72115285414637,29.75456658880977,0.8141591173611034,1206,0.923815728639557,1,0.3943769987729474
fov0,3984,18665.066707095208,21755.82171012735,100.63241727484477,30.75004555606644,0.8161435298855138,1649,0.9521702594589785,1,0.6005573319592812
fov0,3985,18682.773570324574,4113.004250386399,172.9697138049028,39.89114625532151,1.1543914762807923,2588,0.9730426986267934,1,0.6271595559237392
fov0,3986,18651.35798816568,18775.340236686392,50.41145588398511,27.11560111754037,-0.8700884827974608,1014,0.843017779330414,1,
fov0,3987,18637.79,11197.01,13.702497188137253,9.364527260310085,-1.1943927468781612,100,0.7300276926880708,1,
fov0,3988,18758.857789269554,12784.7906701142,402.5334917877009,106.7571268765726,0.9264270532387024,9282,0.96418984070825,1,0.6441774453831689
fov0,3989,18710.908571428572,23073.341714285714,185.50902186525036,26.705733275492243,-0.6656123408195938,1750,0.9895836216521607,1,0.37122254331704807
fov0,3990,18662.807568438002,11237.473429951691,71.77795375629867,23.112087779261913,1.4694092963751126,1242,0.9467416270626332,1,0.9195036479530471
fov0,3991,18722.084151931893,4238.997707924034,151.3404393848427,63.59181335086963,-1.0461511331866953,3054,0.9074359218622815,1,0.9864687561687392
fov0,3992,18714.425837320574,22466.523325358852,81.38581801463141,33.178987638542246,0.31379780906941546,1672,0.9131269633164876,0,0.5022342608040635
fov0,3993,18855.42866441031,16442.87438167144,441.72806428303556,79.92515366181867,0.211143054964597,7682,0.9834946038564409,1,0.4884925763325181
fov0,3994,18717.21848739496,19519.904761904763,40.61350907791747,17.33661839982562,0.560086206895904,357,0.9043138167711053,1,0.6478457696809635
fov0,3995,18726.417518248174,22584.008759124088,98.35137324604831,17.441315633039032,0.724242975760722,685,0.9841502259338706,1,0.6543877040048611
fov0,3996,18711.525925925926,21804.14814814815,33.23233672920167,12.716490645506562,1.447019066554006,270,0.9238916725629591,1,0.7309799991022528
fov0,3997,18774.480358373534,22417.67815299793,126.90991201508278,28.35603261407648,0.2026774362833999,1451,0.9747189826111594,0,0.4815070170230392
fov0,3998,18742.239852398525,22034.749077490775,52.87440001963128,24.418420526266388,0.9361498918805199,542,0.8869740115087013,1,0.5999484952933768
fov0,3999,18759.474860335195,5237.354189944134,73.89917305731608,35.504802358581976,-0.18054772744003772,895,0.8770225293775094,0,0.35660525554400996
fov0,4000,18752.469736842104,4310.990789473684,36.36160788277965,35.05824609123195,0.5089026054992858,760,0.2653376585864101,1,
fov0,4001,18757.391184573004,8270.628099173553,58.19009282303684,8.30121255795467,-0.31141017473631977,363,0.9897722146055611,1,0.43039757462982087
fov0,4002,18834.00832369942,13546.974104046243,222.597856722467,31.18208556239786,0.14238259590672817,4325,0.99013982163514,0,0.2870207302578116
fov0,4003,18776.441620879123,11194.294642857143,76.18799132443755,36.43029230745881,0.29246304598705364,1456,0.8782710128785752,1,0.527820974486284
fov0,4004,18830.399080947333,16363.634853305055,189.06115584463734,39.57046924360779,0.042868786582772704,2829,0.9778515111798527,1,0.47786203459485205
fov0,4005,18784.45789043336,23143.853638593624,79.36416271337332,20.898468048835923,-0.31285103653330726,1223,0.9647075249049076,1,0.2561290598067263
fov0,4006,18786.128158844764,19863.975330926594,88.83719765768305,52.97568746696386,0.7642892880657873,1662,0.8027443974036202,0,
fov0,4007,18772.437185929648,19015.96984924623,28.26612785470395,10.190329418480383,-1.042137535573754,199,0.9327538761768084,1,0.4945068539390199
fov0,4008,18773.972222222223,7953.2555555555555,16.704298770596875,13.907560165001247,1.4230090900382355,180,0.553914254201132,1,
fov0,4009,18813.34438627109,15444.734729493892,91.53299823630172,44.59543727757042,0.6542435361049302,1719,0.8732870048595248,0,0.6233693375703089
fov0,4010,18803.292883211678,6673.519160583942,90.46871271033237,31.334853970222614,0.5576015807383486,1096,0.9381012222880475,1,0.49326860446108206
fov0,4011,18799.057142857142,13204.757142857143,27.67149386152865,11.625797855231356,0.7886183402419401,210,0.907461032549066,1,0.3539609762775476
fov0,4012,18855.995001315445,7696.699289660615,136.0128871012656,82.9778688290756,0.164673935863124,3801,0.7923447659702983,0,
fov0,4013,18811.674208144796,14886.029411764706,30.81148436120633,18.58133841135293,-1.3368081392949527,442,0.7976917894940446,1,
fov0,4014,18828.49,11557.076,46.499238647252206,29.82185086854749,0.15092274180958343,500,0.7672562806345389,1,
fov0,4015,18820.061538461538,22375.123076923075,33.705851021948384,8.032136229478652,-0.7208141410122195,195,0.9711913603900045,1,0.37998680166408016
fov0,4016,18870.219602063375,7584.5379513633015,121.85386864795595,16.02682780474118,-0.30656479204582054,1357,0.991312856404857,1,0.3993542338649363
fov0,4017,18832.426470588234,6042.948529411765,28.560943037769654,13.543919584329046,-0.269655667381753,272,0.880411108943351,1,0.5563784665328864
fov0,4018,18873.537568306012,19706.92486338798,115.7003495994023,41.42653403823948,0.8636670048048085,1464,0.9337023346861083,0,0.8625416383776916
fov0,4019,18854.366433566433,6645.261538461538,45.84740045341634,28.525212394848054,0.7893420294423242,715,0.7828763580086444,1,
fov0,4020,18871.116363636364,22334.567272727272,57.042577466636615,20.566716888362784,-0.44409464841443835,550,0.9327397817780688,1,0.30265118616568676
fov0,4021,18892.57603938731,6047.853391684902,97.00434549541185,59.64230149687857,0.02002643885821626,1828,0.788650668268631,0,
fov0,4022,18865.044,15225.704,39.10244932439458,11.448564313185924,-0.6822442052297665,250,0.9561786639077771,1,0.426640575392862
fov0,4023,18871.755597014926,20239.682835820895,54.68350614205394,16.32733220287129,-0.8270880492786673,536,0.9543850049980498,1,0.7822860947816763
fov0,4024,18893.152903569528,8409.518913159296,135.34237760208694,35.06438672121889,0.8712666958389814,1877,0.9658560966822117,1,0.36055676547431065
fov0,4025,18977.95249266862,20508.36862170088,441.163559060605,119.1263715547481,0.9600176244719786,10230,0.9628525603704011,0,0.8687141727684728
fov0,4026,18906.83821376281,6332.765739385066,82.58568193600694,53.08332857667066,0.08083386046229103,1366,0.7660619642562794,0,
fov0,4027,18902.185767097966,23504.45009242144,90.49968511227154,19.77158431211311,-0.3932199883605426,1082,0.97584337312628,1,0.09372096320449315
fov0,4028,18903.843594009984,22528.87853577371,138.35789350777702,37.17942220945495,-1.3549122269303635,1202,0.9632185590577536,1,0.7062507061822328
fov0,4029,18923.980725623584,22276.863945578232,78.64575385932504,16.334207098323034,-0.1636721009083481,882,0.9781939660972326,1,0.24548753369501042
fov0,4030,18923.515235457064,22974.25484764543,58.85345023309225,12.46263083203896,-0.044271852003423956,361,0.9773223456990062,1,0.41582688813127494
fov0,4031,18922.017224880383,20284.577990430622,110.4229900016327,36.27007896471838,1.4883191822206274,1045,0.9445161692756003,1,1.0217543070894697
fov0,4032,18915.422794117647,20361.819852941175,30.766185071473867,14.330270358069374,-1.5107906737633985,272,0.8849006115164431,1,1.0607482436778184
fov0,4033,18939.750850340137,22010.749149659863,60.98595251888746,50.81719238223667,0.3666241544059794,1176,0.5528804077773537,1,
fov0,4034,18951.39598540146,16401.76277372263,97.96080791009474,21.29889866771788,1.1140770608058357,1096,0.9760775534296476,1,0.3733126346937613
fov0,4035,19001.65855604308,21204.505384922217,157.7139717732711,57.88006081835979,0.26195142846920455,2507,0.9302233600318569,0,0.4948925414165023
fov0,4036,18949.502673796793,21952.245989304814,44.14468138017909,27.296040528962823,0.2108065628253135,561,0.7859175140702863,1,
fov0,4037,18963.75874125874,23471.590909090908,39.588886894419275,24.300404470405958,1.3983660255972465,572,0.7894469181795236,1,
fov0,4038,18980.62162162162,6432.16461916462,66.30965601652474,10.101720746703297,0.5922406981294106,407,0.9883278956454412,1,0.4997485901308469
fov0,4039,18970.57313432836,21721.680597014925,44.67202848806765,10.27877397559544,0.8728636479226765,335,0.9731683647495611,1,0.18823547143319277
fov0,4040,18997.7227997228,22272.178101178102,86.21668394681446,26.804103461139814,0.5003836390661097,1443,0.9504451460791191,1,0.4336414465689216
fov0,4041,18986.550200803213,16558.921017402947,46.72906317911584,28.287350515319893,0.11223572416661479,747,0.7959608372132838,1,
fov0,4042,19022.781337047352,5179.42409470752,136.12563222790033,25.496455735611086,0.04665849785997059,1436,0.9823025839895986,1,0.18269847878683368
fov0,4043,18987.47697368421,5884.819901315789,87.51052931130707,21.42117293249271,-1.1484569916824017,1216,0.9695776494823884,1,0.6552749619316726
fov0,4044,19000.66379310345,19624.084051724138,52.847333978270115,14.944602482204994,-1.4631171418668876,464,0.9591823776538009,1,0.8625914164823539
fov0,4045,19049.72819063005,21307.702746365107,129.22438761723944,55.48563476344904,-0.45680845274319243,2476,0.9031266164447306,0,0.46945953887531816
fov0,4046,19017.15582450832,7892.087745839637,56.123265329584235,26.390703181612686,0.5041853041495594,661,0.882545234519919,1,0.30337061587612263
fov0,4047,19064.49982338396,4696.160367361356,145.00637967601006,66.63519712973479,0.5252931505155949,2831,0.888160765723062,0,0.3892863962099155
fov0,4048,19014.611961057024,11795.269819193323,44.39578564890668,23.52389065045696,-1.42053640125256,719,0.8480803455794157,1,
fov0,4049,19060.49165186501,8853.446536412079,187.98582135876725,37.8719296261073,0.7296211967374471,2815,0.9794964075549437,0,0.3384511159454321
fov0,4050,19015.331360946744,23510.96449704142,26.574175095941833,8.438474211006657,-0.6305829570788064,169,0.9482434835003746,1,0.12415917094537288
fov0,4051,19016.854838709678,21898.137096774193,30.07307868708429,13.795901557305925,0.7215530443357239,248,0.8885674982530232,1,0.09295115734217498
fov0,4052,19266.984595070422,21792.213820422534,634.4539238089764,79.46031974868885,0.4695627325209177,11360,0.992126214290344,1,0.30549811175578595
fov0,4053,19051.441752096925,21973.630941286112,66.88100590656249,35.2279808563187,0.750822140153412,1073,0.8500349796999535,1,
fov0,4054,19075.987433677743,6556.508517173974,115.26918472204218,109.92907477429961,1.222080991383214,3581,0.3008461047323001,0,
fov0,4055,19063.200729927008,15269.810218978102,66.0765411487208,33.551328709809994,-0.9338061418301637,1096,0.8614958546293054,0,
fov0,4056,19072.30409356725,13153.679532163742,78.72632909514311,18.737871911498875,-0.36917401661505495,855,0.9712620242732705,1,0.540892361495293
fov0,4057,19070.463595839523,3992.6864784546806,46.24860478531657,22.656458578966213,-0.01180586373094926,673,0.8717875410432793,1,0.5281421421334137
fov0,4058,19069.084639498433,5946.1630094043885,25.54103832194016,16.56996870031527,-0.887731378262202,319,0.7609942554154486,1,
fov0,4059,19094.798770491805,5899.618032786885,142.17104145548436,51.22562985664032,1.2252354265305545,2440,0.932832672880515,1,1.0468512741008749
fov0,4060,19205.664405136904,5160.0344075599705,271.9685594445879,58.73235605829987,0.08091152092695023,4127,0.9764038167520995,0,0.19827901958545627
fov0,4061,19085.991071428572,16480.928571428572,16.393561383181712,9.189883094920324,0.20653315651985335,112,0.8281010809703925,1,
fov0,4062,19094.793286219083,23052.91696113074,28.654483647545938,25.27822661993467,0.5026353899889865,566,0.4709245010974729,1,
fov0,4063,19164.1339225017,22480.709041468388,199.6609139179423,67.78984655467401,-0.1673874163181325,1471,0.9405970764508617,1,0.3488847608335688
fov0,4064,19133.12799043062,21705.351674641148,107.67736882240787,12.19435072075837,0.6454422078046442,836,0.9935666417587444,1,0.28541674348299906
fov0,4065,19156.017321504012,16546.456696239966,119.83754146116942,109.87666126302567,1.5298758881522345,2367,0.3991626447585216,1,
fov0,4066,19141.37958236659,5854.267285382831,129.11901883980514,51.16140653440118,-1.4987139793650397,2155,0.9181493568504877,1,0.8275205767878795
fov0,4067,19268.391857947165,8639.19307059333,364.9941507062711,167.2108208539209,0.525501390917174,11545,0.8888907792012367,-1,0.12931643240513116
fov0,4068,19141.4673046252,7757.956937799043,74.60038571328676,22.34538476380835,0.38613253127949815,627,0.9540854884183925,1,0.3369914901797072
fov0,4069,19134.35274356103,16490.011198208285,53.39401525868305,27.10710472227888,0.02039807725279961,893,0.8615453714298626,1,
fov0,4070,19134.8216374269,23391.722953216373,53.21315204509208,32.979401195909574,-0.9197744180693164,1368,0.7847911321811005,1,
fov0,4071,19128.66617647059,19602.11176470588,67.4861667460397,19.767747411329218,-1.5422896673348871,680,0.956138317733566,1,0.8964338482994645
fov0,4072,19139.348246674726,11049.084643288996,63.20468256751742,34.08869749981139,1.4299175355038771,827,0.8420892732008893,1,
fov0,4073,19164.683867968386,15432.935378893539,106.56706163259064,32.434565130970675,-0.8103338491057402,2151,0.9525576367876182,1,0.7194926915351548
fov0,4074,19161.427368421053,15109.730526315789,74.64768202450914,9.03009240937174,0.14164683014865442,475,0.9926562251055125,1,0.5024493702191366
fov0,4075,19159.29296875,22375.8125,41.60742572033178,8.273381044739113,0.0709826754729463,256,0.9800311832804147,1,0.13670605715581438
fov0,4076,19164.63354037267,5720.285714285715,21.69020730393406,10.783843575099441,-0.5646959185898932,161,0.8676498964354582,1,0.6098281874584491
fov0,4077,19206.763982790413,11986.352796558082,90.59857310784123,71.12045915506046,-0.9416241090363864,1627,0.6194876606988494,1,
fov0,4078,19195.412607449856,23446.68194842407,44.73123769264436,11.269059948596329,-0.3337224078306131,349,0.9677459298947899,1,0.2567589743623885
fov0,4079,19209.42900485437,4607.690533980583,95.28326135395726,29.852579012470354,1.044481677558265,1648,0.9496530517010241,0,0.5398978661833067
fov0,4080,19324.33579525936,4438.497423565785,276.08464104476104,86.42674845775382,0.3300821995355258,5822,0.9497384950352143,1,0.38050090535963477
fov0,4081,19221.4176276771,16419.872322899504,65.39050327794908,40.58179865132365,-0.4381748431788166,1214,0.7841218364288347,0,
fov0,4082,19314.44633185623,5989.8988183161,271.01145836963497,33.34109009584865,0.09554911653973437,4062,0.9924036150854123,1,0.6002854130666241
fov0,4083,19370.162077471832,16862.337555837057,899.3332284961645,136.15178846095986,1.3829740743516579,14999,0.988473816101385,0,0.8359831006664669
fov0,4084,19213.385041551246,20006.808864265928,34.13981432863821,18.40400976688971,1.056932895062658,361,0.8422560907552191,1,
fov0,4085,19278.93246471227,9548.7111834962,306.86186904416786,63.41283689021712,0.895375883260532,4605,0.9784150470227734,1,0.5276835501815889
fov0,4086,19225.252371916507,11250.557874762808,68.24612827987374,19.68549097279698,0.5672756200271888,527,0.9574954218168021,1,0.510809178726982
fov0,4087,19211.65306122449,5357.34693877551,16.77570621791479,11.696973563233037,-0.28396310610548375,147,0.716821521609738,1,
fov0,4088,19288.453126297434,16995.727642613965,864.3859884153626,95.1178943955559,1.555341813521982,12043,0.9939270493235787,1,0.6740889171598101
fov0,4089,19295.177812540736,17530.22122278712,377.24367078070435,168.8748176241338,1.357744625434925,15342,0.8942066150827657,-6,0.824758383564571
fov0,4090,19234.44923076923,8312.904615384616,50.6529616710712,8.724759672646679,0.1352794511318659,325,0.9850540015478032,1,0.253669757868172
fov0,4091,19225.880341880344,16526.53846153846,21.868064811711832,20.839830048866723,1.3774935818417322,351,0.3030329623342528,1,
fov0,4092,19272.25641025641,9378.765886287625,101.39798837987455,57.5771461690172,-0.4377342052621738,1794,0.8231436296880594,1,
fov0,4093,19249.137784090908,20815.70880681818,58.01028690460075,21.196285761537293,-0.6201362135453184,704,0.93085515472945,1,0.7001410966061896
fov0,4094,19265.958066808813,20866.032693674486,99.5002928777344,60.89357464728148,-0.8328806801666118,1407,0.7908624642486871,1,
fov0,4095,19239.250493096646,5349.2268244575935,31.773639007186212,21.69433633884908,1.175060883200113,507,0.7306260554276757,1,
fov0,4096,19297.202314616374,11957.199742820403,159.09791731762718,28.621951646569283,-0.5983529397562276,2333,0.98368463216494,1,0.5165577190384119
fov0,4097,19275.441071428573,4328.775,57.99771464280793,37.80022060575939,0.455690816118029,1120,0.7584307587180671,1,
fov0,4098,19285.333333333332,11140.93304535637,74.0637431784337,31.51044693695152,-0.3370357905926936,1389,0.9049817582076832,1,0.4108700170794265
fov0,4099,19275.225,20426.183333333334,46.60865467503811,25.173111281787772,0.8952715503457513,480,0.841603921522647,1,
fov0,4100,19278.455516014234,6468.010676156584,29.80241212881509,12.885334948676986,-0.3754123324745537,281,0.9017016545190301,1,0.39289015342049005
fov0,4101,19343.93855283308,23593.197741194486,166.63407171698668,113.80570523329476,-0.11612290730018422,5224,0.7304484822680065,0,
fov0,4102,19296.706060606062,6512.875757575757,54.29524312695176,38.14641141942524,-1.2061990441503234,990,0.7116109580451202,1,
fov0,4103,19312.17293233083,9125.33082706767,81.29962489062616,59.06617507174058,0.7233230261007154,1596,0.6871404864866055,0,
fov0,4104,19297.815789473683,5371.7986842105265,40.31562506432108,24.615913575527717,-0.2148947161258001,760,0.7919545991485047,1,
fov0,4105,19330.522972433082,5501.978425888933,105.92993847375553,69.66224407052519,-0.37230732427111946,2503,0.7533448822241593,0,
fov0,4106,19303.926788685523,21159.808652246254,53.05969383250128,31.455813302375542,-0.8528501770665117,601,0.8053215944263916,1,
fov0,4107,19345.47565251266,17274.17569146864,140.2191643698573,52.319588097086154,-1.0917063582283402,2567,0.9277801850729485,1,1.0952304485134245
fov0,4108,19323.5275,6052.850833333333,57.87174580415642,47.84781004882033,0.826973812989809,1200,0.5625099623063837,0,
fov0,4109,19348.774769585252,22292.840437788018,93.93727825661881,42.53409664577761,0.01855763626799385,1736,0.8916159132186078,0,0.12977965123604943
fov0,4110,19322.56750823271,7948.423710208562,49.86415204269919,34.534821103787785,0.23565648041550757,911,0.7213428698235123,1,
fov0,4111,19334.34663341646,6123.706566916043,68.57387201805376,42.91397294333076,-0.7784729765647525,1203,0.7799783709557504,1,
fov0,4112,19322.54641350211,9498.466244725738,32.71995751340113,18.71937427781624,0.14425653950191122,474,0.820177766228141,1,
fov0,4113,19328.134585289514,15504.785602503913,36.41614460656996,23.27303444729417,0.9551393434767795,639,0.7691355972981296,1,
fov0,4114,19371.727392739274,12346.214521452146,115.13825241007355,85.45308129238768,0.10061396087522265,3030,0.6702027846446722,0,
fov0,4115,19329.201413427563,7883.482332155477,38.69751600454721,24.634934236840106,1.4901112397998364,566,0.7711921267269465,1,
fov0,4116,19346.357850070723,5338.182461103253,72.43057906445337,18.576168866686412,0.6452463090592833,707,0.9665525643462157,1,0.21492063017627794
fov0,4117,19358.074679113186,11344.934655775962,55.35994468047214,44.80317336010192,-0.44026810462843674,857,0.5873863193696752,1,
fov0,4118,19384.19140625,5660.684765625,135.37171941671986,61.08991477438267,0.6735390118432378,2560,0.8923847789613357,0,0.660276574326681
fov0,4119,19377.882505399568,20110.939524838013,87.769913558309,82.5310650678856,-1.4514164122113427,2315,0.3403147873872217,0,
fov0,4120,19378.720297029704,8960.02887788779,76.02907119914411,54.81940108027496,0.18773463075132574,1212,0.6929016573359599,1,
fov0,4121,19395.97963340122,22178.00916496945,105.69792395799746,21.41239800714105,0.020527841816138235,982,0.9792654962216712,1,0.17269340024598107
fov0,4122,19372.77032520325,11184.260162601626,34.67599424812463,24.97946485998697,-0.8103602995597002,492,0.6935924115612001,1,
fov0,4123,19394.351473922903,12803.783824640968,77.67674895057195,46.229640664022035,0.6305871051801519,1323,0.8036115478550065,0,
fov0,4124,19421.85108735717,19232.424990785108,131.7955985451352,70.6748125123456,0.4058796671092238,2713,0.8440619850254101,0,
fov0,4125,19426.717374213837,5592.2692610062895,120.40956622931172,70.66675401612962,-0.12824710634290648,2544,0.8096691831578747,1,
fov0,4126,19404.01593625498,8766.544820717132,88.53818339710088,31.440034785563107,0.5175561892141702,1004,0.9348277811526515,1,0.2890505897000361
fov0,4127,19404.5,9091.473903966596,68.19693079093766,27.481151061545766,-0.584184959510748,958,0.9152142604332932,1,0.5503892891941009
fov0,4128,19407.728339350182,5946.812274368231,55.699881041255665,34.27467482687632,0.7643863855974377,1108,0.7882574670581544,0,
fov0,4129,19487.00723226704,20337.670931849792,259.6729802695339,92.09302096849507,0.10092422332591304,3595,0.9349991345203612,1,0.6114540188040234
fov0,4130,19420.8064516129,20678.925297113754,91.34156492107545,18.98017837815133,-1.415180220562629,1178,0.9781727273476034,1,0.8034788234981601
fov0,4131,19442.266083150986,6278.653829321663,97.28992133840364,79.91689916028328,-0.7944520909964772,2285,0.5703087718645894,0,
fov0,4132,19428.40572792363,23974.463007159906,44.86347803912547,14.543218411796442,0.3052152067730531,419,0.9460001817636032,1,0.6337857521336957
fov0,4133,19469.57471264368,20669.121510673234,158.28114802081024,45.22357680022879,1.5509420442344999,1827,0.9583141097718422,1,1.2327405364134874
fov0,4134,19509.601032779523,11511.982712168838,255.4298348616635,47.10594178161822,-1.0036063058090066,4454,0.9828478428287053,0,0.7358779089654023
fov0,4135,19505.92093831451,5793.635099913119,182.35254847503313,54.452783490930194,-0.17659815113951338,1151,0.9543743848231842,1,0.36657319315808307
fov0,4136,19473.46328358209,20280.10805970149,85.77765459912466,59.37558587860878,-1.378810070316881,1675,0.7217024492484967,0,
fov0,4137,19490.815384615384,4770.662721893491,44.79120493423875,26.181303200299855,0.3749171026933801,845,0.8113801355602256,1,
fov0,4138,19482.528645833332,4627.140625,43.40311675133456,12.546842392135044,-0.8601899051998164,384,0.9573058514667988,1,0.7466627748175998
fov0,4139,19502.663166397415,20155.1704361874,135.00108642979905,60.58983171880623,1.147661373497512,2476,0.8936272282152494,1,0.7045609776586141
fov0,4140,19547.11266805529,4929.204885438364,223.27865173280748,103.71336633008224,0.5383807829033251,5281,0.8855721032574801,0,0.3709766591247821
fov0,4141,19497.31320224719,5210.95786516854,64.2029513242084,28.02488789183105,0.39730994915552803,712,0.8997019926829773,1,0.12618234569685577
fov0,4142,19487.180555555555,8471.36574074074,23.823835224030763,15.104084878579313,-0.0962323797853564,216,0.7733408454975641,1,
fov0,4143,19484.676056338027,21911.457746478874,18.640062145947727,10.963238489260084,-0.5374055324236645,142,0.8087485111371684,1,
fov0,4144,19527.66238317757,12687.420560747663,54.35258564156979,38.523238791115375,-1.1324551090013986,856,0.705444139065756,1,
fov0,4145,19559.780701754386,23417.481754385964,138.0040767642339,55.322851492135776,-1.314895671184913,2850,0.916131278803052,0,0.5607479546016987
fov0,4146,19573.506043329533,9628.891448118586,139.65801245079294,128.10350199062518,0.868318560638945,4385,0.3982758707730649,-1,
fov0,4147,19611.350329934012,8704.659068186364,225.6825763512571,60.381914490752585,0.7967257471093081,5001,0.9635433121150857,-1,0.4970660436443635
fov0,4148,19548.626190476192,20571.280952380952,35.28768010371816,17.833221953232517,-1.276474409030798,420,0.8629046285868145,1,
fov0,4149,19566.51832460733,7465.544502617801,47.631556412408045,26.619952237252875,1.5060303880944772,764,0.8292538064029011,0,
fov0,4150,19621.61948051948,5059.475324675324,125.06162114993619,18.645483704967315,0.6679949427677256,770,0.9888235741398538,1,0.0757208449784539
fov0,4151,19614.29202923773,6005.862513052558,165.78151950639074,43.05458496085061,-1.273228119170755,2873,0.9656875205452904,0,0.6574997406523947
fov0,4152,19705.172725901342,23841.16661638256,374.4089301746394,158.7300738323763,-0.6682170095753106,13258,0.9056863355615469,-1,0.1902234084686717
fov0,4153,19616.343873517788,12433.635046113306,57.00244114677654,23.297363995458085,-0.1898111792531956,759,0.9126651211323173,1,0.5264746098488321
fov0,4154,19652.92895442359,6764.226988382485,123.09064009914547,41.81986235831523,-0.4750904288063409,2238,0.9405163186215788,1,0.39547220542508543
fov0,4155,19605.850423728814,7415.473305084745,276.5334881309951,21.770440892598195,1.5087717985923377,2360,0.9968962732532859,1,1.1108492844992857
fov0,4156,19670.763299462044,15753.936242279338,191.0599894183211,127.06283154595354,-0.8797189617595564,5019,0.7468063580967116,0,
fov0,4157,19626.2041025641,17323.422564102562,58.33405499703137,45.728543201913446,1.2386707682531026,975,0.6208767645875015,0,
fov0,4158,19618.976683937824,12998.503886010363,44.49630475551555,22.36177984594186,1.2037336257781908,772,0.8645460315263733,1,
fov0,4159,19713.464980177458,23700.877855389845,293.5693379439269,86.2523493074188,-0.7099024633909915,5297,0.9558651587393335,0,0.33440522495727515
fov0,4160,19627.58409387223,15853.028683181226,59.36289355849923,18.65584369958496,1.4733155642122426,767,0.9493343846186517,1,0.8977046115952537
fov0,4161,19632.822966507178,21895.18181818182,28.311859338708107,11.584993275581583,-0.6422741283283312,209,0.9124481940605063,1,0.3406109773573055
fov0,4162,19651.35070422535,15893.281690140846,66.79342336543314,23.09681974495471,-0.8867151362955952,710,0.9383101529520691,1,0.8301167011366175
fov0,4163,19688.45875251509,11672.097250167673,68.18451681051832,44.39520889472554,0.13884494755082358,1491,0.7589885595237444,1,
fov0,4164,19673.22409326425,6627.395077720207,61.29383152635017,20.004495931016375,0.7655127156742787,772,0.9452419391203356,1,0.47759868955701595
fov0,4165,19665.679886685553,23681.235127478754,52.358070202898595,9.914971783419388,-1.0159812855747026,353,0.9819060813768733,1,0.4303624366377645
fov0,4166,19662.596273291925,6158.217391304348,19.552754331541273,12.917906725047432,1.032593948069848,161,0.750676979027242,1,
fov0,4167,19681.265005662513,4874.875424688562,39.8310944433603,32.26516101952059,-1.2908909371338657,883,0.5863613991031402,1,
fov0,4168,19671.49567723343,10680.262247838617,46.78801291098085,11.21007993833914,-1.3581442914726216,347,0.9708734206102797,1,0.8121484909396764
fov0,4169,19728.311940298507,20753.094029850745,181.6972238845818,34.60156383788983,-0.9380364523129857,1340,0.981699750260652,1,0.8072445182842457
fov0,4170,19686.85849056604,4056.5471698113206,20.970761094355666,13.309928602940651,0.6079414767531708,212,0.7727669967437634,1,
fov0,4171,19724.5250338295,21892.96887686062,98.55584314381062,19.017059136345026,-0.3639766687070592,739,0.9812071751346426,1,0.20708639523053418
fov0,4172,19701.3608815427,20743.214876033056,53.858878511752216,10.798521041716608,-0.5956626316354927,363,0.979694401679717,1,0.7093329405453576
fov0,4173,19713.727272727272,11324.257278669043,96.75175940437084,49.34821163052198,1.4514776658808068,1683,0.8601448963253614,1,
fov0,4174,19711.5780669145,12650.873605947956,38.905149944160634,36.99913266122142,-0.8829578158577541,1076,0.3091643887284043,1,
fov0,4175,19782.735423811857,6631.12101910828,220.08351360467972,15.94624424044232,0.20069812319292685,2041,0.997371651676548,1,0.22903471666644962
fov0,4176,19710.15037593985,10637.781954887218,20.015495897426874,9.01470672097437,-0.5440257452512964,133,0.8928337525084595,1,0.5574271883251745
fov0,4177,19781.697194076383,13559.26773187841,172.40354128418693,42.83992590972509,0.0697205178841448,2566,0.9686353989732093,0,0.32943711601518055
fov0,4178,19719.967672413793,4083.3793103448274,43.28595834964447,15.189838877206956,-1.472883958600341,464,0.9364060457566097,1,0.711691391093347
fov0,4179,19815.47050893158,9062.875126390294,268.26408205941226,84.91164875759527,-0.5797849701766336,5934,0.9485849641485585,0,0.7338733075583799
fov0,4180,19807.99618644068,6679.109322033898,209.28912015648686,38.6319642617577,0.06566524600908806,2360,0.9828162555222131,1,0.2245156744990196
fov0,4182,19740.80378657487,4139.967297762479,53.02449226380517,16.286507311068185,0.9227654292453105,581,0.9516609047701519,1,0.9450732036150784
fov0,4183,19820.8135556518,7852.669120831529,272.30921434429405,70.08800825192692,0.8524268607055296,4618,0.9663092293757797,-1,1.0093629219672018
fov0,4184,19767.79138627187,11260.970390309556,61.43993912243459,30.774889010527264,1.2878685282671019,743,0.8655087110258594,1,
fov0,4185,19791.0,7922.549226441632,83.23467548984526,56.748965643217666,0.16187338262560394,1422,0.7315435082868855,1,
fov0,4186,19774.18232044199,12097.419889502762,29.043600336546767,9.147679945920089,1.2663619199710843,181,0.9491037166839217,1,0.3948963092938089
fov0,4187,19814.225560897437,8859.361778846154,104.72177703538377,69.98483496841047,-0.8982672176481835,2496,0.7438981177783651,0,
fov0,4188,19786.150214592275,4031.5536480686696,24.57178683972977,14.587623235172599,0.11006673256104958,233,0.8047058816613281,1,
fov0,4189,19797.14761904762,20589.750793650794,45.89353902528826,30.13655888289999,-1.0985614676047586,630,0.7541847033524811,1,
fov0,4190,19861.793588741202,23657.02501954652,171.6942089152682,50.479487083673796,0.5858791006691816,2558,0.9558029298795867,0,0.6243527690130746
fov0,4191,19796.985645933015,23806.593301435405,23.23561389004441,12.333563071846454,-0.723394886798734,209,0.8474944405808581,1,
fov0,4193,19816.480725623584,20664.9410430839,37.97822736435464,23.4493894736522,-1.5504441040236103,441,0.7866156492390102,1,
fov0,4194,19836.845444685467,9561.83568329718,86.95811222860792,66.02495472368808,-1.2998813235787212,1844,0.6507721353589121,0,
fov0,4195,19817.35087719298,15748.79298245614,26.61103591385951,14.720460840104488,-0.8151089791676208,285,0.8330675442348289,1,
fov0,4196,19825.506072874494,21920.566801619432,29.82247812988579,13.382160579268698,0.34008460128169826,247,0.893668728068218,1,0.3668438252835937
fov0,4197,19868.570127504554,23766.811475409835,130.47957454408942,19.975935834623176,-0.5884204175891635,1098,0.9882112794884642,1,0.5717896282213746
fov0,4198,19919.38572761194,7142.436567164179,242.4318339217542,24.959574356861456,-0.012306229349469297,2144,0.9946860126778907,1,0.6708456417394922
fov0,4199,19839.59076923077,23984.17076923077,67.73992240390058,12.927604392039433,-1.3389732672853836,650,0.9816208187371109,1,0.565355543672352
fov0,4200,19897.141039621954,12238.955288985824,183.85406884784214,35.522305638604855,0.8105952231445639,2751,0.9811575755471534,1,0.2867825513516174
fov0,4201,19862.49081632653,11795.536734693878,53.775648899856925,41.45449327038954,-1.3139904519005223,980,0.6369821733874854,0,
fov0,4202,19881.93050763923,12080.277476589454,84.35681900801228,68.20321509071715,0.07446678508470962,2029,0.5884843378143549,0,
fov0,4203,19888.438180404355,12331.923017107309,116.96864586145733,47.091877480753205,0.8810057061711478,2572,0.9153748796544151,0,0.2918059667920637
fov0,4204,19998.911067648412,9083.864127933732,529.3016549468181,61.259842222663465,1.1101539866735368,8692,0.9932798810434341,0,0.5379064678502616
fov0,4205,19876.62316476346,15731.63132137031,43.64502637396288,18.111559784895167,-0.06425458573722008,613,0.909833180088528,1,0.478488562084817
fov0,4206,19882.726829268293,21910.09756097561,43.15908362859968,15.22212559782968,-0.03033556520233596,410,0.9357371798744173,1,0.21843457134031719
fov0,4207,19898.97333333333,21189.459047619046,83.76302659532617,10.811590890620327,-0.41294452201647497,525,0.9916350234073982,1,0.4913240487742767
fov0,4208,19875.426229508197,5452.081967213115,21.626786331763643,18.144294157142433,0.874183083816487,305,0.5441727372104849,1,
fov0,4209,19891.151714077318,11524.16776075857,63.59494018567515,44.55946884787977,0.6559341409118054,1371,0.7134792852279797,1,
fov0,4210,19898.20408163265,11854.622040816326,70.11788336176087,36.39674500021634,0.13641678500461904,1225,0.8547260573543296,1,
fov0,4212,19897.098106712565,6498.179001721171,46.93797963923803,23.659104092956202,-1.0942019959573617,581,0.8636742820944872,1,
fov0,4213,19911.83116883117,15691.127705627705,43.84080939245638,14.508475660422828,-0.556014698663399,462,0.9436534125528204,1,0.6762714181548539
fov0,4214,19959.27972819932,4826.275575688939,185.11157662088908,33.69868060659349,-1.0029595300583387,2649,0.9832901566371787,0,0.8597678674068021
fov0,4215,19923.68888888889,14957.4,28.83298599649792,8.78984571318276,0.0947980508332847,180,0.9523991562727595,1,0.271504156817929
fov0,4216,19932.29558998808,8355.750893921335,34.563733212735734,31.0389303560964,1.4572686170176574,839,0.43995424047595505,1,
fov0,4217,19954.003076923076,15891.717692307693,79.71520724474769,25.592089318812505,0.5557487134094697,1300,0.9470642784168392,1,0.3458896122814364
fov0,4218,20060.66178832768,21855.464394074603,280.70744379935877,51.43348535148706,-0.4050652018464544,5603,0.9830704305927143,-1,0.2100028623169168
fov0,4219,19936.076400679118,4015.4685908319184,45.524993407006306,18.195246251515666,-1.0525220998931475,589,0.9166564857230969,1,0.5611339812752488
fov0,4220,19940.875,9417.525,24.80993011707594,8.695249713826987,1.1454247165632145,160,0.9365722461567392,1,0.4325930645556466
fov0,4221,19946.56675062972,5536.72040302267,26.031491564637346,20.205033909551048,-0.2690854443257439,397,0.6305156046561178,1,
fov0,4222,19942.422907488988,22904.57268722467,28.564481110923484,12.981723810458439,-1.4713978921609674,227,0.8907616139344285,1,0.545894078430621
fov0,4223,19958.873732718894,20802.606451612904,119.09137157758964,38.55923157646827,1.0333588484470793,1085,0.9461328927404368,1,0.9001262120386745
fov0,4224,19976.11268115942,5364.301086956521,116.77805374959839,78.27875184782457,0.8219549723584577,2760,0.7420714928120486,0,
fov0,4225,19963.121758737318,15840.782412626832,64.5013237473735,19.389802884804325,0.7560299984787525,887,0.9537468579624748,1,0.3973738004384229
fov0,4226,20011.30300693909,4033.959907478797,284.0161720114499,86.6232599226349,-0.9887898673103074,5188,0.9523542367155577,-1,0.5435610930479595
fov0,4227,19984.50625,4937.5765625,102.9548501759466,12.245587416938655,0.6340737799305521,640,0.992901283419044,1,0.6336958748501627
fov0,4228,20065.324870510318,9642.853358240638,536.7598851966513,85.37253713327722,1.0296125949307608,11777,0.987270265696319,0,0.12900112502005273
fov0,4229,19969.76703841388,9210.094175960347,64.60381752062911,17.589233298607304,1.089004712120041,807,0.9622228556987228,1,0.4177332384458687
fov0,4230,19967.046920821114,15948.451612903225,26.15502815924594,18.270215113051194,-0.37041674924486606,341,0.7155754223945605,1,
fov0,4231,19984.464891041163,14962.743341404359,59.82592263391013,9.680528983320022,0.38241257717097177,413,0.9868216668720965,1,0.30850470467199576
fov0,4232,19970.738823529413,5577.032941176471,24.487113354335346,22.199248295846672,-1.074277704097196,425,0.42205847568293375,1,
fov0,4233,20101.352165552606,16006.727863748742,298.61280150009844,162.4997390101051,0.5876430489685008,10921,0.8389671333111849,0,
fov0,4234,20001.70036764706,17054.21599264706,62.0544316247517,29.645303330637773,-0.8431940299935297,1088,0.8785063663236943,1,0.4961589371356267
fov0,4235,20007.739743589744,19991.328205128204,55.49395993357713,29.262610244022326,0.0712529196187571,780,0.8496719655950372,1,
fov0,4236,20063.125951707636,10082.998477267784,173.607934333811,107.26879238022927,0.7636857415946222,4597,0.7862727652818594,0,
fov0,4237,20010.596830985916,23683.150528169015,65.14496537213195,24.87039243979629,1.368870904860824,1136,0.9242573660551497,1,1.0066699386352964
fov0,4238,20103.76426095178,22064.167034352347,169.04344862484712,35.81308812752885,-0.3141782519369011,3173,0.9773006117065034,1,0.18103062340023562
fov0,4239,20044.344192634562,17011.35269121813,69.09052792080351,15.433165653335822,0.04977360086090106,706,0.9747323547235875,1,0.5571656786508051
fov0,4240,20032.721082854798,20937.0,82.03500748211113,27.324300996681103,-1.4983199751347436,1219,0.9428982226322264,1,0.7380779703782577
fov0,4242,20037.027826086956,5037.9582608695655,90.99629419102978,8.610373289680835,1.3746518923959232,575,0.9955131458275093,1,0.957951603736742
fov0,4243,20054.02842377261,14980.757105943152,59.4715736183039,12.111213992484895,0.2387317392049504,387,0.9790443581817115,1,0.3817091588116276
fov0,4244,20054.91442155309,8490.88589540412,67.31767893334039,19.041655344360155,0.8729223802486644,631,0.9591604326755359,1,0.39264529782627855
fov0,4245,20062.71052631579,5102.046052631579,31.916697362665502,25.202038770237397,1.156875297421718,456,0.613597126205512,1,
fov0,4246,20103.118320610687,20568.362595419847,156.52622660095315,86.70620938764542,0.9467490262254534,3406,0.8325562869045343,1,
fov0,4247,20092.30155279503,5178.95900621118,146.08751275202025,72.38494585996594,-1.4920151731530213,3220,0.8686134700187883,0,1.0757435091591283
fov0,4248,20111.394013738958,12639.744357212954,141.3601502851568,118.12366940656237,-0.2651860938139186,4076,0.5493047072733342,0,
fov0,4249,20076.00296735905,20474.359050445102,48.53029092943481,13.740072375847944,1.1522162478110343,337,0.9590834204076828,1,0.9507794919867801
fov0,4250,20097.309486780716,4961.392301710731,115.55230018867604,78.164284976015,1.2431222807562328,2572,0.7364970518489414,0,
fov0,4251,20081.302663438255,15088.85956416465,57.35060010234715,10.391562570974225,-0.7140136418823462,413,0.983447443324789,1,0.5858788598566661
fov0,4252,20094.060798548093,23313.938294010888,107.40910329779568,25.80661078478681,-0.4971305426396991,1102,0.9707074209983971,1,0.506929398825152
fov0,4253,20072.6735395189,11710.66323024055,41.387634587277965,9.463851053406042,1.3602981303053228,291,0.9735054683431655,1,0.08244678328762842
fov0,4254,20081.413580246914,15023.456790123457,21.787436776794312,9.662078559343117,-0.5546761503698003,162,0.8962891260119166,1,0.5202972325775135
fov0,4255,20093.90793339863,7213.0940254652305,72.02591897023771,26.876321225952548,-1.4505950562646213,1021,0.9277718664973637,1,0.37082738789260233
fov0,4256,20122.71925509487,4755.823963457484,133.83863387947653,61.904365408362445,-1.1393788568984677,2846,0.8866037011867494,-1,0.9181180490341931
fov0,4257,20115.906574394463,23261.107266435985,86.7335008966599,10.51051287924302,-0.537168100863045,578,0.992630342152489,1,0.29749181759892135
fov0,4258,20095.55128205128,8217.794871794871,17.558363320464643,11.51203805483019,1.3189103030592648,156,0.755070035832308,1,
fov0,4259,20107.27759056445,7818.0244313395115,142.3625113236263,31.954893311234795,-1.5370224348180344,2374,0.9744829731972058,0,0.662955143267154
fov0,4260,20110.0859375,8709.7578125,40.198772377303825,8.470658695326755,-0.22097669676869428,256,0.9775466028181139,1,0.43997830451764375
fov0,4261,20107.719836400818,23431.701431492842,68.17632146407246,13.383377968817605,-1.0833631281144653,489,0.9805428098495882,1,0.6450897025957157
fov0,4262,20140.607594936708,22575.166139240508,90.23280218621036,19.514924249429114,-0.04486575619362513,632,0.9763329163142681,1,0.3898465916910959
fov0,4263,20131.016591251886,23456.998491704373,70.98507774713721,17.729438778064317,-1.0304274523220225,663,0.9683070248968967,1,0.6268545073534985
fov0,4264,20118.375,15046.943548387097,37.494147604834176,9.091870015662597,1.118144092489591,248,0.9701544774834692,1,0.6832732102845887
fov0,4265,20163.03219241443,23818.950786308975,198.65305250877515,116.94725305375088,1.201143643298308,5405,0.8083508634503104,0,
fov0,4266,20128.620689655174,7583.486206896552,82.5542207901214,38.31717511984851,-1.4939260040644382,1160,0.8857589391155554,1,0.2749443861071852
fov0,4267,20120.10775862069,3946.189655172414,18.03689820319179,16.47292575694026,0.6610360088094458,232,0.4073090562772629,1,
fov0,4268,20122.635960044394,16892.605993340734,62.02380743183217,22.16363291693628,-1.331862557418904,901,0.9339740892123211,1,0.6496123412781505
fov0,4269,20127.13247863248,7377.784900284901,75.41197444539289,16.21477713523698,-1.5046696473086956,702,0.9766105376954003,1,0.10859150021815021
fov0,4270,20120.9578313253,7443.331325301205,26.8910504491941,8.125656301956987,-1.3052078981201518,166,0.9532542001213042,1,0.0900768711128209
fov0,4271,20132.28536585366,21378.463414634145,49.582463088528165,17.647534879658327,-0.9758248694747302,410,0.9345153168180219,1,0.26747218905311027
fov0,4272,20410.310414238797,10905.402108274182,619.3480160813654,209.78710589704215,0.9091601274131139,18878,0.9408863218829723,-1,0.8362060502756065
fov0,4273,20195.670996978854,9762.843202416918,198.2455459515701,29.788103748556782,1.0298134155418122,3310,0.9886467239116842,1,0.13080193784980815
fov0,4274,20153.948892674616,7273.497444633731,49.0557204444976,18.760265122647525,-1.122767374393282,587,0.9239854291467309,1,0.30819320587993637
fov0,4275,20162.738775510203,5181.985034013605,64.46139796239198,33.55081619115934,1.197812566841275,735,0.8538743542718131,1,
fov0,4276,20218.940907008702,16636.1667430142,161.25902075721436,40.725402659090875,0.09733331263895888,2183,0.9675847565127909,1,0.5394307420967133
fov0,4277,20195.183177570092,4869.5323364485985,153.55345011842417,62.652861048424164,0.8613602403325065,2675,0.912973040948664,1,0.6979332255228123
fov0,4278,20175.603221083456,8221.595900439239,34.080549431957294,30.604681832375295,-1.3905745058408436,683,0.43997458726217425,1,
fov0,4279,20177.685925925925,7022.644444444444,42.1315807287352,23.52533743556488,-0.7827908281984143,675,0.8295868148780681,1,
fov0,4280,20240.16660839161,8055.66013986014,165.26751469849052,151.62477059625118,0.9444726800852778,5720,0.39784985452588717,0,
fov0,4281,20182.443636363638,11868.84,20.47221497308683,17.295474520495464,-0.5380794512624785,275,0.5350399881673643,1,
fov0,4282,20211.85426214482,15930.802016498625,89.07540387361587,38.45452189520932,1.059434541700824,1091,0.902013644728428,1,0.5134507786648809
fov0,4283,20324.72644661232,8772.430308699719,374.25240243787755,212.84304545296385,-0.38257414661782635,7483,0.8225344819697323,-1,
fov0,4284,20190.166666666668,12856.286231884058,21.0135529008074,16.794838353646888,-1.1376688746553987,276,0.6010141291158544,1,
fov0,4285,20218.979591836734,6792.648688046647,48.642211726546485,38.83583492880032,0.28630083396195793,686,0.6021303427821652,0,
fov0,4286,20241.125478927202,4084.1082375478927,80.72519356311636,18.447811973594572,-0.07506887514359122,1044,0.9735377913303521,1,0.497819338773736
fov0,4287,20233.48922413793,5742.941810344828,37.569860297949404,23.547484907489096,1.0737951204728655,464,0.7792080940384192,1,
fov0,4288,20223.257142857143,3750.9714285714285,13.705223954578939,10.076403683098826,0.10814704767351525,105,0.677824683943612,1,
fov0,4289,20282.010940919037,16555.645514223193,143.35484237850758,26.72934064879735,-0.44789000082047875,1828,0.9824633518314475,1,0.4543967235080483
fov0,4290,20297.238055039677,8737.144014857337,183.21077137415,161.67901526599044,0.3544972365254075,5923,0.4703583839106899,0,
fov0,4291,20239.343873517788,12076.08695652174,42.25128822706778,7.988718845715351,1.13061681638675,253,0.9819623915815099,1,0.12944163923889673
fov0,4292,20237.900414937758,3853.6680497925313,20.31770638895805,15.345785854245882,1.2739636332670208,241,0.6553892948300002,1,
fov0,4293,20272.19815668203,11680.917405175469,161.42453190618554,41.704628484402875,1.3621969062930501,2821,0.9660503893829906,1,0.10015822742061474
fov0,4294,20324.579732510287,16923.051440329218,146.96746071098136,41.70691436159222,0.8121697513270085,1944,0.9588884323177591,1,0.77815655458082
fov0,4295,20311.16179952644,6569.455406471981,116.26939734290278,40.25115802289777,0.1794537473121833,1267,0.9381648816938608,1,0.1716359246931778
fov0,4296,20276.428217821784,22013.809405940596,26.773023388243892,19.358191496859337,-0.16753126411758754,404,0.6907973823978932,1,
fov0,4297,20292.702127659573,22493.332446808512,54.88191411080407,9.424970861437371,-0.5169192849567165,376,0.9851437371457179,1,0.15231126554602994
fov0,4298,20286.167037861916,4293.494432071269,30.973602252711526,19.089805314348162,1.4437776077924915,449,0.7874919035254001,1,
fov0,4299,20332.891756869274,7638.26228143214,94.46461659044776,29.843957863711687,-0.411371896638554,1201,0.9487833772663635,0,0.5263824238833759
fov0,4300,20332.6783625731,8602.37231968811,66.93920854565766,15.262044969197657,-0.22617967406351971,513,0.9736614628739726,1,0.4325947027153426
fov0,4301,20325.56887298748,5390.83542039356,39.306159024189405,30.156383409922817,-0.7389402288206215,559,0.6413867037112877,1,
fov0,4302,20336.810126582277,15136.575949367088,61.12195369810424,10.452771756765427,0.14292872585982325,316,0.9852684228402054,1,0.369224357068956
fov0,4303,20386.79658167554,23455.614457831325,130.43413011541134,90.12845608699313,0.5897939233964653,3569,0.7228659541956249,1,
fov0,4304,20407.341505524862,15961.325448895028,189.10189879976352,110.04025943275299,-0.5268421758365889,5792,0.8132532907893626,1,
fov0,4305,20343.276014760148,17025.39852398524,84.65844340205089,24.905393942184528,-1.2461353240242938,1355,0.9557479504982674,1,0.8869655951614155
fov0,4306,20405.014977533698,21872.637543684472,153.95306746875931,66.38437788482831,-0.49722280984139616,4006,0.9022569452418634,-1,0.14417586537444044
fov0,4307,20349.060109289618,10219.72131147541,26.99799582625826,10.588893923780077,0.9236997384149217,183,0.9198755491430823,1,0.24436478347201726
fov0,4308,20398.678217821784,6367.4740099009905,113.19754853205467,33.31181774109579,0.5177997084104426,808,0.9557191309157026,1,0.47265885283244574
fov0,4309,20381.60929717764,8896.58826784726,80.49386800165419,65.56417922804306,0.13679201552154988,1807,0.5801300006022141,0,
fov0,4310,20366.011594202897,5424.020289855072,32.05052867492388,28.662980797548343,0.803543424582259,345,0.44745585176408925,1,
fov0,4311,20383.628952262865,12089.59423434594,169.46566716800464,29.398305285911302,1.119571890311533,3226,0.9848380147305303,0,0.41000372830864623
fov0,4312,20375.62060085837,20453.258369098712,72.12687111914825,50.90280170182006,-1.1588075502560746,1165,0.7084711510061812,0,
fov0,4313,20379.124246079613,3677.534378769602,49.01447924911759,25.604255262726923,0.14932306338258725,829,0.8527119147626929,1,
fov0,4314,20385.234421364985,10817.961424332345,32.57907475313169,17.211304854800836,0.8936489825089019,337,0.8490619859009658,1,
fov0,4315,20394.134969325154,3776.7259713701433,32.69778393757975,21.66004367618932,1.2572474131337232,489,0.7491224481621102,1,
fov0,4316,20424.74469375379,3628.28320194057,111.25584429389762,43.706809347745704,0.24535322100242793,1649,0.919602753437426,1,0.34397369791644544
fov0,4317,20399.290102389077,22012.470989761092,22.64457395548394,17.06861614962459,-1.0050484813548135,293,0.6571476703684932,1,
fov0,4318,20548.029746401644,23185.980123372174,411.0692978992537,80.39279206756972,-0.317906640850786,7295,0.9806897593748993,0,0.2780280523780352
fov0,4319,20495.500786275912,22995.243602573268,365.9512332746594,105.62418166579384,-0.7883328678856985,6995,0.9574409810961846,0,0.3305826017730879
fov0,4320,20498.40416953486,11694.104828400039,334.3151608395761,137.36570185845883,1.14309216752791,10169,0.9116863496565987,0,0.41391737711462445
fov0,4321,20428.507915567283,23874.267810026384,75.86811005578242,36.752327292904106,-0.865761666080918,1516,0.8748333930061727,0,0.6188087675409043
fov0,4322,20428.432835820895,6305.268656716418,42.006849746120615,30.180362679945677,0.8661647912021497,536,0.6955652919012607,1,
fov0,4323,20450.02784940691,6805.790613718412,111.7854925500288,62.442162418692746,1.1821796655250654,1939,0.82944449480887,0,
fov0,4324,20437.40072202166,22024.41877256318,36.18796394945261,12.348801995529548,-0.22776994122232708,277,0.9399759906551751,1,0.11042876578064843
fov0,4325,20448.78320610687,3814.946564885496,71.00000526319752,30.428743720337287,0.6589700952755557,655,0.9035067669125922,1,0.20479418196243399
fov0,4326,20434.946666666667,9950.672,85.47927608402829,15.347567832483906,1.5289328655716343,750,0.9837493530997423,1,0.4199549052921383
fov0,4327,20477.685989425983,17170.54909365559,302.24310098694747,58.09619985603274,1.335332976893069,5296,0.9813524872008351,-1,0.9907154383570431
fov0,4328,20470.80866807611,23535.802325581397,80.39355657966699,20.02881682154454,0.1601637003206185,946,0.9684688686108316,1,0.4561918076694732
fov0,4329,20475.083956296723,12286.295572167912,94.91517368313009,45.90803269320576,1.46515688712172,1739,0.8752480482773536,1,0.5277725828321006
fov0,4330,20536.75131834582,22524.69414376908,152.2540040523574,66.52803494117238,-0.36318658730889863,3603,0.899483729072894,1,0.23998748696285516
fov0,4331,20532.078185080747,23019.22301973853,237.25729926491064,59.96965263361139,-0.807971056072635,3901,0.96752846057146,0,0.3377846487719146
fov0,4332,20498.53300970874,5151.2563106796115,123.5536751746845,26.107905616698872,1.1047333936618646,1030,0.9774194808232224,1,0.8763936441693573
fov0,4333,20489.269607843136,4942.598039215686,26.92026365845414,11.318138114895088,-1.0580088913514012,204,0.9073240883665887,1,0.8344388360085763
fov0,4334,20532.874186550976,21806.760303687635,39.59745029267616,32.83399354539585,0.6439982078352565,922,0.5589599706455648,1,
fov0,4335,20586.168813087366,23557.94604942569,234.10357671203332,38.69903089599409,-0.6343135145012189,2873,0.9862421079861048,1,0.24261361425756123
fov0,4336,20529.556074766355,11175.855140186915,30.594802124890343,10.171522673041551,-1.4979112059455753,214,0.9431176474720776,1,1.2693380455391456
fov0,4337,20542.866666666665,5629.739682539683,37.48394229568413,15.665085587272218,-1.1259761950823783,315,0.9084863306920611,1,0.7338012927667421
fov0,4339,20579.39502762431,3788.454419889503,66.58455641035927,26.69098811694524,0.40652248401336066,724,0.9161399621969555,1,0.2794602386698831
fov0,4340,20576.902743142145,15947.703241895262,37.87306523615215,27.243809476254494,1.468985054050068,802,0.6946527299773196,1,
fov0,4341,20637.208720743827,23287.53831356204,196.8229987182537,105.2162681996563,0.8804338697662747,6238,0.8451222799012751,0,
fov0,4342,20608.733105218136,4687.0898203592815,97.2498775416954,42.53890730465313,0.029938441226096416,1169,0.8992579997980847,1,0.39564771860507375
fov0,4343,20621.31030097499,4020.5621025858413,187.64927512252473,41.684524244280816,1.2040212064067584,2359,0.9750146408420846,0,0.2165483638799029
fov0,4344,20609.38695652174,9862.597826086956,46.02207766848584,34.37608375835849,1.462097248958347,920,0.6648828286521805,1,
fov0,4345,20610.272058823528,11816.676470588236,18.08398342030579,10.431511370230778,0.4513080683024855,136,0.8168592507246005,1,
fov0,4346,20641.303859964093,9941.899910233393,116.57964323830896,78.2316784977236,-1.484141259349085,2228,0.7414050403644523,1,
fov0,4347,20632.86467486819,10029.56942003515,53.182843701018456,18.00338516729068,0.8435295594332535,569,0.9409596774074994,1,0.28173283070782135
fov0,4348,20696.05756223917,11927.276298748022,221.91023798020723,168.91917320836959,1.2953893375975425,6949,0.6485113824012126,1,
fov0,4349,20656.54027261462,9066.786864931846,87.58097705407975,27.98427342785185,-0.24543530942343877,807,0.9475779934045989,1,0.4756128621326229
fov0,4350,20735.64297235023,9188.809907834102,262.36061669609734,159.5593463228974,0.7619212842009209,8680,0.7938082987829697,0,
fov0,4351,20651.519011406843,3935.9315589353614,32.106018972333636,25.23164925101484,1.157323858574264,526,0.6183722594247726,1,
fov0,4352,20653.525547445257,9882.540145985402,28.063029980738175,15.374385327093872,1.1762730064579459,274,0.8365753136193858,1,
fov0,4353,20671.54367201426,7548.474153297682,62.1478748106478,26.698616781491797,-0.2871284033112244,561,0.9030201349004423,1,0.6715167474300117
fov0,4354,20692.82179409994,22995.575556893436,110.21434288357807,68.10238958495768,0.7276928062992861,3322,0.7862499412962127,0,
fov0,4355,20690.247844827587,10057.256465517241,79.06622566313375,33.31066168272182,0.211135876657381,928,0.9069209788867999,1,0.5272301115705306
fov0,4356,20715.972262509065,10236.598984771574,309.8255895860617,88.56653251387924,1.1974600451296613,5516,0.9582715945288618,1,0.526476655317319
fov0,4357,20688.28546562228,9379.917319408181,62.446913042550136,51.9492650002148,-0.22954803396007462,1149,0.554933300576961,1,
fov0,4358,20690.696877380047,23680.53008377761,51.10484105927809,45.67635346830719,0.477052535942082,1313,0.4485107655556317,0,
fov0,4359,20699.61572700297,4685.80118694362,54.86057283756015,35.62946769976938,-0.07941873433609645,674,0.7604001159468775,1,
fov0,4360,20708.75976845152,9996.813314037627,48.30318043221862,24.932247771073538,0.9563154577907772,691,0.8564912048612019,1,
fov0,4361,20710.498203592815,13769.585628742516,52.636963227093275,23.342729778088344,-0.9410904167360655,835,0.8962909486540246,1,1.0803760826890827
fov0,4362,20720.97181008902,5022.234421364985,77.10099667952377,36.67312680295123,0.2051416472312443,674,0.8796343626442448,1,0.42324147943978174
fov0,4363,20828.68408551069,3741.5500508992195,361.6038395809692,67.43618549407194,0.7088102697327127,5894,0.9824564992310433,-1,0.19871651607307464
fov0,4364,20752.187943262412,12030.531914893618,85.02224131878839,30.959573276661175,-0.4834080633308087,1128,0.9313461797971657,1,0.824198697703583
fov0,4365,20754.775093934513,22953.406870638755,100.03953661046786,47.6505859468771,0.4215379813415702,1863,0.8792733371447404,1,0.5085549959705673
fov0,4366,20939.716641881845,8306.675544139516,564.734316419564,147.96348347398853,0.7007444407807216,14794,0.9650663865586332,-2,0.5532515920974755
fov0,4367,20730.531697341514,10573.413087934561,77.16366350429738,9.814860479975478,1.4216391908392703,489,0.9918776833232943,1,1.1012103701775309
fov0,4368,20743.391727493916,15394.206812652068,40.8082105962368,13.768613887849838,-0.9275324144271715,411,0.9413620466101,1,0.6879561391344368
fov0,4369,20747.677316293928,3812.55910543131,42.22518907330909,10.706139372242285,1.0320130989491014,313,0.9673226379267613,1,0.18882580460859527
fov0,4370,20830.729158947757,4349.714709151538,264.0239836217364,51.62667568132897,0.8366631464415734,2699,0.9806961602522105,1,0.5390563514856271
fov0,4371,20789.710612097067,10205.338283230714,264.0219380031079,26.8811382583447,1.3679415688235055,2761,0.9948034492918756,1,0.5915615986438272
fov0,4372,20761.220588235294,3849.2573529411766,19.92178288506908,8.8777104678378,1.28323484437717,136,0.8952180784859339,1,0.18651983236335087
fov0,4373,20771.777027027027,18200.837837837837,23.566559410307438,8.320991478307837,0.509471891638012,148,0.935591362217739,1,0.8684489829254143
fov0,4374,20788.761194029852,6333.7779850746265,51.45772525212161,36.88604768282041,0.01286125738409232,536,0.6972558458599917,1,
fov0,4375,20825.837665298677,3951.3812129502962,202.0887760911124,35.21144405400553,0.9239760302400701,2193,0.9847036569396816,1,0.11649874116724238
fov0,4376,20800.826139088727,4082.3956834532373,63.51973520407292,39.48190089978601,1.072341173318764,834,0.7833593857125261,1,
fov0,4377,20797.46181818182,4241.038181818182,41.246397585222184,30.64394999613698,-0.5783884692215672,550,0.6693485626008381,1,
fov0,4378,20889.01238164603,3984.3529983005583,364.3109895098668,61.09691710899096,1.0975159358862627,4119,0.9858371577878337,1,0.11725781646905113
fov0,4379,20835.346997140132,23378.013981569748,135.1325396709219,76.33574324421959,-0.7091502421367959,3147,0.8251625560838618,0,
fov0,4380,20819.8099378882,18236.96894409938,59.356270444603574,38.16168607207598,0.4585033956738212,805,0.7659283474806577,1,
fov0,4381,20809.90944123314,21648.327552986513,37.4959680388547,19.07101328850663,0.5304958871980775,519,0.8609940423495329,1,
fov0,4382,20815.832460732985,7324.98254799302,36.445526153469885,24.849898555914336,0.4540594901297052,573,0.731504386095227,1,
fov0,4383,20812.041420118345,10620.397928994083,63.76673440074081,23.071793663567004,-1.3164173320566823,676,0.9322497171829659,1,0.9355154858053156
fov0,4384,20822.7183908046,10350.597701149425,32.965512506543,21.261889768112894,-0.10623411710052416,522,0.7642047366853328,1,
fov0,4385,20834.54462934947,19510.993948562784,64.27023353175827,17.827478777354397,-1.0100847927094543,661,0.9607593856774894,1,1.089022958214666
fov0,4386,20833.74683544304,10382.113924050633,44.95111183285234,14.647844414241721,-0.6212418528093527,395,0.9454174587907809,1,0.8631757926369785
fov0,4387,20889.99345549738,12700.268062827225,250.48863915245744,54.002560936556044,0.8177926547258224,3820,0.9764842252199687,0,0.4638840044063168
fov0,4389,20861.84267631103,20350.605786618446,131.66436946684664,45.980085863231025,-0.8058117975764961,2212,0.9370400419306297,1,0.8171183385499352
fov0,4390,20848.277173913044,15569.139492753624,48.12050724966367,18.523178139586996,-0.08399941603401476,552,0.9229444591960448,1,0.4391080484386258
fov0,4391,20867.33170254403,22563.28180039139,49.61216820284627,35.25019598933478,-0.5088268725463184,1022,0.7036819269833925,1,
fov0,4392,20847.596296296295,10721.048148148147,32.91553181250208,12.640795598931412,-1.3445155878247077,270,0.9233175333653164,1,0.9306099393555803
fov0,4393,20917.898593350383,5938.085421994885,354.4329631359169,122.08311708310866,-1.2584450049509257,7820,0.9388060275856462,-1,0.683190306751446
fov0,4394,20856.486891385768,10411.621722846441,23.226600593808147,14.852098765160012,-0.13171188782982554,267,0.7688380915049899,1,
fov0,4395,20872.31498470948,6007.159021406728,35.243772422119406,17.858962977545136,0.40383860885118383,327,0.8621067104022179,1,
fov0,4396,20892.427835051545,10855.806701030928,191.3094037048536,23.66009234805814,1.137562212562192,1940,0.9923228412581422,1,1.10259476401003
fov0,4397,20888.413270637408,22823.62330198537,79.53571376810291,61.55125672413306,-0.1649621269321699,1914,0.6333298194142366,0,
fov0,4398,20870.0,7451.834242093784,62.82915231211003,20.12028154959313,1.446626778283345,917,0.947337125179744,1,0.44084525455579776
fov0,4399,20907.610193487493,19616.847097687587,213.130931290528,25.164503183193972,1.0515172824569747,2119,0.9930051996309052,1,0.5252990505836884
fov0,4400,20894.70853778214,19506.658488714427,70.99146222486551,27.391426518579603,0.9393771311701853,1019,0.9225652371620067,1,0.5004205409727033
fov0,4401,20888.529032258066,7559.376344086021,40.48660267273343,17.023970605722695,1.3673358449394906,465,0.9072999310461999,1,0.608159280921758
fov0,4402,20972.345690454124,5583.272937905468,177.4715891187469,51.705239121103524,0.23414932531237526,2158,0.9566184279088497,1,0.5498032222654107
fov0,4403,20900.758095238096,6525.857142857143,39.580558261439755,22.27709521979007,-1.2588379434655668,525,0.8265732001963618,1,
fov0,4404,20941.500480307397,20217.122718539864,186.23594274141868,88.22287463897742,1.5016767581726866,4164,0.8806778716545394,1,0.9647009742683574
fov0,4405,20921.822368421053,21354.601503759397,92.68042509967401,27.811934379932957,-1.06344155675041,1064,0.9539127069384479,1,0.40367319861206213
fov0,4406,20916.054365733115,15519.434925864909,51.20427049827011,33.71160361396685,-1.0296241925753034,607,0.752690218128045,1,
fov0,4407,20917.554255319148,15716.61170212766,46.20327526323426,27.6708230571005,-0.9083439631710348,940,0.8008289747987295,1,
fov0,4408,20959.974732750245,20603.072400388726,141.13548482526366,57.752568493607654,-0.5448706988577534,2058,0.9124449445895615,1,0.6027776364551796
fov0,4409,20967.685964485525,4228.68158598881,251.67318967664553,101.455697634502,-1.300803071801985,4111,0.9151450250261617,1,1.1157278042414505
fov0,4410,20949.750296559905,7471.153024911032,142.78369416281794,74.89494118762693,1.3752629369267386,3372,0.8513893331735778,0,
fov0,4411,20936.050264550264,10961.455026455027,41.022750616658115,15.310638225815445,0.9647893075991976,378,0.9277416215467215,1,0.8640634707317005
fov0,4412,20971.45626631854,6597.1266318537855,92.85337857264744,68.03815157329758,0.19719901449834243,1532,0.6804998072295813,0,
fov0,4413,20987.87293144208,10570.83451536643,119.07099518184897,83.24961578169774,-0.7833000610752033,3384,0.7149657426899618,1,
fov0,4414,21096.068796362768,19769.85798037808,548.4513321711687,84.94018455300449,1.1720536864884477,8358,0.9879344213358274,1,0.6841293808431437
fov0,4415,20962.709766162312,21429.54332874828,58.327175081908564,19.940529987960087,0.5152417900942228,727,0.9397458912110047,1,0.6855389487007685
fov0,4416,20970.267473118278,15625.319892473119,57.08832034455539,18.177493807346995,-0.37596467908764164,744,0.947953085675446,1,0.5245573710360665
fov0,4417,20964.333333333332,13954.017167381975,55.28662804729614,22.193026906539092,1.4570962631187248,699,0.9158951307914538,1,0.6043792943160246
fov0,4418,21146.914171883895,4284.4739897552645,673.4348895076198,68.80818418169703,0.9482523262939281,8785,0.9947664435230421,1,0.6888698673813336
fov0,4419,20977.743842364533,9398.3973727422,43.77181970418126,33.72259413596939,-0.014981568719413363,609,0.6375392019351246,0,
fov0,4420,20981.17391304348,6420.219241443108,71.72752746517575,50.79588050491771,-1.3698774760435704,1081,0.706033607626719,1,
fov0,4421,20975.188854489163,21347.786377708977,23.84481701147965,17.704315268238606,-0.5061595464428356,323,0.6698675109540525,1,
fov0,4422,20992.317319848295,4462.238938053098,59.70166448238028,23.912046483527288,0.8296030984021037,791,0.9162855579324983,1,0.5354236628982042
fov0,4423,20998.867940199336,11294.655315614618,69.27688314575119,51.916575868781855,-1.262313542321971,1204,0.6621097061603591,0,
fov0,4424,21023.051576529546,19823.23157235331,296.34127638979885,64.68530044336603,1.3411005106494622,4789,0.9758862380839962,0,0.7289842697224985
fov0,4425,20995.260869565216,19623.195652173912,34.153601442946076,10.545335379609922,1.313029241637538,230,0.9511393208315885,1,0.5929132170995134
fov0,4426,21011.362382790954,7005.404302261445,127.84691684016956,33.78835418943648,1.192679526710866,1813,0.9644439159896729,1,0.6823063427418433
fov0,4427,21000.77111111111,17412.437777777777,27.79472344233328,20.695728088421724,-0.9553245259839164,450,0.6675198777818955,1,
fov0,4428,21020.672955974842,9440.287211740042,70.59783813937935,68.15418067106407,-0.697091386680233,1431,0.26082452081516394,0,
fov0,4429,21012.25170399221,14186.351509250244,155.1853791172001,24.38699655165783,1.5481730966766238,2054,0.9875751408448752,1,0.9158334898413335
fov0,4430,21052.4792981376,18634.993073726335,361.3969366048127,80.90317294575091,1.4278014896309643,6497,0.9746207680527362,1,1.1782954371913699
fov0,4431,21031.09756097561,21610.71707317073,68.14549262409282,12.853688958822998,-0.7441381111829787,615,0.9820499064426367,1,0.3204983892414633
fov0,4432,21206.259593679457,4472.818409831953,588.2603476166388,59.694112740973566,0.6449465332332001,7974,0.9948380212154954,1,0.41422898655823925
fov0,4433,21064.21524064171,7021.90307486631,132.24571272136248,46.27109381862116,1.2654381278880085,1496,0.9367918047561744,1,0.6980620484191682
fov0,4434,21060.06808035714,8574.603794642857,60.34064173996746,42.82096942156101,0.19872694190383217,896,0.7045504926767167,0,
fov0,4435,21058.526627218936,19974.618343195267,47.860723739204985,9.317716417710377,1.007697773341623,338,0.9808660183856662,1,0.6541905716808794
fov0,4436,21073.728270042193,11033.167932489452,65.90251565649108,40.85568498660651,1.1890577377295346,1185,0.7846482664255908,0,
fov0,4437,21062.103448275862,10711.059561128526,105.34189185696243,9.579832739491746,-1.5529520744629972,638,0.9958563377557051,1,0.9730308341014742
fov0,4438,21116.84342766464,8644.568368156572,129.51014038622262,91.29111844722678,1.1893925988793703,3781,0.7093111435223,-1,
fov0,4439,21137.275962471693,21543.62859915885,190.18277362346183,35.20980364205138,-0.6222802850549337,3091,0.982712784512313,0,0.29872829466301815
fov0,4440,21177.130152797625,11861.06540617786,356.9667936470251,134.43720238384756,0.879274142411154,9097,0.9263719761744905,0,0.3697609630499875
fov0,4441,21096.189300411523,20004.820301783264,73.11145474191729,20.591418414219145,-1.5506406323123842,729,0.9595189081564816,1,1.3905080364793625
fov0,4442,21122.646206896552,23317.235862068967,119.92770347911738,26.79924136074495,-0.11241227418065225,1450,0.9747127244606009,1,0.20878274476439262
fov0,4443,21135.96680851064,3883.9565957446807,97.26739811634229,28.335789796106617,0.3203328176010648,1175,0.9566261275247352,1,0.35763928855559823
fov0,4444,21111.987037037037,3997.7277777777776,53.087252047142236,27.43544150554998,-0.4150514092791236,540,0.8561067342056362,1,
fov0,4445,21183.043954124703,10965.771205682016,670.3587323493279,145.40100810656847,1.4586816638672198,17177,0.9761937621112727,0,0.7666550127035424
fov0,4446,21156.675593220338,18671.693898305086,341.64460104875747,52.444235178161605,-1.390073878059993,5900,0.9881478343149033,1,1.0013786178916697
fov0,4447,21129.81978021978,23270.314285714285,37.38847635316881,31.135323260325162,0.29683849628589315,910,0.5536464017066096,1,
fov0,4448,21266.598163030998,4064.1563189967324,435.68556617830615,226.55678062907748,1.3030532057736959,11323,0.8541658602337914,1,
fov0,4449,21142.17170111288,21393.855325914148,79.3461189114446,14.894558508495333,-0.9500851652897591,629,0.9822232929002273,1,0.38022266876384386
fov0,4450,21138.091823899373,20059.279245283018,112.23602250179101,14.769409851707548,1.429514500424498,795,0.9913039064312551,1,0.8833164081189948
fov0,4451,21148.685828877005,6771.727272727273,51.56858932464786,34.58798012038678,-0.24200382413453508,748,0.7417124711228418,1,
fov0,4452,21153.920335429768,15744.20964360587,75.3599425645098,20.45619363109259,1.3985966557350813,954,0.96245352644436,1,0.9373211286435411
fov0,4453,21177.58658008658,21301.189754689756,102.75466242683692,28.088779796997525,-1.0497540075794056,1386,0.9619124488618513,1,0.5508813958467172
fov0,4454,21179.106130520766,14252.719182597231,80.51629340532044,25.799151350684255,1.2023769998099902,1517,0.9472750728193272,1,0.6545972078106209
fov0,4455,21181.163723916532,6863.6292134831465,61.76482476771128,31.339175841816566,-1.55058070208011,623,0.8617134716983657,1,
fov0,4456,21188.99753208292,11193.701382033563,156.52939586260072,27.349515538922848,1.2507586658946153,2026,0.9846173673123856,1,0.09854138135996832
fov0,4457,21177.367857142857,20026.082142857143,24.903055752701473,15.87339764994729,-1.2389932564337616,280,0.7705267796712126,1,
fov0,4458,21179.14606741573,11761.522471910112,21.39045972908116,13.825067436248181,1.028357098264636,178,0.7630670570753851,1,
fov0,4459,21190.74705882353,4055.435294117647,16.882000600422312,12.964262577186846,0.881640355746952,170,0.6405289546885164,1,
fov0,4460,21226.559933222037,15448.787646076795,132.32491117989605,81.06245662435299,-1.1279329153586644,2995,0.7903918267025758,-1,
fov0,4461,21203.984357948346,14779.847580938524,215.36394622273176,38.220266752684104,1.5148493134894936,2749,0.9841265231052085,1,1.2198791173585588
fov0,4462,21206.11616954474,20058.503924646782,50.342730750163895,22.839674804815946,1.1228617038187276,637,0.8911627956168288,1,0.7729947515551894
fov0,4463,21308.634355633243,14215.98093119339,339.38481466026246,82.61273584722521,-1.115604846097975,6293,0.9699212114998864,1,1.131270303065098
fov0,4464,21236.896360271436,20139.27328809377,80.89890438787823,44.768612685636306,0.42649315052386055,1621,0.8329225329394946,1,
fov0,4465,21250.93677419355,12424.47870967742,91.26740195634511,20.186272848718474,-0.17558754627919948,775,0.9752336257100538,1,0.38844746084607096
fov0,4466,21239.530430919593,23168.86317192359,91.99012725780986,49.06250952296521,-1.490434353506215,2251,0.8458975729710023,1,
fov0,4467,21275.46129970902,12528.466343355965,170.760081811641,151.41028943678174,-1.3896735824435007,5155,0.4623752714107351,0,
fov0,4468,21324.815944681715,13173.51067724222,255.7445809793656,65.80141505037047,0.4520869292336507,4917,0.9663333076580566,0,0.266254964555572
fov0,4469,21236.813846153847,20525.906153846154,73.38210615623245,18.08072644714523,-1.5247352004665078,650,0.9691703843204197,1,0.7341286925827224
fov0,4470,21251.62799263352,12017.631675874769,57.28135833468304,21.974051586309372,1.1615954018646455,543,0.9234926549856953,1,0.3428694279975212
fov0,4471,21244.236842105263,20455.05388471178,75.03463066581612,31.371300300414358,-1.3476980556278317,798,0.9084051708244262,1,0.9823246165090259
fov0,4472,21263.230192719486,21461.619914346895,90.18086637986914,18.889837323555064,-0.7297775583707535,934,0.977815902537058,1,0.4649393205596296
fov0,4473,21262.397427217333,21246.876100203113,93.3006826109402,26.497887923251845,1.085772252390248,1477,0.9588227115588859,1,0.965623257868005
fov0,4474,21272.73704103672,15558.20788336933,99.03581145164141,56.462855825945695,-1.013583775306744,1852,0.821557514455512,-1,
fov0,4475,21259.664556962027,12627.060126582279,40.159353292503354,12.079946578990405,-0.24185791085535388,316,0.9536871413774949,1,0.3320009814196197
fov0,4476,21248.93137254902,20581.41176470588,12.517382672939348,11.508628990719687,-1.164253662974413,102,0.3932963164583112,1,
fov0,4477,21331.12816455696,4718.645253164557,188.45868748940325,50.372824516608816,0.15841178224982425,3160,0.9636165738396019,1,0.34604026072731003
fov0,4478,21250.045801526718,20402.106870229007,17.05297735268982,10.67648315623031,1.0792941684554138,131,0.7797609446763712,1,
fov0,4479,21340.216982574137,13780.464078263529,372.33293693063484,139.3588218858864,1.3159826272696193,13084,0.9273135174382472,-1,0.4272685203254968
fov0,4480,21261.70431211499,20676.70431211499,80.21914488440558,31.421435316568445,-1.5695052735273385,974,0.9200951324432627,1,0.8199407094148154
fov0,4481,21465.34697094298,22926.604509320176,416.12080661442843,117.27005997430027,0.20020896218710418,14592,0.9594680741625542,-2,0.1458541798190706
fov0,4482,21262.63070539419,20314.912863070538,76.0328480012567,9.157292732192214,-1.5280029180962598,482,0.9927207735496469,1,0.2217706731744402
fov0,4483,21273.23561151079,20550.237410071943,53.92302918314936,20.91329298212259,1.3878355266317914,556,0.9217283885199328,1,1.2604399485277529
fov0,4484,21275.536144578313,13600.349397590362,25.685484251001338,9.126542898450866,0.3369114471624192,166,0.934745069019021,1,0.27192789163033904
fov0,4485,21280.51877934272,20218.706572769952,56.08228962187812,12.576307429873301,-1.303030194785103,426,0.974532249452877,1,0.3077861009093938
fov0,4486,21345.086423953726,14813.678802313712,142.40970849758767,77.30527504240011,-0.26856986188288545,2939,0.8398380014083465,1,
fov0,4487,21291.616709183672,20441.757653061224,170.01404050938066,18.160481116854235,-1.4763866640265233,1568,0.9942786398797457,1,0.7392885180241563
fov0,4488,21290.653846153848,16017.461538461539,21.24329884573664,8.280461408217118,0.2162859566100406,130,0.9209030549267561,1,0.5768031203392224
fov0,4489,21318.590093936808,10819.074722459436,180.9600052662275,41.997928911974874,1.24175050072839,2342,0.9726957380708146,1,0.7022728083551526
fov0,4490,21363.33855981417,20233.667537746805,250.89190755424272,81.6102686563784,-0.6906685187456052,3444,0.9456175417839291,1,0.2707027426169776
fov0,4491,21343.857001484415,20115.007916872833,147.65520146938343,42.593881391021355,-0.39549950652033894,2021,0.9574893720161849,1,0.462995572143015
fov0,4492,21360.0331056227,20648.942722017866,194.8104811813201,42.13891502570818,-0.9932469829045228,1903,0.9763253471229085,1,0.24243724650403667
fov0,4493,21314.121951219513,20619.00487804878,31.526866232120966,9.507061844528009,-0.2745528859657376,205,0.9534490068243817,1,0.6026401170649749
fov0,4494,21330.82349468713,18041.694805194806,129.12045122726744,35.756465057050825,-1.4018641645780827,1694,0.9608920181013393,1,0.4887514683179454
fov0,4495,21319.97444089457,20746.50159744409,31.50124362701428,19.89316048677578,-0.07213771160387769,313,0.7753726412583204,1,
fov0,4496,21318.613636363636,13584.469696969696,21.4766558108334,8.47733947460834,0.7059304861220097,132,0.9187999811858636,1,0.24828093659308945
fov0,4497,21323.356643356645,12604.272727272728,22.840135756751263,9.547719533117998,-0.30620451492063616,143,0.9084360914372416,1,0.355601581370579
fov0,4498,21319.603053435116,22675.664122137405,17.9938031403521,9.919716584502357,0.9758111361166532,131,0.8343168918119608,1,
fov0,4499,21328.4,12446.098113207547,36.77167220399961,11.222530839222616,0.5532539421597759,265,0.9522898751513964,1,0.3796398221756527
fov0,4500,21355.09149972929,18622.34975636167,156.15787802895474,24.288021350727465,-0.8012155741750105,1847,0.9878303762479733,1,0.8137347937373697
fov0,4501,21332.232967032967,20536.14175824176,53.664800580478015,23.286234659259204,-1.198589490096065,910,0.9009513652716485,1,0.6996936744672664
fov0,4502,21344.519861830744,20438.093264248706,120.45113519455175,13.541733528071912,1.4644789563931557,1158,0.9936601994747605,1,1.4017305033678544
fov0,4503,21379.039698836412,4281.779603011636,114.49011127786855,26.33949807674744,-0.6100624300655595,1461,0.9731766468236138,1,0.6617728307497039
fov0,4504,21347.72014925373,16174.111940298508,33.06650323774689,13.722863753702395,0.9750240244557363,268,0.9098177567223975,1,0.44430104185993896
fov0,4505,21364.48780487805,4532.292682926829,51.34022410029016,22.471197977163854,0.7874502917880056,492,0.8991250408790915,1,0.5835123398714858
fov0,4506,21373.058536585366,8519.80650406504,95.31563008672704,39.53634169073748,-0.9172703971184285,1230,0.9099153931248427,1,0.844375020338996
fov0,4507,21366.278645833332,12504.950520833334,30.13309555487757,17.04303626900819,-0.8309669963947314,384,0.8246852407423921,1,
fov0,4508,21364.593220338982,16218.766949152543,37.49643310801013,8.631395364287144,1.2330785922283218,236,0.9731451286187452,1,0.5416302053984896
fov0,4509,21385.502521779,19479.60385144429,96.91372668002006,63.404907684444034,1.3921919730110939,2181,0.7562863623559497,0,
fov0,4510,21386.942415730337,20531.487359550563,57.38305430038525,26.28036448342153,-0.7704180616814225,712,0.8889618383085943,1,0.5985928833569634
fov0,4511,21379.68961352657,10649.737922705313,53.33623354597413,33.8816782587497,0.7463697832941791,828,0.7723091003473584,1,
fov0,4512,21412.756156156156,20301.227027027027,178.41810755431587,18.303658112483816,-0.7867889295322534,1665,0.9947238741326707,1,0.2538906609709888
fov0,4513,21377.6404494382,15912.616104868914,67.84981674817674,21.14703070814047,-1.3054959349295072,1068,0.9501890623036418,1,1.1530684275931404
fov0,4514,21378.57267950963,21321.171628721542,39.546916620443916,24.2746348148791,-0.8659459848372483,571,0.7894470658492071,1,
fov0,4515,21374.357723577235,18468.25101626016,128.4719663712646,11.747161893284742,-1.4811182905913207,984,0.9958108125474895,1,0.8166568419481176
fov0,4516,21399.937600644123,15259.859500805152,143.91053996288144,53.88148195001971,-1.2086349397345522,2484,0.9272634368744357,1,1.1258345816114137
fov0,4517,21382.255060728745,4467.7692307692305,30.254836808612968,11.34224933224534,-0.9671858064072631,247,0.9270691192286707,1,0.6648414075516854
fov0,4518,21465.252419955323,12988.620439314967,219.56114955202327,197.22794874120976,-1.1236899710527282,5372,0.439418325678495,0,
fov0,4519,21425.203883495145,17776.63812886143,90.95934876314587,30.99549021336286,0.0501369219129092,1133,0.9401495917057474,1,0.565846614692673
fov0,4520,21409.73487348735,6939.2057205720575,105.1013926055129,33.691164775800985,-1.5181106303113159,909,0.9472286556006272,1,1.012542869535921
fov0,4521,21414.4816,18199.4112,41.415585851008615,23.812267103695422,-0.7337517664962147,625,0.8181821663257489,1,
fov0,4522,21434.75569044006,13948.222053616591,81.1393566093757,57.28668765048635,1.249439305245489,1977,0.708183550669405,1,
fov0,4523,21424.6,20434.410144927537,86.71221007194895,11.319175382884827,-1.3263293082782377,690,0.991443402583051,1,0.725054701150304
fov0,4524,21475.82583819659,12140.50120151047,356.20084644788597,81.41029892611112,1.188817235453876,8739,0.973531783431314,1,0.0253236554278227
fov0,4525,21431.40350877193,15919.692982456141,14.022748732097421,11.180502597879116,-0.9706613798108674,114,0.6035676788966012,1,
fov0,4526,21490.582405345212,20260.276540460283,210.1174096015232,83.56295427895814,-1.2129653638202746,2694,0.9175170349594919,1,0.7731819066387605
fov0,4527,21450.963917525773,13895.819587628866,27.358660411835547,10.282265215901012,0.06287562205402758,194,0.9266877392723653,1,0.4642001569891807
fov0,4528,21650.78573061971,15515.34217547069,1538.427802978569,269.82015299785894,-1.326171412626948,39357,0.984499578162751,-2,0.9535167618460817
fov0,4529,21482.874891020052,4193.17829119442,182.95110274220312,43.85609745970553,0.9704971792929843,2294,0.9708433381655589,0,0.6487575906188552
fov0,4530,21482.025691699604,20097.89723320158,94.22218992460361,26.107852112325038,0.06675684681829672,1012,0.9608445026147158,1,0.532621802788055
fov0,4531,21465.491315136478,7220.069478908189,35.19900739638318,23.00347519626823,0.027826957131408644,403,0.7569038543240546,1,
fov0,4532,21473.754325259517,10629.56401384083,25.908823692009257,14.25396933280014,0.7136856549560233,289,0.8350600042225088,1,
fov0,4533,21583.40418824589,21150.746003152442,297.59777467388125,199.00199406510532,0.26911556392099406,8882,0.7435372690627403,0,
fov0,4534,21538.425614489002,4805.150495903406,142.18452736457144,46.61411311118954,0.28696663715804327,2319,0.9447324368754887,1,0.47200877629973487
fov0,4535,21533.888015717093,16246.575638506876,43.30115090425925,19.163526217096653,0.7099085326278485,509,0.896736970604594,1,0.42775730542354923
fov0,4536,21540.427092320966,4356.705780845557,60.93797432595103,41.278646721242424,1.0034700533362626,1159,0.7356260103486016,0,
fov0,4537,21534.514423076922,20161.438701923078,59.126673018585976,25.802728196661526,1.5206869345047533,832,0.8997540121594789,1,1.112466443082416
fov0,4538,21543.06692913386,21422.834645669293,28.913461867392538,23.647814132761162,-0.1718277821786254,508,0.5753852931719844,1,
fov0,4539,21566.271695052717,16192.463909164639,89.6804762374643,34.260526091060655,-0.588911016782095,1233,0.9241504121586852,1,0.6881265456366829
fov0,4540,21559.38915375447,11138.702026221692,113.02976487276747,41.70221331876093,1.4247554113694105,1678,0.9294496601002455,0,0.17164672152853397
fov0,4541,21565.197368421053,19667.66447368421,24.45843476094574,8.466182332243285,-0.666717617235468,152,0.9381807638021528,1,0.9111805862704824
fov0,4542,21594.224607329845,16638.89790575916,105.25958542879992,64.30404440061935,-0.3308002917990265,1910,0.791700703683809,1,
fov0,4543,21598.180062305295,17904.712149532712,112.63891514739773,46.483907685331225,-0.987508411934632,1605,0.9108757489717476,1,0.6961173391451203
fov0,4544,21578.46511627907,6131.251585623679,36.216527791756434,18.712440883577624,0.5983185745420301,473,0.8561771683630682,1,
fov0,4545,21625.79150671785,11720.014395393475,173.23597125526715,104.26481774566524,1.2375410453288935,4168,0.7985971951814916,1,
fov0,4546,21587.52657004831,6512.231884057971,58.12034077730073,10.431963696928863,1.2086847546196007,414,0.9837599745087375,1,0.9619165021941585
fov0,4547,21589.873134328358,21425.597014925374,17.88101889694873,10.713842804106761,0.23990028984362874,134,0.8006187845267885,1,
fov0,4549,21600.172566371682,6650.8185840707965,30.36822516404127,12.891228619397188,-0.6797979892129172,226,0.9054292183100776,1,0.70961125053701
fov0,4550,21646.856815578463,4341.8104238258875,121.26787147738644,34.9023815504256,0.5076400009543028,1746,0.9576868467152531,1,0.23315182161981202
fov0,4551,21645.987049905245,19008.61907770057,298.01279369487895,80.39481662545454,1.393571466983654,6332,0.9629248769265424,0,0.5497441663539882
fov0,4552,21701.01775723668,11931.482486013136,366.1311574367903,126.17710675287617,0.9169544365580822,8222,0.9387412833410984,1,0.21101525664377876
fov0,4553,21637.825539568345,16231.68525179856,101.39449506574034,27.19324941252589,-0.23703161347035942,1112,0.9633653251206259,1,0.5391438607352037
fov0,4554,21621.70243902439,19111.645853658538,80.38654776179453,25.34106919995914,1.299360879566345,1025,0.949011924851317,1,0.527555712813502
fov0,4555,21657.199477558774,18781.583234386133,159.09349585543873,112.61606727442549,-0.9466315478117954,4211,0.7063518439410731,1,
fov0,4556,21640.41393442623,16173.194672131147,57.554617706386544,41.18966014500574,1.231147109448475,1464,0.6984466475799984,1,
fov0,4557,21649.297274633125,12050.77819706499,254.08710115853012,18.669342359881114,1.273159535507707,2385,0.9972969744006176,1,0.11407176564288352
fov0,4558,21628.380341880344,15320.632478632479,31.385726104898982,10.89180548002829,1.2512874553828013,234,0.9378538288416608,1,0.9858733985785014
fov0,4559,21637.008025682182,16746.940609951846,56.738903087264106,27.47181111991591,-0.9948557547066447,623,0.8749687173153549,1,0.749724564034154
fov0,4560,21680.545132172792,19278.479851708576,263.3612416586168,93.9196044317832,1.473422005066818,6204,0.9342499334482931,-1,0.5382480829192555
fov0,4561,21710.416690983366,20758.0411438576,238.00517045401173,58.01736510621642,-0.8830242613268756,3427,0.9698342918421702,1,0.3744020700861676
fov0,4562,21678.008233532935,18184.056886227543,98.86396329966905,45.51720548481525,-0.16260273004649164,1336,0.8877103326284952,1,0.49999873312610044
fov0,4563,21661.625,20882.877155172413,44.06364348035774,15.928950242127964,0.476300549810062,464,0.9323726096496598,1,0.6187397509926716
fov0,4564,21708.85073441842,4848.747320365224,342.73812462327317,48.33746716542806,-1.4478854383953903,5038,0.990004861632484,1,0.9224707401677374
fov0,4565,21684.989412387506,8828.544732662784,88.86732324093212,69.64450827630479,0.7695016903616466,1889,0.6211510672159494,0,
fov0,4566,21687.803301886794,11304.686320754718,171.49683638099492,28.46885520191916,1.1721303664586418,2120,0.9861253792761798,1,0.1283285803060455
fov0,4567,21679.739583333332,22978.5,63.606518521160346,38.661251904710845,0.8817710066533452,1440,0.7940755858414917,0,
fov0,4568,21666.68030690537,16807.478260869564,51.808618401161766,23.386099741619102,-1.5570048108756156,391,0.8923247460757381,1,0.9436698407241453
fov0,4569,21700.196428571428,22878.696428571428,43.658802452488814,28.42685419181814,0.06362921201629805,952,0.7589800113836336,1,
fov0,4570,21733.48523066711,13188.66578161301,123.71747973488698,101.82361441817014,0.8482435028088514,3013,0.5679930192790454,0,
fov0,4571,21734.576276996915,12261.606787795681,263.08359401230507,27.82434886918555,1.1402735572095488,2917,0.9943914307290639,1,0.1220109157816682
fov0,4572,21742.95196872382,12156.78190449595,347.2770439495705,28.740736232838653,1.2317770864705684,3581,0.9965694859974139,1,0.08325318541163584
fov0,4573,21717.07594936709,9768.145569620254,53.599870220811304,27.419660119235164,0.5328809030245808,632,0.8592463307962297,1,
fov0,4574,21707.137931034482,22943.7183908046,28.97433419741186,8.393743405323345,0.36453131718418846,174,0.9571187668482953,1,0.28301615322550544
fov0,4575,21710.359743040684,14895.779443254818,35.75844450461217,26.649455167473096,-0.9590276262592966,467,0.6667703226351251,1,
fov0,4576,21723.208722741434,4385.607476635514,41.42651890408556,10.742337082847909,0.4536202279575536,321,0.9657939700438039,1,0.1879870519652617
fov0,4577,21739.037775891342,22793.111629881154,90.51168702479524,64.29111745663747,1.0919682294854538,2356,0.703891649601234,0,
fov0,4578,21743.94181818182,17355.516363636365,69.23415346418984,56.04486489545093,0.48204637769198294,825,0.5871235080986774,1,
fov0,4579,21738.513157894737,12064.633971291865,95.17847498773607,15.428256995131607,1.2124900000986503,836,0.9867746358724178,1,0.11303516415388136
fov0,4580,21747.8306122449,7091.251020408164,71.11535442908348,10.097298433054323,-0.7405542314167514,490,0.9898688399643635,1,0.27353673867261435
fov0,4581,21775.95768880801,4578.214740673339,127.64293257311175,48.41777095823677,-0.18048073604845644,2198,0.9252647347101042,0,0.21009680782947388
fov0,4582,21768.184162062615,22960.71884591774,88.28046536412701,69.17223920728551,-0.4077912201661809,1629,0.6213275844905295,1,
fov0,4583,21747.89376443418,9197.046189376444,50.42805994901981,12.149253993672316,-0.9142706601483547,433,0.9705443584212935,1,0.739925888019255
fov0,4584,21758.91887675507,8234.195787831513,72.96382903893347,29.998716051879313,1.3699647977932974,1282,0.9115699425197418,1,0.6114606789574285
fov0,4585,21780.236068895643,11403.99290780142,74.1103132123508,33.927824596931195,0.8383967548176471,987,0.8890543503145399,1,0.17744012167221962
fov0,4586,21776.78476821192,4755.934878587196,43.164313939412324,27.55844393994271,-0.03885246701591444,906,0.7696596941015447,1,
fov0,4587,21779.491253644315,18294.906705539357,44.83559683971384,31.378376810752975,-1.0225615411875522,686,0.7142858125172039,1,
fov0,4588,21765.17142857143,12138.906493506494,56.170961685299986,13.844215921713772,1.548699934246957,385,0.9691515124427493,1,0.16885863689414748
fov0,4589,21854.804369090318,13944.62927942615,249.772170686534,88.44277345763095,0.5740420311018741,6134,0.9352099181438476,0,0.7980596642523484
fov0,4590,21784.633783783785,4827.883783783784,43.770410959891436,27.0677829100019,0.7357779566179093,740,0.7858606092151246,1,
fov0,4591,21855.602947033054,4418.990043807248,162.35195395116074,31.58478455179489,0.08444820201828927,2511,0.9808935651980654,1,0.1641804029324751
fov0,4592,21799.03622047244,22701.907086614174,64.57836804290419,21.618481176158205,0.5172618432453785,635,0.9423021766740608,1,0.34073463197161497
fov0,4593,21785.20588235294,6602.617647058823,17.41910676252127,15.047264324649278,1.5483213715252382,204,0.5037718670637947,1,
fov0,4594,21830.744916161257,4660.379593292901,108.97740836000474,81.42374707638804,0.34809608702303296,2803,0.6646422910619499,0,
fov0,4595,21898.779957582185,8366.594909862142,244.0123262101321,88.85839581717777,0.40276502326202596,5658,0.9313382177317986,-2,0.4177775989059863
fov0,4596,21795.819587628866,14851.654639175258,27.39294170059718,10.154560906020617,-1.5470759738768336,194,0.9287527011499578,1,0.7687930508947393
fov0,4597,21828.116032739526,14437.590755897929,149.73367455593655,62.80961029926242,-1.1524190309313604,2077,0.9077666506452785,1,0.1253646644443258
fov0,4598,21862.044829482948,12249.666666666666,300.06754044886037,38.08481738804855,1.110525596397724,3636,0.9919128521260399,1,0.13356026935829982
fov0,4599,21820.316455696204,12376.049226441632,91.38583238228665,17.793346730693717,1.3895057273211018,711,0.9808616988172617,1,0.76568253165869
fov0,4600,21826.92792792793,4795.344144144145,45.46277364228969,17.290353892843974,-0.24964737229314232,555,0.9248553960921208,1,0.5092431206542424
fov0,4601,21829.100368324125,22794.31491712707,46.36474572759041,30.41667020081579,0.9121094717538857,1086,0.7547347001282861,1,
fov0,4602,21865.27850877193,22965.68092105263,111.91343574195923,33.42528513512635,-0.13908245409667944,1824,0.9543561710280543,1,0.23978814525755474
fov0,4603,21881.190056134725,12425.501202886928,157.6702880995562,22.711667667777917,-0.18590991490132533,1247,0.9895710913095633,1,0.6335094500281678
fov0,4604,21942.375615579764,12637.310699895537,455.59281145470686,53.82791115712796,0.9222173830909215,6701,0.9929958581691375,0,0.5362932323048807
fov0,4605,21912.197036140933,8621.851655829427,191.62868075646801,128.68540566906563,-0.4291033921788106,6613,0.7409726490698971,-1,
fov0,4606,21849.0,8696.918149466192,38.135132055822076,10.809720742381867,0.43017030138966705,281,0.9589845549887509,1,0.4769230241276359
fov0,4607,21861.86048526863,14483.779029462738,120.02405305046521,16.43295948701857,-1.0927108819598732,1154,0.9905829535621379,1,0.1428246583318186
fov0,4608,21887.97438330171,4598.653700189753,110.04125047457448,14.536207139090031,0.298262723660633,1054,0.9912366877461525,1,0.31456094486116004
fov0,4609,21892.863490609252,20319.977095739807,142.64232781451645,30.445409846343136,-0.501208877653669,2183,0.9769564324821433,1,0.6460825611932313
fov0,4610,21927.425765645807,20368.762982689746,197.14936650207076,53.729340324837956,-0.57728618950789,3004,0.9621469644832322,1,0.550079262495278
fov0,4611,21916.604690831555,22943.305330490406,131.65509658413376,75.50224938441951,1.1603538422572632,2345,0.8192159211576111,1,
fov0,4612,21878.075471698114,4810.481687014429,62.317614945060974,26.11986686179582,1.302284628493234,901,0.9079211584567123,1,0.9075578991014541
fov0,4613,21881.77593360996,22794.22406639004,46.788172967065975,26.856907519593253,0.9263034243318614,964,0.818847863874399,1,
fov0,4614,21872.504132231406,12327.371900826447,13.547620739102932,11.502100777054714,-0.8999677443145739,121,0.5283725923303497,1,
fov0,4615,21895.890168290523,10396.462356067315,54.3339394758715,40.93020141339494,0.3050322595771112,1129,0.657667679084624,0,
fov0,4616,21962.207448789573,8104.35530726257,164.8543046854041,60.65553485669809,0.07891377201539222,2685,0.9298518337603107,1,0.5344854976188008
fov0,4617,21886.704,12502.376,19.436093393558018,8.452124087878172,-1.2101932542474438,125,0.9004944828511336,1,1.0267181640467726
fov0,4618,21903.802348336594,13049.559686888453,59.51375320857075,13.885702159084572,0.8198627135888591,511,0.972400197489874,1,0.39493668255418235
fov0,4619,22014.611419753088,12620.559567901235,463.1776508482253,50.03362776308743,1.1004106536226028,6480,0.9941484447389641,1,0.5812801920681387
fov0,4620,21911.281553398057,12530.54854368932,21.487263408112476,14.244099233017659,1.2332743287122034,206,0.7487000223511542,1,
fov0,4621,21939.96397941681,13127.598627787307,56.7956808742718,15.446764617523955,1.3360584778837465,583,0.9623055151581286,1,0.5073427140912117
fov0,4622,21945.326666666668,18207.52666666667,27.54226278214566,18.309150861896313,0.025885953740653455,300,0.7470519390477028,1,
fov0,4623,21971.595408895264,19415.791965566714,49.66703319852885,41.80604181019973,-0.4697570887833077,697,0.5399046662245278,1,
fov0,4624,21965.274509803923,22666.87908496732,40.8826414626476,13.780969045556663,-0.6242128394198091,306,0.9414738337850932,1,0.41574232957977175
fov0,4625,22032.60802359882,13456.926312684365,722.2855141956974,133.0067021369287,1.4305854413493784,16950,0.9828987163983135,-1,0.751483742255563
fov0,4626,21977.02925531915,17106.79521276596,53.26886971390733,9.985002115797053,1.3931260617743486,376,0.9822750324828058,1,1.1603538422263808
fov0,4627,22035.344092570038,12515.19671132765,162.8859541394036,19.730357710043048,0.9138681228960753,1642,0.9926366655250716,1,0.5345478934810406
fov0,4628,21998.528205128205,19314.046153846153,64.09082255220775,26.989931556227056,1.3373889448600258,585,0.9070048998013944,1,0.35052456083837374
fov0,4629,22034.970390309554,15120.620457604307,93.7205787479339,12.591402011535893,-0.42295655847687774,743,0.990933880916529,1,0.375672888029679
fov0,4630,22010.602739726026,14335.931506849314,30.730520588552064,12.615613866407147,-1.0216566941909309,219,0.911849827922941,1,0.41323309534572117
fov0,4631,22080.08799675588,9584.36597729116,168.89008127879794,108.49295016756831,0.01830353118033708,4932,0.766379634326995,-1,
fov0,4633,22035.54524361949,13215.986078886312,56.70194427011672,13.228311843695913,0.89361898949788,431,0.9724058729084896,1,0.2154085722083296
fov0,4634,22053.024898373984,17655.97637195122,159.6925741972893,77.46238720443074,1.425871310595597,3936,0.8744742479811725,-1,0.6105367887132883
fov0,4635,22056.596042471043,21391.74662162162,89.18906150044339,77.75333129822906,-0.40150763511351045,2072,0.48989575165352917,0,
fov0,4636,22031.60311284047,15581.723735408561,38.60345037413859,8.989891365258465,1.4826665905022631,257,0.9725059756730855,1,1.0122069313916753
fov0,4637,22045.272,13752.216,14.202682082508328,12.465696196490468,-1.525572455746559,125,0.4792102319539308,1,
fov0,4638,22053.80118694362,19883.3293768546,35.528890016893435,14.650641452443665,0.9404273753051429,337,0.9110216402378838,1,0.5515290219391548
fov0,4639,22107.484557907846,8298.301245330013,301.38897196058605,134.59201912030977,1.399565965890495,8030,0.8947474641757492,1,0.6315105375735401
fov0,4640,22086.905226209048,15619.515990639626,120.13691796524849,71.60706809681282,-1.5213522978453167,2564,0.8029506673740254,0,
fov0,4641,22150.684394489756,18828.665547255157,613.3091588884655,185.4373579683433,-1.489479373531373,14591,0.9531952530772676,0,1.0652999563833416
fov0,4642,22064.226373626374,22690.213186813187,33.608904250690095,20.36172761326726,-0.29636824280276064,455,0.7955840385823202,1,
fov0,4643,22074.809427609427,13428.150841750841,96.76213093159481,34.398370757383304,1.3964986850118228,1485,0.934678508730201,1,0.7413022412756168
fov0,4644,22115.03385049365,19738.327221438645,147.80579251426818,23.310220830815865,-0.5412625085960885,1418,0.9874857205191753,1,0.504921551230438
fov0,4646,22102.574515857425,16088.938815604828,382.6496665406084,54.283091136460975,1.3350346840578373,3563,0.989886577752272,1,0.8054282086197925
fov0,4647,22080.78729547642,12325.042348411935,89.86489609557127,39.54123626719781,1.2489785109326306,1039,0.8979940543333238,1,0.39586503736580025
fov0,4648,22072.86111111111,12846.425925925925,15.718003284975659,9.219131396581318,1.060242229179757,108,0.8099251558711168,1,
fov0,4649,22116.317946677278,16635.628332670116,181.38384451230854,85.07342925154877,-1.2569640492961605,2513,0.8831852656829468,1,0.6058292533193204
fov0,4650,22077.56818181818,10348.748106060606,82.11865022901169,12.257890410298014,1.3016602069723302,528,0.9887964014562225,1,1.1438803491685585
fov0,4651,22089.890590809628,12614.061269146609,66.92582881748501,9.83269284705216,1.0731121086908397,457,0.9891484887453226,1,0.08798301689012746
fov0,4652,22089.529166666667,15777.0125,27.018115871868247,14.65396318258386,1.325242863136893,240,0.8401362115968848,1,
fov0,4653,22110.22641509434,12897.377358490567,54.76346011800134,25.373450575549317,-0.575088373110749,530,0.8861868091760443,1,0.8663550973222167
fov0,4654,22096.136570561455,15858.606980273142,39.99891048801242,27.22246079387279,-1.2408514327073699,659,0.7326737237934373,1,
fov0,4655,22092.698630136987,19800.239726027397,19.06718260917566,10.88866475893935,0.24423398326738582,146,0.8209025062836086,1,
fov0,4656,22120.556687033266,15974.34894772573,190.3299387825179,20.460254645760386,1.3942703237674203,1473,0.9942052059212092,1,0.6633681489414643
fov0,4657,22139.145967110417,13623.001566170713,405.1316695018629,78.48973066398618,-1.5240938855985338,6385,0.9810531435729766,1,1.3942633080159867
fov0,4658,22135.750841750843,16388.12457912458,90.46859662337924,18.969068171664908,-0.5979452476682535,891,0.9777709815031999,1,0.7303741378809803
fov0,4659,22232.439855446566,17093.27413526071,426.85067992702733,148.45039466912192,1.0554432101037454,7748,0.9375759379619856,1,0.8218374575854791
fov0,4660,22143.744648318043,12753.083333333334,177.77690267317573,17.479865853113353,1.346942538695151,1308,0.9951543837936742,1,0.5006467915665586
fov0,4661,22132.108108108107,16281.3003003003,45.44363366795981,11.167710078138395,-1.2268347611286943,333,0.9693335946686612,1,0.9297101939043493
fov0,4662,22152.289879931388,19625.00343053173,61.712548217901166,29.55311370199855,0.11902557921157725,583,0.8778785269061237,1,0.3277192989376393
fov0,4663,22150.997389033942,7298.618798955614,50.04815023132791,14.351465819790876,-1.5077096206923462,383,0.9580044981537762,1,0.34710944569710284
fov0,4664,22198.944727891158,19674.261904761905,90.70714534190859,46.47059691620624,-0.05272780487137008,1176,0.8587978386439424,1,
fov0,4665,22209.20437566702,8069.781216648879,167.26128557827113,54.53836344171884,1.0065387519125837,1874,0.9453467077860372,1,0.4955023671874972
fov0,4666,22175.220588235294,8194.52205882353,39.74844973734066,10.861873395096884,-0.46823600908527363,272,0.9619386972210417,1,0.6295729685764941
fov0,4667,22171.84326018809,8435.940438871474,26.48928144432163,16.771741940209033,1.346699388050163,319,0.7740274704743132,1,
fov0,4668,22199.794794794794,12398.56056056056,103.8882292327068,14.951536503443005,0.6859748975938218,999,0.9895894061520623,1,0.19094256747206978
fov0,4669,22174.006079027356,13547.060790273556,37.87856605283952,13.131997106933094,1.304014372278128,329,0.9379809671182047,1,0.7155065632169795
fov0,4670,22232.98271500843,22935.132377740305,150.34700973982407,41.145701288246606,-0.12467705038889354,2372,0.961823203657567,1,0.23732281420075227
fov0,4671,22209.737931034484,19574.478620689657,65.45225264677512,28.735749938584743,0.6580369992224674,725,0.8984705556411393,1,0.461331126020198
fov0,4672,22234.162467419636,19711.718505647263,146.21025184412122,18.672535596812605,-0.4441657221330453,1151,0.9918115311844148,1,0.46493017703526424
fov0,4673,22192.60218978102,11309.441605839416,31.95527735839603,22.289647549939193,1.4513707987204132,548,0.7165591460505281,1,
fov0,4674,22212.247663551403,11375.67406542056,47.20197298639659,23.902510328682666,0.579195680683728,856,0.8623057719065299,1,
fov0,4675,22211.345238095237,7097.206845238095,49.67866263345658,18.323438925101033,-0.7219829434916112,672,0.9294932132731492,1,0.22668077141148396
fov0,4676,22273.376900337837,20590.92673141892,379.0085004876445,96.59282662322515,-1.1609302295011537,9472,0.9669788527044816,0,0.22730777253209056
fov0,4677,22255.366740088106,19541.723568281937,64.00572581596899,46.446766839139286,1.0504949279489562,908,0.6880473333074437,1,
fov0,4678,22288.46300659755,7214.953110273327,176.64840439659025,65.59853107143101,-1.174107562443083,4244,0.9284926296111118,-1,0.2097904320830912
fov0,4679,22285.424581005587,19615.853950518755,81.70039350455089,42.12004087059811,-0.24285439849430154,1253,0.856863893448045,1,
fov0,4680,22304.771548703575,11447.555010511564,107.04750521710687,23.501331222185335,0.6324986211391921,1427,0.9756032432745183,1,0.3118546739941785
fov0,4681,22284.905099150143,15626.22521246459,87.9965439250269,13.203718432721166,1.1290932070127033,706,0.9886786906413286,1,0.8794818686319623
fov0,4682,22306.876625386998,14412.356811145512,357.55787949585374,48.12233392921779,-1.4263584970207308,6460,0.9909018980688549,0,0.5618371934369341
fov0,4683,22299.96448303078,7033.539857932123,69.30010056121912,35.388092269803984,-0.05916290027913579,1267,0.8597887168686643,1,
fov0,4684,22304.150540401442,15395.224137931034,252.94586781402973,59.859732576443065,-1.3496371543238443,3886,0.9715948762529089,1,0.5508587929420287
fov0,4685,22295.89750692521,7418.572022160665,46.74375421833448,29.232855538042,-0.8489179385918534,722,0.7803161276727634,1,
fov0,4686,22300.51506849315,15197.591780821918,24.610390653745018,18.89955023634063,-1.2040870350886486,365,0.6405097592580049,1,
fov0,4687,22299.548936170213,15717.229787234042,33.91539402507659,9.940842227163925,1.1605266738816982,235,0.9560796188729479,1,0.6183994509559926
fov0,4688,22488.000108283704,20386.97217108825,651.3973974853022,64.86428519790394,-1.0372551646541506,9235,0.9950298460901583,1,0.1800026285719796
fov0,4689,22351.838754462515,15573.893494644983,331.70380395050034,77.54039302382495,-1.3708002806860249,5042,0.9722933782815473,1,1.152644938060092
fov0,4690,22353.393483709275,15827.570175438597,163.49496943404574,24.243166789645315,1.058740898025913,1596,0.9889452972019384,1,0.6052155808392107
fov0,4691,22373.17219387755,18833.61224489796,205.80756208945593,103.88717511488296,1.5583269107163373,5488,0.8632490644849732,0,
fov0,4692,22524.720648815655,20177.772828698937,728.4195806806318,71.53310455124118,-0.9724281709236186,11652,0.9951663877899531,1,0.3690399716995763
fov0,4693,22381.06225165563,12139.92582781457,99.08877268327838,22.67954559412043,0.4974700862385573,755,0.9734543902487149,1,0.6446531537310451
fov0,4694,22357.238879736407,7469.457990115321,40.93000037016326,22.222880527100923,1.1592327763539136,607,0.8397660230936032,1,
fov0,4695,22367.50641509434,17677.364528301885,117.71070893552952,37.98514585884641,1.4631783056890262,1325,0.9465015889181932,1,0.8431748777586704
fov0,4696,22368.928012519562,15280.435054773083,51.81316499423456,17.634344378027283,-0.07467828822034747,639,0.9403006840250054,1,0.5091502442481833
fov0,4697,22389.446666666667,15346.304444444444,105.39226764952292,19.114836683051088,-0.542968059915896,900,0.9834152073274859,1,0.397981240161472
fov0,4698,22380.338775510205,12523.0231292517,79.68784500934721,15.604021597843403,0.4318855153323444,735,0.9806409893753415,1,0.3107822336668891
fov0,4699,22362.86283185841,15770.243362831858,32.44000686874504,10.201030442948538,-1.308755871875428,226,0.9492712771240677,1,1.2809633455028706
fov0,4700,22371.56780923994,13443.867362146051,56.82500120955818,31.43703206457223,-1.4142447967618221,671,0.833031629021567,1,
fov0,4701,22392.177693761816,8222.041587901702,64.73499185410262,18.669575774348203,0.1472120129582893,529,0.9575100016489553,1,0.41890145949392465
fov0,4702,22382.46893317702,18362.48182883939,124.81705124482849,11.170352714403274,1.3905816313532606,853,0.9959873789629976,1,1.190332188354513
fov0,4703,22396.258530183728,18211.857611548556,154.10209231146345,32.550895484088606,-1.0841520635766286,1524,0.9774365106689415,1,0.6722958682878543
fov0,4704,22401.164024810474,15773.572019297037,181.69516289567173,16.297630750733067,1.2604336170638708,1451,0.9959690406746547,1,0.931360086966804
fov0,4705,22443.492642731017,11581.582695703355,125.51838680303881,46.665782688750724,0.003445400755308778,1699,0.9283190900170879,1,0.35354016563961993
fov0,4706,22398.13661202186,10310.461202185792,58.65011829831181,26.526292851510572,-1.1949519280370418,915,0.8918758512533436,1,0.5290442826995178
fov0,4707,22402.125348189416,9547.988857938719,35.11550195822356,19.760874280713157,-0.9101029044191928,359,0.8266344046209573,1,
fov0,4708,22417.979134860052,12069.893129770993,105.81692427669589,49.64320049306274,-1.4186451716029973,1965,0.8831225598517711,1,0.6368601664501168
fov0,4709,22438.491499227202,9190.2828438949,108.74931742886217,73.38071487309033,-0.7868317754729319,1941,0.7380286018155657,1,
fov0,4710,22415.388034188036,17588.347008547007,52.3155491933371,33.53373894690456,-0.6698208094294482,585,0.7675493083323773,1,
fov0,4711,22490.04473920863,15770.53349820144,448.1955554564065,78.03070685188491,-1.4181355362081975,4448,0.9847280326376088,1,1.1699667726144731
fov0,4712,22415.719696969696,21686.984848484848,18.973374086823775,8.921814327511731,0.5877778891603432,132,0.8825448998555186,1,0.551611377643293
fov0,4713,22460.21168305379,15570.045980335453,444.4119297702143,80.2031231071385,1.5560007753741294,6916,0.9835804472147804,1,1.0733501698724608
fov0,4714,22422.817757009347,15756.102803738318,32.14969375151532,9.968898475476403,1.5109500709491521,214,0.9507112648199868,1,1.0246199212329836
fov0,4715,22442.871739130434,15365.38695652174,45.08936286042965,16.465350556207614,0.2561161082101304,460,0.9309402617506707,1,0.6427079848100944
fov0,4716,22441.00465116279,21596.883720930233,30.620058586085047,26.953534226836062,-0.3206822325086862,645,0.47449641551860555,1,
fov0,4717,22501.440124416797,12126.098367029548,124.46210820254021,42.98309982928699,-0.28901969069963457,2572,0.9384736345951552,1,0.3658433271575102
fov0,4718,22463.9115942029,18257.504057971015,288.7974717011163,83.788868273174,-1.4156897765199197,3450,0.9569871822283922,1,0.7839899880532797
fov0,4719,22541.34655746097,18343.248784233427,305.6089733584433,102.44528994376083,-1.1289781332500726,3907,0.9421409851589343,1,0.27376006105738887
fov0,4720,22450.203703703704,21541.79938271605,35.32425305166546,13.800174709078936,0.5532327596971092,324,0.920530212629733,1,0.5373964820883939
fov0,4721,22459.311881188118,12610.448019801981,39.51404369257881,29.454633853818365,0.4222894678213994,808,0.6665929632333143,1,
fov0,4722,22491.870774830993,12337.19422776911,139.0111716391883,110.16192394568442,1.5429238986474492,3846,0.6099133175016154,1,
fov0,4723,22483.44230769231,18457.77564102564,71.9869958825223,21.38587521060861,-0.13342755997389133,936,0.9548526856383386,1,0.5592263379398497
fov0,4724,22513.235948241003,16303.081884350991,190.3663967386026,158.45644222849748,1.3324724675420476,4946,0.5542111501396065,1,
fov0,4725,22463.171067738233,18925.962112514353,81.65439323087936,21.484087174249176,-1.3077885628364982,871,0.9647658417326089,1,0.7372446586924369
fov0,4726,22528.347329083314,11975.116069465817,189.48160932872582,76.39677438033976,-0.3526836776672622,4549,0.9151170238623487,1,0.35536476346531
fov0,4727,22470.09842519685,14632.77559055118,40.03012710649905,9.050939647279682,-0.1730604032600737,254,0.9741033544098255,1,0.3441542793734989
fov0,4728,22473.09152288072,10192.755438859715,74.24246702710388,24.332599159856716,-1.2808244896829046,1333,0.9447662139634796,1,0.5597063854227801
fov0,4729,22481.807131280388,10111.56077795786,36.21153391239795,23.354901200030557,-0.270849821943276,617,0.764218420414375,1,
fov0,4730,22479.73356401384,11188.058823529413,35.39595615608643,11.499247461192814,0.2486142040771417,289,0.9457570975703354,1,0.24947410589617947
fov0,4731,22500.231433506044,18134.58549222798,61.61505172760679,18.032212764439834,-0.08641749976552222,579,0.9562168075211331,1,0.507737250183602
fov0,4732,22490.188644688646,12042.569597069598,40.99498602161026,30.07844660061906,1.3887046307764541,546,0.6794623495199926,1,
fov0,4733,22481.994594594595,16323.054054054053,15.992740938138933,14.818948564426389,-0.5229808481383426,185,0.3760369277664273,1,
fov0,4734,22503.287037037036,7977.458333333333,49.74162909744056,21.9607869767145,-0.20213851117780732,432,0.8972626569333425,1,0.3526023745407149
fov0,4735,22491.914338919927,11520.629422718808,53.923252513915095,27.235127647054828,1.5115347423740457,537,0.8630771837506006,1,
fov0,4736,22492.64317180617,11242.092511013216,25.138849299764445,13.430708295268646,0.44954815925333647,227,0.8453195365462307,1,
fov0,4737,22505.98888888889,21592.411111111112,36.41599038273889,19.367762192506977,0.28404785886941813,540,0.8468399974229615,1,
fov0,4738,22511.845637583894,10137.865771812081,32.67463745617132,12.284951128385291,-0.6658867866096521,298,0.926628511774263,1,0.4193811617894241
fov0,4739,22515.79411764706,10273.571078431372,27.62844483043978,19.525453505568958,0.3775713821733881,408,0.7074977265567352,1,
fov0,4740,22514.735909822866,15525.676328502415,73.04249566539862,16.070650496704964,-1.5557262909020184,621,0.9754958533424172,1,0.9362656900521272
fov0,4741,22559.37768739105,10066.00116211505,97.06553504560998,24.719215469442645,-0.7384024191094524,1721,0.9670292796239532,1,0.42401680935762787
fov0,4742,22570.85703422053,12515.134600760457,67.0605379460697,35.096494455564724,-0.40602152243324874,1315,0.8521145043344004,0,
fov0,4743,22598.124675324674,14445.106493506493,118.04035378037293,15.31141821462242,0.18226954535220083,770,0.9915515257268965,1,0.4548245624842241
fov0,4744,22594.1002073255,12067.001382170007,101.30074716903742,34.99514234479435,-0.781755361054216,1447,0.9384342525852823,1,0.24959450009496323
fov0,4745,22623.90775862069,21123.022844827585,235.1083803188421,55.538258179094015,-0.894316349929687,4640,0.9716986103609738,-1,0.561248213614471
fov0,4746,22612.689175257732,18219.590721649485,215.28011922376973,43.4565431034902,1.043456461831633,1940,0.9794142924082809,1,0.7937796467734372
fov0,4747,22577.05072463768,18109.123188405796,22.658562004965795,8.528796897614844,0.20632748980335572,138,0.9264552051763929,1,0.563624544503555
fov0,4748,22620.55857142857,14499.092857142858,107.70129731691156,18.007236445870337,-0.5729226932726705,700,0.9859236610819724,1,0.3368621061042878
fov0,4749,22592.87675070028,10118.694677871148,54.037813315714345,16.957213419626175,0.8006643111466162,357,0.949488202001223,1,0.8956344931312474
fov0,4750,22592.331058020478,18415.378839590445,43.73111802562048,14.993633289875637,-1.2517709968295954,293,0.9393866616473544,1,0.6491023636913428
fov0,4751,22638.374247894102,14625.838748495788,128.58805664172218,11.125140537809513,0.022309382015082684,831,0.9962503153205639,1,0.21311267350141008
fov0,4752,22604.228873239437,8031.031690140845,38.394084709313276,28.4297613662795,0.30521722476750845,568,0.6720867310742269,1,
fov0,4753,22604.929203539825,16285.176991150442,27.22407896638812,15.315067814895075,-1.5422486332353333,226,0.8267592119103531,1,
fov0,4754,22659.18766519824,16718.07268722467,204.36247189922221,26.04837721961075,0.995338510625467,2270,0.9918435000472753,1,0.8368392765001278
fov0,4755,22610.954128440368,18328.550458715596,17.930862049006983,7.939372448694263,-0.7962462009092827,109,0.8966317920890702,1,0.5053729816407126
fov0,4756,22617.704453441296,18380.522267206477,25.170177010135646,14.746028471982159,-1.5301385598757034,247,0.810417201695241,1,
fov0,4757,22628.42468619247,11884.050209205021,31.40929251964838,21.24382613068255,-0.06340728795955201,478,0.7365759760976883,1,
fov0,4758,22631.484057971014,17492.58260869565,33.86273047193399,20.415025005121564,1.2207027703213755,345,0.7978349561887782,1,
fov0,4759,22641.997425997426,11970.410553410553,61.808591067487086,40.25878088524288,-1.1371392125904676,777,0.758780824232377,1,
fov0,4760,22644.689964157707,13793.93817204301,58.058188117197005,37.74493253267679,-0.977048434420116,1116,0.7598294393533596,1,
fov0,4761,22696.51475121092,16006.027741083224,190.7299578427249,21.59471202517502,0.5513300861323641,2271,0.9935697839407129,1,0.6780944826398104
fov0,4762,22648.510035419127,21357.733175914993,55.109760030972204,46.19135617290404,0.20978192411024096,847,0.5454088276401919,0,
fov0,4763,22666.251423149904,11919.336812144213,64.7384687947091,48.4318197436484,0.7777850617832606,1054,0.6635690944032678,1,
fov0,4764,22636.848958333332,13739.145833333334,27.24812908303582,11.011395597379801,-1.241046575117935,192,0.9147078962390821,1,0.6558688745009505
fov0,4765,22647.14577259475,12024.510204081633,51.90064304721728,9.917985207333137,-1.1870195348190802,343,0.9815714271640729,1,0.3407430281555669
fov0,4766,22711.386732388582,11179.678168001643,157.36990075937547,142.5452345767789,0.9072869536520998,4869,0.42371123721837817,0,
fov0,4767,22673.52700922266,8429.650856389986,68.65174494707729,27.57317847857198,0.37708558974475564,759,0.9157983284101036,1,0.4604266461277607
fov0,4768,22680.921487603307,11876.293388429753,27.07070343644458,16.679239423616114,1.418733267676318,242,0.7876396543260744,1,
fov0,4769,22683.963601532567,13869.369731800767,37.334074320409364,18.722531453704633,-1.1204810693971827,522,0.8651655135022062,1,
fov0,4770,22694.168805528134,19837.72754195459,69.25636507084376,34.90606626613046,-1.4310048460888538,1013,0.863696421231135,1,
fov0,4771,22691.07774390244,17428.565548780487,72.17665531507686,13.405463021894569,-1.2557900733429683,656,0.9826005746710786,1,1.1173710332939515
fov0,4772,22700.067683508103,13810.493803622498,68.82798163652178,33.857833053907,-1.248993767879114,1049,0.8706406314657104,1,0.6580192436211271
fov0,4774,22736.042188529995,12343.243902439024,78.72843627255352,52.53699482002556,-1.560900210028046,1517,0.7447718604667043,1,
fov0,4775,22738.904899135447,14767.541786743515,55.40767709823363,8.554686897381409,0.5778400791021421,347,0.9880091499382868,1,0.6234985252452162
fov0,4776,22753.340328984686,15609.522972206467,119.46305012176427,56.29591156443271,1.456468549618301,1763,0.8820043807824158,1,1.0415735682113783
fov0,4777,22750.28327645051,6933.525597269625,33.30900655905722,13.245926831161443,-0.7263164156753344,293,0.9175293686936126,1,0.7858133073176622
fov0,4778,22750.121848739494,19340.415966386554,22.546634991721753,16.06618311067524,-1.3981096650052656,238,0.7015952831761504,1,
fov0,4779,22767.108606557376,19736.18237704918,59.67742443670142,15.146784736384872,0.3914821015598999,488,0.967253841351189,1,0.4113736495452379
fov0,4780,22833.766547760602,15691.724534284582,177.10579318954248,101.64665895768762,-0.7546585364377155,2523,0.8189030524710268,1,
fov0,4781,22787.269299820466,12183.190305206463,61.6740968554337,20.03897641177329,-0.7500597120883379,557,0.9457424579785085,1,0.23439831785922208
fov0,4782,22787.16561844864,7324.24109014675,28.072520213598136,21.754460919229135,0.6644250161034909,477,0.6320373349542802,1,
fov0,4783,22808.26656626506,12318.82078313253,60.043375102712545,16.97156010483294,-0.06115860127679273,664,0.9592216385036478,1,0.5083351842870333
fov0,4784,22861.73732876712,19658.79589041096,199.47026670023476,55.68498482165768,-0.5132368897590157,2920,0.9602433403880539,1,0.4794141567818298
fov0,4785,22801.108,16012.084,60.584103490527575,11.489947095136863,-0.8816469954640161,500,0.9818512114744493,1,0.8803334189639086
fov0,4786,22804.523738872405,10539.45994065282,44.82709777679879,36.66600226553003,1.073347329284882,674,0.5752995407143346,1,
fov0,4787,22800.263071895424,15529.235294117647,45.67424260044098,26.362998605519746,-0.6804919716269392,612,0.8166055127296168,1,
fov0,4788,22848.931554524363,10618.150232018561,139.08771115358832,86.85684895360535,0.017035723190991326,3448,0.7810445061760027,0,
fov0,4789,22802.48520710059,10676.497041420118,23.73415629855729,10.001173009856245,-0.4150715854798324,169,0.9068827155985203,1,0.4525092566352361
fov0,4790,22935.045672820404,16189.467826272543,359.672686047297,162.07601743315382,1.2611930087894683,9371,0.8927154276136936,1,0.8524099488611018
fov0,4791,22889.22372881356,21553.60677966102,47.486762882938876,8.871797620204976,-0.0715720412519396,295,0.9823928771870949,1,0.35248485436883525
fov0,4792,22939.141693811074,19577.625950054287,152.033155941437,32.01638821742021,-0.33490105997603703,1842,0.9775748622070876,1,0.4211999798561655
fov0,4793,22890.014683153015,14565.684698608964,108.79358988061124,36.584626558941636,-1.4279729051079375,1294,0.9417636329484703,0,0.6971932951155155
fov0,4794,22906.524154589373,11749.746376811594,32.50131060299154,21.263431632982567,-1.5076258778532425,414,0.7562930077307617,1,
fov0,4795,22927.18198529412,9267.380514705883,43.444149075914886,36.62923048770732,0.6461449305208328,544,0.5377038178240895,1,
fov0,4796,22922.256097560974,14483.036585365853,27.35705249331085,7.925501284420265,-0.46904613661285216,164,0.9571156952044585,1,0.31582958712132797
fov0,4797,22947.722307692307,17015.35230769231,75.7876613016143,56.03977880606753,1.0679966426992902,1300,0.6732318766036391,0,
fov0,4798,22929.992882562277,19519.914590747332,40.53392652724244,9.588731518348629,1.1678211230855264,281,0.9716167271962162,1,0.7246059790669898
fov0,4799,22972.037900874635,7349.524781341108,85.05710292839959,59.98667870013613,-0.7583857592164686,1715,0.7089568649027558,0,
fov0,4800,22963.7762605042,7261.63550420168,64.06288463786656,20.901810766302702,-0.6106085857437521,952,0.9452765471830359,1,0.7389513084226402
fov0,4801,22957.649590163935,13889.112704918032,64.58631557254743,17.0596064863636,-0.6708628110359796,488,0.9644852946826071,1,0.29873794072676446
fov0,4802,22982.404352806414,22980.036655211912,91.33795275107649,21.601747308077176,-0.11115833204652893,873,0.9716306320655961,1,0.45777514512277884
fov0,4803,22960.55522971652,15398.41935483871,133.965153431231,17.74766249781475,1.5634026249814967,1023,0.9911857196044122,1,1.2384962596539884
fov0,4804,22960.31282051282,17124.425641025642,49.507227766222165,12.92644748302014,-1.4802723708972105,390,0.965311155232219,1,0.8974774883761498
fov0,4805,22974.105363984676,12414.896551724138,53.750122404339024,17.714228249699307,1.3074418813295448,522,0.9441324391631747,1,1.0214408622794058
fov0,4806,22998.514242878562,8551.850074962518,79.66397490097762,17.422660144718805,0.43183935675690094,667,0.9757917261459429,1,0.6482085904734062
fov0,4807,23000.074866310162,10444.486631016043,30.782602347460312,23.86347446049842,-0.14193040535664098,561,0.6316839478610721,1,
fov0,4808,23012.311557788944,19498.123953098828,51.664284960869956,24.185998768957713,-0.4796098830681678,597,0.8836555367891216,1,0.43439690041145684
fov0,4809,23009.434256055363,8691.245674740485,60.856163200051434,17.66835441547547,-1.3551218886004788,578,0.9569266630635552,1,0.9671622486421676
fov0,4810,23125.95150862069,22357.225646551724,245.56560315261322,72.78295216518445,0.13992901859839796,4640,0.955067296000293,1,0.5607290843106515
fov0,4811,23018.20435510888,9751.236180904523,29.866984157847607,25.509558734073003,1.132965821423235,597,0.5200996119332799,1,
fov0,4812,23041.790950226245,22220.82624434389,67.79282557860391,26.81183500983194,-0.9075022721740927,1105,0.9184674215845664,1,0.2734252664540056
fov0,4813,23057.928251121077,16810.954035874438,205.09341770710446,43.264540681151274,1.0270805236075753,1784,0.9774967643212303,1,0.8144076646076499
fov0,4814,23023.91878172589,7340.634517766497,21.848892745824134,13.835045636182134,-1.040745823417684,197,0.7739759820581498,1,
fov0,4815,23074.62244488978,16742.455711422845,212.34948556904644,43.433706210088026,1.0430457591413378,2495,0.9788584599368738,1,0.8200759954434094
fov0,4816,23062.272871496563,6941.2157588577475,257.24547765083923,38.86474569943805,1.3175986397097479,3782,0.9885214804898743,1,0.6129817417879176
fov0,4817,23025.04268292683,7301.158536585366,19.39769059621735,10.926841703381445,-1.0975790234081433,164,0.8262481407028298,1,
fov0,4818,23033.525878003697,18885.90203327172,102.96715648010886,18.20614259672122,-1.2819774835582882,1082,0.9842440953384141,1,0.07655961577366954
fov0,4819,23075.12713700939,18710.99590657356,295.7065857323925,33.451074312773585,-1.287321532076324,4153,0.9935810461914646,1,0.040176486739786396
fov0,4820,23070.809756097562,15243.830081300814,116.58053216461903,17.647412315494932,-1.2155411619757932,1230,0.9884763630997594,1,1.1684475743953637
fov0,4821,23186.717721399604,22111.21201546732,267.4970990429912,207.48186541365797,0.8854127972269932,10603,0.6311736533980655,1,
fov0,4822,23091.986577181207,7137.656040268456,130.44033060957887,13.157340541604464,1.507521881132022,1192,0.9948997510770994,1,0.6648808808611809
fov0,4823,23169.050700466978,6587.007338225484,226.1623203267153,55.044367746481974,0.9292101273013326,1499,0.9699299261169716,1,0.2662232511408024
fov0,4824,23147.066806575727,7381.460125918154,221.85400346881966,126.69339786501583,0.9164864477981071,5718,0.820903775322917,1,
fov0,4825,23123.36305732484,9304.047770700638,43.58763159977008,12.126126860693569,0.5491700382783468,314,0.9605228526539197,1,0.7174222459516015
fov0,4826,23131.928755364806,21422.590557939915,54.83149598302829,47.17903291984586,-0.07594264347166318,1165,0.509557297530694,0,
fov0,4827,23128.898907103827,15143.497267759563,44.66781400673709,11.501951451226244,-1.0972437441152552,366,0.9662783619916213,1,0.9483762237433103
fov0,4828,23159.517366511147,18473.482115085535,186.70012171612044,29.701542326025407,-1.3434296359191078,1929,0.9872645848040507,1,0.03256637544586998
fov0,4829,23183.78365089121,19223.38660110633,186.57520085050956,17.66859436355597,-1.0116910181378387,1627,0.995505895675658,1,0.565894279121877
fov0,4830,23190.398142937534,16187.990714687676,240.72320060368418,52.141036275618696,-1.2848601444963732,3554,0.9762600761671607,1,0.9822075888705085
fov0,4831,23160.324590163935,22149.55737704918,31.39682588631941,14.599436044252982,-1.0903642086251886,305,0.8853121519635496,1,0.32128846231489294
fov0,4832,23182.217665615142,9472.757097791799,27.451368173734213,16.827229117598197,0.595709003297971,317,0.79009589583295,1,
fov0,4833,23192.08510638298,7593.898345153664,59.660685058849,9.43610648331432,-0.5687215721831963,423,0.9874130339513276,1,0.42132668722210526
fov0,4834,23199.25785123967,7959.851239669421,53.17536736772559,19.451668144944907,-1.3832718062255416,605,0.9306926055578436,1,0.8376308024335787
fov0,4835,23228.544345898004,7821.361973392462,112.9480656178488,51.65194754923129,-0.9078825699866412,1804,0.8893088637081433,0,0.6522461647604821
fov0,4836,23234.386581469647,10157.931842385517,93.29312983200182,37.02028572191266,0.05541743438796639,939,0.9178978097408158,1,0.5773984663347373
fov0,4837,23204.557993730406,18343.38871473354,49.89132524211795,8.584191409264076,-1.3491434390933763,319,0.9850868566731766,1,0.034958833048604865
fov0,4838,23216.302127659575,7094.565957446808,34.205968900886646,9.728893804852987,0.1097638863889408,235,0.9586994989469415,1,0.5197624808109942
fov0,4839,23231.23112840467,14706.515953307393,80.01897979199984,56.642161202435446,0.8740795621193193,1285,0.7063536838420359,0,
fov0,4840,23233.613899613898,9976.830888030889,222.52349246892956,44.71260471427306,-1.4801506155647055,2590,0.9796047174905952,0,0.8670141439073916
fov0,4841,23276.867862969004,6952.292414355628,149.32291080424588,26.344492149051227,0.7349997471139027,2452,0.9843138485360731,1,0.29206693052608296
fov0,4842,23245.22966507177,22301.352472089315,56.82645016626555,15.015973442228947,-1.1227864326448325,627,0.9644562232061744,1,0.332346919578999
fov0,4843,23339.77696793003,13355.518950437317,231.32457707515314,117.3841451286885,-0.8332113524293537,3430,0.8616850520695211,1,
fov0,4844,23283.520578420466,10236.295884315907,86.92306651561093,14.672574031188246,0.6315279264191096,899,0.9856504014045662,1,0.7894876975579781
fov0,4845,23278.491293532337,8062.330845771145,65.63417674485916,17.180177714454796,0.9134336121437637,804,0.9651339244891005,1,0.8212426259379829
fov0,4846,23288.364414029085,19031.90162532079,125.18676466777838,15.024570537046097,-1.1433841495431327,1169,0.992771807131232,1,0.0648393674689586
fov0,4847,23304.209653092006,7622.337858220211,110.67909486599494,9.066896920555969,0.8665421839725735,663,0.9966388597103089,1,0.8466894973585258
fov0,4848,23283.459074733095,17381.042704626336,32.14753317071255,18.077031460418862,0.9945571428344606,281,0.8269232996703642,1,
fov0,4849,23286.914040114614,21971.730659025787,46.67604810844612,9.933242853125412,-0.7686355917732799,349,0.9770930728389193,1,0.23323312893793352
fov0,4850,23287.233881163083,23295.925410872314,45.84442682563678,22.349921617573603,1.3942686202016563,791,0.8731136873702179,1,0.9834058649901936
fov0,4851,23305.64501160093,15313.034802784223,29.15983736340411,21.155759235171008,-0.6763077518455606,431,0.6882114208319846,1,
fov0,4852,23322.582949308755,10178.258064516129,36.10757424278702,23.827493863905737,-0.012037222079259505,434,0.7513508696615704,1,
fov0,4853,23317.37756497948,7044.0027359781125,39.256375036496905,25.8622983623905,1.4059322684088227,731,0.7523136964833829,1,
fov0,4854,23418.086339444115,18715.875813128325,474.9023785287262,115.21391544013012,-1.2433698185018371,11837,0.9701250358680497,1,0.038268301165865416
fov0,4855,23342.80277777778,14719.9,54.81625086536989,9.191582250880954,-0.12768692040686366,360,0.9858414976833436,1,0.44097004583833677
fov0,4856,23335.41131664853,6421.915125136017,120.10923989128348,28.442743889865937,1.4526044920769223,1838,0.9715566407936119,0,0.40391410778856623
fov0,4857,23355.096400244052,17659.180597925566,265.00304954635413,35.67507186728193,-1.566987673112916,3278,0.9908971129656278,-1,0.16137308144912574
fov0,4858,23384.09486166008,9333.74044795784,57.43125661938607,19.325979038426894,1.239733805112151,759,0.9416812185945491,1,1.0792976947932367
fov0,4859,23385.396907216495,10030.649484536083,27.138233218951886,12.500682713060991,-1.3899054985335897,194,0.8875922821138595,1,0.9047892890188364
fov0,4860,23403.916666666668,12046.115384615385,42.328570908419756,11.08793555909526,0.29366048639806347,312,0.96508166143946,1,0.47315600217869225
fov0,4861,23394.716814159292,8091.575221238938,17.042278955827147,8.624487171688552,1.5100884529837086,113,0.8624958151069044,1,
fov0,4862,23416.249443207125,21357.350779510023,56.45961421356051,41.8438369661379,1.0615133005725534,898,0.6713630481400297,0,
fov0,4863,23424.604229607252,7371.705438066465,84.34678408190041,47.66357345498685,1.1974146908756176,1324,0.8250288674631716,0,
fov0,4864,23407.404530744338,11297.996763754045,47.71627521478301,8.73011829754863,-1.4671946183899005,309,0.9831205585729793,1,0.999618084774907
fov0,4865,23418.337209302324,11891.043604651162,55.55422672242306,9.297109719781375,1.0038900613830202,344,0.9858972134611992,1,0.6507510800869789
fov0,4866,23448.15728604472,17113.316885119508,138.28931552053652,21.372695363059112,-1.0523608737469277,1297,0.9879848758961483,1,0.7567510519567707
fov0,4867,23421.695833333335,23312.2375,18.4180404116839,16.732991651698185,-0.8274676777824566,240,0.41786101525033514,1,
fov0,4868,23431.33267793944,21968.861187573733,163.39215638326516,30.001770028324874,-1.5573985492135036,2543,0.9829976422998097,1,0.2786361119809626
fov0,4869,23428.268292682926,14726.654471544716,30.441868289379144,14.189879218570889,1.2420476612995297,246,0.8847160457187384,1,0.5914815620974518
fov0,4870,23440.579130434784,15258.332173913044,70.86029420585692,13.308384083424748,1.424185527810935,575,0.982205074813842,1,0.8070023965533761
fov0,4871,23478.57809983897,21340.247987117553,90.45294913074312,54.54256603622828,0.9826860883179919,1863,0.7977458849230846,0,
fov0,4872,23491.50299800133,16177.860093271152,80.63794169053679,67.21966119578407,1.1147792992458005,1501,0.5523709493504964,0,
fov0,4873,23552.79879362344,14876.970271434726,190.03335385957348,40.387181209745236,0.8279699345570314,2321,0.9771552373565908,1,0.42333457534511526
fov0,4874,23554.13664596273,9119.12511091393,115.66220214458203,86.89606859839705,-1.2665843158934267,2254,0.6599701296643308,0,
fov0,4875,23570.79120879121,13147.204670329671,165.0017485495429,14.527740229986122,-1.0108787988949177,1456,0.9961164117998594,1,0.5881628474650782
fov0,4876,23602.53189617246,9450.021997360316,103.17061512889799,84.0203444396347,0.5997209583269841,2273,0.5803284660158206,0,
fov0,4877,23572.480978260868,13095.04347826087,57.2995451129626,9.701412228317448,-1.1292112638439928,368,0.9855627675595882,1,0.6127846093788963
fov0,4878,23636.48114075437,13699.63753449862,126.47409545030519,77.9521613279007,-0.1138974193981699,2174,0.7874732466468514,1,
fov0,4879,23605.0848,7451.824,44.31400769298203,22.758779614608713,-0.5232492264775814,625,0.858041828590449,1,
fov0,4880,23618.09026128266,15506.634204275535,61.906650080056764,9.620515861941676,0.6147517206631196,421,0.9878510632873619,1,0.5987575719726064
fov0,4881,23615.736842105263,14087.894736842105,19.60903305934112,9.448183586861688,-1.1520639441497218,133,0.8762657474644703,1,0.8399573161717034
fov0,4882,23624.64502164502,14126.39393939394,31.227817280839332,9.997165069956198,0.6583756391546333,231,0.9473714171498718,1,0.6621985619223442
fov0,4883,23653.64424778761,6957.189380530974,39.908330886836985,29.10969116090457,-0.2675806507620536,565,0.6840726325800457,1,
fov0,4884,23672.234953703704,14691.739583333334,77.58833139387475,27.797700261232176,0.357546763667924,864,0.9336173830115816,1,0.33967984258883643
fov0,4885,23648.163636363635,9311.945454545454,16.28299675057159,9.692864392255792,-1.3736836025920733,110,0.8035218841789106,1,
fov0,4886,23701.94115156647,11321.011854360711,151.2223842331069,114.6785386455403,-1.2374272442697487,2362,0.6518549456334267,1,
fov0,4887,23680.031934306568,14997.380474452555,83.3248489747998,20.73420185528678,-0.42157248368613653,1096,0.9685456964621759,1,0.7524717319071141
fov0,4888,23668.709055876687,11165.15992292871,42.40275217351789,30.400478236226434,0.5896871172722228,519,0.6971288353710844,1,
fov0,4889,23683.263473053892,7391.299401197605,52.609680487627166,8.845983453133472,-0.2113413247843712,334,0.985762504135153,1,0.29911818601649454
fov0,4890,23683.654891304348,21576.97554347826,53.67545605895874,9.46319110347553,-0.8886592493211,368,0.9843357873684718,1,0.19722527896979813
fov0,4891,23680.116751269037,11789.700507614214,37.26314454065208,16.889541462833353,1.273708964659489,394,0.8913831509361473,1,0.9787919458958743
fov0,4892,23720.918472273228,11975.677928755049,123.40419565495016,78.57264474842779,0.20764200725536583,2723,0.7711036217960723,0,
fov0,4893,23785.394261603375,21890.283375527426,231.45927076500234,124.78457919675807,-1.272647628539368,5925,0.8422282515550885,1,
fov0,4894,23750.19738988581,7690.973898858075,94.52709829317202,40.02682510386935,0.16507160778809377,1226,0.9059228124015122,1,0.3482239600081492
fov0,4895,23720.50979381443,11114.744329896906,141.55003810410406,67.26399079328556,-1.5596438442927423,1940,0.8798800505436184,1,1.0492881116854211
fov0,4896,23721.18532818533,7497.525096525096,38.12193610503253,9.730542748445737,-0.22885793986664513,259,0.966875652868395,1,0.3032012574386218
fov0,4897,23746.81462291307,8262.278641335635,98.95007653001424,66.0795728897437,-1.0878627984056108,1737,0.7443343015767108,0,
fov0,4898,23759.54740608229,19433.372093023256,142.04131161754336,12.918220347130411,-0.9781196668486004,1118,0.9958557410827525,1,0.26271982383142023
fov0,4899,23790.42852263023,21428.116481639623,232.3045762252088,87.2695548995864,-1.1124532772633187,5855,0.9267540333701524,1,0.17833647835582542
fov0,4900,23744.283422459892,7387.395721925133,20.227794219029867,14.720482795454021,-1.0611677202841885,187,0.6858579476728344,1,
fov0,4901,23748.12788259958,19758.69182389937,41.88015925591892,16.376421457819497,-1.1708342052968463,477,0.9203777016188512,1,0.31750543027537603
fov0,4902,23759.367708333335,15343.307291666666,110.51764748690967,15.794790045147199,1.445032354922321,960,0.9897347562816395,1,0.8368710452350783
fov0,4903,23770.01396973225,11276.12223515716,69.25527833647291,24.945663411873447,-1.3306506613770686,859,0.9328755939404013,1,0.9688111848445583
fov0,4904,23889.809266270055,21557.273120605732,274.5722706434689,63.23890432662003,-0.6020360875207166,5547,0.9731154465934538,0,0.30610658014969805
fov0,4905,23772.720547945206,8642.83287671233,32.09402760682979,20.95874028863831,-1.1843206584158184,365,0.7573218992571089,1,
fov0,4906,23770.0576184379,11137.371318822023,72.08214319511937,16.53089194024569,1.4393561696413553,781,0.9733477693471715,1,1.253004257947025
fov0,4907,23809.495894909687,19779.7816091954,67.08474865777984,13.173200587552197,0.03578836743134877,609,0.980530559654176,1,0.6303290500250792
fov0,4908,23836.95630252101,7630.133613445378,68.33035064779958,65.05412042774937,-1.1258960993826255,1190,0.3059329060511781,0,
fov0,4909,23828.772727272728,20581.92461197339,142.98140577188576,16.636287963365508,-1.4764602393846449,902,0.9932079461104614,1,1.197753991676791
fov0,4910,23836.808539944905,7912.18044077135,54.675740843227615,43.555496259395596,0.10832064011671641,726,0.6044874658523628,0,
fov0,4911,23839.71031096563,8132.111292962357,49.790313577605055,35.50762324802462,-0.41764575302298695,611,0.7010183913786757,0,
fov0,4912,23839.367765567764,20255.178754578756,136.01648183520578,37.6588552551052,-1.517060228128655,1365,0.960907444751518,1,0.8505571565025436
fov0,4913,23865.448979591838,16392.114965986395,84.19887354927049,69.12664093705177,0.6611187244096562,1470,0.5709390236063121,1,
fov0,4914,23834.373177842564,20686.845481049564,49.27885507651694,9.692892625278413,1.489981515003365,343,0.9804647729347653,1,1.073025900881991
fov0,4915,23859.242201834862,16458.97614678899,66.76312492714827,11.961322606916376,0.4350908370905255,545,0.9838198379648336,1,0.6067745126549982
fov0,4916,23865.256944444445,21866.354166666668,23.039238313983287,8.64851969837689,-1.0958213008455084,144,0.926870116358968,1,0.17678909244855584
fov0,4917,23877.382456140353,11529.6,33.10489112426161,22.533426151970815,1.4785388321728774,570,0.7325924136513318,1,
fov0,4918,23923.046772684753,7358.623947614593,60.546177686546166,49.97414903120616,-1.3375929787541554,1069,0.5645644332710522,1,
fov0,4919,23981.6771037182,7847.270058708415,34.48188975419606,20.19454770085781,0.49864113313553265,511,0.810559251258603,1,
fov0,4920,24041.084249084248,21069.33868695407,130.386683871871,98.03119667625886,-1.4672018145342365,3549,0.6593344688758237,1,
fov0,4921,24052.986976744185,15100.445581395348,125.37113864381334,24.766510805070634,-1.2066908954005064,1075,0.9802937084527478,1,0.9432235705191709
fov0,4922,24150.775187536066,14189.7525678015,357.85559737096156,116.11412823609999,-1.160208546423745,8665,0.9458952948404963,1,0.6292268561587269
fov0,4923,24103.43675889328,9414.316205533596,41.412718439690536,16.86644999991528,-0.72202147488408,506,0.9133046592367454,1,0.634788654374477
fov0,4924,24145.466717440973,8966.601066260473,204.26830735929408,118.1139725382215,-1.4317477499704632,6565,0.8158741209952541,0,
fov0,4925,24176.127485011046,19138.856421584096,302.8210421617549,30.8178072941052,-1.1732397898755795,3169,0.9948080529094605,1,0.19553183077247266
fov0,4926,24156.790300546447,21161.45901639344,76.66147129458554,51.18063854219991,-1.3303977730295429,1464,0.7445032935319315,1,
fov0,4927,24158.234775641027,13107.19391025641,200.84482724556028,49.44914549232025,-1.3664374696564434,2496,0.9692175932000145,1,0.3188330858328307
fov0,4928,24257.61577915221,11176.295217981597,247.57771005711993,119.09993749983902,1.3662923888506084,6629,0.8766872204288148,0,0.8892140975007459
fov0,4929,24221.386411889598,9643.227176220807,29.748023274897218,20.29740658236078,-1.1197193842809845,471,0.7310619387457739,1,
fov0,4930,24230.983193277312,9797.053781512604,38.37952946849147,21.10198313462573,1.3410220797295902,595,0.8352805893133667,1,
fov0,4931,24240.296296296296,9522.823361823363,26.3974010058331,17.344748226880483,0.7743382238985885,351,0.7538359078471213,1,
fov0,4932,24295.61589895988,18971.667904903417,121.48903518998067,28.214173173842074,-0.8297286337894806,1346,0.9726593781882097,1,0.11820867579269331
fov0,4933,24360.503246753247,13718.964935064934,261.0024912884808,121.34132051113333,-0.8195757945202059,6160,0.8853606570751991,1,0.3718649566100405
fov0,4934,24325.23469387755,11320.326530612245,70.79008732009504,17.631124581599366,-0.5053990043303843,588,0.968487528593142,1,0.51829434969545
fov0,4935,24354.666370106763,13326.212336892053,141.07329405319166,107.18673134275743,0.5287152938457453,3372,0.6501631482254796,1,
fov0,4936,24305.68944099379,7668.993788819876,26.086667803264795,8.434129587835379,-1.276278944094525,161,0.9462924647329757,1,0.7218152601337031
fov0,4937,24316.181058495822,8807.359331476324,24.346960595755867,18.862941885965718,0.2506689008706895,359,0.6322609421113209,1,
fov0,4938,24325.32536764706,10019.36580882353,49.769227792776604,19.129918650508504,-1.4547052134680727,544,0.9231781197877112,1,0.6407586733455436
fov0,4939,24348.162721893492,11342.434911242604,52.75829555981694,9.279348749034485,-0.3385178691195013,338,0.984410869802058,1,0.5105308346074507
fov0,4940,24357.405759162302,10520.740837696336,28.937051575425567,16.928118419110458,0.8026346691127231,382,0.8110347061916504,1,
fov0,4941,24399.25890868597,8273.515033407572,94.9765398456633,75.63122557904879,0.3599683026950092,1796,0.6048824004612778,0,
fov0,4942,24378.20073664825,10332.145488029466,42.9917419728288,21.497724182053595,-0.8296758835635967,543,0.8660005151791339,1,
fov0,4943,24374.622448979593,20668.29081632653,29.135399462767516,9.696659623254616,0.7324359915932481,196,0.9429926043701521,1,0.6213657422269245
fov0,4944,24378.43918918919,7395.209459459459,20.097194032413366,10.899592284351366,-0.3636282051667922,148,0.8401565346512725,1,
fov0,4945,24400.48846153846,7572.844230769231,59.128294042085976,49.54509084767703,1.1459369950666878,1040,0.5457850011364278,1,
fov0,4946,24443.859534503878,13908.997958350346,217.0935703973591,18.767489228396276,0.5385674091011895,2449,0.9962562905962367,1,0.7884534787213991
fov0,4947,24386.860902255637,10929.353383458647,38.55461629993028,17.769220335719215,-1.1309625793201827,532,0.8874601909465496,1,0.7560914907312146
fov0,4948,24401.40152963671,8203.34034416826,37.9089371362187,24.193167421519483,0.7485819264122671,523,0.7698775281923028,1,
fov0,4949,24406.049618320612,20706.748091603054,34.82339214229594,11.847066239819258,1.5687304595293017,262,0.9403515638939467,1,0.8279445703445022
fov0,4950,24440.74074074074,18835.293827160494,57.88995037894327,10.299972888119203,-0.7907685137890936,405,0.9840443525378804,1,0.11163756799604112
fov0,4951,24554.335380565914,15572.339767492871,152.33091986121767,122.65111405553375,1.1823660256272124,4559,0.5930545235652322,-1,
fov0,4952,24512.169811320753,14140.387840670859,71.57854317983693,9.860262101506812,-1.3205336081187784,477,0.9904664125434592,1,0.5963221930461033
fov0,4953,24541.878947368423,12673.152631578947,42.47828889799997,18.319916730961253,-0.3132360676348051,380,0.9022194812292027,1,0.409916534048793
fov0,4954,24585.052483598876,21997.786316776008,71.84087788683497,44.39284494959799,-0.4438110788332179,1067,0.7862308061556265,1,
fov0,4955,24646.205225163285,13431.949467170849,278.0301222890779,23.40991587901509,-0.7880421449444049,2909,0.9964489417446998,1,0.38559820327827565
fov0,4956,24579.091295116774,16510.709129511677,28.019136274198612,22.023086227152703,0.8036338648631188,471,0.6182244485676738,1,
fov0,4957,24615.421992481202,18624.124530075187,103.4756300319263,40.866981256625905,-0.5872105995416126,2128,0.9187056028613758,1,0.160762055026571
fov0,4958,24590.262645914398,9683.53307392996,29.616759878978204,25.304961807599827,0.7060916988426204,514,0.5195935295609906,1,
fov0,4959,24600.15850515464,14681.478092783505,42.96409859067277,23.367222487748936,-0.1222365166340692,776,0.8391643825917954,1,
fov0,4960,24632.66128133705,19005.17158774373,136.92750791922816,28.83634262624081,-0.6170320088019402,1795,0.9775732486799044,1,0.22704298261682845
fov0,4961,24605.350701402807,14515.25751503006,51.45209078861857,30.642978696599904,-1.0797744968689655,998,0.8033083567342328,1,
fov0,4962,24622.57390783962,10954.514661879115,76.85584601786917,66.7986524458102,-0.8765081624827946,1671,0.49456241918760946,0,
fov0,4963,24626.152857142857,10846.905714285715,53.63931889257126,43.95632850545895,-0.4033631018015621,700,0.573108329395695,0,
fov0,4964,24750.765928215696,18738.4406663232,506.75678011417756,119.64122124794578,-1.1461120895587291,11646,0.9717307075449629,0,0.2154823834422342
fov0,4965,24849.55839464883,20490.897926421403,537.6991656469268,224.52658392995076,0.574195815139941,22425,0.9086451476708354,-3,0.6376914185802978
fov0,4966,24761.267943637165,19978.893218846322,275.4302225317865,65.50039812825494,-0.312437779397122,4542,0.9713113929719681,1,0.320906481209675
fov0,4967,24674.133333333335,21976.791666666668,21.114905106550953,7.830403998887478,-1.5698716621012416,120,0.928693886335014,1,0.8145054172653649
fov0,4968,24766.995839112344,19925.560332871013,183.19488416319624,32.33961219812996,-0.41896763473614385,2884,0.9842950454318101,1,0.32988831065140284
fov0,4969,24743.813935075217,7760.53919239905,75.60106316364889,49.418748516944994,-0.2896587401965585,1263,0.756772838118039,1,
fov0,4970,24821.91621829362,19718.388355111452,251.53722298446812,77.33944732632645,0.6929018998248415,5204,0.9515586775487034,0,0.5675400016186053
fov0,4971,24771.695652173912,10654.76304347826,59.04627970763237,17.945567512083944,0.24424965759659462,460,0.952696355805102,1,0.5595068891958364
fov0,4972,24755.121951219513,13326.176829268292,22.135964660010078,11.749098064728875,-1.3963805001676766,164,0.8475161271890199,1,
fov0,4973,24804.007575757576,7836.628787878788,32.82458979350946,13.630669721102395,-0.22180221529804844,264,0.9097037370829492,1,0.5342125850322301
fov0,4974,24834.830756013747,18239.07817869416,89.47171533174169,44.78035421495612,0.29061928766480205,1164,0.8657380824196771,1,
fov0,4975,24824.062880324545,7584.610547667343,54.43730499574151,32.91633833602915,0.9506064124321761,986,0.7964798301247299,0,
fov0,4976,24810.932432432433,12806.403153153153,36.15821052378412,18.504452187645608,-1.32433463829986,444,0.8591263732821528,1,
fov0,4977,24812.398625429552,11702.14089347079,35.26190485998234,11.584110783388175,1.4841293895918362,291,0.9444982983805549,1,1.1131120650664659
fov0,4978,24877.555349870418,18148.77341725287,117.88367100094897,77.74897818066506,0.18968658968878443,2701,0.751669602920542,0,
fov0,4979,24830.178988326847,7711.2360570687415,38.31275515303043,30.46155491304263,0.34242800151824815,771,0.6065097180888611,0,
fov0,4980,24832.53676470588,11418.64705882353,20.629389642940982,9.187686165589588,-1.1183074443673726,136,0.8953472213939874,1,0.9330609018007707
fov0,4981,24852.645914396886,15085.44747081712,63.834075977805135,15.904416130688729,-0.0247261955727673,514,0.968464278610024,1,0.5345917014287623
fov0,4982,24862.970753655794,9010.461192350956,60.53569742380765,53.186167216611324,0.1803063444173758,889,0.47757350559506306,0,
fov0,4983,24846.9375,15733.388157894737,27.97764198558121,15.13064039766794,-1.5693114016322267,304,0.8411435905540472,1,
fov0,4984,24891.940828402367,19875.556213017753,27.825830682798824,8.063798852562051,-0.25009671800741934,169,0.9570886076118239,1,0.32070261601605
fov0,4985,24953.4674196351,19339.913553431797,191.05959093809437,30.18107356126407,0.35948037407079125,2302,0.9874444226537131,1,0.525455543409459
fov0,4986,24918.887788778877,9018.384488448844,38.68351916521197,20.607972932443488,1.2262399910564976,606,0.8462836073738009,1,
fov0,4987,24919.768456375838,9114.691275167785,32.29265211993523,16.325850272936883,1.0769337864593864,298,0.8627918662414092,1,
fov0,4988,24981.364591754245,7723.732417138238,68.71708403308513,31.84896943957499,0.7361258290827747,1237,0.8861075681655406,0,0.5631982491134915
fov0,4989,24971.05,19105.844444444443,28.21106594053776,8.468092937893601,-1.3021789244257906,180,0.9538859757352424,1,0.7188218760287717
fov0,4990,25003.790262172286,12353.867041198502,81.55253782173558,10.573192160555616,-1.171729201951215,534,0.991559971734493,1,0.5240376735959856
fov0,4991,25058.77021617294,21154.168134507607,131.62073952995215,52.54460209757198,-0.09311908845716547,1249,0.9168585697573055,1,0.5476191209408835
fov0,4992,25033.41640866873,14430.312693498452,45.635708451327,20.474933608074497,0.07828127529779776,646,0.8937023424674317,1,0.5475686330141529
fov0,4993,25049.951672862455,12255.971499380421,106.45333200044819,16.592486362665845,-1.2050048585416675,807,0.9877781625125711,1,0.28429405620003556
fov0,4994,25059.313901345293,13681.708520179372,27.871448405647747,20.634221933523484,-0.710003793398646,446,0.6722375976446439,1,
fov0,4995,25100.223981900454,19754.368778280543,121.41715635942538,54.745115063325954,-0.7274566215560838,2210,0.8925822979134094,0,0.38898694706617015
fov0,4996,25060.82913669065,20340.890287769784,77.03562260301057,11.994779539335912,1.488035145842428,556,0.9878037069659776,1,0.6866933440727063
fov0,4997,25071.325706594886,20424.664872139972,87.72572340587662,19.9848671614229,1.5109947786087112,743,0.9737054173402873,1,0.7590300901885224
fov0,4998,25124.221872541308,19104.20141620771,139.56609729538232,22.44783991082011,0.36504861794796045,1271,0.9869804597709813,1,0.48544306969259493
fov0,4999,25116.755316487364,19515.094070552914,177.69163585356043,39.384615812953605,-0.9176798752400157,3997,0.9751272285314097,-1,0.693607714377875
fov0,5000,25099.163064833007,10231.573673870334,38.87160146118452,17.968512784009146,0.2891595839333385,509,0.886748105266006,1,0.5685493558010369
fov0,5001,25111.586805555555,12182.381944444445,45.03168066238205,8.75111178081156,-0.09641861708951353,288,0.980935748386461,1,0.507609372175059
fov0,5002,25121.644444444446,14104.823655913979,142.61968983561312,31.25361398576086,1.194226081869122,1395,0.9756935275342961,1,0.8111151860029089
fov0,5003,25126.07594936709,19888.87341772152,23.14586475688695,9.778368223489979,-1.100950700208278,158,0.9063782220584218,1,0.5093652393080279
fov0,5004,25134.825757575756,19411.439393939392,19.166654120187925,9.28199545495904,0.20018342634106695,132,0.8749139893070709,1,0.49088149112150625
fov0,5005,25133.201612903227,20796.342741935485,39.46607513609419,8.611449420098518,-1.3763455830645777,248,0.9759043460779586,1,1.0754164048419224
fov0,5006,25157.827613727055,14082.619313647247,104.58340574579273,20.855578750882454,1.3371204617467338,1253,0.9799149743273369,1,0.8701706665465859
fov0,5007,25173.81010719755,19844.045941807046,82.31105084280702,46.13102991274594,-0.7265835152503495,1306,0.8281898943332455,1,
fov0,5008,25176.805405405405,18244.543243243243,49.342003808597454,15.225726895453638,0.022113876046814047,370,0.9511998966357458,1,0.20824649502933051
fov0,5009,25192.143391521196,18205.18578553616,70.05782055478743,26.63333916872401,0.23326804668727805,802,0.924919811931476,1,0.2720371884754303
fov0,5010,25167.293023255814,21166.54418604651,30.785234000917345,9.492182902189686,1.3414158555798488,215,0.9512776522587498,1,0.43262364722441354
fov0,5011,25193.156462585033,21231.0,93.3310943999379,11.7623069231979,0.8182933002115401,735,0.9920267177274054,1,0.28155904015359684
fov0,5012,25241.510575793185,20856.98589894242,87.29851111629867,55.78756924686804,1.453600650902054,1702,0.7691703751836252,-1,
fov0,5013,25260.1044045677,18891.753670473085,90.09705112677143,17.302771725788755,-0.22070970641117538,613,0.9813859392859411,1,0.34115118583036785
fov0,5014,25291.93847241867,18933.445544554455,153.8874593209153,35.32954747695069,-0.43974209065620684,1414,0.9732896952868522,1,0.311085612988202
fov0,5015,25262.208588957055,21308.515337423312,27.14490708222512,7.7443901281543335,1.1268814945445995,163,0.9584388348616419,1,0.34961368088023687
fov0,5016,25276.08532423208,18656.597269624574,39.41135352662084,11.200600731371853,-0.7697838690506409,293,0.9587658149401095,1,0.35738854870434206
fov0,5017,25309.78795180723,17883.639759036145,85.8758673645066,54.54870560637628,1.036302477310603,830,0.7723442971836153,1,
fov0,5018,25333.410031653275,21119.605064523985,146.4450559551146,82.19641676378923,0.40857976478722263,4107,0.8276272029862481,0,
fov0,5019,25300.387218045114,8312.526315789473,30.639500585963088,14.821710391520623,0.7183295966730434,266,0.8752088958589196,1,0.20187605443240658
fov0,5020,25314.80066170389,12875.781637717122,72.70697056485467,56.5674895354755,1.038364228970247,1209,0.6282392987021996,0,
fov0,5021,25327.070450097846,8895.74951076321,64.13872513665221,30.59011425394527,-0.10914245379270374,511,0.8789376253848982,1,0.5065776623513327
fov0,5022,25316.106951871658,21325.68983957219,28.688160620557824,8.721162362786373,0.5558976721232788,187,0.9526724595689113,1,0.2992841003087554
fov0,5023,25357.49076029567,12755.2383843717,155.34031444117784,119.76375405539629,1.3478846842463974,3788,0.6368634209088481,1,
fov0,5024,25376.62000543626,19415.807556401196,260.64370111935887,40.3156077956381,-0.9992254499269272,3679,0.9879650801090621,1,0.6518476634752388
fov0,5025,25345.483460559797,20571.885496183208,204.3147846516499,77.85306437739952,1.5673245056183573,4323,0.9245566191394312,0,0.8965141590838801
fov0,5026,25333.64765100671,8531.208053691274,27.878990213358502,17.182860981046336,0.015134917842649266,298,0.7874822905936114,1,
fov0,5027,25446.260808390893,12698.65425940138,427.45761296264936,148.33505151617902,0.9899238861664208,7818,0.9378588449300673,-1,0.7737570554211713
fov0,5028,25394.016306620208,13012.921393728224,276.178772240289,129.12528529017695,-1.3600244114246094,7175,0.883970648049622,1,0.8442574553799291
fov0,5029,25347.222527472528,18552.934065934067,40.8876117232306,21.292330383474543,0.533398359456727,364,0.8537076330307806,1,
fov0,5030,25338.09375,19557.432291666668,25.634607080461617,11.69699152784892,1.268761304720812,192,0.8898275938229534,1,1.0637941989441213
fov0,5031,25368.404210526314,19623.512631578946,64.623936419225,19.322024653172672,-0.5369608997813354,950,0.954255692110218,1,0.4866742140523493
fov0,5032,25363.89233038348,12052.582595870206,49.328626973108975,21.132735595109832,-1.0462385542346675,678,0.9035858174290283,1,0.4492689940540763
fov0,5033,25380.524334251608,9349.031221303949,85.36733238078568,44.839562094695815,0.5113129796666658,1089,0.8509452832114417,0,
fov0,5034,25446.739297615997,19421.347090489617,301.74774427738186,67.56104874178943,-0.9497084225453634,3901,0.9746123293230704,1,0.5796735156889603
fov0,5035,25379.96607142857,12515.183928571429,59.171452493363944,16.438876445948708,-1.0103454051137337,560,0.9606338164161291,1,0.8313042004406647
fov0,5036,25474.04331087584,16548.717035611164,266.2539767161418,22.039548186585485,-0.47791344014157733,2078,0.9965681442045955,1,0.14092818743885058
fov0,5037,25412.454495912807,19896.459128065395,183.00256529950352,78.57084575315835,-1.365317255930252,3670,0.9031415747091015,0,0.7115695670980811
fov0,5038,25399.87256371814,8108.281859070465,49.18341145176348,32.42476111366058,0.8480986845641865,667,0.7519131798460398,0,
fov0,5039,25412.75502512563,8513.238693467336,56.61602678432828,38.57316934582146,0.8428681266856722,796,0.731993290641811,0,
fov0,5040,25434.574269005847,12533.290058479532,96.73334646785102,27.198288947085285,0.6200305142070267,855,0.9596586608587998,1,0.6536992467758734
fov0,5041,25440.23890063425,12798.799682875264,191.21585549229118,18.12449796008352,-1.341670207962774,1892,0.9954977154995652,1,0.8375798642507433
fov0,5042,25435.377647058824,12590.169411764706,93.56783012391936,16.789495000504225,1.060424446367184,850,0.9837695360623859,1,0.8006662714044382
fov0,5043,25429.881516587677,9057.797788309637,42.52345618976466,34.87175855487237,1.241744065593088,633,0.5722784593277147,1,
fov0,5044,25438.30640668524,8567.799442896936,43.896321269365004,12.665532584526863,0.24747345191602432,359,0.957469983570539,1,0.3842140460636923
fov0,5045,25441.15870570108,20649.217257318953,44.14116935753836,21.431832751857936,-0.47843910909395165,649,0.8742203735947109,1,0.8949948670295006
fov0,5046,25441.454205607475,19026.143925233646,31.91430970742227,24.11044834650219,0.23251813143995356,535,0.6551780094791047,1,
fov0,5047,25466.849956634866,8438.707718993928,63.82983801884672,50.67989179392264,0.8389856268712609,1153,0.6079382109039168,1,
fov0,5048,25463.951322751323,12380.410582010581,68.01361038405763,48.66803541030181,0.7266105414398466,945,0.6985480182007722,0,
fov0,5049,25508.141216991964,16583.525832376577,140.92622919119003,11.068349327749457,-0.44174705669329717,871,0.9969109612879893,1,0.14817362110027443
fov0,5050,25502.01971153846,11100.610096153847,100.38741499061041,82.1192696538712,0.48222714285846446,2080,0.5751847273166579,1,
fov0,5051,25477.32676056338,9227.569014084507,40.12831605087218,14.493948027969529,0.9077230236914929,355,0.9324922283500738,1,0.5016738072446643
fov0,5052,25522.10461457787,18021.933141059257,167.46132966332172,103.39147335861165,-1.3789251102244455,3814,0.7866453991446447,0,
fov0,5053,25482.712460063896,11704.67731629393,41.63888793695301,11.901892375512745,0.35035554513267103,313,0.9582785566023899,1,0.8368053101252027
fov0,5054,25481.40471092077,12917.721627408993,45.31786058722401,18.77964609583814,-1.2078276173973077,467,0.9100956091008628,1,0.7912078108558922
fov0,5055,25490.78832116788,19980.99708029197,37.242630889495175,31.467386108247208,1.2408308396462364,685,0.5348781700049009,1,
fov0,5056,25500.30215827338,18201.636690647483,40.33536174121562,9.841382359978832,-0.10598087561226242,278,0.9697780130973181,1,0.1556249434647983
fov0,5057,25533.086626962642,18735.04006497022,114.61675691434705,78.18762578925342,0.4560697365478189,1847,0.7311975734078735,0,
fov0,5058,25528.360078277885,21163.292563600782,67.59329496192582,45.07519194701895,-0.41493190254247836,1022,0.745183987683196,1,
fov0,5059,25535.40597878496,19333.670202507234,52.05313350560695,42.810783313008976,0.6655853510468207,1037,0.5688461952872522,1,
fov0,5060,25538.18009478673,8271.784360189573,54.99381697852825,10.759326704555022,1.0637849044431416,422,0.980674562345876,1,0.2246628831669387
fov0,5061,25529.970099667775,11939.564784053156,42.43806054639632,9.974352136390388,-1.5451077397030555,301,0.9719873488728473,1,0.49653116973180983
fov0,5062,25535.245714285713,11891.12,38.444281291507046,14.675761331984077,-1.4039795341318575,350,0.9242693062001067,1,0.45050317503975684
fov0,5063,25584.039653179192,13483.808323699423,373.59674711596404,131.00350160931723,1.4903505608544498,8650,0.9365047754288446,1,1.166305540399557
fov0,5064,25555.916949152543,8537.474576271186,72.65444927888731,11.853489540545601,1.0023211244844903,590,0.9866014667134049,1,0.20806096419785552
fov0,5065,25550.593984962405,16605.330827067668,14.244058720510564,11.979777439358775,-0.4211079676987575,133,0.5409779255379195,1,
fov0,5067,25593.404094010613,11753.090472580237,242.12044215223347,65.0652064327672,-1.256797938506585,3957,0.9632153380762665,1,0.4132237996712189
fov0,5068,25658.57236095346,19126.487230419978,202.20151242706328,73.04893178535364,-0.7580805760188694,3524,0.9324620352625718,1,0.13949907278555235
fov0,5069,25614.372794117648,13663.155147058824,99.17613516946965,43.3486909287308,-0.5194709759361302,1360,0.8994187832149194,1,0.7767791461005195
fov0,5070,25639.835341365462,8506.096385542169,147.9789035255398,36.89099081478905,1.1982952152963775,1245,0.96842656657589,1,0.27282410642820587
fov0,5071,25617.611307420495,16498.257950530035,39.472868217620515,13.54357471873507,-0.8226308586071829,283,0.9392948693346327,1,0.20230167890733303
fov0,5072,25654.360951599672,17484.941755537326,84.19264608942677,29.356890217132218,-0.6990628257773596,1219,0.9372391910465511,1,0.381313371100167
fov0,5073,25629.2,17538.896296296298,21.119914922586457,8.352205969343803,0.5883584867419688,135,0.918480663477161,1,0.5724464839191475
fov0,5074,25630.620967741936,16452.782258064515,20.199178981299795,8.34925924737373,-0.8227996377463654,124,0.9105738295557546,1,0.20237211678560424
fov0,5075,25701.576802507836,20397.724361845052,152.07544865165204,134.5519460931588,-1.0278858532410848,4466,0.4660260567168676,0,
fov0,5076,25634.874125874125,13728.433566433567,18.53999106327819,12.091746863471817,-1.2486258773915153,143,0.7580485763634387,1,
fov0,5077,25674.419527896996,17888.37660944206,84.83095164293766,27.62901423372107,-0.568983381338105,932,0.945474900060763,1,0.3549376454170634
fov0,5078,25670.2560483871,16542.622983870966,65.68861931218572,11.092199987335796,-0.1974005722492319,496,0.985639994603553,1,0.23984755257471563
fov0,5079,25675.63418079096,17944.70197740113,94.88699932024906,44.47067420335207,0.09806948940171557,1416,0.8833734130392648,1,0.29180465561744345
fov0,5080,25661.480611045827,18485.125734430083,75.73963308967238,56.28771266897441,-0.6486555108619221,851,0.6690984000450677,1,
fov0,5081,25690.13877118644,13917.882415254237,60.27248034713801,50.554087115904395,-0.32618541353115427,944,0.5445027920852241,0,
fov0,5082,25691.228486646884,19301.225519287833,38.507101615723904,13.990853961917765,-0.4187453613874484,337,0.9316598167093931,1,0.47313489365836203
fov0,5083,25691.25,16919.602777777778,45.31760694291904,10.728515469391484,-1.092573107682978,360,0.9715729046711606,1,0.42559638438652764
fov0,5084,25722.82756941062,9645.776911836338,93.23056792989334,67.77691197799561,0.9608989702525694,2053,0.6866568885040697,0,
fov0,5085,25707.57051282051,10661.778846153846,20.1426175853579,19.766003915502925,-0.06375297128173574,312,0.19247108547459,1,
fov0,5086,25714.829710144928,17424.579710144928,41.09377248192926,8.899437838889378,-0.82791920310891,276,0.9762683901784089,1,0.36738398761979735
fov0,5087,25818.042911877394,21242.91570881226,234.77949099849323,33.46243894090002,-0.17335954405004067,2610,0.9897909006659692,1,0.4530833048859758
fov0,5088,25760.927884615383,16502.528846153848,49.72841785873949,32.128559629313756,-0.3457136494533,624,0.7632693004889913,1,
fov0,5089,25754.08013937282,17383.06620209059,31.55886987454845,17.64350937585512,1.3309004940785507,287,0.8291227663825338,1,
fov0,5090,25767.886585365854,8733.192682926829,46.75169448771202,24.639373800693022,1.248959194742309,820,0.8498489578974652,1,
fov0,5091,25774.79491017964,14758.326347305388,45.63811582349508,24.52875058391392,0.3941019541236177,668,0.8432880027730877,1,
fov0,5092,25864.961165048542,20713.547453933028,183.4481526995697,111.49368555506936,0.4072728252555319,5047,0.7941156029680606,0,
fov0,5093,25837.30798274002,17475.172330097088,135.20989699982007,103.39959092196278,-0.012145216845544744,3708,0.6443462366639062,0,
fov0,5094,25788.95535714286,9338.651785714286,37.8021456122369,12.329876249814035,0.8793425774719132,224,0.9453115818412734,1,0.4868354057897374
fov0,5095,25828.70427236315,13822.929238985314,75.22728654986386,58.504100472665755,0.526831785611458,1498,0.6286382297374369,0,
fov0,5096,25817.017730496453,8946.787234042553,24.223362278858325,15.832996478868433,1.0068220842522635,282,0.7568185309002304,1,
fov0,5097,25833.551809210527,13258.277960526315,128.6589698075844,29.8299713405927,-1.4770828884096212,1216,0.9727508287367358,1,0.9389170210587076
fov0,5098,25826.416666666668,13955.529411764706,42.438260068114346,30.65078200697452,-0.8680980286662526,612,0.6916382667702471,0,
fov0,5099,25834.58319604613,16858.739703459636,53.54394198152549,23.190843437027034,-0.11697238741309146,607,0.9013372423147459,1,0.3033311119127653
fov0,5100,25857.2861299709,9049.94083414161,80.83126334600601,31.853479108565406,-0.6910500671344784,1031,0.9190788209541024,1,0.7470964847700369
fov0,5101,25844.97409326425,10253.689119170984,27.59132614634368,11.088946817145215,-0.045721929508486164,193,0.9156836782528642,1,0.5106590820879138
fov0,5102,25867.9088960343,11590.97213290461,61.41993775621025,55.5702305511667,-0.8197053281814434,933,0.425924257864425,0,
fov0,5103,25870.378737541527,17340.78903654485,48.27070180109699,26.758088632725922,0.7903757499697931,602,0.8322943443811517,1,
fov0,5104,25855.29946524064,11772.032085561497,23.972593177394046,12.293744791809399,0.9321961440096387,187,0.8584931755104445,1,
fov0,5105,25861.02475247525,18492.019801980197,30.26198596447771,8.868572273770937,0.879098905649849,202,0.9560941060848227,1,0.3547145110270887
fov0,5106,25870.564356435643,19156.715346534653,24.990248868172134,20.685911393660245,1.120935846326941,404,0.5610833353602283,1,
fov0,5107,25883.025335320417,10181.292101341282,43.95644877348144,22.9886066226989,-1.4251698034271045,671,0.8523412816208291,1,
fov0,5108,25894.969655172416,20050.833103448276,59.7720768626132,36.18987964564795,0.8963266615613834,725,0.7958721986743974,1,
fov0,5109,25931.44556113903,21160.084310441096,113.28154675086847,55.95701997433549,-0.5387585137133862,1791,0.869482285316058,1,0.5869185756277747
fov0,5110,25914.5625,14047.2015625,36.83655387179398,28.46806561373498,0.9866603295680342,640,0.6346239572392972,1,
fov0,5111,25967.691520467837,16915.74269005848,139.78251723980324,73.41126176603184,0.6568109330343533,2736,0.8509899343713863,0,
fov0,5112,25976.779913205206,10915.777433353998,78.91957556299506,75.83775770195925,1.0091596519162656,1613,0.27672242937975294,0,
fov0,5113,25955.293785310736,21105.994350282486,19.17555042815876,11.852262238123883,1.1800218712447854,177,0.7861054438012349,1,
fov0,5114,25978.864669421488,17007.11673553719,63.1569344933932,45.724431307896005,1.3125702192126656,968,0.6898197343868594,1,
fov0,5116,26002.97882513661,13071.780054644809,82.56134926585665,56.51645935139887,0.01072134417321429,1464,0.7289762860989861,0,
fov0,5117,26050.496103896105,16196.955844155844,152.18875704350003,33.92053565195124,-0.5759116986112318,1540,0.9748448282806257,1,0.3110772319090941
fov0,5118,26027.152014652016,16138.031135531135,70.43925932501824,16.391910520145082,-0.14728998845146932,546,0.9725462039332984,1,0.3228934269552269
fov0,5119,26110.873211642822,15846.353231376419,232.47289622365906,22.40637582449714,-0.03680890167299726,2027,0.995344345696043,1,0.38330193341520297
fov0,5120,26109.988966900703,18445.099498495485,250.7735549712227,86.05415003992339,0.48852187223946036,4985,0.9392788620364794,1,0.3224310048937241
fov0,5121,26030.33950617284,13439.469135802468,46.88880126872297,10.93756031557709,0.5989379465652611,324,0.9724129786849695,1,0.7753918072987115
fov0,5122,26030.380794701985,9857.926048565121,129.5671716098272,19.39157501454863,1.4693410794120814,906,0.9887368754729151,1,0.6903902383742481
fov0,5123,26055.097756410258,16986.979166666668,51.73332656140408,24.07819527396414,-0.24321373956290246,624,0.8850851705492456,1,0.25996725041409163
fov0,5125,26044.60436893204,20678.11650485437,27.955858666282193,20.702723926924488,-0.6225343615979858,412,0.6720007587800566,1,
fov0,5126,26109.955618508026,12799.866383380548,139.16923966176344,69.74074674538988,-0.775792234294014,2118,0.8653767342326579,0,
fov0,5127,26080.259770114943,19192.42988505747,41.13644667756634,21.078395970170607,1.148694760752619,435,0.8587457305658749,1,
fov0,5128,26119.777426160337,15785.416666666666,65.15339476794828,28.860287999285912,-1.326472714533913,948,0.8965418288109436,1,0.6856229979619951
fov0,5129,26121.77639751553,17780.369565217392,38.711051724441354,13.342490212970038,-0.360933768854049,322,0.9387243714641189,1,0.46590501832591547
fov0,5130,26151.659922178987,20515.972373540855,106.98695266830163,95.9650599152925,1.2842154215158124,2570,0.44207296257345474,1,
fov0,5131,26126.954337899544,15477.392694063927,34.47134478023334,9.847333791211602,-1.0279295247857754,219,0.9583288736994618,1,0.6592827340679716
fov0,5132,26144.38888888889,16169.816666666668,28.244173288677832,8.554286121097821,0.13866123166656336,180,0.9530321791503824,1,0.3735293056082917
fov0,5133,26147.803030303032,17857.08484848485,32.67497858945708,13.327488666667692,0.9431317265952074,330,0.9130352929855726,1,0.708005811717135
fov0,5134,26143.33653846154,18389.451923076922,13.547288619353932,10.71334237256208,0.3807549229133555,104,0.6120606609846483,1,
fov0,5135,26228.940287769783,19423.711151079136,238.00402146472373,28.518886236179668,0.669469941630827,2780,0.9927950013143747,1,0.6615790090170142
fov0,5136,26169.814814814814,17757.46502057613,59.549825342696145,21.965157291578144,0.7593149164996278,486,0.9294875726427113,1,0.6299694349586605
fov0,5137,26206.869973190347,19477.487265415548,93.73981550142214,44.157106142903196,0.7329129734075988,1492,0.882101008064598,0,0.6388099833128691
fov0,5138,26197.010344827588,13992.910344827586,42.09475531825388,32.02962153926915,-1.0375766758768057,870,0.6488769007154691,1,
fov0,5139,26261.70454010821,17312.278993178075,179.68116097460438,120.57833135824825,0.46983625209658036,4251,0.7413955326486252,1,
fov0,5140,26187.053691275167,17824.771812080537,23.315909437486354,8.578058472672593,-1.0445646313540995,149,0.9298630637514332,1,0.701939816443143
fov0,5141,26197.979367262724,20966.083906464923,64.28325105351057,28.950097398828085,1.317205967073565,727,0.8928510412904834,1,0.6703708396828043
fov0,5142,26283.214566929135,11151.97272215973,144.71241435436914,85.66402108516044,0.28250277044970057,3556,0.8059670372945114,1,
fov0,5143,26228.76833976834,17793.138996138998,28.17434674487109,13.904382027252714,-0.5849531608714084,259,0.8697389103367054,1,0.528144466367143
fov0,5144,26233.69305019305,18517.335907335906,59.57248499338465,22.338031876993607,1.4084556906323564,518,0.927036014505069,1,0.2899706645843032
fov0,5145,26301.672304439748,19714.276955602538,125.74965466334247,69.21682900662421,0.6355231922433376,2365,0.8348789765392923,0,
fov0,5146,26344.184687015004,19195.77185721676,196.30466737467546,100.06374178824423,0.6167113146920321,3866,0.8603303116111543,1,
fov0,5147,26308.971892567144,21123.244846970643,122.12112223509737,39.42811769499171,0.45706385442062214,1601,0.9464464765882009,1,0.3648273198540607
fov0,5148,26300.494889725658,11029.393222162453,81.2460068990737,66.65928899918397,1.2648799204286794,1859,0.571700574922761,0,
fov0,5149,26294.114492753622,12145.171014492753,42.72486900931753,33.39592198942503,-1.3644796048274208,690,0.6237164806923975,1,
fov0,5150,26305.508771929824,18729.72514619883,53.91790421859854,27.6214269541813,-1.1991593583817977,855,0.8588144759536623,1,
fov0,5151,26297.533936651584,17778.12669683258,31.072913831531217,10.487209872449366,-0.9160761693226539,221,0.9413243575342761,1,0.327676675201041
fov0,5152,26325.907470288625,14645.129881154498,107.46023933610302,33.46445419433173,-1.3844728368230237,1178,0.9502748543565258,1,0.7957220636374615
fov0,5153,26332.16369047619,17754.366071428572,40.35911157992872,13.645083887353822,0.20355120794727158,336,0.9411131430707901,1,0.6288483032414874
fov0,5154,26336.70393120393,19909.001228501227,78.31499476789207,34.221461809731196,-0.8259287391927147,814,0.8994750968395504,1,0.8117732789718398
fov0,5155,26341.833333333332,17352.875,16.470917607128296,9.654761971936267,0.3846137412912389,120,0.8101878993725835,1,
fov0,5156,26351.934210526317,12625.84649122807,32.254071675261265,9.74411963423122,1.4991646647690988,228,0.9532746230519209,1,1.0097591429652792
fov0,5157,26391.03351955307,21106.435754189944,66.8524293343552,16.004019416956766,0.4317011097749573,537,0.9709226943400446,1,0.36165007230260415
fov0,5158,26416.213827160493,14566.574320987655,91.92083264661278,71.14917281644207,-0.3320525951453098,2025,0.6331530365515293,-1,
fov0,5159,26368.451612903227,17729.490322580645,22.779308690393776,9.597358879441758,-1.4976557941373427,155,0.9069124419584336,1,0.8753067001455431
fov0,5160,26370.98445595855,19957.259067357514,31.9194953750058,8.072579537767602,1.0761105813432257,193,0.9674912841345663,1,0.5037332875289933
fov0,5161,26426.941196581196,20034.508034188035,152.84959057334748,33.937821159078574,0.6772862909432902,2925,0.9750389011642677,1,0.3890590945279362
fov0,5162,26421.881932021468,15816.704830053668,87.98396608716679,9.32358161362921,0.7659970313671195,559,0.9943694233306345,1,0.7777155127702606
fov0,5163,26483.296696696696,16010.66126126126,153.62103803928235,35.65566294321437,-0.5296023660596875,1665,0.9726915879023568,1,0.6150220914014276
fov0,5164,26476.078792958928,18996.19279128248,78.18965964652689,56.97501645702566,0.1344978798119018,1193,0.6848573912600668,1,
fov0,5165,26462.13544668588,16054.700288184438,50.971699840554784,12.122073794981155,-1.1298867310468736,347,0.971309320251279,1,0.8572528555854969
fov0,5166,26511.157841140528,19347.135437881872,213.03385372708829,108.91709472237486,1.394461743533199,4910,0.8594221667148624,1,
fov0,5167,26460.219417475728,14647.217475728155,36.37157432391012,18.202981512809338,-1.2538075519679035,515,0.8657522942872319,1,
fov0,5168,26504.595221112697,12867.796362339515,132.20329500250136,80.19112011596543,1.5185682970795362,2804,0.7950268095027477,1,
fov0,5169,26546.560339943342,14448.237677053825,138.7216354588119,88.95677805099479,0.09745815720135069,3530,0.7673228125604992,-1,
fov0,5170,26542.428311425683,12558.18078867543,158.44656468929102,109.3695457603219,-1.482723049233688,4945,0.7235600979993169,0,
fov0,5171,26526.17142857143,19063.826666666668,84.16902854225172,27.06075888517952,0.6178115111589152,525,0.9469078996365105,1,0.8165081168256053
fov0,5172,26524.341463414636,17785.439024390245,56.51655816358584,8.687105608179946,1.3647248389027475,328,0.9881161533982268,1,0.802242434805584
fov0,5173,26547.345945945945,12290.881681681682,97.85356576376397,56.0338511421169,-1.5368357034578781,1665,0.8198141905492526,1,
fov0,5174,26563.46323529412,19188.07306985294,161.78709618209368,49.09532069594176,1.3556271724486018,2176,0.9528453428301598,1,1.129555175506046
fov0,5175,26575.803353658535,13312.6125,154.10658964890385,85.02579955951249,1.4266573626690235,3280,0.8340203352267531,1,
fov0,5176,26575.347305389223,14282.704590818363,100.26844345077139,83.0240933224803,1.458805864796261,2505,0.5607012624649281,0,
fov0,5177,26566.779026217228,14919.19850187266,40.237398453277294,11.431147508302702,-0.3183921022547678,267,0.9587968447374815,1,0.4262527494663417
fov0,5178,26626.915901401644,12818.157564040599,128.45469226842823,56.64512294746569,-1.0700949512470128,2069,0.8975200941409311,0,1.1690736384521756
fov0,5179,26615.84229390681,15647.616487455198,62.23726180596675,30.18060250802649,0.6045039226990514,558,0.874553974216178,1,0.552807647283685
fov0,5180,26625.551948051947,16934.31168831169,16.743006243006942,14.090482715444992,0.7961679496746231,154,0.5401414652401946,1,
fov0,5181,26660.346657929225,13180.277850589777,69.86065923640041,64.12937489278532,-0.29632457999615613,1526,0.39667017434831214,0,
fov0,5182,26645.962864721485,13502.1299734748,35.79536910392317,18.715551705199605,1.2197499750351812,377,0.8524256821292847,1,
fov0,5183,26665.05687606112,16038.516129032258,88.74683566010044,33.87599899218727,1.3589260062667035,1178,0.9242800730607066,0,0.8170620273251176
fov0,5184,26657.40873015873,12941.198412698413,30.388592212793544,13.966813741904842,1.2887749968431823,252,0.8881223357868271,1,0.6203777596230109
fov0,5185,26658.23417721519,18172.436708860758,23.624111445064383,9.11239770946921,1.1651970363621589,158,0.9226140245881729,1,0.6307203486961425
fov0,5186,26677.809523809523,19404.903296703298,117.54228204968622,39.29669865514182,-1.19256505543927,1365,0.9424597331069676,1,0.7832566243060342
fov0,5187,26679.361043194785,17779.63814180929,132.549599980013,39.321267144175316,1.3138540555242377,1227,0.9549852670841112,1,0.9731230565994337
fov0,5188,26676.257142857143,19329.071428571428,41.65900829784324,9.329768414094483,-1.0800949953613872,280,0.9745993468668409,1,0.7464043974189469
fov0,5189,26704.37806873977,16893.018003273322,77.45862949561781,12.9575466476077,-1.029928400487743,611,0.9859088436074167,1,0.9938900223583628
fov0,5190,26710.341085271317,17678.42635658915,30.836094931734827,18.40861134396906,0.49085262387632284,258,0.802254202597139,1,
fov0,5191,26718.199288256226,14446.70640569395,43.55141626700241,20.38612385671658,-1.3877402618062218,562,0.8836790774986185,1,0.7621201891209228
fov0,5192,26722.909836065573,17027.985655737706,37.02075304206047,18.428043156934095,0.06215534498216043,488,0.8673056165859492,1,0.49375544909418173
fov0,5193,26723.60152284264,15045.159898477157,38.0563270331106,17.79679011858363,-0.9041976206702895,394,0.883917219870709,1,0.3378718175595412
fov0,5194,26728.843220338982,17878.389830508473,33.69142511837758,9.882121777867393,0.4967663946130399,236,0.9560165683738652,1,0.5395837064220947
fov0,5195,26744.130653266333,18291.67336683417,28.474751120555112,12.572297640561409,1.0088857065193078,199,0.8972492389841873,1,0.1409836858662346
fov0,5196,26758.114613180514,14341.429799426935,53.65593904635939,12.713524205255954,1.1528218696384411,349,0.9715229850094579,1,1.0562222063502877
fov0,5197,26773.433862433863,17868.50529100529,47.75960252893749,25.865907477118995,0.20389022709782884,756,0.8406456821601579,1,
fov0,5198,26923.929491460738,19201.71195496613,957.3070251789063,169.92353630711673,-1.3727276895747433,20962,0.9841205104873099,1,0.6879729725010482
fov0,5199,26770.258928571428,19159.60714285714,17.16185780610672,8.884173839262667,0.14196887573190764,112,0.8555805504119084,1,
fov0,5200,26792.796296296296,16220.36936936937,109.56525455474636,64.28203250556335,1.1459244387408951,1998,0.8098037195012064,1,
fov0,5201,26797.13259109312,18091.102226720646,103.78466318872597,17.04731606647142,0.9256676784404811,988,0.9864176442325645,1,0.5581565871698263
fov0,5202,26789.827633378933,17803.48700410397,95.04850170662466,12.527475241755262,-1.250651357924491,731,0.9912762130702764,1,1.1512687027923318
fov0,5203,26833.553151809025,16554.292428198434,186.0684638464284,68.09514824205337,1.1359301590956217,2681,0.930627340710119,1,0.6677568684564803
fov0,5204,26803.996978851963,14678.111782477341,42.925435820474426,20.68812290215362,0.2143937632504099,662,0.8761960407922125,1,0.5533516151919431
fov0,5205,26811.49077490775,20221.852398523984,31.78419432181369,19.31210723791581,-0.9802307872754917,271,0.7942424463926319,1,
fov0,5206,26816.571227080396,16616.684062059237,88.12496575631769,20.621422301892327,-1.3204654905885067,709,0.9722361042504817,1,1.1994723387841777
fov0,5207,26829.880597014926,16680.298507462685,18.79587971483643,9.190433633405899,1.5531251781893287,134,0.8723061981974906,1,0.7533128768209094
fov0,5208,26888.036593947923,20628.538353272343,92.9484502174996,71.01549647252196,0.29917265318415065,1421,0.6451795453690671,0,
fov0,5209,26846.6213592233,20710.155339805824,21.61813954857781,12.971789232996711,-0.6853400747135107,206,0.7999685835625813,1,
fov0,5210,26864.012027491408,17078.008591065292,66.22464712145147,13.185323493378283,1.0357594499160028,582,0.9799791898500934,1,0.5723603923049236
fov0,5211,27011.75618333138,16411.640487633336,305.3678508193958,106.7130192972663,0.3712923310874302,8531,0.9369522974716181,0,0.5038307766479271
fov0,5212,26923.993479273406,14721.628784350256,110.94592749321946,73.42659904413405,-0.9183608402946071,2147,0.749659875712087,0,
fov0,5213,26960.08396946565,16872.450381679388,20.372203908479463,9.763448116459783,0.8866307642537113,131,0.8776765762934431,1,0.5506971036558659
fov0,5214,26973.488151658767,16829.450236966826,58.582685543651664,9.930019419073998,1.1015780303785072,422,0.9855294409054822,1,0.8440142317325727
fov0,5215,26978.21566401816,13572.432463110103,87.8547310911844,15.783952482114914,1.5598665567425996,881,0.9837288249240342,1,0.7077802533277275
fov0,5216,27001.673333333332,18674.44,21.110571732771398,9.408796416354326,1.1458512598429689,150,0.8951867619107126,1,0.8619095014346249
fov0,5217,27024.067157019508,18846.302206587785,311.788902857421,23.16117883200496,-1.4771128067285841,3127,0.9972370667389701,1,0.8833920082252903
fov0,5218,27022.865443425075,13670.802752293577,47.02563345715214,36.87297712148232,0.573232251073057,654,0.6206297257566079,0,
fov0,5219,27025.53015873016,16220.479365079365,39.8409977033804,14.746122866386614,-0.3918634800013538,315,0.9289822253674974,1,0.6553335296729556
fov0,5220,27061.00928998009,18681.84406104844,86.01194028027375,49.937030058050475,0.16485328319423365,1507,0.8142014024182646,1,
fov0,5221,27033.635483870967,18622.51935483871,31.228167411284755,14.028034191408745,0.8526879689398292,310,0.8934257319209731,1,0.7594292947015069
fov0,5222,27045.821276595743,20586.785815602838,76.88562745472746,27.96840743514147,0.7071494927756666,705,0.9314902096819747,1,0.1312056434356472
fov0,5223,27056.936245572608,14577.258559622196,75.4335033914274,25.996915282032607,-0.866266514997673,847,0.9387373026293903,1,0.5872562355641588
fov0,5224,27057.19589977221,13732.177676537585,67.13809921168475,38.68456353174771,0.28404219809595077,878,0.8173130271258483,0,
fov0,5225,27069.123493975905,16850.847891566264,93.94824430111531,54.3427758337788,-0.8124278761563586,1328,0.8157298134744971,1,
fov0,5226,27055.683297180043,13814.913232104122,48.81776988814529,20.80302904017066,0.6328430147787635,461,0.9046589207753534,1,0.6828175459418956
fov0,5227,27111.47769423559,16560.944360902256,138.59250655778823,23.766902384741716,0.551305932632085,1995,0.9851862707410026,1,0.50784319989278
fov0,5228,27148.083279535185,16796.452550032278,102.79592154125154,44.3681049167318,-1.1965447693223918,1549,0.9020586500670357,1,1.0996399914532953
fov0,5229,27220.828877005348,14960.132352941177,33.79759555964169,28.24965923720278,-0.7182667490992797,748,0.5489606499967405,1,
fov0,5230,27233.19593220339,16330.975593220339,78.32024692586674,56.659529456286826,0.7401710565192012,1475,0.6903935462623197,1,
fov0,5231,27278.032482598606,17954.19721577726,61.92730358816319,32.27878199960423,-0.670966941732436,862,0.853412166254196,1,
fov0,5232,27284.615912208505,16624.01691815272,216.16221224168893,18.769396525665453,1.38635263288632,2187,0.9962231304701417,1,1.0246058562721703
fov0,5233,27333.072674418603,18757.595930232557,43.027467831121626,11.038438549754161,-1.0680961302628902,344,0.9665325540002729,1,0.7437686817175737
fov0,5234,27402.219827586207,16036.129310344828,37.63855800557453,8.222443113916654,0.332641496113002,232,0.9758463576496879,1,0.5611313510355983
fov0,5235,27502.671641791047,17372.991641791046,190.12623806984482,38.60454965981301,0.7124535261949285,1675,0.9791690062021365,1,0.12738498673686224
fov0,5236,27484.26923076923,17382.533653846152,52.546013822615016,15.202735350021134,0.6918268751518314,416,0.9572317311789281,1,0.1362392937869858
fov0,5237,27540.327793934357,17184.51973410885,167.88308858871477,27.470529358157957,0.9711865776183386,2407,0.986521958606243,1,0.09768644592368501
fov0,5238,27535.946784922395,17084.68070953437,64.23887163747888,9.397433765700479,0.9875735961140922,451,0.9892419108628947,1,0.10256049300153137
fov0,5239,27548.887005649718,17467.209039548023,27.199526229729695,8.718112905137325,0.983173432807726,177,0.9472402459509213,1,0.1011873894504972
fov0,5240,27597.03063063063,17188.166666666668,109.3465495834311,16.885108001416636,1.0573787921100897,1110,0.9880055614527044,1,0.12867194388383915
fov0,5241,27593.82857142857,16441.386813186815,60.33148081996789,10.53345724013856,-1.5115889077741513,455,0.9846406790974963,1,1.004802184743807
fov0,5242,27611.298113207547,17265.509433962263,23.42232032702045,19.09879565789697,1.5669357872512206,265,0.5788837807665788,1,
