fov,label,centroid-0,centroid-1,major_axis_length,minor_axis_length,orientation,area,eccentricity,euler_number,alignment_score
fov0,1,1495.174721189591,8137.907063197026,38.94973273562581,15.104156715927457,-0.031244107520367215,269,0.9217494804317377,1,0.23736872571765621
fov0,2,1782.46875,8977.325231481482,58.58577774946135,54.86227285299383,-0.31284693905273003,864,0.3508183355923955,1,
fov0,3,1831.7546012269938,8056.085889570552,29.96920279490626,7.460631886193997,-0.6990198432779275,163,0.968518063485873,1,0.7182369919004524
fov0,4,1856.0062111801242,8352.652173913044,18.581183247001594,13.154912819851749,0.1255902813048974,161,0.7062429110202464,1,
fov0,6,1905.7013651877132,8491.44880546075,44.86413724465383,22.187066693259705,-0.6978085563725659,586,0.8691554249326333,1,0.30944625257245784
fov0,7,1972.2539021852238,8288.823100936524,100.9374626784201,23.059230433479584,0.06589754340643666,961,0.9735554908872792,1,0.4422598817458447
fov0,8,1992.665611814346,8327.550632911392,73.64331772613028,20.264403121559024,0.011575199996350587,948,0.9613956963483313,1,0.42625542039352804
fov0,9,2059.530042918455,7984.038626609442,46.08608929156359,21.519921508056605,0.8756851531242643,466,0.8842834666491911,1,0.7334610434639168
fov0,10,2161.7939024390244,8060.895121951219,95.73321030391394,13.19328195745938,1.4652560806456676,820,0.9904582646532355,1,1.0267704401875921
fov0,11,2241.4148148148147,8016.292592592593,38.722065053750235,9.215379228458332,1.4790252743901484,270,0.9712681427636819,1,1.0320852934448161
fov0,12,2269.842903575298,8228.621343445287,152.24137598457474,49.98409435432083,-1.3653697474573239,1846,0.9445660855600799,1,1.0608497209368983
fov0,13,2266.146968139774,8096.054470709147,112.52516641189914,12.32349683600987,-1.4515734552528186,973,0.9939848462218634,1,1.186377552815125
fov0,14,2293.073805202662,7711.361161524501,102.28198697905204,54.499633876286836,-1.1214188272527812,1653,0.846217856575288,1,
fov0,15,2448.19123252859,7234.904066073697,130.67561323490168,21.7662415095926,-0.7943473539808771,1574,0.986030143087413,1,0.5144627685738218
fov0,16,2440.6340640809444,7909.244519392917,37.123190403957665,22.141745762039964,-0.5720327003674631,593,0.8026578631270298,1,
fov0,17,2480.0605633802816,7448.780281690141,33.09598814831845,28.0258273518934,-0.10858751309955647,710,0.531904466117924,1,
fov0,18,2632.470588235294,7106.6274509803925,27.081611142719144,8.522874775055344,1.128103095343114,153,0.949187615489444,1,0.8963951496435733
fov0,19,2649.7464788732395,6877.411971830986,33.48108517067207,14.27120884759061,-0.10928847560672857,284,0.9046068638238672,1,0.46252035150686366
fov0,20,2653.1013513513512,6962.9425675675675,20.586396807669868,18.328368261567977,1.5334074624690552,296,0.4553460576210789,1,
fov0,21,2715.201793721973,6757.946188340808,57.59166350959426,17.409605395714863,-0.7206805727797736,446,0.9532147876233567,1,0.17956052068562922
fov0,22,2740.891176470588,6806.197058823529,53.31903079041572,19.656749649465795,-0.9652513548811087,680,0.9295631503532674,1,0.23720955390883344
fov0,23,2759.9684405940593,6886.88551980198,100.42953550040835,29.1802116507192,-0.9953982667102143,1616,0.956858570803743,0,0.24863239117000438
fov0,24,2772.4941569282137,7426.373956594324,39.91385303533627,22.55629683218482,0.8887384560858648,599,0.8250056258725287,1,
fov0,25,2808.368809272919,7266.128556375132,46.66080361414969,34.88768509872684,-0.3880759413407592,949,0.6640511028147352,1,
fov0,26,2918.4766878030587,7009.151809026483,143.37558208458807,58.04143058390745,-0.6382990571313201,2681,0.9143960016985224,0,0.4766056028125507
fov0,27,2921.424623115578,8305.153266331658,54.36013191127696,23.345057608814486,0.5377308289983026,398,0.9030897706863215,1,0.587681692002948
fov0,28,2969.1136166522115,9107.603469210755,260.7351500207596,98.07532495243525,-1.0701180215528436,5765,0.9265590966287628,0,0.5417855609245674
fov0,29,2945.0951949229375,6889.815049864007,51.38523099408093,45.24294156261848,-0.6474891099249517,1103,0.47410955548708844,1,
fov0,30,2941.008547008547,6769.660256410257,37.3688933068538,19.077212980757114,0.5967698203647565,468,0.8598715099945143,1,
fov0,31,2987.9823321554773,9352.151943462897,42.9066378978494,11.84362623948377,-0.1565703588928511,283,0.9611483041780353,1,0.25393319900489064
fov0,32,2984.2012578616354,9452.905660377359,28.050040347248885,18.14899152936216,-1.1574847959075796,318,0.7624713823118938,1,
fov0,33,3009.8724637681157,9217.231884057972,38.75582127882821,14.184976975023064,0.25921283758121316,345,0.9306113353819194,1,0.3646335765802559
fov0,34,3248.7970326663244,10045.172267829656,714.7607608819435,269.9316234670239,0.7244272177237853,23388,0.9259471525621337,1,0.8201827633422243
fov0,35,3080.274872198191,8609.235155328352,189.95424601050786,34.866457496364355,-0.69716429053346,2543,0.9830100254803484,0,0.38720269889438763
fov0,36,3091.295376121463,9365.673567977916,144.33363341897527,23.374000459129814,-0.0549235305148381,1449,0.986799910509057,1,0.2669155632763138
fov0,37,3057.375647668394,9332.883419689118,41.280820001314225,16.668328457186103,-0.038519366653551185,386,0.9148565540594603,1,0.2700746868448143
fov0,38,3095.5702602230485,2307.2594795539035,107.45976301935391,19.482027443813667,-0.6706275551118125,1345,0.9834285702584626,1,0.33470430396205425
fov0,39,3064.7008547008545,2380.0,19.29499535353948,8.25333275671301,0.5120021731604255,117,0.9038995729764202,1,0.6525282567009079
fov0,41,3146.34516765286,2324.0098619329387,126.33371087720333,16.800021372610207,-0.6734366368420441,1014,0.9911185465369973,1,0.33514520819699745
fov0,42,3146.3977900552486,6316.160220994475,25.875955128754715,10.175294686037128,-1.3194414404703598,181,0.9194386031871111,1,0.60030980476755
fov0,43,3181.9591373439275,8792.509648127128,127.13387193879224,15.300445592294157,-0.7548288922390429,881,0.9927316338879608,1,0.41779735038005605
fov0,44,3165.125,2256.133333333333,40.3766279284639,7.932641805557469,-0.4348183027928873,240,0.9805106019582197,1,0.3237568271072772
fov0,45,3208.9777123633307,9169.606812447435,126.21692249277051,96.94943973608609,-1.178266191183807,2378,0.6403087932596484,0,
fov0,46,3202.134969325153,8926.348159509202,76.79497114320608,26.665060009181033,0.3854228649721579,652,0.9377822066753901,1,0.46954902934822257
fov0,47,3222.4029411764704,2246.413235294118,90.35701030886631,19.159963921030595,-1.2521811371994187,680,0.9772593946836375,1,0.5275873459173686
fov0,48,3225.5218508997427,2996.560411311054,55.88557058569406,9.624663149157291,0.6668845075081523,389,0.9850583547722327,1,0.2291954075232018
fov0,49,3220.3973214285716,8880.82142857143,33.170664872537984,8.817164358337545,0.027038933415949307,224,0.964024856092186,1,0.34420593880915556
fov0,50,3243.741697416974,9933.312730627305,77.57335154371461,45.78218520579426,0.6129273963050322,1084,0.8072722035934219,1,
fov0,51,3244.0708401976935,6303.388797364086,41.24131408765161,23.6271717123803,1.2478614262783374,607,0.8196248864957254,1,
fov0,52,3241.1186440677966,2647.7830508474576,47.97168958909482,8.426133236715982,1.1375401282726372,295,0.9844530289225144,1,0.6690441718257609
fov0,53,3263.515406162465,3051.173669467787,62.10336005040876,11.014506286186773,-0.041619931783769756,357,0.9841464638594138,1,0.3841985999186468
fov0,54,3258.0994475138123,8905.270718232045,28.96910128275534,8.831860315183802,-1.0422466303094013,181,0.9523934177276623,1,0.5396386333691247
fov0,55,3267.324324324324,8884.009009009009,37.61546523281652,8.44940805295281,0.13891250938580502,222,0.9744450734721034,1,0.3764300780586168
fov0,56,3273.492666091458,9873.805867126834,128.09304159062202,21.590595669931265,1.241926750846536,1159,0.9856924196167668,1,1.0835889307648257
fov0,57,3291.479876160991,9861.38080495356,42.69507002915251,12.569779772953446,-1.5288834276825871,323,0.9556797566121514,1,0.9131201156880083
fov0,58,3345.373949579832,3005.4957983193276,34.17756478494494,9.27502658713279,0.36191767992019924,238,0.9624729508076497,1,0.2345158453452838
fov0,59,3451.751551189245,2797.952688728025,289.75813205334464,172.81957588652404,-1.0177597257380335,7736,0.8026673180978814,1,
fov0,60,3351.606451612903,6599.741935483871,23.6927598196668,9.916415508622732,-0.9329671585760493,155,0.9081974339911281,1,0.45508306161912154
fov0,61,3387.3192307692307,6608.883333333333,49.2427431772059,34.26789385775264,-0.8726017678767565,780,0.7181412785490658,1,
fov0,62,3378.1744186046512,4619.7441860465115,28.853211749573966,8.023526302707841,-0.31829344731848713,172,0.960557665241421,1,0.37663460220780937
fov0,63,3402.2210626185956,8849.08064516129,64.72929214481039,30.011056650768897,-0.2999676238115595,1054,0.886023935321424,1,0.2872593890314695
fov0,64,3398.58125,9352.796875,32.63087489498053,18.061290716284084,1.2317755705504283,320,0.8328471095600399,1,
fov0,65,3439.5127272727273,6602.404545454546,57.38849768883625,46.9608458938723,1.2432491828782923,1100,0.5747953750587668,1,
fov0,66,3463.4964705882353,4613.454117647058,64.67976714506558,24.062755300429128,0.4687274524896817,425,0.9282210683505758,1,0.5313898588239122
fov0,67,3462.766272189349,9210.562130177515,41.33418973084888,17.23261845752828,0.17043675314956933,338,0.9089479780335699,1,0.5010932310254514
fov0,68,3487.113149847095,9287.01987767584,69.77008396209155,61.29557453319609,-0.3400762612328414,1308,0.4776749808947835,0,
fov0,69,3502.338403041825,8047.871989860583,134.86390173947353,10.137263001773809,-0.9008217548251515,789,0.99717098832876,1,0.08377149797855503
fov0,70,3537.9505119453925,9190.569112627987,120.32778168087226,16.61212172224929,0.21788968240958875,1172,0.9904242514309525,1,0.5201359521981406
fov0,71,3510.852071005917,9715.337278106508,44.12532221355163,16.06915243807961,-0.7837857071551964,338,0.9313321922953764,1,0.6612146514173426
fov0,72,3512.3931034482757,10253.151724137932,34.39578349517143,13.206827918725029,-1.0485012597628378,290,0.9233470323578391,1,0.978108611561296
fov0,73,3529.781221513218,2928.285323609845,54.88942280168448,39.708095415182655,0.8747700254891658,1097,0.6904084218905807,0,
fov0,74,3534.6033210332102,8070.623616236162,93.89265761108821,11.585270476793385,-0.8810389365498793,542,0.9923584472409283,1,0.07781756840390952
fov0,75,3552.0460358056266,6176.851662404092,27.826701125275495,18.140676048589746,-0.810693680445473,391,0.7582910554379316,1,
fov0,76,3553.593137254902,7566.5857843137255,53.65414454663302,17.490494947024395,0.8017752194226316,408,0.9453746287950345,1,0.8065307658929497
fov0,77,3546.8370044052863,9564.964757709251,31.204374050486397,10.705952418470506,-1.3538262727076418,227,0.9393020229832337,1,0.5672995278867639
fov0,78,3608.9526674689128,6136.529081427999,153.85930382431187,43.37759595412579,0.04625079121965912,2493,0.9594348959750575,1,0.4373442609395836
fov0,79,3582.197929354446,9593.868453105968,90.62638256339692,69.36388481258268,-1.5628522058107617,1642,0.6435751659794701,1,
fov0,80,3583.145251396648,8021.27374301676,31.1122438927055,7.765423652801181,-0.5730223610871137,179,0.9683506221461796,1,0.1504271123179884
fov0,81,3605.641990291262,7087.207524271845,68.41411483870937,45.586066761523945,1.0291352489571826,824,0.7456610336127228,1,
fov0,82,3654.4108672376874,10358.8380620985,168.26556763623466,83.42547236368458,0.9726810384002414,3736,0.8684387558539104,1,0.8108241041317777
fov0,83,3658.6934487021013,9666.267614338689,96.55389826082143,59.70074191541059,0.6561601986403506,1618,0.7859302298789195,0,
fov0,84,3694.648493543759,6517.823529411765,171.3278496297189,59.70342839781328,0.5225568136708035,2788,0.9373181708319074,1,0.6365449753021081
fov0,85,3674.9431162407254,2552.080791426216,64.12982888425151,51.78763409455283,-1.052287816181518,1213,0.5898078531404181,0,
fov0,86,3712.961915125136,9972.931447225244,101.60385418050254,49.44036300306815,0.6345404972031105,1838,0.8736252822968553,0,0.7761693147289688
fov0,87,3710.8529411764707,8245.29411764706,51.84896866891141,10.864617142879007,-0.8430215838531503,374,0.9777993143610242,1,0.08148300078843854
fov0,88,3746.3736263736264,8191.272527472527,58.398500331510185,10.719801859449673,-0.8676862786884387,455,0.9830079541701869,1,0.08320756606654779
fov0,89,3792.2064777327937,8518.222672064778,32.33011403748327,13.001121588941391,0.3133665854326712,247,0.9155796899045056,1,0.6040526262604362
fov0,90,3851.0081967213114,10119.122950819672,40.50541861765432,31.72710356730295,1.1870856214062855,488,0.6216684777523873,1,
fov0,91,4051.2799356223177,3073.806115879828,432.3845318913329,124.24945113723722,-0.12071803123725212,9320,0.9578230448815958,1,0.3923556480004365
fov0,92,3861.5904761904762,5849.633333333333,26.593738734312204,14.056197503203226,1.161870778661644,210,0.8489003716051476,1,
fov0,93,3903.1347992351816,8438.251434034417,122.89460404042612,35.565848039925704,-0.8392004902311885,1046,0.9572078850903595,1,0.29174919714256037
fov0,94,3899.3651162790698,8379.260465116278,60.16174487933345,9.881482475213861,-1.0198786563952726,430,0.9864189763094993,1,0.3413784939884814
fov0,95,4045.12913057427,9542.79242861726,317.2602834448528,102.82367774544815,-0.48494185103266835,6234,0.9460232378891966,1,0.48316739237257006
fov0,96,3937.7541766109784,6850.329355608592,51.98383536132804,11.014846423154372,1.385491956222202,419,0.9772935571251524,1,0.9573964647611029
fov0,97,3959.370646766169,10075.164179104477,31.989873173899458,16.882643412223878,-0.2311878535058327,402,0.8493999873803872,1,
fov0,98,4049.288043478261,5902.910869565218,106.82802121270143,19.498208657911675,0.14356240052114336,920,0.9832022133541041,1,0.3577800938084579
fov0,99,4079.1183673469386,8098.828571428571,43.56653347823421,8.059316302608503,-0.7304809801651799,245,0.9827406482019706,1,0.17144885821136874
fov0,100,4105.257064721969,10683.704649042844,66.8355498711816,50.91194068427923,0.9890022791807619,1097,0.6478717745811887,0,
fov0,101,4233.983937823834,7102.484455958549,370.6377424801183,86.45696105309925,-0.6130798525599227,5790,0.9724131084146425,1,0.3155833974023466
fov0,102,4159.6277372262775,8093.740875912409,46.23133562943192,7.89990534257651,-1.3270705668095373,274,0.9852922429095806,1,0.6575793718995774
fov0,103,4252.639884631232,10703.873506386486,148.0697198832429,42.35454182465156,0.371635335845578,2427,0.958216308788301,-1,0.22111969445689858
fov0,104,4228.267973856209,10759.000933706817,73.07153128173248,44.58498225911575,0.3205473324237441,1071,0.792281835629685,0,
fov0,105,4206.395604395604,6284.849816849817,25.562792873894992,19.09991886244079,-1.2585580977531678,273,0.6646256343584528,1,
fov0,106,4225.715139442231,7373.882470119522,39.37041188891108,28.170318858388057,1.2076902199624011,502,0.6985922030928957,1,
fov0,107,4314.344980489535,10924.026073075558,268.83693043477825,77.7360538309833,0.5129220193255299,5638,0.9572817173000127,-1,0.2326533736045259
fov0,108,4234.294820717131,6907.075697211156,43.39802479409005,9.59444410020531,-0.8614407988397955,251,0.9752556301596248,1,0.48892221995591006
fov0,109,4288.001828153565,6874.645338208409,88.77971889650762,9.998669744416091,-0.5579480745525313,547,0.9936377509156448,1,0.38610181304658453
fov0,110,4373.961252653928,8558.477176220807,252.3560297753069,36.0580236943566,-0.13784356795275557,1884,0.9897392216471199,1,0.36504108523199374
fov0,111,4293.940154440154,6925.6621621621625,72.04935747172189,16.712735081056753,0.026899810673703378,518,0.9727247754370545,1,0.37155641487393765
fov0,112,4315.536036036036,7314.792792792793,35.849602480014745,8.804640292854392,0.43305506783156855,222,0.9693714161668341,1,0.6067391817595532
fov0,113,4322.724137931034,8651.865203761756,43.13113556805794,12.075622159963297,-0.6918443630656974,319,0.9600074097825413,1,0.3687075408426
fov0,114,4379.483118971061,7240.938906752412,190.42346166222876,22.922737693935154,-0.7799051827827262,1244,0.9927281652903402,1,0.3045363956171914
fov0,115,4328.37037037037,6890.185185185185,26.96591715729157,9.331853082968568,0.8373888325778958,162,0.9382120032746973,1,0.6900650718414586
fov0,117,4413.604125083167,8606.901530272788,167.76255270766015,14.283186094240481,-0.3466564946126434,1503,0.9963690580342983,1,0.33428146455245167
fov0,118,4359.261194029851,6837.686567164179,23.374349403648242,7.656251144008969,-0.6217743517159748,134,0.9448340986848154,1,0.40399947144798953
fov0,119,4372.338028169014,10853.05633802817,28.3448030700922,10.541587714233616,-0.19383853844652035,213,0.928270602098166,1,0.3909465197080982
fov0,120,4392.085714285714,2461.714285714286,28.06826693947629,19.97409799116815,0.11997572101646939,315,0.7025588733104366,1,
fov0,121,4472.916038751346,7184.644241119483,268.2509684897845,13.951908654431133,-0.8571466726319438,1858,0.9986465299273203,1,0.5561879752691253
fov0,122,4403.774025974026,10891.935064935065,37.022768395653735,26.52876894426255,-1.3747779225525327,385,0.697532839445851,1,
fov0,123,4411.972477064221,10857.279816513761,35.72781227651015,8.171432843048992,0.20789429890163086,218,0.9734937785311806,1,0.24173633825558558
fov0,124,4433.279242174629,2581.8937397034597,83.90944580035791,51.087843271981285,-0.9999852072171229,1214,0.7932892368051011,1,
fov0,125,4501.932246561386,2928.6281202241466,222.73298143321722,27.954401469973366,-0.4080236976810527,1963,0.9920928174444347,1,0.15065952523571166
fov0,126,4439.8974789915965,10999.875630252101,82.08981444127464,26.858227003922188,1.016436818328548,1190,0.9449616911921921,1,0.410410966082455
fov0,127,4488.559148264984,7111.795741324921,158.29495700332478,14.401260866652674,-0.810845284415292,1268,0.9958529589530705,1,0.5634971877753159
fov0,128,4450.042944785276,6306.815950920245,30.289605376512355,7.690658434238808,1.4196870569653628,163,0.9672293679896868,1,0.7198862911601498
fov0,129,4629.061839246922,3688.3445329471397,440.21783362341904,130.5198714095798,0.7369344367367592,6905,0.9550361788811287,1,0.785405065088034
fov0,130,4514.895038167939,9521.592875318067,149.26957318271118,58.86535576763674,0.8197579270114538,1572,0.918957738043784,1,1.052520775541586
fov0,131,4481.215223097113,3518.9265091863517,40.329398676210054,13.038534844776033,-1.4602447398497738,381,0.9462961822958985,1,0.6995277269767737
fov0,132,4487.804964539007,6119.053191489362,27.47472606116662,14.798998611714362,1.1465586493139475,282,0.842535740112974,1,
fov0,133,4504.782032400589,8500.541973490426,54.147625963534026,24.47685955722555,-1.3271262967812572,679,0.8919979787630165,1,0.612481253018222
fov0,134,4631.813868613139,11073.961112509438,326.997605863326,110.8691032185754,0.44814113865251093,7946,0.9407677322007675,-1,0.30773537774118387
fov0,135,4536.885993485342,2586.8656351791533,80.98210774484232,51.22684527248318,-0.09548214548742273,1228,0.7745032592430203,1,
fov0,136,4543.636538461538,9432.307692307691,140.99636241937586,22.540843610163805,-0.9033610096131267,1040,0.987138358259546,1,0.6985641830097943
fov0,137,4537.097375105843,8108.293818797629,118.35357977408863,49.002113007132465,0.7904789659995152,1181,0.9102625429607487,1,0.7735772719741116
fov0,138,4552.223451327433,6957.16371681416,73.34259776523082,9.270194115971135,-0.22803988059788277,452,0.991979893613908,1,0.5105200999572954
fov0,139,4596.216591928252,3417.8488789237667,180.74263279204,23.89393486058141,-0.3528126681404811,2230,0.991223240663013,1,0.3893071885433684
fov0,140,4560.1213307240705,8022.4579256360075,68.4483272478269,13.587831719247172,0.0815699327322003,511,0.9800984057951951,1,0.5373924370684772
fov0,141,4544.6225490196075,8458.700980392157,27.53598132802318,12.108205499372037,0.46809931227756885,204,0.898133423008166,1,0.5915709021512456
fov0,142,4556.137387387387,2958.171171171171,39.61404486073163,24.17078654527735,0.019780474343899894,444,0.7922805325617658,1,
fov0,143,4547.779369627508,9723.866762177651,95.40048221490535,12.606009397819475,-1.5351491750924142,698,0.9912313569660706,1,0.6145034839382744
fov0,144,4555.841191066997,7062.744416873449,59.933555649415794,16.498714008766562,1.3657810139952637,403,0.961363115670652,1,1.0353900736222097
fov0,145,4556.565934065934,7302.285714285715,27.356452980562988,9.585153868500527,-0.8552878921709897,182,0.9366076333496549,1,0.555698222917698
fov0,146,4561.983673469388,6123.783673469387,37.24387233792692,11.67563897770738,0.5294850412800434,245,0.9495909924553765,1,0.35492768228580074
fov0,147,4620.410947002606,3456.659426585578,120.93064739660102,17.646469176325883,-0.3699642275926513,1151,0.9892960649676583,1,0.3824645432263299
fov0,148,4596.6899563318775,2861.829694323144,34.247992344814776,9.079392499994857,-0.8503364265297676,229,0.9642189190409106,1,0.2269580594703586
fov0,150,4626.411027568923,6096.902255639097,31.779289745799854,19.218639900844355,0.24266917666831894,399,0.7964126332899648,1,
fov0,151,4684.581193731244,2555.85495165055,143.1664612432684,100.0832129498405,-0.8849461278032121,2999,0.7150543668492664,1,
fov0,152,4690.226955307263,2146.4378491620114,178.6427019371884,32.88289185018061,-0.3689771862420688,1432,0.9829130011395839,1,0.4512369388897989
fov0,153,4650.0,2229.1321388577826,95.91356983218209,27.691526305765144,-1.511196340792942,893,0.957415590051127,1,0.6034807870997513
fov0,154,4710.667251051894,7000.627980364657,113.57629965132742,95.44257621623491,-0.2977087578064083,2852,0.5420614626729267,1,
fov0,155,4686.308988764045,6100.533707865168,58.94262430413435,8.587745082711066,-0.36752032827075937,356,0.9893293058454173,1,0.6257774884509412
fov0,157,4712.8822222222225,3403.9744444444445,70.30439935919473,19.247427883371227,-0.6942741594322218,900,0.9617944105183373,1,0.28465811039898503
fov0,158,4694.061302681992,2181.927203065134,35.47164446070727,9.65817559901933,-1.4969711284117642,261,0.9622184124825467,1,0.5976411178126979
fov0,159,4740.954784899034,9376.129499561019,244.14363015714045,53.93567030545753,-1.3917852654431742,2278,0.9752924339453133,1,0.8633539729516138
fov0,160,4740.610169491525,3597.508474576271,26.706192977131213,8.900375209220908,-1.3928441452350504,177,0.9428314007826009,1,0.719141328047783
fov0,161,4794.369582992641,10853.155355682748,102.41123146613106,28.333331720260237,-0.5161302067527692,1223,0.9609671926805773,1,0.4941320874892684
fov0,162,4788.980694980695,6859.057915057915,42.23862840181812,9.108146488147643,-1.4437602333796768,259,0.976473934148832,1,0.9869353107398336
fov0,163,4804.68660968661,9436.176638176637,56.33870872258438,8.323519467745387,-1.2584985792362027,351,0.9890261319795595,1,0.8762191241486725
fov0,164,4814.355450236967,3780.9312796208533,40.59677578870532,18.1422493277175,0.43673168451754507,422,0.8945894546104015,1,0.4961581631467659
fov0,165,4821.794901506373,3744.302433371958,50.60228851939203,24.89145952579186,0.09187395463937657,863,0.8706495403447531,1,0.4295864451774043
fov0,166,4811.8369905956115,9347.987460815048,50.56031704725238,8.332680713899302,1.2118342219792475,319,0.9863258794560388,1,1.0415013947020033
fov0,167,4857.438095238095,11272.955555555556,45.312172921491765,12.682562766852236,-0.004317978061588379,315,0.9600311841607088,1,0.31161328343225747
fov0,168,4863.587044534413,2326.7975708502026,29.15782556930382,13.656567246641874,0.41806322786248956,247,0.8835339417066947,1,0.7533083729556697
fov0,169,4883.36074270557,5238.472148541114,60.67359918965852,10.194092410142872,-0.6784957327666888,377,0.9857843892384373,1,0.13919079387696726
fov0,170,4901.6463414634145,2338.920731707317,26.118174648958192,9.356500728996123,-0.616704569205399,164,0.9336306211190945,1,0.4113315264793584
fov0,171,4917.013015184381,5259.728850325379,64.51369430140744,9.764108023115217,-0.9309318440518849,461,0.9884803302787635,1,0.125506070890895
fov0,172,4945.918079096045,6579.279661016949,56.73497486586961,12.824268087042785,1.048680580610674,354,0.9741184528067912,1,0.9533336753680169
fov0,173,4950.330769230769,2637.602564102564,49.72320871522683,13.721089154293502,-0.2531484321244969,390,0.9611721665285982,1,0.31056590606834106
fov0,174,4997.608053691275,7736.751342281879,202.85496853672166,111.28254626345162,1.1861886518700258,2980,0.836096881509759,1,
fov0,175,5004.238180196254,2598.922390722569,70.87239264791323,35.721391947766996,-1.3682000354255155,1121,0.8636896055064442,1,
fov0,176,5007.433823529412,9530.23161764706,77.58953479667298,17.58994773488966,1.1986801024113232,544,0.973963434322151,1,1.0358265951372847
fov0,177,5024.196078431372,2674.2908496732025,29.985889620064707,21.604934713890515,0.21432694710434116,306,0.6934514292140728,1,
fov0,178,5076.581308411215,7148.813084112149,48.55228048621424,20.96476954922157,1.474101392546566,535,0.9019704155689123,1,1.2253041008410195
fov0,179,5131.5478601764125,3917.5099640640315,152.29880115130717,75.4381864480203,-0.18162945802227487,3061,0.8687048133401729,0,0.38490077573991205
fov0,180,5134.644251626898,6466.133250697242,152.42752003290616,113.45915019341973,-0.6426221461888892,3227,0.6677917017291511,1,
fov0,181,5093.574040219379,7789.0402193784275,73.29118889956351,14.279884226473015,-1.0461859828764462,547,0.9808355028645176,1,0.7240037599445589
fov0,182,5110.525497814473,3510.5837785332687,114.66344034738098,83.95565239265252,1.3794614815379103,2059,0.6810982983547391,1,
fov0,183,5115.956824512535,5230.878830083566,101.55897291206027,20.709032839590208,-0.5771664300101111,1436,0.9789893456929221,1,0.17896987529615727
fov0,184,5092.336734693878,7713.051020408163,30.952401422044154,8.576849105935228,-0.3159920601313597,196,0.9608416560862135,1,0.6116677759864525
fov0,185,5103.431818181818,7046.594696969697,43.06763881466429,8.007005786105731,-1.4137316928190156,264,0.9825654546807477,1,1.037452503733804
fov0,186,5113.328947368421,7110.664473684211,27.413481245046228,7.4565458825392374,-1.201952055737773,152,0.9622964369754439,1,0.9645597189703777
fov0,187,5130.007707129094,2321.500963391137,36.3543063140574,21.837842968555094,0.2783380480816213,519,0.7994784239591167,1,
fov0,188,5139.324848484848,7016.345454545454,119.71006833001715,14.17949427735891,1.558740494299656,825,0.9929601808192845,1,1.2619228546222307
fov0,189,5137.041543026707,10071.513353115726,53.00029676862764,9.871298162637606,-1.2489946787947632,337,0.9825024109255805,1,0.9117614268550229
fov0,190,5150.20320855615,10174.010695187166,33.85289820825708,7.617390339557932,0.9455511862053152,187,0.9743554329281591,1,0.8596905590117823
fov0,191,5170.343653250774,2110.498452012384,58.44297810788071,7.617962627638372,-0.12390009465179966,323,0.9914682205875246,1,0.393856520326865
fov0,192,5205.830654420207,2280.9690011481057,94.25078220998343,72.7972120758638,-0.590216050305181,1742,0.6351633882209726,1,
fov0,193,5236.960206619476,2613.2362731968624,296.9418397019694,69.65147655771038,-1.0302502621437881,5227,0.9721009951004831,1,0.48049387911125774
fov0,194,5471.975187081528,4085.24684915321,721.5218898607451,176.5667568763895,-0.2658246643721457,10156,0.9695952192633269,1,0.5135945168030925
fov0,195,5175.346666666666,10128.933333333332,24.074734824567383,8.221102170909937,1.5344174664793764,150,0.9398881096250651,1,1.1074846028502585
fov0,196,5198.318331503842,5195.204171240395,92.91707011309578,24.661622205779814,-0.8039651940386923,911,0.9641341506474432,1,0.11222925517600688
fov0,197,5215.768343815514,2403.635220125786,70.33946325910017,37.34586944212427,-0.32048107114110314,954,0.8474108861969161,1,
fov0,198,5287.219512195122,2164.597030752916,68.33200687927115,61.60796727541234,1.2928860414733412,943,0.4325759233249065,1,
fov0,199,5263.88614800759,7576.64705882353,68.33645334208342,10.661107771066792,-1.5258088408606814,527,0.9877556197890336,1,0.8215092571985607
fov0,200,5264.407792207792,8624.228571428572,79.14078304141351,8.018377324829274,-1.5561733902069173,385,0.9948541022281151,1,0.6058651263582852
fov0,201,5293.068027210885,10170.768707482994,24.239514692796384,8.611352992562567,-0.3903147771517665,147,0.9347671678713729,1,0.6608736769288434
fov0,202,5321.5634615384615,5220.403846153846,42.53685464050493,17.98299879923434,-1.147804831348629,520,0.9062403843642537,1,0.5350295319308412
fov0,203,5359.09321697739,3436.573185243951,239.83429069494846,28.99387665725415,1.2552519140468168,2521,0.992665752473759,1,1.0774103247725342
fov0,204,5347.040632054176,5475.2866817155755,67.39412441158896,34.47333298610349,0.2839323817381723,886,0.8592723388439811,1,
fov0,205,5349.997481108312,5400.235936188077,79.08175896102753,49.44877435723899,0.4340546831470059,1191,0.78039509670713,1,
fov0,206,5359.007582938389,10113.71943127962,115.55733662231535,49.85645571419718,-1.2630123275690015,1055,0.9021399844122296,1,1.007562406741301
fov0,207,5360.489614243324,9973.347181008901,50.4314576882435,15.996534952305579,0.40370444325446886,337,0.9483608113398413,1,0.6809156356256375
fov0,208,5535.206729398346,4044.303108069575,350.15689499500303,40.09314371040215,-0.523457213049882,3507,0.9934231891708495,1,0.5087903895346568
fov0,209,5390.516260162602,3821.691056910569,32.15759924118261,13.384849472618365,1.1989915118785732,246,0.9092609000794671,1,0.9084543197036395
fov0,210,5579.970998237462,4788.24307002083,387.79821100330145,42.385775755245206,-0.0955068783805324,6241,0.9940089690619015,0,0.45941300029993226
fov0,211,5495.519238243296,10198.700349786242,125.54943681976783,85.9309941622885,-1.351488207870733,2573,0.7290696581792306,1,
fov0,212,5486.772946859904,4566.111111111111,26.97790816314274,21.225748727961868,-1.171351740154848,414,0.61723021660511,1,
fov0,213,5512.195856873823,2612.117702448211,65.61976198436895,49.19631419104838,-0.13799683244359714,1062,0.6617574919548,1,
fov0,214,5566.868126272912,5509.9236252545825,133.34543897377182,54.61413544844466,-0.11883528886687662,1964,0.9122792189656329,0,0.36921688338615655
fov0,215,5533.520231213873,5545.21387283237,58.16171111237686,9.606871245889625,0.6064680664604446,346,0.9862642440518836,1,0.5331067097215427
fov0,216,5570.011074528585,3362.457048787788,191.65478903567524,85.63330461749987,-0.9067902586503855,3341,0.8946288011315757,1,0.5088968155920601
fov0,217,5530.541401273886,4559.78025477707,45.13573733411514,13.168320822942698,-0.9092475086473742,314,0.9564948156503724,1,0.3957600080342665
fov0,218,5581.036641221374,3176.163358778626,84.7711767615728,14.915560361714808,-0.8635557707427115,655,0.9843989533726936,1,0.4879035385805898
fov0,219,5578.762589928057,10150.528776978417,40.6286727225671,9.423309609284246,0.9805066356805295,278,0.9727307090302487,1,0.587279577780346
fov0,220,5608.470489038786,4549.913996627319,72.9153553847554,11.439456511034873,-0.3648911729678068,593,0.9876165921707869,1,0.24255557223269453
fov0,221,5633.897581792318,3411.8004978662875,201.9118965686017,77.40554108061706,-1.3277336459852984,2812,0.9235977726455515,1,0.6265797431956259
fov0,222,5619.9960681520315,4234.833551769331,86.47970524200878,13.902082778811693,-1.2472562141030152,763,0.986994270288713,1,0.5083293756612496
fov0,223,5620.368700265252,10238.297082228117,32.292012742242264,20.189145945348802,-0.11776804400067482,377,0.780460124784019,1,
fov0,224,5625.473684210527,10156.894736842105,31.50080467175566,15.097416733087352,1.3516434967726665,228,0.8776670630532462,1,0.7121502567179099
fov0,225,5685.523776705721,11576.294968986906,116.10554034497916,33.72686442272765,0.043764790342329545,1451,0.9568796853838919,1,0.3714485520012287
fov0,226,5652.306413301662,10217.681710213777,55.703325245081,17.220444609940024,0.8599406274663616,421,0.9510146810519876,1,0.6288071892525449
fov0,227,5668.7274826789835,3476.745958429561,49.947859604103755,16.2914333113492,-0.39926353219250355,433,0.9453115441226076,1,0.4950976281685782
fov0,228,5669.247311827957,3948.3870967741937,59.86829302773151,19.12220408133477,-1.288175091521337,744,0.9476184597766498,1,0.4370176928569109
fov0,229,5689.10294117647,5368.134615384615,63.467905868899486,46.41109638873274,-0.8766110021218027,884,0.6821063364139478,1,
fov0,230,5679.493506493506,3247.242424242424,29.913093737226923,11.108556852220266,-1.3743820685744963,231,0.9284885548749975,1,0.6091857721592026
fov0,231,5764.978617248753,4235.929080541697,245.80528043900478,52.03062503828314,-0.09482550408082319,2806,0.9773402949297098,1,0.42836315650777346
fov0,232,5690.714592274678,11355.122317596566,51.823755554092884,22.28031207152381,1.2852563872949436,466,0.9028647520120393,1,0.6757238519111689
fov0,233,5735.61875637105,5161.685524974516,145.11555060041195,54.370977192707485,0.6130934826568328,1962,0.9271567474941642,0,0.4790183523274862
fov0,234,5709.162995594714,3429.1894273127755,37.42129076414284,9.661460989737915,0.9614165523311177,227,0.9660966018520144,1,1.0011808905267052
fov0,235,5707.217777777778,5394.542222222222,24.489794700295672,12.960638605725956,-0.8001834326088945,225,0.8484808378487602,1,
fov0,236,5786.135135135135,4784.076576576576,22.810373495111683,14.976977745635626,0.9113599781676894,222,0.7542509447101005,1,
fov0,237,5861.481818181818,4544.153146853147,165.51562003645623,21.51175526798815,0.2879442992276887,1430,0.9915181721683944,1,0.3692656814288478
fov0,238,5821.930022573363,4269.7494356659145,62.79329668494598,10.031567201026172,-0.09869596560597224,443,0.9871566326589738,1,0.31019713567676005
fov0,239,5856.344775365977,5461.107016658253,107.47543483502557,83.4728523098644,0.6094184838130662,1981,0.6299087749944519,0,
fov0,241,5823.785714285715,4785.007142857143,21.1146597543978,10.128103988150462,1.5260497775739184,140,0.8774480579203325,1,0.6766485903694471
fov0,242,5872.883870967742,5588.532903225807,100.58220193478907,13.767439684580468,-0.3649545860579003,775,0.9905879828627603,1,0.31760817701685634
fov0,243,6004.933259587021,4858.440388397246,377.8394437352002,90.95614406396301,0.5838885169357804,8136,0.970592873654951,0,0.4343468501729531
fov0,244,5883.165494414564,3382.9731071576334,118.13279286627706,77.61176521051613,1.0840296195885433,2417,0.7539014913683868,1,
fov0,245,5880.827586206897,4659.347290640394,67.1483216182594,19.018994124646778,0.017529299570724376,812,0.9590494859056811,1,0.4195061445844248
fov0,246,5955.0198451113265,3647.85527589545,100.9146627668378,68.7628032051039,0.5059520684059097,2066,0.7319153571582657,1,
fov0,247,5965.878989361702,9867.203457446809,100.48436581875949,12.794441666028343,-0.6406132664020233,752,0.9918607062808181,1,0.745859905850292
fov0,248,5949.995271867612,3731.245862884161,26.914992816026004,20.592317088799327,-0.04166807237944012,423,0.64392665921362,1,
fov0,249,5968.310793237972,5153.169050715214,62.535055241550616,31.920557701880576,0.40500879872150164,769,0.8599118137353322,1,
fov0,250,6061.031684698609,5446.859157650695,345.5114262177458,77.9522108749668,-1.0560111336037477,5176,0.9742167768416653,0,0.6590492593875217
fov0,251,6011.317023445464,3169.297655453619,91.16959974617356,54.73723674298089,-0.1522095044197001,981,0.7997080040052189,1,
fov0,252,6012.4719167904905,9744.266864784548,135.4651064192338,106.98936895371786,-1.5055041824057063,3365,0.6133736994212061,0,
fov0,253,6030.521631644005,3010.2843016069223,103.87862292353141,24.021523057469135,-0.2862415032243008,809,0.9728952956127023,1,0.5121950191456011
fov0,254,6018.936746987952,3785.0963855421687,44.306699999838315,18.325834425325706,-0.7176551296283133,332,0.9104527168366083,1,0.2741632348534093
fov0,255,6091.424242424242,3082.49815225425,163.94334397954532,18.53046025242199,-0.16663255551278489,1353,0.9935916143990645,1,0.4856413420132313
fov0,256,6043.950980392156,10952.21568627451,18.248355070035558,7.629859853396225,0.1358603299430513,102,0.9083953927922979,1,0.4439284509655533
fov0,257,6060.425714285714,5256.931428571429,48.90059757913676,17.489164846143137,-0.728552489717926,350,0.9338567533681401,1,0.5295370454402707
fov0,258,6078.2444444444445,9992.903703703703,25.580546252246055,7.61660803170149,-0.8689403360479435,135,0.9546438752410296,1,0.8438234892646068
fov0,259,6081.7441860465115,6261.127906976744,20.356680150391266,13.53441829591918,1.316287862557508,172,0.74696467150991,1,
fov0,260,6084.918205804749,3751.047493403694,24.23259591514145,20.095672414109213,-0.2942096939176813,379,0.5588293246143786,1,
fov0,261,6113.623947614593,6136.859681945743,166.39596183656062,12.230971752540574,-1.259452892988445,1069,0.9972948323633777,1,0.6701504300595014
fov0,262,6129.834951456311,6201.805825242718,52.103826296612645,8.201945416942907,-0.9589333379849588,309,0.9875324740265984,1,0.5751957514089613
fov0,263,6155.429149797571,5263.783400809717,56.39375808669537,12.822603572095737,0.8357701131063326,494,0.9738069737413539,1,0.6854408333347503
fov0,264,6159.924,3939.998,51.045789660413696,24.764387291931985,0.1566887260248246,500,0.8744361355238396,1,0.49238161358850857
fov0,265,6206.625866050808,10919.771362586605,157.8878677003251,30.52414119428538,-0.20798796595326471,1299,0.9811341882830127,1,0.4469272028635205
fov0,266,6209.586065573771,10959.777322404372,96.83332623749898,11.798465639148013,-0.20251113627820883,732,0.9925493824645808,1,0.4462311595032696
fov0,267,6242.060517325524,3447.194729136164,128.4500907855349,90.91400017574023,1.081148170244959,2049,0.7064360804083472,0,
fov0,268,6218.745454545455,7007.095454545454,30.90316652804561,11.16947956471083,0.15078219143815527,220,0.9323973890819729,1,0.625024684475397
fov0,269,6292.89604989605,3701.4608454608456,77.86794524722089,66.77843995420531,-1.4060747697794005,1443,0.5143410224541638,1,
fov0,270,6317.305029995386,9664.743424088601,138.14445148700304,96.93562059284068,-0.8054319582047735,2167,0.7124749640147856,1,
fov0,271,6390.721645520954,3746.192233756248,130.88883835225283,71.40080503525431,-0.16877418823355356,2601,0.8381061291933967,0,
fov0,273,6372.859154929577,3843.5992317541613,67.24288485580253,32.47256539351119,-0.823976601448597,781,0.8756674981859446,1,0.6666920913133405
fov0,274,6385.382857142858,3123.902857142857,29.539910842990317,8.048796211198777,1.0786455622335993,175,0.9621637350513718,1,0.7604608462407805
fov0,275,6389.909090909091,9540.028213166144,32.13454352292117,14.766005650618295,-0.5035559493265828,319,0.8881748247096308,1,0.48525718401182205
fov0,276,6419.1106194690265,3115.2853982300885,94.01298808070798,34.43689531642799,1.043494731186083,904,0.9304970686854498,1,0.7482252987465242
fov0,277,6464.8024138602295,11846.527739926027,213.67745488192958,102.6395125724316,-0.7289897779326483,5137,0.8770780544840431,1,0.6875702106293026
fov0,278,6409.1621621621625,3030.2864864864864,34.363141038805395,7.484221652230644,-1.0292612521342217,185,0.9759938797192209,1,0.9147090032580334
fov0,279,6433.396610169491,9507.861016949153,38.92281851875142,14.885502155632672,-0.08697809210093921,295,0.9239818226206264,1,0.44449030109539184
fov0,280,6423.705357142857,11050.3125,21.393572905622076,6.985132722300952,-1.128782432589993,112,0.9451950837146771,1,0.7554935172294633
fov0,281,6488.257831325302,2914.4313253012047,38.263148658868516,18.26490682252923,-1.1136513710930918,415,0.878713353085913,1,0.9814819616603175
fov0,282,6522.8066202090595,11964.529616724738,51.28043983597028,29.794480907840835,0.15775359138182485,574,0.8138959651670113,1,
fov0,283,6555.245098039216,2952.954248366013,48.3740672279054,9.804663698714288,1.124890732669675,306,0.9792441353793196,1,0.9337632177790058
fov0,284,6609.4616915422885,11772.781757877281,122.77249173691669,81.79211017536039,-0.7768534104247278,3015,0.745765298586732,-1,
fov0,285,6582.458333333333,2949.3125,43.1693461793097,9.203595034660644,1.2824783641171285,288,0.9770091311065517,1,1.0019106362922912
fov0,288,6672.582933844679,3116.3633748801535,83.60270369740091,27.392830135132353,-0.9425580731036695,1043,0.9447974961399335,1,0.9082541759296354
fov0,289,6686.4,3440.7863636363636,35.61597561997701,8.223759147828998,1.5451187476898085,220,0.9729772844861405,1,0.9112214410782004
fov0,291,6703.248587570622,5386.514124293785,30.191043016354385,16.00513556334962,0.5730745302587287,354,0.8479172486508031,1,
fov0,292,6869.738027568566,5543.440741793378,445.29693732790844,141.95156077194116,0.4841764194219112,14074,0.9478288840964969,-4,0.4202256212958865
fov0,294,6730.208178438662,6634.17843866171,41.723740004218,17.207920727772482,1.2413065534678327,538,0.910991479607929,1,0.7103464684212708
fov0,295,6732.5647668393785,6709.293609671848,49.250354899664146,16.0190729128625,-1.4464061427629287,579,0.9456253066126376,1,1.254919162760903
fov0,296,6851.60960960961,6538.039039039039,43.866126233211666,11.431075164027966,1.281609845824987,333,0.965449551302893,1,0.7231198725981958
fov0,297,6868.983666061706,5619.744101633394,42.14052801995019,18.898009819736025,1.5363271403826309,551,0.8938068479010203,1,0.8119222962093182
fov0,298,6890.689804772234,5810.462039045553,35.795698023463736,17.739351310116312,-0.539086810909322,461,0.8685667714084319,1,0.6089883632825849
fov0,299,6902.756177924218,10498.911037891268,63.02804069890683,38.28656536446597,-1.4869611082868421,607,0.7943557065534657,1,
fov0,300,6903.391923990499,5216.90973871734,34.05889037419985,16.754413614456453,0.08841156623299132,421,0.8706376793160935,1,0.5019213007697213
fov0,301,6941.44513457557,10529.784679089027,114.19259675387114,24.316367293990904,-1.1685792705649536,966,0.9770649038740397,1,0.1124668916044799
fov0,302,6969.486381322958,5878.225680933852,22.142955599250776,15.569101821303057,-0.4190920035502083,257,0.7110735820440218,1,
fov0,303,6972.887966804979,11520.78838174274,36.31691507516709,9.196699277727335,1.2851697194264444,241,0.9674048996861513,1,1.0571573454260115
fov0,304,6980.541516245487,10523.346570397112,44.262143284757435,8.914959030428035,-1.4278055275768522,277,0.9795064639706564,1,0.12295861244930437
fov0,305,6992.855024711697,5909.774299835255,35.352850332246575,28.441389077351342,1.5450100181774904,607,0.5939518456197721,1,
fov0,306,7019.270949720671,5657.398044692737,96.66543656023602,30.9498590825248,0.17466149052204014,1432,0.9473584062820467,1,0.4128758788464197
fov0,307,7017.2206896551725,11586.650574712643,50.910942267498676,11.948958486350664,0.9262626118067531,435,0.9720670921737362,1,0.9039624197734021
fov0,308,7032.407725321888,6751.248927038627,27.911092923755437,13.058381783398428,0.3210362632179219,233,0.8838045287458152,1,0.5271628935826358
fov0,309,7071.576642335766,6803.423357664234,21.652285317766395,8.756940199108165,1.2752533236475385,137,0.9145667818798128,1,0.8071621116297162
fov0,310,7104.763803680981,5576.4662576687115,22.81097011606412,18.26056387219407,1.010106353018792,326,0.5993103688345439,1,
fov0,311,7119.555374592834,5696.739413680782,49.75042719334195,24.578144392412543,-0.2744703332359089,614,0.8694455324601764,1,0.3954101850985862
fov0,312,7105.765472312703,11468.309446254072,45.908802882197776,13.111981230666993,-1.5084200772278291,307,0.9583461407905077,1,0.9332941142936113
fov0,313,7129.157323688969,5610.92766726944,39.773511352122654,20.318539399411982,-0.20560662972702384,553,0.8596662628319781,1,
fov0,314,7175.398122065728,5647.22910798122,95.42078530294532,16.68727065697076,-0.5841610401114115,1065,0.9845895991306024,1,0.7203657433344595
fov0,315,7168.88578680203,6336.6954314720815,25.74590906059622,19.621376291356494,-0.32818758884269117,394,0.6474401782937892,1,
fov0,316,7186.598885793872,5983.6713091922,41.578354654396456,12.39716214759993,-0.4901107866894984,359,0.954514704310503,1,0.7723147802884454
fov0,317,7183.799646954987,6054.606354810238,71.1107103888032,27.153784317199896,-1.4773791856882708,1133,0.9242233842188115,0,1.183208101233696
fov0,319,7229.835117773019,6149.03426124197,51.24956711382866,14.167257831116837,0.9269880604054236,467,0.9610321468802703,1,0.7126636570588163
fov0,320,7239.061224489796,5874.673469387755,55.41703193487526,9.359209578387523,1.1863300714675187,392,0.9856354407344382,1,0.8698919493780864
fov0,321,7247.209621993127,6590.096219931272,29.556620456206133,13.324460477651106,-0.4951515374640071,291,0.8926192420085723,1,0.5467228345436744
fov0,322,7268.304556354916,8060.97721822542,76.79978672340012,17.077146104936674,1.2984252266871807,834,0.9749647920929269,1,1.0603638727572793
fov0,323,7292.269607843137,5942.656862745098,31.03742454656418,8.630997484523437,1.4464325081103473,204,0.9605568875057189,1,0.8886911220028446
fov0,324,7318.669708822251,7831.844850065189,186.82613488045092,61.51410832026845,-1.318278083953398,2301,0.9442397926036451,1,1.0329089327636927
fov0,325,7329.556138509968,4926.399790136411,147.26948009641922,13.796038863962105,-0.9667397516572039,953,0.9956024652582038,1,0.5758713772444852
fov0,326,7304.977186311787,6664.7984790874525,28.943458754952704,13.32848510785379,-1.0743192935944494,263,0.887659303319409,1,0.7220676339375116
fov0,327,7322.831265508685,6604.888337468983,52.56928529538434,12.922514639274196,0.3485302059619035,403,0.9693158179207798,1,0.5915718804883391
fov0,328,7325.247448979592,5980.0127551020405,27.05636397564182,18.51506424696936,1.1007643331423975,392,0.729186917619394,1,
fov0,329,7330.76953125,4978.76171875,41.11906810594555,8.30445286080673,-1.2421039339913804,256,0.9793935408442888,1,0.6719422288353404
fov0,330,7343.424971363116,6373.849942726231,39.48684013872612,29.93088726540049,-0.06634685784167911,873,0.6522585999861608,1,
fov0,331,7348.725378787879,6069.202651515152,33.556740979975565,20.814247495561826,1.4818276777328174,528,0.7843881946666638,1,
fov0,332,7397.220055710306,6857.502437325906,111.13563967769889,63.75156340866292,-0.5671069094656689,2872,0.8191093283908957,1,
fov0,333,7403.928751047779,8736.629505448449,186.9830115576984,79.10458780500852,1.0137839591331157,3579,0.9061027813463949,1,0.7218685386320782
fov0,334,7387.216772151899,11374.729430379746,47.20956633888157,23.866018547043375,1.3993024453779708,632,0.8628069620562087,1,
fov0,335,7392.957066189624,6669.652951699463,27.695987314814406,25.70575984033189,0.6428561943520975,559,0.37223074375981646,1,
fov0,336,7388.396396396396,6756.021021021021,44.16353495229344,13.585821368200609,1.3704019067490196,333,0.9515075750273826,1,1.0037566355854608
fov0,337,7431.06852248394,9017.202712348322,101.91907157994521,54.67491438842077,0.32547231130512333,1401,0.8439294326600311,1,
fov0,338,7460.703087885986,10049.254948535234,186.18786744006488,91.86860030699599,-0.8161668870971678,5052,0.8697918458173308,1,0.2582515146558741
fov0,339,7423.708661417323,10180.0,20.17126799329907,8.493518092187267,-1.0748763418810832,127,0.9070280921692986,1,0.15639352976498738
fov0,340,7438.384761904762,9863.76761904762,54.97137069339392,37.46538094858173,0.20846431795650106,525,0.7317775915965916,1,
fov0,341,7440.222929936306,6579.401273885351,26.317447420627143,10.781918420417417,-1.000096977919785,157,0.9122261173677766,1,0.6831477897648569
fov0,342,7510.001327140013,11282.065693430657,155.16196640754538,55.80068996118131,-1.142073511718327,3014,0.9330955081739836,0,0.1091639304622782
fov0,343,7507.724489795918,6471.571428571428,27.177587900327477,12.057724153215734,-0.8468480069446501,196,0.8961930781098965,1,0.3189678580879925
fov0,344,7526.759615384615,11561.53766025641,75.8216874097357,39.01704239962106,-0.6316215008582836,1248,0.8574366863556027,1,
fov0,345,7545.699378881987,7851.717480035492,315.9563145780525,82.99755785809357,-1.5420133596980528,5635,0.9648811519494862,1,1.2582038762263887
fov0,346,7538.100089365505,11393.643431635388,57.12850370823965,41.9559124865702,-0.5362083619177722,1119,0.6787029029442386,0,
fov0,347,7541.42523364486,11994.864485981308,35.55997410002692,8.021135951426189,0.39845722119219745,214,0.9742277923860813,1,0.7050792680666729
fov0,348,7556.900826446281,7255.884297520661,32.70731750910845,11.699063488222432,0.353459745830388,242,0.9338405826442485,1,0.7499085050197797
fov0,349,7552.174418604651,7228.430232558139,21.329550734657982,10.5222713359669,-1.1583704108438755,172,0.8698485066419521,1,0.3840719245801788
fov0,350,7593.42890625,10346.61171875,146.7182809407712,34.42369055430685,-1.2155670149777487,1280,0.9720860994713155,1,0.13802471908880135
fov0,351,7594.051762114537,11219.15859030837,38.37464383605204,30.371249445097828,0.2904147729611689,908,0.6112461424678052,1,
fov0,352,7583.536585365854,7230.024390243902,21.378693925877286,7.768616760062529,-1.3543656504959878,123,0.9316405202978032,1,0.4453439387214946
fov0,353,7642.119927862939,7114.848963029756,226.94870984179292,18.90119469885942,-1.030668367441711,2218,0.996525853430902,1,0.35681492066081316
fov0,354,7634.939649578196,7061.185593770279,194.6013830756796,27.34982414120293,-1.0175601714205484,1541,0.9900746032987889,1,0.35471228592369275
fov0,356,7634.031598513011,10370.135068153655,104.37567672925805,21.561188154384475,-1.499210550766921,1614,0.9784312082992971,1,0.21391594436278094
fov0,357,7646.150432900433,11285.775974025973,75.35603904025193,22.649391553495075,-1.242764461654951,924,0.953761317848445,1,0.08936521867118069
fov0,358,7659.510288065843,5546.835390946502,41.03175450898539,8.379441162189924,0.798595669810847,243,0.9789253424634251,1,0.48826353279653956
fov0,359,7671.648093841643,2971.2551319648096,44.458482178784195,11.996502795049341,0.3580771643069554,341,0.9629062711409894,1,0.5699539334424605
fov0,360,7679.356083086053,4766.954005934718,70.25040540215993,16.270857986149224,1.0622177674722808,674,0.9728081734800818,1,1.0742521848512943
fov0,361,7677.30243902439,5513.024390243902,32.793245781369144,8.104696214179947,0.2048398060853063,205,0.9689784342285797,1,0.3681511380595613
fov0,362,7740.988026939386,11839.206784734348,256.68541491616816,38.79691245900927,-0.9778429253489099,4009,0.9885114864446033,1,0.37978876342808804
fov0,363,7683.771428571428,8501.335714285715,21.813367166791416,8.895944535195616,-0.4522287298842439,140,0.9130619950519041,1,0.7023229147480451
fov0,364,7692.524590163935,8530.508196721312,21.738680438176214,8.174891991579292,0.7081735015415477,122,0.9265982299213442,1,0.6385658107162878
fov0,365,7707.391498881432,3188.5,110.58563002773793,22.274655391876617,1.3155065788336664,894,0.9795040429881701,1,0.6879792762857168
fov0,366,7748.291314633322,5325.531598513011,226.6327239626189,36.2576034582225,-0.9811320788249362,2959,0.9871196120891795,0,0.4282646931651963
fov0,368,7702.074626865671,5360.360696517413,30.81000789387671,19.359277632573864,-1.0894837567874887,402,0.7779357692432055,1,
fov0,369,7711.034562211981,11374.956221198157,40.026674445659864,18.461315311653284,-1.5184300125789887,434,0.88728305169544,1,0.17218170506974104
fov0,370,7715.851485148515,5528.168316831683,33.3232668478816,9.65346231557359,-0.324785754235608,202,0.9571201173430837,1,0.3134213696983678
fov0,371,7711.437185929648,3109.753768844221,33.17201531223221,7.928783067283513,-1.2345157014198558,199,0.971014585257537,1,1.1602449317458976
fov0,372,7767.796120197794,11024.48992012172,133.45440220177443,72.5867369613758,-1.4555352990095016,2629,0.8391457293041313,1,
fov0,373,7827.766051364366,2971.0577849117176,192.81154444490548,46.378224474980875,-0.2690476303183125,2492,0.9706400806595898,1,0.6632657971142804
fov0,374,7747.483516483517,3161.6007326007325,42.865432389543095,8.722822911562961,1.5205104536383653,273,0.9790763647173063,1,0.7613418744895949
fov0,375,7748.569444444444,3218.0694444444443,24.603313013255708,8.032600312732368,0.9812365513070793,144,0.9452025561655286,1,0.596889775215507
fov0,376,7830.515864892528,5542.8428863868985,190.90268917774438,49.821233178484604,-0.1543058407232601,1954,0.9653449876300275,1,0.2621803615184878
fov0,377,7780.790017211704,11471.753872633391,35.53223858033453,22.285398330632184,0.30797783069542695,581,0.7788677984379607,1,
fov0,378,7855.476964166482,8185.744825283775,415.2801383636621,49.6757663166836,1.398063712115055,8986,0.9928197625212086,-1,1.1344025801505861
fov0,379,7827.019438444924,11405.673866090712,57.26681794796627,11.825048878944239,-1.053076828492189,463,0.9784486237986968,1,0.40214534717626993
fov0,380,7858.838438438438,11405.656456456456,114.31860571500803,32.970114900965235,-1.3180420505515378,1665,0.9575083635434918,1,0.45059211802664345
fov0,381,7877.620253164557,5486.181012658228,99.39239407427546,13.509356268951597,-0.3380077354999204,790,0.9907198958581442,1,0.21537954599314993
fov0,382,7875.980609418282,6462.05540166205,57.02762434097356,8.606184099109646,1.4806023442890757,361,0.9885471171562904,1,1.1666018638805897
fov0,383,7885.126865671642,6759.425373134329,21.642005572228918,8.285535833996088,1.5163925893707093,134,0.9238125501209572,1,1.2039249306399005
fov0,384,7905.7289972899725,6773.388888888889,108.06520105325981,19.885522872078443,-1.2751679062871435,738,0.9829236001076908,1,0.984099615636078
fov0,386,7902.734782608695,8390.923913043478,39.56312416638927,17.21809726687741,-1.4385405270890839,460,0.9003310480321037,1,1.1278082152008047
fov0,387,8003.232163265307,7593.742040816326,295.6746807992255,106.76670566462174,1.3849355434394677,6125,0.93252896053506,1,1.2566210134832005
fov0,388,8018.246878422782,11793.706024096386,131.48385295427573,85.12035890730407,0.058026615533810166,4565,0.7621651829027564,-1,
fov0,389,8007.301098901099,11195.885714285714,78.66197157091148,26.401636347490143,0.45184593732431266,1365,0.9419924534532654,1,0.8714566736145016
fov0,390,8033.1688500727805,4071.1441048034935,71.16546622305002,48.988645728891235,-0.12043738361439685,687,0.7253534160440209,1,
fov0,391,8026.757352941177,5260.044117647059,19.083510189988264,11.556484664055587,-0.016604328848779305,136,0.7957887170509202,1,
fov0,392,8126.224081330086,6610.0532669702425,343.3431481052894,108.26768154867953,-1.4795974442206015,9443,0.9489808363332032,1,1.054200850488554
fov0,393,8104.5041398344065,7452.889604415824,67.40659982372703,49.032784019236146,1.3598319689088205,1087,0.686194460550957,0,
fov0,394,8113.746073298429,3058.8350785340313,61.25030751875042,10.104221235112709,1.5162650376525415,382,0.9862992459985702,1,1.016913368517005
fov0,396,8137.354838709677,11753.087096774194,36.059362555400554,19.615316054532403,-0.3030615350757118,310,0.8391027845659523,1,
fov0,397,8149.421348314607,3071.9129213483147,45.531848308336386,12.651825615567214,-1.4419024100699942,356,0.9606193806070336,1,0.9532377008179933
fov0,398,8165.754237288135,6444.542372881356,17.522266502833553,8.874385684358597,1.34408619269597,118,0.862261492451696,1,
fov0,399,8251.33948845914,7576.639800374298,358.1783243248431,93.46764872103381,-1.4665199990358673,8015,0.9653515517970193,1,0.8631996095941106
fov0,400,8293.079545454546,9443.090119949495,171.41292229877908,168.35281193873462,1.2941886953480515,6336,0.1881112522238379,0,
fov0,401,8286.786630654962,3395.369345037137,174.54673925770808,67.12268760379716,-0.23823560688968784,2962,0.9231024001435493,0,0.5867014804857386
fov0,402,8268.4,3361.8295081967212,40.67386771425595,12.698841924022554,0.2795612322827736,305,0.950012679775233,1,0.5515535347676848
fov0,403,8265.40511727079,4376.842217484009,57.17441749126299,25.064733068701678,-1.1428759706470641,469,0.8987845079104229,1,0.8292082500142004
fov0,404,8297.057295136576,3865.7435043304463,94.16493286427563,59.640194998152964,0.14254493128183518,1501,0.7738582222693509,1,
fov0,405,8330.509625126646,3937.224417426545,132.37827181256486,55.34415162520163,0.6043866210147224,1974,0.9084121460719621,1,0.6815709134913527
fov0,406,8325.44976076555,3671.437799043062,53.81284412172523,19.032053519397376,0.6057419898699242,418,0.9353698078905178,1,0.4812651772476001
fov0,407,8396.702824332713,8444.141837368094,231.7902570378424,85.43186346665672,1.1544705088486558,6444,0.9295984092540561,0,0.9983778112203889
fov0,408,8467.477634904935,8020.800417628311,244.38393885653272,147.38411823625472,-0.6039420871244532,9099,0.7976774532943431,-3,
fov0,409,8464.5842379505,10276.015414676509,160.10511327313296,96.99127286082962,0.2855464683313663,4606,0.795618893080528,0,
fov0,410,8436.125994139808,7140.881121808288,132.91856161357282,66.95661291303077,1.2915514119567135,2389,0.8638543685069324,0,
fov0,411,8450.751556016598,3097.4673236514523,98.79821543068786,62.03592242441003,-1.2958043726489856,1928,0.7782897550478958,1,
fov0,412,8647.085786290323,5650.011391129032,541.4937154219466,89.92856059800032,-0.6440512416619896,9920,0.9861131270798198,0,0.08794540758946193
fov0,413,8494.819090909092,6604.567272727273,102.18228534096616,28.763407202595634,-1.5096045347452516,1100,0.9595638292636635,1,0.9770591658432474
fov0,414,8536.349270814104,4290.052242938896,225.56230115241874,101.65751225276135,-1.3112547707063382,5417,0.8926831265421633,1,0.4839580252011394
fov0,415,8533.233438485804,2783.7034700315457,47.47180248487853,11.024391351609365,0.49619653075311676,317,0.972660826630945,1,0.8243389619751561
fov0,416,8535.52033492823,6556.705741626794,92.02675792733228,25.262252651882847,1.456825791954076,836,0.9615842841208484,1,1.1890947706920376
fov0,417,8642.57142857143,7608.032916991933,310.6802626893288,111.35105126929511,0.061591341013496705,7686,0.933564112829109,0,0.46499515516625284
fov0,418,8548.28862973761,7001.084548104956,34.94434303856682,15.160928888050567,-0.7600725622608258,343,0.9009806274046074,1,0.46811776829476826
fov0,419,8603.608131487888,5442.968858131488,181.87631375553414,22.822038064894496,-0.5755385235113366,1156,0.9920960115302678,1,0.07913512778824021
fov0,420,8629.523281596452,8876.636807095343,110.5504409221854,71.8374371715517,-1.570670280455509,2255,0.7600916141605133,1,
fov0,421,8626.793447293447,6938.9301994301995,45.267145250675064,36.697806081783895,-0.11837909494108934,702,0.5854700076325194,1,
fov0,422,8689.653552912474,3831.706007929247,249.2609230208649,143.12557911149057,-0.31934318108244575,6558,0.8187151871012562,-1,
fov0,423,8622.911581569117,7288.673723536737,55.862370394633416,30.75210107461995,1.5583828502309696,803,0.8348367430961577,0,
fov0,424,8701.102206441796,5970.354045143292,182.4667362593314,138.85570350321763,-0.22791199194254605,3943,0.6487614108836695,1,
fov0,425,8731.648779643414,5762.817033062143,296.5234959009863,75.17766719789253,-0.7570931847343922,5777,0.9673274665109394,1,0.10442594049542625
fov0,426,8692.06552962298,6834.959066427289,162.20888308387111,114.3208325355206,1.0559778842616296,5570,0.7094304881454871,0,
fov0,427,8651.666666666666,6887.014492753623,45.16359251605881,9.065258824470135,0.9218366696668994,276,0.9796485498886028,1,0.9021136543517294
fov0,428,8662.006622516556,10231.276821192054,88.1097913739472,26.29782559646987,-0.8065975533736409,755,0.9544200949039205,1,0.6151902038472471
fov0,429,8756.466189989786,9705.97037793667,345.8359493094612,183.6026160721423,-0.6075827050170372,9790,0.8474375356877862,0,
fov0,430,8698.935643564357,3107.7178217821784,37.51564705397072,8.990001322524426,-0.6285785361099432,202,0.970863452285731,1,0.3188054669163228
fov0,431,8718.694344163658,3674.9614921780985,66.5477273245454,35.129389313867414,-1.0121292035473377,831,0.8493173311849677,1,
fov0,432,8731.018779342723,7384.843896713615,93.64055017529786,35.2111031000654,-0.883768603354353,852,0.9266098856907071,1,0.6813017092859074
fov0,433,8749.06473829201,5295.212121212121,114.77038080301062,21.10286316527573,-0.3254556093178652,726,0.982950515830729,1,0.16058569194108094
fov0,434,8734.191836734693,7562.278911564626,70.79017246268937,18.27710832384829,-0.40997142533692243,735,0.9660949377682005,1,0.5033760098444143
fov0,435,8755.8302354399,10315.246592317224,128.95430086644762,69.03631997245841,0.3322135585646556,2421,0.8446271988741788,1,
fov0,436,8734.298570672314,9019.651138168343,167.50001400636378,37.892063318062384,1.5676826754855084,1889,0.974075943628796,1,1.2357823272714208
fov0,437,8765.51837524178,5329.100580270793,66.99801741231842,10.81530113302798,-0.5749522903928292,517,0.9868846259799214,1,0.07913552773357148
fov0,438,8766.783681214421,3117.1631878557873,77.76315041562573,21.81495415992116,-0.9687261044372283,1054,0.9598450415067717,1,0.2723208592471252
fov0,439,8770.867892976588,9770.714882943144,118.27066347937841,57.11768659828967,1.2245349360229663,2392,0.8756532011295628,0,0.7851462933610479
fov0,440,8761.575052854123,3177.7188160676533,44.17249514082576,16.955170272700663,-1.4420291213526941,473,0.9233996204006202,1,0.39527056349594025
fov0,441,8771.588005215124,8982.04106910039,152.1443051855138,22.284662204158643,-1.517888105720619,1534,0.9892150291286965,1,0.8840560930038139
fov0,442,8792.450502911594,6625.239809422975,79.58041637155131,48.828836488046505,1.3442404583096814,1889,0.7896336890881648,1,
fov0,443,8781.474747474747,8336.908080808082,50.267616028632396,27.186359764204408,-1.2431323150335374,990,0.8411303237968096,1,
fov0,444,8782.393822393822,9402.5444015444,20.232712558062655,16.32396249964953,-1.299323836693517,259,0.5908104698991745,1,
fov0,445,8812.892363199038,7089.0270595309685,69.14900358653931,58.53431747646338,-1.5048262773578274,1663,0.5323959421449774,0,
fov0,446,8809.155234657039,2952.8050541516245,39.38034916860135,25.39890193946851,0.11546061803574431,554,0.7642130733874967,1,
fov0,447,8807.20796460177,7777.70796460177,35.37093041518648,9.415203030631353,0.15284250340989416,226,0.9639220235146816,1,0.31392735922755316
fov0,448,8805.81652360515,3135.1995708154504,66.69965535519965,22.57855754317184,-1.4285682941212428,932,0.9409624855504249,1,0.3898334423773878
fov0,449,8817.97088186356,10155.549084858569,62.970084996075684,58.24311438906469,-1.3053498807229231,1202,0.38012998510689916,0,
fov0,450,8835.268365817092,8280.775112443778,85.44185989513392,18.233532196158244,-0.26805809084989735,667,0.9769643006096927,1,0.3811844019196921
fov0,451,8838.221095334686,7537.552129817444,108.25299635724639,92.70127318092437,1.1045171312306343,2465,0.5164139332260941,1,
fov0,452,8825.059670781893,9268.746913580248,42.254351746305275,18.70779977043798,-0.52298249050621,486,0.8966487760046642,1,0.6098863779295454
fov0,453,8842.698988195616,6900.349915682968,62.67304648011164,45.33420049267705,-1.497887230391438,1186,0.6904873663124911,0,
fov0,454,8843.833887043189,8947.85049833887,32.41414731032274,15.946933149169878,-0.14391665081658914,301,0.8706096224054366,1,0.6153546758549949
fov0,455,8895.932416953035,3867.954180985109,93.89503725254646,37.0883000326691,-1.0934239307574969,873,0.9186822174150993,1,0.8863872125570256
fov0,456,8913.250684931507,9627.276712328767,107.3186505485842,30.875237570494612,0.4085983116519625,2190,0.9577215269811475,1,0.5279505954266189
fov0,457,8908.878100637845,2915.1761162296243,106.67741378171556,77.3760899312233,1.0314828605909319,2822,0.6884036866616101,0,
fov0,458,8891.461538461539,3085.147252747253,40.4670930658337,16.599081013798283,-0.171626704974498,455,0.9120013779159943,1,0.5023691923443968
fov0,459,8888.876823338736,7004.045380875203,82.29278270373673,26.61408274516234,-1.0766643610966031,617,0.9462598739807756,1,0.8017662632437936
fov0,460,8896.8984375,9124.208333333334,56.70028642922706,20.445285569131364,-1.1915431634809097,384,0.9327262702083027,1,0.7609337575978181
fov0,461,8938.281188118812,7122.083168316832,67.17785978571732,53.889298053325035,-0.7891048767317035,1010,0.5970710292587063,1,
fov0,462,8951.00152788388,3589.304812834225,90.65099625815758,61.641286765807735,-0.5709532141140944,1309,0.7332263386681972,1,
fov0,463,8971.21452991453,8513.645299145299,70.53738137985303,42.70125093779668,0.553009133203587,1170,0.7959438037915169,1,
fov0,464,8962.86038961039,3907.991883116883,40.00880016410873,22.037656930555894,-1.3416923958605276,616,0.834623904881241,1,
fov0,465,8968.970760233919,3820.231968810916,75.9062168162914,9.23038876681855,-1.3555524646436787,513,0.9925788745812667,1,0.9746331831527424
fov0,466,8986.55985267035,3763.782688766114,45.22004407521511,18.560326572951546,1.232478065745746,543,0.911885499226267,1,1.0998019863273585
fov0,467,8980.037878787878,7175.325757575758,23.197289278711295,8.358342838446017,1.4040252090848104,132,0.9328305000959066,1,0.9653662144842081
fov0,468,9030.558759521218,6406.423014145811,165.0749455867026,115.78108293802119,1.0578630070316195,3676,0.7127826792384452,0,
fov0,469,8999.737089201877,9458.24647887324,40.48282329975297,24.97326518268193,0.255169402411096,426,0.7870529371707199,1,
fov0,470,9034.577380952382,5722.166666666667,54.90927956946802,10.316528860469283,-1.1128866990267416,336,0.9821913860656544,1,0.6289379413885563
fov0,471,9050.74142480211,3613.337730870712,25.545815244095976,19.03113494526081,-1.1826359174642413,379,0.6670862102735245,1,
fov0,472,9060.772108843537,5754.231292517007,41.003657406238794,10.51106927695873,-0.803427103797707,294,0.9665854370060475,1,0.5145898329151191
fov0,473,9062.365942028986,8627.70652173913,27.251588524504154,18.334368670339494,0.04249781308736288,276,0.7398410995100424,1,
fov0,474,9057.153266331658,3854.218592964824,57.170027588401496,9.344083256606973,-1.4407968591611955,398,0.9865526560209704,1,1.006265564901223
fov0,475,9081.666666666666,2783.0304659498206,51.917620493321465,21.126033048967972,0.27125935150227243,558,0.9134662459033694,1,0.7393128787973703
fov0,476,9080.573726541556,2746.243967828418,31.841437447101573,18.178749815393775,-0.3515095350734538,373,0.8210092704482849,1,
fov0,477,9096.977333333334,3791.004,63.132398499334855,32.571538444016895,0.09749551264816532,750,0.8566341795860232,1,
fov0,478,9097.238938053097,5669.141592920354,24.61869835879693,8.06909107066181,0.7338997841160788,113,0.9447600816047547,1,0.6697707635093331
fov0,479,9100.95294117647,9766.478431372549,30.80563739501103,14.722705735163695,-0.1961009466584198,255,0.8784020324552744,1,0.4230414544316373
fov0,480,9361.337943969054,5928.690188723479,406.24656097219656,116.21736046187412,-0.4329497405406985,8531,0.9582069533677483,0,0.6960041705334705
fov0,481,9259.892516323456,2924.416875941738,205.36481896646424,69.91119610986387,-1.3431364457697323,3982,0.9402718889374384,0,0.5009445144184601
fov0,482,9273.703271028038,4802.8317757009345,106.72528982537943,13.937125783018445,0.04510421254065115,856,0.9914366190456876,1,0.34176744105784357
fov0,483,9260.986111111111,5139.175,52.03320402433625,11.76658797366698,-0.2358762324335231,360,0.9740957066077246,1,0.33778627224859076
fov0,484,9248.652014652014,3602.996336996337,42.6091795866604,9.534972670500613,1.546977029769326,273,0.9746402732068514,1,1.2354679555748123
fov0,485,9293.080305927342,4743.288718929254,69.21174163901588,10.521016022896921,0.76009629710381,523,0.9883786463440558,1,0.5519454471725684
fov0,486,9306.602409638554,5812.909638554217,27.31314267497375,8.77879743434065,0.5290732169512202,166,0.9469391338722934,1,0.5965961388972836
fov0,487,9326.553610503282,6489.842450765865,126.67707708015499,21.865566940406087,-1.4915169199496365,914,0.9849904735665037,1,0.7171655050010602
fov0,489,9390.254826254826,6535.918918918919,34.4674193844623,11.657082869252163,-0.8796699274286416,259,0.9410721561309413,1,0.5511313762578836
fov0,490,9419.283154121864,2943.3548387096776,33.97595510131458,12.831978309395376,-1.3689867612358029,279,0.9259369096846246,1,0.5093739412054504
fov0,491,9429.54,2831.571111111111,52.669325408551074,15.415579678060293,-1.532211569934239,450,0.956208577800584,1,0.5682258727817355
fov0,492,9527.947494033413,5632.119331742243,50.8052072646443,15.367588696751955,-1.189016434085744,419,0.9531555471693026,1,0.9419180060825759
fov0,493,9579.20826709062,5649.233704292528,73.28332818409001,11.895353619727901,-0.7476437535987964,629,0.9867381622373266,1,0.7639267406790587
fov0,495,9586.646766169155,6298.606965174129,30.899626697738004,9.948563586981361,-1.4739315856323965,201,0.9467519539855699,1,0.6683298959712337
fov0,496,9613.388127853881,5761.520547945205,29.816639781532036,12.232275770475708,1.1823292652745625,219,0.9119731118623626,1,0.7958653473014273
fov0,497,9621.633333333333,4748.617948717949,38.77134488231885,18.412617932263448,-1.0356944545199445,390,0.8800382873452027,1,0.5674476684506489
fov0,498,9701.913616398244,4750.119326500732,197.99334516523956,15.071461873067117,-0.4727292028620025,1366,0.9970985835548084,1,0.36547239019473904
fov0,499,9734.00530800391,6027.785444894538,221.29839131065,148.51670315902393,-0.11044203871756397,7159,0.7413531243316905,0,
fov0,500,9642.9,5753.322727272727,28.570765032131217,12.89938099704197,1.4761069909218776,220,0.8922767761291577,1,0.9199815485098382
fov0,501,9648.254054054054,7703.624324324324,52.715410615039474,14.308571326918434,1.2907543900064002,370,0.9624580368475326,1,0.7171870696078054
fov0,502,9674.886597938144,4706.649484536082,30.559030126979426,8.46429222687239,0.37765539673612003,194,0.9608751926424743,1,0.47384993515537066
fov0,503,9678.246575342466,5783.6392694063925,27.069927286265244,14.182754412149748,-1.3428977598592875,219,0.8517611568391447,1,
fov0,504,9706.494117647058,5729.752941176471,42.39905196999746,17.03082827605979,-0.060132319819802306,510,0.9157803294809932,1,0.5737550834047511
fov0,505,9722.978527607362,4683.368098159509,44.197709384147956,10.923916576557986,-0.5354448665337579,326,0.9689746201250614,1,0.38046950587380735
fov0,506,9717.489795918367,5779.496598639455,27.172625377658097,7.708131192959552,-1.003903663866953,147,0.9589211731266821,1,0.8619179470729805
fov0,507,9790.087301587302,4676.322751322751,41.144474772518684,18.409500088920957,0.5727869336164124,378,0.894316186743644,1,0.5366432373667551
fov0,508,9883.937418852247,5090.5125941313945,295.2299918260857,70.1066592587461,0.041163100122024746,3851,0.9713962034668625,1,0.2761733223850017
fov0,509,9786.678217821782,6293.811881188119,30.878694497581378,10.639276192134087,1.1034765916902256,202,0.9387677063431811,1,1.14703783747443
fov0,510,9879.957913455839,4761.484291641968,187.76392434995918,66.927599486402,-0.926685438985844,3374,0.9343161295132856,0,0.4703747644686303
fov0,511,9873.454332552694,6059.264637002342,59.77159959855455,9.612668435053099,-1.086441556523165,427,0.9869832078113189,1,0.6068983665990285
fov0,512,9916.341176470589,4630.579411764706,48.43849806152582,11.938385750698771,0.13784441770148909,340,0.9691517384009087,1,0.4417837962265482
fov0,513,9975.709589041096,5045.353424657535,168.62786541915088,28.48545368008618,0.16136240429350793,1460,0.9856289166702601,1,0.3097720790373476
fov0,514,9921.873015873016,5684.650793650793,20.74324122295522,8.55333949587959,1.0898710644967604,126,0.9110284767073179,1,0.7556536600228725
fov0,515,9995.219672131148,5244.777049180328,42.84097847517034,9.632656679839313,-0.2468967947180498,305,0.9743941292107106,1,0.17491754415433902
fov0,516,9989.797101449276,4783.565217391304,23.31266650221862,11.480106379128145,-0.9996806941321936,207,0.8703459846470658,1,0.30730948159686705
fov0,517,10082.228298380674,4735.845500398194,247.97395334506015,60.35651043579759,-0.8254970113611656,3767,0.9699263511783512,1,0.2539646742137292
fov0,518,10054.960784313726,4720.71568627451,62.664499168904705,10.335520375596504,-0.5737766709068055,408,0.9863045689002642,1,0.23394798288523852
fov0,519,10049.507936507936,6572.6,34.479624872112694,19.584189863609044,-0.2961857251568701,315,0.8230332985309595,1,
fov0,520,10053.475409836066,5075.639344262295,18.83125719529806,9.30790948294987,0.2400728388947151,122,0.869302886551809,1,0.33725812290137874
fov0,522,10077.930402930402,5551.684981684982,40.41313140384284,10.80428494165547,-0.4352066121690958,273,0.9636006280367633,1,0.4065332776241081
fov0,523,10131.989661654135,5389.018796992481,87.75411423653064,33.71359618120539,-0.19450542716595812,1064,0.9232571669297356,1,0.13787502234033447
fov0,524,10114.567073170732,5585.420731707317,41.05639571361921,11.546506219065268,0.03918702752047216,328,0.9596388524956377,1,0.3026386446385645
fov0,525,10171.64935064935,7307.290043290043,29.87275598457143,12.797201729835164,-1.319941978982792,231,0.9035937525501565,1,0.8740409010218722
fov0,526,10227.760323383085,6170.731467661692,348.7990903223421,108.17853001018233,-1.2796911080050999,8040,0.9506890443404763,0,0.7569008973277231
fov0,527,10192.183486238531,6674.48623853211,28.176009603243017,13.947218577001582,0.461008651619509,218,0.8688910768239775,1,0.6713247874838271
fov0,528,10208.803713527852,6737.331564986737,56.778758960803046,10.179491394208812,-1.2494110142454975,377,0.9837974624260123,1,0.8593216770043356
fov0,529,10385.729663441885,7773.5269110233,219.67198357225766,123.53263068688018,-0.5578663956761746,7339,0.8268990343422896,0,
fov0,530,10306.037735849057,8286.0,26.518037029988736,8.902892462846987,0.9647062128355491,159,0.9419583708597554,1,0.12149526880620437
fov0,531,10398.15120274914,8328.659793814433,66.82215235619753,12.380765125476966,0.9034865086271777,582,0.9826858915816046,1,0.3839296309979383
fov0,532,10430.755597014926,6427.7835820895525,39.868129760750115,20.249715985163597,0.05831032689207605,536,0.8614057904483737,1,
fov0,533,10455.023148148148,6338.722222222223,29.492511981558568,11.85031970917528,1.1421483597768995,216,0.9157240505338634,1,0.9242571275526168
fov0,534,10508.606606606607,5152.798798798799,87.03288401354081,58.064503692476336,0.5918673010163206,1332,0.7449181029639735,1,
fov0,535,10495.16304347826,4905.143115942029,48.25059309515161,23.33554178163688,-0.4830773709526593,552,0.875271311781883,1,0.20211641310072032
fov0,536,10495.357923497268,6465.05737704918,38.91371261638745,13.797631937370994,0.5142407643452523,366,0.9350295034986683,1,0.6863379202452156
fov0,537,10510.946319018405,6744.108895705522,53.73533216014561,39.00270188354632,-0.6290066464863182,652,0.687874404442128,0,
fov0,538,10532.325411334552,4547.615173674589,53.60154486637126,35.55055168560453,-0.5556342962120822,1094,0.7484090399277251,0,
fov0,539,10544.216463414634,4446.963414634146,44.365450824331916,37.80642668481526,0.8857152228184603,656,0.523282632157142,1,
fov0,540,10537.247747747748,6383.794294294295,70.24692912998422,14.46953713574312,-1.493092454109554,666,0.9785559777954219,1,0.9630009106633742
fov0,541,10562.486641221374,6332.469465648855,49.20683287247656,25.235039734132652,0.20556758853661766,524,0.8584865436188127,1,
fov0,542,10589.1,7024.234759358289,102.3619245262225,85.98381868630928,-0.5837023279604295,1870,0.5425893919519692,1,
fov0,543,10574.26857142857,4429.788571428571,24.416355551506474,9.728058196592809,0.26276495316950216,175,0.9172014183349086,1,0.5213285553713614
fov0,544,10575.964444444444,4913.511111111111,30.145185155304574,11.736034184176441,-0.5839272655312128,225,0.9211038183575078,1,0.22133313584723274
fov0,545,10621.004706734251,4473.129978276611,101.59879258877308,91.90795096653962,-0.11957665838170238,2762,0.42622630919045723,1,
fov0,546,10608.361111111111,4884.788888888889,29.987021738981426,8.204410666607872,-0.4260811102076013,180,0.9618439281914754,1,0.19617585859807862
fov0,547,10617.757142857143,5439.910714285715,44.96021364158947,11.144221780750339,0.006443523795641421,280,0.9687936802833076,1,0.198371651391765
fov0,548,10636.422934648583,6373.7410604192355,56.176813210339525,47.66057608591836,1.4934337251615015,811,0.5293508977174725,1,
fov0,549,10680.309048178613,7555.081668625146,119.92001154105674,77.15691359715693,-0.2496560151831803,1702,0.7655275187898677,1,
fov0,550,10662.469072164948,4426.762886597938,26.544500322359625,9.764251803133705,-1.3358574800747138,194,0.9298872678202044,1,0.681884780520918
fov0,551,10696.148418491484,3909.698296836983,66.4774669917979,9.671908255638103,-1.2750798866252833,411,0.9893594974812993,1,0.8548395884055702
fov0,552,10818.211884469696,3028.0101799242425,304.9513404717051,56.12389672984487,-0.43278812463792926,4224,0.9829183543855126,1,0.5720573387528713
fov0,553,10747.618048268625,8051.517313746065,60.14700117516619,49.9414903642236,-1.4925367443142603,953,0.5572811521273218,1,
fov0,554,10768.275376884421,4218.874371859297,156.44186097876613,19.452400461350553,0.6340244476067998,995,0.992239334841963,1,0.5900363539814291
fov0,555,10858.120042954668,8300.976451637647,298.56470039026567,200.22941619500642,0.5539728707191782,13037,0.7417830244934301,-4,
fov0,556,10778.290546400694,3086.2870771899393,171.34920112423788,24.144434382167667,-0.6425093357628688,1153,0.9900227267249124,1,0.6622527383874167
fov0,557,10743.906976744185,3904.9720930232556,37.330018029044105,8.900104673512825,-1.1513109544645106,215,0.9711629182338717,1,0.810871861376549
fov0,558,10772.452229299362,8850.929936305733,38.73792518417589,11.945609548848935,0.7448777169684233,314,0.9512665314156658,1,0.406549538887239
fov0,559,10798.83111111111,4200.822222222222,73.79667504657117,8.594819368201705,0.6133504836715845,450,0.993194654100696,1,0.5894996515432618
fov0,560,10806.054054054053,4472.172972972973,31.227905847999665,7.947836698242083,-0.5145493113844488,185,0.9670699535647166,1,0.361432013917845
fov0,561,10828.41675075681,7224.8930373360245,75.38795861075317,19.99854933073212,0.17359899797872494,991,0.9641727613760009,1,0.3523204096583894
fov0,562,10825.32156862745,9044.803921568628,26.30029336420597,15.80622293680631,-0.2176684767070333,255,0.7992562667169428,1,
fov0,563,10833.05291005291,4495.047619047619,31.68668060281982,8.91940240706185,-0.7623646192109373,189,0.959564914239125,1,0.33757841888778356
fov0,564,10869.376531270149,3747.5054803352677,193.99878757993628,42.79754992815248,-1.1178709746383517,1551,0.9753627102081824,1,0.8004487060656587
fov0,565,10869.101041666667,6517.544791666666,67.92665008589188,50.785740354813996,-0.2722599468721206,960,0.664086668405115,1,
fov0,566,10866.417808219177,12147.092465753425,46.90339571866053,10.328402522025021,-0.4271919318699175,292,0.9754534227069525,1,0.5518839626927554
fov0,567,10929.267955194377,5996.041950362398,207.71233772833955,97.40630070050409,0.9958434425453244,4553,0.8832257378477032,0,0.7817614538489669
fov0,568,10893.627383015599,4315.038128249566,92.79404478582053,31.032794946918337,-1.3805473542955198,1154,0.94242180751269,1,0.7568945863507146
fov0,569,10887.297491039426,4096.336917562724,37.48505096569617,11.259596317969061,1.5012610473221797,279,0.9538209856106887,1,0.7844313671571466
fov0,570,10891.734265734265,7220.076923076923,22.153889920763767,8.707055728251156,-0.577256217305349,143,0.9195273395932025,1,0.6376874715481868
fov0,571,10924.173368490441,9148.363216875412,115.49138512299608,40.99751482360459,0.7444064872530592,1517,0.934872636024717,1,0.6276972610676146
fov0,572,10921.0703125,3780.41015625,45.49554653314933,8.325983046879148,0.7108479011852081,256,0.9831116937416803,1,0.8436171527793781
fov0,573,10927.913939393939,7245.235151515151,64.79359052654739,21.541604336807058,0.868882494606892,825,0.9431155763189096,1,0.4203982990478695
fov0,574,10929.669039145907,4087.9750889679717,43.357778314244825,9.103145593745413,1.5053797750275513,281,0.977711232374367,1,0.7859535897137297
fov0,575,10952.056224899598,8241.044176706828,33.08880660049117,12.45154771482658,0.6857836933759839,249,0.9264950530834708,1,0.6649299434845628
fov0,576,10959.61935483871,7223.125806451613,47.24475293071084,9.768641083171344,1.1088806358967398,310,0.978390278356912,1,0.5148189366527093
fov0,577,11198.80309161541,3229.874150210424,713.6549786870384,203.52350576226746,0.740261622578251,12356,0.9584725698191018,1,0.561485240885036
fov0,578,11017.703977798335,12393.99722479186,97.93527481578423,69.52076881437468,0.7964383759579082,1081,0.7043383275869581,1,
fov0,579,11035.05394736842,3080.952631578947,113.98432548080719,11.87019821347683,0.8774564041717876,760,0.9945627667091751,1,0.5040508403194146
fov0,580,11088.198071866784,6200.430616418346,114.44789447727271,90.45369530754557,0.4973224393952592,3423,0.6126578273861527,1,
fov0,581,11045.781690140846,6949.971830985915,24.944512297434915,7.594216192195652,-1.3943425380297871,142,0.9525301197190662,1,1.0858462289859663
fov0,582,11108.419928825622,3340.7988137603797,421.3906288243756,143.45624099473653,1.0160818350274736,4215,0.9402679475624726,1,0.6735750434645105
fov0,583,11131.239554317548,6582.5849582172705,179.03387006698745,113.23425140380087,-0.8275537898451303,4308,0.7745816652465176,0,
fov0,584,11084.757075471698,6838.353773584906,53.88473050017414,20.953193062673773,1.2150728496955179,424,0.9213001731081087,1,0.7965792764354059
fov0,585,11102.903587443947,7708.195067264574,51.463434882413964,26.09699768805461,0.9204837393805244,446,0.8618884849921724,1,
fov0,586,11104.148148148148,7367.074074074074,23.783771803109968,8.06987428472255,0.4268188624449568,135,0.9406776037029712,1,0.32910062891350894
fov0,587,11107.803738317756,8860.542056074766,16.557519525076163,8.801456222594451,0.10522211765104644,107,0.8470152913659704,1,
fov0,588,11166.06875,8701.136607142857,111.88456297103937,40.167315279200665,-0.6071862779776196,1120,0.9333349564485818,1,0.36104746298854173
fov0,590,11206.522267206477,8251.112550607288,83.67381939687752,54.91440852116911,1.5454174155167841,1235,0.7545075157293736,0,
fov0,591,11218.923588039866,2752.7641196013287,42.64909221147656,10.040690513178097,1.3307722871556686,301,0.971892360542337,1,0.4372002228216204
fov0,592,11286.515489467163,2856.0483271375465,87.40894886495643,17.971373431055593,0.5006347467637969,807,0.978635887312339,1,0.317988561705458
fov0,593,11262.745614035088,2770.8596491228072,57.713406557767165,14.328288571568946,1.3448929365618727,570,0.9686918448004418,1,0.36379674734310924
fov0,594,11295.066737853711,6459.357180993059,97.17344909931963,73.69454387935427,-1.1054541201759167,1873,0.6518109656441133,1,
fov0,595,11280.771241830065,3349.3660130718954,24.46022646737434,9.176425411750945,-0.21131645165686033,153,0.9269612819677254,1,0.4222640753381459
fov0,596,11282.158914728681,6818.550387596899,23.813523410443704,16.092950191702332,1.2649620762359988,258,0.7370938565661171,1,
fov0,597,11317.519553072625,8750.64245810056,28.86546454769188,8.188863307702002,-0.15676027524329822,179,0.9589158447238397,1,0.26141601806774944
fov0,598,11335.03781512605,7962.778991596639,106.62222219992255,17.79925010687437,-1.4694571456559276,1190,0.9859674751477059,1,1.0362675213175074
fov0,599,11344.324742268042,2350.041237113402,31.31383792498799,8.00496978312302,-0.14010552520381395,194,0.9667728890338737,1,0.6192353726572998
fov0,600,11347.021097046414,3450.856540084388,38.556673472739504,8.352978857215838,0.3471792420697064,237,0.976251209272747,1,0.4610944084409918
fov0,601,11367.15625,3354.8515625,22.366591593317338,7.737403727042178,-1.2706711914785975,128,0.9382582022613517,1,0.8267748420279769
fov0,602,11391.275956284153,7808.056466302368,85.7938223825967,59.501521879499826,0.11085461126686266,1098,0.7204172867704175,1,
fov0,603,11383.6,3432.7933333333335,25.27603799693533,7.900117640455545,0.505105528100857,150,0.9499001121794599,1,0.4839216434164335
fov0,604,11443.323394495414,8981.303899082568,117.336053199919,28.913324523097305,-0.664952628303478,872,0.9691644915549388,1,0.26835125599139964
fov0,605,11436.30313014827,8949.44975288303,82.41708722407498,11.92295907156191,-0.8338727285845248,607,0.989480529263904,1,0.3312094463587923
fov0,606,11475.680379746835,8511.905063291139,72.10774355122065,57.2203019305475,-0.416329692150824,1264,0.6085194825734666,0,
fov0,607,11468.505226480836,7442.606271777004,38.06433038218757,14.452571949685524,1.3936127433659573,287,0.9251145730500537,1,0.770076043509531
fov0,608,11476.5,5859.736486486487,24.84295354993257,9.223230470847854,-0.6114201655474999,148,0.9285283788238419,1,0.43547482594985654
fov0,609,11529.088039867109,3525.3001107419714,148.58194961639043,85.96316892196897,1.3980250171475932,1806,0.8156417543646721,1,
fov0,610,11546.916323731139,3065.8299039780522,136.37276620558765,30.613581225986753,0.7726141899344128,1458,0.9744776445154425,1,0.3261914159642324
fov0,611,11544.357763975155,8096.537267080746,85.95687217800338,63.990056645375745,-0.7384924704562725,1610,0.6676851776499066,0,
fov0,612,11537.336805555555,9149.392361111111,31.27521219577219,13.913408587732029,0.26011983452512244,288,0.8955950773728605,1,0.4416046132459113
fov0,613,11587.159780985565,3018.088601294176,120.97974947605377,43.11833627031996,0.2558103049653658,2009,0.9343298364452778,1,0.1837345711577478
fov0,614,11636.727172717272,8388.66153281995,114.3939624499778,85.15224618071665,-0.5610754803901138,2727,0.6677594858797361,0,
fov0,615,11656.098884270401,8969.944869831546,154.01641425794693,90.65334725557791,-0.47885068587232166,4571,0.8084277943479474,0,
fov0,616,11610.927374301677,3125.8100558659216,27.779596282606015,16.825458842724483,0.008604146677419443,358,0.7957107092354166,1,
fov0,617,11621.710027100271,9165.466124661247,30.492167325853796,18.806591155022478,0.7081624764247363,369,0.787145038178069,1,
fov0,618,11652.109677419356,3110.963440860215,51.21371753038851,15.871913227185566,0.2733328076409151,465,0.9507641788765153,1,0.36084754580626105
fov0,619,11660.662576687117,3073.1615541922292,53.782094834877284,13.18995919427046,0.3929298253585259,489,0.9694603372668759,1,0.401235280001646
fov0,620,11687.686011904761,8721.452380952382,53.33774887041351,36.573727107597485,-1.3440290502245391,672,0.7278836919767075,1,
fov0,621,11756.84826546003,2611.2886877828055,197.42866194237004,35.19873621744233,-0.2781976497082686,3315,0.9839787379601961,0,0.4735500490603889
fov0,622,11686.880701754386,9494.417543859649,21.96837136327686,16.688312565877794,-0.2522843552503913,285,0.6503300410942782,1,
fov0,623,11685.580952380953,10120.914285714285,17.807328834341792,8.397872064107696,1.0272931087512214,105,0.8818145163332204,1,0.5819473233238928
fov0,624,11688.608695652174,2516.913043478261,15.432308586886831,11.475136614077378,-0.8553624795415052,138,0.6686483781402235,1,
fov0,625,11697.77245508982,3020.8922155688624,27.373319529643982,7.991665153812728,-0.24811352432273107,167,0.9564333089789795,1,0.3174192730286533
fov0,626,11728.599745870393,3093.7039390088944,88.68446626862031,16.623474590715833,-1.0671366844271157,787,0.9822750680768764,1,0.5647136625752246
fov0,627,11755.285253827558,9046.497179693795,129.37972718215522,23.712961389326875,-0.5667395130743336,1241,0.9830603986959615,1,0.2246720462027393
fov0,628,11738.203361344538,2438.334453781513,53.04519837042322,22.544615517422283,1.181812680591224,595,0.9051897540316004,1,0.8585305074517816
fov0,629,11751.070570570571,2965.135135135135,78.2286045578366,17.7255703392881,-0.7564816273389807,666,0.9739909729162872,1,0.25790910449000953
fov0,630,11770.531542056075,6775.426401869159,101.06793610905878,49.86872097261771,0.42695605318757535,856,0.8697924190927885,1,0.6091350072478058
fov0,631,11818.044351464436,3014.75230125523,152.80012003400054,31.84581911602686,-0.35793098631416986,1195,0.9780405086741082,1,0.1518325308124761
fov0,633,11816.325301204819,2912.3239625167334,77.97068451235201,19.768011849610538,-0.46712855473640147,747,0.9673271739332049,1,0.3647815374294656
fov0,634,11825.019305019305,2948.3861003861,37.28520926898417,9.869086314052348,-0.005969964130981697,259,0.9643330811219163,1,0.32487373318704676
fov0,635,11824.498881431768,2305.2751677852348,41.975903924627445,25.652075841303123,-1.519823371959093,447,0.7915423501146673,1,
fov0,636,11879.942070275403,3261.420702754036,120.42756573014917,15.123505683248089,-0.5477070651505136,1053,0.9920832734707138,1,0.1826063869199799
fov0,637,11873.697033898305,3307.6419491525426,82.00639915905901,8.645964895436995,-0.6663850322385877,472,0.9944266877780372,1,0.2684329366479334
fov0,638,11863.551937984495,10475.866666666667,31.646739453990143,26.467672205313406,-0.040721294348197185,645,0.548199615127865,1,
fov0,639,11867.453924914676,2877.3754266211604,28.02815400272289,14.34331774180595,0.9149246202743759,293,0.8591363259281769,1,
fov0,640,11897.703601108033,8936.869806094182,43.509339586450395,13.301432805465158,-0.3595244026832527,361,0.9521232532292455,1,0.4776699321334226
fov0,641,11910.87544065805,10103.678613396005,80.05072441985966,59.41660690609022,0.8979606696856722,1702,0.6701375117819836,0,
fov0,642,11913.462848297213,2999.9922600619193,58.67758792020077,23.835374209713663,-0.08552211153235606,646,0.9137801219513164,1,0.2695687513782967
fov0,643,11919.155910908052,2923.506567675614,101.45453914190539,39.81491733851537,0.882216681119647,1751,0.9197771949023202,1,0.5636983174854079
fov0,644,11938.034482758621,9963.95566502463,46.28427958409013,19.835300020465606,-0.13481726510769526,406,0.9035163043766448,1,0.5166952013005586
fov0,645,11976.082242990655,10285.722118380063,86.57293108814807,52.30915255040229,-0.6916337211308459,1605,0.7968170480887016,0,
fov0,647,12000.901408450703,2981.1256771397616,49.28927752720876,33.79770047492485,0.19662451203080328,923,0.7278834502035905,1,
fov0,648,12011.650046168052,10000.169898430286,77.3237378654575,56.003458747453514,-1.028911458754132,1083,0.6895138227444436,1,
fov0,649,12012.67966101695,8651.208474576271,31.15708692179936,24.480439037693067,-0.3326251712512372,590,0.618594843513513,1,
fov0,650,12211.96044362292,9407.79944547135,464.6612633660269,146.26200913997997,0.6845918360907672,16230,0.9491675599506351,-1,0.5466717854802479
fov0,651,12076.695135536576,10299.431117712587,187.80031959166624,46.15750442567949,-0.9582238926986876,2693,0.9693257160191575,1,0.852690876318054
fov0,652,12047.361181864493,8523.678043810494,124.30058046844401,49.11174316988655,-1.2875793661925694,1963,0.9186360968802191,1,1.0193907830707858
fov0,653,12061.157894736842,10150.602339181287,26.05533829595016,10.41887140665493,1.118838439714901,171,0.9165698004321391,1,0.6165828826760622
fov0,654,12141.1890941073,3649.8328935795953,151.31523759414975,27.72758438473673,-0.06426922506459812,1137,0.9830674936370278,1,0.160914261269962
fov0,655,12079.476987447699,7090.422594142259,61.56787118826311,11.386882728483892,-1.5604879715381144,478,0.9827482223566045,1,1.2375907228178
fov0,657,12130.48845346396,2766.3855843247024,118.65398146284107,34.63498702668015,-1.0974611095992433,1429,0.9564491267279067,1,0.6389354790014882
fov0,658,12137.222014925374,3689.561567164179,82.21436225911754,14.999803870761022,0.06245292981573379,536,0.9832155990049428,1,0.36732491421145697
fov0,659,12117.122302158274,8155.431654676259,22.559580616113546,8.986971041188069,1.1195904110737065,139,0.9172265202491843,1,0.7488667218878092
fov0,660,12127.133027522936,6798.192660550459,30.543326802668293,14.124891537358634,0.1606101243498067,218,0.8866431408053486,1,0.6191350092075739
fov0,661,12228.556017925735,9649.605633802817,156.93661671153345,82.39367843817992,0.2823680338774569,3124,0.8510945434952114,0,
fov0,662,12164.498800959233,9945.31654676259,37.1186844152513,21.011028627457048,1.5657904108931464,417,0.8243709598326067,1,
fov0,663,12233.077630234933,8014.3930541368745,239.3075653522091,76.6984859787566,1.054038916911308,4895,0.9472479339377257,0,0.5130291804899367
fov0,664,12300.967622259697,4573.850252951096,278.55605085612046,49.87338312342711,0.29932482885338363,2965,0.9838413330178802,1,0.35887875071592645
fov0,665,12278.101901034386,8727.219317864132,305.02008802341527,85.42693341448998,1.177522742675458,7154,0.9599796213467124,-1,0.5910324666986122
fov0,666,12304.405686546463,5564.422330097087,178.9049544814321,30.17694559188246,-0.8113529334711987,1442,0.9856715766486166,1,0.42925519445066546
fov0,667,12268.777576853527,6902.977697408077,210.77689938755995,34.2312485533216,1.3806568900986216,1659,0.9867241638815123,1,0.8310700040089588
fov0,668,12367.611135276207,4538.3662461939975,267.6359517815623,22.725267233037666,0.0254484260105945,2299,0.9963885298678727,1,0.47509434899201036
fov0,669,12267.534025374856,8524.011534025374,102.79214009991345,17.543941506909977,1.517164510223979,867,0.9853275596027483,1,0.7183294485411634
fov0,670,12341.197198275862,5637.7155172413795,178.72441377858578,82.671209661327,-0.7822657928811036,1856,0.8865866815374922,1,0.41712223077035365
fov0,671,12298.163584637268,8450.718349928877,91.19062275959783,24.905647622733337,-0.14913096461621583,703,0.9619810153303825,1,0.42823717303604786
fov0,672,12299.39419087137,3478.53112033195,62.53820132985004,13.491610836255031,0.06572530249839358,482,0.9764521898777833,1,0.12747274524295096
fov0,673,12282.873684210526,3907.805263157895,30.663627235928914,8.325984634724037,-1.3991388883280471,190,0.9624309889174256,1,0.857865043681437
fov0,674,12294.536057692309,6891.084134615385,59.63924915217219,9.554848543199036,1.4301051554278246,416,0.9870828319640299,1,0.8501477127997071
fov0,675,12336.3125,3523.4920212765956,108.30444882969326,21.26649233418033,-0.01830365370496503,752,0.9805321841057643,1,0.14586387700871467
fov0,676,12336.265895953757,9390.670520231213,33.67998066389274,7.163977468355409,-0.4289050118585811,173,0.9771159645086588,1,0.4908545501067063
fov0,677,12361.97950819672,3488.1434426229507,37.09677126875709,9.409718941610187,0.5515428210961308,244,0.9672951962555206,1,0.27147479903402555
fov0,678,12363.119883040936,8757.11403508772,24.957327675046166,17.876548133995797,1.0622002514161115,342,0.6978083179038382,1,
fov0,679,12386.22950819672,8443.188524590163,19.237412086117097,9.121351450511032,-0.10981040953712988,122,0.8804459690318067,1,0.4164838385416771
fov0,680,12396.759336099585,8421.240663900415,37.689822716156165,8.689992416134643,-0.1311712010300031,241,0.9730566840869337,1,0.4227675713946338
fov0,681,12500.566893424037,8420.643990929706,179.3806441432678,53.89933295466505,0.2455637950218948,1764,0.9537898069280604,1,0.35715651459692893
fov0,682,12456.004133939645,8580.230260438198,118.62573397805171,62.493450996029694,1.47531117255029,2419,0.8499818810566698,1,
fov0,683,12517.32256423302,5959.683032307301,224.63123083234558,82.95748849029539,0.3390183167435105,3931,0.9293081548612466,1,0.4256981155875534
fov0,684,12436.190661478598,2256.350194552529,34.217291334513575,12.156681961666228,1.411035105123289,257,0.9347603416120489,1,0.7986387420641504
fov0,685,12459.29016277424,8243.451521585279,84.77107087712395,52.616570353077314,1.3174480763169243,1413,0.7840559377122086,1,
fov0,686,12446.640287769784,4584.973621103118,30.718466802256444,18.703848425062457,-0.480247093460177,417,0.7932626343771934,1,
fov0,687,12445.221818181819,3988.450909090909,43.99288736426275,8.255249281162516,1.040140785015369,275,0.9822360277825148,1,0.659172741463403
fov0,688,12454.615384615385,6010.607427055703,50.32970063597227,11.089147412103243,0.32026894300600706,377,0.975425369751311,1,0.41789720773906514
fov0,689,12466.771587743733,8020.210306406685,49.380679734692556,26.720578974859535,-1.281490781624423,718,0.8409492247804096,1,
fov0,690,12476.0,5460.95,64.02869819550128,29.470866312946537,-0.22535617152109724,520,0.8877759296511637,1,0.25089653238616183
fov0,691,12521.403465346535,4373.141914191419,271.26885914833974,46.500740612825865,1.254406451220338,2424,0.9851981500904718,1,0.3969932529718924
fov0,692,12479.880778588808,4341.832116788321,66.70076543163918,10.44245387915104,1.0236906570958466,411,0.9876689676028141,1,0.31371700916336553
fov0,693,12476.02229299363,8892.573248407643,35.21389695725001,13.786904909301787,-0.25653332071596835,314,0.9201700819278084,1,0.5184490113366307
fov0,694,12509.82142857143,4558.696428571428,70.51092150853306,45.5883805602904,-0.808519933537211,1064,0.7628770905557006,1,
fov0,695,12540.840707964602,4538.256637168141,16.76354281490632,8.711803963067753,-1.1487117241603897,113,0.8543564147025782,1,
fov0,696,12612.927670311186,5589.286795626577,91.44744962598082,50.739406308492995,0.06409455682321241,1189,0.8319519453424067,1,
fov0,697,12662.674937965261,2126.4143920595534,147.08721795138425,35.161717546373765,-0.11148925257792293,1612,0.9710063920717251,1,0.519454279344565
fov0,698,12643.883357041252,2362.5007112375533,96.83461050540443,11.61820805487389,0.2973470584245489,703,0.9927763195689865,1,0.47577450727800324
fov0,699,12689.966565349545,8674.401215805472,41.46761341641834,11.524855269206714,-1.321411036798415,329,0.9606029941931274,1,0.6398558142576476
fov0,700,12749.407960199005,8777.52736318408,54.42215230987582,10.337211242046829,0.6404590248526711,402,0.9817947485276725,1,0.8143642901578472
fov0,701,12739.698113207547,8536.553459119497,24.350462774893632,9.196191296749465,-1.322506591525386,159,0.9259444169079607,1,0.6323394701401607
fov0,702,12819.906946264744,8838.229357798165,177.22279612527817,28.723327389407043,0.29623555189487766,3052,0.9867784954923415,1,0.6668229816042897
fov0,703,12765.989583333334,2462.1666666666665,31.941462173029336,9.099275448813515,0.8158488311026914,192,0.9585651261377172,1,0.5669987676180485
fov0,704,12812.995348837208,5077.1116279069765,31.50578907182355,9.971328730915388,-0.03793678876915846,215,0.9485951946691283,1,0.21996059083691938
fov0,705,12815.08695652174,6560.076923076923,28.83402965559037,17.54445283961384,1.158995761019436,299,0.7935819073071047,1,
fov0,706,12853.546255506608,8446.453744493392,21.51008579803302,14.68662935692791,0.004205289771950068,227,0.730625202975734,1,
fov0,707,12932.185355244079,8493.595456742387,156.78018594271936,90.18887266704043,0.219398982557371,4138,0.817972848149738,1,
fov0,708,12945.322775263952,7484.211161387632,44.50787826070274,22.06897019373841,0.8502730734820587,663,0.8684115374129759,1,0.6726666913862714
fov0,709,12968.613911290322,8745.290994623656,189.5291570527935,39.94938513556462,-1.029980798705263,2976,0.9775330360022585,1,0.5382372539521184
fov0,710,12950.60594795539,4744.550185873606,41.64574220583993,8.946744040508271,-0.044414128328736514,269,0.9766515151711145,1,0.444904484253042
fov0,711,12961.786476868327,3809.9217081850534,44.42513064618213,8.871571137799712,0.5160110445094553,281,0.9798576712152075,1,0.44828707609684715
fov0,712,12989.34018211534,8020.183983189353,165.08287697213353,99.10722196624953,-1.5515055446306016,4283,0.7997386682377029,0,
fov0,713,12999.391544117647,6613.26424632353,158.63738637953844,46.523704756342404,0.6764041382990194,2176,0.9560294290116745,1,0.6215044658337404
fov0,714,13037.525347689547,5547.303723642889,278.33358700338056,16.51428855131188,-0.7406364818626338,2229,0.9982382623586016,1,0.3451599774791984
fov0,715,12987.107371794871,3888.3573717948716,90.88767113026296,14.704726611166434,0.5288829960006987,624,0.9868251918315062,1,0.45293509457548914
fov0,716,12979.313905079101,7553.320566194838,94.35487380242691,20.61070799734028,1.4831328822853953,1201,0.9758507859669534,1,0.8914871190351533
fov0,717,13057.18134414832,5588.198725376593,231.70893840568291,15.880414835020646,-0.7218175104705652,1726,0.9976486406433553,1,0.17582236139042734
fov0,718,13013.677647058823,3850.2917647058825,40.302189586938724,17.995639003629915,0.33116190804408707,425,0.8947748251980819,1,0.3901635439969074
fov0,719,13029.720292504571,3679.5393053016455,64.69500349962536,46.30469339164936,0.7952551403532798,1094,0.6983685640199708,0,
fov0,720,13014.708542713568,7334.804020100502,28.658001426653847,11.683495224743844,-0.15134103026010556,199,0.9131217295858959,1,0.6499048166244124
fov0,721,13022.19751908397,5891.916030534351,75.90538329866602,29.72241597295687,-1.4219819662018256,1048,0.9201475092218657,1,0.3554518525161001
fov0,722,13064.296615792966,8625.644326476444,114.18915212231418,43.12635189194444,-0.9977493192445344,1507,0.9259383529209674,0,0.5282417521584527
fov0,723,13094.230207064555,5869.666260657735,111.24219335656743,82.38252579738968,-0.7171930068995128,1642,0.6719802657890208,1,
fov0,724,13089.481690140845,5411.577464788732,29.63294846907919,15.95790067495503,0.9053929332311527,355,0.8426134772621965,1,
fov0,725,13110.263204225352,7550.547535211268,70.05535883582556,57.353763905178184,1.0353163694618523,1136,0.5742328454330575,1,
fov0,726,13141.877272727274,7408.454545454545,36.63780334456388,8.776883281361938,0.8899901693831583,220,0.9708820254062966,1,0.6830803620787778
fov0,727,13204.758104738155,6649.905735660848,154.3123049769028,60.33598970445691,0.05888757591043036,2005,0.920391012520565,1,0.26132945904801236
fov0,728,13159.862068965518,5041.075862068966,26.88599557362321,7.708607118252904,0.4572073768116089,145,0.9580160466162185,1,0.4556397613330542
fov0,729,13170.650717703349,6558.301435406698,21.88684754713273,14.703784204730649,0.13020900037213232,209,0.7407242947533865,1,
fov0,730,13179.631868131868,7868.396978021978,91.15890806535482,14.178646199346248,1.4066994829693804,728,0.9878299581671858,1,1.058025724124739
fov0,731,13191.38695329874,7766.48628613788,130.08497556771968,23.883179288546017,-1.5651705390016235,1349,0.983001643862093,1,1.228620001069863
fov0,732,13193.200892857143,8124.178571428572,34.350562516642384,8.491007559888287,-1.5535760253843551,224,0.9689678312942759,1,0.8958900916526356
fov0,733,13237.972440944883,4238.185039370079,20.072661329804053,16.138937074449313,-0.8746453485964271,254,0.5945944447614743,1,
fov0,734,13325.59275669428,4420.413793103448,271.69836061571675,120.56593297752877,1.0639355518391318,5191,0.8961510131170767,1,0.6903978697917372
fov0,735,13310.75513196481,3833.75219941349,101.39046627989362,13.404680478277417,-0.2945225731179066,682,0.9912219302916129,1,0.323626314890414
fov0,736,13280.297142857144,5788.702857142857,30.611577570499968,8.658120894326512,-0.6584730570448387,175,0.9591676603997088,1,0.1933737614930586
fov0,737,13301.87037037037,6620.20987654321,24.73409284320786,10.77223944275663,-0.1665500741948164,162,0.9001781284260647,1,0.3119865972001399
fov0,738,13370.04918032787,5963.729508196721,60.573847247794795,8.62729843978256,-0.7261885177898084,366,0.9898054346423459,1,0.36140524882861613
fov0,739,13446.178147268409,8497.357878068091,129.01370561338788,44.37043759025374,0.4633313432820685,1263,0.9389988281403312,1,0.7880477250844249
fov0,740,13396.522935779816,8512.02752293578,18.95810992365539,7.620637656175943,-1.4505029966329837,109,0.915651767595088,1,0.6419210399995301
fov0,741,13437.308823529413,3811.720588235294,23.778866934516813,7.868166740999851,-1.0727246811026059,136,0.9436696642214488,1,0.46086290577016126
fov0,742,13465.855855855856,3527.387387387387,19.607845611228775,7.524537590501514,-0.3203594641552062,111,0.9234364553251365,1,0.24018479750063582
fov0,743,13670.798179979778,3832.440242669363,437.0179614469125,45.440302048830944,-0.12235418812192259,4945,0.9945795857845046,1,0.3224122388862492
fov0,744,13551.047786366831,3462.9669711876318,115.68793700554451,21.772861557140455,-0.7651673885558399,1423,0.9821300754963331,1,0.2974964125758772
fov0,746,13722.127619446774,3747.1546521374685,362.5659212710663,87.56065648151011,0.07769170967343857,4772,0.9704001421128506,1,0.3489783508098486
fov0,747,13700.416834769852,4991.957821382725,289.3882565052588,199.34881072286032,-1.2697759741791041,5453,0.724891725658271,1,
fov0,749,13679.45260514752,3372.979284369115,70.05976085855771,65.42277522938657,0.8186582097480799,1593,0.35775925969478156,0,
fov0,750,13690.749458483755,3450.4404332129966,69.04167018790362,45.74453104877843,-1.451539251374391,1385,0.7490052289551311,0,
fov0,751,13701.387947269302,4567.908976773384,96.42525025898726,43.890517400819355,-0.4886728622419125,1593,0.890401181705014,0,0.7458667101881885
fov0,752,13711.803921568628,4679.89705882353,52.26582308068936,18.730170873299198,1.539418881427703,612,0.933582078807913,1,0.809500442730612
fov0,753,13718.09589041096,5668.260273972603,21.10387096608872,10.260898645729291,-0.8918053023918783,146,0.8738423782537461,1,0.6322600860303264
fov0,754,13766.759743726641,4795.240256273359,189.84198904150324,45.526546676918485,0.9256642329520116,1873,0.9708191394042114,1,0.5974000782119043
fov0,755,13741.202479338843,8782.194214876034,39.29220299138273,10.626047903578288,0.19711046629526777,242,0.9627377998491169,1,0.6706576405483885
fov0,756,13741.764075067023,6172.855227882038,35.69721170150276,24.023682473589453,-0.9142769438218362,373,0.7396562707013854,1,
fov0,757,13804.309030654515,4757.654239160453,355.80184985906106,55.85696967563805,1.1355073465657688,3621,0.987600354392431,1,0.6561795851497202
fov0,758,13739.823529411764,4605.3257918552035,26.689016382713948,12.875926454455287,-0.8754641491218104,221,0.8759274219397355,1,0.910677541587238
fov0,759,13743.566666666668,4986.316666666667,30.466998315464934,8.445762401011875,-0.5045096395519335,180,0.9608092997009337,1,0.8862172484503983
fov0,760,13760.18992248062,5678.083979328166,86.69920446202127,28.69486340332867,0.8339260111944435,774,0.9436411646350253,1,0.7069852625820986
fov0,761,13761.648876404495,8831.056179775282,48.589409116672286,17.185411062309843,-0.9618857734646927,356,0.9353640796021472,1,0.49776477528976776
fov0,762,13762.587140439933,5598.355329949239,63.57705344246574,14.23394268592259,-1.0174452888663261,591,0.9746155901162956,1,0.6820237516797647
fov0,763,13759.882089552239,9056.8776119403,55.19390013149883,22.526427537827043,-1.554383402055726,670,0.9129226783851897,1,0.6846873439270237
fov0,764,13772.051522248243,6131.651053864169,44.63870546656155,20.00467085937202,0.5282744096317497,427,0.8939602286613395,1,0.35917261714418125
fov0,765,13758.902777777777,5018.916666666667,23.475940324651155,7.913146036463961,1.4068771250758827,144,0.9414778980012648,1,0.49850865623164364
fov0,767,13790.31847133758,3729.6942675159235,17.744033795370665,12.7291367796043,-1.5329397641737452,157,0.6966866278904075,1,
fov0,768,13807.406528189911,4936.011869436202,23.653738331809254,18.29634507868455,0.5399701857061264,337,0.6337870912783559,1,
fov0,769,13821.30459770115,5693.770114942528,22.04693730273025,10.590290332200873,-0.4262493436760806,174,0.8770758007364099,1,0.49336830685872823
fov0,770,13856.807872539832,5604.791940018744,129.07643079331314,28.213492429372437,0.8929548323611798,1067,0.9758190908771406,1,0.7322389219711821
fov0,771,13842.35393258427,3730.61797752809,33.89964442999442,7.737442397516183,0.6827414653599532,178,0.9736036035538129,1,0.4784722901429922
fov0,772,13910.63610916725,6100.529041287614,74.11763105105003,72.84147566899594,0.26018950477370145,1429,0.18476874118345807,0,
fov0,773,13892.909292035398,6269.5730088495575,27.01352535440863,21.64965088753314,-1.2105461099283226,452,0.5980786010436447,1,
fov0,774,13915.91629955947,6171.343612334802,39.61777220824869,7.966288913525612,0.10985500678579946,227,0.9795750960392727,1,0.3473525477291716
fov0,775,13956.222891566265,6160.385542168675,20.89534979634604,11.666824620262245,-1.0602086116944527,166,0.8296085208040932,1,
fov0,776,13969.101321585904,6448.070484581498,30.788178805669308,11.37286669872562,0.9972240881067339,227,0.9292741877837535,1,0.39381194648878864
fov0,777,13990.550675675675,3892.0810810810813,37.8516281781242,11.757682796671185,-0.39029631271190485,296,0.9505323603592882,1,0.30258234322950966
fov0,778,14020.211076280042,3786.2309299895505,40.951141852915086,37.324973539437416,-0.6366229108130645,957,0.4114078705855344,0,
fov0,779,14044.413878562578,6229.303593556382,56.98298255019808,29.55557812153919,-0.2779319583206598,807,0.8549722364574145,0,
fov0,780,14034.841201716737,6432.656652360515,64.38362405998653,14.933186314166317,1.3881328741388534,466,0.9727299145199133,1,0.4971203795194483
fov0,781,14052.148703956344,6524.0422919508865,48.92939915827537,22.047653051834285,-0.5028129000668214,733,0.8927252815019785,1,0.8296394717307822
fov0,782,14063.158273381296,6415.935251798561,20.48995433719905,9.71294850129603,0.9284243149810375,139,0.8805061855550852,1,0.38571026256060903
fov0,783,14154.145416227608,4712.463645943098,177.26622086268702,30.25641665473648,-0.07132323492394106,1898,0.9853259092100891,0,0.3757758645442471
fov0,784,14124.196022727272,6197.602272727273,49.13040860037854,9.959594575431174,-0.4359529110219139,352,0.9792372578641131,1,0.623403854545168
fov0,785,14154.078787878789,6269.565840220385,92.87918533432865,86.43762756353024,1.2898986876131722,1815,0.36592119137234397,1,
fov0,786,14167.66867800329,5762.70378496983,88.97470297726184,60.11464349936248,-0.7122409337644194,1823,0.7372340230832031,0,
fov0,787,14206.202333065165,3784.4477071600963,171.59187205737695,38.71583694670411,-0.540899588084138,2486,0.9742136586594425,1,0.3603656320077519
fov0,788,14149.57142857143,6551.5,25.451701321967,11.917803030302347,1.2687964237533773,168,0.883595112420231,1,0.4570589055687988
fov0,789,14221.09670781893,4655.27366255144,60.092061154132885,13.504137174876108,0.1599354820329683,486,0.974422422682208,1,0.2030399227258201
fov0,790,14274.10407239819,4686.843891402715,82.201786249611,18.807549987213115,-0.0065567570210941966,884,0.9734740764329385,1,0.21437781592152425
fov0,791,14299.933333333332,6332.411522633744,70.71916967982179,59.220632681627485,-0.7844050277342959,1215,0.5465818943229035,0,
fov0,792,14292.755952380952,6491.041666666667,21.968536665162922,12.040519080971466,-0.4404704579115345,168,0.8364258118238853,1,
fov0,793,14302.454716981132,6191.105660377359,46.9274975758177,23.089621306315532,-1.291170663518724,530,0.8705796330346389,1,0.6582218954421414
fov0,794,14301.941828254847,4717.016620498615,27.127011816807713,17.975673521439873,-0.9191807801784355,361,0.7489305533074604,1,
fov0,795,14354.276695245519,6435.789555728761,145.48406469798468,34.831894128981126,-0.8226343456081197,1283,0.9709159266247639,1,0.7058510554165401
fov0,796,14357.248120300752,6480.515037593985,36.30512993064644,10.356866958038793,-0.26424736343110417,266,0.9584463551077513,1,0.5667371785073183
fov0,797,14538.413556531284,4712.700054884742,162.70337999910268,79.14549508175699,0.791929139956276,3644,0.8737137690351037,0,0.6639147630721379
fov0,798,14491.781914893618,4637.659574468085,16.259324802842492,14.754660196595887,-0.06392760563741832,188,0.42014203254548804,1,
fov0,799,14536.952548330404,5776.500878734622,58.93508752123414,14.498193932896985,-0.4942451662953827,569,0.9692691288943633,1,0.3240971089390863
fov0,800,14529.504464285714,5748.28125,30.692754430932204,10.805568478167592,-0.007424657340494386,224,0.9359789367363197,1,0.5182726212230229
fov0,801,14541.695340501792,5896.767025089605,31.167707465015393,17.961679475133618,0.6963057476549976,279,0.8172443374799385,1,
fov0,803,14625.283288043478,4782.629076086957,102.9108011033394,33.09704274292573,-0.2631332121988764,1472,0.9468725536867496,1,0.4519203921363067
fov0,804,14605.9101010101,3037.0747474747473,44.57752480989016,40.17943744966308,0.39675773441412204,990,0.4331154408449296,0,
fov0,805,14608.456558773425,4316.175468483816,70.60725492505384,22.745927726286034,-0.6833841839679006,587,0.9466895993292803,1,0.4451732930041246
fov0,806,14642.62959472196,4358.921771913289,103.97083995907524,19.635926930879464,-0.1812126740563206,1061,0.9820040335192758,1,0.4764894177305188
fov0,807,14624.76844783715,6029.4376590330785,42.10166455124983,22.70500109146197,1.160632830634812,393,0.8421202045808324,1,
fov0,808,14667.3475,4709.63,42.573909287859685,22.04585557307983,0.6090178822406969,400,0.8554862702727705,1,
fov0,809,14708.272727272728,5964.678787878788,46.16212079903603,10.958300585776305,-1.1979677468728842,330,0.9714150896032436,1,0.12911737007986296
fov0,810,14718.967320261438,5998.774509803921,32.40549501453455,13.975971592896792,-1.167656259981563,306,0.902216220862084,1,0.38283089003159937
fov0,811,14719.974576271186,5916.716101694915,34.58012257452738,9.102055388901093,-1.4059903797651463,236,0.9647368172558478,1,0.4218030861482406
fov0,813,14738.376623376624,6038.474025974026,22.794148039258726,8.988651107268327,-1.5010756037096737,154,0.9189644879839571,1,0.5989105599008959
fov0,814,14750.387234042553,3189.0936170212767,21.843949147319325,15.545551073243763,0.2724743300342157,235,0.7025200539592439,1,
fov0,815,14756.142857142857,3149.366666666667,31.832603169942033,9.644051726408362,-0.22362359671822238,210,0.95300281094412,1,0.3149349214468569
fov0,816,14755.85576923077,5886.524038461538,31.061681006378837,9.392257590364675,-0.8364789514832327,208,0.9531892329401783,1,0.3076852140555885
fov0,817,14822.656832824687,6002.344523567311,190.86072276135096,84.04836198673324,0.003963693042815237,2949,0.8978188903958468,1,0.39130733720484556
fov0,818,14785.709677419354,6072.8387096774195,38.85214728459115,8.305748275079877,0.307491681119777,217,0.9768821901277798,1,0.6054178686010818
fov0,819,14818.48032936871,5923.574565416286,79.79353767983343,30.408676284793458,0.15037257930151396,1093,0.9245371340018816,1,0.3129944410394205
fov0,821,14860.41056218058,3787.558773424191,136.95498127816467,82.38819651343034,1.2371667639015849,2935,0.7988190532213426,0,
fov0,822,14832.995780590718,5875.5907172995785,34.92735511465234,9.83999709939241,-0.5435118966344511,237,0.9594944528630983,1,0.37924006289069345
fov0,823,14843.115089514067,3201.007672634271,34.761177545225934,14.75737595369378,-0.4136473187505548,391,0.9054109952441447,1,0.3615541331896666
fov0,824,14836.15859030837,4527.79295154185,58.64436290144415,14.30556042589458,-1.4222011009599909,454,0.9697909499069716,1,0.46882965660680553
fov0,825,14974.915918227696,4281.173637841074,333.7866885123942,228.81141726700142,0.6463679707456992,11691,0.7280708151260946,1,
fov0,826,14868.028846153846,3219.2596153846152,24.66522133358114,12.468288475656923,-0.49263790227607274,208,0.862826151353066,1,
fov0,827,14885.210876803552,4536.216426193118,87.4978724744943,25.30984218286126,-1.1264328347021098,901,0.9572498523589407,1,0.34663546815675766
fov0,828,14877.32,6074.05,32.33939304093539,8.409831017559137,-0.2629348421999988,200,0.965595386332332,1,0.3905118127194288
fov0,829,14891.497816593886,5931.694323144105,35.67414811485418,8.897758719345724,0.451472480019912,229,0.9683960369491574,1,0.2849433302206427
fov0,830,14902.978313253012,3197.8024096385543,35.55237853836231,18.58029895645656,0.2660614647221099,415,0.8525672043793096,1,
fov0,831,14955.005167958656,5924.15503875969,56.28012604478285,13.435158281830095,0.5862465449399511,387,0.9710885876198251,1,0.3375979134283242
fov0,832,14989.07323026851,3123.677786818552,156.43970648035122,38.40432850146001,0.9689107256515292,1229,0.9693992122177196,1,0.6453666763872753
fov0,833,14961.322751322752,5977.079365079365,23.657219576497322,12.206651818934152,1.3258735468876535,189,0.8566006387754026,1,
fov0,834,14990.36,3915.4366666666665,20.156003199860507,18.964469161112014,0.4276608200153466,300,0.33872780909917877,1,
fov0,835,15307.432258064517,4480.012903225806,26.818340024785474,8.144099542469585,-0.7390019579308933,155,0.9527752019405148,1,0.5970454414713519
fov0,836,15331.254985754986,4690.562678062678,50.89560603602135,47.06107703867758,0.8588830303604399,702,0.38079633391214607,0,
fov0,837,15331.572916666666,4507.652777777777,41.63252328311352,13.777882072437635,-0.7229436132812568,288,0.943651673465929,1,0.5937276194343046
fov0,838,15364.368961973278,4567.725590955807,67.03519678402841,33.19209985575473,1.344077396699056,973,0.8688107153554614,0,0.8406712274288503
fov0,839,15440.790235081375,4787.712477396021,57.374004040756965,34.27151725650157,0.6691230317679173,553,0.8019916166045397,1,
fov0,840,15435.818548387097,4103.052419354839,40.19674331198817,8.517880798132595,0.3627384808809972,248,0.9772903240048699,1,0.392709406116113
fov0,841,15451.402864816473,4659.402864816473,70.93915583526953,37.387088716843785,1.0571643952880478,1117,0.8498464575662289,0,
fov0,842,15635.336633663366,2901.732673267327,18.239847336779874,7.298101625427106,-0.056193323811323366,101,0.9164633818606275,1,0.2746256237923971
fov0,843,15718.342696629214,4165.106741573034,26.91922858018913,21.28119551096927,0.5572525291205729,356,0.6123879393196648,1,
fov0,844,15724.860696517413,4613.6567164179105,30.875656188932123,10.21755191655054,-0.2885930157813026,201,0.9436567702650079,1,0.6533787699735546
fov0,845,15758.566666666668,4153.433333333333,24.667743735790552,8.29458840227431,0.16821926408420554,150,0.9417719009649791,1,0.3723530890980466
fov0,846,15784.433566433567,4597.864801864802,43.36016188604059,20.81530397778951,1.5179787274971066,429,0.8772378690294576,1,0.6145204679942327
fov0,847,15838.62311557789,4243.074371859297,123.94324317942807,23.252789209693066,0.5554961334708012,995,0.9822439113427519,1,0.33782374489911154
fov0,848,15949.82342007435,3465.75,75.20427346947561,42.77363865352759,0.28898228344380117,1076,0.8224993397521125,1,
fov0,849,16081.316526610644,3458.985994397759,45.38237978063246,20.670249435367815,-0.04824568988806951,714,0.8902518437728608,1,0.42383568517716147
fov0,850,16118.850393700788,3808.833070866142,70.8690710647098,32.59818514087748,-0.4700906572651431,635,0.8879305201189761,1,0.7264119449412123
fov0,851,16145.0,2884.9422382671482,34.76965272688036,20.750533814127248,-1.2852049095264577,554,0.8023899214630342,1,
fov0,852,16173.226600985221,2622.692118226601,34.42227779555576,21.66925798496974,-0.44755538239258674,406,0.7769902651286531,1,
fov0,854,16329.395509499136,4160.050086355785,80.95516919497116,11.044930166630818,1.3663696622225012,579,0.990649345430864,1,0.8873800522816835
fov0,855,16362.496413199426,4310.323529411765,136.48471837462594,62.29971009140851,-1.3654569450648606,1394,0.8897443268141777,1,1.1113235810187208
fov0,856,16359.042735042734,4118.777777777777,29.0419452481844,12.378051448944364,0.785441345311739,234,0.9046228890619282,1,0.7015350306338952
fov0,857,16372.5,4164.717391304348,23.314237980220554,7.796897652894189,1.3508675325359456,138,0.9424218561614285,1,0.8813763683210313
fov0,858,16422.625,4621.390625,24.50734076364502,12.34026643869234,0.27698964822246064,192,0.863975717446167,1,
fov0,859,16490.485061511423,4609.597539543058,110.18843547061199,34.83939543920371,-0.8691708469032758,1138,0.9486991705920564,1,0.5886986659525412
fov0,860,16576.34574468085,4432.058510638298,33.209470376855,7.5747235712033625,-0.8241780038423863,188,0.9736402255525031,1,0.5867509797049331
fov0,861,16769.951724137933,4724.8,40.23593574789165,13.23445526795318,1.3386843535125124,290,0.9443573450574848,1,1.1875502281911046
fov0,862,16790.182194616977,4544.544513457557,56.24376280750389,14.496438093760677,-1.5188700661968157,483,0.9662135003211639,1,0.753089855361697
fov0,863,16894.038626609443,4064.6824034334763,39.074830101903466,10.431081087358821,-0.16542880132537474,233,0.9637099892526391,1,0.5023240482993044
fov0,864,16912.377952755905,4499.275590551181,39.04720774726088,8.570448495632595,-1.4557361978690662,254,0.9756148830175918,1,0.8068440649620722
fov0,865,16927.03142857143,4543.857142857143,30.005355581053518,15.969945488432957,1.2873959890443918,350,0.8465957159102191,1,
fov0,866,17030.746803069054,3377.891304347826,63.65389741648956,25.560916076958836,0.36884343371464906,782,0.9158323246358044,1,0.395238880837559
fov0,867,17096.48275862069,4844.3893214682985,97.9271730092411,62.45837913745145,0.6667984849404512,1798,0.7701984045341953,0,
fov0,868,17110.51655629139,4674.9668874172185,26.76920973237614,8.373527229458432,0.02895894487113235,151,0.9498175574121545,1,0.6907628512506299
fov0,869,17132.86560364465,4930.373576309795,27.454590698821885,20.664728897599645,0.9264593291290344,439,0.6583778825794481,1,
fov0,870,17146.917582417584,3873.296703296703,29.211853244808704,8.444185460477918,0.1611048801653218,182,0.9573088407088863,1,0.10201712883958215
fov0,871,17234.01438848921,3568.7194244604316,37.48705207767623,23.734907240546566,-0.7420921841290213,695,0.7740295509498895,1,
fov0,872,17257.14935064935,2650.5844155844156,15.295919412042641,13.54186565584004,-1.270820753925465,154,0.4649720128074902,1,
fov0,873,17288.2984869326,4889.486932599725,37.96313704251408,25.19681622614598,-0.19861010357779654,727,0.7479829257591397,1,
fov0,874,17303.15494296578,3103.7395437262358,65.33288123643474,27.081075613445336,-0.5293527346322997,1052,0.9100451543895873,1,0.24444778667301775
fov0,875,17417.696347031964,3906.5002283105023,294.53206616933903,41.37272890348493,0.2279269614086271,4380,0.990085027026911,0,0.308006484185655
fov0,876,17328.97619047619,4922.828571428571,26.571747772915884,12.869161855711642,-1.1195087761666194,210,0.8748923253354794,1,0.6848073652293423
fov0,877,17383.63120567376,3014.7886524822693,35.19295144287823,27.433079428391142,-0.6398255631256345,705,0.6263960822166939,1,
fov0,878,17500.69180327869,4793.196721311476,47.17500404747447,15.96059826459588,-0.9502823261487424,305,0.9410284504666772,1,0.5269632443687647
fov0,879,17605.95063985375,3927.664533820841,113.33739473526096,16.4023378575082,0.2718982504833568,1094,0.9894724545413834,1,0.28357251380077086
fov0,880,17676.05854800937,3459.809133489461,53.18716818719069,25.111560254513055,1.392727582942588,854,0.8815258884144435,1,0.9057557567100585
fov0,881,17678.25806451613,3305.7281105990783,35.48064421357959,9.299916728771963,-0.4065080687069889,217,0.9650373520969329,1,0.46115662498802235
fov0,882,17698.970588235294,3353.256684491979,45.06516527186338,15.987253019175558,-0.22913702288968577,374,0.9349579487750547,1,0.4274092062952543
fov0,883,17688.615384615383,3402.278846153846,16.527151435553186,8.30268790049571,-0.4724073682551658,104,0.8646547625547996,1,
fov0,884,17713.58115183246,3457.3376963350784,32.23330664030242,17.21393488346814,0.9101564141910544,382,0.8454580395821255,1,
fov0,885,17792.51282051282,3384.443842542434,219.43825946779734,40.023311320056926,-0.2543446593093445,2769,0.9832262926025388,1,0.4743626985672381
fov0,886,17753.827131782946,3236.4565891472866,142.46071302128112,26.150602535508302,-0.7393500779317548,1290,0.9830078339851145,1,0.39448291497096427
fov0,887,17841.08032128514,3214.75234270415,44.99886305423332,23.28564437791723,0.33453520302995404,747,0.8557002376733633,1,
fov0,888,17846.068852459015,3290.5311475409835,41.62753233166513,12.869131895299052,0.6330700117385272,305,0.9510134439000802,1,0.6417510456858696
fov0,890,17907.583044982697,3324.2733564013843,54.46651774966487,16.881301321668456,0.06082564727140222,578,0.950756424635372,1,0.37534273111267474
fov0,891,17930.550037622274,3265.5425131677953,80.64286248002527,53.23302840784414,0.049989618905999005,1329,0.7511703810902279,1,
fov0,892,17985.958695652174,3312.1173913043476,69.31120219148542,16.234849308092503,-1.2619247535937002,460,0.9721809106395163,1,0.8804977610800084
fov0,893,18023.320699708456,4384.889212827989,78.40063606951195,14.471437680441516,0.8385747111684194,686,0.9828168977763952,1,0.4580081243936343
fov0,894,18020.416879795397,3443.797953964194,43.59337798968543,20.151332381217447,0.8954665484878793,391,0.8867461390398307,1,0.9474422980288371
fov0,895,18039.560732113147,3149.818635607321,87.21999874864993,49.42423899825746,-0.5643664530324762,1202,0.8239505062550225,1,
fov0,896,18023.34756097561,3295.810975609756,26.31190445234697,8.588631341153265,0.33948331356209027,164,0.9452261514590686,1,0.5886108721934734
fov0,897,18061.142057382785,4332.550034989503,120.13847707394842,17.185560727422384,0.5637398210084208,1429,0.9897157617634349,1,0.37596571628349834
fov0,898,18084.195325542572,3577.532554257095,116.85009010940125,17.886117300933805,0.18999090645829894,1198,0.9882155155584076,1,0.4546658939059898
fov0,899,18061.0171990172,3433.467444717445,115.93862083870985,39.726995401058076,1.5663195473684839,1628,0.9394611601968533,1,1.2317166001528466
fov0,900,18055.873889875667,5351.404973357016,78.20744380650781,9.888525556363426,1.3394989738610659,563,0.9919742954502202,1,0.8903989177358081
fov0,901,18083.28226779252,3322.1049457177323,80.81649314454775,20.390659663033105,0.5916952898436909,829,0.9676469391083575,1,0.8599244509354783
fov0,902,18079.506925207756,3619.6260387811635,61.77054664584115,8.739411555065766,0.14482783039163907,361,0.9899408490221094,1,0.4620176866138917
fov0,903,18071.235294117647,4397.476470588235,18.393066258568187,13.966361940643507,0.272061366441012,170,0.6507085919857453,1,
fov0,904,18095.724137931036,3491.0344827586205,62.94273301532193,13.302185958977923,-0.7657920650236149,580,0.9774130578672329,1,0.6774340865828501
fov0,905,18113.15139442231,4439.233067729084,75.15239916960643,9.172786370368208,0.41698837670530614,502,0.9925232395975926,1,0.3523489025862698
fov0,906,18133.906728847436,4398.526315789473,116.65292258382544,25.776909132342794,0.601853798423665,1501,0.975280386169038,1,0.3847328312038258
fov0,907,18116.15322580645,4305.677419354839,38.400008667544384,17.378791888971115,-0.9070017057733267,372,0.8917275585921295,1,0.7599223783153294
fov0,908,18113.01224489796,3420.5632653061225,27.845513995193862,12.649985606691487,-1.5486411780471443,245,0.8908529960456313,1,0.8056690423175791
fov0,909,18127.0,3372.069264069264,43.549528228468006,21.526645417524854,-1.3450449195986651,462,0.8692899003692258,1,0.8757031530266394
fov0,910,18142.85512367491,3417.1943462897525,47.81996930147871,8.361073798975944,-1.3802452134725818,283,0.9845960033639017,1,0.7537154976781285
fov0,911,18205.130597014926,3568.660447761194,20.42973441602631,16.778654779594085,0.8741231205127786,268,0.570516706711211,1,
fov0,912,18299.23545706371,3458.8005540166205,58.631002710920676,9.86086162984367,-1.0595844078307146,361,0.9857554305376883,1,0.22618597978074648
fov0,913,18329.047233468285,3496.4493927125504,88.4862524466787,23.629303232271475,-0.6902381094393067,741,0.9636856512739388,1,0.29528842570150377
fov0,914,18348.689814814814,3386.9375,125.1975795566163,25.487129403065982,-0.4763649000249758,864,0.9790593009813224,1,0.3497759409103064
fov0,915,18410.462633451956,3948.153024911032,20.884533306022316,17.174262042590836,-1.0389890895659086,281,0.5689912337303089,1,
fov0,916,18449.03744493392,4333.856828193832,51.34125848568471,14.40226416256213,-0.357763393184053,454,0.959848098910928,1,0.32787590827078744
fov0,917,18480.453815261044,4368.048192771084,65.3353723596262,11.928373843429224,0.009741798365437268,498,0.983192587779421,1,0.21799422845122152
fov0,918,18521.60606060606,4333.30808080808,24.96511459724078,11.43687136942444,0.505209491195308,198,0.8888933895641213,1,0.3166585392272292
fov0,919,18575.3975,4358.315,79.41453580819206,41.98129506938435,0.3075065882916785,1200,0.8488493059319419,0,
fov0,920,18596.026315789473,4031.5526315789475,48.098093607038706,16.840805400829208,-0.4240152472224051,380,0.9366994084318747,1,0.2595243500765819
fov0,921,18732.35030549898,4349.853360488798,41.08488290792456,17.42875735381421,-0.2768652717732862,491,0.9055622573061773,1,0.29504826529695116
fov0,922,18741.743801652894,4449.297520661157,24.02856330356667,9.313439739063607,0.5553165641869587,121,0.9218282122655763,1,0.3378613029520963
fov0,923,18804.0406824147,2939.6312335958005,82.51557578946576,31.922823989465094,-0.0010864282375503587,762,0.9221341473494427,1,0.47614743414935645
fov0,924,18794.5,4449.0,15.670272988748744,11.345847643248424,-0.6869401916075973,112,0.6897617909857809,1,
fov0,925,18903.05828220859,4076.303680981595,25.848686992095367,16.148357973614896,0.25931448659363365,326,0.7808437015591857,1,
fov0,926,19028.78217821782,4019.069306930693,15.131547965325211,9.78492790763293,-1.4950257508992926,101,0.7627805511499675,1,
fov0,927,19071.36555891239,3731.631419939577,55.60461114084499,7.965734670524601,-1.5609409796482774,331,0.9896855610729595,1,1.0686354523457076
fov0,928,19143.327307326355,4481.941960038059,62.649385569564366,39.634295427432846,0.150551110859048,1051,0.774448777610828,0,
fov0,929,19158.91133004926,3937.3793103448274,61.581674673059936,13.13621580554243,-1.5194344570658729,406,0.9769837557285656,1,0.8020854446657681
fov0,930,19297.717740209715,4331.622298309438,204.43889197766748,103.283955693952,-0.984957700657022,4673,0.8629982068175409,1,
fov0,931,19300.08712121212,3909.882575757576,28.142074302364993,15.753299511913369,-0.23305887286625676,264,0.8286429688491292,1,
fov0,932,19315.3046875,4177.0625,19.03033403939321,10.279763362383985,0.4499463045296528,128,0.8415509367509727,1,
fov0,933,19440.282608695652,3861.764492753623,37.82655176502075,14.636702394068566,1.2278938363430663,276,0.922103824454198,1,1.1536627854939439
fov0,934,19487.412280701756,3431.030701754386,32.64932593615515,10.714270868722124,1.4721737786171225,228,0.9446214300213172,1,1.1285962879810196
fov0,936,19518.7556561086,4442.196266968326,133.15977084293172,41.70721843746085,-1.2031388843931574,1768,0.9496832818194879,1,0.7889911021622603
