fov,label,centroid-0,centroid-1,major_axis_length,minor_axis_length,orientation,area,eccentricity,euler_number,alignment_score
fov0,1,2324.9778597785976,1527.2324723247232,41.59015259709846,8.910333881803156,1.189275403536766,271,0.9767807371574211,1,1.057253290825433
fov0,2,2338.826829268293,1708.7878048780487,48.60010451579902,12.128995421265584,-1.372302666262771,410,0.9683574637421437,1,0.7027476334288741
fov0,3,2386.895223420647,1711.657935285054,60.455041195773966,33.02765329033447,0.7689588647289277,649,0.8375781007974582,1,
fov0,4,2406.0239596469105,1573.064312736444,77.42077037252598,13.752519833745621,-0.43552599215016097,793,0.9840967185789342,1,0.4963654111158239
fov0,5,2537.0398349334682,2334.3340070742797,544.889328766319,234.55833023418623,1.1462844101879623,11874,0.9026050421497444,1,0.32946224451870076
fov0,6,2431.2410714285716,1745.3080357142858,37.64273805332887,8.73035543561313,-0.8463559656580667,224,0.9727332691827236,1,0.19243899258335292
fov0,7,2448.562962962963,1768.6444444444444,18.462187935897305,9.416808696674197,-1.0209508020497426,135,0.8601393019114165,1,
fov0,8,2533.20814479638,1884.3212669683257,36.13619113710783,8.071701774197146,-0.4747108488332655,221,0.9747339781763132,1,0.4898562435819919
fov0,9,2530.3048780487807,1695.7865853658536,26.278104721867848,10.05479626208287,-0.941239905261832,164,0.9239015834857095,1,0.5705999604486578
fov0,10,2540.4028776978416,1647.8920863309352,35.097389682957214,20.018193578563057,-1.3579754367018468,417,0.8213939142448848,1,
fov0,11,2586.4347826086955,1900.9858989424206,111.9684346225536,16.680577239740085,-0.3907351827796787,851,0.9888408554024622,1,0.6070428507471829
fov0,12,2576.0528233151185,2051.8051001821495,44.538456451154666,19.97360457285557,0.7932574437203711,549,0.8938041597304971,1,0.35423564394801815
fov0,13,2588.8184523809523,1326.2916666666667,47.10824903871775,13.73631368123314,0.48837764008968876,336,0.9565432726379715,1,0.464705991524249
fov0,14,2634.191205533597,1742.6556324110672,225.5056556483994,54.60144397011128,1.2329151382947632,2024,0.9702440823897756,1,0.9553319238030541
fov0,15,2590.536842105263,1996.8947368421052,43.56236413975377,9.77871065996821,0.9697373619897839,285,0.9744795891634809,1,0.5294854918968781
fov0,16,2603.8444444444444,1418.6825396825398,25.32223523907058,16.42870066287085,0.9142347946944162,315,0.760971282229633,1,
fov0,17,2613.953995157385,2094.3050847457625,43.32756186474447,18.58162464195951,0.2505594718299998,413,0.9033691411052102,1,0.2764930690166933
fov0,18,2643.3176470588237,2133.8313725490198,40.54837971956878,8.60111341754933,0.26389795033285607,255,0.9772436741146675,1,0.3119710050461504
fov0,19,2772.57640426817,2507.8246426414335,188.81678152042218,178.74536238227742,-1.0403055466750408,4967,0.3222330874741965,0,
fov0,20,2788.135761589404,1338.049668874172,45.363597922297046,11.626998567488188,0.746378830956235,302,0.9665954815053663,1,0.1668537607740601
fov0,21,2929.914705882353,1507.3529411764705,54.449451272512675,10.599423340607226,0.41813922629112654,340,0.9808697101408242,1,0.22317342021559275
fov0,22,3064.951706662692,1876.4046802802206,304.82417511637,205.09357643414768,0.8244493138778983,6709,0.7398009273879257,1,
fov0,23,3157.4842105263156,1574.0406015037595,79.30951286371898,27.847883928095367,0.5608541457165531,665,0.9363270270155943,1,0.28576982442283055
fov0,24,3346.796875,1691.3816964285713,52.05315323402051,17.59807640745201,1.4553804706536053,448,0.9411177452075556,1,0.5287866462462599
fov0,25,3418.5148514851485,1749.7185289957567,67.54873403768626,44.29640826171949,-1.2856186193315973,707,0.754961054382596,1,
fov0,26,3506.7124183006536,2524.1633986928105,24.875361240371014,8.611548975230052,-0.9724886705982836,153,0.9381651989488554,1,0.905290090273929
fov0,27,3925.5568776618225,3022.4934815826264,826.8382723868062,196.4897620909072,0.11118366058380291,30759,0.971353323583056,-4,0.48531680630985835
fov0,28,3616.88281938326,2913.3127753303966,162.6558005264285,49.886619076004735,0.01194534400816319,2270,0.9518060670356969,1,0.41771496430453636
fov0,29,3615.020114942529,2959.4310344827586,47.0016565710872,10.091687950387149,-1.3193281961124514,348,0.9766780230091969,1,0.6268849969531173
fov0,30,3662.4609375,1801.45703125,39.164493317239135,10.165554983659572,0.11437461179072717,256,0.9657268523010243,1,0.5981599932137106
fov0,31,3880.083179297597,2325.0716486224806,330.53788686594174,209.0857163373375,1.5432027877049581,11361,0.7745097027283325,-4,
fov0,32,3862.841121495327,2082.373831775701,67.44748965920742,11.933851775786335,1.495337283418359,535,0.9842224582707658,1,0.7445972023882488
fov0,33,3884.5650406504064,2025.6565040650407,48.32121364175613,22.930416116656243,0.5612319273693828,492,0.8802331876762571,1,0.43923914165742484
fov0,34,3909.446208112875,2100.557319223986,60.025264185737946,16.595222876761415,1.4633334567089729,567,0.9610223661534569,1,0.643539493900442
fov0,35,3981.0092879256968,2924.6191950464395,57.40502543128003,9.053042331381375,0.2132531959336038,323,0.9874863176283184,1,0.38770402077230476
fov0,36,4063.686567164179,3689.826865671642,64.64705893746572,15.040107313011202,0.08393963841306044,670,0.9725606409139872,1,0.45118859049325694
fov0,37,4048.0661157024792,3313.198347107438,21.2343577457367,8.023065966109124,1.419186749535789,121,0.9258732844455367,1,0.6414278172926533
fov0,38,4098.202898550725,2916.449275362319,33.75951720739866,8.878186644320222,0.14057748452323066,207,0.964800406501957,1,0.3218630955142486
fov0,39,4143.601731601731,2915.9523809523807,25.00649035726252,13.382710725249977,-0.12539124148552244,231,0.8447447043427515,1,
fov0,40,4282.743026204565,3657.398985629755,121.96303422519576,53.1941178549841,0.8737810432931554,1183,0.8998742152175757,1,0.4611462191705637
fov0,41,4283.440068493151,2577.0924657534247,49.798529441282746,26.440315437989067,-0.7713123407759015,584,0.8474058389415617,1,
fov0,42,4345.120274914089,3614.3917525773195,45.10886861273049,8.947416325146447,0.6033925166853901,291,0.9801309311696669,1,0.5465951573751588
fov0,43,4358.748691099477,2365.586387434555,47.28931302960686,16.59541273597178,-0.5346124644586026,382,0.9364003155213864,1,0.7813945978634461
fov0,44,4480.9794871794875,3653.651282051282,32.60545729099064,7.8419294610747965,-0.6780135896073397,195,0.9706467296274949,1,0.5467599009245356
fov0,45,4542.808897876643,3647.387259858443,108.03375267377572,61.634736300068816,1.3061180031179134,989,0.8212880825570053,1,
fov0,46,4687.737556561086,3400.126696832579,31.582814743959432,10.721040535722905,-1.0685277564570745,221,0.9406211968487603,1,0.9055680698403261
fov0,47,4706.9796747967475,2900.6341463414633,38.11515835885838,8.93592405450018,0.21956475944942117,246,0.9721292857340639,1,0.5614577708490254
fov0,48,4756.834801762115,2931.786343612335,41.51370789848454,28.45059250331995,-0.28503584738263554,454,0.7282325794431169,1,
fov0,49,4818.763888888889,2980.9675925925926,26.928844619964842,13.586582165906819,-0.14518042361863648,216,0.8633904255179332,1,
fov0,50,4970.044309296264,3968.1555169417898,141.0019629166305,24.642047500110536,0.6628706839365603,1151,0.9846103761178439,1,0.35077332945922496
fov0,51,4968.673184357542,3047.1284916201116,47.38889873707775,16.59392315465923,1.4613881073587647,358,0.9366881172545944,1,1.0045954649929898
fov0,52,4999.1170784103115,2967.0150375939847,59.07023970612503,38.81881762113296,-0.8385519790655527,931,0.7537478782238254,0,
fov0,53,5042.06993006993,11437.666666666666,55.35208990954498,15.84735328947608,-0.6205483857322648,429,0.9581397566633678,1,0.6477521579251191
fov0,54,5075.375662852359,3861.7387663968743,165.65709192612545,120.62573915576111,0.9526296433065682,3583,0.6854016022687801,0,
fov0,55,5032.145390070922,3023.3156028368794,46.58662397266516,16.50475853580111,-1.1355037659767824,564,0.935138989845042,1,0.8727278659330595
fov0,56,5075.045189504373,3976.067055393586,93.16908848928222,15.55876685122401,0.5458178684160375,686,0.985957751726403,1,0.3398053449586237
fov0,57,5098.213793103449,12717.9,36.79467170056366,15.623770156424213,-0.7129910165944014,290,0.9053714547648819,1,0.5966415954381064
fov0,58,5166.987584066218,12546.847904811175,198.41086462233437,24.54205241121855,0.4521096320536196,1933,0.9923205228851002,1,0.5598940804267685
fov0,59,5152.857894736842,12975.752631578947,37.1743251802892,15.391351549320476,0.8061144536168591,380,0.9102624323452252,1,0.5398629703572975
fov0,60,5159.76821192053,12180.149006622516,43.60491862259689,12.714602376069081,1.2497221847069429,302,0.956544487301796,1,0.6662832102921535
fov0,61,5171.74296435272,12609.007504690431,56.231768719260955,17.8358052658721,-1.1318532751046482,533,0.9483640894914324,1,0.6441323897324875
fov0,62,5190.802058590657,12949.695961995249,162.40524515537953,30.912765543444795,1.3250269438961053,1263,0.9817175726318036,1,0.7467896060516266
fov0,63,5186.192139737991,12242.74672489083,72.76528220406657,12.457724659030346,0.3684227858460487,458,0.9852355601828513,1,0.5041621969983783
fov0,64,5224.6909620991255,3772.4868804664725,50.106116886350385,16.427884232272625,1.455859565726328,343,0.9447256779685638,1,0.6323537120460901
fov0,65,5224.308357348703,12099.989913544669,55.45463414928594,19.0986683983301,1.3844700073831302,694,0.9388223965870818,1,0.7181437731916852
fov0,66,5289.638163816382,13037.215121512152,157.4565873540106,11.166085489978752,-0.4681414716731597,1111,0.9974823388400825,1,0.5930494678002485
fov0,67,5277.2208067940555,3755.3715498938427,69.21766521846166,11.225456247847317,-0.4131830871327091,471,0.9867618192754863,1,0.7057635776554668
fov0,68,5270.162420382166,11016.636942675159,90.93061221717177,17.087924519450713,-1.2774850368734052,628,0.9821838247536503,1,0.8253840232537084
fov0,70,5271.044496487119,11243.936768149882,50.10058304782139,12.409856778688777,0.8489394512417826,427,0.9688370760719072,1,0.7892239985584403
fov0,71,5296.2605893186,12655.217311233886,84.8055071026528,20.193075468398202,-0.616675004713539,1086,0.9712380886153412,1,0.4604482688180616
fov0,72,5361.992054295646,11549.847045191194,239.9598329010622,177.2529266334428,-0.996236020768585,6041,0.6740590244509836,1,
fov0,73,5299.938496583143,13087.478359908884,67.20270402947438,10.389327355694757,-0.7964621735300236,439,0.987977636064394,1,0.7291485864581329
fov0,74,5312.071794871795,13157.728205128205,33.66864336946782,8.282763802653307,0.3566901033352372,195,0.9692677361442562,1,0.5436399598447734
fov0,75,5344.065030674847,10820.285889570552,116.28647469291869,30.803185587703396,1.1377223996758774,815,0.9642784912043835,1,0.957481534548367
fov0,76,5331.635761589404,3712.566225165563,34.69617495462407,12.889588730388212,0.2526921715024053,302,0.9284334183222355,1,0.4460777024271133
fov0,77,5397.661764705882,11132.487591911764,162.65658336139063,92.86653946644142,-0.09965729999573913,2176,0.8209943972839003,1,
fov0,78,5384.755520504732,13036.553627760253,87.36803767267617,54.84828799215963,-1.4287890444577231,1268,0.7783873020009378,1,
fov0,79,5404.774002493766,11891.104114713216,117.25703603612813,105.11841728313242,-0.48304092765428525,3208,0.4430871414203407,0,
fov0,80,5395.455284552845,10933.924119241192,58.017611256453094,12.61137417031412,-0.9403400463304316,369,0.9760889501438013,1,0.6907553527278907
fov0,81,5434.156862745098,12627.218954248367,30.241309107125545,20.935362462900553,0.6959840907721863,306,0.7216318785746831,1,
fov0,82,5469.088983050848,13006.007263922518,173.3770563062923,40.856182547695404,-0.9778236498657772,1652,0.9718381582328287,1,0.6206449566380405
fov0,83,5460.52296819788,12699.41519434629,66.43044766310041,18.808764903353016,0.7887486708745318,566,0.9590801537782124,1,0.6178695327759138
fov0,84,5475.225237449118,10695.03934871099,59.052522610062915,52.96552726878609,0.19190622791645415,737,0.44218808286063865,1,
fov0,85,5491.422066549912,12767.670753064798,51.93706636972426,21.944569788808334,0.16650759326204018,571,0.9063525191127569,1,0.39186829142964674
fov0,86,5549.468188105117,11616.751728907331,91.49971718428698,50.609178744944415,0.521862539714779,1446,0.8331099005961329,1,
fov0,87,5576.7381294964025,3866.107434052758,189.85041395266285,45.96602659013247,1.3512552115075607,2085,0.9702470421593081,0,0.6691412967550217
fov0,88,5693.396710857526,12900.202718576942,491.9681912934778,110.93404860257854,0.6606648727209683,5959,0.9742454159562649,0,0.07086333830651757
fov0,89,5665.403225806452,12926.826825127335,160.33338225510445,16.166985656096447,0.5498079856558652,1178,0.994903308496675,1,0.10964013527784777
fov0,90,5654.078571428571,13099.940476190477,44.75421730223931,14.089164943719528,0.9028348181957101,420,0.9491540447299642,1,0.18108214714851426
fov0,91,5723.279534109817,4167.384359400999,137.7302649631238,104.96609754549807,0.0003379038771355947,2404,0.6474434161040332,1,
fov0,92,5689.758029978587,10779.78158458244,61.36673279970549,29.424676875287766,-0.9678340924768649,467,0.8775478583451453,1,0.8050849568016335
fov0,93,5701.165540540541,13039.743243243243,87.46174390151648,34.82200069042444,0.7576707862969491,1184,0.9173247541188855,0,0.07209731100115353
fov0,94,5728.583218072845,3391.2798524665745,143.04763016104945,77.86623399474823,-0.09103148260392799,2169,0.8388661076542029,1,
fov0,95,5764.622377622378,11674.292116973935,275.71740859121275,27.417967648757273,0.8939303705331625,3146,0.9950433322315905,1,0.2027379008718518
fov0,96,5740.5753138075315,11571.294979079497,55.99518940994992,17.012220265111626,0.6114476789284021,478,0.9527308078583727,1,0.4730248683300507
fov0,97,5767.043956043956,10951.555555555555,97.98837650572817,40.59544559069693,0.637432421970066,819,0.9101456694619374,1,0.44319067514793065
fov0,98,5753.298076923077,11009.226923076923,77.50424391763676,12.159854292394783,0.9868352256436886,520,0.9876156457203228,1,0.5441858505332821
fov0,99,5745.034300791557,12158.408970976254,36.89960111644631,18.58955250367417,-1.0956393670530489,379,0.8638277023775218,1,
fov0,100,5781.965848452508,13010.080042689435,115.1565164089483,17.07050036613592,0.6603123313924943,937,0.988951808206612,1,0.2054083997034364
fov0,101,5769.307843137255,3073.3196078431374,62.26563404195235,16.264388961879224,0.7623684508410458,510,0.9652820733351731,1,0.5667370788477245
fov0,102,5953.059335963182,11750.568704799474,536.8733487200614,38.954328116085605,0.5995892911237537,6084,0.9973642119710958,1,0.20093733236841643
fov0,103,5784.830065359477,3529.156862745098,25.589575613428867,8.219471439476932,-0.33188942484203304,153,0.9470100610881669,1,0.5607252752123808
fov0,104,5787.949843260188,12306.26645768025,36.93216622153591,14.820302281641274,0.8996277876802135,319,0.9159535074098951,1,0.25615513008081753
fov0,105,5797.842465753424,3492.9897260273974,45.73974262223374,9.893843654627343,0.47958672393902674,292,0.9763253144159728,1,0.31122200027227936
fov0,106,5860.157556270096,11037.749655489206,101.261391511645,64.75237670693498,-0.026663303859546593,2177,0.7688262791323738,0,
fov0,107,5827.563866513234,13151.012658227848,119.6536432666022,16.185808725802843,1.4686388540590314,869,0.9908084771142888,1,0.8319187945136403
fov0,108,5830.936675461741,12298.831134564643,32.09066543097385,18.15329541990444,0.8664976514827817,379,0.8246195494663204,1,
fov0,109,5848.359929078014,10923.400709219859,73.41525121201872,15.180199372176556,1.0252087958004146,564,0.9783892102677265,1,0.5583370380055316
fov0,110,6112.107430340558,11899.146852425181,573.7848642483798,90.54915053202947,0.3170819197990581,9690,0.9874694503028509,-1,0.3511933827009949
fov0,111,5895.3862660944205,4298.198855507869,68.95977121062191,20.568928539855605,-0.724524313952644,699,0.9544801898641059,1,0.8113076031465655
fov0,112,5889.231707317073,13250.134146341463,25.471077921221816,10.112980526771208,-1.2715249052069415,164,0.9178022619630735,1,0.9158197761736813
fov0,113,5910.859249329758,10840.887399463807,63.31530684885462,34.262244735033164,-1.3883099349724999,746,0.840934555213209,1,
fov0,114,5912.081260364843,10925.786069651742,54.25023296923173,35.58776342269139,1.2082376991493389,603,0.7547671279346847,1,
fov0,115,5918.242026266416,13285.641651031894,48.41042993407649,28.34267260457417,0.2691612388432233,533,0.8106967846471167,1,
fov0,116,5920.0,13221.301369863013,22.684344394464087,8.382643291172128,-0.08250823839297212,146,0.9292170910412796,1,0.5557397252303027
fov0,117,5959.982011992005,4307.532978014657,103.78090338319596,74.21917671305515,-1.0237463472003452,1501,0.6989684140020945,1,
fov0,118,5958.32044198895,12852.223756906078,73.2974852939722,25.27235850890587,-0.437236341304444,724,0.9386792532819981,1,0.4900926279370792
fov0,119,6159.153420365536,3806.6276240208877,601.6958925774221,304.8290726446355,1.0519482100941977,19150,0.8621715100228697,-2,
fov0,120,5964.961290322581,13262.129032258064,22.42357837439372,9.903527929867288,-0.3966759876075582,155,0.8971840334328424,1,0.5494122510775673
fov0,121,5966.756218905472,12809.42288557214,29.729708726182864,10.936901676394367,0.49871866521631647,201,0.9298741198895091,1,0.7030712587521404
fov0,122,6008.789147286821,10995.449612403101,64.76605650254932,17.1352506079296,0.09581062136686251,645,0.9643660812299821,1,0.36331554220384715
fov0,123,6018.574291300098,13157.982404692082,143.00982120010977,72.15344264146297,-1.14090075360012,2046,0.8633913117689488,1,
fov0,124,6066.293558606125,10942.329989440337,190.04230223109926,44.33880940710294,-0.11364963964300655,1894,0.9724023580784216,1,0.35357554246490974
fov0,125,6074.166332665331,4265.795591182365,57.957705132935075,16.243193023282306,-0.11268538295416704,499,0.9599242967987044,1,0.566493884958537
fov0,126,6070.077922077922,10987.307359307359,39.19827686561054,7.84475014999534,-0.44902935634535873,231,0.9797693571969729,1,0.45980151184767204
fov0,127,6063.983606557377,3990.5081967213114,20.493664983771172,11.883034394719242,-1.4379990231902873,183,0.814730796618518,1,
fov0,128,6068.814285714286,4320.367857142857,37.938237215878075,10.36899586841033,-1.496384711347188,280,0.9619252866192324,1,0.9439486229829442
fov0,129,6094.88713988714,12853.373626373626,170.44947153980507,67.80918740253757,-1.4750969663331956,3367,0.9174609961218858,1,0.645138268309836
fov0,130,6115.755725190839,10862.298558100085,110.29475855509378,28.488171344806023,1.0484205952878853,1179,0.9660670933320831,1,0.5426465599668634
fov0,131,6113.9856527977045,4330.565279770445,71.76331794511715,22.180375742084102,1.5673187090102254,697,0.9510370863831686,1,1.1122741660374684
fov0,132,6160.5241286863275,12894.408847184986,179.01521072350047,23.752749896941733,-1.2650485199882309,2238,0.9911581699386265,1,0.5583513587178204
fov0,133,6149.038961038961,13201.11471861472,57.53524557661604,14.38996361631799,-1.0939561926420138,462,0.9682182211434374,1,0.7561451249037953
fov0,134,6171.504424778761,3448.146017699115,43.26140162741536,22.28861242090219,1.323727281123537,452,0.8570652847078853,1,
fov0,135,6198.567375886525,13197.248226950354,23.810124046196137,8.312491144396605,1.519157321831202,141,0.9370795800917966,1,0.9999350509440194
fov0,136,6240.2191304347825,10838.02608695652,79.18580319855005,12.515097036862619,0.5888389662714757,575,0.9874315532465147,1,0.33607343702159764
fov0,137,6259.2316602316605,11080.916988416988,97.91927657434167,20.260199915434743,-1.3040102750934146,1036,0.9783605802919407,1,1.2236676107749909
fov0,138,6282.164825320991,11774.440728575693,207.79687010176605,55.13451385356526,1.2919947196028756,3349,0.9641579630276337,1,0.9040623361063727
fov0,139,6267.665094339623,13012.948113207547,56.15195857671702,18.83160421503113,-0.1936793959609071,424,0.9420869898271721,1,0.5543517246525959
fov0,140,6309.889376646181,11003.533801580334,67.45906682061573,24.400153885042464,0.42993801950392174,1139,0.9322933359781345,1,0.5379469456203246
fov0,141,6286.285714285715,11458.285714285714,40.933084187361466,8.520594623767678,-1.236105330966902,252,0.9780949761570483,1,1.2148050067894174
fov0,142,6304.789968652038,13113.156739811911,27.3825066477626,17.865986818537102,-0.20861492704855342,319,0.7578232734018192,1,
fov0,143,6342.25858814647,11233.197432993582,211.47411634031255,98.99069563147793,1.5060756499585164,2649,0.8836763476164661,1,0.7113730546750793
fov0,144,6328.470085470086,11052.41452991453,31.394047742374553,10.566460499299854,1.0934832417267328,234,0.941656561046275,1,0.6350140531469947
fov0,145,6367.6697247706425,12011.323394495414,64.86829078026007,10.01778041232777,1.0983431793397032,436,0.9880033220558373,1,0.5974683105514296
fov0,146,6408.083469721768,12993.563011456628,68.82336044011346,14.998139760423435,-0.3510122330503209,611,0.9759661389357761,1,0.5689246251353529
fov0,147,6389.859205776173,11246.379061371841,37.525951404134695,10.109284492290742,1.3990738872755217,277,0.9630299109823549,1,0.3305906256846159
fov0,148,6419.768277571252,12840.654275092937,67.51627087743518,42.512783646596375,-0.17463603893662186,807,0.7768649640157657,1,
fov0,149,6469.3932038834955,13109.738942826321,167.07269265973693,87.43706114997069,0.7365936669464722,1854,0.8521194091287997,1,
fov0,150,6478.442477876106,11146.997050147493,36.09816266339216,22.11012828943735,1.2587532946649354,339,0.7904705091659915,1,
fov0,151,6497.3,11202.921621621621,46.48357017517242,12.010308953343989,1.3698361991327141,370,0.9660440280619349,1,0.32255252998521433
fov0,152,6501.957219251337,13174.770053475935,30.979336470388905,8.427359940948165,0.5551078174368267,187,0.962288305403003,1,0.43406684465959106
fov0,153,6558.888560157791,11531.297830374753,118.28469263256201,26.36710060170301,0.8585392728911952,1014,0.9748385265378408,1,0.5244651955399439
fov0,154,6557.124161073825,11315.271812080537,69.5932418500092,27.850443916560504,0.11729671226552657,596,0.9164326667379938,1,0.5272383070889385
fov0,155,6569.348181818182,11589.768181818183,130.51773541503755,17.952496407302633,0.6929296116495155,1100,0.9904950566244779,1,0.47563266859516257
fov0,156,6566.427401746725,11452.515829694323,114.32052422824488,57.12259983179408,0.945810618709551,1832,0.8662155251968545,0,0.5547036944751934
fov0,157,6564.75,4323.066371681416,67.41744175081575,14.121295440852514,0.03982917120018452,452,0.9778170952199915,1,0.5952090563130874
fov0,158,6568.641379310345,11630.255172413794,20.864983042055556,10.354134773682016,-1.0950565092355973,145,0.8681827661981456,1,0.8891136673688234
fov0,159,6625.366120218579,12226.131147540984,72.65065296700085,10.390642744195922,0.5957281723380081,549,0.9897195074161337,1,0.29885566490044696
fov0,160,6633.130663856691,13112.287671232876,74.19157328965696,45.26920453831298,1.3718999610142655,949,0.792273295611783,1,
fov0,161,6764.740653656243,12377.290971079237,325.074461884006,123.83908604157729,0.7461477107879397,8506,0.9245931433525435,1,0.25146513194748565
fov0,162,6788.710059171598,3474.9526627218934,40.95064475685079,19.3941542217269,1.279684024083706,507,0.8807409865405269,1,0.6818740684640354
fov0,163,6834.146542261251,3564.422612513721,110.68424983064554,79.50977553388383,-0.7582388062040374,1822,0.6956842615339636,1,
fov0,164,6798.955882352941,13050.779411764706,35.81472919959412,11.897659740799345,1.393855172936635,272,0.9432089035283795,1,0.6266989920805218
fov0,165,6812.548387096775,3681.2399193548385,58.750180854032514,17.71475787587236,-1.0192051647651925,496,0.953457680984838,1,0.7835584643837057
fov0,166,6866.967819790829,3416.9710378117456,95.51444268390559,45.224663390716216,0.38347020976428053,1243,0.8808018394913231,1,0.30277992170356516
fov0,167,6875.536764705882,3658.955882352941,25.961328969198426,20.06645241042646,-1.0589883702849925,408,0.6344836833107501,1,
fov0,168,6891.740458015267,11932.417938931298,68.97704416150113,19.49057734208333,1.413652586595504,524,0.9592478171380134,1,0.7039010069243596
fov0,169,6940.825100133511,3383.455273698264,73.38880820441095,20.930346578171932,0.13073308164967298,749,0.9584686014397723,1,0.2862344215301792
fov0,170,7020.859489051095,3403.4379562043796,46.2955702764458,20.398752706646963,1.1034541963139288,548,0.8976937359445988,1,0.546930105947358
fov0,171,7062.12160566706,3473.7945690672964,96.72671111423112,15.126374284299008,0.09823574831798984,847,0.9876965542879781,1,0.28728494295493984
fov0,172,7028.691860465116,4133.71511627907,24.866991315429246,9.837097741300983,1.0155048658828751,172,0.918427828798326,1,0.36340676087762164
fov0,173,7070.0152230971125,8982.30157480315,220.29126388662158,87.59549677753594,-1.2609038720381585,3810,0.9175437203495672,1,0.8439501275465958
fov0,174,7072.061403508772,3926.580971659919,76.47244698234017,55.492002818063916,-1.1326129129428588,1482,0.6880671557661326,1,
fov0,175,7108.572592969944,3641.3718797758534,122.4856145130054,66.15180468798776,-0.5127843863624604,1963,0.8416148683333211,1,
fov0,176,7083.82372881356,3412.172881355932,43.094605647278854,9.91326548288374,-0.41677381838401506,295,0.9731823680505427,1,0.4308137422779442
fov0,177,7122.175324675325,9057.64935064935,60.562250365373295,14.065607396277178,0.1962737590628358,462,0.9726560274221892,1,0.4915974373091972
fov0,178,7116.9956043956045,4192.52967032967,55.165717923522394,15.24220377705115,0.6896971415008325,455,0.961071876753728,1,0.25774959202869363
fov0,179,7136.728358208955,9002.776119402984,59.12367255764042,20.695008615915086,-1.1129809129784913,670,0.9367388093405181,1,0.7836820140834324
fov0,180,7199.420664206642,8924.49897498975,128.49817201559918,41.753893445221976,0.07800916274155567,2439,0.9457354422041098,1,0.5680504798034203
fov0,181,7164.2409972299165,3925.5152354570637,68.96851331059551,19.743678614493273,0.4277306672863632,722,0.9581487201068297,1,0.22933369268131645
fov0,182,7161.542239685658,3992.6738703339884,46.42145809983547,30.65842032836996,-0.4374278155310908,509,0.75088199557695,1,
fov0,183,7247.662996329663,9047.505338672005,187.9405717800314,103.38618246604901,-0.558989627570524,5994,0.8350985314417079,0,
fov0,184,7179.720930232558,3455.1937984496126,32.22730443261588,12.293076754564302,-0.11097026621875127,258,0.924389838037994,1,0.31781864138464483
fov0,185,7213.127118644068,3913.186440677966,17.82895731259851,9.188700495511606,1.1056385067723429,118,0.856961337709671,1,
fov0,186,7239.21130551817,3692.7550471063255,44.51742035393895,23.916126617169684,-0.05246557183187629,743,0.8434353167296024,1,
fov0,187,7280.631034482759,3605.480459770115,100.3425170710833,31.774630977738294,-0.17444685050204511,870,0.9485385466311458,1,0.12697767006153385
fov0,188,7291.911764705882,7453.561274509804,58.36215697753166,9.597154002937298,-1.1165256831811008,408,0.9863868563905013,1,0.6352776928801496
fov0,189,7315.278787878788,3739.181818181818,28.561581119312674,8.568615477480476,0.17321077316483274,165,0.9539376473220047,1,0.20582710250954686
fov0,190,7349.222977566282,9125.679809653297,99.07874075525214,34.77368673205543,0.31951209042664996,1471,0.9363866240448334,1,0.4643058208640597
fov0,191,7372.058536585366,7297.351219512195,39.357233671309004,21.3268213627207,-0.8868890161802597,615,0.8404571196138146,1,
fov0,192,7361.545871559633,9003.08256880734,33.87632660513307,8.755307906651023,1.4700470831189545,218,0.9660248627672223,1,0.8498541217055384
fov0,193,7419.058479532164,7071.008771929824,28.718959594950665,18.573905683731162,-0.4964694928841327,342,0.7627044678559799,1,
fov0,194,7450.177797051171,7185.5472679965305,131.04009571762515,19.239495717848786,-0.9435575039257199,1153,0.9891630120371667,1,0.7514751635209095
fov0,195,7527.734693877551,6942.315051020408,52.28233151901287,37.92509574076285,-1.3802886219719215,784,0.6883377978076876,1,
fov0,196,7549.42877094972,4543.458100558659,85.22879938013591,20.71429831716254,-0.09860632766510562,716,0.9700154118500678,1,0.37415799717908005
fov0,197,7634.311258278146,3681.563777713792,321.80750503957074,53.78871735789614,-0.46821862676717735,3473,0.9859322183669739,1,0.2061840240907138
fov0,198,7585.068741893645,6916.865110246433,87.79725358550958,19.310468890930046,-1.4325731705285896,771,0.9755125259204435,1,0.9608530174370066
fov0,199,7598.5503144654085,6985.006289308176,42.58708492885096,10.813906282355575,1.1968212057992091,318,0.9672240299064216,1,0.9309112073563741
fov0,200,7633.294832826748,6888.297872340426,37.82862964769979,13.024484530470453,1.102209689075165,329,0.9388588392733381,1,0.7471173809578089
fov0,201,7716.176432291667,3723.4186197916665,190.8558733159919,26.032518510261067,-0.234061188486449,1536,0.9906540052846323,1,0.11886006092892694
fov0,202,7701.247104247104,4445.563706563707,33.17318173398136,21.67672365610968,-0.9133394481422733,518,0.7569772777874701,1,
fov0,203,7749.729847494554,4424.699346405228,51.050394140813616,13.295752245239667,0.5149747639533477,459,0.9654890430789294,1,0.27167268387362536
fov0,204,7752.8116760828625,7413.757062146893,44.71738118308804,18.577379198197196,-0.12866632118185872,531,0.909620682222667,1,0.4417090544792196
fov0,205,7828.163218390805,6960.565517241379,140.57532607892028,46.56315300983653,-0.3399428194507324,1305,0.9435490765249549,1,0.5740822261750957
fov0,206,7878.772357723577,3664.0951219512194,140.05634402913452,120.44044274521497,-0.7789925553783861,2460,0.5103904427227951,1,
fov0,207,7852.62962962963,7005.188888888889,39.16018692923182,23.54025780911814,0.2524620659755745,540,0.7991532755033603,1,
fov0,208,7953.454746136866,6964.942604856512,60.48078142404257,13.206233965091009,0.45639953695401486,453,0.9758695782724507,1,0.580236173948852
fov0,209,8019.987394957983,7171.26050420168,34.40366854603766,9.08808929327819,-0.6490457710659423,238,0.9644787428805643,1,0.2992649062534098
fov0,210,8019.852112676056,7106.30985915493,24.181539054849598,7.833711459784142,-0.7843725245878364,142,0.9460727602647675,1,0.3275396076804186
fov0,211,8135.17481884058,7010.808876811594,119.46819077132074,16.864841717634267,-0.49777839509861044,1104,0.989985945367782,1,0.28861177905962965
fov0,212,8167.286802030457,3848.918274111675,159.59467291681048,23.2156883505455,-0.1917598953424255,1970,0.9893631686082507,1,0.07641064105219211
fov0,213,8113.2774193548385,7082.890322580645,25.956162953577934,8.022682343865782,-1.0610497365367115,155,0.9510341453151556,1,0.4232481873025604
fov0,214,8136.595382746051,4445.159173754557,68.03427577652558,21.688426203985344,-0.12616431324669694,823,0.9478264624700244,1,0.1615599708422887
fov0,215,8183.889671361502,3972.771126760563,69.17675255513147,28.45842666423914,-0.08737710421767168,852,0.9114607055484024,1,0.1057581854228228
fov0,216,8200.867231638418,6758.018832391714,109.6924646522943,58.562685241189,1.1430658322163332,1062,0.8455598397943124,1,
fov0,217,8235.666666666666,6729.03431372549,32.01090179451418,8.351098354930674,0.6853296534185784,204,0.9653704411460822,1,0.5484678331048355
fov0,218,8279.195859872612,3845.0955414012737,55.1457423925376,30.727008501161713,-0.3665986752563355,628,0.8303807468053557,1,
fov0,219,8576.144364110465,6401.819959701315,461.7245376704263,131.7312178047461,-0.17957003218162437,8437,0.9584374878541414,0,0.286467025787386
fov0,220,8412.628260869566,6371.603623188405,151.68884996528217,25.988287971508406,0.12758706327489955,1380,0.9852143432730063,1,0.1992834491827323
fov0,221,8569.894049090588,6995.932897757372,505.14967069324325,83.13769541151296,0.4809656406452347,5663,0.986363684267902,1,0.327478089840199
fov0,222,8546.220837487537,7021.570289132602,182.4986130319644,17.47378255289966,0.4518147499349324,2006,0.9954056559059996,1,0.45040711307243936
fov0,223,8740.660735468564,3591.892843020957,204.32550679019295,38.858798141752644,0.038224652015850256,2529,0.9817490743913211,1,0.25582450059926115
fov0,224,8712.18123275069,10287.776448942042,77.08229278350346,60.999717821058944,0.2858267517688635,1087,0.6113525375247276,1,
fov0,225,8722.567497850387,14255.59415305245,57.405279017718776,40.98628778750727,-0.08610570186827943,1163,0.7001649099089198,1,
fov0,226,8788.33777051858,13860.09064924459,358.4646748910052,201.85573643271175,1.524338941237083,12245,0.8263806323495104,-3,
fov0,227,8724.276018099548,3551.239819004525,25.539220760078436,12.514533212050306,0.7441687934108988,221,0.8717154989080839,1,0.5014079138292509
fov0,228,8770.55100334448,14427.489130434782,79.9930470078633,62.16903289437358,-0.827348684616883,1196,0.6292777892267174,1,
fov0,229,8741.54418604651,14615.451162790698,66.92229314731962,8.979437815616935,-1.494442958879109,430,0.9909573711651299,1,0.5347210659484694
fov0,230,8758.30104712042,13152.633507853403,38.476376735061066,15.456430270885724,1.2784125550056624,382,0.9157659644215164,1,0.6728796912162565
fov0,231,8794.777777777777,13189.092592592593,29.461822518338106,16.34057700849783,-0.5910239384481466,270,0.8320933232160509,1,
fov0,232,8871.936361367607,7175.504866483654,196.91660963914558,98.68178467741916,0.49652528797338585,4007,0.8653691790711228,0,
fov0,233,8803.734693877552,3531.252551020408,40.60293817530179,23.830815408894853,1.327169291851858,392,0.8096424500636672,1,
fov0,234,8889.116030214016,14181.523289970626,199.61665188964838,103.66487700424152,0.6101893084109842,4766,0.8545799901365443,0,
fov0,235,8832.863736263736,14228.13076923077,46.788470734044665,27.985556791529763,1.0952148532307313,910,0.8013995888589165,0,
fov0,236,8853.721276595745,13403.221276595745,42.564902273350945,22.274652414395387,-0.13148495149449108,470,0.8521421913443158,1,
fov0,237,8899.232178217822,13644.68787128713,163.8904492749585,96.14690869909373,1.3985368868523163,4040,0.8098380389623949,0,
fov0,238,8924.279138099902,10458.68168462292,76.8062113866428,27.513236178425096,0.16713201365505664,1021,0.9336386285771123,1,0.2713044765185278
fov0,239,8978.782896478688,6806.644426793751,243.66682719415098,71.1569281226526,-0.3647979655450474,3777,0.9564105315010829,1,0.332480060606104
fov0,240,8993.16780933725,13157.20032647731,510.85585039651596,188.26489009543934,1.3382685778593664,15315,0.9296164892409732,-4,0.6904849554004623
fov0,241,8999.952726595942,10117.932998324957,216.90532629469118,139.3054911296524,-0.48489671472636814,5373,0.7665027807724821,0,
fov0,242,8923.715246636772,15430.390134529149,47.328898284217345,15.8357792459043,0.8114627929076363,446,0.9423637764122167,1,0.560542516757571
fov0,243,8929.103146853147,9882.702797202797,45.16725117904868,20.263653194643283,1.1381281766571436,572,0.8937145927985709,1,0.46357421957392986
fov0,244,8935.418604651162,12670.833887043189,71.64183446942347,17.418525705946134,1.226705375671875,602,0.9699928505193303,1,0.09523605813514624
fov0,245,8956.1462585034,15244.649659863946,55.196851943425585,25.05104283947973,0.4268069649899086,882,0.8910785451765187,1,0.18618717635543644
fov0,246,9061.308954863625,6856.111996138065,255.45223912502072,79.2769357229103,-0.3489231009332618,4143,0.950625771234773,0,0.3277092604866806
fov0,247,8965.051873198847,14093.982708933718,56.02150138195249,39.18520314327615,1.222367224355015,694,0.714664694343001,1,
fov0,248,8974.07226107226,14144.529137529138,55.13738911217465,13.756612404045642,-0.16018966780075988,429,0.968375574833878,1,0.36590515394744644
fov0,249,8996.351466666667,15313.04,109.07625445081827,56.7841443881644,-0.8167603594825985,1875,0.8538060338133463,0,
fov0,250,8961.290909090909,15608.466666666667,24.775840220610487,9.920189334003034,-1.390361672036042,165,0.9163414676077198,1,1.0241442817840447
fov0,251,8973.094637223974,9868.858044164037,45.67362555975399,30.124294731259294,-0.9859116923525287,634,0.7516557942346619,1,
fov0,252,8982.634064080945,10003.050590219224,30.7448061178887,24.68445131137763,-0.7634189369233707,593,0.5961379874145786,1,
fov0,253,8990.438735177866,14169.592885375494,39.789634463548296,8.648718451296599,0.016235993093454124,253,0.9760912637117408,1,0.4344021165621876
fov0,254,9085.033678756477,15191.73549222798,245.99673225669923,92.35555132915128,0.9472224158598099,3860,0.9268491077030421,1,0.2062244220396983
fov0,256,9121.819798917246,10424.388631090487,222.98528288150524,35.237229121538505,-0.10627139284670079,2586,0.9874351259773284,1,0.3743546630278065
fov0,257,9059.673796791443,7297.805347593583,113.73336747122625,11.492827391299446,-1.1382763059415772,935,0.9948812853960076,1,0.7220811993538943
fov0,258,9090.675871752866,14484.074654809268,332.09278180260577,70.57404336467329,-1.432034269454092,4273,0.9771582328364266,1,0.5606413744920415
fov0,259,9051.241706161138,14458.563981042655,23.801747511256526,14.523156198509712,-0.7327593664092421,211,0.7922690952545083,1,
fov0,260,9191.90963288359,13238.05177282711,259.1859121630628,62.73901316861837,0.871254666422732,3187,0.9702608289191955,0,0.5906921856921364
fov0,261,9138.998694516971,15381.488903394256,144.5327522036137,35.031721208161606,0.6731541296428875,1532,0.9701816131340985,1,0.09989949202123952
fov0,262,9103.51152579583,9131.36772777168,85.69569516491124,42.80864957846498,-1.2381458722677967,911,0.8662893281292962,1,0.7337051434316775
fov0,263,9160.199843260189,15458.575235109718,225.86025531694634,52.91249493435244,0.7009809266266936,2552,0.9721713457002671,1,0.08427813242722207
fov0,264,9106.915254237289,7265.966101694915,46.53437316966133,8.85314298486356,-0.9862989190794715,295,0.9817357655638008,1,0.6669632086178494
fov0,265,9155.300484652666,14196.770597738288,48.64852820094252,18.73728201687127,-0.4883225020691024,619,0.9228513994198762,1,0.2892542394912158
fov0,266,9176.663770053476,6227.072860962567,101.27238251196253,80.86458007260306,-1.140091438864852,1496,0.6020133725304223,1,
fov0,267,9196.95382286147,3846.302800908403,131.56478100297193,125.80487517233205,0.3476139983626158,2642,0.2926487784112737,1,
fov0,268,9206.579912663756,14275.68384279476,96.44461836723278,42.94996147733952,-0.78131722753645,1145,0.8953650703423335,1,0.30935105089061826
fov0,269,9226.417824074075,6424.48900462963,87.07178136170823,63.18056504093825,-0.09623172267746519,1728,0.6881012267940161,0,
fov0,270,9250.935889754344,14687.630317555422,134.0338909603602,86.64102530128834,1.3763517994291194,3338,0.7629891195119723,0,
fov0,271,9278.978494623656,10225.263854425144,107.01486608693675,37.4065455892278,0.4557097660332387,1209,0.936919457268917,1,0.23250327493849102
fov0,272,9297.048820369073,15371.800046718057,163.93409430186043,80.93925133376072,0.6949107293269088,4281,0.8696150066014736,1,0.08327004097237017
fov0,273,9261.579166666666,10257.541666666666,33.43829174457071,9.90046747967415,0.4443283578674114,240,0.955162606790716,1,0.2320406246403363
fov0,274,9270.337535014005,7334.086834733894,45.49774747860117,25.393932109873276,0.8540814569853148,714,0.8297494640195869,1,
fov0,275,9316.862745098038,15294.093611638204,154.45630599135933,66.32617969513602,0.8135759669921832,1581,0.9031062785395073,1,0.12004633124328443
fov0,276,9259.853211009175,9161.779816513761,15.843492165747683,9.830257056084045,0.676655980568464,109,0.7842378991067736,1,
fov0,277,9277.613718411552,6089.050541516245,33.52195126796065,15.724223944065512,-0.6507734346874922,277,0.883159687089624,1,0.44793040090184677
fov0,278,9279.697580645161,4095.9919354838707,64.55061009959664,15.343786856023142,-0.6546772008805419,496,0.9713382125604573,1,0.617634288719521
fov0,279,9341.085623678648,10090.003171247357,314.998735816151,169.26123439888772,1.0770874084624023,6622,0.8433660889638765,0,
fov0,280,9305.373056994818,15303.310880829016,28.196611019261542,10.642412038778726,0.38450654117633276,193,0.9260357304149766,1,0.17028006327171402
fov0,281,9322.373121131743,6118.215738284704,56.47435676653846,27.626539225667344,-1.2682567488399632,1131,0.8721787466562728,1,0.6036581259249295
fov0,282,9376.404835390946,6262.655864197531,134.96731317914805,60.68822226192371,0.34923381573369233,1944,0.8932042014562597,0,0.6640039377095257
fov0,283,9340.243090007087,4059.6187101346563,129.68617949185696,28.775641947424663,-1.5285855678726803,1411,0.9750724487106721,1,0.9749216217243735
fov0,284,9355.064864864866,4173.461261261261,51.65822052756154,18.30393998498547,0.9586667599013721,555,0.935121307729575,1,0.7822081685227278
fov0,285,9526.169491525423,9353.275960849845,436.3833913019022,39.426237830421584,0.03519105486175777,4189,0.9959102832242476,0,0.41329036588496654
fov0,286,9362.348167539267,8728.493455497382,60.379303088446065,28.385557194373934,-0.0690156479510636,764,0.8826021610877618,1,0.36862717845477133
fov0,287,9358.538461538461,7293.497975708502,37.264515902037246,27.356325733377023,1.1975186604265269,494,0.6790284769414403,1,
fov0,288,9436.307823491792,8912.732040076742,251.796081195926,56.62232558707013,0.6251365814787145,4691,0.9743879118101142,-1,0.6628372168705021
fov0,289,9402.442097998619,13794.827053140096,281.54079988957517,101.23732969673168,-1.3809556668693614,7245,0.9331130441050337,0,0.653657108743295
fov0,290,9411.904076738609,12858.60221822542,142.84321873241566,109.0288467956314,0.5265006288065769,3336,0.6460721742670391,0,
fov0,291,9422.524034672972,6157.998949303914,160.6645642060993,138.48470427564533,-0.7453926622797198,3807,0.5069945277708885,0,
fov0,292,9470.693139374876,13486.173481423235,345.4880574419268,179.90601225765886,-0.9811533876430539,10174,0.8537213939859595,1,
fov0,293,9414.429010989012,9051.505494505494,104.15062136817552,94.36602532042122,0.7028826503605662,2275,0.42316335363747315,0,
fov0,294,9415.821156773212,6521.850837138509,85.68624005185218,55.817180079771774,-0.09842271607699175,1314,0.7587228430013241,0,
fov0,295,9423.402635431918,10316.246949731576,95.74823439178404,68.03175353807924,-0.15534908892903188,2049,0.7036694343496854,0,
fov0,296,9416.547619047618,13638.27619047619,23.83858486878637,13.810566899116944,-0.08123235088868938,210,0.8150883371376585,1,
fov0,297,9431.967555040555,8712.57010428737,49.82525920129962,33.875981700117684,-0.2533528191546452,863,0.733308786662159,1,
fov0,298,9444.800742574258,4121.1287128712875,59.38823857248174,33.82831081566138,-0.4239259214774372,808,0.8219130532522103,1,
fov0,299,9442.322323462415,8779.38952164009,42.4746339894599,38.84878190863174,1.2030926746757593,878,0.40428088004760865,0,
fov0,300,9437.51270718232,7294.286187845304,88.58018525377435,27.93716619370436,1.5126467393007457,905,0.9489626619014978,1,0.9787050866021758
fov0,301,9536.593436140767,14835.901383946224,436.8509516257117,128.31291408205803,1.2037911028806392,12645,0.955890760592887,1,1.184287484880288
fov0,302,9459.483146067416,9313.569288389514,38.850360199018695,10.307209390328925,0.22919794774417415,267,0.9641644350811384,1,0.4739191896079825
fov0,303,9482.206167400882,3738.1286343612333,73.37695614489056,47.786731958791115,-1.5620343091154139,1135,0.7588633789926933,1,
fov0,304,9528.464445868034,7293.946828955797,141.07714623653038,46.46705761274909,-0.32044286617858325,1561,0.9441997518194944,1,0.5382230172715047
fov0,305,9501.514484356894,6288.7520278099655,52.38189871257293,21.41998523867129,0.3982228545935783,863,0.9125704126714916,1,0.6717075350732863
fov0,306,9490.344660194174,9548.31067961165,21.70091402501314,12.598123256702266,-0.37842269121107774,206,0.8142358480218892,1,
fov0,307,9504.712990936556,8725.663141993959,40.739503228873986,24.84950069810024,-1.0538063662077193,662,0.7924315749594957,1,
fov0,308,9536.405580791694,3966.3543153796236,137.9363616563407,46.00009210481498,0.7399120295671915,1541,0.9427544194506695,1,0.765723544650082
fov0,309,9542.579923273657,6227.483375959079,94.87718159416296,51.875652791565734,-0.39945351023487363,1564,0.8372852139760827,1,
fov0,310,9566.648865153538,15602.711170449487,187.76286171569123,35.27849153370869,0.8985590596169456,2247,0.9821903549593136,1,0.4476707494088711
fov0,311,9595.639509733237,7200.202235039654,164.64616404604934,83.24088813368546,0.15647704270735116,2774,0.8627830031379188,1,
fov0,312,9542.856119791666,8924.961588541666,101.5382764665313,35.82943735163247,0.940683839965874,1536,0.9356737489154421,0,0.7604175982303709
fov0,313,9543.82011605416,7341.11411992263,54.95202108431379,27.391388271514533,-0.6651525116065479,517,0.8669126592125235,1,0.6313717247900283
fov0,314,9542.778067885118,8713.344647519581,37.59412152625324,17.320620604112484,-0.7415213624773083,383,0.887541990010926,1,0.6351354749053061
fov0,315,9548.781353135313,6356.6732673267325,90.25647035528928,41.56202832521965,-1.5043382803531944,1212,0.8876658900878595,1,0.7786001014804244
fov0,316,9552.697283311772,9575.147477360932,39.33045075579072,25.74609887226698,0.4570239271975147,773,0.7559669288118214,1,
fov0,317,9587.11695002576,14066.560535806286,108.20951699048422,87.62178973926505,0.2872087748654888,1941,0.5867860836096375,1,
fov0,318,9570.461050724638,9018.983695652174,112.06378816648495,32.90386547168302,-1.5150688972917077,1104,0.955923055833282,1,1.0496536358399486
fov0,319,9620.611178126257,10248.41113791717,194.113732908813,111.54076557044321,0.7052378572989103,4974,0.8184234798431527,-1,
fov0,320,9591.525853658537,9147.733658536585,66.97298504880484,36.26744040045355,0.7864340137724507,1025,0.840685659256894,1,
fov0,321,9576.25327510917,3958.877729257642,30.7214907894734,11.410883919367004,0.23531164301692814,229,0.9284609527073037,1,0.5716643873121461
fov0,322,9588.006067961165,13627.89927184466,56.93122953186948,34.30859867842156,0.6517413640489672,824,0.7980189799034383,1,
fov0,323,9595.385915492958,6351.146478873239,29.03049082419536,16.03034681134337,1.281670114842382,355,0.8337182981904182,1,
fov0,324,9603.849740932643,15058.227979274612,29.966461562446163,10.36783097684189,-1.2735419907808792,193,0.9382414617350432,1,0.635822692745165
fov0,325,9629.11943793911,7345.981264637002,80.45771122410305,24.833112921149006,0.5236766375537338,854,0.9511763255954477,1,0.5800829965538178
fov0,326,9646.555288461539,4195.883413461538,90.1486408826141,17.860958864694148,-0.017262229629313734,832,0.9801761801910893,1,0.4164464916116803
fov0,327,9634.907942238267,6140.4458483754515,34.71385241454849,21.386098663391152,-0.15469522810515562,554,0.7876928593662043,1,
fov0,328,9642.076256499133,6341.42287694974,39.16756831527197,25.06589660342044,-0.3574436058779089,577,0.7684035546364193,1,
fov0,329,9668.7656641604,15568.441938178781,115.76055686190111,82.1817444396164,-1.3143006583437236,2394,0.7042735311154167,1,
fov0,330,9700.186337914309,15684.21018593371,161.84972752804876,53.941627497674006,0.2026570509298973,2474,0.9428271309707835,1,0.47203186623242516
fov0,331,9667.18302387268,9184.087533156498,47.94157624161141,14.439199333228151,0.3144780535787901,377,0.9535662824694823,1,0.48891778810755426
fov0,332,9679.6573816156,7287.49721448468,44.207845007024765,23.24652514554691,-0.669434873838277,718,0.8505796995985099,1,
fov0,333,9680.891791044776,8768.063432835821,35.494029294950245,12.831156451280895,0.40063490036747135,268,0.9323714006764415,1,0.4205559111691539
fov0,334,9691.499021526419,6347.808219178082,41.04875739516016,17.323221334841715,-0.5071848635032468,511,0.9065885082441423,1,0.49591275453012895
fov0,335,9758.87114337568,15812.686479128857,196.91032949633933,26.4658306239182,0.9001761684216941,2204,0.9909264162795223,1,0.7603856856322497
fov0,336,9726.311941964286,4140.881696428572,90.8876197907083,33.23279466077978,-1.10597664281174,1792,0.9307535644796952,1,0.8160273704951627
fov0,337,9721.273010920437,15317.787051482059,81.48543557987855,26.43715764826233,-0.7387529860406098,1282,0.9459061812966666,1,0.24348668603060902
fov0,338,9704.963988919668,8901.85595567867,28.930899677834148,16.083298028243206,-1.4435206618437673,361,0.831235052843163,1,
fov0,339,9703.83695652174,12042.157608695652,30.62281238931667,8.028951413578572,1.166262666241929,184,0.9650166596246065,1,0.7157992326026213
fov0,340,9716.321554770318,13745.720848056537,37.43441328627165,11.255007340927841,0.6659082767432576,283,0.9537315867693511,1,0.6200676770353929
fov0,341,9758.299651567944,13050.587456445994,201.59795680189336,128.32794269288763,-1.454167590952832,4305,0.7712323108321837,1,
fov0,342,9740.278538812785,6392.479452054795,60.697125365301765,11.105098096977029,-0.21992924734703365,438,0.9831205050914228,1,0.46198674187616023
fov0,343,9737.079545454546,15868.875946969696,57.72695145194647,31.00918882757397,0.9054670734935594,1056,0.8434739758849242,0,
fov0,344,9759.688061617459,6505.636071887035,94.39183492684292,51.24759042497575,-0.07617139732982758,1558,0.8397818496976163,1,
fov0,345,9734.365853658537,12036.341463414634,58.16065998556315,16.929804969750535,1.4497634273180955,410,0.9566966233527562,1,0.8316886234741313
fov0,346,9755.452153110047,15237.278708133972,74.84969125636584,17.295496240313636,-1.0443418720843847,836,0.972937197576873,1,0.15987981810379367
fov0,347,9761.4096,3768.992,78.7013491928568,24.880278468377753,-0.98733606321994,625,0.9487140988292123,1,0.6338073238590634
fov0,348,9806.59124228395,13590.808449074075,234.47017522513664,125.18253829458783,1.1759653080196957,5184,0.84555055792769,0,
fov0,349,9807.57505773672,8853.251732101617,124.75084389694037,11.775931264391975,-0.03623234491306684,866,0.9955347658105966,1,0.312069899269103
fov0,350,9775.060402684563,7046.684563758389,20.882670777210606,10.706984824292245,-0.014086212704957324,149,0.8585552562300937,1,
fov0,351,9778.895027624309,15267.497237569061,22.37284360281028,12.648581823813602,-0.7716708910942266,181,0.8248482234927674,1,
fov0,352,9783.912280701754,6417.175438596491,27.209886316409825,14.487363652774555,-0.004298094547082209,228,0.8464739471501962,1,
fov0,353,9831.87432744043,9106.752113758646,137.72041368033544,75.74401236684572,0.12747084549288168,2602,0.8351752466627199,0,
fov0,354,9822.35945945946,12419.263063063063,125.94644442199551,102.14142096308562,-1.1998474498781555,2220,0.5850587592309119,1,
fov0,355,9823.344827586207,15151.465517241379,95.77042735340393,37.655072551148876,-0.7926974161555563,1044,0.9194612707511582,1,0.2215636048881547
fov0,356,9798.955673758865,3804.959219858156,33.560577442834536,27.39749083647941,-1.3383999950736365,564,0.5775443088745787,1,
fov0,357,9837.236889692585,10173.948462929475,106.50396803562793,32.918671459233536,0.5812110964658952,1106,0.9510347452807867,1,0.5656422634216148
fov0,358,9807.595238095239,8749.833333333334,36.48185704484948,14.90207498925806,-0.6205651852147605,252,0.9127676870121069,1,0.3643906467028384
fov0,359,9802.798165137614,6406.165137614679,19.26261088173934,7.535325428676765,0.9204976992369615,109,0.9203102771520258,1,0.7716967290638752
fov0,360,9819.704496788008,12073.989293361885,35.32646005245126,19.64251835125591,1.1576720135823064,467,0.8311632299412404,1,
fov0,361,9817.358407079646,10284.318584070796,22.487696669950083,13.420543991416395,0.3863551243237552,226,0.8023937798939695,1,
fov0,362,9844.32340425532,10309.242553191489,27.219972983206727,14.533263907087184,1.4467050616181674,235,0.8455355567872027,1,
fov0,363,9882.410035842295,13261.71971326165,101.7887735333098,34.2461097478446,0.40727353988912035,1395,0.9417038694467964,1,0.467893342322913
fov0,364,9871.040948275862,3745.7866379310344,46.11059483890145,22.43048833573641,0.37961090223496163,464,0.8737085438183871,1,0.44566295413319496
fov0,365,9878.492366412214,15121.213740458015,35.08828141575745,12.665563274893247,-1.4912677114657702,262,0.9325802261745088,1,0.28520015612132116
fov0,366,9905.780856423175,10224.062972292191,53.51648212404325,11.083409575943744,0.040483316917911676,397,0.9783192009816546,1,0.37151036769775764
fov0,367,9915.67340339531,3807.714632174616,93.45844646559175,31.450771970430864,-0.7034519557592029,1237,0.9416758005396685,1,0.5205185236439768
fov0,368,9901.036036036036,10196.990990990991,31.344432383446513,10.493669284000605,-0.4002975976583454,222,0.9422942757017246,1,0.35343096650083217
fov0,369,9935.380908248379,8764.956441149212,107.23142871242251,26.372664717520045,0.23123515207446219,1079,0.9692846587621937,1,0.33279631419565886
fov0,370,9921.135983263599,9322.332635983264,54.017415631160794,12.133940601592219,0.4977891559648107,478,0.9744440939171504,1,0.19691078110199473
fov0,371,9937.954545454546,6169.8448275862065,76.90289267826071,16.90421514137209,0.36410501596025935,638,0.9755421446674803,1,0.5534491419901966
fov0,372,9958.598755322633,12682.0812315755,185.66924417235626,114.31744489443618,-1.3406055825194962,3053,0.7879769025533362,0,
fov0,373,9957.628994544037,11649.491036632891,93.34835218360186,40.6357890640583,-0.2899713161423039,1283,0.900278978542001,1,0.29043850734786497
fov0,374,9979.438330170778,10116.462998102466,54.40214958089876,17.071476752308325,-0.09409934551161986,527,0.9494886052784783,1,0.3480522489986392
fov0,375,9983.068153655515,11704.23667905824,51.529400440420424,32.60378514021179,1.0391500282142345,807,0.7743790252674772,1,
fov0,376,10016.316807738815,14737.230955259976,155.8077842386408,39.08194556331667,1.0445871390737067,2481,0.9680300226451447,1,0.9748475177130523
fov0,377,10058.129668049793,6049.346818810512,169.89780087379216,134.58406340464646,0.17337736546928914,2892,0.6103301150807395,0,
fov0,378,10015.07643312102,14033.394904458599,18.086665147357643,13.242127574036878,-0.8855897781536102,157,0.6811448788122517,1,
fov0,379,10030.408437200384,10234.889741131352,63.31016027146088,33.7406105287163,1.1601170104588183,1043,0.8461521013680059,1,
fov0,380,10071.97304964539,11626.163829787234,108.7804782424181,20.113168290038498,0.24172853162016755,1410,0.9827579320907008,1,0.3679200379340511
fov0,381,10076.619692307693,15842.729846153847,151.39913437809574,71.92108018767597,-1.2785374791446698,3250,0.8799626504332285,0,1.0305840689531283
fov0,382,10098.091911764706,3767.821323529412,136.65577860065284,62.755448558975985,0.7193991628383762,1360,0.8883211270935908,1,0.38962025999336247
fov0,383,10057.458163265306,15664.342857142858,66.05961501425239,24.76365988717297,-1.104232363348083,980,0.9270780489044542,1,0.9552625843145603
fov0,384,10062.537467700258,7926.449612403101,46.54334716045996,14.144328192565787,-1.008222677278312,387,0.952705272669035,1,0.8591802687606919
fov0,385,10063.53305785124,14118.776859504133,33.86535972193858,10.932971711074389,1.137235259655227,242,0.9464547753565017,1,0.4292990597869132
fov0,386,10077.997183098592,13754.104225352112,50.244133826529655,12.589101502675646,0.9437621511940686,355,0.9681014261332586,1,0.3802106825661733
fov0,387,10094.917686318131,14081.417130144606,129.2615285996736,24.99788209443089,1.4830085207090036,899,0.9811219713298293,1,0.5543385801945833
fov0,388,10122.342185903985,13997.276813074566,99.04334274544269,20.161734669939307,-0.43737554792176486,979,0.9790614827207064,1,0.7339487581745292
fov0,389,10085.195945945947,15679.75,24.117470407974427,8.244789102457302,1.2035510105342113,148,0.9397510334848026,1,0.8498120634300426
fov0,390,10106.294421487602,11763.296487603306,75.60694749854295,25.139663461199984,-1.1101071490637902,968,0.9431016071956116,1,0.5236159188867578
fov0,391,10124.202591283864,11336.111896348646,80.36382967545421,19.46738928122666,0.006769723943744969,849,0.9702161871142144,1,0.37158504306726087
fov0,392,10118.860816944025,7990.960665658094,48.01650650954316,27.55984115717959,-0.26103903908849735,661,0.8188791456516598,0,
fov0,393,10141.73156899811,12610.858223062382,94.14303417900847,73.96688747967713,1.1198980115487804,2116,0.6186251827199574,0,
fov0,394,10255.762316271512,11297.818081099047,413.69094726916387,161.4408357819937,-0.8979580097229111,13539,0.920711038932782,-2,0.3978122014121666
fov0,395,10199.80119453925,9330.749146757678,211.64015757055975,21.886592201077715,0.013639556491246351,2344,0.9946383807685854,1,0.27619101910498306
fov0,396,10150.427631578947,10161.888980263158,75.72783847503406,29.34863584806334,-1.2647110799650099,1216,0.9218469523602839,1,0.6721469145733454
fov0,397,10168.607404820119,15723.030038421237,150.8115805478288,56.6325174841344,1.13625887918723,2863,0.9268149550291257,1,0.8249945324455634
fov0,398,10154.30018761726,7856.701688555347,40.8491860160006,26.25116698415919,0.6344775621090242,533,0.7661714385436178,1,
fov0,399,10165.712239583334,14144.627604166666,60.76476903390483,31.624013905535772,-0.8466600657251719,768,0.8539022782977729,1,
fov0,400,10161.38860103627,7704.99481865285,20.949593930297908,12.717068023070764,-0.354206057589893,193,0.794677602370968,1,
fov0,401,10221.03338992643,7693.985851726089,176.56635152392,41.49355410452688,0.2522731493828909,1767,0.9719947384327953,1,0.31869805915995064
fov0,402,10330.174042468743,6399.268108751737,422.5588623560555,107.24921681691333,-0.31921779854427085,5039,0.967254373020137,1,0.47877899359413184
fov0,403,10185.23487544484,13122.099644128113,57.12356074850964,16.721275454450883,1.5270952321455615,562,0.956197844318067,1,0.528731361497236
fov0,404,10197.67701863354,8037.490683229814,47.39892901950551,9.273967397289926,0.42184118211116417,322,0.9806722430178558,1,0.4753054744415767
fov0,405,10206.81330128205,4125.590544871795,71.62136124578703,63.83240832150718,-0.7271100733460115,1248,0.45351589844967943,1,
fov0,406,10349.627194204513,7693.497631652271,341.236671212773,28.41305100072353,0.3288167608240265,3589,0.9965274455548909,1,0.3531331350240846
fov0,407,10196.165803108808,11860.849740932643,28.17710107479049,11.122778471818359,0.26346311302115855,193,0.9187905860343492,1,0.5050825497831266
fov0,408,10230.598227474151,15645.676809453471,116.66495885704971,74.11646005015504,-1.5611450844592067,3385,0.7722709987241789,0,
fov0,409,10313.325538743695,9385.138927097662,305.05746597116547,24.406563787107103,0.12579333158687275,2181,0.9967943461623772,1,0.253324716362095
fov0,410,10388.561406917994,6470.962300816168,450.5437485796667,92.9029409829954,-0.45527900976933805,5146,0.9785094835490917,1,0.49020390476508474
fov0,411,10256.558045719408,15852.083818915286,126.94776796901658,39.936987517207264,0.9510968798203883,2231,0.949226373078049,0,0.5743726250703409
fov0,412,10247.496282527882,3813.449814126394,46.29486984783642,17.416852103380243,0.32461024507031583,538,0.9265321497303294,1,0.4074432737291547
fov0,413,10231.020202020201,8152.045454545455,31.879199146675145,9.814455594475303,1.5195124586961564,198,0.9514303965332912,1,0.5111008719659456
fov0,414,10232.601503759399,13100.902255639097,22.42705032097715,8.139013264190059,1.552386150945146,133,0.931823979917267,1,0.46050935485631156
fov0,415,10255.832,7846.326857142857,83.27545984258668,45.59695767068302,0.5760451725369004,875,0.8367770554028178,1,
fov0,416,10300.15856394914,6998.270007479431,171.0900524278881,16.318673719628126,0.6133639011576968,1337,0.9954408767295942,1,0.3495614952476001
fov0,417,10275.047240968639,7373.832076220722,137.68194634255684,106.2198122815972,1.4052616393927153,2519,0.6362452568583654,0,
fov0,418,10251.985590778098,3928.6455331412103,53.86674216522351,33.667173538187505,-0.9044099141525299,694,0.7806179172608596,1,
fov0,419,10265.58758314856,11567.355506282336,74.49916511976146,44.09938068163723,0.25342235443701283,1353,0.8059786323572712,0,
fov0,420,10310.191172761664,11742.604035308954,141.52914782942207,101.30777095982546,-0.7326644794114721,3965,0.698296607048119,0,
fov0,421,10290.148375229921,14198.340895156345,67.83131194820871,63.26798271428797,0.8937004418009434,1631,0.3605876616265812,0,
fov0,422,10271.1583011583,3854.042471042471,39.064188299103414,9.032733352888858,1.0841504405962104,259,0.972899594634357,1,0.6233298685634724
fov0,423,10291.241431835491,15735.83472962681,68.65819080821045,53.20741442640409,1.2678422348714968,1313,0.6320091605120045,1,
fov0,424,10367.816007154035,14339.669125866309,233.6925961068639,85.11597227861019,0.5783321046746975,4473,0.9313121783575319,1,0.3355484433374828
fov0,425,10300.092936802974,14009.587360594796,40.52566360706373,36.514465544792785,0.6640925499880153,807,0.43377589981667936,0,
fov0,426,10358.72591240876,4196.293430656934,355.6350130412928,53.87226247256106,-1.0854926408169512,2740,0.988460033708963,1,0.25732419621174335
fov0,427,10307.829670329671,3878.5604395604396,29.666462440282174,9.193542365661468,0.09261730250267876,182,0.9507701936131479,1,0.4122192250028078
fov0,428,10326.033299697276,4068.2038345105952,117.62942241075238,22.539230002072834,-1.0427156185411763,991,0.9814707192093057,1,0.3354517615001106
fov0,429,10313.708748615725,15830.619047619048,47.00765206532027,32.17623599110364,0.056134281592906225,903,0.7290228838334242,1,
fov0,430,10354.71686351706,15701.812335958006,130.09913753998114,48.102098040904735,1.4084536006429722,3048,0.929137576222941,0,0.6441487096131652
fov0,431,10355.97987616099,13457.221362229102,68.65247278636743,19.985237304904157,-0.5257920714622302,646,0.9566904038116966,1,0.762808660308078
fov0,432,10343.68465909091,7608.130681818182,23.207127963648123,19.357202620482933,-1.5117167234641107,352,0.5516043225098795,1,
fov0,433,10376.702096538274,14440.306679668454,94.23414877996116,64.94851077113266,-1.0619381689559662,2051,0.7245475816691154,1,
fov0,434,10390.068016194333,12177.494736842105,143.15076524570904,66.86364864307492,-1.1061223460826322,2470,0.8842121484136874,1,0.3539263722463021
fov0,435,10424.796621854533,7775.465701482248,174.2605306023271,57.12735595355823,0.21185934739628356,2901,0.9447376745714732,0,0.109986969548319
fov0,436,10372.887052341597,8213.289256198346,42.78549905183781,17.564406835333227,1.021746941107432,363,0.9118505022125378,1,0.33410964243784647
fov0,437,10414.719424460432,4187.241007194245,37.93258881664868,11.54635359143245,-1.27340985848743,278,0.952547048288168,1,0.32776398307262916
fov0,438,10467.710263157895,11756.837368421053,189.20443846238567,80.73855412777097,-1.1106827268482906,3800,0.9043807083843206,0,0.4820084367535273
fov0,439,10454.712837837838,14107.84543918919,104.08125166709652,79.01846910698589,1.460985878407114,2368,0.6508575960385212,1,
fov0,440,10449.446728971963,8277.9738317757,61.62129794142458,16.152093359110427,0.2275205153498034,535,0.9650356453989125,1,0.38483014050816183
fov0,441,10517.583777383066,13187.59325044405,190.34337459822675,21.537188964226946,0.040001858925824696,1689,0.9935780152191449,1,0.36482229745578926
fov0,442,10471.285932721712,8098.498470948012,88.69685827317237,10.35632001831194,0.49107203865345167,654,0.9931600602847318,1,0.3404248845416322
fov0,443,10477.276377952756,14477.414173228346,102.30586148837949,26.562550973077293,-0.2732009384953479,1270,0.9657058536341523,1,0.5255933182365933
fov0,444,10462.71875,11444.51171875,72.10498797297389,48.49358604136909,1.168248392251239,1280,0.7400595455050519,0,
fov0,445,10461.838709677419,9072.491039426523,43.59718550161229,10.388190100278443,-0.35416144538893984,279,0.971197328711453,1,0.46283526693313704
fov0,446,10468.659793814433,4095.814432989691,30.6697167001909,8.45952775574089,-0.36713024191487714,194,0.961207372750151,1,0.33483668238155617
fov0,447,10483.401617250674,14180.091644204851,35.15546154929367,16.19884751440961,0.3002401811044181,371,0.8875156604323678,1,0.3360849243960066
fov0,448,10529.605531295487,13231.87190684134,132.80944849916483,28.581685232509955,0.15003265344043376,1374,0.9765681857021223,1,0.34221629811505117
fov0,449,10489.305389221558,13773.43113772455,37.74870415131902,24.94861377564876,-0.014007976523166822,501,0.7504624240735475,1,
fov0,450,10508.414979757084,13082.004048582996,60.74048999801827,16.91079339314011,0.5236896868172178,494,0.9604621617384616,1,0.3454170390696218
fov0,451,10498.504464285714,4316.285714285715,27.94491876991481,21.174194251204952,-0.5728377522365794,448,0.6525893445247353,1,
fov0,452,10513.860544217687,13962.820861678005,56.99342279410488,43.485707716529376,-0.8589465609665045,882,0.6464041560783155,1,
fov0,453,10784.888175985334,8068.385317096591,676.1863545195902,275.7750377510442,0.4691600738680422,22911,0.9130539444949284,0,0.39463880251836564
fov0,454,10548.255982596083,14256.343727338652,136.72912121845266,56.951830477191514,1.0033039460067945,2758,0.9091218052605702,0,0.5614951726820864
fov0,455,10579.158256880733,8157.256116207951,147.71609897533992,23.77897456341845,0.23061732293321668,1308,0.9869580694700248,1,0.31352923957874557
fov0,456,10526.381933438986,11506.697305863709,37.03902623609807,23.52636108781712,-1.51603110014921,631,0.7723660867617813,1,
fov0,457,10544.43795620438,4287.902676399027,47.4084112256021,14.79020234058041,-0.37396992100529414,411,0.9500905657185358,1,0.3354776647473681
fov0,458,10547.76330876331,4341.886977886978,93.64989675729494,42.46912281346723,-1.2293056746494153,1221,0.8912622820129422,1,0.3427308975023118
fov0,459,10538.321243523316,13037.474093264249,37.14707176798143,13.92831393026946,1.3357307519055466,386,0.9270448244037555,1,0.6519065656225767
fov0,460,10603.455311973019,11552.105396290051,187.53824022505847,125.9455895045957,-0.8102210397013686,4744,0.74093853596023,1,
fov0,461,10570.797163120567,13789.712056737588,56.693234871873614,22.993679024609204,-0.6520101690550117,705,0.9140592632362343,1,0.6229599633571307
fov0,462,10618.207128099173,7062.193181818182,150.42477760565362,59.30133385182503,-0.06390012981512053,1936,0.919013595911096,1,0.3214621466007753
fov0,463,10609.162837162838,7277.8306693306695,114.00881045563382,82.69586820945187,0.3115141015692952,2002,0.688384160908835,0,
fov0,464,10590.614457831325,4412.0506024096385,48.188550661723276,11.734964485693627,-0.18958177818129512,415,0.9698954138622099,1,0.4139988501863072
fov0,465,10595.383534136547,4187.531124497992,67.05876128046934,46.66257634462336,0.3974954661034332,996,0.7181909420589468,1,
fov0,466,10583.238907849829,4350.744027303755,36.043231675428316,10.953312796579663,-1.196380096341586,293,0.9527059301668469,1,0.3298683499346625
fov0,467,10628.787439613527,7915.277777777777,71.68645765614384,11.033660005703778,-0.10481413842306045,414,0.9880840074804011,1,0.2692161303592288
fov0,468,10640.778287461773,7773.936799184506,103.12867614038929,53.017690349596734,-0.4308930317663336,1962,0.8577346837326809,0,
fov0,469,10673.40352112676,13191.74014084507,166.836529226174,43.40837267718874,-0.41227116131798797,2840,0.9655587675460282,1,0.33687757130921236
fov0,470,10641.942638623326,8083.53154875717,56.822710849343736,20.097231754955175,-0.7069737516950704,523,0.935365315982465,1,0.50375327011867
fov0,471,10641.663907284768,4385.382450331126,66.36066413089796,13.576691479583337,-0.9729419416680706,604,0.9788478731536777,1,0.2470604883922312
fov0,472,10647.537340619308,14554.063752276867,54.344879235251895,31.39495662162164,-0.04404268049455034,549,0.816250214843727,1,
fov0,473,10644.801587301587,6944.849206349207,38.1533043486403,29.83922393668219,1.0745200492466567,504,0.6231685806823397,1,
fov0,474,10682.53003003003,5846.752252252252,128.15527481520448,23.6121865010049,-0.3323262402112798,1332,0.9828800300426076,0,0.19034792911522358
fov0,475,10662.973244147157,13952.99331103679,44.33327819206524,36.97427172835169,0.8480399639866658,598,0.5517536100122129,0,
fov0,476,10700.913561847989,14490.372578241431,93.21080402970667,67.08265078707224,-0.1515517711784777,2013,0.6942981335844075,1,
fov0,477,10725.9833007639,13506.143720021319,176.56860143130166,165.8126171064315,-1.406699851608188,5629,0.34368974184851997,0,
fov0,478,10692.53711790393,8133.890829694323,22.36827899043451,13.816237140773191,0.9990334880631364,229,0.78643661023529,1,
fov0,479,10734.458256712027,11810.07502758367,116.76124097856506,65.8193018747656,-0.8889386174602313,2719,0.8259738177730758,0,
fov0,480,10707.943005181347,4315.344559585492,39.610628382465286,15.472856813459744,-0.4756271113003636,386,0.9205503760884122,1,0.6829594757413683
fov0,481,10722.353322528363,9309.12641815235,75.96408182934334,15.543403697824527,0.929197737944126,617,0.9788424956211919,1,0.4332846830090546
fov0,482,10709.858520900321,12758.74919614148,36.122859929184585,13.592084602563299,1.4096078655104858,311,0.9265085276484116,1,0.7313216024391553
fov0,483,10726.915742793792,9194.416851441241,41.67368235888686,17.608017982821163,0.8353001095601079,451,0.9063529999066398,1,0.4138199134400153
fov0,484,10737.612244897959,4197.950113378684,56.89050104522302,21.322074239952162,1.1940506463492435,441,0.9271091400959539,1,0.9892082795776654
fov0,485,10745.494276795005,6268.303850156088,83.39418340854289,53.775258666229945,0.4088398114759037,961,0.7643241284625477,1,
fov0,486,10769.070780399274,14040.155172413793,75.96267099276155,38.087804956038234,0.07678787547552968,1102,0.8652146745989066,0,
fov0,487,10787.801242236024,13023.83354037267,206.618982675269,41.111343071059316,-1.0975675997897645,2415,0.9800052233929556,1,0.637418136123549
fov0,488,10773.04479768786,6996.835260115607,54.585854892303146,24.450709270353965,0.16456868482744524,692,0.8940680123817694,1,0.2236628600932981
fov0,489,10771.4889178618,6223.0273794002605,57.98299828957474,20.35454159454853,0.9634871394094122,767,0.9363592362504314,1,0.6898175207782152
fov0,490,10769.163522012579,12656.198113207547,35.09614960767636,12.599668244095989,1.1749742072327929,318,0.9333359096943886,1,0.6778310166477051
fov0,491,10777.958963282937,12737.786177105832,138.0390013336343,26.120459006659086,1.4867185022324017,1389,0.981933714628856,1,0.753070590393603
fov0,492,10810.552019583844,13102.966952264382,170.7246746517317,28.412014435419348,-1.0595924066396505,2451,0.9860549458069062,1,0.627497347229419
fov0,493,10791.521191294387,4284.83390607102,58.612877871600865,44.0033264066487,-1.3908274508306213,873,0.6605920896303941,1,
fov0,494,10795.545212765957,12883.270212765958,155.91779056641522,39.063057865735935,-1.5039799446102653,1880,0.9681072201242958,1,1.2648272821737387
fov0,495,10846.12399881341,7578.943340255118,246.15365605620858,158.07320856669867,1.1498967751869231,6742,0.7665598209800495,0,
fov0,496,10814.714064914991,5797.496136012364,71.43555625434564,15.85850497035494,-0.22870591725001685,647,0.9750472663963666,1,0.20746585110378246
fov0,497,10785.244444444445,7949.688888888889,18.317324326927686,10.760034644531864,1.313506705019275,135,0.809279387095998,1,
fov0,498,10788.33962264151,4413.995283018868,32.24552828038341,10.00202132875624,1.5013168959339027,212,0.9506768004713513,1,1.077427729584447
fov0,499,10811.705263157895,5839.178947368421,40.109978833811184,18.69598775304534,0.062388003191998054,380,0.8847225001415229,1,0.313174345907336
fov0,500,10847.359281437126,9425.205588822355,125.0065680974463,22.65557362977593,0.7485769645779259,1503,0.9834398053884105,1,0.4728720481292765
fov0,501,10821.591531755916,9464.971357409713,58.026001325367965,20.648613998972884,1.2543066817294055,803,0.9345426817865526,1,0.6473979566316906
fov0,502,10893.244446600058,12859.385585410806,538.8799461222998,122.1350396099111,1.324123083647763,10309,0.9739771784454163,0,0.9319501536685446
fov0,503,10856.759960718295,12184.828563411897,260.69508060700963,121.94662395422444,-1.4644811411843852,7128,0.8838476179378433,1,1.082760490524459
fov0,504,10862.959580838324,8125.302395209581,149.02944154661657,37.38393615512531,0.8323756397702401,2004,0.9680261420244022,1,0.43507118195202016
fov0,505,10862.527633851469,4481.563039723662,134.11809552539006,21.886933374294077,-0.7653082220552199,1158,0.9865944120404092,1,0.5832017844210176
fov0,506,10851.9939707149,7045.962962962963,112.62096306654288,28.1086244830979,1.004503822964119,1161,0.9683526163650253,1,0.46916301900074603
fov0,507,10862.314711359404,5891.893854748603,61.207969453968424,27.656683462669182,-0.960346309493827,537,0.8920950667505392,1,0.372221675935415
fov0,508,10896.077876106194,11548.038348082597,113.01025925803604,50.6106804361096,0.5509189239186034,1695,0.894112979043735,1,0.6773547602416042
fov0,509,10885.99813084112,4383.992523364486,59.44683940405728,29.309967651394018,-0.3441517087705461,1070,0.870003802333414,1,0.6106594512491359
fov0,510,10866.419512195122,11374.268292682927,34.29096932246985,9.182482091314823,1.2066910264573674,205,0.9634797081784033,1,0.8343190952228858
fov0,511,10907.64919594997,13804.512507444908,144.52060693008622,99.09251798607703,-1.2450150304391645,3358,0.7279185690423983,0,
fov0,512,10872.345679012345,5809.407407407408,22.691245635517493,12.0183613555893,-1.157810602783912,162,0.8482178573613844,1,
fov0,513,10942.647872340425,14852.868971631206,193.55871400991657,141.16004583973344,-1.5241789854342516,5640,0.684206858329992,0,
fov0,514,10899.7018469657,8047.902374670185,61.48661962998888,10.15682828840069,1.4573818710308324,379,0.9862621611800345,1,0.6633456604985901
fov0,515,10973.83798062812,7897.984737305547,155.8233748894081,100.99365399346893,-1.153095302519494,3407,0.7615305316900456,0,
fov0,516,10953.719205298014,9562.91523178808,93.41221284311271,17.324270117185605,-0.25672852010916514,755,0.9826517313412385,1,0.5564697342789098
fov0,517,10943.962472406181,7076.258278145695,64.75307862904117,36.46979686768999,1.0840063250791432,906,0.826311532020317,1,
fov0,518,10936.262569832403,9326.86592178771,27.529597422544068,10.333751183963283,-0.7609600685246615,179,0.9268755498171325,1,0.7685572926827178
fov0,519,10962.76821192053,8557.754966887418,28.727331926798282,8.428483530554338,0.11486395474614315,151,0.9559910054239088,1,0.20457306438565742
fov0,520,10969.640419947507,5808.538057742782,45.61393424949554,20.881779534585032,-0.4693358500844303,381,0.8890583623223169,1,0.19372918035979486
fov0,521,10995.450261780104,13133.269109947643,81.6189971910622,73.68082893713789,-0.6159117772837263,1910,0.4301841254469135,0,
fov0,522,10982.910746812386,8123.790528233151,63.285935881651696,15.21978525499207,0.46300313347178773,549,0.9706510267925212,1,0.27007540246127715
fov0,523,10978.494983277593,11548.220735785953,29.180945639198875,18.17529228811171,-0.13945123247583333,299,0.7823429082936695,1,
fov0,524,10979.964285714286,8326.842857142858,21.21886742954552,9.608099883677278,0.2585806831387327,140,0.8916074048935282,1,0.33808356738453943
fov0,525,10982.815,7151.315,24.27462922648539,12.118051655140833,-0.03172849748441245,200,0.8664830714590176,1,0.28734946814049434
fov0,526,10988.695049504951,11625.316831683169,38.88610299811348,33.58631158728954,-0.2526562640642263,505,0.5039893181750414,1,
fov0,527,11007.973805855161,14066.49152542373,67.07951907308023,30.802406453269015,0.5910925665169503,649,0.8883368306742364,1,0.540444548348374
fov0,528,11015.559633027522,11711.723241590214,44.37997374499288,36.79496506727694,0.9864154533161346,654,0.5591160830662973,1,
fov0,529,11023.549579831933,13226.401680672268,74.47647940195257,37.74043839915483,-0.7967124586187903,1190,0.8620971408566065,1,
fov0,530,11042.515544041451,6553.97322970639,92.0477487725099,73.11186733773818,-0.35791526728795836,1158,0.6075492986235254,1,
fov0,531,11046.527567567568,14475.868108108109,93.03842451847505,58.49364941594183,-0.5577801351356988,1850,0.7776445288355234,0,
fov0,532,11067.688787185354,7173.04347826087,136.88111813838077,12.641608299560971,0.22921835951650266,874,0.9957261761607025,1,0.2071193863012353
fov0,533,11033.84406779661,11772.837288135594,42.422338645765436,23.872976028472,1.267079586538534,590,0.8266302753772148,1,
fov0,534,11062.153465346535,11855.616336633664,49.34951500056592,17.099369334971932,0.25400644382578125,404,0.9380517505441409,1,0.6026680806633921
fov0,535,11121.295345489443,15121.392514395393,177.87398650699902,140.0732928368171,-1.1014637077763745,4168,0.6163324056389475,0,
fov0,536,11116.16992481203,14564.98947368421,131.00532748595555,92.52339488942879,0.3451749118887741,3325,0.7079558064784205,0,
fov0,537,11118.673310225304,13943.012998266899,133.4326755541218,39.55016154092147,-1.4667406017197875,1154,0.9550622266398017,1,1.018138012911739
fov0,538,11144.88330134357,13192.163531669865,158.9183401020466,65.56535066890339,1.212361814297897,2605,0.9109247282873447,-1,1.0573715351231292
fov0,539,11149.728155339806,7220.617475728155,83.4900056667997,11.598469319963117,0.3433877532241121,515,0.9903035433804764,1,0.19729381149948502
fov0,540,11204.892409033877,14595.879548306148,209.5589885831317,86.64921221240034,-1.1980584270603378,3188,0.9105115507864212,0,0.9382615252003078
fov0,541,11164.745524296675,15243.563938618925,65.35938650549744,35.969871668265455,0.9423489593460019,782,0.8349407793545969,1,
fov0,542,11226.93014925373,10538.492537313432,174.21751710156553,30.29224597038505,0.37853376421289625,1675,0.9847675536359451,1,0.188087202512706
fov0,543,11189.873198847263,13693.305475504323,31.79642057327314,19.272904048577924,-0.46236540006960475,347,0.7953622438635295,1,
fov0,544,11191.023148148148,13837.726851851852,38.467763671922434,8.132646385442097,1.0266812840412771,216,0.9773964764764252,1,0.7602959098220671
fov0,545,11223.282016348774,13950.307901907358,75.21506864088894,13.518862610772716,0.872076297222107,734,0.9837148655423169,1,0.7849513051109636
fov0,546,11266.0475,8558.1675,112.1732935683703,22.15732858501264,0.2285469122395986,800,0.9802973131425536,1,0.35944819617093554
fov0,547,11289.102564102564,6414.970085470086,53.26761872564342,22.83613973557782,-0.102267635489187,468,0.9034441292195349,1,0.5955055818405265
fov0,548,11321.869538461538,8681.324307692308,118.06766725348436,69.15598902657364,-0.35187500443372094,1625,0.8105049296349448,1,
fov0,549,11357.948098702467,14811.204905122628,455.79089754786384,157.3742000845434,1.3566716700851589,13333,0.9385007524994253,0,0.7213574336749532
fov0,550,11340.911848341233,7594.485781990521,112.94852874498918,83.53100803110527,0.6339155434523241,2110,0.6731023681531786,1,
fov0,551,11378.824619457313,15570.28987425546,207.30528215071197,57.80751885728508,0.6803877877032571,3022,0.9603340519273414,1,0.17302624998263946
fov0,552,11325.739726027397,15575.030136986301,55.04228829750466,14.23554797822289,0.7988310685842771,365,0.965976650865364,1,0.2106260494632862
fov0,553,11361.159482758621,10057.034482758621,34.52425967456336,9.431853358480241,0.27266067203879896,232,0.9619586892801778,1,0.24938800022181315
fov0,554,11387.739952718675,10704.595744680852,80.95023665021272,19.02184323759388,0.17146127266078062,846,0.9719997377967532,1,0.4247726038996542
fov0,555,11406.504977375565,15673.616289592761,168.94314393080066,43.78068616753353,0.4846472427058062,2210,0.9658385627686741,1,0.2026392299392907
fov0,556,11384.488636363636,10118.337662337663,65.8503351562119,13.147930597302693,0.6613973289636218,616,0.9798644559937792,1,0.3321568312243885
fov0,557,11416.703018006594,15106.799391326402,146.6952166793272,116.46606459735904,1.2678511656411524,3943,0.60800622522223,0,
fov0,558,11416.531324345757,8053.294210943695,112.60948906694732,44.36667393733329,-0.9453470303030729,1261,0.919116015337913,1,0.7688408580948268
fov0,559,11404.494172494173,5952.666666666667,45.78928280025154,22.002258748586573,0.7987460131759949,429,0.8769886433902451,1,0.408795551409337
fov0,560,11426.160349854228,10055.307580174927,73.2792929146937,19.158956880162947,0.647275791383144,686,0.9652167039728716,1,0.3269960971142818
fov0,561,11420.287841191068,8744.660049627792,59.0214358100291,11.780672636147768,0.12601787720779775,403,0.9798774822670686,1,0.36189955013477365
fov0,562,11432.266666666666,6501.7555555555555,161.3921479880544,64.04679974221924,1.3356427115846685,2835,0.9178879619907364,-1,0.3945645289174183
fov0,563,11418.992481203008,15728.521303258145,40.983723036640576,14.314598629097794,0.7307248302286646,399,0.9370201838654202,1,0.23995955719952464
fov0,564,11438.974315068494,5853.520547945205,69.99287251615517,13.132400315704123,0.4108045474647771,584,0.9822407677355538,1,0.43792432548869853
fov0,565,11434.184549356223,10163.69957081545,35.010488285606506,9.27326208212901,-0.5643796670838754,233,0.9642838627153859,1,0.6410225781310527
fov0,566,11457.985581000848,15453.73197625106,57.96084205398547,48.57164675081094,-0.13592470596944445,1179,0.5456580123650825,0,
fov0,567,11512.022718214428,10801.263850139498,263.4754759958288,36.53627468621796,0.9779033453649133,2509,0.9903385753399887,1,0.624611059004194
fov0,568,11474.731783919598,15268.506281407035,162.76431550656653,54.076279633323054,1.4088148899949553,1592,0.9431960415731925,1,0.5215852778339541
fov0,569,11473.505592841164,10095.608501118568,49.714963566854045,13.664597796282573,0.3276223775899748,447,0.9614845873254473,1,0.3085626313220127
fov0,570,11489.552486187846,10210.042357274402,62.864458867384265,13.52202734448468,0.7346195864754237,543,0.9765924410153907,1,0.3686834993718351
fov0,571,11492.941772151898,15414.255696202532,48.381675484741265,10.984303025524483,0.029133350991372913,395,0.9738867473173032,1,0.5369727850853093
fov0,572,11554.224405377456,6506.113236814891,274.02401897188264,53.933985063521,1.0377710161998033,3868,0.9804392167761375,0,0.4734300461516351
fov0,573,11519.569230769232,10142.615384615385,32.17507405939208,8.86150027827711,1.044645869783496,195,0.9613254075229655,1,0.4471643421128891
fov0,574,11542.234769687964,10263.459138187221,66.19373627730906,16.7977439089436,0.1858975588916604,673,0.9672655434122908,1,0.3100578784168887
fov0,575,11526.493716337522,15236.500897666068,73.75752051860808,15.276736865885347,1.5410136907529304,557,0.9783153176263321,1,0.577017719135458
fov0,576,11543.46794871795,15776.440705128205,61.19212058321181,37.36398095065639,1.4920513374053879,624,0.7919382555869348,1,
fov0,577,11549.836693548386,15665.72177419355,57.67748749723989,25.18314050229411,-0.19315988597138414,496,0.8996460623511242,1,0.43732975720675377
fov0,578,11588.838176352705,15479.321643286574,101.41965271236488,85.121178642559,-1.2390275890858882,1996,0.5436736789032598,1,
fov0,579,11561.586767895878,7688.829718004338,62.81133804711101,52.30081114142118,0.28651062530750765,922,0.5537768291329366,1,
fov0,580,11549.109289617487,15406.934426229509,25.74307569783113,9.468166096757619,0.029969170739987713,183,0.9299070269884954,1,0.5366281379395768
fov0,581,11556.872826086956,15602.435869565217,67.41801821458702,43.6671121111877,-0.928422692675221,920,0.7618896497401587,1,
fov0,582,11589.667774086378,10169.076411960134,37.209358069772364,12.639505149744068,1.0350012481991733,301,0.9405388301180432,1,0.2309451508776242
fov0,583,11634.376260443676,6405.451743013541,198.1953141918886,83.42551877338065,1.1204058611581125,3471,0.9070950783281664,0,0.6571411994610453
fov0,584,11750.087914268704,8365.359872990673,791.3853131215735,294.47512035455406,1.2346224916930815,25195,0.9281923201228242,-2,0.8950343133521411
fov0,585,11605.421052631578,7657.32057416268,31.08021925898789,8.759868336033785,0.060998659895988946,209,0.9594593458474232,1,0.4868124004357311
fov0,586,11617.29479768786,10278.28901734104,27.377749595903275,8.301266807687615,-0.13250051943411187,173,0.952923072040193,1,0.42897460986827046
fov0,587,11645.745098039215,10222.221132897603,67.24701914305288,20.604139906962754,0.8298881896164432,918,0.9519045119493089,1,0.5181140539249848
fov0,588,11647.46288209607,8727.622270742359,53.37131587494412,19.7338491409763,-1.200757130448729,458,0.9291327343421917,1,0.7350443421639341
fov0,589,11663.782278481012,6012.66582278481,30.604259395298747,19.596270577969573,-0.029097583720423797,395,0.768115035997955,1,
fov0,590,11682.651720542231,7036.9739311783105,132.16529032492576,28.209232823432103,1.1536200618452876,959,0.9769563837589332,1,0.5312459192425669
fov0,591,11704.313725490196,10331.843137254902,44.29874244030931,15.074799607246044,-0.8765957509534211,357,0.9403174301254038,1,0.7180207288802404
fov0,592,11717.619289340102,6999.3451776649745,32.456683994405054,8.133603834663754,-0.442408684285459,197,0.9680910472767467,1,0.5301760767913706
fov0,593,11863.2049689441,7044.480222294867,283.5748770792297,39.17117751521792,0.4714383286902718,3059,0.9904136250155895,1,0.2948242180246155
fov0,594,11838.691992986558,7106.5271770894215,208.29739991508688,18.12266165536258,0.17677287190830845,1711,0.9962079812213959,1,0.30415935174789166
fov0,595,11775.258620689656,8038.271551724138,27.979798810995987,13.205987273789791,0.36209753540393597,232,0.8816076898732488,1,0.2989343840932947
fov0,596,11783.977987421384,10899.345911949686,33.91562379941134,15.661816782784854,-1.309576201758419,318,0.8869905020804013,1,1.0968208320103912
fov0,597,11800.26343154246,7793.573656845754,57.638602045193664,20.51803005782113,0.6554884942567283,577,0.934494627986991,1,0.388917145551548
fov0,598,11838.303448275861,10884.56275862069,58.31926992142005,21.740845771439542,0.9861623126250642,725,0.9279157021091484,1,0.7702254535157335
fov0,599,11831.879464285714,7735.879464285715,32.50059958359635,13.26500617985665,-0.3983364142638345,224,0.912916441529759,1,0.7847361618896708
fov0,600,11851.340425531915,7533.723404255319,37.952533121096224,10.964253598600502,1.04276783564904,282,0.9573611338309893,1,0.3996240762786248
fov0,601,11873.68202764977,7153.447004608295,36.04049303028361,7.926560511979823,0.4129139667061678,217,0.975514562032327,1,0.2893322132810272
fov0,602,11889.746736292429,10941.048302872063,52.51576049683891,25.683908239522147,1.2500731873076338,766,0.872244268963751,1,0.8657545003024146
fov0,603,11901.72693032015,7574.152542372882,45.48139188279556,19.06105822030762,1.5654930678342447,531,0.9079420405779614,1,0.5612939668694044
fov0,604,11917.86348122867,8723.986348122868,43.376650211649434,11.630012321922187,-0.4436943451037966,293,0.9633863898550205,1,0.5648870839456244
fov0,605,11913.827272727272,7036.745454545455,15.10030557470372,10.575847017880559,1.4786694931572213,110,0.7137769930362351,1,
fov0,606,11973.291699604742,7754.933596837945,97.27320273830291,49.62625895823875,1.1770712140088686,1265,0.860071211858509,1,
fov0,607,11968.614942528735,8502.614942528735,27.405142640908913,9.04050784044225,-0.5842402423462357,174,0.9440216061805389,1,0.6015518078954746
fov0,608,11991.457559681698,6862.763925729443,66.66518730216309,44.56163650385655,1.2413920379933456,754,0.7437666263976817,1,
fov0,609,11997.832797427653,22739.987138263667,56.60860268665586,22.670718680569905,-0.1173438422702366,622,0.9163046857889393,1,0.482151592700946
fov0,610,12083.583333333334,23184.64105829089,431.71809975888044,179.07810581074352,-1.0970878368522097,7068,0.9099110927085257,0,0.47054660798208364
fov0,611,12015.566037735849,7617.844339622641,35.65154159519334,8.106643626424106,1.2776763746922564,212,0.9738048234620857,1,0.49418141082274136
fov0,612,12041.87609329446,7818.430029154519,64.5885493729704,31.603889078211004,0.29767385962757564,686,0.8721093533082429,1,0.3101325663661168
fov0,613,12061.656950672646,22656.681614349774,67.892809052947,51.98631875556367,-1.4249810438311807,892,0.6431839400996354,1,
fov0,614,12068.598360655738,22762.071038251364,72.18396490578328,15.872934604736432,-1.384978028128582,732,0.9755234160525433,1,0.3733729107759651
fov0,615,12174.84632034632,7921.265151515152,202.725005148218,35.46909269280695,0.044226643240455416,1848,0.9845752566734313,1,0.3342909354489461
fov0,616,12121.093869731802,23297.54406130268,59.01494332667575,14.024310164415184,0.7316097364287967,522,0.9713533024567907,1,0.9007092077436427
fov0,617,12111.483516483517,6421.461538461538,26.93337138006121,10.378263212428804,-1.1950351330542346,182,0.922778419924851,1,0.9281796944270432
fov0,618,12184.12202166065,6185.3718411552345,161.60122445954855,86.30872457146658,-0.3231929224761609,2770,0.845431040962862,0,
fov0,619,12215.038356164383,23104.45102739726,257.0560877940663,23.648141215620402,-0.7877390859855544,2920,0.9957593731832711,1,0.4175160423303937
fov0,620,12273.877141396062,8390.585144464332,309.0363014009522,302.25203188957545,-0.4667269621008434,15644,0.20838435127537444,-2,
fov0,621,12170.56,23872.1184,93.63519292262895,14.675447161230144,1.3647516014448753,625,0.9876414814108349,1,0.8027413794790039
fov0,622,12185.488752556237,7946.576687116564,63.23394200499249,12.832022575031534,0.12491791286027425,489,0.9791933823434678,1,0.32005886766301156
fov0,623,12175.190647482015,11147.410071942446,40.71494808975578,9.443473305077386,-1.0514400777241102,278,0.9727298117794202,1,0.9530878765268889
fov0,624,12178.232771822359,8718.018376722817,33.70473559373782,26.960363455138456,0.9864557066895593,653,0.6001354672445195,1,
fov0,625,12313.82872687704,10293.554733405876,215.44241985237767,130.1707403179467,0.7564023412446866,4595,0.7968311909025999,0,
fov0,626,12298.66859344894,23936.25240847784,57.39878176462197,13.552372127564238,-0.6958971456475641,519,0.9717265634373079,1,0.7659576150275245
fov0,627,12324.86976744186,23953.302325581397,93.30697819402594,15.226850810793183,-0.8079175029216051,645,0.9865945096334058,1,0.8121646965814807
fov0,628,12334.143442622952,23792.44262295082,25.677896233728795,14.42907428249429,0.3191156683720639,244,0.8271875918910881,1,
fov0,629,12346.479087452472,8755.167300380228,44.72445450006575,19.312476891763062,0.8585783094795921,526,0.9019644821467069,1,0.5272354103414064
fov0,630,12381.956140350878,8718.2343358396,70.26210459001734,32.1642315876594,0.5914235526148367,798,0.8890681036401811,1,0.41695488807811687
fov0,631,12409.251599147121,10624.621890547263,122.20946645762301,22.310008563608868,-0.31509348066889337,1407,0.9831955525070533,1,0.49334031033117937
fov0,632,12491.8688381815,23810.74203100505,332.726949839206,114.03327288264506,0.2057617713633125,5741,0.939436400556128,1,0.5318969327004586
fov0,633,12382.62925170068,6136.819727891157,32.8988575151684,12.366581233294216,-0.38235030741612364,294,0.9266614588577993,1,0.5706334469553113
fov0,634,12377.77868852459,24164.34631147541,62.71501341900188,11.207137688817003,1.381419986216462,488,0.9839037100496467,1,0.9396732383767037
fov0,635,12477.812420785805,11375.608998732572,281.2352745999444,27.518496215404234,0.5073735538578102,3156,0.995201305629409,1,0.4435048217275007
fov0,636,12407.458686440677,23025.53283898305,141.89233516679346,19.639427136462906,-0.9559725006361618,944,0.9903749084053017,1,0.43876214864922763
fov0,637,12414.920415224913,24158.64590542099,96.75696104663747,21.40932112258028,1.34518250621084,867,0.975212800507183,1,0.9239905284094567
fov0,638,12464.222772277228,11333.379537953795,83.22013798175335,12.809710670103483,0.5780804830056968,606,0.9880824388523645,1,0.46902743249156836
fov0,639,12509.46908315565,20513.848614072496,63.34418510367613,14.910752193947387,-0.824842910885393,469,0.9719003681412687,1,0.8025985865774115
fov0,640,12529.037433155081,24586.283422459892,27.057674852705937,11.007397255910465,0.7065936551576505,187,0.9135117311308353,1,0.36780238944499855
fov0,641,12568.886842105263,23917.373684210525,81.70847367847895,39.416025391522794,-0.8586725243963176,760,0.8759520080353592,1,0.6374379803604433
fov0,642,12570.196998123827,8319.941838649156,67.11097450589509,12.736513662395454,0.08487052083970321,533,0.9818260846448291,1,0.2825576929657518
fov0,643,12565.216560509554,24572.929936305733,21.635127464871587,9.426043886666058,-0.6319170030674738,157,0.9001004728884374,1,0.6914081593928664
fov0,644,12598.200231481482,24565.127314814814,94.96009183108434,20.081190357499707,0.9067937574851831,864,0.9773845350446141,1,0.4245902396700736
fov0,645,12571.76923076923,24999.96923076923,20.630928387682154,8.526287288581086,-1.474682644566948,130,0.9106053796439038,1,0.6506610232033304
fov0,646,12595.383480825958,24704.734513274336,50.59385885237879,11.094218289506449,0.2268861769825322,339,0.9756619846520105,1,0.5637568961380556
fov0,647,12652.804155209287,24855.22487014971,236.9172734844195,63.183335069677256,-0.7060807177221017,3273,0.9637825182152632,0,0.3512365182847698
fov0,648,12687.416495230971,11305.654759678324,210.71001921559534,118.06503701200043,0.36067877063490533,5347,0.8282762236587764,0,
fov0,649,12633.974704890388,25048.365935919057,80.9342112223624,13.378892651896809,-0.1626162185134629,593,0.9862423638094873,1,0.491893869247422
fov0,650,12643.650040225262,10572.119066773934,88.9325848057292,32.5009754423017,0.2432657100310622,1243,0.9308284890052851,1,0.36608107016150043
fov0,651,12656.075201432408,10462.992837958818,81.29545219772824,21.358772911546218,0.4533052396475694,1117,0.9648693309828577,1,0.4267889209618569
fov0,652,12640.64802631579,24996.279605263157,40.15477210647829,10.42482773524244,0.578689067350225,304,0.9657118874321903,1,0.6728864261746743
fov0,653,12639.95321637427,24811.63157894737,25.78803610685298,8.89698792791068,-1.3336290344465145,171,0.9386010389766769,1,0.5891169268846222
fov0,654,12664.423817863397,24640.210157618214,75.90541535857542,25.41754832168408,1.0269800392813593,571,0.9422685431349332,1,0.5568631538606814
fov0,655,12659.29918699187,11451.307317073171,40.39840500292508,24.553334140052762,0.6685335134405741,615,0.7941056138408694,1,
fov0,656,12658.52027027027,23948.00945945946,98.05115195923901,12.234480476974076,1.451985952050389,740,0.992184873257069,1,0.8664145913310553
fov0,657,12681.03947368421,24408.379385964912,58.06853894824027,13.306022983452117,-1.1220840719523468,456,0.9733926741082747,1,0.6460557562218493
fov0,658,12701.158808933002,24735.389578163773,85.2385160817134,15.233834609027529,-0.9010537998946644,806,0.9838999604551418,1,0.6384868497950607
fov0,659,12703.209486166008,24941.278656126484,48.95409035822111,15.833219447442634,-0.9795527038159968,506,0.9462521130698259,1,0.7020452818942942
fov0,660,12704.157598499061,11198.078799249532,34.41564796136937,23.6414114606622,1.047061882091654,533,0.7267161622724267,1,
fov0,661,12724.668885191348,24453.193011647254,51.67128927081122,15.851027447308333,-0.06688628835825852,601,0.9517847617505428,1,0.5199661434417009
fov0,662,12720.342105263158,24743.947368421053,16.578892093749484,9.8477319927889,0.09208661180930842,114,0.8044708254582218,1,
fov0,663,12728.968609865471,25054.5,50.24876666554206,12.184528037717433,0.8032596551921243,446,0.9701553745949439,1,0.515424235973313
fov0,665,12747.969418960245,24717.048929663608,31.114186504581873,15.03108911123493,0.25910261532975204,327,0.8755682756568911,1,0.5617175640265131
fov0,666,12766.875807609476,24927.562814070352,82.30307453865453,30.770091556265662,0.5052223610551572,1393,0.9274838548288762,1,0.7019664460643577
fov0,667,12775.16923076923,24390.31282051282,60.59968430717778,24.80845538221974,-0.005195917757913147,780,0.9123628113306349,1,0.5322602381696251
fov0,668,12856.221931789893,10761.511824744834,261.7256879588211,191.24498670329038,-0.06345510770914722,8034,0.682690408961924,0,
fov0,669,12759.310051107326,8227.536626916524,37.96407664492662,19.831590217538587,-0.9068347679247449,587,0.8527141672971081,1,
fov0,670,12793.10449927431,20454.512336719883,160.0192795336494,30.47945205580122,0.9176548837847447,1378,0.9816923136218434,1,0.7460654156379053
fov0,671,12804.966580976863,24562.341902313623,39.85918836106284,22.260425526848596,-0.29169129355425283,389,0.8295202494914302,1,
fov0,672,12853.34866962306,11353.157427937917,120.06716430119029,30.800265305733802,-0.3252798893978145,1804,0.9665375164043375,1,0.36219514580286666
fov0,673,12873.534692107545,24755.832176929747,187.84632424020486,55.156968565614186,-0.49986589098268047,2306,0.9559197193576923,1,0.404881006426005
fov0,674,12838.951185495118,21178.38028823803,120.44929358432609,43.57703838460311,-1.3308916613310804,2151,0.932260622051585,1,1.1979555991152553
fov0,675,12831.82867132867,25105.323426573428,37.713885273108716,20.33277215031457,-0.8195534006738039,572,0.8422211156620564,1,
fov0,676,12839.29574468085,24350.514893617023,119.31128047585511,22.76453105321653,-1.570394103173265,940,0.9816290317304666,1,0.8309566283027422
fov0,677,12846.46875,24866.883928571428,92.31020392752252,39.30097318395746,-1.5254110110208328,1120,0.9048413254872301,1,0.8303537256041115
fov0,678,12848.361328125,25008.47265625,48.35620480111692,27.065574372607646,1.1605782970955345,512,0.8286868340301398,1,
fov0,679,12841.170542635658,25062.81395348837,16.516149253365963,11.094902844355062,1.4561995430085877,129,0.7407680671010081,1,
fov0,680,12871.35525606469,21022.82371967655,140.54699279515398,21.066302795945823,-1.3479089357668066,1855,0.9887029876673247,1,1.1671563088899755
fov0,681,12872.504975124379,24442.38184079602,47.72850474255063,35.972002431382556,1.1794475414353252,804,0.6572419609391493,1,
fov0,682,12889.943793911007,7302.412177985949,63.52404379156089,12.535930190408894,0.1358199845737619,427,0.980334805941726,1,0.1300455296878209
fov0,683,12871.221238938053,21104.929203539825,14.357761799713016,10.215388737456712,-0.5019712425164995,113,0.7026972939248753,1,
fov0,684,12885.126530612244,8759.497959183673,31.37019440817678,11.984921764046724,-1.0131816876157393,245,0.9241424584653787,1,0.6840151465239593
fov0,685,12904.022598870057,8716.774011299434,56.75981962422283,8.477644245558354,-0.5636648196435992,354,0.9887828897700627,1,0.4987276416361968
fov0,686,12899.064285714287,8324.739285714286,25.32701758103961,16.806969425391273,0.060106472866585076,280,0.7480889698600921,1,
fov0,687,12901.458441558441,21087.694805194806,78.54033410258042,14.303094174500828,1.5508803291492226,770,0.9832778953877578,1,1.0950321515334258
fov0,688,12928.630674846625,22867.43190184049,94.86598022361152,39.81232325803092,0.5608464257540432,815,0.9076771576207417,1,0.6806678460806478
fov0,689,12923.85754985755,25000.358974358973,52.18499168131347,12.111236494568269,0.5276736861603161,351,0.9726960450812635,1,0.855985797423873
fov0,690,12928.40909090909,6857.789256198347,41.27452107916137,9.412537621192978,0.14156112665129872,242,0.9736500857106651,1,0.12977792212988423
fov0,691,12942.16975308642,24960.296296296296,41.9099251921168,10.688108278781108,0.8920225362637587,324,0.9669342733904115,1,1.0129246598164647
fov0,692,12952.012755102041,24864.781887755104,111.3651694955061,13.973537230389338,-1.4131732569702717,784,0.992096790175894,1,0.6206022356833684
fov0,693,12982.39802631579,11448.916118421053,57.05672750757812,14.804456853685211,0.36977534918897054,608,0.9657514142696975,1,0.3264890975930244
fov0,694,12986.160349854228,20365.239067055394,46.49992164705142,14.260384230345897,0.33820236543055104,343,0.9518141470651267,1,0.6310990479603725
fov0,695,13016.568034557235,24943.450683945284,196.33294730842437,27.034405873590384,-1.371956080723664,1389,0.990474436364401,1,0.739908765518519
fov0,696,13000.125760649087,22870.78093306288,30.258363914919133,21.662793954894262,0.9510940649840882,493,0.6981746602641501,1,
fov0,697,13081.994769874476,15741.560669456067,99.22949009499754,64.0763895153781,-0.24857250865959488,1912,0.7635578902528056,0,
fov0,698,13095.753839767538,15497.595682855957,102.44101241004464,64.598802234286,-0.8358738108412345,2409,0.7761119752144918,0,
fov0,699,13075.519108280254,6846.802547770701,48.986344747651714,9.182584226931723,-0.17107946474652125,314,0.9822737799792625,1,0.22497292827048737
fov0,700,13086.839590443686,22739.129692832765,62.894505428225145,30.168067704535094,-0.25784851054239233,586,0.8774536588185898,1,0.39060475093791613
fov0,701,13099.014140271493,22546.10633484163,106.44981601196956,32.02585320045046,-0.950311955551309,1768,0.9536702098987608,1,0.5911443490977502
fov0,702,13189.251262881391,19344.54576682158,678.0693361712486,185.67554975941596,-1.3736638740240437,19796,0.9617781832141131,0,0.6993561334230348
fov0,703,13106.824843610366,21973.317247542447,77.78765836474349,52.59830996395058,-1.520446136516086,1119,0.736738213836691,1,
fov0,704,13115.98086124402,22594.63157894737,26.16156594401293,12.479174242019598,-0.2375419930096356,209,0.8789010682078394,1,0.48529997550864123
fov0,705,13118.66935483871,21903.543010752688,36.088376661429784,18.9991718543772,-1.167202093931844,372,0.8501984392887407,1,
fov0,706,13119.764331210192,22105.33121019108,27.516861270023952,8.058711903882235,-1.0325484528506115,157,0.9561539535028817,1,0.7476312488514203
fov0,707,13129.166666666666,22051.343971631206,31.50519612519955,21.169528542844606,0.058686091208729634,282,0.7406076881690667,1,
fov0,708,13142.219325153374,21860.746932515336,64.12592443903308,22.159163415142842,1.4908877141134613,652,0.9383977542964659,1,1.1052005956412452
fov0,709,13171.633526383526,15994.092020592021,160.2399942207226,92.90877993015204,-1.428323919177199,3108,0.8147515909125662,0,
fov0,710,13188.820689655173,21999.08275862069,69.41938944281888,25.54989739245962,-0.6153123575524445,1015,0.9298054804200617,1,0.7202199948068739
fov0,711,13177.238188976378,22569.023622047243,83.24891478936577,40.56501463326949,-1.3940587759594032,1016,0.8732492477946482,1,0.762075675047462
fov0,712,13176.939130434783,6874.547826086957,34.40754698380024,9.574810987879054,0.12832239152715325,230,0.960501016057135,1,0.13051306884507227
fov0,713,13188.451303155007,7672.2935528120715,77.54473679791816,21.31887601288085,0.5557163885374473,729,0.9614660834798896,1,0.46870307876027745
fov0,714,13172.171428571428,21842.77142857143,17.089635721637613,8.361484253943114,-1.4418611373599308,105,0.8721311143877879,1,1.0199236425061158
fov0,715,13219.884124087592,15550.901459854014,84.07053270333819,60.1064275435486,0.23344981332826722,1096,0.6991731492564668,1,
fov0,716,13209.563909774437,11387.911654135338,43.64314744161842,34.76563475540827,0.8313055221695739,532,0.6045217651639522,1,
fov0,717,13230.09068627451,15908.019607843138,48.982023918181824,14.682124296671182,-0.4752699179760136,408,0.9540193094093646,1,0.25585407845484465
fov0,718,13235.038302277433,15966.59420289855,65.28609921213956,22.34962996172637,-1.0589298531694549,966,0.9395784470659365,1,0.3053934247149892
fov0,719,13288.761904761905,22155.796598639456,134.98612740845377,42.569841319425734,0.4620708386359963,1470,0.9489705955881009,1,0.6692416986214607
fov0,720,13232.80193236715,22427.425120772947,30.733995304798245,9.911627591645368,1.1489184702775646,207,0.9465704160877982,1,0.9106156550980639
fov0,721,13241.895104895106,15331.926573426574,27.289658788405177,16.349920623802873,0.08190171910876645,286,0.8006553986739973,1,
fov0,722,13275.100892857143,7724.819642857143,90.88869166808948,22.85243589538673,0.040114134766704376,1120,0.9678746503111424,1,0.3469335465034264
fov0,723,13268.655172413793,21357.992503748126,76.47457682940943,30.590434504015725,1.5261149645555456,667,0.9165116932589941,1,0.19889809741774742
fov0,724,13285.887056471764,19945.69215392304,134.79722960140978,45.87714160454516,-1.0186930902219922,2001,0.9403017650991425,1,0.6975558820678671
fov0,725,13292.991150442478,15894.174778761062,65.03870012844168,13.052295831579434,-0.07058564449404336,452,0.9796558090785968,1,0.4137307651614501
fov0,726,13301.336021505376,21908.454301075268,52.32439869697895,15.428472043801445,1.1185047805008863,372,0.9555398762524339,1,1.0895045649017179
fov0,727,13300.40322580645,11379.09677419355,15.550422475976411,11.248548096700665,1.5336467789290202,124,0.6904714495192982,1,
fov0,728,13321.108280254777,16158.847133757961,14.891226870745523,13.459377668093763,-0.2998334022352213,157,0.42785767100173555,1,
fov0,729,13338.75705794948,22069.294205052007,73.38339302866528,53.45586096834039,1.3571831117657245,1346,0.6851029056199067,1,
fov0,730,13356.631637168142,17663.707411504423,144.57153330278788,47.78769417523219,0.904290152227067,1808,0.9437895137351011,1,0.43800665256074306
fov0,731,13375.250941619586,11131.907721280602,141.78051862919142,55.14701691840099,1.402988395846804,2124,0.9212544459152657,1,0.502993792708323
fov0,732,13412.098124098124,11339.373737373737,135.59826693703485,26.59876923911182,0.0010507322256649713,1386,0.9805721772858224,1,0.4004486195278654
fov0,733,13384.330073349633,21981.220048899755,50.00648668624311,15.716066287115174,-0.5450693888898186,409,0.949330150176415,1,0.570852001686315
fov0,734,13399.947368421053,22038.052631578947,45.92275538687157,22.68530870520979,-1.4628221326296902,494,0.8694684901298926,1,0.9991712638445982
fov0,735,13415.83864118896,17671.036093418257,64.28770539798144,11.471167631967887,0.6351033174366416,471,0.9839517270594761,1,0.36334631463655054
fov0,736,13402.570469798658,22102.610738255033,23.36448254139492,9.153415966624927,0.7195526633122562,149,0.920064778535953,1,0.6416525718177997
fov0,737,13425.944572748267,7753.256351039261,42.05006576741504,18.782415185547254,-1.1909668696478914,433,0.8946998234368317,1,0.8015181185747323
fov0,738,13515.856435643564,17030.679819452533,252.13582668696833,150.08955146470777,0.6012452750886936,6868,0.8035238145491101,0,
fov0,739,13438.116587677725,19471.231279620853,69.50932858404292,30.805702183349563,1.2849187874617538,1055,0.8964286769454567,1,1.0670561760421673
fov0,740,13480.822842310188,19372.31051265412,150.50550612108364,42.87291354346693,-0.9012848053407122,3082,0.9585692994731286,0,0.5853686552399415
fov0,741,13463.444444444445,20922.36231884058,45.82957687016228,18.24928310904487,-0.023071472996605346,414,0.9172991362373727,1,0.6947428595098356
fov0,742,13507.463052033232,21255.846523830347,181.00831809982262,34.00042735531109,1.2174755857742754,2287,0.9821998258250758,1,0.47848260061116243
fov0,743,13512.84321411073,21488.53944145027,134.63481466365212,62.86792713216034,1.0275975525002699,2041,0.8842829339310156,1,0.4119617952510005
fov0,744,13499.25327510917,17041.32751091703,36.15776150199119,10.392531001865969,1.0971544111227485,229,0.9578040902957896,1,0.5354442404383958
fov0,745,13550.865418373318,21126.458162668227,185.832427708283,20.466968600209274,1.2273994407596658,1709,0.9939164498972061,1,0.8334464887585534
fov0,747,13576.205298013245,19219.11331861663,83.21160937892154,38.18061210615226,-0.7346208301947552,1359,0.8885201687521337,1,0.5368563325318595
fov0,748,13594.167585446527,21405.14553472988,100.39781540379789,73.46543869685732,0.662847525487416,1814,0.6815802212533607,1,
fov0,749,13670.137414116178,10682.409639808453,387.8893235934565,192.5019787294717,0.795433357814397,9606,0.8681621294112253,-1,0.5810889849153205
fov0,750,13610.139194139194,17452.05128205128,92.79291760432956,52.11590371188475,-0.49950802015316975,1911,0.8273839915325033,0,
fov0,751,13617.247902364606,21249.56369183829,71.16315262683489,49.868225277727866,0.3543761052299229,1311,0.713398004980414,0,
fov0,752,13624.695895522387,19829.417910447763,58.84927368934339,18.533856932637185,-0.22890218638429832,536,0.9491123344412911,1,0.5771219976991392
fov0,753,13648.168828106578,19674.945767507663,149.2858161589236,115.6428851495377,1.4167077123920016,4241,0.6324014703077829,1,
fov0,754,13696.6848200313,10350.58904538341,224.83594963829853,110.37131086572788,-0.31979148920653205,6390,0.8712175722040112,0,0.456940279363779
fov0,755,13729.31642050391,15318.713640312772,258.5132464409145,104.32292950071968,0.23199609734968699,5755,0.9149577487093598,0,0.5251159541720412
fov0,756,13654.518796992481,17086.32857142857,77.48145775716854,50.781891241766466,1.1999716302308827,1330,0.7552758699264163,0,
fov0,757,13656.773665480427,10869.316725978648,67.55357905526425,48.40457781308409,0.4644027595412238,1405,0.6975500146956093,1,
fov0,758,13717.36637768564,18554.18620429702,362.0464638874174,96.58621472144372,-0.8816084847553793,7959,0.9637578683266339,-1,0.6211262639634563
fov0,759,13661.822222222223,21470.21111111111,101.64684258794276,46.65091064573903,1.0789478704073168,1170,0.8884616280659653,1,0.42875536411851733
fov0,760,13727.985229234606,17746.73489353539,245.94917603975804,58.21580105229927,-0.5479218982579657,5213,0.9715831513995111,1,0.5327314067503716
fov0,761,13650.712871287129,11075.154455445545,30.52709031709472,22.27896771165329,0.3758085763758051,505,0.683650312576361,1,
fov0,762,13701.528485757122,18188.764367816093,166.74481535693536,107.51448813148521,-0.6491186750429125,4002,0.7643643286264394,0,
fov0,763,13673.41512125535,18889.711840228247,82.26514298440947,53.15700487321513,-0.9125296735138184,1402,0.7631962106196776,0,
fov0,764,13678.96844003607,21369.50946798918,80.40674272544285,31.446246147678778,-0.08964660564423825,1109,0.9203525809358034,1,0.5480782748971853
fov0,765,13670.841772151898,15503.291139240506,42.15239687944211,28.60098138043504,-0.966987412427109,790,0.73458769040256,0,
fov0,766,13719.619311193112,16350.824723247233,179.37847011398628,29.788564132666814,-0.6613869150395472,1626,0.9861147349269059,1,0.3189494951363028
fov0,767,13709.085310449269,7363.832912670368,108.02435581609272,92.05462651495945,-0.4673485466891105,1981,0.5232723982350385,1,
fov0,768,13811.913754368446,7668.571018472291,435.65208942685535,128.110270824637,0.4078646450585476,8012,0.9557852546079485,1,0.4141973582466216
fov0,769,13703.211175020542,11044.36976170912,60.50404770691558,52.99351940110684,0.8836489701426204,1217,0.48255196662874994,0,
fov0,770,13707.88782051282,21413.403846153848,45.96444304340962,11.126207520505979,-0.16759084284401515,312,0.9702609870736211,1,0.5562316789772315
fov0,771,13773.166329590627,20402.651230908712,489.46264049690933,129.92891114241252,-1.3242715775329668,14339,0.964124035126302,-1,0.8828759671183533
fov0,772,13744.613636363636,18804.321022727272,54.61863981576524,42.704696555356435,0.4703292164019672,1056,0.6234410253576115,1,
fov0,773,13735.109589041096,10893.082191780823,16.094040285119704,11.907036313192933,0.16041367158935818,146,0.6727813859073748,1,
fov0,774,13745.303675048355,15572.72340425532,28.72605896978816,23.67473477064087,-1.304482890209768,517,0.5663638254744771,1,
fov0,775,13737.157024793389,18559.909090909092,20.516627720258178,7.788257153618841,1.4443975372194122,121,0.9251478067434847,1,1.130498495311792
fov0,776,13772.186338797814,18369.560109289618,97.56439187748666,80.82289284363769,-0.24266493996298466,1830,0.5601286367316834,0,
fov0,777,13865.907872219053,17608.549058756416,232.43878802219498,58.6445015014435,-0.018216882457042786,3506,0.9676488443953276,0,0.46833338151567006
fov0,778,13801.209899749374,21245.01127819549,130.99711140515504,28.026164239259685,-1.568265509942942,1596,0.9768457291995437,1,0.944917503742079
fov0,779,14020.308597285068,16179.166742081448,494.80339648307427,112.23685138359312,-0.20844682184474814,8840,0.9739340859508779,-1,0.4047047119350513
fov0,780,13827.040453074434,10905.815533980582,61.83940321050074,16.220680140215958,0.599270440748353,618,0.964985478466188,1,0.46520439080737785
fov0,781,13849.219107777339,15627.930122384525,129.6938165196532,85.7725793349893,-0.7936074707152411,2533,0.7500803452661852,1,
fov0,782,13838.249391727493,18242.27311435523,78.77039612900236,72.29524881137974,0.9762472148260605,1644,0.39704949855491184,0,
fov0,783,13849.337531486146,21167.70109151973,203.26940196548748,49.03759530578037,-1.5172010291089286,2382,0.9704644054671591,1,0.9235356310678625
fov0,784,13903.820630749015,10577.550372317126,204.54518022653664,167.4850399977727,-1.548249388785243,4566,0.5740548470495469,1,
fov0,785,13857.200431034482,7358.505387931034,87.18372547177674,50.16156270490989,0.96300676969077,928,0.8179040380749025,1,
fov0,786,13943.542867770133,16551.730146922077,378.5961979371395,207.60957565792935,-1.2444354192601548,10754,0.8362379334423231,0,
fov0,787,13889.994490358127,21123.18181818182,43.229003907829785,18.04163710206691,0.471411531022957,363,0.9087456957772388,1,0.7514242387120481
fov0,788,13892.897435897436,21153.92948717949,25.331364867729754,8.21644619808229,1.2489497010863537,156,0.9459341915139318,1,1.060209209475689
fov0,789,13924.337954939341,15604.49220103986,66.24849459384576,14.9480351949028,-1.188230739930527,577,0.974211714421597,1,0.5143044832378504
fov0,790,14053.974077578052,14345.446736045411,393.3301938637809,340.66139283745173,-0.7098187851064034,10570,0.49987909028349375,1,
fov0,791,14063.61892450879,18954.255256807995,368.661461785132,77.94534696124528,-0.2969950394101516,5802,0.9773935802216565,1,0.40421103544668613
fov0,792,13979.535727646838,18111.411522633745,200.00809235273795,73.02153409204647,-1.4149790610239545,2673,0.9309710928459802,1,0.8352863060498206
fov0,793,14022.094559585492,11069.314766839378,146.71218418349687,93.5523652251642,0.661693868852957,3088,0.7703186489390621,1,
fov0,794,14022.505270555164,17691.96697118763,83.01639563334608,53.45429874713959,-0.8747451029879026,1423,0.7651092370987548,1,
fov0,795,14043.087299630086,19976.72108508015,281.21181538373474,24.508350139564214,1.171667270920932,4055,0.9961949701550931,1,0.8478436427305656
fov0,796,14033.210892710893,14319.527436527436,189.04291279580772,59.00065437538525,-1.0866889476905857,2442,0.9500486287808771,1,0.9140621508800753
fov0,797,14060.21368948247,19206.67668336116,223.84479447213045,88.16593075201587,-1.0456552152885634,5391,0.9191658088663268,-2,0.5958837544631127
fov0,798,14047.545454545454,10446.946853146854,46.68599437892625,30.619589448769844,-0.6001412222080675,715,0.7548804412252468,1,
fov0,799,14067.830524057616,14950.65920931658,172.29372244301302,91.3083778183407,1.5565503277146269,3263,0.8480241031911396,1,
fov0,800,14059.020852221214,10986.17679057117,102.10422375710017,26.402236957232024,-1.1398851029457202,1103,0.9659895141587508,1,0.8693755485128358
fov0,801,14069.934097421203,7764.723018147087,69.70928165986132,21.096654193044447,0.5855960068592618,1047,0.9531056835668438,1,0.396585227995618
fov0,802,14134.377934686672,17147.502383053838,202.55181354246335,126.07233272454597,-0.297320467867478,5665,0.782683295568012,0,
fov0,803,14091.227362204725,18896.571850393702,117.65136325479133,25.497934529389116,-0.5125498089425284,1016,0.976232802669172,1,0.4439204436390083
fov0,804,14085.755747126437,10526.175287356322,41.10070102671463,16.087369409429453,0.18308816085841761,348,0.9202149036045018,1,0.2725866339282347
fov0,805,14090.395480225989,20001.994350282486,25.45440910019933,9.467727790476546,0.5057155870970104,177,0.9282533904986691,1,0.5802512311578426
fov0,806,14103.409021406727,20270.853975535167,82.39815192285123,50.6669041475992,1.3662694339970873,1308,0.7886024366236715,0,
fov0,808,14169.544549173039,18720.185310332563,191.54189253348747,131.52584624346252,-0.11585727267654786,5623,0.7269703742694981,0,
fov0,809,14249.202801283922,19156.04975196965,312.5511327409329,131.95214432224662,1.0901696584939728,6854,0.9065130553206631,-1,0.7604126470380258
fov0,810,14266.887949640288,18595.842446043167,238.59252429965363,91.0792165111756,-0.008892345732666458,5560,0.9242716441572808,0,0.4479368639630474
fov0,811,14189.114790286976,19545.13796909492,63.97905910054883,20.55373423100418,-0.5214435627673418,906,0.9469919761829457,1,0.5339461797390093
fov0,812,14201.16535433071,15450.447244094488,111.86460942969983,66.64382047001817,-1.4054745126924295,2540,0.8031667518263246,0,
fov0,813,14199.626160337553,19639.857383966246,63.133370393477186,39.33906464953578,0.45590405312719007,1185,0.7821338320904336,1,
fov0,814,14199.015384615384,10680.373076923077,34.522757941406624,11.655732803902511,0.6799192037072106,260,0.9412808403542616,1,0.5094637848089109
fov0,815,14243.755958055292,10827.51477597712,76.39691375263655,22.206509229353937,-0.027623398320859506,1049,0.9568224965358336,1,0.4190502526486874
fov0,816,14263.281818181818,10768.344155844155,84.90480851020624,20.442313362313246,0.9860372122818435,770,0.9705828352003016,1,0.6267719351080506
fov0,817,14253.257352941177,15448.498161764706,76.16328658965264,11.110669394408598,-1.1108080763679005,544,0.9893023520592981,1,0.6431129620002388
fov0,818,14277.36942379182,19591.804832713755,103.2642848826462,78.6427101071278,1.1268768178553181,2152,0.6480857483412543,0,
fov0,819,14297.477611940298,16481.253731343284,43.299985242118304,12.84680306904931,0.2953885184895463,335,0.9549729086453297,1,0.5167299378075842
fov0,820,14403.241431261771,14345.560640301319,268.6547149143916,105.53781536131916,0.5828484719098486,5310,0.9196076364228744,0,0.619788547779571
fov0,821,14398.535688005886,14191.160412067697,203.60818295068114,76.3740636550326,0.7297653767418664,2718,0.9269830921604815,1,0.6613431313155949
fov0,822,14333.392156862745,16370.397923875433,59.73489181484764,37.30913051664411,1.4433456590562552,867,0.7809620146242054,1,
fov0,823,14452.199408866994,19438.123743842363,207.42659748015473,91.35071224116386,0.6463737385865623,5075,0.8978015792039052,0,0.5465961827829944
fov0,824,14403.66169154229,11492.961442786069,81.90274367337963,24.136345257144647,-1.0610604854690564,804,0.9555913040217445,1,0.672840140212895
fov0,825,14411.456937799043,14741.05023923445,82.53946704722081,54.52771395700884,-0.7654227048646908,1672,0.750715227075173,1,
fov0,826,14492.929502171733,8180.401937854995,182.2913208114099,89.87270845585306,0.6948979193735592,2993,0.8700197128588406,1,0.2534361047456328
fov0,827,14427.67175572519,11614.898218829516,70.83331906717838,24.791611970471788,-1.2492194129052496,786,0.9367499619335975,1,0.762014178475307
fov0,828,14456.879115355618,18727.146519225935,154.8220467494826,129.18800821067853,-1.4953490095855806,3979,0.5511154292214379,0,
fov0,829,14508.533481043822,18593.320039389462,160.55430169901737,107.86726022422916,0.583555334828381,4062,0.7406937153491727,0,
fov0,830,14485.211151736747,12080.867458866545,122.1375712005765,61.084057205540184,-1.4878112362708333,2188,0.8659532021238497,0,
fov0,831,14458.283018867925,17494.556603773584,16.414797853764885,8.778986806872648,-0.806059827720162,106,0.844965066357285,1,
fov0,832,14524.533360128617,11498.709807073956,197.29113685527244,53.27197400398843,1.197683943304499,2488,0.9628555363307961,1,0.9063720900563231
fov0,833,14483.327127659575,17451.619680851065,41.716543272896345,15.416257055387272,-1.3218397147217025,376,0.9292117190474446,1,0.630141782830047
fov0,834,14495.669565217391,11521.313043478262,61.806493419958095,23.09085024046276,-1.427593833667031,1035,0.9275902723673839,1,0.7981894633195228
fov0,835,14522.272290809327,14778.76268861454,91.17963830902883,50.77921966421491,0.5663868419536271,1458,0.8305701446287801,1,
fov0,836,14540.969428571429,11690.248571428572,116.51085787262481,88.45395499463655,1.0561784905480147,3500,0.6508682992377957,-1,
fov0,837,14516.655963302752,11807.585626911316,41.0109369769814,26.558231552951092,1.3625091514207446,654,0.7619898231924099,1,
fov0,838,14538.06993736952,19277.56471816284,114.41774819434492,78.64584215084737,-1.0964967894454334,2874,0.7263197164186471,0,
fov0,839,14547.828282828283,7485.965367965368,105.50495018039095,10.16747598758496,0.5996490551715592,693,0.9953456128289714,1,0.4373032948095929
fov0,840,14526.166361974407,14600.025594149909,63.2097102611576,12.762443264881881,1.2675332369249304,547,0.9794048279460633,1,0.8644672129388766
fov0,841,14531.25,7793.4390243902435,21.422335909302923,11.750438982311822,0.277691296212399,164,0.8361417435841908,1,
fov0,842,14532.0,7536.742647058823,21.39349070138654,9.033925403989308,-0.7446837213035649,136,0.906468010445273,1,0.48894603701951944
fov0,843,14541.548245614034,7397.671052631579,33.026833273666895,10.022085406058162,0.4215786551486132,228,0.9528464678524653,1,0.3642406773414164
fov0,844,14539.354166666666,14555.4375,18.04244402427388,10.406231694296844,-0.8321375485740903,144,0.8169108394987232,1,
fov0,845,14548.926666666666,8254.48,25.396616918328967,7.871429645191678,0.5129907178523931,150,0.9507560900477374,1,0.17814949300716237
fov0,846,14587.981252662974,18072.324243715382,120.7146508333926,73.26490220400908,-0.686786435556665,2347,0.7947580813467972,1,
fov0,847,14561.197674418605,7557.988372093023,31.025232352569653,12.3074878830682,-0.26000875231254733,258,0.9179514048990051,1,0.3026845732206795
fov0,848,14575.024714828898,11806.53041825095,85.90347258215571,27.670906869894644,1.264314085206809,1578,0.9467001126750841,1,1.1348395032438474
fov0,849,14567.387387387387,19508.90990990991,17.654858755921985,8.464565717536273,0.04924381645292948,111,0.8775709407532022,1,0.43044880118356804
fov0,850,14629.439927184467,7453.626213592233,136.51512511414805,61.70905141363161,-0.094465862679356,1648,0.8920022916606574,1,0.2736655321219502
fov0,851,14596.462530712532,12264.149877149877,81.37349149801702,46.08546206341017,-0.9865302500269703,1628,0.8241683396250452,0,
fov0,852,14570.391986062717,14623.891986062717,38.27572847216106,20.03210326089279,1.4852341205670345,574,0.8521097835686544,1,
fov0,853,14601.456204379561,11457.558394160584,99.2766383356924,36.538145773808715,0.34312781980790985,1370,0.9298084758132894,1,0.6062247969913515
fov0,854,14582.733719247468,14735.400868306802,54.40376880659791,27.380745487870264,1.369085213620057,691,0.8641189336407555,1,
fov0,855,14575.897872340425,11889.165957446809,40.296682655865396,8.268604235568137,-1.291242920818934,235,0.9787214931443814,1,0.8456060394930613
fov0,856,14594.988826815643,8277.128491620111,22.409208201428743,12.055611353808063,0.6195606707918919,179,0.842960293070757,1,
fov0,857,14741.19730726078,12188.257733611155,358.2568409146462,92.9562551752403,0.3203035288070302,6239,0.9657516537770893,1,0.4696565425069006
fov0,858,14627.842007434945,11505.39219330855,70.6346728823062,19.71096030496499,0.5496948375724595,538,0.9602751136152448,1,0.65986565934354
fov0,859,14631.15127840909,17027.84588068182,104.44078482559857,21.475438065159473,-1.4659556630124553,1408,0.9786312585762373,1,0.7117767617053264
fov0,860,14659.87982832618,16908.201716738196,28.92475173213504,13.291233982086018,0.318939568159653,233,0.8881722145537393,1,0.45309502243993804
fov0,861,15002.661456224185,8277.480116627521,718.6950051083963,205.5628916414518,0.02842078265859809,12347,0.9582229227351561,0,0.3058280226865126
fov0,862,14747.308764940239,12257.25,63.69278736187858,21.12008634297437,0.13958782888775123,1004,0.9434225149470141,1,0.42603427575691033
fov0,863,14742.090803259603,7416.532013969732,56.87249951549448,29.39754489139537,0.16385976581721481,859,0.8560441958998558,1,
fov0,864,14732.161764705883,15935.139705882353,22.67224187241854,7.981796029448147,0.887725225539383,136,0.935980642973734,1,0.7919456328716468
fov0,865,14927.358163707233,17159.36011260286,382.8834463949179,89.40443224599528,0.07132219726324356,4618,0.9723560820905517,1,0.5225234023643384
fov0,866,14820.056742556917,16793.587390542907,110.50262922962042,81.80803073749365,-0.5703704007440316,2855,0.6722474194921503,-1,
fov0,867,14839.928678678678,8198.028528528528,151.27744476036324,15.209489976277872,0.1893052918003064,1332,0.9949329798479748,1,0.2674330540387229
fov0,868,14858.75406283857,7976.165763813651,136.2883719452329,9.62226472779178,0.20509070070672977,923,0.9975045480150353,1,0.26501389607408177
fov0,869,14851.902173913044,7366.525362318841,37.692212654905255,10.757016513616986,1.3252403876136365,276,0.958411187117556,1,0.6057881220564276
fov0,870,14881.4824120603,11857.447236180904,41.182413314018284,15.731399425143781,0.22897865476390625,398,0.9241651584296404,1,0.4609313970624979
fov0,871,14907.462844036698,11937.465596330276,90.15451413573497,68.77778060215876,-1.4271107833291217,2180,0.6465308783302153,0,
fov0,872,14894.932356257046,12258.694475760993,40.46121514554371,30.310192660222917,-1.0880890562888035,887,0.662437471437399,1,
fov0,873,14963.865478119935,17084.482982171798,90.37020257089368,46.99525658460148,0.6080960374014714,1851,0.8541477255804043,0,
fov0,874,14953.84452621895,12206.384544618215,47.297213020647945,30.80711443195146,1.4237367380833443,1087,0.7587760665665196,1,
fov0,875,14964.45803357314,8194.247002398082,38.1306071858785,18.328920761462584,-0.011538560813022288,417,0.8768917614280802,1,0.3185993517322279
fov0,876,14993.356132075472,7963.103773584906,63.3739705538677,11.046666378667522,1.2275036142469284,424,0.9846909674140415,1,0.5643696190824281
fov0,877,15051.060010911075,17449.906710310966,108.0394922567923,86.02627198383304,-1.5344744685057827,1833,0.6049698324792019,0,
fov0,878,15064.58396226415,16429.14150943396,65.09578644048408,51.05860227313098,-0.42458203926882093,1060,0.620304501093908,1,
fov0,879,15109.485385296723,17149.998228520813,68.7368719784786,24.494260805247144,0.12658159669390065,1129,0.9343532299197335,1,0.5512147889216388
fov0,880,15214.014873837981,12567.287782204516,246.36797733713036,129.90775561951799,-1.0489257712852804,7530,0.8496844170318065,-2,
fov0,881,15176.918711203074,16531.86254803429,310.77672976700745,89.27003720866867,-1.23082495700862,6766,0.9578562035893271,-1,0.8179575501568587
fov0,882,15179.953071672355,16348.368600682594,79.99261180354786,48.024136296722695,-0.48450115967250296,1172,0.7997320142685709,1,
fov0,883,15198.778576563624,12353.294392523365,138.6478632501347,45.07786264815236,-0.763826664941693,2782,0.9456711090133414,1,0.593915680459535
fov0,884,15279.504492939666,12262.775353016688,100.05283339426435,45.699429910523534,-0.42682650242588616,1558,0.8895935669426884,0,0.5094894228593475
fov0,885,15327.943746860874,12128.582621798092,95.52960190596357,35.685221816924944,-0.6982518982420768,1991,0.927609459976342,1,0.16308315134850276
fov0,886,15391.59358340603,17699.70146360376,325.81133363231385,168.9556993041147,-0.8602791107001893,10317,0.8550357063139831,0,
fov0,887,15340.772511848341,18176.92654028436,41.35024489021067,14.669543248895156,-0.9520395203861591,422,0.9349562050550438,1,0.6993762780437371
fov0,888,15367.576759565423,18255.269248937177,118.98357768663676,57.65796572230289,1.377725037136232,2117,0.8747427410638221,1,1.0170133697091086
fov0,889,15373.569620253165,5344.105485232068,33.87688818350464,10.402836374800787,-0.45136102531324146,237,0.9516844518025769,1,0.582960321290493
fov0,890,15493.306075533661,12357.236343732895,243.3485125705666,180.86910256130307,-0.2488398314255947,9135,0.669012316140092,-1,
fov0,891,15408.900778210116,12784.212062256809,41.65068452909285,31.723529799412468,0.5674467963039315,514,0.6479805708114011,1,
fov0,892,15410.795226130653,17511.468592964826,75.19757216352501,18.400219811780598,-1.3850975301216897,796,0.9696009409472558,1,0.874180329748663
fov0,893,15446.297124600638,12025.071884984025,70.45816510446102,16.695879773836946,-0.16783336865684748,626,0.9715190160399009,1,0.46262607210434437
fov0,894,15447.835185185186,12974.024074074074,61.25561972976359,16.969296026260242,-0.038155911124134884,540,0.9608629088092592,1,0.48826668221195063
fov0,895,15426.87610619469,12451.053097345133,13.32886299125051,12.001375262717183,-1.3978530460412126,113,0.4350526226662133,1,
fov0,896,15454.0,7370.181663837012,57.39850585497397,17.368882079296036,0.1763761690412285,589,0.9531171211811971,1,0.686743631327877
fov0,897,15441.973969631237,7418.765726681128,54.057100491296644,19.68194805550278,-1.283595067256465,461,0.9313616124209849,1,0.6048262302011633
fov0,898,15440.722090261283,12411.332541567695,52.30280349582176,12.67596432444529,1.5646132299878266,421,0.9701870731294725,1,1.03047818348774
fov0,899,15599.0300764237,7570.480318842961,436.86255138364777,167.76069945855056,0.6265696386086489,12169,0.9233278759665766,1,0.7962880708949774
fov0,900,15456.742424242424,12266.575757575758,30.65654745138217,9.367498032538895,-0.44091512276858,198,0.9521719508560318,1,0.5100942513014645
fov0,902,15484.034934497817,7676.541484716157,34.87581881270684,11.702146956792527,-1.551480343436773,229,0.9420268305612253,1,0.6999992358122366
fov0,903,15549.942679127726,12608.86355140187,116.6737954359296,31.047570462945806,-0.3276225006921152,1605,0.9639438354237658,1,0.542889787308732
fov0,904,15597.427925665495,5537.829733802109,209.75302827920288,41.475451549441686,0.41541098956419925,1991,0.9802555735589071,1,0.29503793517781085
fov0,905,15642.731973780044,5617.032046613255,295.0505946936958,69.39407686775355,0.4053704965266344,2746,0.9719484895726714,1,0.3015251522555248
fov0,906,15546.017045454546,12956.022727272728,56.562320247285044,9.202772137808635,-0.8351576540389294,352,0.9866753440779449,1,0.6533607021959298
fov0,907,15540.456140350878,12245.938596491229,15.748684700872333,9.445695240185985,0.23796258160136766,114,0.8001673739155679,1,
fov0,908,15601.67810880829,15550.93329015544,132.02956980580106,68.85681954660461,-0.9957811206900955,1544,0.8532355471665172,1,
fov0,909,15582.914972273567,14797.430683918668,79.41511006754148,12.374234488621854,-1.3725531010235716,541,0.9877859191942443,1,0.48489519629082783
fov0,910,15658.824765478425,12151.10506566604,110.18878722263705,73.21016297927267,0.04811338868410001,2665,0.7473712621708005,0,
fov0,911,15639.97570093458,15561.269158878506,54.95144094733158,19.943857765147886,-0.8309073432265065,535,0.9318140580905041,1,0.5802412798949601
fov0,912,15649.42662848962,12557.889763779527,73.44948834240192,38.88185082303275,-0.2365385554527711,1397,0.8483919577886841,0,
fov0,913,15653.622994652407,15393.77807486631,70.96651553795186,55.095120294918125,-1.488807691209359,1122,0.6302974365517002,1,
fov0,914,15642.797427652733,14719.700964630225,37.670296284812494,12.494875135156631,0.5388725391367531,311,0.9433883015429144,1,0.9176508293539027
fov0,915,15673.825382538254,15771.968496849686,103.25453588930793,62.049969372617845,-0.3530532027280288,1111,0.7992927632509351,1,
fov0,916,15653.213507625273,15836.960784313726,29.188857352409634,20.295786306799815,0.6287103236943535,459,0.7186939855194402,1,
fov0,917,15671.474201474202,15895.27027027027,35.21545690063845,16.402772092277345,-0.5697798841782166,407,0.8848988121569606,1,0.7892218822283751
fov0,918,15692.19642857143,15933.735119047618,41.05360602967039,12.522534698345565,-0.13010764477478787,336,0.9523431071788252,1,0.6026998563938375
fov0,919,15716.928980526918,6076.369988545246,75.94089521427233,49.791332813855014,-0.47761204447651323,873,0.7550571180839228,1,
fov0,920,15717.663434903046,12295.875346260387,38.261524326529425,26.366902716605054,1.4398182649779943,722,0.7246442329595625,1,
fov0,921,15726.95652173913,15901.7587657784,87.02267739248747,16.469095920283756,1.3444117513608143,713,0.9819288170007981,1,0.612034853717131
fov0,922,15736.64734299517,16058.71497584541,63.0441935513438,11.6018850135894,0.952054566660712,414,0.9829210366671071,1,0.48875724306656637
fov0,923,15755.614101592115,14660.766489764974,95.88138672161551,65.1744874624594,1.3487011920564504,1319,0.7334524443345782,1,
fov0,924,15785.597321855572,14128.20899091344,137.79838439528186,79.87559806962074,0.974999049419231,2091,0.8148616111075037,1,
fov0,925,15758.536869340232,16017.711513583441,73.91305222070798,14.347345066046616,1.3776588128748508,773,0.9809795485021494,1,0.6249060684958936
fov0,926,15884.355241436237,15345.913433759803,473.2725648527467,126.18850153997563,-1.1400321656057917,9692,0.9637990589921882,0,0.63508374967686
fov0,927,15797.788165680473,12175.611834319527,68.37420774746931,34.62642442951727,-0.5344660978883007,845,0.8622838734124072,1,
fov0,928,15813.764252696456,7478.2403697996915,68.31878374916356,41.75495035129579,-1.4245931697680867,649,0.7914930349822173,1,
fov0,929,15800.858757062148,13738.949152542373,41.87863022916172,11.37101559293601,-1.1484820953211483,354,0.962431922271722,1,0.8140874786390372
fov0,930,15825.826373626374,12392.936263736263,147.57774240727147,48.006562922558565,-1.257507401131055,2275,0.9456119772167992,0,0.7716511776389104
fov0,931,15863.845353511468,13952.825727122252,226.53110335585228,72.46916576316706,1.1448075354666332,4229,0.9474485317349376,0,0.8038765238995441
fov0,932,15867.21513944223,13732.155378486055,85.74483077702111,9.162757221869454,0.24913606237594083,502,0.994273996125121,1,0.5113514675386861
fov0,933,15846.858123569795,12193.37757437071,47.412030946881565,12.890124094193732,-1.0807168315525626,437,0.9623327047409141,1,0.719015319872104
fov0,934,15849.962790697675,6205.660465116279,26.54756316468083,14.800446539277404,0.3814894474344315,215,0.8301723837790677,1,
fov0,935,15932.637944983819,5856.702669902913,193.92918166448013,56.49297142330283,0.5434950321784583,2472,0.9566295529963081,1,0.24891436237514988
fov0,936,15881.474164133739,5546.841945288754,40.77283488425047,15.653103791433526,1.1575716717051143,329,0.9233704686800389,1,0.28834371820686416
fov0,937,15927.173493975904,7824.428915662651,55.10007043932615,21.97694365371304,-1.3544257596064615,830,0.9170139670357869,1,0.5307097029265481
fov0,938,15940.36600496278,5626.858560794045,61.580580410634,48.20025376508918,-0.8421095393314307,806,0.6223760087439125,1,
fov0,939,15937.369085173501,5742.391167192429,40.71920980414081,13.459351576794809,0.7163447293023248,317,0.9437917774990733,1,0.2025635874380338
fov0,940,15951.716049382716,7712.626543209876,47.35692900338095,19.65058237169468,-0.6183761360065912,324,0.9098459044404383,1,0.4642572072500397
fov0,941,15948.87675070028,7490.4649859943975,30.69193921971315,21.53038158176343,1.461310470338384,357,0.7126698955022855,1,
fov0,942,16001.159833217513,6685.799513551077,198.7420983118498,84.99700205783365,0.6889548377247889,2878,0.9039326309365594,1,0.19110727392176485
fov0,943,16001.587121212122,6587.394886363636,141.7769902961106,24.848976786720996,0.7980818855497047,1056,0.9845207515573489,1,0.07607424165526805
fov0,944,15975.141116751269,14805.798984771574,143.13320251631407,32.12049620745556,-1.4833968307671324,1970,0.974494860275847,1,0.5717409737624517
fov0,945,16013.811158798284,12453.701410177806,94.79057807275706,82.78328917302555,-0.020175625777168124,1631,0.4871321964447051,1,
fov0,946,15983.194736842106,7605.91052631579,30.15390124098873,8.429710782833308,-1.315666304931941,190,0.9601293232586919,1,0.51935083253902
fov0,947,15995.074263764405,5735.743918053778,76.71089994445586,20.664646460096915,1.2953515559839273,781,0.9630330003757444,1,0.3270690600275949
fov0,948,16012.046235138705,12582.8071334214,48.579857160729546,34.59235457075281,0.20295388040904264,757,0.7021064806187304,1,
fov0,949,15997.750889679715,5644.405693950178,27.396706583281844,16.761691866043304,-1.036019120270279,281,0.7910015710396073,1,
fov0,950,16008.860325621252,15684.689802913454,144.22740003576342,39.680541798576016,1.3767810853204865,1167,0.9614085067861076,1,1.0249641297704266
fov0,951,16016.551724137931,14791.3908045977,18.816389224582917,13.790202402673275,0.3209108650587822,174,0.6803552300872089,1,
fov0,953,16031.783333333333,14827.872222222222,29.287332120364304,8.148336465071926,-1.1674352654231608,180,0.9605172294556928,1,0.4704297796720218
fov0,954,16092.538650737877,15567.771960646522,205.36349950038507,111.28161104613103,-0.623657513790315,2846,0.8404582602391564,1,
fov0,955,16097.828935795955,15667.469217238346,162.47599850559243,55.800188960425906,-0.9895533301198552,2274,0.9391758980669769,1,0.8327193403375406
fov0,956,16096.287390029325,13767.897360703812,53.893453784928134,44.72974917772024,0.9088518460920558,682,0.5578135705587212,1,
fov0,957,16192.440622972095,6530.6041531473065,230.86824079931137,94.06740497903974,0.8646080814783005,3082,0.913227245762156,1,0.0935518024676618
fov0,958,16200.265320836337,6456.405191059841,102.00547593436342,21.23322726055261,0.905075953953528,1387,0.9780952733539227,1,0.10912563838528579
fov0,959,16218.806451612903,14079.293548387097,73.2476234237042,43.32402333001862,-0.009401897229555803,930,0.8063244863802501,1,
fov0,960,16294.87026239067,13598.807580174927,51.03966415923227,25.71548759032308,-0.42678061736035483,686,0.8638008473126413,1,
fov0,961,16396.719730941702,15130.91143497758,134.03039425277174,18.831689762004583,-0.46924082224977937,892,0.9900802345090816,1,0.45900394965018165
fov0,962,16374.321218074656,13624.203339882122,67.98285349904593,49.35660228788129,-1.342823700137601,1018,0.6876783839026408,0,
fov0,963,16391.41969330105,13554.033091202582,96.14291107469467,44.09235583301583,0.6716898549466505,1239,0.8886362762544617,1,0.5724175841193961
fov0,965,16539.67969585363,14215.21991208269,746.9202842943529,203.65674541555728,1.3056898031148778,16834,0.9621098991029658,0,0.735944053763834
fov0,966,16437.272844272844,6351.483912483913,85.30900355432688,44.280721214599495,1.4716131109511739,777,0.85473616959236,1,
fov0,967,16439.987460815046,13783.454545454546,63.104307907396645,29.757516857759086,-0.8687054127959821,638,0.8818335601364222,1,0.7259595833842647
fov0,968,16482.973775549555,13636.951793289625,139.11603857360794,58.270405309296414,0.464880066302329,2593,0.9080499580754484,0,0.5104553706652274
fov0,969,16471.661417322834,7228.643700787402,76.13058073549483,9.608968272998622,1.392432435694239,508,0.9920026644477938,1,0.8667339952404941
fov0,970,16478.554347826088,13575.380434782608,34.49106177976567,12.139440974965243,-0.9843561577047584,276,0.9360154029298429,1,0.7351028562036377
fov0,971,16551.745283018867,7322.669811320755,34.17346751551702,9.025912961798136,1.0082261574565192,212,0.9644896925959643,1,0.9279025320340767
fov0,972,16552.643564356436,15457.20792079208,34.367690982334985,8.028337900548731,-1.3643099765343107,202,0.9723324659592374,1,0.7276872761151278
fov0,973,16590.14367060885,13630.890932982917,132.10185385055226,54.498322322288836,0.962402744519406,2283,0.9109359777503867,0,0.6835052170009396
fov0,974,16602.73187311178,15439.938821752266,154.84838605809242,44.07744955155326,-1.4957968760869775,1324,0.958631788135275,1,0.7737527386308966
fov0,975,16591.57037037037,14355.496296296296,18.84378769281353,10.193806725973172,1.3773660207252234,135,0.8410458861639898,1,
fov0,976,16619.581094527362,13873.836815920398,76.64321727270637,20.981593213142812,0.9444395507059705,1005,0.9617989792706443,1,0.48544902713921523
fov0,977,16639.254532269762,14315.310007251632,218.59224685299148,32.839309662433116,-1.3566114685263206,2758,0.9886509379546448,1,1.1131510997813028
fov0,978,16623.146496815287,13802.611464968153,15.425743942676085,12.990973720840797,-0.43639295579704673,157,0.5392247637616502,1,
fov0,979,16680.2025,13869.9175,83.76712404414123,49.92885534478157,1.152558152963141,1200,0.8029520952105788,1,
fov0,980,16757.860158311345,14015.017150395779,70.8388551190363,35.99806811228844,-0.4644038017091897,758,0.8612577261221361,1,
fov0,981,16781.241803278688,14056.848360655738,36.69042337785611,8.851298484766799,0.5223421643647603,244,0.9704648048947108,1,0.3100155065020487
fov0,982,16800.813636363637,13946.55,62.45552728437022,29.377520009000452,0.3925440998767302,880,0.8824666219468682,1,0.32399479578649854
fov0,983,16953.685628742514,14250.213323353293,72.87485079607245,26.39793429072539,-0.3315352062870474,1336,0.932086200017951,1,0.7300861062262095
fov0,984,16938.765560165975,14400.464730290456,64.57380905170791,42.11735517081841,-1.116650501136405,964,0.7580160663602763,1,
fov0,985,16989.44492440605,14288.684665226781,54.10409283535139,22.11372687442578,1.4993629319482016,463,0.9126573278008011,1,0.8913973894305541
fov0,986,16987.634920634922,14580.798941798941,34.26078352858498,7.88618293546471,-1.4000381987219546,189,0.9731478237076472,1,1.0614396506065147
fov0,987,17021.18686868687,14351.97643097643,61.83574417159422,30.386324091943766,1.511379783603095,594,0.8709318199105711,1,0.8962083374123931
fov0,988,21017.363855421685,12685.009638554217,33.65522347922505,18.840904644560766,-1.5590729696725059,415,0.8286134938353982,1,
fov0,989,21071.672811059907,12422.884792626728,35.451652050443016,8.656360712629784,-0.5894710664259999,217,0.9697315138257868,1,0.6402118052559401
fov0,990,21119.564784053156,12765.691029900332,20.696338787964695,18.625364912924546,-0.3183978691080903,301,0.4360235519250195,1,
fov0,991,21274.093065693432,12268.352189781022,66.48050220071624,11.36266501517431,1.3775060338542786,548,0.9852853858621797,1,0.7774537675174952
fov0,992,21410.827932960892,12233.186033519552,335.14023288433077,30.219110162579774,0.13119396465602146,3580,0.995926519318754,1,0.41389922289633313
fov0,993,21361.310592459606,13803.095152603231,53.77835900952201,22.311378279760213,0.30825240128674936,557,0.909877725621172,1,0.4410953530569337
fov0,994,21407.816393442623,13428.113114754098,41.51296162054783,24.399316337846283,-0.9909253383554452,610,0.8090413254458502,1,
fov0,995,21439.346648612052,12721.90250507786,143.31219566684734,99.95740579260787,-1.0700418772074374,1477,0.7166041432716839,1,
fov0,996,21462.34348739496,13418.69642857143,59.551421229940004,31.778864900295797,-0.7438469504948094,952,0.8457133898124342,1,
fov0,997,21513.43970988214,13494.19401631913,73.50407215683887,37.36242224696974,-0.9393184647678425,1103,0.8611776402413814,0,
fov0,998,21536.91843971631,12046.333333333334,35.958610484303215,13.865174256120602,0.36083924223661057,282,0.9226714653295783,1,0.6834658467738413
fov0,999,21775.86312524234,13594.31623552872,633.4381260856793,234.9852312381924,-0.5246523068541116,18053,0.9286456772901942,0,0.5548684542055025
fov0,1000,21605.338645418327,12349.304780876493,59.320130288173786,14.422211763417408,-0.6235448454764674,502,0.969994944665045,1,0.44988675006556583
fov0,1001,21602.46685082873,12302.762430939227,37.11724222322581,15.281437092380498,0.8830846937932434,362,0.9113161659347606,1,0.7935812919977792
fov0,1002,21665.475092250923,13339.44926199262,80.35569651649566,42.12163285887034,-0.9404328272569322,1084,0.8516014918353002,0,
fov0,1003,21678.018786127166,12258.803468208092,90.03702920941745,33.44452598134734,-1.2805273436421531,692,0.928451752910991,1,0.6784114109043408
fov0,1004,21717.1625,12321.347916666668,76.68577280106805,8.96844545012449,0.10468267432211997,480,0.9931377358230048,1,0.4814837280404755
fov0,1005,21723.315261044176,12186.287148594378,77.18590475446342,16.850062247455245,-0.7041395975687865,498,0.9758806099198216,1,0.4685211285580422
fov0,1006,21720.141025641027,11879.115384615385,42.66286958527323,15.05765402312982,-1.5346838695488716,312,0.9356440041995341,1,0.8946996619455354
fov0,1007,21887.40656851642,12094.84597961495,73.90510970578964,48.6661753072887,-1.128768879721557,883,0.7525847452231459,1,
fov0,1008,21888.22565320665,13795.75296912114,26.464690943635198,20.419474185142526,1.0487423630525652,421,0.6361392691921026,1,
fov0,1009,22023.53869047619,13653.095238095239,36.04066434151436,14.597668103127063,-0.06824069155477787,336,0.9143019472933687,1,0.31624685378721396
fov0,1010,22036.51388888889,11741.24537037037,24.819802198846368,14.167382616263339,-0.14455673663321306,216,0.8210824215653788,1,
fov0,1011,22051.42825607064,11640.580573951434,65.45225060557303,15.231614867769125,1.3739915277195254,453,0.9725453613684788,1,1.092640264406234
fov0,1012,22141.604144183035,13579.45240664796,253.13249690172947,172.5849969316025,1.5058595384978681,4633,0.7315413476821311,1,
fov0,1013,22316.301935483873,12839.544516129032,75.95862432829388,47.296152854714876,1.2315830251860398,775,0.7824950654666802,1,
fov0,1014,22405.075919335704,12187.76393831554,81.836116004361,32.47718949665762,-0.9273786868009049,843,0.917880693567336,1,0.5079762753051507
fov0,1015,22457.11888111888,12841.76923076923,70.94628061322062,19.211234945778283,1.4449820524459027,572,0.9626396677684642,1,0.691957513820315
fov0,1016,22478.023041474655,12256.009216589862,64.50573860057337,14.300102148962996,-0.16682273127437214,434,0.9751178118766775,1,0.2808934552083829
fov0,1017,22525.937823834196,12008.481865284974,24.449115936299545,12.619482328721283,-1.5363200966975912,193,0.8564964529214427,1,
fov0,1018,22538.827338129497,12345.307553956834,43.77847311859094,35.02088035334303,-0.7237969091244163,556,0.6000578061477072,1,
fov0,1019,22554.065625,9382.521875,37.99642525564624,15.412498346864105,0.285152127399388,320,0.9140372664085211,1,0.6651817822670901
fov0,1020,22581.960348162476,12915.473887814313,110.54309026285578,22.330807225826966,1.1258077610397734,1034,0.979383463619429,1,0.5465719344468944
fov0,1021,22665.438095238096,12036.655238095238,222.37961446009794,45.32510272940161,-0.2442713377308858,2100,0.9790086702295883,1,0.42280245392232635
fov0,1022,22607.943529411765,12001.588235294117,66.77955650285317,15.846170683283821,0.5429375425393602,425,0.9714386766805639,1,0.4681507135869616
fov0,1023,22698.798868458274,12352.776803394625,203.49501620261157,58.93685367568988,0.20788875920282504,3535,0.9571407788956017,1,0.2651024726422775
fov0,1024,22675.529856387,12254.88813303099,145.16337458251544,50.37828173659255,0.0326877245814467,1323,0.9378483292711658,1,0.1596012655516883
fov0,1025,22657.898576512456,13461.496441281139,130.5261855484155,34.6784300731423,-0.9048663239549067,1124,0.9640607805952918,1,0.5086762276129854
fov0,1026,22660.57977059437,14089.453597497393,78.41135017966457,41.362249473038005,-0.4977667845286182,959,0.8495529538844537,0,
fov0,1027,22675.557558945908,12661.083911234397,160.20831914149358,32.421758445428615,1.08629327238585,1442,0.9793086185078811,1,0.5619416978245192
fov0,1028,22697.645330535153,12567.636935991606,87.91611125754554,38.563826838246996,-0.4736864696512574,953,0.898661181383683,1,0.44404430554591795
fov0,1029,22672.64,9143.808,33.04593204032993,11.99828952750747,-1.220119254682425,250,0.9317582934438605,1,0.4979509535948068
fov0,1030,22696.744565217392,12536.391304347826,24.16935038046002,10.463225154629072,-0.49126804710120636,184,0.9014357237449103,1,0.45085742751230323
fov0,1031,22702.01048951049,11983.40909090909,33.69603815111949,14.243475259557387,1.2246698492022527,286,0.9062674535786771,1,0.6349959697338827
fov0,1032,22820.65504273504,9100.831452991453,150.56613881031012,74.38194157299536,-0.8633001204265238,2925,0.8694533402180843,0,0.3069105417911258
fov0,1033,22804.891891891893,13117.844594594595,48.860564960621,18.752049169288576,1.0812509783008635,444,0.9234216513039865,1,0.9417607379339138
fov0,1034,22844.798231247954,12509.972486079267,113.95311513139544,99.37714885789009,-0.8008844037895169,3053,0.4893490063478168,0,
fov0,1035,22836.120639534885,13613.735465116279,66.17406707670828,15.202152517754447,-0.8099900428578596,688,0.9732544567473861,1,0.28752479254663976
fov0,1036,22858.47524752475,13059.831683168317,14.603583071877663,9.343552460350686,-1.4372618555437886,101,0.7685311879603298,1,
fov0,1037,22884.95605858855,13075.290279627165,77.44264807991262,29.070650283376484,-1.0362364435046425,751,0.926869804835982,1,0.5394104296806815
fov0,1038,22922.18198529412,8926.375,67.11398036188864,24.544525695715205,-0.012507618447894255,544,0.9307272598672363,1,0.5688723026880933
fov0,1039,22908.46195652174,13126.891304347826,51.30151803327375,17.86746771344892,-1.3160870885962204,368,0.9373892816249102,1,0.6276182929175006
fov0,1040,22931.26605504587,12151.759633027523,63.389564726966704,24.912758742554328,-0.32715152299894507,545,0.9195340225516254,1,0.420622387362484
fov0,1041,23168.655039600737,13249.952696105023,687.9241897125,170.92439011569977,-0.7588600484667576,18434,0.9686411331667876,1,0.20653315852111923
fov0,1042,23003.15422885572,9277.916417910448,82.57031545154341,48.622404386574416,1.1434888690073393,1005,0.8082346253621121,1,
fov0,1043,23035.397652237712,9044.38224504769,99.26704059681246,46.05771407826921,-1.5604055205248404,1363,0.8858467692338542,1,0.703890438553489
fov0,1044,23057.224489795917,8793.873469387756,34.731727026497445,11.366606757022018,0.6676706252126896,245,0.9449313231433176,1,0.849525330078115
fov0,1045,23096.65401987353,8868.023486901535,76.78684448420958,20.028955832279454,-1.275588339709997,1107,0.9653824845508613,1,0.5928074474177744
fov0,1046,23108.695652173912,13199.982608695653,35.664191433062136,9.016186111476708,-0.9081319674476065,230,0.9675165174241117,1,0.5100713643873959
fov0,1047,23252.579548784062,13688.720480515676,285.2512486209217,156.0114920474771,0.145100943936269,6826,0.83718057052161,1,
fov0,1048,23188.10861423221,12751.426966292134,39.46890202556237,10.279931695582912,-0.5272976903898514,267,0.9654855859549977,1,0.3394482122519946
fov0,1049,23272.94549763033,13672.07345971564,104.16660953825891,27.83184700944505,0.21713122384703898,1266,0.9636450107230043,1,0.47588988106522806
fov0,1050,23248.696823869104,13354.635226179018,54.112342649644134,42.74792035042105,-0.834674773100908,1039,0.6131266137923141,0,
fov0,1051,23278.451890034365,12838.91237113402,41.71389774438999,25.410116140849528,0.7985676502218714,582,0.793053272663402,1,
fov0,1052,23314.101030110935,13462.921949286847,100.1512313253114,81.91232238604353,-0.8194013400916839,2524,0.575379841301675,0,
fov0,1053,23303.40322580645,12245.852150537634,62.87312937469901,12.153901395493467,0.19244702755333568,372,0.9811380528578959,1,0.3895331718114968
fov0,1054,23333.39262472885,8826.340563991324,62.57893927259576,43.13250692375437,-0.820617093368462,922,0.7245240034651547,0,
fov0,1055,23333.03125,13678.1953125,16.383992772657663,11.2722581705265,0.6383881579332334,128,0.7257065695467579,1,
fov0,1056,23363.007299270073,8595.644768856448,31.755074472166516,18.939505146734007,-0.6448731516886299,411,0.8026691649085608,1,
fov0,1057,23379.168661588683,11101.144722524483,76.58295281515053,42.472572337079995,1.192813761770708,919,0.8321199837130798,1,
fov0,1058,23390.329222011384,13250.11385199241,58.56532605457554,40.37708509994363,-0.6063394545526226,1054,0.7243459376491106,0,
fov0,1059,23407.44837758112,13553.215339233038,24.327152907850124,17.782885489972678,0.4408499882634002,339,0.6823890552181846,1,
fov0,1060,23435.13300492611,13357.009852216748,16.631257556873845,15.60104278954419,-0.25074183697343844,203,0.3464850071049818,1,
fov0,1061,23452.045544554454,13065.164356435644,65.67846711093765,28.732916509475736,-1.2811371631553836,1010,0.8992288764394223,1,0.5479119890481758
fov0,1062,23456.453594771243,8711.619607843137,53.854428046656025,43.49714857260836,0.8294790113404484,765,0.5896209746814901,0,
fov0,1063,23468.374137931034,13002.53275862069,57.60458818012792,18.395073292330427,-0.02437149373710089,580,0.947642407264313,1,0.42072659487848757
fov0,1064,23465.196457326892,13535.045088566827,29.160697199956694,27.384872095409737,-1.1971253506746908,621,0.3436382374092452,1,
fov0,1065,23509.034762456547,8514.66628041715,108.33607434308671,19.00628412483705,-0.2625109406093059,863,0.984490448738977,1,0.4733177615592506
fov0,1066,23534.27347740668,11437.259724950884,156.53935175332546,69.51317806120474,0.29607006115772194,2545,0.8959960589439563,1,0.6396678264067064
fov0,1067,23531.61111111111,13020.872628726287,121.79287367600568,40.59584406872021,-0.9295619724958888,1476,0.9428142100513653,1,0.41335210038564674
fov0,1068,23516.103797468353,12977.448101265823,55.641740581736386,12.747755778133097,0.4003747508198144,395,0.9734019062950386,1,0.5935696850049151
fov0,1069,23524.455344070277,13395.727672035138,55.507959722694075,17.9270326868817,-0.7810603336326111,683,0.9464114963208251,1,0.28647117401178324
fov0,1070,23557.666349809886,11259.532319391636,77.46289744030491,60.137343866862246,-0.3873089380224949,1052,0.6303175802345691,1,
fov0,1071,23598.341764791396,12832.758249745602,245.06213062437794,175.29999531612057,-1.1235998152793938,6879,0.6987880467015731,1,
fov0,1072,23600.115251530475,13608.80569603407,117.55818788870748,102.67383034632043,-0.7859587985622205,3757,0.4870262764842911,0,
fov0,1073,23580.793168880457,13379.127134724858,43.39414162378036,22.750475660059262,0.6903978333807222,527,0.8515488435540468,1,
fov0,1074,23578.283950617282,12962.746913580248,21.75416865040412,11.452392967837799,0.8933014961818738,162,0.8502086278057295,1,
fov0,1075,23606.83359746434,13736.26148969889,56.59212173641833,33.66212395675758,-1.020859139970323,631,0.8038589474682899,1,
fov0,1076,23626.39700374532,11475.292134831461,28.47907108212866,16.019855146250315,-1.2951573421845324,267,0.8267882625777188,1,
fov0,1077,23688.25354609929,8438.520390070922,129.4146694601837,37.168577345670236,0.9367951972757083,1128,0.9578690530792571,1,0.6561289077717244
fov0,1078,23658.958333333332,8469.652777777777,31.98486899017155,9.304134624652699,0.2420447849423967,216,0.9567559708570118,1,0.4487219540380973
fov0,1079,23683.34734917733,11296.617001828154,111.99638631324697,18.65059361584667,0.5133488858427713,1094,0.9860366365321624,1,0.7331885660636881
fov0,1080,23667.4864,13470.792,59.693445594782986,25.287794875446995,-0.5700253151149405,625,0.9058364106354958,1,0.2849449359410862
fov0,1081,23679.931937172776,11701.810209424084,91.76840173030358,20.200151517787116,-1.0858613877297962,764,0.9754725774650428,1,0.5321778001871855
fov0,1082,23671.154855643046,13431.842519685038,26.82597027246018,19.71999422939151,-0.7681709629120378,381,0.6779496603519245,1,
fov0,1083,23708.360902255637,8405.977443609023,15.975857659088652,12.838035782003963,0.03473282467094214,133,0.5951835696092584,1,
fov0,1084,23772.251408450706,11691.097887323944,62.458630814979244,42.505441686925344,-1.007316345960691,1420,0.7327132348585028,0,
fov0,1085,23789.208835341364,8548.441767068272,38.70247876059551,22.836256248685476,1.1546163606594313,498,0.8073693747533782,1,
fov0,1086,23810.629032258064,11878.106699751861,103.76028645934448,48.22254618592794,-1.0879919250113377,1612,0.8854421822171562,1,0.30943295405355803
fov0,1087,23846.270803270803,11747.430014430014,137.0394514867609,54.97574811987402,-1.3392362256274084,2079,0.9160047976781998,0,0.38895663679119125
fov0,1088,23866.12303290415,12740.360515021459,75.1623909145605,23.106427570984597,0.9104427044274316,699,0.9515739066340757,1,0.5287024509296784
fov0,1089,24079.36932995625,11822.791618696754,301.6355724382358,123.38546959551968,0.10851614607081767,4343,0.9125098330670612,1,0.5760788818162477
fov0,1090,24145.973597359734,12469.861386138615,62.25695742096874,25.782606099110442,0.16331604849038875,606,0.9102167778571703,1,0.26384925790318914
fov0,1091,24153.076487252125,11801.43059490085,52.724849568258755,9.186084549970246,-0.8950664292284458,353,0.9847055418370794,1,0.5438941990333689
fov0,1092,24186.44776119403,12356.442786069652,32.18025630731694,20.771122848332663,0.9196850315943557,402,0.7637926404548135,1,
fov0,1093,24244.884578079535,12512.158098933074,81.06117125968233,32.42234788947342,0.39233486092768255,1031,0.9165265559983098,1,0.26804483417093294
fov0,1094,24277.60902255639,11833.84962406015,33.192327501383765,20.97625152092705,0.07200071007043957,266,0.7750003118180723,1,
fov0,1095,24300.90740740741,11890.796296296296,33.06568431699323,10.76036008603726,-0.7718664808747907,216,0.9455682742658974,1,0.4950861407657635
fov0,1096,24340.265193370167,11911.497237569061,48.81889709630806,11.405575890566535,0.9793645177852492,362,0.9723254911561338,1,0.7737602530438084
fov0,1097,24479.129032258064,12901.990783410138,18.801124565617236,14.858509763225422,-0.2739355813819952,217,0.612721393228182,1,
fov0,1098,24602.315079118835,11934.685541421037,264.71857920319223,138.4676200748016,-0.11689658359655486,6446,0.8522867738640367,-1,
fov0,1099,24583.379679144386,12199.098930481283,39.376342496179454,17.910738857842595,-0.5174990680964158,374,0.8905627532339724,1,0.4941937222601407
fov0,1100,24680.83496945899,11429.143760907504,309.871207344625,118.79139183824326,-0.9560700254931768,9168,0.923600116117533,1,0.3538315197184157
fov0,1101,24643.154605263157,12206.759868421053,40.8368342581108,12.28158727763381,0.3625792284862352,304,0.9537037130836945,1,0.4239592073704187
fov0,1102,24699.953068592058,11215.61010830325,52.861492544673254,45.856249277729646,-1.0316463323165692,831,0.4974733217124693,0,
fov0,1103,25018.935491038366,11544.657680343653,515.6125393915149,256.20841027620196,-0.8496407484578334,13502,0.8678072079956846,-1,0.32442025175559047
fov0,1104,24998.89489953632,11103.777434312211,36.866053866876626,30.28232236961529,-0.46173002387046796,647,0.570331238516549,0,
fov0,1105,25017.50116009281,12444.788863109048,43.74002329828065,17.820960661816887,1.0213155820658204,431,0.9132368175699601,1,0.5315879646084307
fov0,1106,25057.46277665996,11118.937625754526,64.23302606915757,45.98676369313158,1.5161839026853625,994,0.698165468238973,1,
fov0,1107,25123.04705882353,11596.135294117646,22.820405879657805,10.67298157476588,-0.22626796369949548,170,0.8838901069503504,1,0.31285238366890034
fov0,1108,25161.13529411765,11355.623529411765,26.95801094591212,9.081288349635033,0.22531181136181405,170,0.941551922410759,1,0.4777588458174578
fov0,1109,25162.84931506849,11543.842465753425,24.977533581772395,8.184062971944918,-1.2081545840850338,146,0.9447967559206252,1,0.5190995015470705
fov0,1110,25370.69848951459,11230.90394485995,347.67786503955665,88.26533766557841,0.7129418249239995,6819,0.9672380783372148,-1,0.6116508206698688
fov0,1111,25310.856829802775,10577.82176771366,88.20982070953781,46.6256863760458,-0.5074588735326413,1369,0.8488853323235888,1,
fov0,1112,25320.103011093503,10649.0412044374,68.85849592356257,22.6725461655926,0.925468736059764,631,0.9442382966053184,1,0.5316859824127061
fov0,1113,25330.261637239164,11801.796147672552,51.12059603646812,19.242474332107037,-0.12928051006201266,623,0.9264518319649654,1,0.32545710553552726
fov0,1114,25383.282001924927,11761.890279114534,55.50122934074042,45.788864681790606,-0.3797960686094794,1039,0.5651235091939449,0,
fov0,1115,25523.635627530366,11317.376518218623,33.26195125867379,28.833701113930385,1.043349751443609,741,0.498538780481561,1,
fov0,1116,25540.903015484924,10699.731866340668,56.07506899903156,37.90143663637969,0.4934894148275453,1227,0.7369884789804351,1,
fov0,1117,25660.428965224768,10572.277353689567,239.35917989700505,90.1850442191615,-0.5587432381056896,4716,0.9263039777687182,0,0.5816896097357462
fov0,1118,25601.774074074074,11556.796296296296,32.23573175156442,13.332192814575627,-0.17890443446562496,270,0.9104658258506619,1,0.3455825521675204
fov0,1119,25709.993912264996,11412.892569382275,243.71909704070555,105.6866807872519,-0.41048304109804895,5585,0.9010855512004663,0,0.3353190680644709
fov0,1120,25840.406153846154,9828.710769230769,34.36899497652901,16.258693286369805,1.1885782273063255,325,0.8810287051420478,1,0.6633876414011378
fov0,1121,25886.057279236276,10389.10214797136,110.58137679460691,100.25814793597381,0.31678785838268286,2095,0.42189249436839416,0,
fov0,1122,25873.13852140078,9744.660700389106,132.87527633968935,42.97581748607818,-1.1078187637265449,1285,0.946252184374498,1,0.9255952471471572
fov0,1123,25905.33758700696,11981.252900232019,131.44178742985054,19.504916292398836,-0.0034072517593749362,862,0.9889286119314955,1,0.17404386230664917
fov0,1124,25938.88418079096,11931.9736346516,91.4053696201241,48.23338859877151,-0.39237833879431505,1062,0.8494391405749687,1,
fov0,1125,25958.237613751266,12918.681496461071,117.09310181072995,19.884946168767883,-0.5645155353550781,989,0.9854748095128433,1,0.5380302378638562
fov0,1126,26048.728603603602,11961.230855855856,147.41869356834178,12.327524081949912,0.041317235800806096,888,0.9964975025185878,1,0.17323271219342004
fov0,1127,26079.050061804697,11925.819530284301,195.44115231937238,26.724237749338283,0.14343592601874494,1618,0.9906072439221658,1,0.18453308477814678
fov0,1128,26045.775952203137,9603.448095593727,84.47788594529032,47.22108600105609,-0.8180791609864047,1339,0.8291840322044246,1,
fov0,1129,26034.659090909092,12831.712121212122,22.273460553021852,7.86119410824387,-1.010537612467009,132,0.935645974699881,1,0.7069749795099428
fov0,1130,26097.134570765662,9491.870069605568,44.873628746976,16.761930589384363,0.23318762082885044,431,0.927615550904075,1,0.48943564206435874
fov0,1131,26116.03693181818,11840.636363636364,48.15662389864649,10.109952510618154,-0.4980219017828832,352,0.9777144903279691,1,0.34171717765239695
fov0,1132,26175.542613636364,9510.424242424242,73.559543246339,20.72094504983329,0.27179561101676414,1056,0.9595056387712706,1,0.4865098741586993
fov0,1133,26213.316,11763.948,31.945778608848833,12.233816619289998,0.46183828066461174,250,0.9237667265933626,1,0.302492636943199
fov0,1134,26232.553846153845,10325.870769230769,71.2552874727106,31.264547744096827,0.2744236482147145,650,0.898600326330982,1,0.5043316608492009
fov0,1135,26244.98711340206,11017.494845360825,56.275144889257454,10.72773820434653,0.3897132389888693,388,0.9816619343806403,1,0.33059344094709614
fov0,1136,26262.71617161716,12647.612211221121,53.32298980482047,23.01126234507149,1.3721860534024741,606,0.9020914759466042,1,0.8912499578190919
fov0,1137,26320.55451866405,11897.048624754421,119.29493237336612,68.60545444641453,0.14091397942266354,2036,0.8180893724214163,0,
fov0,1138,26362.63737280296,9660.583256244217,180.61148591888966,21.620724693005872,1.067624156191371,2162,0.9928090864536855,1,0.6207696274785338
fov0,1139,26355.542857142857,9577.630952380952,126.5124440645909,11.848753973590195,1.3893376680522753,840,0.9956045394253488,1,0.746863148835937
fov0,1140,26389.977794793263,12598.316998468606,89.58564783459268,72.16761787880615,-0.13594954989561664,1306,0.5924989796049044,0,
fov0,1141,26514.749003984063,11540.358565737051,40.70901656741051,8.209272246054523,-0.052437081385800416,251,0.9794561321145843,1,0.4331742438638728
fov0,1142,26573.185257032008,8660.338021338506,164.8262245334302,42.74094183669692,0.8314033130482399,2062,0.9657943801295534,1,0.22266040307906615
fov0,1143,26541.30846930847,8762.545454545454,67.32569120849081,44.05557771290212,-0.9547684086091861,1287,0.7561788228135872,1,
fov0,1144,26534.32958801498,8590.475655430711,24.62120306814565,18.027967891376232,0.0254010954338564,267,0.681075582006079,1,
fov0,1145,26701.05600841441,11867.499605574547,344.4261070816085,35.762373392035485,-0.022881422381671256,3803,0.9945948737550587,1,0.412522286586955
fov0,1146,26576.474526928676,8866.207787481804,171.01116048736077,31.492911663222543,1.19797911156656,2748,0.9828968303672474,1,0.2575846235831525
fov0,1147,26827.943090468292,11763.272553272936,511.45783208970084,139.6661327581663,0.4611511456383042,7837,0.9619928657117688,1,0.3809198758376808
fov0,1148,26752.809705561613,8197.180479825518,98.9509565967011,65.0114342454813,-0.8949431520659007,1834,0.753884800151423,0,
fov0,1149,26804.10376843255,9217.94866193337,128.24153221664147,21.957678247351097,1.0169111049688313,1831,0.9852325999851398,1,0.11414686875112227
fov0,1150,26847.386363636364,8360.67628992629,73.50062376100922,61.45701158511019,-0.021195976346429713,1628,0.5485119408412489,1,
fov0,1151,26871.991836734695,11697.379591836734,23.096212072931493,15.284957011092471,-0.4776841931400804,245,0.7496848775765781,1,
fov0,1152,26871.782352941176,7960.988235294118,19.875714823633203,12.927237481385044,-1.2360622747896384,170,0.7595887645086441,1,
fov0,1153,26886.067213114755,11777.086885245903,45.747355807300956,30.469917598459702,-0.5447361257242815,610,0.7459092195206075,1,
fov0,1154,26951.25394627527,9209.538355026309,210.61934410077671,144.02451243943446,0.9805116764480607,7222,0.7296561162671648,0,
fov0,1155,26903.74070247934,11495.405991735537,97.6124744224479,34.41687895925984,1.520176430200436,968,0.9357790784785857,1,1.0319257405717561
fov0,1156,27021.01844773143,8701.616752534486,231.89087504115528,124.3039827648533,-0.4186109435363429,6017,0.8441893029827349,0,
fov0,1157,27004.556550040685,11446.06916192026,162.88777167498898,35.30648448953637,-0.29093411100569755,1229,0.9762263811190671,1,0.6316829058133104
fov0,1158,26956.695150115473,11728.554272517322,39.963319054980836,14.837829743240974,0.303623693346081,433,0.9285184658841912,1,0.39674285000292664
fov0,1159,27030.53151862464,11509.546561604584,163.65594762665364,21.219915373103788,-0.5088809416967032,1396,0.9915582849631328,1,0.6760856791231712
fov0,1160,27015.772241992883,7169.5658362989325,38.13661455891106,10.427260890901838,-0.38634366460131875,281,0.9618951361654523,1,0.46468250368105585
fov0,1161,27010.79768786127,11550.346820809249,19.18427605535343,14.475702536999764,0.5625548237200013,173,0.6562301509089027,1,
fov0,1162,27069.402869505808,6966.7383283989975,201.24810444236127,88.43322048277525,-0.8447803575758275,4391,0.8982798362578087,0,0.5226089333973062
fov0,1163,27225.914659382503,8782.291532157935,343.3088240921353,197.06095670477268,0.15133465578054212,12081,0.8188518444342066,-1,
fov0,1164,27081.582402234635,7239.150837988826,81.69155818897435,18.91837501424202,0.15827951117950134,716,0.9728151522158489,1,0.4021307378779486
fov0,1165,27094.24729241877,11422.615523465704,49.833383695692746,20.67711210701785,0.9420588422513232,554,0.9098556596285399,1,0.7934566711256315
fov0,1166,27156.893691588786,7189.884345794392,54.79353978146256,43.09956178037921,-1.359526837444925,856,0.6174870057177076,1,
fov0,1167,27137.054794520547,11453.917808219177,23.49273749465048,8.324963733739263,-1.530481955862952,146,0.9351078329167181,1,1.060663768549977
fov0,1168,27166.639175257733,10452.642611683848,44.434616238903054,9.038767263063335,-0.47410042023673254,291,0.9790921427646944,1,0.11094492785506442
fov0,1169,27203.57477243173,11398.36410923277,57.67332920372259,46.505537217916846,-1.1625297044482048,769,0.5914233268723171,1,
fov0,1170,27273.451151707704,10379.595710881653,137.70935591440582,44.178812227979236,-0.6043663740759304,1259,0.9471428975598055,1,0.1555311415851068
fov0,1171,27300.686015831136,10439.192612137203,120.51845304067425,57.470993987790166,-0.488671106459123,1516,0.878976719516101,1,0.11450294707845875
fov0,1172,27293.792284866468,7141.56528189911,38.92435866103363,25.780041959362663,-0.9783727407248091,674,0.7492287789672168,1,
fov0,1173,27425.09572759396,10554.584645036943,190.39160531555692,93.29932026343175,-0.32042041890097106,3113,0.8717004848624248,1,0.10921812592400815
fov0,1174,27420.95358649789,10611.860759493671,40.26308837834318,8.765523303204514,-0.07895314917053856,237,0.9760143532266556,1,0.20285087959082526
fov0,1175,27519.34190902312,6673.327367636092,194.68434397107026,61.23035475277723,0.01637129920410387,2682,0.9492538505230649,1,0.3211727828536478
fov0,1176,27488.854875283447,8080.2902494331065,46.92856296361973,21.25064021039237,1.2827636778128588,441,0.8915971038150677,1,0.6213955677715862
fov0,1177,27604.20987654321,11505.858024691359,40.11353489872726,15.014412777650906,-0.6649934517312035,324,0.9273085059433577,1,0.5334651602513766
fov0,1178,27692.998127340823,5929.673408239701,296.37895720441895,20.444360334154833,-0.934210565837032,2670,0.9976180103096288,1,0.11860665851826424
fov0,1179,27787.108359133126,5868.544891640867,455.41192122246946,27.442580607773507,-0.9603868082174895,3876,0.9981827867535324,1,0.12885519737680373
fov0,1180,27721.33809924306,10300.528174936922,100.99221659152919,17.027326163895392,0.17198888740165788,1189,0.9856844888866481,1,0.2247707228189177
fov0,1181,27758.13111268604,11351.885896527285,102.06321974532398,69.0841110209899,-0.05499093239938888,1411,0.7360973557228986,1,
fov0,1182,27809.853604318832,10350.921562400763,159.24636627700005,70.63550230668875,-0.08576988983794395,3149,0.896244107892575,0,0.1332001117543089
fov0,1183,27780.9323583181,8273.687385740403,46.606087820717235,36.5312954338234,-1.5693098056057988,547,0.6209742319113781,1,
fov0,1184,27800.780487804877,5785.885017421603,77.47851924308175,12.28235043575411,-0.8585984404250943,574,0.9873548224444971,1,0.09563935954879947
fov0,1185,27861.854601226994,8455.330061349694,99.36148236374227,73.68839912691458,-1.4185996164977925,1630,0.6708209316727831,0,
fov0,1186,27900.357021996617,11431.700507614214,56.54441319156303,27.636741079035303,0.4292198241270472,591,0.8724173558338465,1,0.5816643463937325
fov0,1187,27965.204419889502,5771.102461074836,118.0415624217859,72.3020818520136,0.00873911168824895,1991,0.7904599214443802,0,
fov0,1188,27930.880626223094,5897.328767123287,62.99022580883752,12.33311592324507,-0.623291629137721,511,0.9806450234406903,1,0.1292153810291524
fov0,1189,27969.721739130433,6735.434782608696,33.19369091466674,11.599203850454842,0.7082959697561672,230,0.9369587375818326,1,0.593660922865465
fov0,1190,28048.16077586207,10421.659267241379,224.9691950331878,125.59585068495088,-0.01079924498321004,4640,0.8296524579463997,0,
fov0,1191,28346.03116883117,8890.311323763955,873.7334419126809,168.34030499927692,-0.1043228681345335,21945,0.9812640402337677,1,0.142028166797627
fov0,1192,28080.58720699245,9136.555025824395,132.00671622813655,64.07811093396187,0.00256885678592172,2517,0.8742835679910761,1,0.1299681645075913
fov0,1193,28126.05504587156,5736.7266055045875,87.4278830114366,15.729180433229777,-0.5849146214786856,545,0.983683012168361,1,0.1456371019069232
fov0,1194,28154.562396006655,9105.236272878536,58.73541943134615,15.661466614910523,-0.13433136988401634,601,0.9637949993615217,1,0.1495884342754464
fov0,1195,28181.531986531987,6506.218855218855,41.44909949379721,18.43262894448079,-0.501228966801525,594,0.8956770117979445,1,0.3332884689112086
fov0,1196,28225.811989100817,11268.08174386921,109.8236687884816,66.25706350860052,-0.5185453427835058,1101,0.7975112729458713,1,
fov0,1197,28451.474959335672,6260.900693433781,508.42279221504697,109.20515750763855,-0.678822196081967,11681,0.9766598123340341,-2,0.3506724288347162
fov0,1198,28350.263440860213,6243.620967741936,25.3388912552215,18.75003422367079,-0.24257762057791468,372,0.6726392280399731,1,
fov0,1199,28360.333333333332,5221.53376906318,26.468698169354603,22.62124944183345,-1.5697504756627603,459,0.5192184581946239,1,
fov0,1200,28710.960076246956,9049.075082071377,766.6000921131446,194.7871139910945,-0.21460841226318852,18886,0.9671799973254364,-3,0.17618533830407423
fov0,1201,28424.906363636364,6537.113636363636,80.8359005111714,45.12047833752988,1.5635705162183906,1100,0.8297240844542998,1,
fov0,1202,28483.58626097867,5030.014742785445,295.0015261749062,62.74982377813708,-0.9513696048201249,3188,0.9771153386512614,1,0.6432657154864824
fov0,1203,28434.277777777777,5153.059829059829,30.049321733583152,13.179345246888778,1.4072755770005758,234,0.8986870566353191,1,1.144500184722775
fov0,1204,28578.415119363395,9446.161803713529,45.110311097463715,35.515983535709054,-0.1918599139203596,754,0.6165521255612912,1,
fov0,1205,28627.13488372093,5257.302325581395,59.05429368141399,14.038805169051882,0.006688908801894176,430,0.9713319887917118,1,0.5047913881724343
fov0,1206,28633.7009009009,4944.902702702702,48.942574567225854,19.717284090334932,-1.3115292991108738,555,0.9152591084179708,1,0.4380343154242996
fov0,1207,28660.608333333334,11153.666666666666,52.59928285201801,9.539094943562167,0.09366510164607363,360,0.9834178638582151,1,0.37462101445561385
fov0,1208,28736.235571260306,8489.356301531214,112.42780372935871,64.2659401235687,-0.17950646519681498,1698,0.8205187340727911,0,
fov0,1209,28776.184705390722,5118.146259924781,150.05172433213352,30.234156575375277,-1.0506383153191239,2393,0.9794902499501923,1,0.4379091851970609
fov0,1210,28757.76923076923,5556.502454991817,30.04746170882169,27.632199815021178,-0.41507579132336603,611,0.39281284058178206,1,
fov0,1211,28783.590625,11124.8421875,99.21648201511029,12.195688325502552,-0.33485850411190177,640,0.9924165847430291,1,0.2471643276973292
fov0,1212,28800.29552238806,5034.055223880597,58.00278482292616,28.130788648830976,0.28876964129151056,670,0.8745195242291418,1,0.6142767442441419
fov0,1213,28849.430157802453,4968.2904734073645,134.63275948594745,38.52633855399009,-0.7536321989576922,1711,0.9581822296111021,1,0.2730478958241054
fov0,1214,28817.458515283844,5490.781659388646,62.24914116399758,10.938932315997079,-0.3622659847973255,458,0.9844387152004405,1,0.24967752708013963
fov0,1216,28876.761633011414,4886.520632133451,211.4292278308623,60.31346372844163,-0.4831129449009317,2278,0.9584485360726197,1,0.24645438761602625
fov0,1217,28847.47213622291,4720.216718266254,72.45995674715293,15.7424532007007,-0.703877936424165,646,0.9761143753443665,1,0.08365036230540818
fov0,1218,28838.405660377357,5026.528301886792,15.294658071616684,9.129741582177619,-0.33882674397605533,106,0.8022981217935523,1,
fov0,1219,28865.498516320476,11059.762611275964,68.09312017685075,27.244868537485612,-1.1965171847703777,674,0.9164662882666537,1,0.5067302738179369
fov0,1220,28875.946153846155,4820.457692307692,38.705443050053915,9.319860651285929,-0.8081089730195539,260,0.9705773858019026,1,0.09139252903063086
fov0,1221,28919.976923076923,5029.396503496503,82.88574772805259,60.116805147056276,-0.22121737279875803,1430,0.6884358319170298,0,
fov0,1222,28916.98473282443,4824.946564885497,31.132932907548614,14.34060341357201,-0.9272192731913634,262,0.8875949087429456,1,0.1349609942456969
fov0,1223,28943.441535776616,5547.60034904014,81.64076216857696,11.294927189299711,-0.5547339462296421,573,0.9903835228811468,1,0.26460071469520163
fov0,1224,28927.23166023166,4901.2277992278,27.18206545359051,18.525221353502687,-0.9086921867461164,259,0.7317960575254226,1,
fov0,1225,29133.609610604806,8828.983098591549,365.1065514320631,148.70067637690988,0.44181150209393,6035,0.9133032480363267,0,0.3273321125478345
fov0,1226,29027.191122071516,5485.355117139334,49.96615594183463,33.275397977518104,-0.3923900085762486,811,0.7459885816678192,1,
fov0,1227,29156.356705985145,5562.565093927479,275.36168609455734,151.59642634007446,-0.6321327603144979,4578,0.8348116506598829,1,
fov0,1228,29099.57526080477,5495.7078986587185,66.70846456476914,21.65273432254376,0.3003571971025327,671,0.9458556703817803,1,0.43405616464744695
fov0,1229,29117.19534883721,4694.306201550387,144.9347492893317,24.801474671329874,1.2631603024404185,1290,0.9852499063665924,1,1.0002071280597624
fov0,1230,29141.2658045977,4823.245689655172,52.36407852868671,44.10123043908549,0.7702999434180634,696,0.5391591730747022,1,
fov0,1231,29161.656597774247,5484.826709062003,71.96060366399676,12.645991264187789,-0.9828953182821729,629,0.9844375227767386,1,0.42712106800257044
fov0,1232,29206.601990049752,5457.174129353234,31.364492733439867,8.935095579574984,-0.14403981262844187,201,0.9585633881412278,1,0.26427490365353135
fov0,1233,29301.883561643837,10944.022831050228,156.8421970613883,64.24718568028015,-0.4398652975760979,2190,0.9122519932943489,-1,0.23022326472773294
fov0,1234,29358.265033407573,9156.30586488493,131.3990047322996,21.34939417686829,-0.5150308226030982,1347,0.9867122333101799,1,0.39832417430188155
fov0,1235,29346.039024390244,5187.624390243903,21.73660411610964,15.337799976741554,-0.49108439421303474,205,0.7085896465434011,1,
fov0,1236,29385.949404761905,5211.508928571428,41.5038135524868,23.84295420319304,1.564621316216462,672,0.8185212672614534,1,
fov0,1237,29453.974459724952,8417.096267190569,35.776904598537826,18.77620660751034,-0.548032066826401,509,0.8512171699059027,1,
fov0,1238,29493.147859922177,5090.217898832685,30.242921701463523,13.93004274586671,-0.2833913720498807,257,0.8876051933610373,1,0.20774892789265986
fov0,1239,29508.059030837005,5168.346255506608,64.23791126777232,33.80497933143729,1.4537325473550538,1135,0.8503320329114578,1,
fov0,1240,29533.52,5049.52,20.468999062948832,8.444600485576558,-0.005448974258702908,125,0.9109324151584345,1,0.29891512930984154
fov0,1241,29636.637271214644,10750.745424292845,86.96873885299297,14.264153815057123,-0.13403846313588402,601,0.9864578905740113,1,0.36493270269166395
fov0,1242,29635.053225806452,9142.637096774193,74.09180891854285,16.431864838886685,0.7057128128890667,620,0.9750973940863368,1,0.5823320193386614
fov0,1243,29661.834562697575,8437.375131717597,58.75540489671864,40.786577893187655,-0.050790779726859935,949,0.719805538439,1,
fov0,1244,29900.625511167033,8407.310317709971,417.7361393739134,109.53108174345383,-0.7213763647689746,6358,0.9650131211247411,0,0.40877801766182686
fov0,1245,29767.100552486187,5155.260773480663,65.11223111090251,40.34980369235259,1.1803999833845313,905,0.7848417618633899,1,
fov0,1246,29804.221739130433,10154.678260869565,30.77633907154399,11.405952109468402,-0.20227696611004226,230,0.928789448397145,1,0.17651865957788235
fov0,1247,29810.321428571428,5222.232142857143,18.20221461984469,9.328516477329403,-0.9495920855186473,112,0.8586911108036704,1,
fov0,1248,29860.289562289563,10689.077441077441,45.56877115413965,9.806328496228327,-0.853345004718194,297,0.9765703411057725,1,0.5542865930397904
fov0,1249,29905.15522174535,4967.87339055794,157.78974193795293,34.61091718224002,-0.9518286273254392,1398,0.9756466101567155,1,0.5113071044859143
fov0,1250,29922.44060211554,4897.617168429618,202.4807812474267,99.40683721454856,-0.6668945334519417,2458,0.8711908189922724,1,0.40081836034527896
fov0,1251,29909.751329787236,4334.61170212766,116.3081355785449,13.162440769017866,1.0055176224137523,752,0.9935757871558358,1,0.8974290115903556
fov0,1252,29893.88779527559,4163.204724409449,69.81041731052643,12.733324004122506,-1.0624931202534516,508,0.9832246651940968,1,0.6194004752534962
fov0,1253,29944.748878923765,4125.262331838565,37.39762886546121,17.21058219853457,-0.060305262401562996,446,0.887812593006864,1,0.5042133475554249
fov0,1254,29998.5261627907,10013.427325581395,161.85020621692573,20.12117795166915,0.06046602061629431,1720,0.9922422076115157,1,0.26365009097419584
fov0,1255,30222.645159389547,8654.381297507512,689.4963642031657,175.58828013783872,-0.6468132850217898,16971,0.9670302193985937,-1,0.23445222232936236
fov0,1256,30046.539419087138,4299.989626556016,60.46921741326942,53.1153432915834,0.15891089589685942,964,0.4779510270013004,0,
fov0,1257,30046.726790450928,4210.477453580902,30.75284581832378,15.876148391068746,1.4313267721439904,377,0.8564380975358908,1,
fov0,1258,30050.81210191083,5006.732484076433,34.202617776145686,25.154547593934808,-1.2224351529885351,314,0.6775716236018078,1,
fov0,1259,30173.863076220903,8161.52282062985,255.79497150731711,108.42018884033311,-0.12806887647926213,4382,0.9057296721865691,1,0.34893833763909915
fov0,1260,30172.980242478672,10002.958239784464,197.45491880656508,20.936676433964927,-0.17126997322680426,2227,0.9943626443076455,1,0.20996104574740526
fov0,1261,30133.410447761195,4852.7731343283585,91.92516376027645,13.452423177399643,0.7215113294796012,670,0.9892342001991498,1,0.608575042117886
fov0,1262,30144.033834586466,5008.894736842105,47.86764347526171,8.715030289985005,-0.3145917914992336,266,0.9832864672044184,1,0.46991704058963735
fov0,1263,30233.403301886792,4244.484669811321,51.743453861905856,32.982690008842354,0.49965760056164754,848,0.7705105055492579,1,
fov0,1264,30268.405109489053,10844.594890510949,34.71741026900503,11.404513341651182,1.0969065369297157,274,0.9445055324699527,1,0.7694926333435991
fov0,1265,30310.696220930233,4476.344476744186,35.984631600055884,27.733968592056126,0.0688270989051348,688,0.6371775663951215,1,
fov0,1266,30361.09118236473,7421.796593186373,70.94167960665933,45.80736557613047,1.494108360782333,998,0.7635873422234986,0,
fov0,1267,30413.568445475637,8186.778654292343,143.38763883435325,60.18964960557664,-0.19276068767853038,2155,0.9076310915555024,0,0.3228768452964232
fov0,1268,30356.489164086688,4436.165634674922,44.79353453625571,21.74085994195938,-1.4397395362328596,646,0.8743160110613623,1,1.0660935360632784
fov0,1269,30398.418406072105,4506.648007590133,102.707452240628,33.50659446519318,-0.21682924652696625,1054,0.9452892744869544,1,0.6052552148410281
fov0,1270,30445.727626459146,4554.330739299611,37.703129729939455,12.194429484867436,1.0744563417060538,257,0.9462511360263355,1,0.7533876931151215
fov0,1271,30488.96404109589,7248.732876712329,71.28159861173279,13.422179208386058,-0.6343378101281769,584,0.9821119489908613,1,0.2303291857256601
fov0,1272,30474.304964539006,4518.007092198582,33.8984774039845,16.74294946530731,1.3987047873269918,282,0.8695104761979474,1,0.8842106481373887
fov0,1273,30495.873887240356,10053.701780415431,74.17486648556348,22.645950012570477,0.09199719752063822,674,0.9522546505724381,1,0.5068753627389808
fov0,1274,30517.2,4077.822222222222,26.159285420959396,17.114802880045264,0.5387344316174396,270,0.756275357239491,1,
fov0,1275,30632.938699110902,4388.357510528778,229.3584757819628,36.252229221616645,0.05964944399344496,2137,0.9874296292495189,1,0.47851897416392897
fov0,1276,30578.939068100357,4507.68458781362,42.61229533411077,10.330900521612964,0.08059929932708212,279,0.9701665442488978,1,0.47465689542091877
fov0,1277,30675.836468885675,10130.584418716835,273.27327850244,83.24896943806148,-0.9337433459146846,4146,0.9524687421050801,1,0.7003476521122602
fov0,1278,30639.288617886177,4500.6869918699185,63.572365713838906,16.614577077640238,-0.8570541010878808,492,0.9652443610795555,1,0.8115848708760816
fov0,1279,30703.200743494424,8664.281288723669,41.994548916494594,32.52419795549861,-1.33041216827907,807,0.6325908236685288,1,
fov0,1280,30768.615245009074,8127.444646098003,289.8462820029776,131.79495208128301,-1.2782135839393196,4408,0.8906414053348335,1,0.44789611408686514
fov0,1281,30786.77514563107,4007.213203883495,206.59267492937732,139.99980975013358,-1.0663063355424052,5150,0.735374392054709,1,
fov0,1282,30817.868959107807,10096.203996282527,135.33119268437176,78.16824751356502,0.06344963461286593,2152,0.8163149670166351,1,
fov0,1283,30801.743474347433,10263.572457245724,75.92668336791282,53.438424674378595,-0.2681622687035608,1111,0.7103821865898956,0,
fov0,1284,30810.50311850312,6949.848232848233,63.44781631534228,19.263618507460937,-0.20484868880280488,481,0.9527952536870534,1,0.14164430824269958
fov0,1285,30876.992451405924,8444.157765616153,205.94594876442082,132.61053131058054,-0.8305682979402411,5299,0.7651017519173356,0,
fov0,1286,30848.367881548977,4203.367881548975,60.44204928466428,56.33979742859428,0.5057189680317974,878,0.36212595101220263,0,
fov0,1287,30850.622641509435,9960.924528301886,26.662869662858753,16.960474753853934,0.9587652003726911,265,0.7715997229150939,1,
fov0,1288,30851.22950819672,10024.053864168618,66.11585333979458,14.5734528382031,-1.426358589996607,427,0.9754043847330952,1,0.9066463721774554
fov0,1289,30960.05562913907,4053.8419426048563,267.51165030612117,72.50991373725974,-0.398421271314965,4530,0.9625643419231034,-1,0.21923250937710415
fov0,1290,30899.10933186085,3964.362782992822,76.92859485357964,44.85701127501158,-0.5679348291381737,1811,0.8124008764871691,0,
fov0,1291,30870.434210526317,10295.894736842105,39.10941923118464,15.681583247912739,0.9189824274376581,380,0.9160925344158767,1,0.7755870166822357
fov0,1292,30884.59053833605,6914.752039151713,43.16207456317746,24.851507185885804,-0.49429519418703477,613,0.8176104119263423,1,
fov0,1293,30888.41212121212,10029.006060606062,29.21624530372938,19.97412445225624,-1.1884440256374915,330,0.7297959733941004,1,
fov0,1294,30924.77802197802,3671.7153846153847,79.86864242595404,24.36312025030526,-0.6563439687951882,910,0.952339581299928,1,0.5452705077044411
fov0,1295,30912.58360655738,10111.259016393442,25.497895693915833,18.96372489987619,-0.5653270073984321,305,0.668472498998911,1,
fov0,1296,31006.33429319372,7151.634816753926,250.60200784419652,35.02109846367171,-0.47669710886992966,3820,0.9901871191802752,0,0.16598612135882704
fov0,1297,30957.164516129033,4033.803225806452,42.90521615677575,10.393523953500187,-0.00041593715124038004,310,0.9702154019063395,1,0.19702252480049107
fov0,1298,30967.18276374443,3583.6731054977713,98.98108261900003,11.905099494607922,1.107993018898395,673,0.9927404294989076,1,0.5730241624531999
fov0,1299,30959.410256410258,3934.6153846153848,33.6827240648671,9.256676800125835,0.08670409142044251,195,0.9614957729690805,1,0.223610734885812
fov0,1300,30968.715294117646,3982.110588235294,52.27646759675211,14.40729347087437,0.1572110794504483,425,0.9612729606732808,1,0.2500520742599019
fov0,1301,30975.0592,9226.4864,29.444866187260725,27.195176440212887,-0.08560122286889826,625,0.3833659309528561,1,
fov0,1302,30980.9179331307,10087.328267477204,40.757192564615856,11.961356669500237,0.8327172703215137,329,0.9559656972032197,1,0.7407730233921198
fov0,1303,31035.51219512195,3951.481707317073,16.868416966692617,12.576982263758689,0.15174223104793785,164,0.6664010155133345,1,
fov0,1304,31042.22543352601,3779.751445086705,22.578238699886782,11.772635665066309,-1.2232173341760464,173,0.8533031371180724,1,
fov0,1305,31070.879194630874,3718.5704697986575,15.273093123395546,12.538405555615364,-1.0108779589334416,149,0.5710038737512267,1,
fov0,1306,31109.30859375,3718.19921875,18.807207340389148,17.37829855450074,-0.590885415612231,256,0.38233606418894606,1,
fov0,1307,31352.16024935827,7023.21397139714,281.62070793246147,110.37937613714672,-0.21292971565051252,5454,0.9199893345915564,0,0.3024376132493684
fov0,1308,31333.920200638397,7120.575011399908,204.88151147630273,17.73123471829367,0.04531523564694626,2193,0.9962480424541128,1,0.3889150523246678
fov0,1309,31348.265927977838,3257.6731301939058,44.2340047018975,13.159239442010255,-0.3299612998591922,361,0.954724473575994,1,0.4084521347225582
fov0,1310,31357.19540229885,3457.2456896551726,47.23768695778419,20.50766767144829,0.6677604937824887,696,0.9008464522703259,1,0.778175803249986
fov0,1311,31563.971698113208,3158.1137316561844,393.48301261605513,121.66885349126257,0.17746001390644756,5724,0.9509938071439592,0,0.5571105628849371
fov0,1312,31378.35542168675,3221.1927710843374,19.84070431628715,12.525466637128604,-1.29799182080259,166,0.775537491517013,1,
fov0,1313,31420.967595818816,3456.0202090592334,217.23065347274817,92.29360246201557,-1.503774472008259,2870,0.9052569356374143,1,0.7110714380678963
fov0,1314,31476.303286384977,3191.752112676056,128.58695164807665,13.61082616051388,-0.13357440755534905,1065,0.9943821933910402,1,0.40734629490242363
fov0,1315,31503.445423728812,3669.7837288135593,111.83890693619604,56.42593902987403,-1.2993746846954803,1475,0.8633949180561131,0,
fov0,1316,31512.13565891473,3494.6046511627906,37.58694215770167,12.651261656557542,-1.1586487656549074,258,0.9416525102766923,1,0.8869510608267137
fov0,1317,31585.52841781874,3602.3963133640555,53.47173963869597,32.63094544060376,0.9512570952952224,651,0.7922115436366199,1,
fov0,1318,31575.77852348993,8715.31543624161,23.907024238861876,8.690628665377028,0.6778950952019741,149,0.9315872556426809,1,0.3675179830991648
fov0,1319,31681.1565625,8824.0834375,291.2607333027633,31.355089823051006,0.7115295207019378,3200,0.9941885299051291,1,0.3794476269169411
fov0,1320,31658.818541996832,7387.217115689382,131.2755065357351,37.28243733904742,-1.3639009131612845,1262,0.9588238434875509,1,0.5337293651430465
fov0,1321,31669.567567567567,3667.658301158301,69.73173881905323,34.66763020425275,0.9856353370588252,518,0.8676605335326015,1,0.9583288466730406
fov0,1322,31671.145454545454,3559.551515151515,50.05720865158768,10.309353395302269,0.9706887133583958,330,0.9785622162222749,1,0.9518874105635909
fov0,1323,31695.05319148936,7318.502659574468,50.55970481204606,9.77679704247554,-0.262907394986581,376,0.9811256449572486,1,0.36611308032426043
fov0,1324,31708.53673723537,8309.666251556662,60.68209658489459,19.588771004165825,-0.7107406318143522,803,0.9464638822766175,1,0.3272694957389147
fov0,1325,31723.793893129772,8467.312977099236,31.117844831287925,11.936119373112186,0.34738872433299123,262,0.9235085003673738,1,0.4751727905870955
fov0,1326,31731.922839506173,7339.978395061728,44.18397104643653,17.724082772529616,-1.1766551259403228,324,0.9160155224946002,1,0.45359495503223285
fov0,1327,31761.797101449276,8119.692431561997,77.8828474230936,21.611851037116512,-1.001878888339512,621,0.9607280074910464,1,0.7036340075348494
fov0,1328,32052.622386445564,8426.991107906753,658.0852308513914,192.30262198223178,-0.12734299890181794,16644,0.9563525370316781,0,0.3568921911301234
fov0,1329,31785.031578947368,8144.19649122807,42.286118134299294,9.426799652999813,-1.121755410889273,285,0.9748346967650856,1,0.7492315137477139
fov0,1330,31820.995925758263,3469.9637845178813,180.92006581368167,41.663083951815324,-0.9889451099375965,2209,0.9731233511505335,0,0.7247725864103908
fov0,1331,31820.809027777777,8570.732638888889,30.33012231452242,16.286354153728734,-0.30638324070854295,288,0.8436015829405477,1,
fov0,1332,31883.54481792717,8535.628851540616,34.02928431313653,28.28201711801818,0.8893799285045818,714,0.556110749310286,1,
fov0,1333,31905.796536796537,3379.374458874459,26.38657300786404,22.432844396310486,0.9036005948457777,462,0.5265222574558504,1,
fov0,1334,31921.50448833034,2972.8644524236984,137.07252530766357,26.633879216287276,-1.1878800730295367,1114,0.9809411607107013,1,0.9557510600427066
fov0,1335,31976.014111610006,3415.014753046825,153.44415398915555,19.895261638602612,-0.19095210347573557,1559,0.9915587747814256,1,0.38121508167736723
fov0,1336,31949.253731343284,3107.434328358209,66.49926135633616,14.78835453905581,0.8102514768461574,670,0.9749592153379165,1,0.5656085439367524
fov0,1337,31994.61086637298,3045.3861967694565,156.0511426101387,13.993117857065783,1.56249620955713,1362,0.9959715244046675,1,0.8951862181977285
fov0,1338,32073.340102655657,8004.45614818121,272.7688806462689,116.2616339813484,0.8707539320218118,4481,0.9046159439406157,1,0.6955262353226423
fov0,1339,32033.604340567614,8816.641068447412,43.4743792296974,18.793934254662005,0.3279857236347239,599,0.9017302829791628,1,0.23790448461019356
fov0,1340,32035.286458333332,8096.574652777777,55.881600631539946,15.817892379983146,1.0755540275418414,576,0.9591019577024422,1,0.7606085602790881
fov0,1341,32030.548672566372,7862.404867256637,65.84566428256781,10.74018751112414,1.3411980453296724,452,0.9866076355227,1,0.8605243188213043
fov0,1342,32210.690106295995,8580.467865903516,311.79857396866385,88.34307269521933,-0.2863031010473911,6115,0.959021356173882,-1,0.31206285426740993
fov0,1343,32084.20588235294,3372.176470588235,28.25706969876327,16.775588364656883,0.30909938267368636,272,0.804703018185547,1,
fov0,1344,32155.260135135137,2847.4222972972975,149.7384142657273,12.960892020442655,-0.11673273492254292,888,0.9962469092231996,1,0.13052460333905677
fov0,1345,32129.958620689657,2912.88275862069,45.772628504915424,8.368157006723294,0.1944749515594881,290,0.9831463813452197,1,0.15620944231742964
fov0,1346,32179.584251968503,3233.35905511811,51.604678193231685,22.41533017273389,0.384780159371194,635,0.9007363472178552,1,0.40215017687718096
fov0,1347,32169.971563981042,3299.0616113744077,46.599636359407995,19.340849632794033,-0.7863762631117424,633,0.9098018278056335,1,0.36570150292660036
fov0,1348,32261.763365037717,8774.849458838964,253.8871710008683,107.05262088128104,0.6779841255543889,6098,0.9067566595397484,0,0.3560911135405325
fov0,1349,32215.98275862069,8910.8908045977,27.945001284727763,8.981896917029271,-0.18056242061307448,174,0.9469389887201155,1,0.26731140648392054
fov0,1350,32238.528169014084,2914.342723004695,51.09038366007907,12.236821955666334,-0.04475660483221034,426,0.9708931046657103,1,0.11558139507430978
fov0,1351,32306.39934800326,3195.157294213529,204.28684797693882,40.59405792949769,-0.29261217923256655,2454,0.980058116177484,1,0.4605225678786932
fov0,1352,32286.923392612858,2852.536251709986,107.83546350062097,15.734452267351285,0.2593725295921701,731,0.9892976222362115,1,0.1832069560998589
fov0,1353,32314.98469387755,3242.1282798833818,151.64210066987835,21.153013877721133,-0.37423410128639367,1372,0.9902230550064088,1,0.48157935316479256
fov0,1354,32310.32081911263,2918.863481228669,42.39283701252224,10.180687643093089,-0.2873222885450578,293,0.9707355126632953,1,0.19668228051076822
fov0,1355,32483.56851098454,7339.578275020342,462.5381761916838,171.7068511816711,-0.8074945949546407,12290,0.9285419790411453,1,0.6805929299607837
fov0,1356,32412.7656529517,7575.7942754919495,79.99199786496875,12.379649658939433,0.6939571327059485,559,0.9879519227292184,1,0.5349992618417881
fov0,1357,32441.364864864863,8811.670147420147,105.07722893367698,30.35653710041895,0.1887365505876545,1628,0.9573600673358592,1,0.20262464479346418
fov0,1358,32408.07580174927,7613.883381924198,35.7836259221092,19.552228526881542,-0.9568343347359324,343,0.8375233432456133,1,
fov0,1359,32452.332537313432,8909.666865671641,98.58923110509248,52.981551751854965,-0.8978514415699633,1675,0.8433294266845839,0,
fov0,1360,32505.441997063142,3053.6725403817914,44.47866667485918,32.21307087339281,0.7866721982570671,681,0.6895517311200082,1,
fov0,1361,32505.08154506438,3187.7210300429183,28.275045338301286,13.920476709704936,1.3456707875718543,233,0.8704121510768487,1,0.7596060283154038
fov0,1362,32553.69590643275,8439.810266406757,116.62727840778486,22.11045648516521,0.42432168695357153,1539,0.9818648521729929,1,0.24098320794388348
fov0,1363,32553.54910714286,7975.076388888889,102.65380380681536,63.591088372291296,0.19891298162794965,2016,0.7850192808624775,0,
fov0,1364,32546.655699177438,8364.816686251468,47.815783081448146,29.542641263985644,-0.8244702627058885,851,0.786301578360318,1,
fov0,1365,32683.441982148353,7397.395814096645,181.06074328124436,61.55629432385402,-0.6753683088976309,3249,0.9404341380425456,1,0.6416552837868433
fov0,1366,32683.809302325582,6673.767441860465,30.116400762197934,10.096366585006676,-0.9097673064870786,215,0.9421310565689143,1,0.1125891480762187
fov0,1367,32857.4,8014.82641509434,35.913954688537174,10.404937878248257,1.4001280169107708,265,0.9571118941387529,1,0.44626580801108184
fov0,1368,32864.71527777778,8644.861111111111,17.43282944919376,12.795036918313361,-0.03783738063060657,144,0.6791903767161697,1,
fov0,1369,33118.35652173913,8069.409975993598,486.52070698783547,296.0628326593236,-0.1902049648040006,18745,0.7935302586583902,-2,
fov0,1370,32999.81113994809,8521.90856458375,175.63351496378743,111.96170995316378,0.7992248720100085,5009,0.7704722889472688,-2,
fov0,1371,32976.8054945055,7592.968131868131,115.84149050222302,20.800994133302332,1.4212949582402181,910,0.9837462418870451,1,1.0029849714676418
fov0,1372,33012.88789237668,7753.089686098655,38.177555624534584,8.03641219519057,-0.11419422031483088,223,0.9775936501907236,1,0.6593858923679704
fov0,1373,33024.9734939759,7452.231325301204,51.941333527013484,24.705817856502915,-1.2222116823876792,830,0.8796354334171301,1,1.1000794318941503
fov0,1374,33028.833333333336,7137.927536231884,22.67510917446375,8.156491575611447,-0.7102755156649793,138,0.9330636772514661,1,0.7191097089331584
fov0,1375,33059.01136363636,7500.278743315508,182.69275479917152,24.33928681067939,-1.1524786365460038,1496,0.9910857855891348,1,1.0699606047887886
fov0,1376,33106.97297297297,8468.423423423423,52.98076034875067,11.789299216067954,0.4710731209489865,444,0.974928037366765,1,0.6062561368629248
fov0,1377,33138.563924677896,8528.357779980179,83.69784509468629,23.421637383662244,-1.4785137500805507,1009,0.9600479323483437,1,0.915670386754014
fov0,1378,33139.33079847909,7431.471482889734,31.99093259620368,12.671441405984506,1.0670397478100904,263,0.9182096303806125,1,0.807675428243337
fov0,1379,33193.32438478747,7367.586129753915,45.134438926497516,15.779720678132108,1.447832125536868,447,0.9368930958323948,1,1.08089029917439
fov0,1380,33206.65243902439,8141.737804878048,19.148879060346157,11.630276087370627,-0.420500664127017,164,0.7944262155792768,1,
fov0,1381,33275.79069767442,8234.421188630491,53.21077025399401,28.563717917500377,1.5527900159263417,774,0.8437074137204614,1,
fov0,1382,33307.5676625659,8170.265377855888,94.05139436726832,31.15068840292368,1.2278263479554687,1138,0.9435573414313467,1,0.9111865316928972
fov0,1383,33331.148514851484,8231.289603960397,62.36033092366693,21.259109548508505,-0.3314458145019407,808,0.9400968149095157,1,0.5254004882004902
fov0,1384,33409.817836812144,6216.779886148008,63.28956269339284,19.63117882445282,-0.03534590117070264,527,0.9506777315832802,1,0.4555934367420807
fov0,1385,33479.3598540146,8474.596350364964,110.69565255767418,63.852483453638115,0.31315862167002695,1370,0.8168647912008045,1,
fov0,1386,33532.948971193415,7707.202469135803,119.68851170743694,103.99275284061933,-1.5484338982469639,2430,0.4950550521921239,0,
fov0,1387,33624.349579831935,6836.6773109243695,67.82798944385807,21.915758769030827,1.391259886406722,595,0.9463621343615978,1,0.9487521036329334
fov0,1388,33625.870253164554,8371.62341772152,42.028717960155525,10.314565600025269,-0.49144456704878314,316,0.9694175842305881,1,0.5523946704913343
fov0,1389,33637.04048582996,6097.218623481781,32.31898299320697,13.646938547594925,-1.4176002945182788,247,0.9064758450831338,1,0.4945328752472977
fov0,1390,33853.79991803279,6863.150245901639,478.7205079924316,162.99595915789794,0.3350455471801857,12200,0.940250850462238,1,0.5958714532831946
fov0,1391,33716.767448055405,7424.904368673415,151.71259823222988,94.60999752361673,0.5048468124202287,3754,0.7817329616849297,0,
fov0,1392,33661.92923076923,6876.12,38.56212267379443,14.231920002664289,0.6245978070245198,325,0.9294036869934489,1,0.659634021733132
fov0,1393,33849.207884483156,7154.679578271831,465.9186041353813,145.39910303854649,-0.5987567378102279,13089,0.950059192978437,-1,0.6737060780816565
fov0,1394,33729.30583058306,6077.400440044004,84.55834873828128,18.901562105277,-0.9532948926725413,909,0.9746964141500944,1,0.31455518967446716
fov0,1395,33789.68656716418,6059.085074626866,65.08297750903122,21.625003613024564,-0.7557593353983888,670,0.9431849474259734,1,0.27901294300286394
fov0,1396,33899.965838301294,7636.142876281064,469.59382578441955,175.41346743927608,-1.2359248488621586,14929,0.9276128812276044,1,0.565699351161679
fov0,1397,33892.40551181103,6057.814960629921,86.98382125520455,25.822750573383395,-0.2562372737856546,762,0.9549183915062709,1,0.3988642446657617
fov0,1398,34018.09701492537,7002.007462686567,20.521831892349187,8.834377055869535,-1.5648462056265875,134,0.9025968888655042,1,1.0628718715142456
fov0,1399,34136.458333333336,7541.354166666667,66.9185137537308,17.25076537086485,0.5238723517764557,720,0.9662016018680566,1,0.6105662267055405
fov0,1400,34144.84427480916,5783.134351145038,62.70589673500771,17.631918367252133,-0.9354333358717947,655,0.9596537643287525,1,0.18715350301108435
fov0,1401,34160.92857142857,7835.7692307692305,32.34273673646709,26.168566955735724,-1.454275219605797,364,0.5876684906946836,1,
fov0,1402,34199.082914572864,5953.878559463987,78.98362085879533,62.941270109495,-1.2251247121871849,1194,0.6041242223282274,1,
fov0,1403,34219.393684210525,7839.265263157895,65.58817302572163,12.47754335732294,-0.4496154773679953,475,0.9817374681077297,1,0.32309392286547917
fov0,1404,34248.475,7798.907142857143,44.8483794097046,8.466103303144301,-0.20176969085957924,280,0.9820210069428644,1,0.34135207294836833
fov0,1405,34304.041586692256,6245.777351247601,134.88385647107566,58.13639558514726,-0.6775305118889314,1563,0.9023467799965702,1,0.14277771220207167
fov0,1406,34336.51388888889,7828.6150793650795,97.32613413854209,21.39601802774151,-0.6566092279977425,1008,0.9755363109878964,1,0.3516806760140813
fov0,1407,34354.62213022206,7220.662024840045,151.2237285535799,96.35661900343906,1.3933056899458753,2657,0.7707156597165992,0,
fov0,1408,34416.72802404207,5834.585274229902,85.74874996151162,45.46466837346091,-0.08202083076909884,1331,0.8478676410064969,0,
fov0,1409,34455.221153846156,6166.419230769231,31.35169038127513,23.60899377694308,0.9322958603769683,520,0.6579777752063806,1,
fov0,1410,34487.71087928465,7776.529061102831,58.46363300483501,34.54377832110767,-1.1303478962236873,671,0.8067746570533634,1,
fov0,1411,34574.87392550143,7097.5243553008595,23.168229623158762,19.35021051105805,0.5309166827950533,349,0.5499394332600053,1,
fov0,1412,34596.899755501225,7658.171149144254,34.38495521764222,21.862180456377992,0.5016984607423947,409,0.7718484338333034,1,
fov0,1413,34734.04536082474,7502.520618556701,63.433288471351574,23.72359833323179,-0.5030895082743396,970,0.9274315741058865,1,0.4933502435619416
fov0,1414,34794.41176470588,7119.60294117647,17.05439393780743,13.021498075104855,1.049509312465474,136,0.6457753624345681,1,
fov0,1415,34857.097510373445,7630.838174273859,89.43845279744929,19.324513992836117,-0.0026331097108235305,964,0.9763789947734562,1,0.4044546399911216
fov0,1416,34864.24670184697,7022.515831134565,89.2091938460683,34.00470218849636,1.3756049484130837,758,0.9245011119533593,1,0.9617930654484563
