cell_id,dapi_n_pixels,dapi_area_um2,dapi_total_intensity,dapi_mean,dapi_std,dapi_min,dapi_p10,dapi_p50,dapi_p90,dapi_max,dapi_iqr,dapi_nonzero_fraction,dapi_intensity_centroid_x,dapi_intensity_centroid_y,dapi_centroid_shift_um,dapi_polarity_score,dapi_inertia,dapi_entropy,dapi_lacunarity,xenium_dapi_image_kind,xenium_dapi_image_path,xenium_dapi_channel_index,xenium_pixel_size_um
abdnmell-1,555,25.061718749999997,1135793.0,2046.4738738738738,588.7566780037422,743.0,1272.2,2092.0,2755.8,3347.0,957.5,1.0,3295.4943964591257,166.96667570587243,0.4749173601797605,0.08407319651075945,138223514.38084227,4.4549032447864505,0.9615390454545747,verified_focus_dapi,/Volumes/Shihong_5/for_spatioev/pancreas_Xenium_example_data_from_10X/Xenium_V1_hPancreas_nondiseased_section_outs/morphology_focus.ome.tif,0,0.2125
abjolfki-1,591,26.687343749999997,1118293.0,1892.2047377326564,480.64225261927874,998.0,1345.0,1818.0,2575.0,3462.0,602.5,1.0,6670.851266349695,866.8153999443795,0.0828106095918053,0.014206210563646664,112018739.53952676,5.835532103907131,0.35736408945177467,verified_focus_dapi,/Volumes/Shihong_5/for_spatioev/pancreas_Xenium_example_data_from_10X/Xenium_V1_hPancreas_nondiseased_section_outs/morphology_focus.ome.tif,0,0.2125
abmoaenb-1,531,23.97796875,1025627.0,1931.5009416195858,349.0255435305246,893.0,1412.0,1996.0,2338.0,2566.0,483.5,1.0,6630.7342622366605,867.2445438497621,0.5080695678169056,0.0919521584628544,79815777.45276207,5.885661561842955,0.3087783719464983,verified_focus_dapi,/Volumes/Shihong_5/for_spatioev/pancreas_Xenium_example_data_from_10X/Xenium_V1_hPancreas_nondiseased_section_outs/morphology_focus.ome.tif,0,0.2125
acjnoefm-1,703,31.744843749999998,725032.0,1031.339971550498,372.84014274727906,450.0,590.2,965.0,1608.0000000000007,1907.0,579.5,1.0,7335.519111846098,862.0710528983548,0.2185985268316233,0.03438393480083065,69856373.19674167,6.140068731061386,0.4886128199014527,verified_focus_dapi,/Volumes/Shihong_5/for_spatioev/pancreas_Xenium_example_data_from_10X/Xenium_V1_hPancreas_nondiseased_section_outs/morphology_focus.ome.tif,0,0.2125
adgahbef-1,189,8.534531249999999,150968.0,798.7724867724868,128.57446356946528,410.0,591.6,822.0,934.4000000000001,1050.0,140.0,1.0,847.3134588124635,1163.3967504702982,0.14559512585935339,0.0441674107777403,4289142.869455779,4.768373151758873,0.16625544443157483,verified_focus_dapi,/Volumes/Shihong_5/for_spatioev/pancreas_Xenium_example_data_from_10X/Xenium_V1_hPancreas_nondiseased_section_outs/morphology_focus.ome.tif,0,0.2125
aedehale-1,1463,66.06359375,1603888.0,1096.3007518796992,386.89304474478286,380.0,661.0,1058.0,1591.8,2368.0,603.0,1.0,3306.340518080128,1270.6196405624955,0.9132626056019207,0.0995771102155714,522935811.3600638,4.978726672498028,1.1617578890565454,verified_focus_dapi,/Volumes/Shihong_5/for_spatioev/pancreas_Xenium_example_data_from_10X/Xenium_V1_hPancreas_nondiseased_section_outs/morphology_focus.ome.tif,0,0.2125
aediiecj-1,905,40.86640625,1656543.0,1830.4342541436465,514.8743067534351,776.0,1057.4,1955.0,2406.6,2899.0,935.0,1.0,3310.435920709574,1310.7261067400605,1.030249905000109,0.1428250220707962,245790817.56847364,5.970450354220949,0.5346047423149634,verified_focus_dapi,/Volumes/Shihong_5/for_spatioev/pancreas_Xenium_example_data_from_10X/Xenium_V1_hPancreas_nondiseased_section_outs/morphology_focus.ome.tif,0,0.2125
aefohcoo-1,602,27.184062499999996,1489055.0,2473.513289036545,641.6225052101682,1048.0,1515.0,2500.5,3299.2999999999997,3758.0,942.5,1.0,3300.6851965256487,1264.5898030210435,0.23795149227754167,0.040446057359236544,135962148.54035342,6.508528565161532,0.26837796091393123,verified_focus_dapi,/Volumes/Shihong_5/for_spatioev/pancreas_Xenium_example_data_from_10X/Xenium_V1_hPancreas_nondiseased_section_outs/morphology_focus.ome.tif,0,0.2125
afbcifke-1,491,22.171718749999997,916983.0,1867.582484725051,283.85616179562754,1013.0,1454.0,1911.0,2201.0,2567.0,386.0,1.0,6619.507423324641,1690.1423222949606,0.23275540655394994,0.043807153851594276,92380172.82259323,5.142266577472778,0.43619093997292446,verified_focus_dapi,/Volumes/Shihong_5/for_spatioev/pancreas_Xenium_example_data_from_10X/Xenium_V1_hPancreas_nondiseased_section_outs/morphology_focus.ome.tif,0,0.2125
afdmhenh-1,616,27.816249999999997,695856.0,1129.6363636363637,419.5278587437329,409.0,601.0,1109.0,1718.5,1991.0,749.75,1.0,6601.702651949541,1287.3082160497288,0.32776863847548837,0.05507608319926181,86303724.35001926,6.2783001925240525,0.365857909786493,verified_focus_dapi,/Volumes/Shihong_5/for_spatioev/pancreas_Xenium_example_data_from_10X/Xenium_V1_hPancreas_nondiseased_section_outs/morphology_focus.ome.tif,0,0.2125
afgakkji-1,431,19.46234375,762601.0,1769.3758700696055,348.49237479149537,890.0,1289.0,1778.0,2256.0,2653.0,413.0,1.0,6593.0772232137115,911.1831156627121,0.22865375090356457,0.045933094138540485,55863548.36929928,5.763850466018839,0.262809518235267,verified_focus_dapi,/Volumes/Shihong_5/for_spatioev/pancreas_Xenium_example_data_from_10X/Xenium_V1_hPancreas_nondiseased_section_outs/morphology_focus.ome.tif,0,0.2125
afhcnodd-1,381,17.20453125,458656.0,1203.8215223097113,278.78996065400577,502.0,903.0,1161.0,1568.0,1986.0,297.0,1.0,6605.763469135911,1062.6844910455766,0.3065696589041309,0.06550171772397298,33339551.25422975,4.640455638164145,0.5786371999091032,verified_focus_dapi,/Volumes/Shihong_5/for_spatioev/pancreas_Xenium_example_data_from_10X/Xenium_V1_hPancreas_nondiseased_section_outs/morphology_focus.ome.tif,0,0.2125
afopoied-1,946,42.717812499999994,2193707.0,2318.9291754756873,663.5476281434163,676.0,1344.0,2360.0,3193.5,3722.0,884.75,1.0,3777.725710401389,2180.1905387433235,0.1723605890579989,0.02337105985937938,338963004.4439417,7.047535089141834,0.29998744043559566,verified_focus_dapi,/Volumes/Shihong_5/for_spatioev/pancreas_Xenium_example_data_from_10X/Xenium_V1_hPancreas_nondiseased_section_outs/morphology_focus.ome.tif,0,0.2125
afpknceg-1,501,22.623281249999998,821574.0,1639.868263473054,574.0523829182405,653.0,945.0,1538.0,2482.0,3011.0,938.0,1.0,3881.3722113893573,2181.7585657378395,0.41343174103485864,0.07703196204207031,58864417.23085809,5.897288342239575,0.4480984819975679,verified_focus_dapi,/Volumes/Shihong_5/for_spatioev/pancreas_Xenium_example_data_from_10X/Xenium_V1_hPancreas_nondiseased_section_outs/morphology_focus.ome.tif,0,0.2125
ahficpef-1,717,32.377031249999995,1013396.0,1413.3835425383543,440.5635884741992,416.0,792.2,1507.0,1932.8,2278.0,727.0,1.0,1034.2961876823078,864.4644487569518,0.9641099755992804,0.15015956620037663,105343277.18089867,6.279728570145697,0.4133803349541191,verified_focus_dapi,/Volumes/Shihong_5/for_spatioev/pancreas_Xenium_example_data_from_10X/Xenium_V1_hPancreas_nondiseased_section_outs/morphology_focus.ome.tif,0,0.2125
ahkdhgpf-1,572,25.829375,962200.0,1682.167832167832,430.27763822703776,648.0,982.1,1731.5,2165.8,2612.0,579.5,1.0,1362.3843959805654,857.7767374116607,0.8751096146599224,0.15259856417057394,91020699.43430264,5.948078592557267,0.3448164257934991,verified_focus_dapi,/Volumes/Shihong_5/for_spatioev/pancreas_Xenium_example_data_from_10X/Xenium_V1_hPancreas_nondiseased_section_outs/morphology_focus.ome.tif,0,0.2125
aigjcicg-1,250,11.289062499999998,236584.0,946.336,182.44295301271572,528.0,729.0,929.0,1169.8,1567.0,279.75,1.0,4963.213878263112,95.33717506255705,0.10600341151118658,0.027959914843690162,11558189.086024415,4.162654812742327,0.5186193865059916,verified_focus_dapi,/Volumes/Shihong_5/for_spatioev/pancreas_Xenium_example_data_from_10X/Xenium_V1_hPancreas_nondiseased_section_outs/morphology_focus.ome.tif,0,0.2125
ajcbepah-1,765,34.54453125,1244915.0,1627.3398692810458,282.67175733944225,702.0,1287.8,1652.0,1972.2,2303.0,363.0,1.0,7492.115032080503,867.2963706859504,0.730387915328103,0.11013081868270419,149987900.48271087,6.226025796270222,0.2797608097587768,verified_focus_dapi,/Volumes/Shihong_5/for_spatioev/pancreas_Xenium_example_data_from_10X/Xenium_V1_hPancreas_nondiseased_section_outs/morphology_focus.ome.tif,0,0.2125
ajeocapc-1,652,29.441874999999996,822239.0,1261.1027607361964,354.2671562081905,625.0,797.1,1222.0,1759.8,2035.0,586.75,1.0,857.3524526019806,1683.8263201149543,0.36233550694222155,0.05917974685233388,79135837.67840007,5.924917042504175,0.44330231427386285,verified_focus_dapi,/Volumes/Shihong_5/for_spatioev/pancreas_Xenium_example_data_from_10X/Xenium_V1_hPancreas_nondiseased_section_outs/morphology_focus.ome.tif,0,0.2125
ajlblmfe-1,589,26.597031249999997,1002350.0,1701.7826825127333,529.6297905916057,603.0,1028.6,1692.0,2411.4,2901.0,898.0,1.0,1105.95165528508,1711.2505698109444,0.2075598948528352,0.03566742863162826,88587911.54369232,6.007505343337153,0.41204406655831705,verified_focus_dapi,/Volumes/Shihong_5/for_spatioev/pancreas_Xenium_example_data_from_10X/Xenium_V1_hPancreas_nondiseased_section_outs/morphology_focus.ome.tif,0,0.2125
akcndmag-1,195,8.80546875,443035.0,2271.974358974359,953.9379296901409,531.0,1017.6,2325.0,3474.2,3981.0,1826.5,1.0,4964.008437454152,1645.2372326396335,0.47941966037879347,0.1431807195210199,11768827.89858589,4.526496266812394,0.4519923788873151,verified_focus_dapi,/Volumes/Shihong_5/for_spatioev/pancreas_Xenium_example_data_from_10X/Xenium_V1_hPancreas_nondiseased_section_outs/morphology_focus.ome.tif,0,0.2125
akiedfoi-1,275,12.417968749999998,599428.0,2179.7381818181816,308.10151307698993,1343.0,1762.8,2201.0,2561.0,2841.0,439.0,1.0,4944.0551332478635,1159.4477496463296,0.2986592124400239,0.07510962175438594,25996445.24910915,5.291257031070596,0.18108713347244612,verified_focus_dapi,/Volumes/Shihong_5/for_spatioev/pancreas_Xenium_example_data_from_10X/Xenium_V1_hPancreas_nondiseased_section_outs/morphology_focus.ome.tif,0,0.2125
akieelbd-1,233,10.521406249999998,386529.0,1658.9227467811158,305.5227884944933,913.0,1271.0,1649.0,2065.0,2532.0,445.0,1.0,4942.6190828825265,1164.8517680432774,0.13662483056281077,0.037328254475325465,15747326.308411527,4.919829564198971,0.18645499505972307,verified_focus_dapi,/Volumes/Shihong_5/for_spatioev/pancreas_Xenium_example_data_from_10X/Xenium_V1_hPancreas_nondiseased_section_outs/morphology_focus.ome.tif,0,0.2125
anjbfdhl-1,254,11.4696875,176561.0,695.1220472440945,166.85543764880467,347.0,496.3,659.0,970.8000000000001,1121.0,210.75,1.0,5154.285940765514,21.680837217732115,0.37873988438038475,0.09910833730641744,7124898.576004894,5.046151407119065,0.2820193601374452,verified_focus_dapi,/Volumes/Shihong_5/for_spatioev/pancreas_Xenium_example_data_from_10X/Xenium_V1_hPancreas_nondiseased_section_outs/morphology_focus.ome.tif,0,0.2125
aomahccn-1,342,15.443437499999998,221127.0,646.5701754385965,115.03236025491773,469.0,525.1,619.5,813.7,1013.0,137.75,1.0,2477.821451247473,1091.8768000402483,1.2220967597105046,0.27559957649709454,14559307.13778055,4.348741089843944,0.4545344902961476,verified_focus_dapi,/Volumes/Shihong_5/for_spatioev/pancreas_Xenium_example_data_from_10X/Xenium_V1_hPancreas_nondiseased_section_outs/morphology_focus.ome.tif,0,0.2125
apanelac-1,827,37.344218749999996,1305249.0,1578.2938331318016,368.5337652821268,629.0,1124.2,1543.0,2057.0,2479.0,572.0,1.0,1691.2929843845886,1688.6902330608948,1.0408321403959142,0.15094333668753748,297973286.7040281,5.98293724078424,0.40577555431896295,verified_focus_dapi,/Volumes/Shihong_5/for_spatioev/pancreas_Xenium_example_data_from_10X/Xenium_V1_hPancreas_nondiseased_section_outs/morphology_focus.ome.tif,0,0.2125
apkmmgoo-1,324,14.630624999999998,596633.0,1841.45987654321,224.51168188690866,873.0,1591.4,1862.5,2090.7,2359.0,287.25,1.0,5761.099034058625,1162.596788079942,0.5309950346529013,0.12302799921336507,32096710.4305729,5.229087993276905,0.22752319098003979,verified_focus_dapi,/Volumes/Shihong_5/for_spatioev/pancreas_Xenium_example_data_from_10X/Xenium_V1_hPancreas_nondiseased_section_outs/morphology_focus.ome.tif,0,0.2125
apnmndep-1,598,27.003437499999997,1045135.0,1747.7173913043478,534.9187936355378,763.0,1143.4,1635.5,2417.8,3791.0,688.0,1.0,5780.97179211298,931.7279721160425,0.04711683533775914,0.00803547449798038,109524811.78227884,6.184705214002296,0.3154499966447394,verified_focus_dapi,/Volumes/Shihong_5/for_spatioev/pancreas_Xenium_example_data_from_10X/Xenium_V1_hPancreas_nondiseased_section_outs/morphology_focus.ome.tif,0,0.2125
bblacnja-1,943,42.58234374999999,2000922.0,2121.868504772004,527.8581219598436,927.0,1561.4,2007.0,2979.2000000000003,3803.0,622.0,1.0,6530.381892566277,30.869302370357264,0.6295473393528042,0.0854985112778531,300719050.07026464,6.218055677050758,0.4691080485154291,verified_focus_dapi,/Volumes/Shihong_5/for_spatioev/pancreas_Xenium_example_data_from_10X/Xenium_V1_hPancreas_nondiseased_section_outs/morphology_focus.ome.tif,0,0.2125
bcepjjcf-1,558,25.1971875,521723.0,934.9874551971326,268.79546431207245,499.0,639.7,861.5,1362.2,1684.0,350.25,1.0,3194.4075996026627,1693.0020383182264,0.19600903130816955,0.03460548889492735,42645791.678756736,6.077223401313106,0.33462777956959766,verified_focus_dapi,/Volumes/Shihong_5/for_spatioev/pancreas_Xenium_example_data_from_10X/Xenium_V1_hPancreas_nondiseased_section_outs/morphology_focus.ome.tif,0,0.2125
bcglfoag-1,643,29.035468749999996,1333495.0,2073.864696734059,425.0326219821413,984.0,1593.4,2009.0,2671.6000000000004,3461.0,591.5,1.0,2581.694566505686,1696.9812171867911,0.43008239574518464,0.07073464627608643,144769549.35849628,6.280334533904792,0.2465418799891318,verified_focus_dapi,/Volumes/Shihong_5/for_spatioev/pancreas_Xenium_example_data_from_10X/Xenium_V1_hPancreas_nondiseased_section_outs/morphology_focus.ome.tif,0,0.2125
bcpckldj-1,516,23.300624999999997,798854.0,1548.1666666666667,244.36523396559386,803.0,1245.5,1555.5,1821.5,2290.0,284.75,1.0,6038.198775996615,1688.5445517109508,0.5106094667644829,0.09374541109646421,63273554.95386767,5.853286815093452,0.26011711859875136,verified_focus_dapi,/Volumes/Shihong_5/for_spatioev/pancreas_Xenium_example_data_from_10X/Xenium_V1_hPancreas_nondiseased_section_outs/morphology_focus.ome.tif,0,0.2125
bdcdfggo-1,285,12.869531249999998,455655.0,1598.7894736842106,413.36736716881006,729.0,1016.0000000000001,1648.0,2112.6,2342.0,699.0,1.0,2864.5745931406436,2174.2155405131075,0.15023539621313842,0.037113835883464834,21411077.809311867,4.9077396718117585,0.38143915976794546,verified_focus_dapi,/Volumes/Shihong_5/for_spatioev/pancreas_Xenium_example_data_from_10X/Xenium_V1_hPancreas_nondiseased_section_outs/morphology_focus.ome.tif,0,0.2125
bdkjeihb-1,281,12.688906249999999,16230.0,57.75800711743772,24.616166929890486,12.0,27.0,53.0,94.0,114.0,38.0,1.0,818.1950215650031,395.29459488601356,0.32897911264529955,0.08184669953470838,608246.9858287122,4.513018766059555,0.35807096754351947,verified_focus_dapi,/Volumes/Shihong_5/for_spatioev/pancreas_Xenium_example_data_from_10X/Xenium_V1_hPancreas_nondiseased_section_outs/morphology_focus.ome.tif,0,0.2125
bdmmepha-1,622,28.087187499999995,1355067.0,2178.564308681672,324.2345795633937,900.0,1789.0,2218.5,2545.8,2950.0,402.0,1.0,4103.874698133008,684.43192503581,0.2583406762602143,0.043199985997894284,145725146.06467724,6.055052610046431,0.2660849928188723,verified_focus_dapi,/Volumes/Shihong_5/for_spatioev/pancreas_Xenium_example_data_from_10X/Xenium_V1_hPancreas_nondiseased_section_outs/morphology_focus.ome.tif,0,0.2125
bdnionhc-1,495,22.35234375,535344.0,1081.5030303030303,267.54817840642283,472.0,736.8,1073.0,1461.2,1737.0,363.5,1.0,4046.0305327042047,836.5153625752787,0.4856824908531531,0.0910407557005195,40410049.421185255,5.989740362476572,0.24094260185625543,verified_focus_dapi,/Volumes/Shihong_5/for_spatioev/pancreas_Xenium_example_data_from_10X/Xenium_V1_hPancreas_nondiseased_section_outs/morphology_focus.ome.tif,0,0.2125
bemhcghb-1,494,22.307187499999998,1230048.0,2489.975708502024,432.24702345819065,1079.0,1862.8,2534.0,3004.1,3402.0,514.75,1.0,3842.419988478092,122.18538613940268,0.4126501679469818,0.07742916182669425,93806529.14382446,5.7162532769182315,0.32015251948406165,verified_focus_dapi,/Volumes/Shihong_5/for_spatioev/pancreas_Xenium_example_data_from_10X/Xenium_V1_hPancreas_nondiseased_section_outs/morphology_focus.ome.tif,0,0.2125
bfbliclm-1,678,30.615937499999998,918609.0,1354.8805309734514,350.1347724569696,523.0,875.8,1361.5,1864.0,2087.0,479.5,1.0,3814.269010128357,718.9353615357568,0.781947048455276,0.1252415702481625,99530073.85517234,5.675791641990857,0.49441501641088187,verified_focus_dapi,/Volumes/Shihong_5/for_spatioev/pancreas_Xenium_example_data_from_10X/Xenium_V1_hPancreas_nondiseased_section_outs/morphology_focus.ome.tif,0,0.2125
bffmmepp-1,510,23.029687499999998,857296.0,1680.9725490196079,379.43069742497704,604.0,1098.7,1773.5,2097.0,2254.0,535.0,1.0,3665.3518156360224,773.2245733824723,0.04805896325930416,0.008875142116847057,63640903.1845407,6.006355597900237,0.2953640411711785,verified_focus_dapi,/Volumes/Shihong_5/for_spatioev/pancreas_Xenium_example_data_from_10X/Xenium_V1_hPancreas_nondiseased_section_outs/morphology_focus.ome.tif,0,0.2125
bfhfgfoi-1,471,21.268593749999997,874513.0,1856.715498938429,243.93256297582073,947.0,1545.0,1877.0,2154.0,2371.0,278.5,1.0,3626.256612480318,471.242655469387,0.6458761674187359,0.12411515451174918,73100318.68534145,5.26553037568336,0.3533017761155098,verified_focus_dapi,/Volumes/Shihong_5/for_spatioev/pancreas_Xenium_example_data_from_10X/Xenium_V1_hPancreas_nondiseased_section_outs/morphology_focus.ome.tif,0,0.2125
bfkbacji-1,300,13.546874999999998,502997.0,1676.6566666666668,288.33325416183885,955.0,1250.5,1748.5,1998.0,2194.0,404.25,1.0,3645.207914560127,583.5220118857567,0.27541825424291494,0.0663159659818285,24767473.920981634,5.237630505531172,0.259856509688189,verified_focus_dapi,/Volumes/Shihong_5/for_spatioev/pancreas_Xenium_example_data_from_10X/Xenium_V1_hPancreas_nondiseased_section_outs/morphology_focus.ome.tif,0,0.2125
bfkcedbe-1,289,13.050156249999999,247784.0,857.3840830449827,266.50509039577116,351.0,519.4,815.0,1257.8,1431.0,387.0,1.0,4091.9443483033606,79.02363732121526,0.16309445511286455,0.04001071211434375,9950026.22019178,5.73179935882312,0.25450054416280354,verified_focus_dapi,/Volumes/Shihong_5/for_spatioev/pancreas_Xenium_example_data_from_10X/Xenium_V1_hPancreas_nondiseased_section_outs/morphology_focus.ome.tif,0,0.2125
bgeaiepn-1,312,14.08875,358442.0,1148.8525641025642,339.7190733171699,459.0,666.3,1203.5,1578.8000000000002,1859.0,559.25,1.0,3679.3735588672644,739.2315385404054,0.3434781682748697,0.08109757116458355,23077907.751295887,4.500001458571869,0.5917763721698788,verified_focus_dapi,/Volumes/Shihong_5/for_spatioev/pancreas_Xenium_example_data_from_10X/Xenium_V1_hPancreas_nondiseased_section_outs/morphology_focus.ome.tif,0,0.2125
bgjhbdpk-1,642,28.990312499999998,1008466.0,1570.8193146417445,336.7947576578696,684.0,1062.7,1595.0,1997.9,2271.0,426.0,1.0,3505.970791925558,784.3072337961814,0.3184447158570931,0.05241463176453988,106136132.90599485,6.057348340846447,0.3436731294102529,verified_focus_dapi,/Volumes/Shihong_5/for_spatioev/pancreas_Xenium_example_data_from_10X/Xenium_V1_hPancreas_nondiseased_section_outs/morphology_focus.ome.tif,0,0.2125
bgknidco-1,363,16.39171875,860836.0,2371.4490358126723,470.4280033712063,1069.0,1783.8,2364.0,2952.8,3520.0,674.5,1.0,3455.3687457018527,649.089810123531,0.36946302294642275,0.0808730222416515,53185714.48549899,5.281021656185081,0.35614240887842774,verified_focus_dapi,/Volumes/Shihong_5/for_spatioev/pancreas_Xenium_example_data_from_10X/Xenium_V1_hPancreas_nondiseased_section_outs/morphology_focus.ome.tif,0,0.2125
bhccjlah-1,552,24.926249999999996,1149373.0,2082.197463768116,392.6125276626123,1109.0,1578.3,2083.5,2563.0,3234.0,524.5,1.0,3663.1196770761103,606.972681181392,0.7610885811911363,0.13509885665420424,112854909.14687225,5.472895150253856,0.4662582100323929,verified_focus_dapi,/Volumes/Shihong_5/for_spatioev/pancreas_Xenium_example_data_from_10X/Xenium_V1_hPancreas_nondiseased_section_outs/morphology_focus.ome.tif,0,0.2125
bhehaokn-1,269,12.14703125,497727.0,1850.2862453531598,327.8265531018139,833.0,1442.4,1855.0,2268.0000000000005,2780.0,372.0,1.0,3700.795526287503,545.7469532494721,0.2881072372367763,0.07325951415431227,20851293.063844234,5.194727352506234,0.21001040714335176,verified_focus_dapi,/Volumes/Shihong_5/for_spatioev/pancreas_Xenium_example_data_from_10X/Xenium_V1_hPancreas_nondiseased_section_outs/morphology_focus.ome.tif,0,0.2125
bjbphlnh-1,488,22.03625,702598.0,1439.75,341.7233311335116,697.0,906.7,1478.0,1856.3,2140.0,518.0,1.0,3505.291043082246,98.89015617750123,0.12707527936978946,0.02399038228366248,71953171.6330035,5.961252758999694,0.2557259205318251,verified_focus_dapi,/Volumes/Shihong_5/for_spatioev/pancreas_Xenium_example_data_from_10X/Xenium_V1_hPancreas_nondiseased_section_outs/morphology_focus.ome.tif,0,0.2125
bjkneped-1,709,32.015781249999996,1308439.0,1845.4710860366713,496.8333952621972,919.0,1252.0,1782.0,2613.2,3325.0,677.0,1.0,3445.6707382709474,502.0831325438175,0.2039181190550403,0.031938808117870504,159075103.79217064,6.723132267482558,0.20748556830959825,verified_focus_dapi,/Volumes/Shihong_5/for_spatioev/pancreas_Xenium_example_data_from_10X/Xenium_V1_hPancreas_nondiseased_section_outs/morphology_focus.ome.tif,0,0.2125
bjnjpknf-1,323,14.585468749999999,582560.0,1803.59133126935,491.3933120927015,774.0,1076.6,1867.0,2370.0,2737.0,867.5,1.0,3361.0220098573536,709.6550177234963,0.3101597286828718,0.07197309077833254,29695729.81357285,5.08277492877469,0.42717734717615363,verified_focus_dapi,/Volumes/Shihong_5/for_spatioev/pancreas_Xenium_example_data_from_10X/Xenium_V1_hPancreas_nondiseased_section_outs/morphology_focus.ome.tif,0,0.2125
bkajjhdm-1,278,12.5534375,470871.0,1693.7805755395684,332.61746783724413,896.0,1185.7,1771.0,2055.9,2253.0,504.25,1.0,3378.022489041585,656.0573310152887,0.3974983881797078,0.09942577395064639,19908637.116896134,5.1923610531180975,0.2754513694494097,verified_focus_dapi,/Volumes/Shihong_5/for_spatioev/pancreas_Xenium_example_data_from_10X/Xenium_V1_hPancreas_nondiseased_section_outs/morphology_focus.ome.tif,0,0.2125
bkegiabb-1,732,33.05437499999999,1341441.0,1832.5696721311476,600.8020884762126,596.0,925.4000000000001,1857.0,2554.9,3518.0,864.0,1.0,3578.7977522865335,568.8923530088166,0.9741038222996748,0.15015358761751307,159937711.8376045,5.762684488364315,0.5672044454038248,verified_focus_dapi,/Volumes/Shihong_5/for_spatioev/pancreas_Xenium_example_data_from_10X/Xenium_V1_hPancreas_nondiseased_section_outs/morphology_focus.ome.tif,0,0.2125
bkifogli-1,331,14.946718749999999,620974.0,1876.0543806646526,333.273442348876,963.0,1410.0,1894.0,2275.0,2943.0,398.5,1.0,3366.8454349940575,429.7375785660913,0.26739805453197857,0.06129573437310357,39614543.81420317,4.6444319565919185,0.4341265990582586,verified_focus_dapi,/Volumes/Shihong_5/for_spatioev/pancreas_Xenium_example_data_from_10X/Xenium_V1_hPancreas_nondiseased_section_outs/morphology_focus.ome.tif,0,0.2125
blhfapio-1,342,15.443437499999998,819633.0,2396.5877192982457,622.228345264304,847.0,1438.6,2446.0,3158.7000000000003,3649.0,877.75,1.0,3412.410736512561,289.96270083683794,0.3047790925498134,0.06873186444892868,46660909.15926274,5.436537698049871,0.34477703420123124,verified_focus_dapi,/Volumes/Shihong_5/for_spatioev/pancreas_Xenium_example_data_from_10X/Xenium_V1_hPancreas_nondiseased_section_outs/morphology_focus.ome.tif,0,0.2125
bmcbljhl-1,689,31.112656249999997,630601.0,915.2409288824383,316.13733215259396,387.0,560.8,826.0,1416.8000000000004,1842.0,466.0,1.0,3345.0047013682183,206.04115462867964,0.249514086945536,0.039643452093275834,80890765.53709558,6.153907488912087,0.34225802360764374,verified_focus_dapi,/Volumes/Shihong_5/for_spatioev/pancreas_Xenium_example_data_from_10X/Xenium_V1_hPancreas_nondiseased_section_outs/morphology_focus.ome.tif,0,0.2125
bmepciik-1,384,17.339999999999996,1134862.0,2955.3697916666665,305.71989618078493,1867.0,2551.7000000000003,2993.0,3324.6,3618.0,269.5,1.0,3413.9578034487895,720.1953621123097,0.16997028224588093,0.03617373807963009,70374201.65212862,5.846670400778118,0.16339123098937255,verified_focus_dapi,/Volumes/Shihong_5/for_spatioev/pancreas_Xenium_example_data_from_10X/Xenium_V1_hPancreas_nondiseased_section_outs/morphology_focus.ome.tif,0,0.2125
bmkaabcb-1,519,23.436093749999998,718359.0,1384.121387283237,281.37443204196546,753.0,1054.0,1334.0,1802.2,2055.0,458.0,1.0,7338.2475052341515,378.29745729502935,1.094750447421208,0.20040910970314194,69750492.54812984,5.089959261459803,0.5290096992563333,verified_focus_dapi,/Volumes/Shihong_5/for_spatioev/pancreas_Xenium_example_data_from_10X/Xenium_V1_hPancreas_nondiseased_section_outs/morphology_focus.ome.tif,0,0.2125
bmmjbfmm-1,204,9.211875,447077.0,2191.5539215686276,270.5569637282992,1351.0,1859.6,2200.0,2516.2000000000003,2948.0,303.0,1.0,7385.4794936051285,536.5256216770265,0.2615422144629073,0.07636822897096915,15018687.527830776,4.4607718790893,0.26845499009627954,verified_focus_dapi,/Volumes/Shihong_5/for_spatioev/pancreas_Xenium_example_data_from_10X/Xenium_V1_hPancreas_nondiseased_section_outs/morphology_focus.ome.tif,0,0.2125
bnffdgoe-1,603,27.229218749999998,774451.0,1284.330016583748,276.37307243770414,601.0,902.2,1284.0,1647.4,1848.0,405.5,1.0,7213.437829975685,699.5524255892238,0.35820240005267284,0.06083532627711685,71354258.29382104,6.259218313161851,0.26074616721506155,verified_focus_dapi,/Volumes/Shihong_5/for_spatioev/pancreas_Xenium_example_data_from_10X/Xenium_V1_hPancreas_nondiseased_section_outs/morphology_focus.ome.tif,0,0.2125
bnihgjkd-1,936,42.26624999999999,1469538.0,1570.0192307692307,418.499090735472,772.0,1077.0,1515.5,2138.0,2989.0,669.0,1.0,7125.196918580874,650.285744771486,0.5531279755651276,0.07540040980239157,217553961.00155628,6.156499487936065,0.45645252314605483,verified_focus_dapi,/Volumes/Shihong_5/for_spatioev/pancreas_Xenium_example_data_from_10X/Xenium_V1_hPancreas_nondiseased_section_outs/morphology_focus.ome.tif,0,0.2125
bnodndei-1,858,38.7440625,1050820.0,1224.7319347319346,420.12871313470055,336.0,607.8,1272.5,1728.3000000000002,2243.0,676.5,1.0,7271.932948744789,419.091310119716,0.5148275553616583,0.07330002895195681,136262756.0457319,6.544753390651021,0.3980594758526772,verified_focus_dapi,/Volumes/Shihong_5/for_spatioev/pancreas_Xenium_example_data_from_10X/Xenium_V1_hPancreas_nondiseased_section_outs/morphology_focus.ome.tif,0,0.2125
bodocipa-1,641,28.945156249999997,1304513.0,2035.1216848673946,400.0468742203197,1166.0,1598.0,1984.0,2609.0,3391.0,503.0,1.0,7012.629287653706,480.4808577319659,0.33954779352019543,0.05593168513924656,145174380.2280897,5.949405899785288,0.30966704043263155,verified_focus_dapi,/Volumes/Shihong_5/for_spatioev/pancreas_Xenium_example_data_from_10X/Xenium_V1_hPancreas_nondiseased_section_outs/morphology_focus.ome.tif,0,0.2125
bofokecb-1,823,37.16359375,1160874.0,1410.539489671932,289.91350884055925,422.0,1041.6,1429.0,1769.8000000000002,2164.0,422.0,1.0,7155.858250130936,413.48641580610814,0.06512567915307427,0.009467566275793227,171463837.79903933,6.516753957311579,0.28422003331406126,verified_focus_dapi,/Volumes/Shihong_5/for_spatioev/pancreas_Xenium_example_data_from_10X/Xenium_V1_hPancreas_nondiseased_section_outs/morphology_focus.ome.tif,0,0.2125
bogifdco-1,718,32.4221875,1049365.0,1461.5111420612814,437.00722094399254,507.0,812.7,1493.0,1970.3000000000002,2724.0,601.75,1.0,7185.992848425,388.1145743497258,0.5499574108737382,0.08559587638471493,145738134.6993239,5.359175550232836,0.6929959289670781,verified_focus_dapi,/Volumes/Shihong_5/for_spatioev/pancreas_Xenium_example_data_from_10X/Xenium_V1_hPancreas_nondiseased_section_outs/morphology_focus.ome.tif,0,0.2125
bombdglh-1,767,34.634843749999995,1599908.0,2085.929595827901,322.6030498432319,879.0,1647.4,2094.0,2458.0,2954.0,412.5,1.0,7127.54511279711,232.59173229804463,0.19845695227026672,0.02988509507909885,186240267.31944025,6.9361460633455305,0.16902225024832745,verified_focus_dapi,/Volumes/Shihong_5/for_spatioev/pancreas_Xenium_example_data_from_10X/Xenium_V1_hPancreas_nondiseased_section_outs/morphology_focus.ome.tif,0,0.2125
bpkgchck-1,706,31.880312499999995,1488374.0,2108.1784702549576,322.04216796883577,783.0,1721.0,2105.5,2520.0,2900.0,396.75,1.0,7164.182584350438,480.72303834587274,0.4265977558459492,0.06695796133473271,196274380.67803925,5.646840036680761,0.44541768498750844,verified_focus_dapi,/Volumes/Shihong_5/for_spatioev/pancreas_Xenium_example_data_from_10X/Xenium_V1_hPancreas_nondiseased_section_outs/morphology_focus.ome.tif,0,0.2125
bpmhoojl-1,543,24.519843749999996,620059.0,1141.913443830571,233.0924576153505,562.0,836.6,1143.0,1488.6,1676.0,324.0,1.0,7315.343101543562,697.0003029550413,0.22615311486808568,0.040475168487301746,63251194.89909831,6.347489308005476,0.1843491003468716,verified_focus_dapi,/Volumes/Shihong_5/for_spatioev/pancreas_Xenium_example_data_from_10X/Xenium_V1_hPancreas_nondiseased_section_outs/morphology_focus.ome.tif,0,0.2125
bpngpeaf-1,649,29.30640625,599005.0,922.9661016949152,344.8199799512133,299.0,468.0,919.0,1403.4,1790.0,529.0,1.0,7305.211969390907,748.2603191960001,0.205259484559427,0.033602136514390396,71052619.23966244,5.5212733983998055,0.6010728954682129,verified_focus_dapi,/Volumes/Shihong_5/for_spatioev/pancreas_Xenium_example_data_from_10X/Xenium_V1_hPancreas_nondiseased_section_outs/morphology_focus.ome.tif,0,0.2125
cbenpiod-1,600,27.093749999999996,942391.0,1570.6516666666666,326.75124125837516,692.0,1102.9,1601.5,1907.3000000000002,2712.0,406.25,1.0,6969.569595900215,698.0839197716234,0.7719777398727542,0.1314362496618779,104489599.4277577,5.177490767171494,0.5794807074238558,verified_focus_dapi,/Volumes/Shihong_5/for_spatioev/pancreas_Xenium_example_data_from_10X/Xenium_V1_hPancreas_nondiseased_section_outs/morphology_focus.ome.tif,0,0.2125
cbepnbdk-1,737,33.28015625,1504325.0,2041.146540027137,369.1965315832153,1012.0,1520.8000000000002,2083.0,2493.4,3090.0,486.0,1.0,6981.442268650391,736.5467061971316,0.285083641910042,0.04379500301618444,169249450.49923387,6.852006946615952,0.1892633698576008,verified_focus_dapi,/Volumes/Shihong_5/for_spatioev/pancreas_Xenium_example_data_from_10X/Xenium_V1_hPancreas_nondiseased_section_outs/morphology_focus.ome.tif,0,0.2125
cbhpghaj-1,754,34.0478125,1262330.0,1674.1777188328913,374.2096395840986,685.0,1204.6,1677.0,2160.7000000000007,2565.0,564.75,1.0,7052.473049549246,663.3468325635927,0.40334888418990505,0.061260592546095,153073229.73636448,6.1131208962678505,0.3886524786625045,verified_focus_dapi,/Volumes/Shihong_5/for_spatioev/pancreas_Xenium_example_data_from_10X/Xenium_V1_hPancreas_nondiseased_section_outs/morphology_focus.ome.tif,0,0.2125
cbjibdap-1,825,37.25390624999999,1677538.0,2033.379393939394,301.5147541486646,993.0,1678.0,2038.0,2400.0,2820.0,335.0,1.0,7000.262062603053,735.3419363749136,0.949091721466782,0.1378057113530407,244217264.92196122,5.662122471927225,0.4992210499229212,verified_focus_dapi,/Volumes/Shihong_5/for_spatioev/pancreas_Xenium_example_data_from_10X/Xenium_V1_hPancreas_nondiseased_section_outs/morphology_focus.ome.tif,0,0.2125
cbnhgdno-1,889,40.14390624999999,816304.0,918.2272215973003,309.62817444975894,340.0,582.4000000000001,841.0,1330.2,2183.0,438.0,1.0,7255.394126177257,360.03473659935514,1.4587648045502188,0.20404239024301507,118641158.07474667,6.129491363028583,0.45318954874829726,verified_focus_dapi,/Volumes/Shihong_5/for_spatioev/pancreas_Xenium_example_data_from_10X/Xenium_V1_hPancreas_nondiseased_section_outs/morphology_focus.ome.tif,0,0.2125
cbpfpbmb-1,504,22.75875,643373.0,1276.5337301587301,239.39583108659488,461.0,972.6,1293.5,1579.4,1897.0,313.5,1.0,6825.366539511294,466.89153848156514,1.0695819835512579,0.19869402934057329,64711737.953442246,4.8059311896269445,0.5982099388464088,verified_focus_dapi,/Volumes/Shihong_5/for_spatioev/pancreas_Xenium_example_data_from_10X/Xenium_V1_hPancreas_nondiseased_section_outs/morphology_focus.ome.tif,0,0.2125
ccnhoinf-1,109,4.92203125,85754.0,786.7339449541284,98.54302298920092,545.0,662.4,799.0,899.8000000000001,995.0,165.0,1.0,7177.824073221074,143.73889643631782,0.36989547006767765,0.1477582606342072,1486322.9770739558,3.7739780871278414,0.21691377026769768,verified_focus_dapi,/Volumes/Shihong_5/for_spatioev/pancreas_Xenium_example_data_from_10X/Xenium_V1_hPancreas_nondiseased_section_outs/morphology_focus.ome.tif,0,0.2125
ccogdojk-1,593,26.777656249999996,1156472.0,1950.2057335581787,335.64409626871685,995.0,1517.2,1967.0,2343.0000000000005,2898.0,376.0,1.0,7147.175383493937,199.32217321301337,0.2102380677401066,0.03600559697875301,113498459.60129774,6.07668587350966,0.2574339671559823,verified_focus_dapi,/Volumes/Shihong_5/for_spatioev/pancreas_Xenium_example_data_from_10X/Xenium_V1_hPancreas_nondiseased_section_outs/morphology_focus.ome.tif,0,0.2125
cdolpold-1,529,23.887656249999996,1245270.0,2354.007561436673,373.5109566337156,1306.0,1801.8,2421.0,2725.2,3486.0,446.0,1.0,6689.1843137733185,586.7635816027849,0.26210027829985405,0.047525385943323145,108347380.3719595,5.710553184673425,0.30859781802929204,verified_focus_dapi,/Volumes/Shihong_5/for_spatioev/pancreas_Xenium_example_data_from_10X/Xenium_V1_hPancreas_nondiseased_section_outs/morphology_focus.ome.tif,0,0.2125
cegljdbk-1,729,32.91890625,1327767.0,1821.3539094650205,244.67508953599793,1071.0,1525.8,1825.0,2122.2,2554.0,291.0,1.0,6936.192603596865,466.22724556529874,0.36277712084147323,0.05603535554299651,154274781.72485685,6.34772087367626,0.2206435079634972,verified_focus_dapi,/Volumes/Shihong_5/for_spatioev/pancreas_Xenium_example_data_from_10X/Xenium_V1_hPancreas_nondiseased_section_outs/morphology_focus.ome.tif,0,0.2125
cehklgfa-1,765,34.54453125,1491321.0,1949.4392156862746,496.85295680347133,760.0,1186.0,2035.0,2529.6,2992.0,739.0,1.0,6948.973334027349,510.2639301749925,0.43853402356695786,0.06612391856723684,202581157.25768226,6.708041765561247,0.2677819102879138,verified_focus_dapi,/Volumes/Shihong_5/for_spatioev/pancreas_Xenium_example_data_from_10X/Xenium_V1_hPancreas_nondiseased_section_outs/morphology_focus.ome.tif,0,0.2125
cejhppng-1,643,29.035468749999996,1274081.0,1981.4634525660965,325.701405800605,928.0,1519.2,2020.0,2361.6000000000004,2596.0,409.5,1.0,6754.512038324095,731.2053725292975,0.9639439411761151,0.1585376067088944,159366020.40463832,5.457208912686146,0.5023740549081994,verified_focus_dapi,/Volumes/Shihong_5/for_spatioev/pancreas_Xenium_example_data_from_10X/Xenium_V1_hPancreas_nondiseased_section_outs/morphology_focus.ome.tif,0,0.2125
cemfacoc-1,682,30.796562499999997,1167172.0,1711.3958944281526,505.8532281491264,664.0,929.1,1824.5,2286.9,2750.0,833.25,1.0,6830.149194977261,375.4758071218295,0.5027632663293194,0.0802892420415657,117347256.28653875,6.135460352534143,0.4370335563661584,verified_focus_dapi,/Volumes/Shihong_5/for_spatioev/pancreas_Xenium_example_data_from_10X/Xenium_V1_hPancreas_nondiseased_section_outs/morphology_focus.ome.tif,0,0.2125
cfanfojj-1,459,20.726718749999996,1167451.0,2543.466230936819,441.2107579779883,1050.0,2019.8000000000002,2537.0,3098.4,3719.0,546.5,1.0,6942.507976341191,270.74274681549804,0.4749187860204767,0.09244831767829258,97591462.02985479,5.242769184132104,0.4013726379263191,verified_focus_dapi,/Volumes/Shihong_5/for_spatioev/pancreas_Xenium_example_data_from_10X/Xenium_V1_hPancreas_nondiseased_section_outs/morphology_focus.ome.tif,0,0.2125
cgcnphck-1,663,29.938593749999995,1186266.0,1789.2398190045249,314.0595933227269,968.0,1340.8,1797.0,2194.0,2560.0,420.0,1.0,795.436828354686,1602.9170851541728,0.3879734184279924,0.0628392819045447,147590172.0917914,6.354774925875522,0.19298804747976608,verified_focus_dapi,/Volumes/Shihong_5/for_spatioev/pancreas_Xenium_example_data_from_10X/Xenium_V1_hPancreas_nondiseased_section_outs/morphology_focus.ome.tif,0,0.2125
cgedfkhj-1,262,11.8309375,167681.0,640.0038167938932,209.5101247000829,303.0,395.0,631.0,807.9,1662.0,218.5,1.0,784.0014977844836,1557.0737350981924,0.15339416741209597,0.03952248171051444,7863199.707587622,5.3125727992297165,0.2561304326423447,verified_focus_dapi,/Volumes/Shihong_5/for_spatioev/pancreas_Xenium_example_data_from_10X/Xenium_V1_hPancreas_nondiseased_section_outs/morphology_focus.ome.tif,0,0.2125
cgejppfm-1,527,23.797343749999996,950830.0,1804.2314990512334,231.1780315505063,985.0,1535.0,1817.0,2077.4,2384.0,305.5,1.0,677.6422190480948,1569.2067991123545,0.3904294565266537,0.0709289082083761,93607755.2778278,5.267742207582739,0.4223867326451377,verified_focus_dapi,/Volumes/Shihong_5/for_spatioev/pancreas_Xenium_example_data_from_10X/Xenium_V1_hPancreas_nondiseased_section_outs/morphology_focus.ome.tif,0,0.2125
cglakeih-1,546,24.655312499999997,1098595.0,2012.0787545787546,280.49098636394,1284.0,1645.0,2018.5,2397.0,2738.0,389.25,1.0,740.7234277986882,1589.5003048439141,0.16159120698228116,0.028840807100465708,101096595.76555328,6.043675432247266,0.2290187486983647,verified_focus_dapi,/Volumes/Shihong_5/for_spatioev/pancreas_Xenium_example_data_from_10X/Xenium_V1_hPancreas_nondiseased_section_outs/morphology_focus.ome.tif,0,0.2125
cgmoimhe-1,530,23.932812499999997,716818.0,1352.4867924528303,544.2106043628995,359.0,634.0,1306.0,2091.0,2459.0,957.25,1.0,740.1375661081333,1611.5986704261054,0.6495530019073348,0.1176691633908137,77089353.86879516,5.435063154298614,0.5673287077664478,verified_focus_dapi,/Volumes/Shihong_5/for_spatioev/pancreas_Xenium_example_data_from_10X/Xenium_V1_hPancreas_nondiseased_section_outs/morphology_focus.ome.tif,0,0.2125
cgnklnmn-1,391,17.656093749999997,716425.0,1832.2890025575448,538.9356289295556,676.0,991.0,1966.0,2487.0,2846.0,876.0,1.0,740.3427336078445,1650.3703244582475,0.3302199728292374,0.06964676758276635,41897010.725563735,5.345339572150262,0.43852471205565163,verified_focus_dapi,/Volumes/Shihong_5/for_spatioev/pancreas_Xenium_example_data_from_10X/Xenium_V1_hPancreas_nondiseased_section_outs/morphology_focus.ome.tif,0,0.2125
cgpliimc-1,392,17.701249999999998,434361.0,1108.063775510204,209.84115351425825,605.0,797.1,1140.5,1364.8000000000002,1555.0,306.0,1.0,686.6581640616906,1519.3601701407356,0.16922484841598173,0.03564569662265924,25430732.58701863,5.406489621103397,0.3163567589057737,verified_focus_dapi,/Volumes/Shihong_5/for_spatioev/pancreas_Xenium_example_data_from_10X/Xenium_V1_hPancreas_nondiseased_section_outs/morphology_focus.ome.tif,0,0.2125
chajdnpk-1,440,19.86875,823482.0,1871.55,328.66694560963026,1229.0,1459.0,1827.5,2327.0,2588.0,558.75,1.0,671.9660875860068,1549.4211679945645,0.4590224481888773,0.09126275879693291,68181109.66469455,5.205339994724082,0.36063233914495607,verified_focus_dapi,/Volumes/Shihong_5/for_spatioev/pancreas_Xenium_example_data_from_10X/Xenium_V1_hPancreas_nondiseased_section_outs/morphology_focus.ome.tif,0,0.2125
chmhihaj-1,406,18.3334375,615478.0,1515.9556650246304,298.80411562132554,757.0,1125.5,1525.5,1889.5,2322.0,387.0,1.0,4099.118861275301,1324.7003249506888,0.29347829561460376,0.0607433833056563,39961675.6567091,5.936594456801257,0.21808952754876626,verified_focus_dapi,/Volumes/Shihong_5/for_spatioev/pancreas_Xenium_example_data_from_10X/Xenium_V1_hPancreas_nondiseased_section_outs/morphology_focus.ome.tif,0,0.2125
cijpohei-1,596,26.913124999999997,1194286.0,2003.8355704697988,360.137096112698,1117.0,1580.5,1955.5,2540.5,2865.0,549.75,1.0,3903.3825432517838,1099.1240367361754,0.4373658718336052,0.07471499435028849,153884300.22386348,5.213557004584186,0.5640981052779755,verified_focus_dapi,/Volumes/Shihong_5/for_spatioev/pancreas_Xenium_example_data_from_10X/Xenium_V1_hPancreas_nondiseased_section_outs/morphology_focus.ome.tif,0,0.2125
cikfnjmg-1,768,34.67999999999999,1146392.0,1492.6979166666667,472.61155252383867,613.0,821.7,1524.0,2117.0,2571.0,756.5,1.0,3919.138630165336,1117.91780628921,0.5679130406937548,0.08546479151956181,165319569.88090461,6.1956288959232175,0.4459276720112046,verified_focus_dapi,/Volumes/Shihong_5/for_spatioev/pancreas_Xenium_example_data_from_10X/Xenium_V1_hPancreas_nondiseased_section_outs/morphology_focus.ome.tif,0,0.2125
cinkcfmf-1,84,3.7931249999999994,80733.0,961.1071428571429,95.3839381828267,752.0,835.6,959.5,1079.7,1203.0,135.5,1.0,4009.240995472731,1038.224702568962,0.31796177073318244,0.1446842542636666,1061492.1736588506,3.87987309594506,0.10959182912810603,verified_focus_dapi,/Volumes/Shihong_5/for_spatioev/pancreas_Xenium_example_data_from_10X/Xenium_V1_hPancreas_nondiseased_section_outs/morphology_focus.ome.tif,0,0.2125
cjgodpcp-1,639,28.854843749999997,873944.0,1367.6744913928012,287.4233987744952,728.0,1026.0,1341.0,1719.6000000000004,3053.0,330.5,1.0,3696.583931121445,1655.566280491084,0.7159231414848517,0.11811416334148679,90668857.5129196,6.011274976454832,0.3043756104220287,verified_focus_dapi,/Volumes/Shihong_5/for_spatioev/pancreas_Xenium_example_data_from_10X/Xenium_V1_hPancreas_nondiseased_section_outs/morphology_focus.ome.tif,0,0.2125
cjjkjjfl-1,623,28.132343749999997,1037137.0,1664.7463884430176,563.7547933111865,600.0,904.0,1716.0,2397.800000000001,3020.0,901.5,1.0,3547.7038095256457,1683.54745943641,0.7217519626117124,0.12059518177353196,104416983.1389932,6.276152657092476,0.3576344580083414,verified_focus_dapi,/Volumes/Shihong_5/for_spatioev/pancreas_Xenium_example_data_from_10X/Xenium_V1_hPancreas_nondiseased_section_outs/morphology_focus.ome.tif,0,0.2125
cjlofkio-1,409,18.468906249999996,522956.0,1278.6210268948655,256.42362689168357,604.0,909.2,1349.0,1571.0,1750.0,411.0,1.0,3735.5854229849165,1522.3685142488087,0.6319683754915351,0.13032258880421904,34342017.13980909,5.430930924986045,0.31845565429767575,verified_focus_dapi,/Volumes/Shihong_5/for_spatioev/pancreas_Xenium_example_data_from_10X/Xenium_V1_hPancreas_nondiseased_section_outs/morphology_focus.ome.tif,0,0.2125
cjndcjma-1,593,26.777656249999996,1161440.0,1958.58347386172,436.34048874874134,721.0,1277.0,2094.0,2400.4,3149.0,576.0,1.0,3716.020598104508,1569.606430766979,0.2454255021330546,0.04203183473430059,111528018.9585816,5.805570871889416,0.41106949533385573,verified_focus_dapi,/Volumes/Shihong_5/for_spatioev/pancreas_Xenium_example_data_from_10X/Xenium_V1_hPancreas_nondiseased_section_outs/morphology_focus.ome.tif,0,0.2125
ckccmbne-1,725,32.73828124999999,828441.0,1142.6772413793103,164.35813912258283,627.0,936.0,1149.0,1353.6,1583.0,226.0,1.0,3635.5817168030067,1514.1938199883878,0.4773354201323463,0.07393339765059208,99422921.38820508,5.663400828960456,0.3649536265024402,verified_focus_dapi,/Volumes/Shihong_5/for_spatioev/pancreas_Xenium_example_data_from_10X/Xenium_V1_hPancreas_nondiseased_section_outs/morphology_focus.ome.tif,0,0.2125
cljpojcm-1,819,36.98296875,907277.0,1107.7863247863247,222.8917278695445,520.0,822.8,1111.0,1401.2,1775.0,251.5,1.0,3548.323558860745,1432.7058087138766,0.14045873049194593,0.02046881940335925,119823303.460026,6.320808717049627,0.3027044388725223,verified_focus_dapi,/Volumes/Shihong_5/for_spatioev/pancreas_Xenium_example_data_from_10X/Xenium_V1_hPancreas_nondiseased_section_outs/morphology_focus.ome.tif,0,0.2125
clkbdjfc-1,225,10.160156249999998,238028.0,1057.9022222222222,356.12423455797864,395.0,574.4,1078.0,1460.2,2266.0,574.0,1.0,3520.523461840624,1436.012089544087,0.36904086911495393,0.10260516229087352,7433228.993546978,5.480910127232246,0.19666448437823403,verified_focus_dapi,/Volumes/Shihong_5/for_spatioev/pancreas_Xenium_example_data_from_10X/Xenium_V1_hPancreas_nondiseased_section_outs/morphology_focus.ome.tif,0,0.2125
cmjlhhbc-1,498,22.487812499999997,1100897.0,2210.636546184739,371.17918906006037,1079.0,1741.7,2225.0,2651.9,3225.0,547.5,1.0,3365.5451325600848,1599.6249841492893,0.47405276122042883,0.08859271586891967,122897791.79495086,4.647225649731326,0.686157112531481,verified_focus_dapi,/Volumes/Shihong_5/for_spatioev/pancreas_Xenium_example_data_from_10X/Xenium_V1_hPancreas_nondiseased_section_outs/morphology_focus.ome.tif,0,0.2125
cnlibeoa-1,583,26.32609375,935251.0,1604.2041166380789,558.3400519109829,439.0,833.2,1630.0,2268.4,3178.0,894.5,1.0,3409.644692253737,1547.6610034632413,0.5274982465850886,0.09111140614945487,81157365.21792117,5.920616825702819,0.47146418721376715,verified_focus_dapi,/Volumes/Shihong_5/for_spatioev/pancreas_Xenium_example_data_from_10X/Xenium_V1_hPancreas_nondiseased_section_outs/morphology_focus.ome.tif,0,0.2125
coahojda-1,513,23.16515625,1234210.0,2405.8674463937623,437.440163519036,1273.0,1845.0,2382.0,2987.6,3885.0,580.0,1.0,3455.0076789606305,1357.7695311575824,0.2038183980279789,0.037529321046433334,102325579.63989273,6.081462663410192,0.21970095990907268,verified_focus_dapi,/Volumes/Shihong_5/for_spatioev/pancreas_Xenium_example_data_from_10X/Xenium_V1_hPancreas_nondiseased_section_outs/morphology_focus.ome.tif,0,0.2125
coemhlaj-1,584,26.371249999999996,712115.0,1219.375,382.3733895455256,568.0,797.3,1102.0,1782.7,2206.0,625.75,1.0,7325.27456350098,1562.3556194575312,0.8283933347096164,0.14296053956429974,71855978.61381939,5.5568968146439754,0.5024796216162464,verified_focus_dapi,/Volumes/Shihong_5/for_spatioev/pancreas_Xenium_example_data_from_10X/Xenium_V1_hPancreas_nondiseased_section_outs/morphology_focus.ome.tif,0,0.2125
cokhgjfc-1,1088,49.129999999999995,1799278.0,1653.7481617647059,329.905848027581,673.0,1215.2,1683.0,2043.0,2665.0,404.0,1.0,7310.836929548963,972.7364480780624,0.24356668252944658,0.0307956545667404,354049179.8910208,6.635678751603476,0.3088788579065908,verified_focus_dapi,/Volumes/Shihong_5/for_spatioev/pancreas_Xenium_example_data_from_10X/Xenium_V1_hPancreas_nondiseased_section_outs/morphology_focus.ome.tif,0,0.2125
copfpkmh-1,788,35.583124999999995,1448511.0,1838.21192893401,325.35100453528156,920.0,1393.7,1858.0,2223.6000000000004,2783.0,467.75,1.0,7169.851631735969,1618.2308961754518,0.8736152536603358,0.1297905599001853,177743078.8614474,6.273149313043324,0.3327023819411783,verified_focus_dapi,/Volumes/Shihong_5/for_spatioev/pancreas_Xenium_example_data_from_10X/Xenium_V1_hPancreas_nondiseased_section_outs/morphology_focus.ome.tif,0,0.2125
cpgnklnb-1,163,7.360468749999999,195880.0,1201.717791411043,161.81245332657141,759.0,1014.4,1197.0,1417.2,1568.0,208.0,1.0,7207.186383627732,1495.3952493873799,0.4547502494371119,0.14854743257063896,6617793.305350214,4.076536355058643,0.27781378016072256,verified_focus_dapi,/Volumes/Shihong_5/for_spatioev/pancreas_Xenium_example_data_from_10X/Xenium_V1_hPancreas_nondiseased_section_outs/morphology_focus.ome.tif,0,0.2125
dbpcliei-1,559,25.242343749999996,885926.0,1584.840787119857,402.2665988019934,685.0,1049.2,1582.0,2158.6,2941.0,507.5,1.0,7240.269843347524,1369.3915064435405,0.6434269668629086,0.11349568781628282,75841722.37815574,6.254330251315159,0.273004170126233,verified_focus_dapi,/Volumes/Shihong_5/for_spatioev/pancreas_Xenium_example_data_from_10X/Xenium_V1_hPancreas_nondiseased_section_outs/morphology_focus.ome.tif,0,0.2125
depjfidc-1,377,17.02390625,607445.0,1611.2599469496022,396.33176937967744,821.0,1216.6,1514.0,2154.2000000000003,3063.0,487.0,1.0,6768.333760710846,1375.1142151552815,0.5229935250212886,0.11233410856025121,37654751.173999295,5.272480906222607,0.31417127302812065,verified_focus_dapi,/Volumes/Shihong_5/for_spatioev/pancreas_Xenium_example_data_from_10X/Xenium_V1_hPancreas_nondiseased_section_outs/morphology_focus.ome.tif,0,0.2125
dfchfiph-1,241,10.882656249999998,312055.0,1294.8340248962656,158.3948708382522,750.0,1078.0,1303.0,1475.0,1694.0,205.0,1.0,7322.573325134993,1074.8268379372225,0.37822307418671713,0.10160743901764933,14798675.364144143,3.9881220892997677,0.5183401644566591,verified_focus_dapi,/Volumes/Shihong_5/for_spatioev/pancreas_Xenium_example_data_from_10X/Xenium_V1_hPancreas_nondiseased_section_outs/morphology_focus.ome.tif,0,0.2125
dfcipacn-1,436,19.688125,533190.0,1222.9128440366972,224.84439414437261,707.0,991.5,1169.5,1552.5,2095.0,261.25,1.0,7283.803032361822,1146.3170319210788,0.3387669829049534,0.06766184531156291,38484753.89909038,5.6988196008921905,0.19029620207667577,verified_focus_dapi,/Volumes/Shihong_5/for_spatioev/pancreas_Xenium_example_data_from_10X/Xenium_V1_hPancreas_nondiseased_section_outs/morphology_focus.ome.tif,0,0.2125
dgjplalp-1,421,19.010781249999997,1029276.0,2444.836104513064,374.6636866930032,1299.0,1954.0,2465.0,2917.0,3285.0,450.0,1.0,6704.622905930965,1401.052613329661,0.4816444433770952,0.09789747999845425,70474926.53359352,5.369697745043041,0.3167687527037954,verified_focus_dapi,/Volumes/Shihong_5/for_spatioev/pancreas_Xenium_example_data_from_10X/Xenium_V1_hPancreas_nondiseased_section_outs/morphology_focus.ome.tif,0,0.2125
dgkefmmc-1,589,26.597031249999997,1199208.0,2036.006791171477,481.64325393649887,795.0,1323.6,2099.0,2580.4,3343.0,606.0,1.0,6688.8237268055245,1429.0743858863516,0.9148977958719767,0.15721751961107233,120938667.66872469,6.016793817127452,0.35310702470799604,verified_focus_dapi,/Volumes/Shihong_5/for_spatioev/pancreas_Xenium_example_data_from_10X/Xenium_V1_hPancreas_nondiseased_section_outs/morphology_focus.ome.tif,0,0.2125
dhcfmahb-1,436,19.688125,440550.0,1010.4357798165138,253.04813880893715,472.0,650.0,1009.0,1346.0,1427.0,407.75,1.0,6829.763343774827,1243.4268459879697,0.39729522810348716,0.07935167718071971,30010304.590407446,5.142823860412755,0.45301132416525347,verified_focus_dapi,/Volumes/Shihong_5/for_spatioev/pancreas_Xenium_example_data_from_10X/Xenium_V1_hPancreas_nondiseased_section_outs/morphology_focus.ome.tif,0,0.2125
dhjbbkki-1,689,31.112656249999997,1415038.0,2053.756168359942,431.0370608231099,963.0,1464.4,2074.0,2601.4000000000005,3191.0,540.0,1.0,6755.527507529833,1526.1627137751777,0.6279248481099643,0.09976634561582308,182656596.69597846,6.2745690765835835,0.31244154602953833,verified_focus_dapi,/Volumes/Shihong_5/for_spatioev/pancreas_Xenium_example_data_from_10X/Xenium_V1_hPancreas_nondiseased_section_outs/morphology_focus.ome.tif,0,0.2125
diefdbop-1,202,9.1215625,401252.0,1986.3960396039604,333.56453438304356,1165.0,1471.6,2090.0,2315.9,2641.0,483.75,1.0,6663.56323510537,876.5615636806795,0.30995739082416096,0.0909520135093664,13076585.2938976,4.616903180000804,0.31332871890018044,verified_focus_dapi,/Volumes/Shihong_5/for_spatioev/pancreas_Xenium_example_data_from_10X/Xenium_V1_hPancreas_nondiseased_section_outs/morphology_focus.ome.tif,0,0.2125
dighbopf-1,442,19.959062499999998,961666.0,2175.714932126697,313.6655425488452,1127.0,1833.4,2139.0,2606.9000000000005,3126.0,437.25,1.0,699.668509453906,1813.5454441302904,0.3069444149261253,0.06088840632524528,69806582.99141386,5.5647573575583325,0.2769885753295497,verified_focus_dapi,/Volumes/Shihong_5/for_spatioev/pancreas_Xenium_example_data_from_10X/Xenium_V1_hPancreas_nondiseased_section_outs/morphology_focus.ome.tif,0,0.2125
digkdclg-1,157,7.089531249999999,326266.0,2078.127388535032,260.0789132109751,1519.0,1747.2,2074.0,2422.6,2600.0,446.0,1.0,744.3913883150558,1899.5501809872924,0.2898955197581268,0.09648897293166561,8658066.884407202,3.792212596822717,0.39954783353124285,verified_focus_dapi,/Volumes/Shihong_5/for_spatioev/pancreas_Xenium_example_data_from_10X/Xenium_V1_hPancreas_nondiseased_section_outs/morphology_focus.ome.tif,0,0.2125
djendeec-1,427,19.28171875,453519.0,1062.1053864168618,326.78350931713004,387.0,620.2,1052.0,1537.8000000000002,1831.0,434.5,1.0,564.509532952313,1803.1214994300126,0.16918824113488493,0.03414618935503152,30826046.358309135,5.431686418280535,0.4339326949249193,verified_focus_dapi,/Volumes/Shihong_5/for_spatioev/pancreas_Xenium_example_data_from_10X/Xenium_V1_hPancreas_nondiseased_section_outs/morphology_focus.ome.tif,0,0.2125
djlienka-1,361,16.30140625,757411.0,2098.091412742382,220.81997771451287,1588.0,1843.0,2068.0,2376.0,2807.0,261.0,1.0,4084.7534597299223,1883.1752356712536,0.4835331184821394,0.10613500159678281,48784703.956161186,6.036165396553199,0.10827442432889596,verified_focus_dapi,/Volumes/Shihong_5/for_spatioev/pancreas_Xenium_example_data_from_10X/Xenium_V1_hPancreas_nondiseased_section_outs/morphology_focus.ome.tif,0,0.2125
djmgeiid-1,553,24.971406249999998,1027989.0,1858.9312839059673,415.4490052089341,887.0,1224.2,1913.0,2359.0,2709.0,593.0,1.0,3872.8150543682864,1733.8580296700645,0.8010882477451634,0.1420704647548679,152936944.69610864,4.036102764358457,1.12604904915672,verified_focus_dapi,/Volumes/Shihong_5/for_spatioev/pancreas_Xenium_example_data_from_10X/Xenium_V1_hPancreas_nondiseased_section_outs/morphology_focus.ome.tif,0,0.2125
dllillif-1,899,40.595468749999995,1268652.0,1411.1813125695217,461.0884417418794,639.0,870.8,1325.0,2140.0,2575.0,682.0,1.0,4001.9522510310153,1979.724316173781,0.2508404541751144,0.03489022248858349,190187596.78971934,6.214980736106252,0.5059817320115121,verified_focus_dapi,/Volumes/Shihong_5/for_spatioev/pancreas_Xenium_example_data_from_10X/Xenium_V1_hPancreas_nondiseased_section_outs/morphology_focus.ome.tif,0,0.2125
dmkhdbin-1,526,23.752187499999998,852253.0,1620.2528517110266,526.3761926056857,486.0,789.5,1722.5,2226.5,2727.0,849.5,1.0,3620.274397772727,1810.7742887235363,0.672784128325541,0.12234011141513107,78379835.61707848,5.008396248670785,0.7235011180659143,verified_focus_dapi,/Volumes/Shihong_5/for_spatioev/pancreas_Xenium_example_data_from_10X/Xenium_V1_hPancreas_nondiseased_section_outs/morphology_focus.ome.tif,0,0.2125
dnhfbeio-1,386,17.4303125,912209.0,2363.2357512953367,413.98751435026037,1223.0,1812.0,2397.0,2863.0,3318.0,606.5,1.0,3511.6024534262433,1977.5477262337909,0.4827710345334643,0.10247868860591415,56387345.82093577,4.951043000652096,0.48120515572805445,verified_focus_dapi,/Volumes/Shihong_5/for_spatioev/pancreas_Xenium_example_data_from_10X/Xenium_V1_hPancreas_nondiseased_section_outs/morphology_focus.ome.tif,0,0.2125
doadbbjk-1,664,29.983749999999997,902983.0,1359.914156626506,455.2952770649639,469.0,665.9,1465.5,1910.8000000000002,2173.0,756.25,1.0,3635.167314141019,1996.6766157142492,0.7835479237227795,0.12681409617237152,85619382.69738412,6.334346059578236,0.3687189718591032,verified_focus_dapi,/Volumes/Shihong_5/for_spatioev/pancreas_Xenium_example_data_from_10X/Xenium_V1_hPancreas_nondiseased_section_outs/morphology_focus.ome.tif,0,0.2125
dobealil-1,373,16.843281249999997,772047.0,2069.8310991957105,514.5536089784356,737.0,1277.6,2216.0,2638.0,2943.0,774.0,1.0,3674.444367781366,2043.9624953694527,0.15924621206946216,0.03438750773774433,49816037.40433937,5.4136826034987795,0.358731922720908,verified_focus_dapi,/Volumes/Shihong_5/for_spatioev/pancreas_Xenium_example_data_from_10X/Xenium_V1_hPancreas_nondiseased_section_outs/morphology_focus.ome.tif,0,0.2125
doinmfie-1,94,4.2446874999999995,120131.0,1277.9893617021276,120.15818427609808,908.0,1112.0,1318.0,1392.7,1471.0,164.0,1.0,3834.260843787199,1800.5772825082615,0.2870037750117186,0.12345528563481248,1892295.5588815543,3.779575598918685,0.15020955425808916,verified_focus_dapi,/Volumes/Shihong_5/for_spatioev/pancreas_Xenium_example_data_from_10X/Xenium_V1_hPancreas_nondiseased_section_outs/morphology_focus.ome.tif,0,0.2125
doplgbbe-1,297,13.411406249999999,270401.0,910.4410774410775,191.08650198780856,579.0,707.6,883.0,1153.8000000000004,1691.0,190.0,1.0,3375.4712164988296,1925.519774982341,0.1150070161155547,0.027831211862750276,13725284.367764913,5.458732461039275,0.14708217630439893,verified_focus_dapi,/Volumes/Shihong_5/for_spatioev/pancreas_Xenium_example_data_from_10X/Xenium_V1_hPancreas_nondiseased_section_outs/morphology_focus.ome.tif,0,0.2125
dpljkjfm-1,352,15.894999999999998,401127.0,1139.565340909091,449.4971574929056,602.0,747.3,1035.0,1640.900000000001,3003.0,426.0,1.0,3376.350991456571,1852.550483356892,0.8044553923248627,0.17882022693537578,26404979.27916096,5.13140642119894,0.37121241491257306,verified_focus_dapi,/Volumes/Shihong_5/for_spatioev/pancreas_Xenium_example_data_from_10X/Xenium_V1_hPancreas_nondiseased_section_outs/morphology_focus.ome.tif,0,0.2125
eafehekl-1,530,23.932812499999997,1141113.0,2153.043396226415,291.2573069838498,1208.0,1809.7,2143.0,2500.3,3273.0,338.0,1.0,7155.27595542685,1738.3334701515098,0.43545022730136557,0.07888357654330587,97005559.11431909,5.879091536664888,0.24252230325670104,verified_focus_dapi,/Volumes/Shihong_5/for_spatioev/pancreas_Xenium_example_data_from_10X/Xenium_V1_hPancreas_nondiseased_section_outs/morphology_focus.ome.tif,0,0.2125
eagjgfcl-1,238,10.747187499999999,579083.0,2433.121848739496,652.8274298925495,1578.0,1773.3,2216.5,3538.3,4038.0,981.5,1.0,7209.819226604821,1749.4422922102701,0.4442378806778268,0.12009173419938679,24501853.16109435,4.7012510818478095,0.35681590552166526,verified_focus_dapi,/Volumes/Shihong_5/for_spatioev/pancreas_Xenium_example_data_from_10X/Xenium_V1_hPancreas_nondiseased_section_outs/morphology_focus.ome.tif,0,0.2125
eahpekib-1,265,11.966406249999999,470900.0,1776.9811320754718,379.4765357086461,695.0,1228.0,1811.0,2208.2,2552.0,400.0,1.0,7198.753639440433,1875.4098903429601,0.2268517954711619,0.05811728133555588,21960416.38242939,4.925657057187769,0.27575689665119923,verified_focus_dapi,/Volumes/Shihong_5/for_spatioev/pancreas_Xenium_example_data_from_10X/Xenium_V1_hPancreas_nondiseased_section_outs/morphology_focus.ome.tif,0,0.2125
eajpneoj-1,655,29.577343749999997,450853.0,688.3251908396946,154.63510229441698,371.0,507.0,661.0,917.6,1075.0,237.5,1.0,6944.625608180493,2025.8277304908695,0.2627477519779541,0.042815829791081006,41510813.43232939,6.342416050144374,0.23628246766661862,verified_focus_dapi,/Volumes/Shihong_5/for_spatioev/pancreas_Xenium_example_data_from_10X/Xenium_V1_hPancreas_nondiseased_section_outs/morphology_focus.ome.tif,0,0.2125
eboddkbg-1,269,12.14703125,147458.0,548.1710037174721,89.61587032985665,332.0,431.0,550.0,666.2,760.0,146.0,1.0,6989.593912842979,2091.759776343094,0.3864033077506188,0.09825410449569963,5757242.777116196,5.09511416661651,0.20221969363836054,verified_focus_dapi,/Volumes/Shihong_5/for_spatioev/pancreas_Xenium_example_data_from_10X/Xenium_V1_hPancreas_nondiseased_section_outs/morphology_focus.ome.tif,0,0.2125
ecajjppe-1,870,39.285937499999996,1620708.0,1862.8827586206896,334.9168125250362,915.0,1361.9,1945.0,2243.1,2427.0,521.0,1.0,6932.105486869011,1935.9397628150784,0.2005301788281682,0.028353463738180797,206191890.14725292,6.585985721365981,0.2888822649536876,verified_focus_dapi,/Volumes/Shihong_5/for_spatioev/pancreas_Xenium_example_data_from_10X/Xenium_V1_hPancreas_nondiseased_section_outs/morphology_focus.ome.tif,0,0.2125
ecekealh-1,453,20.455781249999998,1093942.0,2414.8830022075053,459.2826078846613,1213.0,1852.2,2379.0,3040.2000000000003,3601.0,494.0,1.0,6863.079592999446,1963.774049595408,0.26004497137630306,0.0509548309749363,130056046.17847109,4.886173393167253,0.5271279203685213,verified_focus_dapi,/Volumes/Shihong_5/for_spatioev/pancreas_Xenium_example_data_from_10X/Xenium_V1_hPancreas_nondiseased_section_outs/morphology_focus.ome.tif,0,0.2125
ecfnimid-1,474,21.4040625,971542.0,2049.6666666666665,430.3436349745985,1062.0,1410.5,2173.0,2537.7,2714.0,772.25,1.0,6888.45647837407,1972.2153438554378,0.1480734671091066,0.028364431325485363,69335877.93117437,5.504885804300525,0.41109265574219533,verified_focus_dapi,/Volumes/Shihong_5/for_spatioev/pancreas_Xenium_example_data_from_10X/Xenium_V1_hPancreas_nondiseased_section_outs/morphology_focus.ome.tif,0,0.2125
edaejoom-1,1107,49.98796874999999,1935231.0,1748.1761517615175,517.546299593176,671.0,1092.8,1727.0,2448.8,3290.0,744.5,1.0,6705.350996360382,1949.0083436615575,1.2282548929677426,0.15395744627800478,399142613.80112964,5.625178900977691,0.7680463714882028,verified_focus_dapi,/Volumes/Shihong_5/for_spatioev/pancreas_Xenium_example_data_from_10X/Xenium_V1_hPancreas_nondiseased_section_outs/morphology_focus.ome.tif,0,0.2125
edieeadm-1,333,15.037031249999998,408197.0,1225.8168168168168,176.06303322715596,641.0,979.2,1256.0,1433.6,1571.0,222.0,1.0,7145.148201726127,1873.5047900278541,0.28413847706144724,0.06493725672800799,23238399.185447223,5.078015349337829,0.31531592710660855,verified_focus_dapi,/Volumes/Shihong_5/for_spatioev/pancreas_Xenium_example_data_from_10X/Xenium_V1_hPancreas_nondiseased_section_outs/morphology_focus.ome.tif,0,0.2125
eeancbnc-1,110,4.9671875,149890.0,1362.6363636363637,273.807322010893,747.0,998.6,1388.0,1709.1,1812.0,439.25,1.0,6757.939979484956,1741.2112014644072,0.36142665421440207,0.14371756194711838,2670352.1793648675,3.8214281812637405,0.2392660952732808,verified_focus_dapi,/Volumes/Shihong_5/for_spatioev/pancreas_Xenium_example_data_from_10X/Xenium_V1_hPancreas_nondiseased_section_outs/morphology_focus.ome.tif,0,0.2125
eehibcbf-1,108,4.876874999999999,194289.0,1798.9722222222222,384.8319127622434,941.0,1293.8,1815.5,2289.2999999999997,2581.0,552.5,1.0,1545.754974805573,772.5806486728533,0.19211176604499286,0.07709533376651315,3613344.383655276,3.301137480680356,0.4306695153925503,verified_focus_dapi,/Volumes/Shihong_5/for_spatioev/pancreas_Xenium_example_data_from_10X/Xenium_V1_hPancreas_nondiseased_section_outs/morphology_focus.ome.tif,0,0.2125
eenjkpmp-1,751,33.91234375,1178166.0,1568.7962716378163,363.61859385490465,593.0,1026.0,1589.0,1989.0,2379.0,491.5,1.0,1457.0998701159258,744.6571217998991,0.32825310755171483,0.049954530778923825,146746387.2298717,6.324536484879664,0.3501638108014065,verified_focus_dapi,/Volumes/Shihong_5/for_spatioev/pancreas_Xenium_example_data_from_10X/Xenium_V1_hPancreas_nondiseased_section_outs/morphology_focus.ome.tif,0,0.2125
efabdadn-1,227,10.25046875,313884.0,1382.7488986784142,297.62786603367005,728.0,1000.0,1383.0,1824.8,1943.0,461.5,1.0,1568.469607163793,604.8438944004791,0.1914672951726761,0.052999000553295816,11833024.090466542,4.60594838331722,0.3672333168697412,verified_focus_dapi,/Volumes/Shihong_5/for_spatioev/pancreas_Xenium_example_data_from_10X/Xenium_V1_hPancreas_nondiseased_section_outs/morphology_focus.ome.tif,0,0.2125
efahlook-1,374,16.8884375,537850.0,1438.1016042780748,256.0845455887663,753.0,1083.1000000000001,1453.0,1743.7,2179.0,330.25,1.0,1575.5066093009204,626.5904673003625,0.22441126557958635,0.048394372184453006,30999691.26171609,5.85509356826205,0.16698020134195637,verified_focus_dapi,/Volumes/Shihong_5/for_spatioev/pancreas_Xenium_example_data_from_10X/Xenium_V1_hPancreas_nondiseased_section_outs/morphology_focus.ome.tif,0,0.2125
efjgaijn-1,427,19.28171875,550957.0,1290.297423887588,280.7036709473059,655.0,881.6,1336.0,1614.2,1939.0,486.5,1.0,1394.7867996504265,423.1792462252045,0.041580595218412536,0.008391947739978487,34921761.8717359,5.878854533431795,0.28651788757749763,verified_focus_dapi,/Volumes/Shihong_5/for_spatioev/pancreas_Xenium_example_data_from_10X/Xenium_V1_hPancreas_nondiseased_section_outs/morphology_focus.ome.tif,0,0.2125
egdomgpp-1,242,10.927812499999998,268122.0,1107.9421487603306,153.26632670344765,673.0,906.3,1104.0,1312.7,1577.0,149.5,1.0,1565.8206973877564,607.7016497154281,0.23744459902009007,0.06365618669114205,11874868.41109644,4.088061353852528,0.44275032952177573,verified_focus_dapi,/Volumes/Shihong_5/for_spatioev/pancreas_Xenium_example_data_from_10X/Xenium_V1_hPancreas_nondiseased_section_outs/morphology_focus.ome.tif,0,0.2125
eghmefmj-1,394,17.791562499999998,29600.0,75.1269035532995,17.62379382216353,40.0,54.0,73.0,99.0,141.0,24.0,1.0,1534.2709054054053,115.8504197635135,0.3974208352729928,0.08350039447086374,2283940.9706756757,4.384254366831504,0.2027539712220271,verified_focus_dapi,/Volumes/Shihong_5/for_spatioev/pancreas_Xenium_example_data_from_10X/Xenium_V1_hPancreas_nondiseased_section_outs/morphology_focus.ome.tif,0,0.2125
eghpblem-1,245,11.06328125,295919.0,1207.8326530612244,282.4875806464629,618.0,824.4,1212.0,1577.6,1729.0,498.0,1.0,1245.6161773998965,167.42747745159994,0.6029320592451346,0.16064652699213758,10936516.98036287,4.714143075471181,0.3848977642368541,verified_focus_dapi,/Volumes/Shihong_5/for_spatioev/pancreas_Xenium_example_data_from_10X/Xenium_V1_hPancreas_nondiseased_section_outs/morphology_focus.ome.tif,0,0.2125
egkjfona-1,397,17.92703125,507641.0,1278.6926952141057,696.7046154439462,423.0,583.0,1095.0,2568.0000000000005,3392.0,747.0,1.0,1290.4080091787307,771.2733046089658,0.8005516464334428,0.16756376421632216,31001850.5029578,5.25779323311555,0.589747922942953,verified_focus_dapi,/Volumes/Shihong_5/for_spatioev/pancreas_Xenium_example_data_from_10X/Xenium_V1_hPancreas_nondiseased_section_outs/morphology_focus.ome.tif,0,0.2125
egpfljcf-1,137,6.186406249999999,148741.0,1085.7007299270074,212.64663004510606,729.0,820.4,1066.0,1362.4,1727.0,320.0,1.0,1298.6195719404873,679.3469533450763,0.3224406355501203,0.11488821745886285,3398332.709689998,3.929698632191581,0.29298505989537554,verified_focus_dapi,/Volumes/Shihong_5/for_spatioev/pancreas_Xenium_example_data_from_10X/Xenium_V1_hPancreas_nondiseased_section_outs/morphology_focus.ome.tif,0,0.2125
ehadfdak-1,688,31.067499999999995,1169249.0,1699.4898255813953,327.44703088593747,983.0,1289.7,1661.0,2180.0,2758.0,444.0,1.0,1266.3419938246686,715.5486904200901,0.3406150869685972,0.05415713327486497,152228962.71720225,5.726952669722166,0.38972836445343156,verified_focus_dapi,/Volumes/Shihong_5/for_spatioev/pancreas_Xenium_example_data_from_10X/Xenium_V1_hPancreas_nondiseased_section_outs/morphology_focus.ome.tif,0,0.2125
ehbbhnbb-1,556,25.106875,1216959.0,2188.7751798561153,468.9627289908246,913.0,1471.5,2234.5,2799.5,3171.0,535.5,1.0,1365.1216902233352,703.9809319479949,0.6425803879541496,0.1136517368057272,104622885.20554432,6.066055541913863,0.3188482658417342,verified_focus_dapi,/Volumes/Shihong_5/for_spatioev/pancreas_Xenium_example_data_from_10X/Xenium_V1_hPancreas_nondiseased_section_outs/morphology_focus.ome.tif,0,0.2125
ehiinjjf-1,107,4.831718749999999,120168.0,1123.0654205607477,183.7938336567462,672.0,868.4000000000001,1139.0,1347.4,1450.0,305.0,1.0,1381.6776224743692,574.6003837336062,0.12960225101044634,0.05225245045610092,1973577.306354437,3.964656363302036,0.1834596682950136,verified_focus_dapi,/Volumes/Shihong_5/for_spatioev/pancreas_Xenium_example_data_from_10X/Xenium_V1_hPancreas_nondiseased_section_outs/morphology_focus.ome.tif,0,0.2125
eicibhjf-1,495,22.35234375,1075779.0,2173.2909090909093,552.5601610082987,817.0,1551.0,2088.0,2973.6000000000004,3603.0,717.5,1.0,1221.5438611345824,431.39924143341705,0.6737232330588185,0.12628882742494663,87059282.42883529,6.042825926766248,0.24302143884461064,verified_focus_dapi,/Volumes/Shihong_5/for_spatioev/pancreas_Xenium_example_data_from_10X/Xenium_V1_hPancreas_nondiseased_section_outs/morphology_focus.ome.tif,0,0.2125
eimhfdpb-1,240,10.837499999999999,198070.0,825.2916666666666,165.7377394074412,472.0,589.9,841.5,1032.2,1155.0,271.0,1.0,1042.952670331196,767.6473893068107,0.48248908294660564,0.1298876551686788,9779406.84390872,3.9895107071926574,0.5902166533867071,verified_focus_dapi,/Volumes/Shihong_5/for_spatioev/pancreas_Xenium_example_data_from_10X/Xenium_V1_hPancreas_nondiseased_section_outs/morphology_focus.ome.tif,0,0.2125
eiolncnp-1,297,13.411406249999999,744838.0,2507.872053872054,378.7355763965693,1240.0,1979.6,2546.0,2943.4,3461.0,525.0,1.0,1473.8899124708996,468.4347748436573,0.16551674545021455,0.040054352899907955,41622207.973895,5.021713621844553,0.31752881660224574,verified_focus_dapi,/Volumes/Shihong_5/for_spatioev/pancreas_Xenium_example_data_from_10X/Xenium_V1_hPancreas_nondiseased_section_outs/morphology_focus.ome.tif,0,0.2125
ejbjjman-1,309,13.953281249999998,562301.0,1819.7443365695792,294.72825947632674,1007.0,1411.4,1827.0,2177.6,2538.0,329.0,1.0,1229.7132267459956,724.3374467811724,0.35079431033770564,0.0832260546616142,26984699.3394641,4.968081733253798,0.3711358117301188,verified_focus_dapi,/Volumes/Shihong_5/for_spatioev/pancreas_Xenium_example_data_from_10X/Xenium_V1_hPancreas_nondiseased_section_outs/morphology_focus.ome.tif,0,0.2125
ejmbfllm-1,733,33.09953125,1560770.0,2129.2905866302863,558.069251406746,773.0,1389.6,2155.0,2820.2000000000003,3189.0,938.0,1.0,1357.8489721980177,323.238539783248,0.5421542305906032,0.08351353556420656,171025888.23669726,5.70743871760955,0.5875112782533038,verified_focus_dapi,/Volumes/Shihong_5/for_spatioev/pancreas_Xenium_example_data_from_10X/Xenium_V1_hPancreas_nondiseased_section_outs/morphology_focus.ome.tif,0,0.2125
ejmlijdm-1,448,20.229999999999997,593101.0,1323.8861607142858,279.6050514716681,670.0,961.0,1298.5,1691.0,2017.0,417.75,1.0,1001.606395032212,748.4186192781668,0.6186701127437885,0.12190068204679061,45854470.59443838,5.682564796880416,0.27974894391217525,verified_focus_dapi,/Volumes/Shihong_5/for_spatioev/pancreas_Xenium_example_data_from_10X/Xenium_V1_hPancreas_nondiseased_section_outs/morphology_focus.ome.tif,0,0.2125
ekafdcbo-1,428,19.326874999999998,506629.0,1183.71261682243,178.35581922670968,782.0,935.1,1199.0,1404.6,1569.0,278.0,1.0,1410.0955198972028,780.4969161605435,0.3567829638528255,0.07192307231144443,54818352.99499634,4.329075558696952,0.7386128744054097,verified_focus_dapi,/Volumes/Shihong_5/for_spatioev/pancreas_Xenium_example_data_from_10X/Xenium_V1_hPancreas_nondiseased_section_outs/morphology_focus.ome.tif,0,0.2125
ekcpgocf-1,250,11.289062499999998,438006.0,1752.024,278.94590053270184,810.0,1404.2,1785.5,2077.2,2227.0,342.0,1.0,999.7944964509619,370.5156415665539,0.24352763432046293,0.06423389417959348,19244927.99713474,4.857382367326718,0.31029211159514,verified_focus_dapi,/Volumes/Shihong_5/for_spatioev/pancreas_Xenium_example_data_from_10X/Xenium_V1_hPancreas_nondiseased_section_outs/morphology_focus.ome.tif,0,0.2125
ekllnahf-1,486,21.945937499999996,772090.0,1588.6625514403293,318.59911553005827,904.0,1170.5,1581.0,2009.5,2336.0,560.5,1.0,965.4984046387078,269.7389032852388,0.6080703439854604,0.11503280098498211,66145761.040539324,5.193226666144124,0.4767078974742644,verified_focus_dapi,/Volumes/Shihong_5/for_spatioev/pancreas_Xenium_example_data_from_10X/Xenium_V1_hPancreas_nondiseased_section_outs/morphology_focus.ome.tif,0,0.2125
ekphnclj-1,698,31.519062499999997,1113110.0,1594.7134670487105,451.1072666632667,616.0,912.3000000000001,1720.0,2109.5000000000005,2486.0,715.0,1.0,949.1260697505187,590.0260113106522,0.4742201969030549,0.07485802098065666,108534075.38296844,6.407799330459489,0.34595151603442553,verified_focus_dapi,/Volumes/Shihong_5/for_spatioev/pancreas_Xenium_example_data_from_10X/Xenium_V1_hPancreas_nondiseased_section_outs/morphology_focus.ome.tif,0,0.2125
elbmlnkc-1,332,14.991874999999999,263625.0,794.0512048192771,142.03336331203712,504.0,627.2,766.5,998.9000000000001,1153.0,211.0,1.0,1195.39447562826,816.1295804646752,0.26085304079451616,0.05970529770136883,15097592.731190138,4.920760024800055,0.36849456377527684,verified_focus_dapi,/Volumes/Shihong_5/for_spatioev/pancreas_Xenium_example_data_from_10X/Xenium_V1_hPancreas_nondiseased_section_outs/morphology_focus.ome.tif,0,0.2125
elfgdjba-1,826,37.2990625,1573315.0,1904.7397094430992,327.62298771504794,819.0,1483.0,1929.5,2283.5,2869.0,429.5,1.0,1113.7044110842392,467.5115609000741,0.07310984214610457,0.010608935984628262,220899383.56556314,6.928673945779714,0.17999071523081817,verified_focus_dapi,/Volumes/Shihong_5/for_spatioev/pancreas_Xenium_example_data_from_10X/Xenium_V1_hPancreas_nondiseased_section_outs/morphology_focus.ome.tif,0,0.2125
emfbmjbb-1,167,7.541093749999999,189425.0,1134.2814371257484,289.4286729425541,528.0,700.6,1206.0,1466.4,1666.0,420.5,1.0,4881.093046192424,273.2602447538604,0.23023883697920733,0.07430300080247011,5564958.538788438,5.1905069964433945,0.1060135266203633,verified_focus_dapi,/Volumes/Shihong_5/for_spatioev/pancreas_Xenium_example_data_from_10X/Xenium_V1_hPancreas_nondiseased_section_outs/morphology_focus.ome.tif,0,0.2125
emmljdoc-1,901,40.68578125,1480912.0,1643.6315205327414,547.3477384604772,650.0,1023.0,1507.0,2511.0,2810.0,828.0,1.0,4868.9388060448555,683.9709506878194,0.5197881067576292,0.0722187469833594,199289920.300109,6.482573088124844,0.4731722091997123,verified_focus_dapi,/Volumes/Shihong_5/for_spatioev/pancreas_Xenium_example_data_from_10X/Xenium_V1_hPancreas_nondiseased_section_outs/morphology_focus.ome.tif,0,0.2125
endndmhm-1,340,15.353124999999999,529573.0,1557.5676470588235,597.5927972342273,538.0,821.0,1502.0,2398.9,2753.0,1065.5,1.0,4597.35410354191,672.0088193931714,0.8043071314431541,0.181914981749898,26593046.858091332,5.3748103102731575,0.43237826451211114,verified_focus_dapi,/Volumes/Shihong_5/for_spatioev/pancreas_Xenium_example_data_from_10X/Xenium_V1_hPancreas_nondiseased_section_outs/morphology_focus.ome.tif,0,0.2125
enihondd-1,640,28.9,1520815.0,2376.2734375,323.1951112245258,1264.0,1967.9,2385.0,2790.1,3257.0,454.25,1.0,4670.497285246726,420.02718645101476,0.6380923684019058,0.10519123882774215,158562264.60558057,6.0595598822713885,0.270283535681289,verified_focus_dapi,/Volumes/Shihong_5/for_spatioev/pancreas_Xenium_example_data_from_10X/Xenium_V1_hPancreas_nondiseased_section_outs/morphology_focus.ome.tif,0,0.2125
eofmdkao-1,429,19.37203125,574859.0,1339.997668997669,193.94436636309825,725.0,1100.8,1346.0,1576.2,1860.0,269.0,1.0,4747.526799789165,527.1897118249866,0.3407676266652716,0.0686144663187612,56318963.53199306,5.195877551762554,0.3359626990575579,verified_focus_dapi,/Volumes/Shihong_5/for_spatioev/pancreas_Xenium_example_data_from_10X/Xenium_V1_hPancreas_nondiseased_section_outs/morphology_focus.ome.tif,0,0.2125
eogdddof-1,598,27.003437499999997,1160342.0,1940.371237458194,429.28235515056895,701.0,1400.4,1910.5,2529.3,2991.0,555.75,1.0,4740.368422585755,537.7256982424148,0.40804496000434437,0.0695894545259642,110492352.80563834,6.7023003811201365,0.17259232644655653,verified_focus_dapi,/Volumes/Shihong_5/for_spatioev/pancreas_Xenium_example_data_from_10X/Xenium_V1_hPancreas_nondiseased_section_outs/morphology_focus.ome.tif,0,0.2125
eolamjcj-1,395,17.83671875,935233.0,2367.6784810126583,342.11912266620703,1555.0,1968.0,2317.0,2763.2000000000003,3425.0,436.5,1.0,4738.732176259819,406.1381221577939,0.6567641984191558,0.13781513947052793,60837417.22175971,5.534029228747901,0.2592685461909378,verified_focus_dapi,/Volumes/Shihong_5/for_spatioev/pancreas_Xenium_example_data_from_10X/Xenium_V1_hPancreas_nondiseased_section_outs/morphology_focus.ome.tif,0,0.2125
ephnebpe-1,560,25.287499999999998,862998.0,1541.067857142857,363.97261823381655,716.0,1114.2,1504.0,1995.4,3091.0,465.0,1.0,4578.0481811516365,744.6109800949713,0.40385204336158775,0.07117283699141745,82757293.15558206,5.938547451241671,0.28750292568749625,verified_focus_dapi,/Volumes/Shihong_5/for_spatioev/pancreas_Xenium_example_data_from_10X/Xenium_V1_hPancreas_nondiseased_section_outs/morphology_focus.ome.tif,0,0.2125
fagmbnfi-1,544,24.564999999999998,1405190.0,2583.0698529411766,534.6087755683443,883.0,1848.6000000000001,2643.0,3187.8,3562.0,555.25,1.0,4488.911601847437,354.34775837253324,0.617219966217008,0.11036376884094173,121930397.82150812,6.018091824360765,0.2738032938038246,verified_focus_dapi,/Volumes/Shihong_5/for_spatioev/pancreas_Xenium_example_data_from_10X/Xenium_V1_hPancreas_nondiseased_section_outs/morphology_focus.ome.tif,0,0.2125
faklcbdk-1,415,18.73984375,1143600.0,2755.6626506024095,437.50576938318966,1403.0,2252.0,2739.0,3366.2,3694.0,562.5,1.0,4587.985573211788,448.10340489463096,0.3966298527296822,0.08119837849972913,84647007.51241955,5.630587217458656,0.2940710582757123,verified_focus_dapi,/Volumes/Shihong_5/for_spatioev/pancreas_Xenium_example_data_from_10X/Xenium_V1_hPancreas_nondiseased_section_outs/morphology_focus.ome.tif,0,0.2125
fbnpggdf-1,678,30.615937499999998,1380504.0,2036.141592920354,404.5765520159571,968.0,1490.7,2030.5,2552.5000000000005,3148.0,576.5,1.0,4651.849284364623,103.11326849650563,0.47622865467493725,0.07627578443640667,171349879.69969666,5.167283722616862,0.66506168237229,verified_focus_dapi,/Volumes/Shihong_5/for_spatioev/pancreas_Xenium_example_data_from_10X/Xenium_V1_hPancreas_nondiseased_section_outs/morphology_focus.ome.tif,0,0.2125
fegdmdld-1,420,18.965625,725612.0,1727.647619047619,435.75270358863787,853.0,1150.9,1718.0,2324.2,2647.0,718.5,1.0,4399.304931526766,270.3051627626059,0.5179272405520746,0.10539745265776132,54610058.0126004,5.346086013983634,0.4324356927233754,verified_focus_dapi,/Volumes/Shihong_5/for_spatioev/pancreas_Xenium_example_data_from_10X/Xenium_V1_hPancreas_nondiseased_section_outs/morphology_focus.ome.tif,0,0.2125
fegfimbd-1,526,23.752187499999998,928146.0,1764.536121673004,394.905862618176,844.0,1265.0,1743.5,2312.5,2870.0,560.75,1.0,4395.633814130536,274.89980446233676,0.4987844486504631,0.09069973926392315,78949862.46155345,5.979410519950898,0.2744365042200427,verified_focus_dapi,/Volumes/Shihong_5/for_spatioev/pancreas_Xenium_example_data_from_10X/Xenium_V1_hPancreas_nondiseased_section_outs/morphology_focus.ome.tif,0,0.2125
ffffcgge-1,611,27.590468749999996,1063461.0,1740.5253682487726,356.8690232643025,736.0,1196.0,1796.0,2163.0,2642.0,495.0,1.0,4229.305853047267,39.34832579662066,0.41981797569419144,0.07083149876187621,99364697.75587633,6.268588766269348,0.2797330249460739,verified_focus_dapi,/Volumes/Shihong_5/for_spatioev/pancreas_Xenium_example_data_from_10X/Xenium_V1_hPancreas_nondiseased_section_outs/morphology_focus.ome.tif,0,0.2125
ffjengan-1,445,20.09453125,841522.0,1891.0606741573033,355.29817628501223,1055.0,1420.0,1912.0,2330.6,2731.0,600.0,1.0,4145.893487142938,834.1575553431758,0.7993174448218395,0.15802481559426076,60511590.82353878,6.266326284592569,0.1724526503819314,verified_focus_dapi,/Volumes/Shihong_5/for_spatioev/pancreas_Xenium_example_data_from_10X/Xenium_V1_hPancreas_nondiseased_section_outs/morphology_focus.ome.tif,0,0.2125
ffmmpcdj-1,348,15.714374999999999,480191.0,1379.8591954022988,346.94360111979773,722.0,949.0,1353.5,1871.9,2358.0,449.5,1.0,4302.163976183436,729.8832070467793,0.44860264964500607,0.10029013564627283,25576540.34012716,5.75752032608799,0.23737385780620998,verified_focus_dapi,/Volumes/Shihong_5/for_spatioev/pancreas_Xenium_example_data_from_10X/Xenium_V1_hPancreas_nondiseased_section_outs/morphology_focus.ome.tif,0,0.2125
fgdmeaie-1,540,24.384375,1257085.0,2327.935185185185,370.31836836320707,1233.0,1845.9,2324.0,2806.5,3363.0,443.5,1.0,4253.926633212949,623.6049127346201,0.1871611994483882,0.033589608821054315,117415123.622514,5.741574776649127,0.33330286077966587,verified_focus_dapi,/Volumes/Shihong_5/for_spatioev/pancreas_Xenium_example_data_from_10X/Xenium_V1_hPancreas_nondiseased_section_outs/morphology_focus.ome.tif,0,0.2125
fgfkmfje-1,860,38.834374999999994,996579.0,1158.8127906976745,618.4881218044063,292.0,479.70000000000005,1036.5,2292.6000000000004,2766.0,789.25,1.0,4153.760166078154,694.8440830079703,0.9706799185247427,0.13804250310345412,114647017.30689889,6.944436064266897,0.5007849680763288,verified_focus_dapi,/Volumes/Shihong_5/for_spatioev/pancreas_Xenium_example_data_from_10X/Xenium_V1_hPancreas_nondiseased_section_outs/morphology_focus.ome.tif,0,0.2125
fgkblhap-1,428,19.326874999999998,739559.0,1727.9415887850466,416.8619741192936,768.0,1094.8,1765.0,2235.7000000000003,2490.0,621.75,1.0,4222.458668037303,587.5105098950861,0.48831678385339156,0.09843867817205287,48375895.3269205,5.292938031021254,0.4215990296407105,verified_focus_dapi,/Volumes/Shihong_5/for_spatioev/pancreas_Xenium_example_data_from_10X/Xenium_V1_hPancreas_nondiseased_section_outs/morphology_focus.ome.tif,0,0.2125
fhfmemhl-1,493,22.262031249999996,556037.0,1127.8640973630831,480.81454276311325,377.0,561.2,1127.0,1494.8000000000002,2967.0,580.0,1.0,4546.909724600161,178.30134712258356,0.7659836778622445,0.14387391520943163,39381902.56877869,6.0161505910803195,0.3520499728929151,verified_focus_dapi,/Volumes/Shihong_5/for_spatioev/pancreas_Xenium_example_data_from_10X/Xenium_V1_hPancreas_nondiseased_section_outs/morphology_focus.ome.tif,0,0.2125
fidhnhod-1,128,5.779999999999999,220300.0,1721.09375,319.0839289449368,809.0,1239.5,1769.5,2028.3,2358.0,365.0,1.0,4183.089202848388,41.89708936677258,0.15620093742062904,0.05757907150917887,4342936.446799818,4.254523084192208,0.18177724605449241,verified_focus_dapi,/Volumes/Shihong_5/for_spatioev/pancreas_Xenium_example_data_from_10X/Xenium_V1_hPancreas_nondiseased_section_outs/morphology_focus.ome.tif,0,0.2125
fipmmlab-1,574,25.9196875,719743.0,1253.9076655052265,369.4583899809324,459.0,730.5,1228.0,1773.7,2141.0,507.75,1.0,7503.825420236807,288.10536910397184,0.820623766570797,0.14284799556649583,67779780.38353968,5.927814568363903,0.3504733733618466,verified_focus_dapi,/Volumes/Shihong_5/for_spatioev/pancreas_Xenium_example_data_from_10X/Xenium_V1_hPancreas_nondiseased_section_outs/morphology_focus.ome.tif,0,0.2125
fjjnnkii-1,329,14.85640625,230332.0,700.09726443769,148.6434186890505,420.0,522.8,680.0,934.0,1066.0,227.0,1.0,1637.3869412413385,1508.1743738386328,0.21306246186476152,0.048988596596771926,11776706.372974662,5.164195968752218,0.34955610788933494,verified_focus_dapi,/Volumes/Shihong_5/for_spatioev/pancreas_Xenium_example_data_from_10X/Xenium_V1_hPancreas_nondiseased_section_outs/morphology_focus.ome.tif,0,0.2125
fjphibfb-1,571,25.784218749999997,724660.0,1269.1068301225919,335.26655230085686,562.0,811.0,1273.0,1756.0,2002.0,505.5,1.0,1621.9947202136175,1211.9548178628597,0.41240109404308456,0.07197600885647912,63342778.06261006,5.949304181240272,0.37790765943877547,verified_focus_dapi,/Volumes/Shihong_5/for_spatioev/pancreas_Xenium_example_data_from_10X/Xenium_V1_hPancreas_nondiseased_section_outs/morphology_focus.ome.tif,0,0.2125
fknjcelp-1,264,11.921249999999999,344576.0,1305.2121212121212,261.85456090203473,690.0,929.3,1298.0,1641.0,1861.0,387.75,1.0,1478.6980316388835,1296.0713629939403,0.3655623343955976,0.09383081419439354,15158666.80491967,5.053418666748754,0.2677032457184149,verified_focus_dapi,/Volumes/Shihong_5/for_spatioev/pancreas_Xenium_example_data_from_10X/Xenium_V1_hPancreas_nondiseased_section_outs/morphology_focus.ome.tif,0,0.2125
fobhkobj-1,675,30.480468749999996,916537.0,1357.8325925925926,313.84961740478565,557.0,997.2,1332.0,1797.8000000000002,2287.0,409.0,1.0,1288.2388522230963,1162.1346505242013,0.5017863797998707,0.08054767123654714,106449430.69045112,6.026724653867053,0.32876878251094255,verified_focus_dapi,/Volumes/Shihong_5/for_spatioev/pancreas_Xenium_example_data_from_10X/Xenium_V1_hPancreas_nondiseased_section_outs/morphology_focus.ome.tif,0,0.2125
fojmocah-1,922,41.6340625,1608095.0,1744.137744034707,328.13024421014524,735.0,1295.3,1800.0,2144.0,2488.0,431.25,1.0,1237.5456057244753,1105.5314840929796,0.5168788411895388,0.07099198181765275,232755522.86324376,6.018195323326638,0.4543952431875261,verified_focus_dapi,/Volumes/Shihong_5/for_spatioev/pancreas_Xenium_example_data_from_10X/Xenium_V1_hPancreas_nondiseased_section_outs/morphology_focus.ome.tif,0,0.2125
fpfkdpmo-1,380,17.159374999999997,356031.0,936.9236842105263,317.13208599158486,432.0,637.0,865.5,1302.4000000000005,2367.0,254.25,1.0,1004.325783077878,1674.5604724729026,0.2898519264603373,0.06201123763450487,22791099.988669526,5.727047563026696,0.19180039520130823,verified_focus_dapi,/Volumes/Shihong_5/for_spatioev/pancreas_Xenium_example_data_from_10X/Xenium_V1_hPancreas_nondiseased_section_outs/morphology_focus.ome.tif,0,0.2125
fpmpjpao-1,655,29.577343749999997,804293.0,1227.9282442748092,353.27685146696723,499.0,750.8,1223.0,1728.6,2110.0,519.0,1.0,1040.8561214942813,1382.0333093474642,0.23626959371750425,0.03850110470313488,97928574.42735918,5.356154417904556,0.6069366232244661,verified_focus_dapi,/Volumes/Shihong_5/for_spatioev/pancreas_Xenium_example_data_from_10X/Xenium_V1_hPancreas_nondiseased_section_outs/morphology_focus.ome.tif,0,0.2125
gabolbhk-1,635,28.674218749999998,1203562.0,1895.3732283464567,355.07309338428234,1009.0,1425.4,1866.0,2372.8,2803.0,511.5,1.0,1227.6530560120707,1485.6466951951788,0.2787370527882767,0.04613110391636258,151316990.97944683,6.084425741294783,0.2997119015877386,verified_focus_dapi,/Volumes/Shihong_5/for_spatioev/pancreas_Xenium_example_data_from_10X/Xenium_V1_hPancreas_nondiseased_section_outs/morphology_focus.ome.tif,0,0.2125
gaciblca-1,512,23.119999999999997,1086037.0,2121.166015625,332.4467617407895,1096.0,1665.3,2140.0,2540.9,2843.0,439.0,1.0,1031.7247678255897,1227.7050018553696,0.26987139026269846,0.04974023951076892,101805184.67966193,5.451443625009203,0.4157802197002511,verified_focus_dapi,/Volumes/Shihong_5/for_spatioev/pancreas_Xenium_example_data_from_10X/Xenium_V1_hPancreas_nondiseased_section_outs/morphology_focus.ome.tif,0,0.2125
gbbomamj-1,686,30.977187499999996,906688.0,1321.7026239067056,261.9343143554256,588.0,970.0,1332.5,1656.0,2034.0,385.5,1.0,1206.5035529311074,915.6403975513076,0.23338307241334932,0.037161505616876124,100168736.63725118,5.848090714466261,0.4049669447000442,verified_focus_dapi,/Volumes/Shihong_5/for_spatioev/pancreas_Xenium_example_data_from_10X/Xenium_V1_hPancreas_nondiseased_section_outs/morphology_focus.ome.tif,0,0.2125
gbmcfgjj-1,401,18.107656249999998,250738.0,625.281795511222,171.81322252429416,265.0,387.0,625.0,858.0,1005.0,284.0,1.0,965.9414790538332,1643.3537408071372,0.6142697321081101,0.12793015796673698,16346197.549174834,5.737920530185401,0.25329442229691723,verified_focus_dapi,/Volumes/Shihong_5/for_spatioev/pancreas_Xenium_example_data_from_10X/Xenium_V1_hPancreas_nondiseased_section_outs/morphology_focus.ome.tif,0,0.2125
gbnabiep-1,505,22.803906249999997,1335813.0,2645.174257425743,253.19721372931843,1872.0,2336.6,2654.0,2948.6000000000004,3449.0,309.0,1.0,1042.9198075722425,1642.305295127387,0.3354479862353108,0.062253748422953586,107623614.82200427,5.905483480834824,0.22511853856404213,verified_focus_dapi,/Volumes/Shihong_5/for_spatioev/pancreas_Xenium_example_data_from_10X/Xenium_V1_hPancreas_nondiseased_section_outs/morphology_focus.ome.tif,0,0.2125
gbpkcjke-1,582,26.280937499999997,1226985.0,2108.221649484536,378.77797812627705,1003.0,1580.0,2143.0,2582.0,2851.0,522.5,1.0,1095.5490572826889,1662.5178172614171,0.3489477420304031,0.06032327426481211,129530530.22686666,6.23225904719157,0.2732815795427057,verified_focus_dapi,/Volumes/Shihong_5/for_spatioev/pancreas_Xenium_example_data_from_10X/Xenium_V1_hPancreas_nondiseased_section_outs/morphology_focus.ome.tif,0,0.2125
gcbibocb-1,397,17.92703125,503193.0,1267.4886649874056,378.21049274664307,553.0,794.0,1261.0,1739.8000000000002,2534.0,479.0,1.0,898.1135514852153,1639.0120903659233,0.32249291736069263,0.06750111302226103,31258917.858233318,6.102623176698107,0.19645135514472858,verified_focus_dapi,/Volumes/Shihong_5/for_spatioev/pancreas_Xenium_example_data_from_10X/Xenium_V1_hPancreas_nondiseased_section_outs/morphology_focus.ome.tif,0,0.2125
gcgcckcd-1,409,18.468906249999996,870195.0,2127.6161369193155,283.99117007131605,1376.0,1772.8,2139.0,2482.6,2875.0,405.0,1.0,880.1521313326323,1599.6976332316322,0.5709315808845625,0.11773576738407251,64536845.91209097,5.363358607467635,0.36522964785038037,verified_focus_dapi,/Volumes/Shihong_5/for_spatioev/pancreas_Xenium_example_data_from_10X/Xenium_V1_hPancreas_nondiseased_section_outs/morphology_focus.ome.tif,0,0.2125
gdfiolbb-1,555,25.061718749999997,785622.0,1415.535135135135,360.1479227248156,668.0,900.4000000000001,1444.0,1875.6,2176.0,586.0,1.0,892.6664580898956,1392.8543111222698,0.3806491168346238,0.06738517199954781,76323645.07384214,5.491357347870853,0.5239184951254059,verified_focus_dapi,/Volumes/Shihong_5/for_spatioev/pancreas_Xenium_example_data_from_10X/Xenium_V1_hPancreas_nondiseased_section_outs/morphology_focus.ome.tif,0,0.2125
gdljekfb-1,307,13.862968749999999,248502.0,809.4527687296417,227.549143241749,367.0,492.0,813.0,1090.8000000000002,1313.0,388.0,1.0,976.1382818850552,1434.5642782553057,0.5815680885685665,0.13842590984911055,12262848.50006841,4.899686251886923,0.4702821694915558,verified_focus_dapi,/Volumes/Shihong_5/for_spatioev/pancreas_Xenium_example_data_from_10X/Xenium_V1_hPancreas_nondiseased_section_outs/morphology_focus.ome.tif,0,0.2125
gdpjofha-1,532,24.023124999999997,1300253.0,2444.0845864661655,364.7596365679595,1453.0,1988.0,2453.0,2876.7000000000003,3622.0,538.5,1.0,856.1786645079842,1592.5012004009989,0.578883194893949,0.10466973683189013,116938111.9169777,5.803207822325322,0.3016207628872377,verified_focus_dapi,/Volumes/Shihong_5/for_spatioev/pancreas_Xenium_example_data_from_10X/Xenium_V1_hPancreas_nondiseased_section_outs/morphology_focus.ome.tif,0,0.2125
geagiann-1,127,5.73484375,136406.0,1074.0629921259842,163.76677039958432,644.0,845.2,1096.0,1268.8,1364.0,286.0,1.0,1083.5822367601131,1184.7460533260999,0.5634015677641002,0.20849814574196662,3760030.6900942773,3.3223079973081764,0.5106066067284495,verified_focus_dapi,/Volumes/Shihong_5/for_spatioev/pancreas_Xenium_example_data_from_10X/Xenium_V1_hPancreas_nondiseased_section_outs/morphology_focus.ome.tif,0,0.2125
geciknho-1,581,26.23578125,700645.0,1205.9294320137694,309.67739614723433,554.0,796.0,1192.0,1607.0,2071.0,476.0,1.0,1230.002534111426,1194.1534815776893,0.37453945504696307,0.064803060092627,65144747.22265913,5.651320853612889,0.4454047975806567,verified_focus_dapi,/Volumes/Shihong_5/for_spatioev/pancreas_Xenium_example_data_from_10X/Xenium_V1_hPancreas_nondiseased_section_outs/morphology_focus.ome.tif,0,0.2125
geihkbfe-1,648,29.261249999999997,1094660.0,1689.29012345679,563.9251267184583,538.0,875.1,1717.0,2389.3,2786.0,953.0,1.0,1121.5373228216981,1001.7129679877769,0.34671137390990603,0.05680238777638768,105467898.90902656,6.0493921982786585,0.4724385942194932,verified_focus_dapi,/Volumes/Shihong_5/for_spatioev/pancreas_Xenium_example_data_from_10X/Xenium_V1_hPancreas_nondiseased_section_outs/morphology_focus.ome.tif,0,0.2125
gelahiee-1,1057,47.73015624999999,1975517.0,1868.9848628193,403.40458122939543,794.0,1315.0,1891.0,2387.8,2725.0,596.0,1.0,855.4215500170335,1109.0027271025763,0.5553854670962852,0.07124313531309975,324559033.5989516,6.7979249941252125,0.33914850701563165,verified_focus_dapi,/Volumes/Shihong_5/for_spatioev/pancreas_Xenium_example_data_from_10X/Xenium_V1_hPancreas_nondiseased_section_outs/morphology_focus.ome.tif,0,0.2125
gelodgld-1,415,18.73984375,616976.0,1486.689156626506,244.87217664420237,619.0,1189.6000000000001,1491.0,1805.0,2024.0,317.5,1.0,876.9648856073818,1186.1931999380852,0.36624873055359947,0.0749787310356706,40817973.77866724,5.4588568924242935,0.2963626605140825,verified_focus_dapi,/Volumes/Shihong_5/for_spatioev/pancreas_Xenium_example_data_from_10X/Xenium_V1_hPancreas_nondiseased_section_outs/morphology_focus.ome.tif,0,0.2125
gfahkhmo-1,413,18.64953125,608885.0,1474.2978208232446,434.42991050123186,726.0,940.8,1445.0,2132.0,2381.0,710.0,1.0,4870.227909190569,1489.4530969107468,0.15570650757805782,0.03195344916518252,48788102.55729735,4.487452232754907,0.7535843901265576,verified_focus_dapi,/Volumes/Shihong_5/for_spatioev/pancreas_Xenium_example_data_from_10X/Xenium_V1_hPancreas_nondiseased_section_outs/morphology_focus.ome.tif,0,0.2125
gfddmmbh-1,618,27.906562499999996,887634.0,1436.3009708737864,334.02149519861865,765.0,981.0,1434.5,1881.6000000000001,2052.0,592.5,1.0,4847.80659206103,1654.5608823005878,0.5426986872945084,0.09104383433049622,76569394.64110321,6.277622697835818,0.3076140692800176,verified_focus_dapi,/Volumes/Shihong_5/for_spatioev/pancreas_Xenium_example_data_from_10X/Xenium_V1_hPancreas_nondiseased_section_outs/morphology_focus.ome.tif,0,0.2125
gfgoagdj-1,285,12.869531249999998,120304.0,422.11929824561406,60.19302121522322,274.0,331.0,426.0,498.6,550.0,84.0,1.0,4814.374416062641,1396.5191823422329,0.36140580371328623,0.08928092862561773,5349376.9603587575,5.037101054418422,0.21018920468834595,verified_focus_dapi,/Volumes/Shihong_5/for_spatioev/pancreas_Xenium_example_data_from_10X/Xenium_V1_hPancreas_nondiseased_section_outs/morphology_focus.ome.tif,0,0.2125
gfhbhglp-1,183,8.263593749999998,116021.0,633.9945355191256,124.49405793829169,364.0,451.8,652.0,794.2,926.0,207.5,1.0,4818.461183966696,1390.3646787004077,0.27520567982895344,0.0848433590199409,3763673.65521759,4.609795818897708,0.19379626174503758,verified_focus_dapi,/Volumes/Shihong_5/for_spatioev/pancreas_Xenium_example_data_from_10X/Xenium_V1_hPancreas_nondiseased_section_outs/morphology_focus.ome.tif,0,0.2125
gfiipofc-1,511,23.074843749999996,958611.0,1875.9510763209394,477.2419329618044,700.0,1256.0,1860.0,2450.0,3552.0,633.5,1.0,4815.715220029292,928.5457071090359,0.18295018013839534,0.03375269054446699,84851478.40348378,6.7571067045387645,0.12412460218222825,verified_focus_dapi,/Volumes/Shihong_5/for_spatioev/pancreas_Xenium_example_data_from_10X/Xenium_V1_hPancreas_nondiseased_section_outs/morphology_focus.ome.tif,0,0.2125
gfpmjjfo-1,682,30.796562499999997,1183290.0,1735.0293255131965,404.44527270343394,718.0,1193.3,1766.5,2257.9,2754.0,550.75,1.0,4757.0489689023825,1627.5417563213582,0.26963508124171137,0.04305962219310714,122541492.66115493,6.347618133180319,0.3085866613364897,verified_focus_dapi,/Volumes/Shihong_5/for_spatioev/pancreas_Xenium_example_data_from_10X/Xenium_V1_hPancreas_nondiseased_section_outs/morphology_focus.ome.tif,0,0.2125
ggafjpip-1,618,27.906562499999996,1339694.0,2167.789644012945,590.3363045875739,1133.0,1541.4,2021.5,3074.3000000000015,3885.0,818.5,1.0,4767.530571038983,1630.1273598299313,0.28427960976750405,0.04769111534844255,141392799.97878695,5.917204086934776,0.3476574457146158,verified_focus_dapi,/Volumes/Shihong_5/for_spatioev/pancreas_Xenium_example_data_from_10X/Xenium_V1_hPancreas_nondiseased_section_outs/morphology_focus.ome.tif,0,0.2125
gggfbijj-1,391,17.656093749999997,482522.0,1234.071611253197,256.54907346722644,562.0,872.0,1291.0,1533.0,1648.0,424.5,1.0,4721.446158232164,1484.3350358636499,0.360221370216964,0.0759743689483619,28560088.71792996,5.804005600993783,0.23844808304699025,verified_focus_dapi,/Volumes/Shihong_5/for_spatioev/pancreas_Xenium_example_data_from_10X/Xenium_V1_hPancreas_nondiseased_section_outs/morphology_focus.ome.tif,0,0.2125
gggnjeif-1,667,30.119218749999998,1115495.0,1672.4062968515743,409.58534063696356,621.0,1025.6000000000001,1771.0,2140.4,2399.0,574.5,1.0,4703.595969143743,1581.8355205984785,0.7886247333665556,0.12734839707994972,131368434.70496058,5.516234495635693,0.5684089285046224,verified_focus_dapi,/Volumes/Shihong_5/for_spatioev/pancreas_Xenium_example_data_from_10X/Xenium_V1_hPancreas_nondiseased_section_outs/morphology_focus.ome.tif,0,0.2125
ghaofdoj-1,624,28.1775,1564979.0,2507.9791666666665,363.28926175569495,1499.0,1959.0,2580.0,2923.7,3182.0,486.25,1.0,4629.628944989038,1396.1662104810991,0.18046546002301034,0.030129214156697757,149002099.54521564,6.1689639456125045,0.2713242351200847,verified_focus_dapi,/Volumes/Shihong_5/for_spatioev/pancreas_Xenium_example_data_from_10X/Xenium_V1_hPancreas_nondiseased_section_outs/morphology_focus.ome.tif,0,0.2125
ghhbbngd-1,639,28.854843749999997,1468800.0,2298.5915492957747,397.96010840096443,1042.0,1794.8,2330.0,2817.4,3084.0,555.5,1.0,4798.047429542824,1248.1232589699073,0.38273138202428153,0.06314364538988085,172126508.66649985,6.001967295809267,0.34716691994836296,verified_focus_dapi,/Volumes/Shihong_5/for_spatioev/pancreas_Xenium_example_data_from_10X/Xenium_V1_hPancreas_nondiseased_section_outs/morphology_focus.ome.tif,0,0.2125
ghhiaabc-1,398,17.972187499999997,894142.0,2246.5879396984924,317.48866328081,1117.0,1878.7,2186.5,2687.0,2989.0,479.5,1.0,4662.020503888085,1197.4240925238944,0.3296127120286873,0.0689046328305487,58499894.66019715,5.690457459990679,0.1907132011353974,verified_focus_dapi,/Volumes/Shihong_5/for_spatioev/pancreas_Xenium_example_data_from_10X/Xenium_V1_hPancreas_nondiseased_section_outs/morphology_focus.ome.tif,0,0.2125
ghhmbgpd-1,431,19.46234375,1112739.0,2581.7610208816704,395.5336973836884,1258.0,2143.0,2544.0,3130.0,3679.0,478.0,1.0,4666.368516628787,1167.4503085067568,0.1325211852491807,0.026621509830244753,76878586.17333804,5.786696628934748,0.21046185085113944,verified_focus_dapi,/Volumes/Shihong_5/for_spatioev/pancreas_Xenium_example_data_from_10X/Xenium_V1_hPancreas_nondiseased_section_outs/morphology_focus.ome.tif,0,0.2125
ghlfpfjf-1,531,23.97796875,532143.0,1002.1525423728814,314.23115342918885,464.0,620.0,959.0,1484.0,1751.0,481.5,1.0,4893.275975325241,1117.7258853353326,0.5374683188387889,0.09727284441574423,38018611.957849674,6.076671549284621,0.35663857166375146,verified_focus_dapi,/Volumes/Shihong_5/for_spatioev/pancreas_Xenium_example_data_from_10X/Xenium_V1_hPancreas_nondiseased_section_outs/morphology_focus.ome.tif,0,0.2125
ghpgfmhh-1,414,18.694687499999997,776432.0,1875.4396135265702,363.89801217056186,998.0,1399.1000000000001,1856.0,2332.2,2868.0,500.25,1.0,4788.675955846745,983.9785993332321,0.5782933525958234,0.11853156974387788,54434055.7454497,5.635315396642141,0.23912470194993268,verified_focus_dapi,/Volumes/Shihong_5/for_spatioev/pancreas_Xenium_example_data_from_10X/Xenium_V1_hPancreas_nondiseased_section_outs/morphology_focus.ome.tif,0,0.2125
gjgeckjp-1,191,8.624843749999998,217861.0,1140.6335078534032,213.9205257518706,696.0,854.0,1135.0,1406.0,1674.0,352.5,1.0,4671.7286220916085,1571.4744917630965,0.08788743366812861,0.026521379246396387,9501251.543672342,4.376267469280524,0.25370561889446575,verified_focus_dapi,/Volumes/Shihong_5/for_spatioev/pancreas_Xenium_example_data_from_10X/Xenium_V1_hPancreas_nondiseased_section_outs/morphology_focus.ome.tif,0,0.2125
gjllkngk-1,614,27.725937499999997,1317217.0,2145.304560260586,639.9268052190312,625.0,1058.6,2414.0,2775.7,3021.0,984.25,1.0,4649.927143363622,1222.806060637693,0.49473965736304837,0.0832680788293178,114078179.63186172,6.299911520194307,0.35025232665260125,verified_focus_dapi,/Volumes/Shihong_5/for_spatioev/pancreas_Xenium_example_data_from_10X/Xenium_V1_hPancreas_nondiseased_section_outs/morphology_focus.ome.tif,0,0.2125
gjloilel-1,148,6.6831249999999995,171267.0,1157.2094594594594,185.5995854702667,727.0,911.7,1142.0,1425.4,1543.0,252.25,1.0,4659.948813110523,1299.6667067356816,0.22953576409322526,0.07868745723211835,4409816.084698161,3.869129163700837,0.3480439100848373,verified_focus_dapi,/Volumes/Shihong_5/for_spatioev/pancreas_Xenium_example_data_from_10X/Xenium_V1_hPancreas_nondiseased_section_outs/morphology_focus.ome.tif,0,0.2125
gkkmmook-1,165,7.4507812499999995,164488.0,996.8969696969697,184.68481338173845,697.0,785.2,969.0,1277.0,1446.0,281.0,1.0,4637.917330215579,1126.0240191533728,0.11844903732231019,0.038457014818030745,4353611.668340548,4.252107369128424,0.26335079190263905,verified_focus_dapi,/Volumes/Shihong_5/for_spatioev/pancreas_Xenium_example_data_from_10X/Xenium_V1_hPancreas_nondiseased_section_outs/morphology_focus.ome.tif,0,0.2125
gkoaiidp-1,582,26.280937499999997,1158476.0,1990.5085910652922,451.9983111626538,871.0,1340.0,1983.5,2524.8,3437.0,605.75,1.0,4530.530111240975,1095.366613960928,0.5496327425860175,0.0950160802961964,123274827.9193941,5.345704931991579,0.5463491775544362,verified_focus_dapi,/Volumes/Shihong_5/for_spatioev/pancreas_Xenium_example_data_from_10X/Xenium_V1_hPancreas_nondiseased_section_outs/morphology_focus.ome.tif,0,0.2125
glagamnk-1,346,15.624062499999999,841081.0,2430.8699421965316,282.7592735603728,1409.0,2112.5,2414.5,2776.0,3280.0,395.25,1.0,4644.898561375183,1074.4211223859534,0.228884803526621,0.051317432079402966,50124574.39901984,5.8739766125172235,0.11916807718034102,verified_focus_dapi,/Volumes/Shihong_5/for_spatioev/pancreas_Xenium_example_data_from_10X/Xenium_V1_hPancreas_nondiseased_section_outs/morphology_focus.ome.tif,0,0.2125
glfjfjnd-1,484,21.855624999999996,1122394.0,2318.995867768595,337.8201572739712,1233.0,1890.0000000000002,2320.5,2731.7,3129.0,388.5,1.0,4568.471026751747,958.9591798980572,0.11454650821068905,0.021714267335381406,85359091.10636105,6.586894266906596,0.10565771584062966,verified_focus_dapi,/Volumes/Shihong_5/for_spatioev/pancreas_Xenium_example_data_from_10X/Xenium_V1_hPancreas_nondiseased_section_outs/morphology_focus.ome.tif,0,0.2125
glfpjipf-1,638,28.809687499999995,1333997.0,2090.9043887147336,355.3956891609071,1355.0,1669.4,2041.5,2621.0,3110.0,458.75,1.0,4562.321167129686,970.0752947907679,0.751544588840212,0.12408818123576541,138405598.31961542,6.303287045289612,0.2116568898684221,verified_focus_dapi,/Volumes/Shihong_5/for_spatioev/pancreas_Xenium_example_data_from_10X/Xenium_V1_hPancreas_nondiseased_section_outs/morphology_focus.ome.tif,0,0.2125
gmbldpci-1,431,19.46234375,795743.0,1846.2714617169374,403.8246479130917,752.0,1280.0,1905.0,2317.0,3164.0,535.0,1.0,4463.237804888011,1596.3713765939506,0.31997219796816107,0.06427759454156469,57640795.600164875,5.5339336157034715,0.35274403344778116,verified_focus_dapi,/Volumes/Shihong_5/for_spatioev/pancreas_Xenium_example_data_from_10X/Xenium_V1_hPancreas_nondiseased_section_outs/morphology_focus.ome.tif,0,0.2125
gmfmcggd-1,164,7.405624999999999,85173.0,519.3475609756098,108.08784788265893,331.0,382.9,509.0,664.8000000000001,780.0,180.75,1.0,4429.7062025231,1488.2413087187253,0.16160306368084887,0.052627612969590995,2619959.5242623836,3.7388480476530956,0.4335421827386228,verified_focus_dapi,/Volumes/Shihong_5/for_spatioev/pancreas_Xenium_example_data_from_10X/Xenium_V1_hPancreas_nondiseased_section_outs/morphology_focus.ome.tif,0,0.2125
gmgphfcf-1,683,30.84171875,1200693.0,1757.96925329429,487.77087058154245,809.0,1200.0,1683.0,2482.4,3236.0,727.0,1.0,4262.747430411021,1440.2804506647412,0.4347739121999534,0.06938077258961439,135984560.28265846,6.623236021743339,0.21972704842405258,verified_focus_dapi,/Volumes/Shihong_5/for_spatioev/pancreas_Xenium_example_data_from_10X/Xenium_V1_hPancreas_nondiseased_section_outs/morphology_focus.ome.tif,0,0.2125
gmkppgpj-1,102,4.6059375,175596.0,1721.5294117647059,284.2020030659756,1070.0,1321.4,1760.0,2053.4,2277.0,461.5,1.0,4243.48760158261,1498.911852419759,0.19230639125019863,0.0794108123133495,3020816.7858835054,3.9790069078492465,0.16869992319639027,verified_focus_dapi,/Volumes/Shihong_5/for_spatioev/pancreas_Xenium_example_data_from_10X/Xenium_V1_hPancreas_nondiseased_section_outs/morphology_focus.ome.tif,0,0.2125
gmlbgmga-1,464,20.952499999999997,820147.0,1767.5581896551723,368.4301401428609,972.0,1301.8,1733.5,2278.4,2699.0,449.75,1.0,4228.328895048692,1504.892485295319,0.06978379052978542,0.013510815762880537,61182873.02554298,5.720716341180291,0.2970357835848307,verified_focus_dapi,/Volumes/Shihong_5/for_spatioev/pancreas_Xenium_example_data_from_10X/Xenium_V1_hPancreas_nondiseased_section_outs/morphology_focus.ome.tif,0,0.2125
gnfboagk-1,630,28.448437499999997,1404529.0,2229.411111111111,261.6604443367615,1234.0,1938.3,2211.0,2594.1,2957.0,326.5,1.0,4575.795504525005,1157.9339126586208,0.8021631224221699,0.1332841246262836,158131060.5865582,5.47855029302884,0.416761245961723,verified_focus_dapi,/Volumes/Shihong_5/for_spatioev/pancreas_Xenium_example_data_from_10X/Xenium_V1_hPancreas_nondiseased_section_outs/morphology_focus.ome.tif,0,0.2125
gnffbjhh-1,629,28.403281249999996,1340592.0,2131.3068362480126,452.6875403522276,957.0,1461.8,2199.0,2679.8,3070.0,627.0,1.0,4513.849213481805,1167.3125539873429,0.44650974383071107,0.0742491735810861,127255578.9807697,5.826374664212726,0.33848164588750135,verified_focus_dapi,/Volumes/Shihong_5/for_spatioev/pancreas_Xenium_example_data_from_10X/Xenium_V1_hPancreas_nondiseased_section_outs/morphology_focus.ome.tif,0,0.2125
gnifinee-1,702,31.699687499999996,1428340.0,2034.6723646723647,550.0401003820643,841.0,1426.8000000000002,1901.0,2902.9,3633.0,649.75,1.0,4404.134755712925,1159.0507661866222,0.4487129097405282,0.07062948098063491,153851757.2142095,6.036630504863763,0.426817054745361,verified_focus_dapi,/Volumes/Shihong_5/for_spatioev/pancreas_Xenium_example_data_from_10X/Xenium_V1_hPancreas_nondiseased_section_outs/morphology_focus.ome.tif,0,0.2125
gobnpkdi-1,688,31.067499999999995,1403281.0,2039.6526162790697,466.1892643515544,896.0,1521.0,1977.0,2700.9,3515.0,595.25,1.0,4444.807115084221,1248.0651314490826,0.5429976715831959,0.08633556877820762,187978496.3425344,5.6695562760880005,0.4402425774547817,verified_focus_dapi,/Volumes/Shihong_5/for_spatioev/pancreas_Xenium_example_data_from_10X/Xenium_V1_hPancreas_nondiseased_section_outs/morphology_focus.ome.tif,0,0.2125
habacefn-1,401,18.107656249999998,591977.0,1476.2518703241894,412.0642202360529,692.0,944.0,1446.0,2039.0,2371.0,699.0,1.0,4385.787168673783,982.3402172719548,0.32550517902230164,0.06779095044843454,37744524.16720244,5.026828162275248,0.5294756780889212,verified_focus_dapi,/Volumes/Shihong_5/for_spatioev/pancreas_Xenium_example_data_from_10X/Xenium_V1_hPancreas_nondiseased_section_outs/morphology_focus.ome.tif,0,0.2125
hbfdnfnn-1,569,25.693906249999998,1087738.0,1911.6660808435852,586.6013316055518,654.0,995.6,2124.0,2541.2,2893.0,1001.0,1.0,4415.721213771147,923.7081192920538,0.2840109477762709,0.04965522501165374,105592064.62996879,5.9052379081228,0.42073062775224573,verified_focus_dapi,/Volumes/Shihong_5/for_spatioev/pancreas_Xenium_example_data_from_10X/Xenium_V1_hPancreas_nondiseased_section_outs/morphology_focus.ome.tif,0,0.2125
hckdkacc-1,501,22.623281249999998,1092572.0,2180.7824351297404,555.6157420962153,768.0,1312.0,2331.0,2774.0,3157.0,829.0,1.0,1590.4770074992769,1827.3374199137447,0.3565132327635524,0.06642671833806346,82388903.05246244,6.319777914525025,0.24074836107374037,verified_focus_dapi,/Volumes/Shihong_5/for_spatioev/pancreas_Xenium_example_data_from_10X/Xenium_V1_hPancreas_nondiseased_section_outs/morphology_focus.ome.tif,0,0.2125
hcmgojhj-1,368,16.6175,548919.0,1491.6277173913043,329.15382288992265,740.0,1058.0,1501.0,1914.9,2326.0,458.0,1.0,1485.4837455981665,1914.368515687196,0.3768747267798456,0.08193304803811663,32770170.820467137,5.667807630570218,0.22939976098825834,verified_focus_dapi,/Volumes/Shihong_5/for_spatioev/pancreas_Xenium_example_data_from_10X/Xenium_V1_hPancreas_nondiseased_section_outs/morphology_focus.ome.tif,0,0.2125
hcmjhmkh-1,560,25.287499999999998,1066108.0,1903.7642857142857,557.0841031749193,856.0,1170.4,1909.5,2661.6000000000004,3163.0,985.0,1.0,1480.112645318298,1929.314388094358,0.2871137538564314,0.050599472596753944,85034361.31928754,6.761080253239991,0.2339887264966499,verified_focus_dapi,/Volumes/Shihong_5/for_spatioev/pancreas_Xenium_example_data_from_10X/Xenium_V1_hPancreas_nondiseased_section_outs/morphology_focus.ome.tif,0,0.2125
hdcfiinh-1,431,19.46234375,900934.0,2090.3341067285382,353.3292434344565,1052.0,1642.0,2100.0,2528.0,3147.0,445.5,1.0,1330.9969224021959,2015.9456537743054,1.1529774909299464,0.23161580958643188,121956598.53792396,3.583448102269833,1.1943249155800735,verified_focus_dapi,/Volumes/Shihong_5/for_spatioev/pancreas_Xenium_example_data_from_10X/Xenium_V1_hPancreas_nondiseased_section_outs/morphology_focus.ome.tif,0,0.2125
hdcilfln-1,383,17.29484375,707792.0,1848.0208877284595,439.90861213559543,812.0,1229.2,1858.0,2398.2000000000003,3166.0,527.0,1.0,1319.154665954122,2035.9546682146731,0.5525769552917161,0.11775500857733538,41275639.175475284,5.735131030905169,0.2627536015336984,verified_focus_dapi,/Volumes/Shihong_5/for_spatioev/pancreas_Xenium_example_data_from_10X/Xenium_V1_hPancreas_nondiseased_section_outs/morphology_focus.ome.tif,0,0.2125
hddbmeka-1,278,12.5534375,298389.0,1073.341726618705,241.08132106574115,454.0,733.6,1121.5,1349.3000000000002,1585.0,348.5,1.0,1419.9042263622318,2108.23243827688,0.30844214314131824,0.07715024692617653,13506546.510816418,5.018460571300879,0.31672937322115186,verified_focus_dapi,/Volumes/Shihong_5/for_spatioev/pancreas_Xenium_example_data_from_10X/Xenium_V1_hPancreas_nondiseased_section_outs/morphology_focus.ome.tif,0,0.2125
hddhbmkh-1,478,21.584687499999998,680670.0,1423.9958158995817,376.0112167594696,835.0,955.2,1350.5,1965.6,2296.0,657.0,1.0,1452.1338651071737,2013.6591506713971,0.21848767448770604,0.04167724473334419,51313864.48419645,6.191183195672482,0.2335386184737874,verified_focus_dapi,/Volumes/Shihong_5/for_spatioev/pancreas_Xenium_example_data_from_10X/Xenium_V1_hPancreas_nondiseased_section_outs/morphology_focus.ome.tif,0,0.2125
hdjnoflh-1,439,19.823593749999997,973618.0,2217.8086560364463,623.561761900593,865.0,1368.2,2193.0,3095.6,3806.0,683.0,1.0,1515.2620108579545,1851.8042076050363,0.5373464471897061,0.1069567327632866,68555541.80669728,6.220625914404109,0.2152173219181117,verified_focus_dapi,/Volumes/Shihong_5/for_spatioev/pancreas_Xenium_example_data_from_10X/Xenium_V1_hPancreas_nondiseased_section_outs/morphology_focus.ome.tif,0,0.2125
hdkdapgi-1,171,7.721718749999999,250935.0,1467.4561403508771,177.61207516923454,1000.0,1244.0,1452.0,1738.0,2021.0,215.5,1.0,1528.7307669316754,1867.010216839022,0.1601552967685717,0.05107745591525302,7356885.741431048,4.8770525415237245,0.0997858037151089,verified_focus_dapi,/Volumes/Shihong_5/for_spatioev/pancreas_Xenium_example_data_from_10X/Xenium_V1_hPancreas_nondiseased_section_outs/morphology_focus.ome.tif,0,0.2125
hehlldaf-1,670,30.254687499999996,420064.0,626.9611940298507,177.35895380300562,379.0,475.9,596.0,769.6000000000001,1768.0,143.75,1.0,1161.418002822189,1902.940925787499,0.4107965469672289,0.06618741037010283,78119261.63287261,4.4173559580733155,0.8018386543566454,verified_focus_dapi,/Volumes/Shihong_5/for_spatioev/pancreas_Xenium_example_data_from_10X/Xenium_V1_hPancreas_nondiseased_section_outs/morphology_focus.ome.tif,0,0.2125
hfcghhhm-1,632,28.538749999999997,1252463.0,1981.745253164557,235.78006803756054,1093.0,1713.0,1969.5,2277.9,2819.0,278.25,1.0,1043.2637958466637,2002.134597509068,0.31976555356656544,0.05304679444570646,127769145.49604258,6.157580780920216,0.20960760439351284,verified_focus_dapi,/Volumes/Shihong_5/for_spatioev/pancreas_Xenium_example_data_from_10X/Xenium_V1_hPancreas_nondiseased_section_outs/morphology_focus.ome.tif,0,0.2125
hfddbgcm-1,400,18.062499999999996,604451.0,1511.1275,383.35911524802697,400.0,896.0,1599.5,1910.3000000000002,2128.0,477.25,1.0,1056.1570881676098,2097.3733286900015,0.3318272265379206,0.06919393476616877,46555251.94909099,5.428815338998367,0.3251810654078037,verified_focus_dapi,/Volumes/Shihong_5/for_spatioev/pancreas_Xenium_example_data_from_10X/Xenium_V1_hPancreas_nondiseased_section_outs/morphology_focus.ome.tif,0,0.2125
hfefcihn-1,573,25.874531249999997,702253.0,1225.5724258289704,374.2407421188327,574.0,768.0,1172.0,1800.2000000000003,2023.0,623.0,1.0,914.5882056573627,1962.2743418504442,0.8764673074493594,0.15270189152069558,58023386.40203175,5.892168311907534,0.44684996079392186,verified_focus_dapi,/Volumes/Shihong_5/for_spatioev/pancreas_Xenium_example_data_from_10X/Xenium_V1_hPancreas_nondiseased_section_outs/morphology_focus.ome.tif,0,0.2125
hfehlhkh-1,562,25.377812499999997,653085.0,1162.0729537366549,341.1455268334381,560.0,704.1,1137.5,1617.6000000000001,1991.0,607.0,1.0,917.2944236010626,1969.4077472878723,0.5554325634990561,0.09771228878078565,52968706.45516587,6.25392961760593,0.30410001995140223,verified_focus_dapi,/Volumes/Shihong_5/for_spatioev/pancreas_Xenium_example_data_from_10X/Xenium_V1_hPancreas_nondiseased_section_outs/morphology_focus.ome.tif,0,0.2125
hfhjihhj-1,727,32.828593749999996,1276262.0,1755.5185694635488,399.5274125376978,808.0,1152.4,1809.0,2212.2,2771.0,566.0,1.0,1148.312640145597,1911.558327571063,0.6200610108480069,0.09590764450494124,143907579.7376824,6.50191875027648,0.24935120460111262,verified_focus_dapi,/Volumes/Shihong_5/for_spatioev/pancreas_Xenium_example_data_from_10X/Xenium_V1_hPancreas_nondiseased_section_outs/morphology_focus.ome.tif,0,0.2125
hglgpdjp-1,295,13.32109375,205206.0,695.6135593220339,149.41957698252367,366.0,464.4,742.0,864.0,934.0,242.0,1.0,4838.56509684171,1947.8860352523805,0.5367576856957055,0.13033266330446297,9024911.532240773,5.076369979121239,0.2724598427771316,verified_focus_dapi,/Volumes/Shihong_5/for_spatioev/pancreas_Xenium_example_data_from_10X/Xenium_V1_hPancreas_nondiseased_section_outs/morphology_focus.ome.tif,0,0.2125
hgpofpip-1,592,26.732499999999998,1610583.0,2720.579391891892,463.01765090359015,1310.0,2156.1,2717.0,3307.5,3949.0,720.0,1.0,4887.310457657258,1765.4973856516553,0.6694765066754925,0.11475206095887575,154961322.18790588,5.949311785776076,0.2945411786746445,verified_focus_dapi,/Volumes/Shihong_5/for_spatioev/pancreas_Xenium_example_data_from_10X/Xenium_V1_hPancreas_nondiseased_section_outs/morphology_focus.ome.tif,0,0.2125
hhklblko-1,627,28.312968749999996,1285344.0,2049.9904306220096,515.9488556039418,847.0,1342.6,2072.0,2651.4,3554.0,671.0,1.0,4733.317321335767,1818.9261311271534,0.5299473229075148,0.08826427097742728,117946373.74273269,6.450602240448342,0.26750290882918665,verified_focus_dapi,/Volumes/Shihong_5/for_spatioev/pancreas_Xenium_example_data_from_10X/Xenium_V1_hPancreas_nondiseased_section_outs/morphology_focus.ome.tif,0,0.2125
hijocjkf-1,832,37.56999999999999,1675829.0,2014.217548076923,461.86786533445195,968.0,1480.4,1952.0,2677.3999999999996,3458.0,736.0,1.0,4381.624982978574,2104.534282107542,0.45770027614230374,0.06617676262398413,240611788.52995265,6.418611879458538,0.3195527674073531,verified_focus_dapi,/Volumes/Shihong_5/for_spatioev/pancreas_Xenium_example_data_from_10X/Xenium_V1_hPancreas_nondiseased_section_outs/morphology_focus.ome.tif,0,0.2125
hjkaapnb-1,217,9.798906249999998,248045.0,1143.0645161290322,150.57905278360687,826.0,993.6,1108.0,1348.6,1597.0,198.0,1.0,4340.30896525832,1902.5333777641154,0.5794360050434135,0.16404447852351908,8736375.056679232,4.685279916900501,0.2303479506404637,verified_focus_dapi,/Volumes/Shihong_5/for_spatioev/pancreas_Xenium_example_data_from_10X/Xenium_V1_hPancreas_nondiseased_section_outs/morphology_focus.ome.tif,0,0.2125
hjldokfd-1,784,35.402499999999996,1569893.0,2002.4145408163265,376.4672185945541,1031.0,1469.5,2022.0,2480.8,2874.0,470.25,1.0,4353.29827629176,1907.6793270066814,0.6457464675021486,0.09618116075906026,213378818.5950431,6.253489076408654,0.3452427418699571,verified_focus_dapi,/Volumes/Shihong_5/for_spatioev/pancreas_Xenium_example_data_from_10X/Xenium_V1_hPancreas_nondiseased_section_outs/morphology_focus.ome.tif,0,0.2125
hjleckoh-1,1130,51.0265625,1457151.0,1289.5141592920354,291.0683742217296,631.0,924.0,1260.0,1686.1,2167.0,411.75,1.0,4285.095953688053,1879.5048634887532,0.7418005103002823,0.0920309515265906,267607027.21575046,7.2395303902185635,0.22602540765856785,verified_focus_dapi,/Volumes/Shihong_5/for_spatioev/pancreas_Xenium_example_data_from_10X/Xenium_V1_hPancreas_nondiseased_section_outs/morphology_focus.ome.tif,0,0.2125
hkjcmkdg-1,557,25.152031249999997,1045089.0,1876.281867145422,352.2460956963442,666.0,1452.4,1894.0,2310.4,2910.0,447.0,1.0,2423.804453651794,98.43895783038573,0.42654815276039454,0.07537485231525153,106909359.54710652,5.720213601090963,0.3368014655822727,verified_focus_dapi,/Volumes/Shihong_5/for_spatioev/pancreas_Xenium_example_data_from_10X/Xenium_V1_hPancreas_nondiseased_section_outs/morphology_focus.ome.tif,0,0.2125
hnhahbcg-1,364,16.436874999999997,321644.0,883.6373626373627,188.56483809149807,452.0,634.5,893.0,1115.8,1408.0,252.0,1.0,1763.6851170859707,781.4425406272152,0.6717118810361898,0.14683119877132408,18813824.06706483,5.018680299167883,0.3374168064605612,verified_focus_dapi,/Volumes/Shihong_5/for_spatioev/pancreas_Xenium_example_data_from_10X/Xenium_V1_hPancreas_nondiseased_section_outs/morphology_focus.ome.tif,0,0.2125
hnifgnip-1,705,31.835156249999997,1239038.0,1757.5007092198582,418.93756241851935,567.0,1173.0,1804.0,2254.0,2672.0,604.0,1.0,1806.716722812375,776.4062075073565,0.9149777069487862,0.14371495412526766,140014797.48468167,5.913990521206221,0.4579168584336228,verified_focus_dapi,/Volumes/Shihong_5/for_spatioev/pancreas_Xenium_example_data_from_10X/Xenium_V1_hPancreas_nondiseased_section_outs/morphology_focus.ome.tif,0,0.2125
hokpekac-1,449,20.27515625,529568.0,1179.4387527839644,317.41295762730596,542.0,779.0,1160.0,1571.9999999999998,2157.0,369.0,1.0,5453.371231291354,838.3510271815895,0.4438015107061825,0.08734772779825513,41947764.50569143,5.331048617602646,0.43689068160443406,verified_focus_dapi,/Volumes/Shihong_5/for_spatioev/pancreas_Xenium_example_data_from_10X/Xenium_V1_hPancreas_nondiseased_section_outs/morphology_focus.ome.tif,0,0.2125
hpaljoao-1,231,10.431093749999999,322107.0,1394.4025974025974,168.067595637024,917.0,1143.0,1414.0,1601.0,1703.0,219.0,1.0,5028.198117861456,711.7308903951172,0.11061859233858298,0.03035345583266577,15534338.212699505,4.137866095591732,0.5186523541356469,verified_focus_dapi,/Volumes/Shihong_5/for_spatioev/pancreas_Xenium_example_data_from_10X/Xenium_V1_hPancreas_nondiseased_section_outs/morphology_focus.ome.tif,0,0.2125
hpdkeodd-1,437,19.733281249999997,1022756.0,2340.402745995423,403.7013564060495,988.0,1838.0,2387.0,2839.6000000000004,3300.0,489.0,1.0,5717.494295878,775.1565203968494,0.17520971865971427,0.03495453105513202,76644981.6641232,5.598639995515222,0.29956536213136725,verified_focus_dapi,/Volumes/Shihong_5/for_spatioev/pancreas_Xenium_example_data_from_10X/Xenium_V1_hPancreas_nondiseased_section_outs/morphology_focus.ome.tif,0,0.2125
hpfkppaa-1,418,18.875312499999996,952714.0,2279.22009569378,411.15088718906406,1058.0,1754.0,2298.5,2789.0,3460.0,585.75,1.0,4972.419847168196,782.0044011634131,0.7421670666571438,0.15139082101130347,65809180.66128555,5.335431478287043,0.3459244154669204,verified_focus_dapi,/Volumes/Shihong_5/for_spatioev/pancreas_Xenium_example_data_from_10X/Xenium_V1_hPancreas_nondiseased_section_outs/morphology_focus.ome.tif,0,0.2125
hpnjkndf-1,519,23.436093749999998,604683.0,1165.092485549133,330.24834924432315,603.0,753.2,1122.0,1658.2,1853.0,558.0,1.0,5222.47463468462,732.3529152258291,0.13167559068019472,0.024105025907972914,43769267.90110851,6.250730886241661,0.31925785577591853,verified_focus_dapi,/Volumes/Shihong_5/for_spatioev/pancreas_Xenium_example_data_from_10X/Xenium_V1_hPancreas_nondiseased_section_outs/morphology_focus.ome.tif,0,0.2125
hppkchmg-1,536,24.203749999999996,1622825.0,3027.658582089552,481.26198477133977,1506.0,2442.0,3057.0,3628.0,4066.0,649.25,1.0,5328.977824518971,714.7957840032042,0.17750323867114562,0.0319749513905468,144728603.65431395,5.731302555125501,0.3439084560263715,verified_focus_dapi,/Volumes/Shihong_5/for_spatioev/pancreas_Xenium_example_data_from_10X/Xenium_V1_hPancreas_nondiseased_section_outs/morphology_focus.ome.tif,0,0.2125
iagcpieb-1,606,27.3646875,1014621.0,1674.2920792079208,376.23066554925754,783.0,1202.0,1660.0,2195.5,2721.0,446.0,1.0,5551.657621836134,746.4778106061278,0.39509657102718104,0.06693495176283387,101915085.46274719,6.349345777203478,0.21350996364704458,verified_focus_dapi,/Volumes/Shihong_5/for_spatioev/pancreas_Xenium_example_data_from_10X/Xenium_V1_hPancreas_nondiseased_section_outs/morphology_focus.ome.tif,0,0.2125
iajmlmge-1,335,15.127343749999998,645392.0,1926.5432835820895,348.7905890247086,1029.0,1448.3999999999999,1944.0,2361.6,2653.0,478.0,1.0,4992.332311099301,652.9461819909451,0.2616400452737451,0.05961668432299666,34699814.4467285,5.053998961136498,0.3371925956669283,verified_focus_dapi,/Volumes/Shihong_5/for_spatioev/pancreas_Xenium_example_data_from_10X/Xenium_V1_hPancreas_nondiseased_section_outs/morphology_focus.ome.tif,0,0.2125
iaoefedc-1,637,28.764531249999997,763534.0,1198.6405023547882,227.4291328719092,602.0,930.2,1193.0,1472.8,1976.0,316.0,1.0,5030.081895370737,690.6093920342774,0.45524667635052246,0.0752251519959183,80806428.75835392,6.381187184604399,0.2154693444099305,verified_focus_dapi,/Volumes/Shihong_5/for_spatioev/pancreas_Xenium_example_data_from_10X/Xenium_V1_hPancreas_nondiseased_section_outs/morphology_focus.ome.tif,0,0.2125
ibekgijm-1,514,23.210312499999997,1131313.0,2200.998054474708,339.6653222285425,1187.0,1764.9,2218.0,2641.1,2872.0,477.5,1.0,5464.314179287695,650.4557368186346,0.12986844876459908,0.023889557189653136,118341577.5344772,5.868132256501639,0.25291928781265893,verified_focus_dapi,/Volumes/Shihong_5/for_spatioev/pancreas_Xenium_example_data_from_10X/Xenium_V1_hPancreas_nondiseased_section_outs/morphology_focus.ome.tif,0,0.2125
ibnnajhc-1,836,37.75062499999999,1540905.0,1843.1877990430621,315.4715228307705,877.0,1424.5,1866.5,2240.0,2887.0,416.25,1.0,5707.081482326944,626.2639294034999,0.3687456693903854,0.053187526788713996,217589472.6172801,6.459739031997866,0.2791144523559704,verified_focus_dapi,/Volumes/Shihong_5/for_spatioev/pancreas_Xenium_example_data_from_10X/Xenium_V1_hPancreas_nondiseased_section_outs/morphology_focus.ome.tif,0,0.2125
ibpeoeih-1,396,17.881874999999997,804783.0,2032.280303030303,347.13098234666217,1083.0,1575.0,2025.0,2514.0,2910.0,446.5,1.0,5102.704754651254,578.5927224947595,0.2392461989099409,0.0501398995851302,57167739.552035764,5.358424084687558,0.3214599399750113,verified_focus_dapi,/Volumes/Shihong_5/for_spatioev/pancreas_Xenium_example_data_from_10X/Xenium_V1_hPancreas_nondiseased_section_outs/morphology_focus.ome.tif,0,0.2125
icdgnbcc-1,87,3.9285937499999997,145996.0,1678.1149425287356,232.5647814971407,1211.0,1372.0,1693.0,1970.4,2150.0,364.5,1.0,5164.276142582674,607.1308235328365,0.05205820512331763,0.02327638705411352,3143590.1323186937,3.6568601025467378,0.1547422765999295,verified_focus_dapi,/Volumes/Shihong_5/for_spatioev/pancreas_Xenium_example_data_from_10X/Xenium_V1_hPancreas_nondiseased_section_outs/morphology_focus.ome.tif,0,0.2125
iceapmki-1,481,21.72015625,1101415.0,2289.844074844075,431.3899194344168,966.0,1790.0,2237.0,2892.0,3684.0,502.0,1.0,5149.8896420400115,635.6558253246959,0.16236761260586316,0.030875419935378366,86000725.13849731,6.104784437227986,0.19567027454273256,verified_focus_dapi,/Volumes/Shihong_5/for_spatioev/pancreas_Xenium_example_data_from_10X/Xenium_V1_hPancreas_nondiseased_section_outs/morphology_focus.ome.tif,0,0.2125
idabmfmi-1,1174,53.013437499999995,2726316.0,2322.2453151618397,583.6111977250604,906.0,1532.9,2313.5,3088.4,3915.0,773.5,1.0,4968.760372775019,541.908567445043,0.8560898963540592,0.10420086623924528,482042739.84337175,6.25579317017944,0.5656226763965451,verified_focus_dapi,/Volumes/Shihong_5/for_spatioev/pancreas_Xenium_example_data_from_10X/Xenium_V1_hPancreas_nondiseased_section_outs/morphology_focus.ome.tif,0,0.2125
iddofjkb-1,542,24.474687499999998,1229156.0,2267.8154981549815,503.66487780318863,840.0,1480.5,2390.0,2794.8,3264.0,581.25,1.0,5130.190355973937,485.379746742887,0.48866314239596326,0.08753786424602189,116390277.16473255,5.700453092734188,0.3919101207461366,verified_focus_dapi,/Volumes/Shihong_5/for_spatioev/pancreas_Xenium_example_data_from_10X/Xenium_V1_hPancreas_nondiseased_section_outs/morphology_focus.ome.tif,0,0.2125
idiamdnh-1,511,23.074843749999996,1157450.0,2265.068493150685,423.80123235483745,1005.0,1735.0,2251.0,2842.0,3322.0,546.5,1.0,5294.233785671087,507.2048562032917,0.08014907604905847,0.014786795832955165,102538506.48339799,5.337750644782174,0.4399612250205805,verified_focus_dapi,/Volumes/Shihong_5/for_spatioev/pancreas_Xenium_example_data_from_10X/Xenium_V1_hPancreas_nondiseased_section_outs/morphology_focus.ome.tif,0,0.2125
idifjfff-1,240,10.837499999999999,458909.0,1912.1208333333334,270.7900747183549,1039.0,1574.7,1921.5,2235.2,2591.0,303.5,1.0,5314.966045392442,523.1229359742346,0.43884985921966013,0.11813983196683946,25039361.90645204,3.8937354916383047,0.5902466445543062,verified_focus_dapi,/Volumes/Shihong_5/for_spatioev/pancreas_Xenium_example_data_from_10X/Xenium_V1_hPancreas_nondiseased_section_outs/morphology_focus.ome.tif,0,0.2125
iecmjngh-1,356,16.075625,498556.0,1400.438202247191,249.20347063502822,871.0,1065.5,1394.0,1681.0,2218.0,309.75,1.0,5395.889997813686,491.1443617667824,0.6711024427246134,0.14833711456099696,39704405.36835983,4.562384144455766,0.5428966052869095,verified_focus_dapi,/Volumes/Shihong_5/for_spatioev/pancreas_Xenium_example_data_from_10X/Xenium_V1_hPancreas_nondiseased_section_outs/morphology_focus.ome.tif,0,0.2125
ifehkoip-1,423,19.101093749999997,851988.0,2014.1560283687943,660.904945369257,860.0,1203.2,1948.0,3014.0,3613.0,970.5,1.0,5082.311770896421,392.207627821636,0.8105780082311349,0.1643654902144921,53669453.41857162,6.170928123045395,0.2538024678049103,verified_focus_dapi,/Volumes/Shihong_5/for_spatioev/pancreas_Xenium_example_data_from_10X/Xenium_V1_hPancreas_nondiseased_section_outs/morphology_focus.ome.tif,0,0.2125
iffihjfh-1,673,30.390156249999997,1149875.0,1708.5809806835066,274.19846132138395,1022.0,1331.2,1743.0,2057.4,2308.0,424.0,1.0,5271.231369192304,361.9814876943146,0.4210477466241391,0.06768771003865962,128566392.66147017,6.425501833519251,0.19415126912977912,verified_focus_dapi,/Volumes/Shihong_5/for_spatioev/pancreas_Xenium_example_data_from_10X/Xenium_V1_hPancreas_nondiseased_section_outs/morphology_focus.ome.tif,0,0.2125
ifiijbcm-1,453,20.455781249999998,835735.0,1844.8896247240618,421.8078783902033,811.0,1307.6,1818.0,2453.8,2843.0,647.0,1.0,4999.888124166153,370.0945757925658,0.6720051733015566,0.13167687819009266,65377991.80458159,5.844424958074973,0.24256621841422643,verified_focus_dapi,/Volumes/Shihong_5/for_spatioev/pancreas_Xenium_example_data_from_10X/Xenium_V1_hPancreas_nondiseased_section_outs/morphology_focus.ome.tif,0,0.2125
igonhdmb-1,424,19.14625,474464.0,1119.0188679245282,252.54170143712133,575.0,756.2,1146.0,1423.7,1698.0,388.25,1.0,4990.090530129788,297.933472876762,0.3685354848953016,0.0746418489549916,43820488.12432346,5.398763335709192,0.34856922203637936,verified_focus_dapi,/Volumes/Shihong_5/for_spatioev/pancreas_Xenium_example_data_from_10X/Xenium_V1_hPancreas_nondiseased_section_outs/morphology_focus.ome.tif,0,0.2125
ihgeegel-1,671,30.299843749999997,1398771.0,2084.6065573770493,521.6084434734099,1138.0,1410.0,2024.0,2841.0,3518.0,749.5,1.0,5589.6857530021,313.7544480118618,1.1252353789220455,0.18116242471074737,188280822.96123523,5.796473855163543,0.42959494469144255,verified_focus_dapi,/Volumes/Shihong_5/for_spatioev/pancreas_Xenium_example_data_from_10X/Xenium_V1_hPancreas_nondiseased_section_outs/morphology_focus.ome.tif,0,0.2125
ihmieikc-1,399,18.01734375,978879.0,2453.3308270676694,638.5956206739344,1089.0,1475.8000000000002,2644.0,3191.6,3724.0,963.0,1.0,5072.778037722232,327.541623160268,0.4338605869696719,0.09058363783147574,65313048.94760435,5.940830190423368,0.2357352720752447,verified_focus_dapi,/Volumes/Shihong_5/for_spatioev/pancreas_Xenium_example_data_from_10X/Xenium_V1_hPancreas_nondiseased_section_outs/morphology_focus.ome.tif,0,0.2125
iiamcpoc-1,591,26.687343749999997,783777.0,1326.1878172588833,257.2640908490987,814.0,1005.0,1297.0,1705.0,2060.0,340.5,1.0,5414.049319497128,261.2455463416252,0.7842346585592606,0.1345359338099219,73739235.33542067,5.838913906492459,0.33978379884766013,verified_focus_dapi,/Volumes/Shihong_5/for_spatioev/pancreas_Xenium_example_data_from_10X/Xenium_V1_hPancreas_nondiseased_section_outs/morphology_focus.ome.tif,0,0.2125
iikgaaoc-1,292,13.185624999999998,706597.0,2419.8527397260273,444.6448662489369,1212.0,1828.7,2448.5,3023.5,3308.0,560.25,1.0,5599.51910213672,158.92034941770203,0.17815972378453726,0.04348145930740183,33802069.402363725,5.08959293687526,0.3147019440754326,verified_focus_dapi,/Volumes/Shihong_5/for_spatioev/pancreas_Xenium_example_data_from_10X/Xenium_V1_hPancreas_nondiseased_section_outs/morphology_focus.ome.tif,0,0.2125
ijdobanf-1,236,10.656875,242373.0,1027.0042372881355,135.4407587640728,632.0,825.0,1044.5,1187.0,1284.0,177.75,1.0,5423.051156481952,179.1777199296126,0.18416373057651292,0.04999586752414361,9471710.929600246,4.692602798731579,0.24676950489831456,verified_focus_dapi,/Volumes/Shihong_5/for_spatioev/pancreas_Xenium_example_data_from_10X/Xenium_V1_hPancreas_nondiseased_section_outs/morphology_focus.ome.tif,0,0.2125
ilalkced-1,309,13.953281249999998,529569.0,1713.8155339805826,385.0955939214633,757.0,1117.4,1783.0,2177.2,2380.0,599.0,1.0,5572.606204432283,48.75211997869966,0.4215189251733582,0.10000549060676144,27137277.47720127,4.930909045483959,0.4143221500896113,verified_focus_dapi,/Volumes/Shihong_5/for_spatioev/pancreas_Xenium_example_data_from_10X/Xenium_V1_hPancreas_nondiseased_section_outs/morphology_focus.ome.tif,0,0.2125
ildnemmi-1,148,6.6831249999999995,124512.0,841.2972972972973,183.60719158983454,462.0,604.5,836.5,1105.2,1212.0,304.25,1.0,2432.5640557737406,1658.0893260288165,0.6466143364557715,0.2216667112706374,3521614.6163422,4.246841821351639,0.19067552595745071,verified_focus_dapi,/Volumes/Shihong_5/for_spatioev/pancreas_Xenium_example_data_from_10X/Xenium_V1_hPancreas_nondiseased_section_outs/morphology_focus.ome.tif,0,0.2125
ilgcmnki-1,452,20.410624999999996,1001450.0,2215.597345132743,637.3331652540724,1080.0,1467.1,2134.0,3149.2000000000003,4158.0,804.0,1.0,2438.252363685156,1635.484409256578,0.39707527678384463,0.07789142266700858,74221824.6311698,5.93410480742641,0.2524980935045194,verified_focus_dapi,/Volumes/Shihong_5/for_spatioev/pancreas_Xenium_example_data_from_10X/Xenium_V1_hPancreas_nondiseased_section_outs/morphology_focus.ome.tif,0,0.2125
iljkkkoa-1,707,31.925468749999997,1346997.0,1905.2291371994343,708.1998883554867,602.0,805.0,2234.0,2651.4,3142.0,1281.5,1.0,2113.939903624507,1639.7664018275468,0.5822356977006349,0.0913219399303822,137707167.2706413,6.380249883218944,0.4237116984568851,verified_focus_dapi,/Volumes/Shihong_5/for_spatioev/pancreas_Xenium_example_data_from_10X/Xenium_V1_hPancreas_nondiseased_section_outs/morphology_focus.ome.tif,0,0.2125
imgbnhph-1,520,23.481249999999996,514239.0,988.9211538461539,279.1450814103514,459.0,620.9,984.0,1369.3000000000002,1641.0,454.5,1.0,2235.153669864596,1589.2761625674054,0.6099247013097607,0.11154768373161257,40108905.533586524,6.316877587949222,0.23067537943996574,verified_focus_dapi,/Volumes/Shihong_5/for_spatioev/pancreas_Xenium_example_data_from_10X/Xenium_V1_hPancreas_nondiseased_section_outs/morphology_focus.ome.tif,0,0.2125
infcfnnb-1,700,31.609374999999996,1335362.0,1907.66,316.59015660178517,910.0,1494.6,1908.0,2341.8,2836.0,372.5,1.0,2341.0892159953632,1501.4565688835687,0.039810477738401275,0.006275298307069756,167343650.24784067,5.8042420025475785,0.35691398761611526,verified_focus_dapi,/Volumes/Shihong_5/for_spatioev/pancreas_Xenium_example_data_from_10X/Xenium_V1_hPancreas_nondiseased_section_outs/morphology_focus.ome.tif,0,0.2125
ioaeapnd-1,313,14.133906249999999,259617.0,829.4472843450479,168.39874879244692,494.0,603.2,832.0,1058.4,1178.0,266.0,1.0,1958.7363001556137,1497.8024958881738,0.19873991742188693,0.04684885084556573,12836174.641668303,5.113206377207163,0.334029027395613,verified_focus_dapi,/Volumes/Shihong_5/for_spatioev/pancreas_Xenium_example_data_from_10X/Xenium_V1_hPancreas_nondiseased_section_outs/morphology_focus.ome.tif,0,0.2125
iofpljea-1,320,14.45,422490.0,1320.28125,229.76235472426177,836.0,1018.5,1311.0,1599.2,2008.0,299.0,1.0,2166.6147151116,1457.4259879227911,0.2647643724905913,0.06172634499561685,22379607.769987457,5.617181668338112,0.14180058808803553,verified_focus_dapi,/Volumes/Shihong_5/for_spatioev/pancreas_Xenium_example_data_from_10X/Xenium_V1_hPancreas_nondiseased_section_outs/morphology_focus.ome.tif,0,0.2125
ipdaliem-1,311,14.043593749999998,633344.0,2036.475884244373,528.9589836004429,808.0,1222.0,2220.0,2591.0,2921.0,863.0,1.0,2419.698403119,1427.9021527795321,0.20160991071195378,0.047677962648623166,27384442.624160014,5.5505065581548445,0.2633617853184981,verified_focus_dapi,/Volumes/Shihong_5/for_spatioev/pancreas_Xenium_example_data_from_10X/Xenium_V1_hPancreas_nondiseased_section_outs/morphology_focus.ome.tif,0,0.2125
janpnenk-1,374,16.8884375,790897.0,2114.6978609625667,444.2544763173972,1061.0,1532.3,2115.5,2732.7,3336.0,652.5,1.0,2140.012607235835,1357.9772776670034,0.3950790172154196,0.08519893576648566,58911038.36560766,5.500189880819527,0.2470459234678578,verified_focus_dapi,/Volumes/Shihong_5/for_spatioev/pancreas_Xenium_example_data_from_10X/Xenium_V1_hPancreas_nondiseased_section_outs/morphology_focus.ome.tif,0,0.2125
jbeicppb-1,339,15.307968749999999,594659.0,1754.156342182891,330.7218560340347,926.0,1397.0,1694.0,2236.2,2629.0,469.0,1.0,2201.2015457388184,1290.690781817815,0.5010806507131266,0.11349945860255904,32468262.971706476,5.111666144890038,0.3297065524659103,verified_focus_dapi,/Volumes/Shihong_5/for_spatioev/pancreas_Xenium_example_data_from_10X/Xenium_V1_hPancreas_nondiseased_section_outs/morphology_focus.ome.tif,0,0.2125
jbgmcemj-1,561,25.332656249999996,780063.0,1390.4866310160428,291.17942643226013,662.0,1040.0,1350.0,1793.0,2148.0,451.0,1.0,2349.436432634287,1295.108438677389,0.3881738107405867,0.06834878626473012,69043420.42181465,6.038113351251221,0.2636550018745562,verified_focus_dapi,/Volumes/Shihong_5/for_spatioev/pancreas_Xenium_example_data_from_10X/Xenium_V1_hPancreas_nondiseased_section_outs/morphology_focus.ome.tif,0,0.2125
jbjkanab-1,879,39.69234375,1615029.0,1837.3481228668943,387.14607232066004,983.0,1409.6,1794.0,2376.6000000000004,3335.0,477.0,1.0,2443.635447320141,1310.1027520403657,0.47546913658336815,0.06688271591495742,245423634.8100288,6.177509455983514,0.3507355272860696,verified_focus_dapi,/Volumes/Shihong_5/for_spatioev/pancreas_Xenium_example_data_from_10X/Xenium_V1_hPancreas_nondiseased_section_outs/morphology_focus.ome.tif,0,0.2125
jbpbbihp-1,738,33.325312499999995,1641994.0,2224.9241192411923,576.5276839787244,946.0,1582.5,2122.5,3149.6000000000004,3819.0,592.0,1.0,2091.6448843372755,1286.8033718073877,0.11619267225996122,0.017837605934773817,191975840.29982936,6.46546667088069,0.28710776176749536,verified_focus_dapi,/Volumes/Shihong_5/for_spatioev/pancreas_Xenium_example_data_from_10X/Xenium_V1_hPancreas_nondiseased_section_outs/morphology_focus.ome.tif,0,0.2125
jbpgjjdl-1,622,28.087187499999995,1295021.0,2082.027331189711,336.74040526669756,1316.0,1621.9,2083.5,2507.9,3292.0,437.75,1.0,2084.9068076791805,1297.2191967832955,0.00610865949634436,0.0010214961442702598,149865574.62422615,5.632566308673808,0.4013739512892077,verified_focus_dapi,/Volumes/Shihong_5/for_spatioev/pancreas_Xenium_example_data_from_10X/Xenium_V1_hPancreas_nondiseased_section_outs/morphology_focus.ome.tif,0,0.2125
jchpjjnf-1,474,21.4040625,535894.0,1130.57805907173,310.3296315109164,485.0,771.3,1053.5,1607.7,1944.0,434.0,1.0,2095.407849733343,1202.0742348999988,0.9175202650650639,0.17575694725242633,42566986.08877316,5.503909533286042,0.41943863030000333,verified_focus_dapi,/Volumes/Shihong_5/for_spatioev/pancreas_Xenium_example_data_from_10X/Xenium_V1_hPancreas_nondiseased_section_outs/morphology_focus.ome.tif,0,0.2125
jcklmipl-1,184,8.30875,215340.0,1170.3260869565217,183.79635521151098,597.0,946.9,1193.0,1403.7,1526.0,283.75,1.0,1793.0854049410234,1241.0848667804403,0.17619088095352445,0.054170210327251125,6052336.234433918,4.936486793052403,0.15120978588075804,verified_focus_dapi,/Volumes/Shihong_5/for_spatioev/pancreas_Xenium_example_data_from_10X/Xenium_V1_hPancreas_nondiseased_section_outs/morphology_focus.ome.tif,0,0.2125
jdkjeheo-1,542,24.474687499999998,968045.0,1786.060885608856,496.961982610442,824.0,1103.1,1789.0,2465.6000000000004,3072.0,628.25,1.0,2066.0281834909533,1091.7279567711212,0.42400325560352015,0.07595485766924678,76439257.7546395,6.117315153616314,0.3342318279522266,verified_focus_dapi,/Volumes/Shihong_5/for_spatioev/pancreas_Xenium_example_data_from_10X/Xenium_V1_hPancreas_nondiseased_section_outs/morphology_focus.ome.tif,0,0.2125
jdoaplfc-1,493,22.262031249999996,773326.0,1568.6125760649088,223.08545830682993,884.0,1253.4,1581.0,1832.0,2116.0,294.0,1.0,1964.9138194144514,1164.4005105867382,0.4493442090212797,0.08439985406608527,62273022.044081025,5.728990661069163,0.23587232819160062,verified_focus_dapi,/Volumes/Shihong_5/for_spatioev/pancreas_Xenium_example_data_from_10X/Xenium_V1_hPancreas_nondiseased_section_outs/morphology_focus.ome.tif,0,0.2125
jeancpoh-1,501,22.623281249999998,946057.0,1888.3373253493014,474.0896602670087,776.0,1195.0,1936.0,2502.0,2961.0,683.0,1.0,2089.083667593496,1154.5655184756308,0.6292198457041062,0.11723831157489498,78368182.61408138,5.825745450035335,0.36411302325689615,verified_focus_dapi,/Volumes/Shihong_5/for_spatioev/pancreas_Xenium_example_data_from_10X/Xenium_V1_hPancreas_nondiseased_section_outs/morphology_focus.ome.tif,0,0.2125
jecjhdof-1,509,22.984531249999996,1133420.0,2226.7583497053047,352.37565705884083,1136.0,1778.8,2213.0,2643.2,3454.0,421.0,1.0,1804.7521410421555,1131.0552027933156,0.6741821371685267,0.12462476620605945,110541938.81596585,5.002792607210948,0.5306509890826958,verified_focus_dapi,/Volumes/Shihong_5/for_spatioev/pancreas_Xenium_example_data_from_10X/Xenium_V1_hPancreas_nondiseased_section_outs/morphology_focus.ome.tif,0,0.2125
jfmpppfi-1,217,9.798906249999998,562890.0,2593.9631336405528,376.89764226146866,1324.0,2050.0,2693.0,2975.6,3231.0,428.0,1.0,2302.3323527243333,996.0710643065252,0.33049653619340313,0.09356707464116609,19176346.648235004,4.57202786704854,0.3007468835254961,verified_focus_dapi,/Volumes/Shihong_5/for_spatioev/pancreas_Xenium_example_data_from_10X/Xenium_V1_hPancreas_nondiseased_section_outs/morphology_focus.ome.tif,0,0.2125
jgcjjebp-1,750,33.86718749999999,1176790.0,1569.0533333333333,525.6034270140264,435.0,902.0,1549.0,2261.1,2563.0,937.5,1.0,1997.6981684072773,1036.2720382991017,0.6337850302084184,0.09651556373667151,119365198.74920759,6.594660961176305,0.38395135696371196,verified_focus_dapi,/Volumes/Shihong_5/for_spatioev/pancreas_Xenium_example_data_from_10X/Xenium_V1_hPancreas_nondiseased_section_outs/morphology_focus.ome.tif,0,0.2125
jgkdmpfd-1,657,29.667656249999997,1536202.0,2338.20700152207,445.7888085952662,1159.0,1775.8,2326.0,2987.4,3606.0,584.0,1.0,2261.504391650642,982.8396018069238,0.8155539550793584,0.13269544637619715,160775419.94016737,6.408697902686936,0.2678872997752901,verified_focus_dapi,/Volumes/Shihong_5/for_spatioev/pancreas_Xenium_example_data_from_10X/Xenium_V1_hPancreas_nondiseased_section_outs/morphology_focus.ome.tif,0,0.2125
jihahdhk-1,299,13.501718749999998,476315.0,1593.0267558528428,254.4319384909413,982.0,1235.8,1588.0,1921.1999999999998,2126.0,392.5,1.0,5715.205567061713,1491.1893959879492,0.47391807935827984,0.11430196299211588,23748839.73563713,5.635507369228869,0.14979702136206122,verified_focus_dapi,/Volumes/Shihong_5/for_spatioev/pancreas_Xenium_example_data_from_10X/Xenium_V1_hPancreas_nondiseased_section_outs/morphology_focus.ome.tif,0,0.2125
jioafnmm-1,494,22.307187499999998,1075095.0,2176.3056680161944,383.91523620632114,1048.0,1567.2,2254.5,2592.9,2962.0,465.0,1.0,5738.245307042634,1024.672968284198,0.34481531036739377,0.06470071392334693,83119342.75183494,5.948760632257813,0.25502627742600403,verified_focus_dapi,/Volumes/Shihong_5/for_spatioev/pancreas_Xenium_example_data_from_10X/Xenium_V1_hPancreas_nondiseased_section_outs/morphology_focus.ome.tif,0,0.2125
jjbdjchc-1,405,18.288281249999997,861707.0,2127.6716049382717,406.05360384279373,1101.0,1683.8,2083.0,2685.0,3128.0,524.0,1.0,5492.646003441425,1642.5129396506004,0.6203042917779206,0.1285473951595083,64094053.20407285,5.483902021086254,0.2608886907179522,verified_focus_dapi,/Volumes/Shihong_5/for_spatioev/pancreas_Xenium_example_data_from_10X/Xenium_V1_hPancreas_nondiseased_section_outs/morphology_focus.ome.tif,0,0.2125
jjemgnib-1,330,14.901562499999999,547775.0,1659.9242424242425,384.43993543564045,876.0,1227.7,1586.5,2201.6000000000004,2779.0,561.5,1.0,5549.999940395235,1517.328559148373,0.048997793638194516,0.011248783562844573,29468710.716954954,5.133428024046792,0.33301422194022723,verified_focus_dapi,/Volumes/Shihong_5/for_spatioev/pancreas_Xenium_example_data_from_10X/Xenium_V1_hPancreas_nondiseased_section_outs/morphology_focus.ome.tif,0,0.2125
jjidjlok-1,516,23.300624999999997,645464.0,1250.8992248062016,489.61167328767203,459.0,635.0,1174.5,1970.0,2317.0,839.75,1.0,5752.843641473421,1316.1100197299925,0.933589919071791,0.17140256194910702,57897408.47992142,5.780597393261738,0.47510737724677854,verified_focus_dapi,/Volumes/Shihong_5/for_spatioev/pancreas_Xenium_example_data_from_10X/Xenium_V1_hPancreas_nondiseased_section_outs/morphology_focus.ome.tif,0,0.2125
jjnmhkio-1,126,5.6896875,256253.0,2033.7539682539682,443.7917373442712,1118.0,1363.0,2114.0,2569.5,2799.0,662.0,1.0,5606.313811252941,1432.7646917792183,0.3254637981274433,0.12092147109605751,5409283.981643142,3.981698384439553,0.28275875048207366,verified_focus_dapi,/Volumes/Shihong_5/for_spatioev/pancreas_Xenium_example_data_from_10X/Xenium_V1_hPancreas_nondiseased_section_outs/morphology_focus.ome.tif,0,0.2125
jjoakhfn-1,308,13.908124999999998,370449.0,1202.7564935064936,257.9160284231568,678.0,860.5,1212.5,1571.6,1781.0,370.75,1.0,5604.288364322754,1447.55662425867,0.695229811337051,0.16521102831237197,16729949.031116292,5.413543957904391,0.2575216308014264,verified_focus_dapi,/Volumes/Shihong_5/for_spatioev/pancreas_Xenium_example_data_from_10X/Xenium_V1_hPancreas_nondiseased_section_outs/morphology_focus.ome.tif,0,0.2125
jjohmdll-1,517,23.345781249999998,974472.0,1884.8588007736944,551.6547232110997,915.0,1271.8,1804.0,2483.6000000000004,3769.0,668.0,1.0,5608.351571273983,1465.0608186664163,0.21310615744097824,0.03908739548952381,98022320.56124547,5.418704417915819,0.4287243990268941,verified_focus_dapi,/Volumes/Shihong_5/for_spatioev/pancreas_Xenium_example_data_from_10X/Xenium_V1_hPancreas_nondiseased_section_outs/morphology_focus.ome.tif,0,0.2125
jkiomcpm-1,278,12.5534375,263774.0,948.8273381294964,227.7897847033896,403.0,652.4,958.5,1271.6,1454.0,332.25,1.0,5632.439034552306,1182.307843836011,0.19289646675933106,0.04824895161894572,11168313.064744819,5.141399362637785,0.2700353540880066,verified_focus_dapi,/Volumes/Shihong_5/for_spatioev/pancreas_Xenium_example_data_from_10X/Xenium_V1_hPancreas_nondiseased_section_outs/morphology_focus.ome.tif,0,0.2125
jkkolhff-1,762,34.4090625,1457818.0,1913.1469816272966,351.4035702864294,847.0,1410.5,1953.5,2338.8,2797.0,385.5,1.0,5501.577136197729,1052.3717619586257,0.3310231783498335,0.05001115963831227,186828165.77257037,6.519071677256482,0.2526304832221729,verified_focus_dapi,/Volumes/Shihong_5/for_spatioev/pancreas_Xenium_example_data_from_10X/Xenium_V1_hPancreas_nondiseased_section_outs/morphology_focus.ome.tif,0,0.2125
jkpkndjc-1,463,20.90734375,879536.0,1899.645788336933,412.50628873873006,906.0,1361.4,1885.0,2469.6000000000004,2941.0,555.0,1.0,5527.787253364274,941.1909426674974,0.28547027142891535,0.05532945581047973,63801940.39636809,5.713539384595345,0.3466930847645806,verified_focus_dapi,/Volumes/Shihong_5/for_spatioev/pancreas_Xenium_example_data_from_10X/Xenium_V1_hPancreas_nondiseased_section_outs/morphology_focus.ome.tif,0,0.2125
jliejbmh-1,585,26.416406249999998,1444686.0,2469.548717948718,504.18331841378136,977.0,1673.2000000000003,2559.0,3058.8,3428.0,597.0,1.0,5393.493985077034,1623.4222422208009,0.2191064964785435,0.03778011954371832,131040862.30310808,5.933602983969251,0.34711467194795176,verified_focus_dapi,/Volumes/Shihong_5/for_spatioev/pancreas_Xenium_example_data_from_10X/Xenium_V1_hPancreas_nondiseased_section_outs/morphology_focus.ome.tif,0,0.2125
jljckafg-1,229,10.34078125,367725.0,1605.7860262008733,327.19321452325454,717.0,1133.6,1621.0,2020.0,2222.0,510.0,1.0,5364.781819532259,1641.8336175810728,0.17237946708069868,0.04750658352115862,14367665.422334624,4.611642963183992,0.3525892760757548,verified_focus_dapi,/Volumes/Shihong_5/for_spatioev/pancreas_Xenium_example_data_from_10X/Xenium_V1_hPancreas_nondiseased_section_outs/morphology_focus.ome.tif,0,0.2125
jllomicd-1,489,22.081406249999997,901044.0,1842.6257668711658,818.7547611629935,509.0,739.4,1890.0,2904.0,3563.0,1417.0,1.0,5291.929011652039,1627.8734008133897,0.13888176715536307,0.026192491439351023,65619964.6161375,5.877192830843154,0.48233130643444305,verified_focus_dapi,/Volumes/Shihong_5/for_spatioev/pancreas_Xenium_example_data_from_10X/Xenium_V1_hPancreas_nondiseased_section_outs/morphology_focus.ome.tif,0,0.2125
jmlfancf-1,179,8.08296875,163607.0,914.0055865921788,186.98837824868932,553.0,699.8,880.0,1192.2,1348.0,247.5,1.0,5606.529329888085,1003.430446053653,0.27784895055091496,0.0866100424738324,4793692.665448301,4.605498726288384,0.21104103261889534,verified_focus_dapi,/Volumes/Shihong_5/for_spatioev/pancreas_Xenium_example_data_from_10X/Xenium_V1_hPancreas_nondiseased_section_outs/morphology_focus.ome.tif,0,0.2125
jmlgcmcl-1,158,7.134687499999999,131669.0,833.3481012658228,253.58550170230552,393.0,506.7,818.0,1185.9,1296.0,471.5,1.0,5607.358693864919,1006.3539410377538,0.1469082563455015,0.04874203609373267,3930997.3114552395,3.665685568599986,0.5216722229857608,verified_focus_dapi,/Volumes/Shihong_5/for_spatioev/pancreas_Xenium_example_data_from_10X/Xenium_V1_hPancreas_nondiseased_section_outs/morphology_focus.ome.tif,0,0.2125
jmmlenlo-1,263,11.876093749999999,576163.0,2190.7338403041826,321.6735667281971,1383.0,1736.2,2215.0,2609.8,3035.0,387.0,1.0,5269.186630758136,1253.6538473487537,0.2925839195866924,0.07524169762565877,29346344.2420808,5.089837477988188,0.19145129493409038,verified_focus_dapi,/Volumes/Shihong_5/for_spatioev/pancreas_Xenium_example_data_from_10X/Xenium_V1_hPancreas_nondiseased_section_outs/morphology_focus.ome.tif,0,0.2125
jngfjiob-1,747,33.73171875,1689033.0,2261.0883534136547,390.05510572255537,827.0,1759.6000000000001,2312.0,2702.8,3162.0,500.0,1.0,5283.646985612477,1098.897894113081,0.7530203908248418,0.11490328416965995,218286470.84563297,6.922892064843683,0.17960941075300846,verified_focus_dapi,/Volumes/Shihong_5/for_spatioev/pancreas_Xenium_example_data_from_10X/Xenium_V1_hPancreas_nondiseased_section_outs/morphology_focus.ome.tif,0,0.2125
jnhclhgp-1,237,10.70203125,153209.0,646.451476793249,122.82632745966299,420.0,491.6,629.0,824.4,956.0,185.0,1.0,5352.769555150155,1022.7444718489123,0.11524690239839566,0.031220589177091775,5225207.321541162,5.021733638599073,0.23554312517520742,verified_focus_dapi,/Volumes/Shihong_5/for_spatioev/pancreas_Xenium_example_data_from_10X/Xenium_V1_hPancreas_nondiseased_section_outs/morphology_focus.ome.tif,0,0.2125
jnhdbneg-1,979,44.20796874999999,2027429.0,2070.9182839632276,529.5181241299886,858.0,1376.6,2050.0,2781.2,3507.0,757.5,1.0,5346.8058799099745,1026.3113869585568,0.6136792558300361,0.08179676038526143,290769682.93471485,6.659408619335559,0.38586540672734937,verified_focus_dapi,/Volumes/Shihong_5/for_spatioev/pancreas_Xenium_example_data_from_10X/Xenium_V1_hPancreas_nondiseased_section_outs/morphology_focus.ome.tif,0,0.2125
jpjlhgei-1,643,29.035468749999996,1775375.0,2761.080870917574,396.34855490422717,1385.0,2295.6,2731.0,3307.8,3784.0,523.5,1.0,5063.9421665774835,1452.8220090473844,0.4008232823948,0.06592246829887484,212223153.92008787,6.669934305373409,0.14667056076069857,verified_focus_dapi,/Volumes/Shihong_5/for_spatioev/pancreas_Xenium_example_data_from_10X/Xenium_V1_hPancreas_nondiseased_section_outs/morphology_focus.ome.tif,0,0.2125
kaflipfo-1,897,40.50515625,2002464.0,2232.401337792642,741.9966596564665,593.0,1136.6,2282.0,3243.8,3726.0,1042.0,1.0,5177.926587544145,1361.8460060954903,0.8892293843181155,0.12382364670101494,300053840.99176216,6.246492411597766,0.5398040018245904,verified_focus_dapi,/Volumes/Shihong_5/for_spatioev/pancreas_Xenium_example_data_from_10X/Xenium_V1_hPancreas_nondiseased_section_outs/morphology_focus.ome.tif,0,0.2125
kagipbmm-1,398,17.972187499999997,730745.0,1836.0427135678392,513.8292206801763,687.0,1033.9,1902.0,2488.3,2744.0,749.5,1.0,5504.683971152727,1259.3446431894847,0.6261384560000581,0.1308925257955941,43756218.70414987,5.592415374119788,0.3323183612455046,verified_focus_dapi,/Volumes/Shihong_5/for_spatioev/pancreas_Xenium_example_data_from_10X/Xenium_V1_hPancreas_nondiseased_section_outs/morphology_focus.ome.tif,0,0.2125
kahfcjac-1,456,20.59125,965296.0,2116.877192982456,345.7756888847156,1202.0,1588.5,2164.5,2523.5,2859.0,399.25,1.0,5542.280618056534,1294.1721840891291,0.4579741637331009,0.0894426304939782,76612802.19076222,5.9511966629784325,0.21587793515146858,verified_focus_dapi,/Volumes/Shihong_5/for_spatioev/pancreas_Xenium_example_data_from_10X/Xenium_V1_hPancreas_nondiseased_section_outs/morphology_focus.ome.tif,0,0.2125
kajcpfbe-1,618,27.906562499999996,1284080.0,2077.7993527508092,552.6301588103616,789.0,1307.3,2121.0,2683.700000000002,3621.0,580.25,1.0,5125.9180640614295,1322.0896398978257,0.13931119759689495,0.02337102685400778,130229552.7169896,5.749882495351211,0.43596172270567646,verified_focus_dapi,/Volumes/Shihong_5/for_spatioev/pancreas_Xenium_example_data_from_10X/Xenium_V1_hPancreas_nondiseased_section_outs/morphology_focus.ome.tif,0,0.2125
kbglcfpl-1,309,13.953281249999998,550270.0,1780.8090614886733,432.3021527181541,894.0,1176.6,1863.0,2294.4,2711.0,687.0,1.0,5128.0982269613105,1075.2232767550474,0.42607932557147676,0.10108744696017914,26792043.17935559,4.744787593965797,0.4809062120553185,verified_focus_dapi,/Volumes/Shihong_5/for_spatioev/pancreas_Xenium_example_data_from_10X/Xenium_V1_hPancreas_nondiseased_section_outs/morphology_focus.ome.tif,0,0.2125
kbjbclhp-1,139,6.27671875,91732.0,659.9424460431654,231.5330443897298,363.0,450.0,591.0,1019.2,1409.0,236.0,1.0,5069.276091085989,992.455691716086,0.3259343219062775,0.11529452956752413,2014485.53671565,4.563995327610856,0.17566980798974544,verified_focus_dapi,/Volumes/Shihong_5/for_spatioev/pancreas_Xenium_example_data_from_10X/Xenium_V1_hPancreas_nondiseased_section_outs/morphology_focus.ome.tif,0,0.2125
kcaiddgk-1,682,30.796562499999997,1688587.0,2475.934017595308,426.85219998456085,1180.0,1948.0,2517.5,3016.9,3405.0,611.75,1.0,5003.910040354746,1615.1148855374345,0.37851090100191614,0.06044664632679768,194577452.9217008,5.860839743168257,0.389592417981962,verified_focus_dapi,/Volumes/Shihong_5/for_spatioev/pancreas_Xenium_example_data_from_10X/Xenium_V1_hPancreas_nondiseased_section_outs/morphology_focus.ome.tif,0,0.2125
kcibdmkp-1,486,21.945937499999996,799159.0,1644.3600823045267,227.77832875089962,791.0,1357.0,1661.0,1898.0,2348.0,264.0,1.0,5260.727558502125,1466.4929843591826,0.6175457525841382,0.11682532844889204,69963772.66984919,5.509951787943899,0.3152142089824832,verified_focus_dapi,/Volumes/Shihong_5/for_spatioev/pancreas_Xenium_example_data_from_10X/Xenium_V1_hPancreas_nondiseased_section_outs/morphology_focus.ome.tif,0,0.2125
kecapojh-1,563,25.422968749999995,928524.0,1649.2433392539965,414.62032036281806,767.0,1094.6,1605.0,2221.0,2710.0,532.5,1.0,5041.673113632496,1141.90772311755,0.16953640120837887,0.02979852510208316,76300522.04959592,6.2941666588916965,0.2764569406674555,verified_focus_dapi,/Volumes/Shihong_5/for_spatioev/pancreas_Xenium_example_data_from_10X/Xenium_V1_hPancreas_nondiseased_section_outs/morphology_focus.ome.tif,0,0.2125
kfcimphb-1,219,9.88921875,253510.0,1157.579908675799,187.00796446788272,627.0,917.8,1167.0,1390.4,1530.0,290.5,1.0,2382.29069819731,1952.3254463827857,0.20530197601316744,0.0578571555281341,9877783.572296951,4.789602955606917,0.22892301861480435,verified_focus_dapi,/Volumes/Shihong_5/for_spatioev/pancreas_Xenium_example_data_from_10X/Xenium_V1_hPancreas_nondiseased_section_outs/morphology_focus.ome.tif,0,0.2125
kffhkoil-1,180,8.128124999999999,211352.0,1174.1777777777777,283.5097716433844,639.0,793.7,1200.5,1565.8999999999999,1829.0,435.25,1.0,2267.537376213615,2005.8679827964722,0.3318934397701538,0.1031688101754829,7665448.256401642,4.2216926869970814,0.31863954050718235,verified_focus_dapi,/Volumes/Shihong_5/for_spatioev/pancreas_Xenium_example_data_from_10X/Xenium_V1_hPancreas_nondiseased_section_outs/morphology_focus.ome.tif,0,0.2125
kgbpkakj-1,577,26.055156249999996,615008.0,1065.8717504332756,255.63290983734856,577.0,718.2,1073.0,1401.4,1578.0,445.0,1.0,2237.047378265811,1960.771958413549,0.507535087950235,0.08811790674645749,52190759.74119198,6.181078455519458,0.31217757836996,verified_focus_dapi,/Volumes/Shihong_5/for_spatioev/pancreas_Xenium_example_data_from_10X/Xenium_V1_hPancreas_nondiseased_section_outs/morphology_focus.ome.tif,0,0.2125
kggalodl-1,458,20.6815625,886959.0,1936.5917030567687,397.78600336442895,1302.0,1546.0,1843.0,2550.4,3364.0,453.5,1.0,2228.3993951524253,1914.543117114207,0.017743148116483518,0.0034576732118045054,67617807.88005759,5.7386188017502135,0.2563146563298691,verified_focus_dapi,/Volumes/Shihong_5/for_spatioev/pancreas_Xenium_example_data_from_10X/Xenium_V1_hPancreas_nondiseased_section_outs/morphology_focus.ome.tif,0,0.2125
kgghlhgo-1,401,18.107656249999998,769082.0,1917.9102244389028,278.5133796849635,1188.0,1578.0,1899.0,2308.0,2675.0,424.0,1.0,2206.3786546980687,1926.2735713324457,0.24007529594977603,0.04999899706821397,51030775.1127006,5.5841331153369085,0.21978028096402705,verified_focus_dapi,/Volumes/Shihong_5/for_spatioev/pancreas_Xenium_example_data_from_10X/Xenium_V1_hPancreas_nondiseased_section_outs/morphology_focus.ome.tif,0,0.2125
kghklogo-1,401,18.107656249999998,763224.0,1903.3017456359103,400.927747325508,801.0,1433.0,1857.0,2475.0,3019.0,543.0,1.0,2114.011161991761,1930.5662069392472,0.3711803412833061,0.07730343400049446,48554421.50003144,5.443229162154728,0.30764129488941383,verified_focus_dapi,/Volumes/Shihong_5/for_spatioev/pancreas_Xenium_example_data_from_10X/Xenium_V1_hPancreas_nondiseased_section_outs/morphology_focus.ome.tif,0,0.2125
khajmnff-1,399,18.01734375,827188.0,2073.152882205514,514.575503748584,858.0,1329.2,2094.0,2725.2,3180.0,796.5,1.0,2225.2003264977247,2109.8518472221554,0.49732790778333413,0.10383467047971383,49326763.92145438,6.399853009929853,0.18364151522977457,verified_focus_dapi,/Volumes/Shihong_5/for_spatioev/pancreas_Xenium_example_data_from_10X/Xenium_V1_hPancreas_nondiseased_section_outs/morphology_focus.ome.tif,0,0.2125
kidophmn-1,569,25.693906249999998,957617.0,1682.9824253075572,393.4755857711941,734.0,1130.8,1738.0,2185.2,2495.0,580.0,1.0,2278.5885963542837,1719.247550586508,0.029338052866561732,0.005129336132635625,110505627.08679985,4.9763554471182765,0.6818508330820985,verified_focus_dapi,/Volumes/Shihong_5/for_spatioev/pancreas_Xenium_example_data_from_10X/Xenium_V1_hPancreas_nondiseased_section_outs/morphology_focus.ome.tif,0,0.2125
kigchaea-1,902,40.730937499999996,1228783.0,1362.2871396895787,409.2280638447956,440.0,771.1,1421.0,1834.9,2331.0,656.25,1.0,2020.961570391192,1779.2518122504136,0.8874303489079479,0.123230160589399,215941762.6225493,6.0026241062769605,0.5442439400623106,verified_focus_dapi,/Volumes/Shihong_5/for_spatioev/pancreas_Xenium_example_data_from_10X/Xenium_V1_hPancreas_nondiseased_section_outs/morphology_focus.ome.tif,0,0.2125
kjepcbio-1,772,34.860625,1494664.0,1936.0932642487046,592.4749981443371,682.0,1144.1,1974.0,2654.7999999999997,3469.0,822.0,1.0,1830.550953483525,2002.542885215339,0.7593483856540381,0.11397731714520473,224771350.47247943,5.754463713037916,0.5794854086137626,verified_focus_dapi,/Volumes/Shihong_5/for_spatioev/pancreas_Xenium_example_data_from_10X/Xenium_V1_hPancreas_nondiseased_section_outs/morphology_focus.ome.tif,0,0.2125
kkhbhmgf-1,172,7.766874999999999,142867.0,830.6220930232558,149.65227983808177,384.0,634.0,861.5,1004.6,1103.0,225.25,1.0,1761.6220043816975,2109.2345948504553,0.1981299311877066,0.06300454383608504,3809945.4044110957,4.712732363620083,0.14934357747648486,verified_focus_dapi,/Volumes/Shihong_5/for_spatioev/pancreas_Xenium_example_data_from_10X/Xenium_V1_hPancreas_nondiseased_section_outs/morphology_focus.ome.tif,0,0.2125
kkngocfe-1,605,27.319531249999997,1214564.0,2007.5438016528926,441.18675434972727,939.0,1458.2,1990.0,2617.8,3071.0,671.0,1.0,1733.3157447651997,1784.67848143449,0.8087872620485792,0.1371332035778892,114874774.77318938,6.225172225172896,0.27583892735217963,verified_focus_dapi,/Volumes/Shihong_5/for_spatioev/pancreas_Xenium_example_data_from_10X/Xenium_V1_hPancreas_nondiseased_section_outs/morphology_focus.ome.tif,0,0.2125
kldakffl-1,407,18.378593749999997,1068160.0,2624.4717444717444,610.1706399767082,1025.0,1663.8,2739.0,3323.2000000000003,3635.0,939.0,1.0,5730.775325934317,2095.162060459107,0.37455845281570754,0.0774298475346826,65539560.21118933,5.267883681059969,0.41469980182405064,verified_focus_dapi,/Volumes/Shihong_5/for_spatioev/pancreas_Xenium_example_data_from_10X/Xenium_V1_hPancreas_nondiseased_section_outs/morphology_focus.ome.tif,0,0.2125
klfgnhmh-1,612,27.635624999999997,1726361.0,2820.8513071895427,600.8842387792542,1175.0,2017.4,2872.5,3548.8,3866.0,920.5,1.0,5750.38940974686,2023.2511193994187,1.135379455059476,0.1914041397182662,218277099.13924026,5.763011255849784,0.440040303855852,verified_focus_dapi,/Volumes/Shihong_5/for_spatioev/pancreas_Xenium_example_data_from_10X/Xenium_V1_hPancreas_nondiseased_section_outs/morphology_focus.ome.tif,0,0.2125
kmcganli-1,430,19.417187499999997,439757.0,1022.6906976744186,214.33238619940724,576.0,763.8,991.0,1340.4,1507.0,347.75,1.0,5727.064446955932,1846.8734275122397,0.08794985470442596,0.017688332966307917,28145805.1077254,5.717506260900322,0.30033930653343066,verified_focus_dapi,/Volumes/Shihong_5/for_spatioev/pancreas_Xenium_example_data_from_10X/Xenium_V1_hPancreas_nondiseased_section_outs/morphology_focus.ome.tif,0,0.2125
kmdkagnb-1,383,17.29484375,811820.0,2119.634464751958,426.66466132633195,1061.0,1513.8,2121.0,2646.4,3001.0,665.0,1.0,5584.331902977261,2012.0526605189575,0.09811991335997451,0.020909506139668025,50179743.46024365,5.397882682329281,0.3837048301514906,verified_focus_dapi,/Volumes/Shihong_5/for_spatioev/pancreas_Xenium_example_data_from_10X/Xenium_V1_hPancreas_nondiseased_section_outs/morphology_focus.ome.tif,0,0.2125
koajaahc-1,705,31.835156249999997,1682716.0,2386.831205673759,451.2141114209028,1065.0,1711.4,2537.0,2866.6000000000004,3145.0,695.0,1.0,5335.643666013754,1788.9632634829643,0.4843342299193482,0.07607406290397413,174981033.83908635,6.313268666244964,0.2978133889043573,verified_focus_dapi,/Volumes/Shihong_5/for_spatioev/pancreas_Xenium_example_data_from_10X/Xenium_V1_hPancreas_nondiseased_section_outs/morphology_focus.ome.tif,0,0.2125
kocgkicn-1,469,21.178281249999998,488353.0,1041.2643923240937,231.19947366120715,522.0,709.0,1077.0,1341.2,1472.0,368.0,1.0,5668.000467617686,2140.299393855469,0.7167032080289655,0.1380190180833869,34044437.28802321,6.152318112321098,0.21139473581929538,verified_focus_dapi,/Volumes/Shihong_5/for_spatioev/pancreas_Xenium_example_data_from_10X/Xenium_V1_hPancreas_nondiseased_section_outs/morphology_focus.ome.tif,0,0.2125
kohblkgd-1,508,22.939375,855216.0,1683.4960629921259,246.89768431464285,803.0,1400.7,1677.5,1996.3,2397.0,368.25,1.0,5425.951965599918,1829.3089606163821,0.2858821447184207,0.05289823501119954,70952137.10303596,5.956844796320657,0.1999603481604091,verified_focus_dapi,/Volumes/Shihong_5/for_spatioev/pancreas_Xenium_example_data_from_10X/Xenium_V1_hPancreas_nondiseased_section_outs/morphology_focus.ome.tif,0,0.2125
kohdagjp-1,440,19.86875,700539.0,1592.134090909091,509.12498262088747,665.0,974.8,1522.0,2337.5,2695.0,810.25,1.0,5430.515893422779,1823.3433270488865,0.3664359183789248,0.07285472195422522,53916360.24348681,4.948088146841111,0.7246021598702757,verified_focus_dapi,/Volumes/Shihong_5/for_spatioev/pancreas_Xenium_example_data_from_10X/Xenium_V1_hPancreas_nondiseased_section_outs/morphology_focus.ome.tif,0,0.2125
koooialj-1,510,23.029687499999998,946353.0,1855.5941176470587,330.0924379813278,933.0,1331.9,1950.0,2213.1,2439.0,470.75,1.0,5088.160135501763,1940.6676584081201,1.4058305167115825,0.25961745285049,102017400.19174664,4.3644739682811045,0.8522796857275123,verified_focus_dapi,/Volumes/Shihong_5/for_spatioev/pancreas_Xenium_example_data_from_10X/Xenium_V1_hPancreas_nondiseased_section_outs/morphology_focus.ome.tif,0,0.2125
kopfidia-1,297,13.411406249999999,482464.0,1624.4579124579125,412.52867964336986,738.0,1098.2,1590.0,2212.2000000000003,2568.0,588.0,1.0,5097.246519921694,1945.5515062781885,0.37701470204222787,0.09123596457251068,21521682.96689287,5.502602946387,0.2814796135643875,verified_focus_dapi,/Volumes/Shihong_5/for_spatioev/pancreas_Xenium_example_data_from_10X/Xenium_V1_hPancreas_nondiseased_section_outs/morphology_focus.ome.tif,0,0.2125
kpecocbe-1,268,12.101874999999998,277458.0,1035.2910447761194,214.28504257657082,612.0,745.2,1033.0,1317.6,1566.0,332.5,1.0,5479.161517914424,1854.251673541581,0.5330577778041096,0.13579784989924396,14744477.494662255,4.591899620557999,0.3782471012398308,verified_focus_dapi,/Volumes/Shihong_5/for_spatioev/pancreas_Xenium_example_data_from_10X/Xenium_V1_hPancreas_nondiseased_section_outs/morphology_focus.ome.tif,0,0.2125
kpmemlpa-1,578,26.100312499999998,1283052.0,2219.8131487889273,373.379969688822,1210.0,1594.9,2308.5,2621.6000000000004,2946.0,493.0,1.0,5033.855970831657,2015.1832151288488,0.6889945748330536,0.1195192582936953,116186292.1498287,6.387758347333897,0.19210499146592167,verified_focus_dapi,/Volumes/Shihong_5/for_spatioev/pancreas_Xenium_example_data_from_10X/Xenium_V1_hPancreas_nondiseased_section_outs/morphology_focus.ome.tif,0,0.2125
kpodmgfm-1,361,16.30140625,958363.0,2654.7451523545706,236.44977185327187,1674.0,2337.0,2689.0,2905.0,3045.0,267.0,1.0,5110.743148929477,1879.6791914832897,0.6820691441663908,0.14971344658347355,88044010.75707847,4.070542578506878,0.7197069447811638,verified_focus_dapi,/Volumes/Shihong_5/for_spatioev/pancreas_Xenium_example_data_from_10X/Xenium_V1_hPancreas_nondiseased_section_outs/morphology_focus.ome.tif,0,0.2125
lafilbcb-1,245,11.06328125,322726.0,1317.2489795918368,276.4894787993096,709.0,886.4,1333.0,1662.1999999999998,1891.0,422.0,1.0,5008.306186130029,1788.2815732231056,0.19637152330042523,0.05232165504329749,14305299.276091792,4.407930652366691,0.4924887345792219,verified_focus_dapi,/Volumes/Shihong_5/for_spatioev/pancreas_Xenium_example_data_from_10X/Xenium_V1_hPancreas_nondiseased_section_outs/morphology_focus.ome.tif,0,0.2125
laikgpnh-1,191,8.624843749999998,98485.0,515.6282722513089,70.39814250174156,348.0,422.0,525.0,606.0,663.0,103.5,1.0,4981.076276463421,2027.091336497944,0.20643611267672482,0.062295258900439056,2896983.5354419453,4.325696066795097,0.24686530516253255,verified_focus_dapi,/Volumes/Shihong_5/for_spatioev/pancreas_Xenium_example_data_from_10X/Xenium_V1_hPancreas_nondiseased_section_outs/morphology_focus.ome.tif,0,0.2125
lbdpbgpf-1,594,26.822812499999998,1124520.0,1893.1313131313132,352.43932963470445,895.0,1389.6,1963.0,2301.7,2496.0,534.5,1.0,3277.405700598922,446.66564449720767,0.8085329547643906,0.13835361452828265,105560083.99803561,5.9687580932468,0.32493047389290297,verified_focus_dapi,/Volumes/Shihong_5/for_spatioev/pancreas_Xenium_example_data_from_10X/Xenium_V1_hPancreas_nondiseased_section_outs/morphology_focus.ome.tif,0,0.2125
lbecogee-1,692,31.248124999999998,1369020.0,1978.3526011560693,283.3645652308949,1143.0,1642.1,1949.0,2381.0,2813.0,385.5,1.0,3266.3536111141543,453.0113729072621,0.6324157663953733,0.10026183471580903,156101469.43057516,6.428418522153145,0.19943640379393338,verified_focus_dapi,/Volumes/Shihong_5/for_spatioev/pancreas_Xenium_example_data_from_10X/Xenium_V1_hPancreas_nondiseased_section_outs/morphology_focus.ome.tif,0,0.2125
lcfpodfn-1,505,22.803906249999997,386815.0,765.9702970297029,144.02381922401645,305.0,565.8000000000001,793.0,920.0,1031.0,192.0,1.0,3105.827092473146,235.13581434277367,0.1076870518027942,0.019984983980908557,29264115.8800667,6.019571623849414,0.19512288909205647,verified_focus_dapi,/Volumes/Shihong_5/for_spatioev/pancreas_Xenium_example_data_from_10X/Xenium_V1_hPancreas_nondiseased_section_outs/morphology_focus.ome.tif,0,0.2125
lcplpjll-1,258,11.650312499999998,461251.0,1787.7945736434108,377.0681991261794,720.0,1256.6,1824.0,2212.2,2659.0,519.0,1.0,3180.634213367559,135.1409218353998,0.039929794528405484,0.010367480536593166,20745331.808473043,5.568241275643345,0.1540281816718053,verified_focus_dapi,/Volumes/Shihong_5/for_spatioev/pancreas_Xenium_example_data_from_10X/Xenium_V1_hPancreas_nondiseased_section_outs/morphology_focus.ome.tif,0,0.2125
ldfhpbge-1,440,19.86875,1084773.0,2465.393181818182,493.0019661115724,1182.0,1750.4,2460.0,3060.1,3777.0,619.5,1.0,3164.1773300151276,125.78304992150431,0.19557373443752712,0.03888393394138135,89784145.79749127,5.253920745192114,0.4745004516123274,verified_focus_dapi,/Volumes/Shihong_5/for_spatioev/pancreas_Xenium_example_data_from_10X/Xenium_V1_hPancreas_nondiseased_section_outs/morphology_focus.ome.tif,0,0.2125
ldjlkmgo-1,355,16.030468749999997,789589.0,2224.194366197183,381.08823269030603,1143.0,1812.8,2170.0,2764.2000000000003,3261.0,484.0,1.0,3093.2480549374422,38.76344816733769,0.46470014942865645,0.10285955518785275,46166644.86387475,4.688376549407679,0.4377957540413421,verified_focus_dapi,/Volumes/Shihong_5/for_spatioev/pancreas_Xenium_example_data_from_10X/Xenium_V1_hPancreas_nondiseased_section_outs/morphology_focus.ome.tif,0,0.2125
ldobhfjg-1,673,30.390156249999997,1392381.0,2068.9167904903416,347.52474623053325,1094.0,1663.2,2054.0,2544.2000000000007,2816.0,458.0,1.0,2794.143558031171,304.8275535575392,0.35081795522337134,0.056397556381444475,166671495.4869608,5.887654833104346,0.4074182515769176,verified_focus_dapi,/Volumes/Shihong_5/for_spatioev/pancreas_Xenium_example_data_from_10X/Xenium_V1_hPancreas_nondiseased_section_outs/morphology_focus.ome.tif,0,0.2125
ldohakoh-1,581,26.23578125,907495.0,1561.9535283993116,248.7946977468877,744.0,1246.0,1578.0,1858.0,2278.0,355.0,1.0,2839.193665722676,323.9784986969625,0.402807018126886,0.0696939322404243,87048561.8264916,5.776562019846176,0.34137376981412454,verified_focus_dapi,/Volumes/Shihong_5/for_spatioev/pancreas_Xenium_example_data_from_10X/Xenium_V1_hPancreas_nondiseased_section_outs/morphology_focus.ome.tif,0,0.2125
leidopia-1,306,13.817812499999999,305317.0,997.7679738562091,317.51827967626446,514.0,646.0,921.5,1473.0,1745.0,511.0,1.0,2957.7226385609056,394.3904905802821,0.4503736540589262,0.10737378691372157,14450872.55560614,5.057204804015244,0.4142802958915872,verified_focus_dapi,/Volumes/Shihong_5/for_spatioev/pancreas_Xenium_example_data_from_10X/Xenium_V1_hPancreas_nondiseased_section_outs/morphology_focus.ome.tif,0,0.2125
lekjjlaj-1,880,39.7375,1395201.0,1585.4556818181818,303.1815018036205,679.0,1153.0,1608.5,1939.2,2552.0,356.5,1.0,3041.167821347963,379.3874613317364,1.315394057436014,0.1849270942770437,207374730.72778618,6.901008976490367,0.22506621977592864,verified_focus_dapi,/Volumes/Shihong_5/for_spatioev/pancreas_Xenium_example_data_from_10X/Xenium_V1_hPancreas_nondiseased_section_outs/morphology_focus.ome.tif,0,0.2125
lelgkaim-1,341,15.398281249999998,563771.0,1653.2873900293255,534.8586456059255,383.0,906.0,1650.0,2442.0,2842.0,769.0,1.0,3067.059426167717,408.8688900280433,0.5694691762240423,0.12861127352924662,30489119.424716778,5.517243307256041,0.3046481189808623,verified_focus_dapi,/Volumes/Shihong_5/for_spatioev/pancreas_Xenium_example_data_from_10X/Xenium_V1_hPancreas_nondiseased_section_outs/morphology_focus.ome.tif,0,0.2125
lendllfm-1,288,13.004999999999999,376321.0,1306.670138888889,267.51848108013985,728.0,930.1,1319.5,1668.3,1920.0,400.25,1.0,2842.853761848263,314.02787653359763,0.31651469426573875,0.077782811959087,16630312.848190773,5.123248737667837,0.32113417833877833,verified_focus_dapi,/Volumes/Shihong_5/for_spatioev/pancreas_Xenium_example_data_from_10X/Xenium_V1_hPancreas_nondiseased_section_outs/morphology_focus.ome.tif,0,0.2125
lfcdimbk-1,324,14.630624999999998,429514.0,1325.6604938271605,423.08035841176815,533.0,814.3,1244.0,1983.5,2527.0,589.75,1.0,3065.8619595927025,163.63043725000816,0.6609967779767184,0.15314853392953895,24810249.31107484,4.635276712224323,0.5860918294526838,verified_focus_dapi,/Volumes/Shihong_5/for_spatioev/pancreas_Xenium_example_data_from_10X/Xenium_V1_hPancreas_nondiseased_section_outs/morphology_focus.ome.tif,0,0.2125
lfimjhmb-1,374,16.8884375,845978.0,2261.9732620320856,424.3115144762944,1006.0,1771.2,2237.5,2796.4,3517.0,447.5,1.0,3055.7207541153552,59.84106910877115,0.25242220963859124,0.054434942601131256,54069390.07440028,5.303796267481117,0.29644040043275116,verified_focus_dapi,/Volumes/Shihong_5/for_spatioev/pancreas_Xenium_example_data_from_10X/Xenium_V1_hPancreas_nondiseased_section_outs/morphology_focus.ome.tif,0,0.2125
lgepmalf-1,357,16.120781249999997,46872.0,131.2941176470588,41.75150302220999,55.0,82.6,125.0,191.40000000000003,245.0,64.0,1.0,2616.9469526049666,597.2865783410138,0.5235806429855621,0.11556743661298469,2457400.714093702,4.93624934805686,0.3259792121191043,verified_focus_dapi,/Volumes/Shihong_5/for_spatioev/pancreas_Xenium_example_data_from_10X/Xenium_V1_hPancreas_nondiseased_section_outs/morphology_focus.ome.tif,0,0.2125
lgjcpcdp-1,578,26.100312499999998,1249285.0,2161.3927335640137,319.8698314660934,1089.0,1767.7,2182.0,2550.0,2902.0,375.75,1.0,2817.4028955462522,149.21055509751577,0.3467250342551962,0.06014607435200533,115883642.44638494,6.092443291152702,0.24769457989478985,verified_focus_dapi,/Volumes/Shihong_5/for_spatioev/pancreas_Xenium_example_data_from_10X/Xenium_V1_hPancreas_nondiseased_section_outs/morphology_focus.ome.tif,0,0.2125
lgliflpe-1,500,22.578124999999996,335042.0,670.084,166.28371220296953,352.0,443.8,661.0,891.0,1113.0,246.25,1.0,2711.4543194957646,209.62006185045456,0.6068738804104693,0.11318775606752467,24465558.17804932,5.690143917604832,0.31824724386697195,verified_focus_dapi,/Volumes/Shihong_5/for_spatioev/pancreas_Xenium_example_data_from_10X/Xenium_V1_hPancreas_nondiseased_section_outs/morphology_focus.ome.tif,0,0.2125
lgppfpdo-1,422,19.0559375,703790.0,1667.7488151658767,491.79051760835796,598.0,1016.9,1667.5,2376.8,2918.0,710.0,1.0,2685.11465831427,181.0970637725742,0.5802458313231469,0.11779905590728107,45656141.74947214,5.542364629019623,0.3681566543907431,verified_focus_dapi,/Volumes/Shihong_5/for_spatioev/pancreas_Xenium_example_data_from_10X/Xenium_V1_hPancreas_nondiseased_section_outs/morphology_focus.ome.tif,0,0.2125
lhmmojcn-1,472,21.31375,340432.0,721.2542372881356,175.86767639532133,328.0,484.1,720.0,971.8000000000001,1123.0,256.5,1.0,2596.4688946691263,297.07532271496217,0.1713211680188359,0.03288713443472051,25078194.56917975,5.499680931077958,0.39579769986318974,verified_focus_dapi,/Volumes/Shihong_5/for_spatioev/pancreas_Xenium_example_data_from_10X/Xenium_V1_hPancreas_nondiseased_section_outs/morphology_focus.ome.tif,0,0.2125
liadgooh-1,924,41.724374999999995,1702721.0,1842.771645021645,426.4572150820787,814.0,1317.5,1768.0,2492.7,2952.0,583.25,1.0,2914.2971565071434,314.95309627942567,0.6045344510470826,0.0829413454431666,344767924.34794664,5.470777119349303,0.609793196468587,verified_focus_dapi,/Volumes/Shihong_5/for_spatioev/pancreas_Xenium_example_data_from_10X/Xenium_V1_hPancreas_nondiseased_section_outs/morphology_focus.ome.tif,0,0.2125
lijebcin-1,621,28.042031249999997,1022163.0,1645.9951690821256,289.98501539804806,961.0,1226.0,1666.0,2016.0,2350.0,425.0,1.0,2570.55654657085,89.43056438894776,0.589401442789074,0.09863962234315894,106537656.88249722,5.728689688214425,0.36897465082757236,verified_focus_dapi,/Volumes/Shihong_5/for_spatioev/pancreas_Xenium_example_data_from_10X/Xenium_V1_hPancreas_nondiseased_section_outs/morphology_focus.ome.tif,0,0.2125
lilkcjed-1,662,29.893437499999997,84233.0,127.24018126888218,35.691926426738775,55.0,81.0,126.0,177.0,224.0,51.0,1.0,2594.659682962734,726.4632676623177,0.4818589328329368,0.07810465637578536,9793552.139256585,4.702862847717394,0.46591915980201065,verified_focus_dapi,/Volumes/Shihong_5/for_spatioev/pancreas_Xenium_example_data_from_10X/Xenium_V1_hPancreas_nondiseased_section_outs/morphology_focus.ome.tif,0,0.2125
liobgdah-1,357,16.120781249999997,716471.0,2006.921568627451,303.3313716373368,903.0,1530.2,2088.0,2322.2000000000003,2551.0,401.0,1.0,2605.654733530736,316.1444959565705,0.4389308010917622,0.09688308422444411,40191529.29743702,5.4306686065847565,0.23693309762462345,verified_focus_dapi,/Volumes/Shihong_5/for_spatioev/pancreas_Xenium_example_data_from_10X/Xenium_V1_hPancreas_nondiseased_section_outs/morphology_focus.ome.tif,0,0.2125
liopomdf-1,367,16.572343749999998,577982.0,1574.8828337874659,349.73535328123313,713.0,1175.6,1545.0,2041.2000000000003,2305.0,575.5,1.0,2987.4244034632566,298.2438992693544,0.2635271036116877,0.057369129878071794,32491074.732656036,5.846258519498065,0.23872428362532416,verified_focus_dapi,/Volumes/Shihong_5/for_spatioev/pancreas_Xenium_example_data_from_10X/Xenium_V1_hPancreas_nondiseased_section_outs/morphology_focus.ome.tif,0,0.2125
ljdmebcf-1,374,16.8884375,309580.0,827.7540106951872,171.47363315956497,395.0,587.9,830.5,1060.8999999999999,1184.0,223.25,1.0,2728.8584144243814,346.71440076070803,0.6997612240179515,0.15090376602935407,23973958.414593965,4.281539236088336,0.720384131036999,verified_focus_dapi,/Volumes/Shihong_5/for_spatioev/pancreas_Xenium_example_data_from_10X/Xenium_V1_hPancreas_nondiseased_section_outs/morphology_focus.ome.tif,0,0.2125
lkgkcgao-1,667,30.119218749999998,1464907.0,2196.2623688155923,313.84086984074384,1214.0,1820.8,2172.0,2634.0,3139.0,435.5,1.0,6406.170945561732,623.6330763830059,0.40447541203719556,0.0653153435364642,159073487.9658832,6.598486111694958,0.17990361564543386,verified_focus_dapi,/Volumes/Shihong_5/for_spatioev/pancreas_Xenium_example_data_from_10X/Xenium_V1_hPancreas_nondiseased_section_outs/morphology_focus.ome.tif,0,0.2125
lkjldokn-1,469,21.178281249999998,1041749.0,2221.2132196162047,387.6022863226624,1018.0,1729.4,2247.0,2719.7999999999997,3062.0,482.0,1.0,6483.39672203909,658.1410051149556,0.6304570433220944,0.12141017521377424,102692432.31767154,4.915659291009507,0.5799283035194659,verified_focus_dapi,/Volumes/Shihong_5/for_spatioev/pancreas_Xenium_example_data_from_10X/Xenium_V1_hPancreas_nondiseased_section_outs/morphology_focus.ome.tif,0,0.2125
llkhnejd-1,387,17.475468749999997,795712.0,2056.1033591731266,357.8655062771923,1094.0,1650.6,2019.0,2574.4,3009.0,446.5,1.0,6264.562122130871,269.55184971132775,0.24929533974221707,0.052849962536418583,58477951.39107994,5.639048872768375,0.20795246292295533,verified_focus_dapi,/Volumes/Shihong_5/for_spatioev/pancreas_Xenium_example_data_from_10X/Xenium_V1_hPancreas_nondiseased_section_outs/morphology_focus.ome.tif,0,0.2125
lmfoadje-1,471,21.268593749999997,903921.0,1919.1528662420383,299.63895823863163,967.0,1527.0,1945.0,2286.0,2597.0,399.0,1.0,6536.315137287993,419.14143117872027,0.3699297032306572,0.07108774807166952,72183222.57160084,5.986569211127518,0.19086293065715246,verified_focus_dapi,/Volumes/Shihong_5/for_spatioev/pancreas_Xenium_example_data_from_10X/Xenium_V1_hPancreas_nondiseased_section_outs/morphology_focus.ome.tif,0,0.2125
lmijfnbf-1,709,32.015781249999996,1046002.0,1475.3201692524683,512.0390531892509,553.0,819.8,1471.0,2148.4000000000005,2992.0,682.0,1.0,6390.229951317015,107.12749106837272,1.0394926240518643,0.16281120879980762,125352535.7411764,5.723292026618321,0.6126587641616648,verified_focus_dapi,/Volumes/Shihong_5/for_spatioev/pancreas_Xenium_example_data_from_10X/Xenium_V1_hPancreas_nondiseased_section_outs/morphology_focus.ome.tif,0,0.2125
lmlpamhh-1,475,21.449218749999996,833578.0,1754.901052631579,353.98358674252466,1000.0,1340.0,1659.0,2273.0,2700.0,557.0,1.0,6274.576087000856,739.5157061936615,0.23705227805231807,0.045361074629922365,67879102.60343844,5.909816246519288,0.23644626661186466,verified_focus_dapi,/Volumes/Shihong_5/for_spatioev/pancreas_Xenium_example_data_from_10X/Xenium_V1_hPancreas_nondiseased_section_outs/morphology_focus.ome.tif,0,0.2125
lmpcfnhd-1,408,18.42375,580652.0,1423.1666666666667,333.7583540361033,580.0,961.4,1472.5,1849.3,2190.0,507.5,1.0,6242.108444709568,725.2007549918023,0.17366554904611456,0.03585664062161416,40698425.0860171,5.263543100514342,0.42441944814497584,verified_focus_dapi,/Volumes/Shihong_5/for_spatioev/pancreas_Xenium_example_data_from_10X/Xenium_V1_hPancreas_nondiseased_section_outs/morphology_focus.ome.tif,0,0.2125
lmppbkmm-1,474,21.4040625,1147502.0,2420.89029535865,880.8442563805743,726.0,1139.6000000000001,2584.0,3503.2999999999997,3856.0,1589.75,1.0,6236.0019350402,682.4178917117356,0.8974755789279159,0.1719172578436607,94273907.97816563,5.209632705541879,0.6156450342063018,verified_focus_dapi,/Volumes/Shihong_5/for_spatioev/pancreas_Xenium_example_data_from_10X/Xenium_V1_hPancreas_nondiseased_section_outs/morphology_focus.ome.tif,0,0.2125
lnadmelj-1,389,17.565781249999997,710398.0,1826.215938303342,617.2133700076096,620.0,1000.6,1879.0,2617.0,2896.0,1130.0,1.0,6257.081366906297,705.4254644579516,0.39992877964575907,0.08456562511665336,42561577.185382,5.131777097348219,0.5732295772798333,verified_focus_dapi,/Volumes/Shihong_5/for_spatioev/pancreas_Xenium_example_data_from_10X/Xenium_V1_hPancreas_nondiseased_section_outs/morphology_focus.ome.tif,0,0.2125
lnoionmp-1,322,14.540312499999999,742551.0,2306.05900621118,469.86817855002613,1132.0,1729.6,2284.0,2944.8,3376.0,661.25,1.0,6381.619831550291,395.9274641405102,0.1723298002607366,0.04005146949901078,36383938.26519121,5.468014346796156,0.2676231603997689,verified_focus_dapi,/Volumes/Shihong_5/for_spatioev/pancreas_Xenium_example_data_from_10X/Xenium_V1_hPancreas_nondiseased_section_outs/morphology_focus.ome.tif,0,0.2125
loikjjco-1,564,25.468124999999997,1155684.0,2049.0851063829787,300.2843685188453,1192.0,1699.3,2028.5,2431.1,3118.0,332.75,1.0,6223.415776349763,171.06850881166477,0.4324422834523653,0.07594070178236673,118418197.32374507,6.1647881006970575,0.17961769329963712,verified_focus_dapi,/Volumes/Shihong_5/for_spatioev/pancreas_Xenium_example_data_from_10X/Xenium_V1_hPancreas_nondiseased_section_outs/morphology_focus.ome.tif,0,0.2125
loohioai-1,353,15.940156249999998,618755.0,1752.8470254957508,433.68475169289235,760.0,1131.8000000000002,1790.0,2289.8,2689.0,692.0,1.0,6111.492085962941,175.49059056088436,0.5254835099078339,0.1166427488016843,50079460.85410219,5.020240203149706,0.3889838604424018,verified_focus_dapi,/Volumes/Shihong_5/for_spatioev/pancreas_Xenium_example_data_from_10X/Xenium_V1_hPancreas_nondiseased_section_outs/morphology_focus.ome.tif,0,0.2125
maepfeic-1,152,6.86375,140842.0,926.5921052631579,189.47001412746715,533.0,688.2,941.0,1157.0,1378.0,307.75,1.0,6079.52983351912,737.6632710768095,0.23256791795662957,0.07867088164627985,3399648.4152525524,4.286243401039991,0.2240466704508516,verified_focus_dapi,/Volumes/Shihong_5/for_spatioev/pancreas_Xenium_example_data_from_10X/Xenium_V1_hPancreas_nondiseased_section_outs/morphology_focus.ome.tif,0,0.2125
mafhfgml-1,915,41.31796875,1914607.0,2092.4666666666667,477.1514929763341,730.0,1384.2,2209.0,2622.6,2951.0,698.0,1.0,6093.703607052256,703.8798639028793,0.21709010660410386,0.029930604701056206,265351774.62490422,6.60079495466366,0.3428845722229525,verified_focus_dapi,/Volumes/Shihong_5/for_spatioev/pancreas_Xenium_example_data_from_10X/Xenium_V1_hPancreas_nondiseased_section_outs/morphology_focus.ome.tif,0,0.2125
mahhbjpa-1,883,39.87296875,1606421.0,1819.2763306908266,461.7576231929438,862.0,1239.0,1798.0,2439.2000000000003,3195.0,564.0,1.0,6151.633033074767,746.7565545940323,0.5866515202831893,0.08233525880748467,227828853.00135022,6.416570796851672,0.3662095319223605,verified_focus_dapi,/Volumes/Shihong_5/for_spatioev/pancreas_Xenium_example_data_from_10X/Xenium_V1_hPancreas_nondiseased_section_outs/morphology_focus.ome.tif,0,0.2125
mahkehai-1,396,17.881874999999997,795918.0,2009.8939393939395,289.7459856941858,1099.0,1607.0,2041.5,2355.0,2554.0,346.25,1.0,6143.802984918044,701.123211200777,0.2590358211101953,0.054287299520716766,51430885.12291593,5.259979912516936,0.3399114519177242,verified_focus_dapi,/Volumes/Shihong_5/for_spatioev/pancreas_Xenium_example_data_from_10X/Xenium_V1_hPancreas_nondiseased_section_outs/morphology_focus.ome.tif,0,0.2125
mbihbmag-1,584,26.371249999999996,1172696.0,2008.041095890411,379.1313815493402,949.0,1523.5,2015.0,2474.3,3151.0,480.5,1.0,5961.00061292526,172.26052932729368,0.46990481666477213,0.08109414129678819,258606154.3370524,4.040702092139522,1.0641154176774843,verified_focus_dapi,/Volumes/Shihong_5/for_spatioev/pancreas_Xenium_example_data_from_10X/Xenium_V1_hPancreas_nondiseased_section_outs/morphology_focus.ome.tif,0,0.2125
mbimllfo-1,454,20.5009375,1197881.0,2638.5044052863436,416.5404705871701,1278.0,2147.5,2637.0,3194.5,3643.0,515.25,1.0,5922.5010443545725,189.59060749773974,0.26751288060148465,0.05236037855778576,88498583.38100362,5.621928150983596,0.2767224412773351,verified_focus_dapi,/Volumes/Shihong_5/for_spatioev/pancreas_Xenium_example_data_from_10X/Xenium_V1_hPancreas_nondiseased_section_outs/morphology_focus.ome.tif,0,0.2125
mbkfpima-1,1077,48.633281249999996,1976207.0,1834.9182915506035,399.9782570804315,842.0,1360.0,1788.0,2444.6,3048.0,446.0,1.0,6032.953393103557,322.3126688082271,0.5869141038179475,0.0745852072059842,345351336.92184377,7.208424865027428,0.21213681432124884,verified_focus_dapi,/Volumes/Shihong_5/for_spatioev/pancreas_Xenium_example_data_from_10X/Xenium_V1_hPancreas_nondiseased_section_outs/morphology_focus.ome.tif,0,0.2125
mcgdbncp-1,464,20.952499999999997,438924.0,945.9568965517242,279.74269711713407,481.0,645.3000000000001,905.0,1280.8,2395.0,341.5,1.0,5980.194885504096,736.625367717418,0.7582458698574358,0.14680372293958863,34008033.01445352,5.4715554615370765,0.3892833981843394,verified_focus_dapi,/Volumes/Shihong_5/for_spatioev/pancreas_Xenium_example_data_from_10X/Xenium_V1_hPancreas_nondiseased_section_outs/morphology_focus.ome.tif,0,0.2125
mcingdjl-1,541,24.429531249999997,1151056.0,2127.645101663586,382.599475085272,1126.0,1640.0,2142.0,2632.0,3026.0,583.0,1.0,5835.280201962371,705.2034764924556,0.4688926351960042,0.08407382088575889,102642643.86449227,5.464470454214221,0.4139772037026064,verified_focus_dapi,/Volumes/Shihong_5/for_spatioev/pancreas_Xenium_example_data_from_10X/Xenium_V1_hPancreas_nondiseased_section_outs/morphology_focus.ome.tif,0,0.2125
mckogmap-1,399,18.01734375,680677.0,1705.9573934837092,338.9942750039249,801.0,1162.8,1764.0,2094.2,2376.0,387.0,1.0,5796.546715347367,673.2867099226212,0.4145906653276255,0.08656036479057594,45882491.468699545,5.913764800788269,0.2086622317079583,verified_focus_dapi,/Volumes/Shihong_5/for_spatioev/pancreas_Xenium_example_data_from_10X/Xenium_V1_hPancreas_nondiseased_section_outs/morphology_focus.ome.tif,0,0.2125
memlmnbo-1,387,17.475468749999997,683892.0,1767.1627906976744,385.53721955136245,933.0,1390.0,1692.0,2325.8,2981.0,435.0,1.0,6100.646534503986,189.53980180715666,0.26657201412250087,0.056512572494134036,45418931.45174823,5.477085944145428,0.2736517623056249,verified_focus_dapi,/Volumes/Shihong_5/for_spatioev/pancreas_Xenium_example_data_from_10X/Xenium_V1_hPancreas_nondiseased_section_outs/morphology_focus.ome.tif,0,0.2125
mfccklla-1,743,33.55109375,1670908.0,2248.866756393001,363.3624484200046,1266.0,1811.4,2215.0,2741.8,3459.0,476.0,1.0,6150.873761616438,367.16071433166877,0.6825733100358667,0.10443375697804715,211404927.20632792,5.807692983021634,0.3864720730114735,verified_focus_dapi,/Volumes/Shihong_5/for_spatioev/pancreas_Xenium_example_data_from_10X/Xenium_V1_hPancreas_nondiseased_section_outs/morphology_focus.ome.tif,0,0.2125
mfdogddo-1,245,11.06328125,276012.0,1126.5795918367346,175.42945204477886,720.0,881.0,1144.0,1364.8,1530.0,247.0,1.0,5822.819901761517,239.89867193274205,0.10823739862620058,0.02883900750232498,11070153.110817645,4.912337073264576,0.2436373761179067,verified_focus_dapi,/Volumes/Shihong_5/for_spatioev/pancreas_Xenium_example_data_from_10X/Xenium_V1_hPancreas_nondiseased_section_outs/morphology_focus.ome.tif,0,0.2125
mfflejkh-1,661,29.848281249999996,1454462.0,2200.3963691376703,458.3722171855241,1105.0,1518.0,2261.0,2756.0,3361.0,646.0,1.0,5801.026430718024,188.57083709474705,0.537947101788587,0.08726193692087551,146032260.8497197,6.1291079573992855,0.33760716352070136,verified_focus_dapi,/Volumes/Shihong_5/for_spatioev/pancreas_Xenium_example_data_from_10X/Xenium_V1_hPancreas_nondiseased_section_outs/morphology_focus.ome.tif,0,0.2125
mfheomhd-1,639,28.854843749999997,1321855.0,2068.6306729264475,363.283161541789,1281.0,1605.6,2065.0,2570.0,3005.0,500.0,1.0,6012.046810382001,132.2524116960635,0.6458720605478216,0.10655702216724923,143984112.18389913,6.356233023648023,0.20896643304402127,verified_focus_dapi,/Volumes/Shihong_5/for_spatioev/pancreas_Xenium_example_data_from_10X/Xenium_V1_hPancreas_nondiseased_section_outs/morphology_focus.ome.tif,0,0.2125
mfhodjac-1,226,10.205312499999998,265133.0,1173.154867256637,207.42655784900973,727.0,917.5,1158.5,1450.0,1711.0,294.5,1.0,6035.5454919794975,149.28384640916067,0.2270805216341662,0.06299581079004275,9176377.987425178,4.8614463531125685,0.25795092427094574,verified_focus_dapi,/Volumes/Shihong_5/for_spatioev/pancreas_Xenium_example_data_from_10X/Xenium_V1_hPancreas_nondiseased_section_outs/morphology_focus.ome.tif,0,0.2125
mfieggch-1,428,19.326874999999998,394299.0,921.2593457943925,451.8745954681216,432.0,552.7,829.0,1430.8000000000006,2579.0,273.0,1.0,6053.662278594416,128.99097556676531,0.03654320049934403,0.007366661299136799,31674331.8904892,5.043029092840942,0.6057157697239134,verified_focus_dapi,/Volumes/Shihong_5/for_spatioev/pancreas_Xenium_example_data_from_10X/Xenium_V1_hPancreas_nondiseased_section_outs/morphology_focus.ome.tif,0,0.2125
mfkihcdo-1,607,27.409843749999997,1118344.0,1842.4118616144976,350.13591391323405,906.0,1343.8,1900.0,2277.2,2700.0,514.0,1.0,6130.689224234672,45.50094229727168,0.605825758244815,0.1025508809093886,104740648.33882777,6.424419523739547,0.2316167710737652,verified_focus_dapi,/Volumes/Shihong_5/for_spatioev/pancreas_Xenium_example_data_from_10X/Xenium_V1_hPancreas_nondiseased_section_outs/morphology_focus.ome.tif,0,0.2125
mgfgdioc-1,539,24.339218749999997,1594174.0,2957.65120593692,509.36183731328134,1380.0,2150.6,3057.0,3507.2,3986.0,549.5,1.0,3241.9509945667787,1463.2976731680483,0.0582542177580614,0.010464512439872523,135461679.57737672,6.332534651764832,0.21613499255993593,verified_focus_dapi,/Volumes/Shihong_5/for_spatioev/pancreas_Xenium_example_data_from_10X/Xenium_V1_hPancreas_nondiseased_section_outs/morphology_focus.ome.tif,0,0.2125
mgjeieeg-1,624,28.1775,1055581.0,1691.636217948718,423.1788780822205,741.0,1131.1000000000001,1682.5,2265.2000000000003,2561.0,675.25,1.0,3242.4083489684826,1270.4726702285282,0.5260381283864803,0.08782353932283711,100782779.67428175,5.946130824518149,0.38084503817333154,verified_focus_dapi,/Volumes/Shihong_5/for_spatioev/pancreas_Xenium_example_data_from_10X/Xenium_V1_hPancreas_nondiseased_section_outs/morphology_focus.ome.tif,0,0.2125
mkalpdhp-1,443,20.004218749999996,1068190.0,2411.2641083521444,378.0938412882994,1308.0,1842.0,2455.0,2881.8,3292.0,483.0,1.0,2941.008772421105,1283.7135461973057,0.28261509562062365,0.05599890033684109,80264947.6969172,5.916732190120197,0.22538699176326363,verified_focus_dapi,/Volumes/Shihong_5/for_spatioev/pancreas_Xenium_example_data_from_10X/Xenium_V1_hPancreas_nondiseased_section_outs/morphology_focus.ome.tif,0,0.2125
mlkdcpgp-1,645,29.125781249999996,1507645.0,2337.4341085271317,376.9781200847801,1332.0,1861.2,2353.0,2789.2,3455.0,537.0,1.0,2622.9983117212605,1545.96730929695,0.3759547982249326,0.06173646821411536,155784757.7283578,6.162516687517681,0.28968688422812433,verified_focus_dapi,/Volumes/Shihong_5/for_spatioev/pancreas_Xenium_example_data_from_10X/Xenium_V1_hPancreas_nondiseased_section_outs/morphology_focus.ome.tif,0,0.2125
mmeadkne-1,513,23.16515625,1015685.0,1979.8927875243664,435.23407943897865,976.0,1352.4,1990.0,2531.6000000000004,3028.0,619.0,1.0,2879.5688569659887,1268.5101771710717,0.5312901757683145,0.0978270841501167,92713834.57034612,5.237782984117811,0.5383208050315492,verified_focus_dapi,/Volumes/Shihong_5/for_spatioev/pancreas_Xenium_example_data_from_10X/Xenium_V1_hPancreas_nondiseased_section_outs/morphology_focus.ome.tif,0,0.2125
mmjfgbck-1,1054,47.59468749999999,2684705.0,2547.1584440227703,562.4436691506074,1120.0,1861.3,2497.0,3340.7,4098.0,793.25,1.0,2817.7597646761938,1214.4731289657523,1.4030484750075438,0.18023468710434679,430411294.2833681,6.462282030273154,0.45293534917527944,verified_focus_dapi,/Volumes/Shihong_5/for_spatioev/pancreas_Xenium_example_data_from_10X/Xenium_V1_hPancreas_nondiseased_section_outs/morphology_focus.ome.tif,0,0.2125
mnhiapia-1,454,20.5009375,1130190.0,2489.4052863436123,637.4334161087372,915.0,1471.2,2577.0,3262.2,3704.0,777.5,1.0,2725.9307840164042,1176.2513357377964,0.268733794857368,0.05259934848133079,80221955.26783106,5.668771480297306,0.3471155743661646,verified_focus_dapi,/Volumes/Shihong_5/for_spatioev/pancreas_Xenium_example_data_from_10X/Xenium_V1_hPancreas_nondiseased_section_outs/morphology_focus.ome.tif,0,0.2125
mohbngan-1,649,29.30640625,1338366.0,2062.1972265023114,432.57879525738343,1157.0,1609.8,1974.0,2661.8,3686.0,516.0,1.0,2589.225963273499,1627.1674147990907,0.6234002938893436,0.10205414781851918,140152120.49913478,6.239163810836221,0.2606585264641639,verified_focus_dapi,/Volumes/Shihong_5/for_spatioev/pancreas_Xenium_example_data_from_10X/Xenium_V1_hPancreas_nondiseased_section_outs/morphology_focus.ome.tif,0,0.2125
moolpijk-1,470,21.2234375,935803.0,1991.0702127659574,530.7317483316679,1044.0,1302.4,1911.5,2724.6000000000004,3424.0,853.5,1.0,2513.521816049959,1456.4585684300007,0.49336493937948445,0.09490855489574097,76739460.44739331,6.16899833560429,0.1979822437918401,verified_focus_dapi,/Volumes/Shihong_5/for_spatioev/pancreas_Xenium_example_data_from_10X/Xenium_V1_hPancreas_nondiseased_section_outs/morphology_focus.ome.tif,0,0.2125
mpfnhlim-1,433,19.55265625,1310361.0,3026.2378752886834,621.3662003703542,1394.0,2145.2,3119.0,3811.8,4205.0,918.0,1.0,2805.4971851745436,1118.046058738775,0.5871833767262251,0.11768356342760833,83089595.85170193,5.7291604013140685,0.29791357678489805,verified_focus_dapi,/Volumes/Shihong_5/for_spatioev/pancreas_Xenium_example_data_from_10X/Xenium_V1_hPancreas_nondiseased_section_outs/morphology_focus.ome.tif,0,0.2125
mpjgmbgj-1,463,20.90734375,924943.0,1997.7170626349891,623.3956305357533,662.0,1225.6,1934.0,2842.6,3620.0,873.5,1.0,2563.2940624719577,1491.4926314783722,0.9499907976213792,0.18412591123500935,65771402.85645062,6.120497149438829,0.28425016941333486,verified_focus_dapi,/Volumes/Shihong_5/for_spatioev/pancreas_Xenium_example_data_from_10X/Xenium_V1_hPancreas_nondiseased_section_outs/morphology_focus.ome.tif,0,0.2125
naacohof-1,587,26.506718749999997,927211.0,1579.5758091993187,564.6259641095705,472.0,762.8,1647.0,2315.2,2949.0,890.0,1.0,2514.9980303835914,1067.0037671845998,0.8600896599855398,0.1480507740268485,126931771.17495154,4.927242131909893,0.7527148255014908,verified_focus_dapi,/Volumes/Shihong_5/for_spatioev/pancreas_Xenium_example_data_from_10X/Xenium_V1_hPancreas_nondiseased_section_outs/morphology_focus.ome.tif,0,0.2125
nacfkpjl-1,570,25.739062499999996,785249.0,1377.6298245614034,406.5256662944046,675.0,871.3000000000001,1317.0,1980.2,2481.0,624.25,1.0,3082.9936753341935,1108.410349933588,0.13931809513146287,0.024336387184991044,67507952.94460483,5.95901069519508,0.42579703963646914,verified_focus_dapi,/Volumes/Shihong_5/for_spatioev/pancreas_Xenium_example_data_from_10X/Xenium_V1_hPancreas_nondiseased_section_outs/morphology_focus.ome.tif,0,0.2125
nadnnpfa-1,469,21.178281249999998,598314.0,1275.722814498934,246.57398309300044,571.0,927.2,1329.0,1533.0,1854.0,333.0,1.0,3135.6005109984053,1102.6317636934787,0.3634930953415419,0.06999963100081866,43346937.54035841,5.473815494129924,0.35571645963725185,verified_focus_dapi,/Volumes/Shihong_5/for_spatioev/pancreas_Xenium_example_data_from_10X/Xenium_V1_hPancreas_nondiseased_section_outs/morphology_focus.ome.tif,0,0.2125
naeaenlc-1,835,37.705468749999994,1246832.0,1493.2119760479043,268.17482339786943,654.0,1101.4,1536.0,1792.0,2025.0,349.0,1.0,3146.795254412784,1107.8361460284946,0.27218979133404714,0.03928390039523336,155002238.13523877,6.7007762397304775,0.225194027935153,verified_focus_dapi,/Volumes/Shihong_5/for_spatioev/pancreas_Xenium_example_data_from_10X/Xenium_V1_hPancreas_nondiseased_section_outs/morphology_focus.ome.tif,0,0.2125
naghdjjh-1,185,8.35390625,151939.0,821.2918918918919,153.54781345020731,472.0,581.0,828.0,1026.2,1074.0,228.0,1.0,3020.7359960247204,983.5641373347198,0.19647695845109164,0.06024371822360407,4253175.01926431,4.485208969978858,0.24432858088716003,verified_focus_dapi,/Volumes/Shihong_5/for_spatioev/pancreas_Xenium_example_data_from_10X/Xenium_V1_hPancreas_nondiseased_section_outs/morphology_focus.ome.tif,0,0.2125
napfehnb-1,179,8.08296875,185965.0,1038.9106145251396,218.2225373537746,632.0,744.8,1029.0,1347.6000000000001,1502.0,343.5,1.0,2684.621586723308,1584.2220251794693,0.24045333928800328,0.07495322148028973,10584601.198526604,4.283367971234622,0.19947415922568407,verified_focus_dapi,/Volumes/Shihong_5/for_spatioev/pancreas_Xenium_example_data_from_10X/Xenium_V1_hPancreas_nondiseased_section_outs/morphology_focus.ome.tif,0,0.2125
ncfcgfkk-1,715,32.28671875,1172010.0,1639.1748251748252,252.66202624472146,838.0,1334.8,1623.0,1992.2,2469.0,312.0,1.0,6331.433814824532,1566.756514150903,0.3067154276753719,0.04783751449037059,163287014.56228957,6.085407103085693,0.25882802243964564,verified_focus_dapi,/Volumes/Shihong_5/for_spatioev/pancreas_Xenium_example_data_from_10X/Xenium_V1_hPancreas_nondiseased_section_outs/morphology_focus.ome.tif,0,0.2125
nclkanpg-1,584,26.371249999999996,1041474.0,1783.3458904109589,453.77292411645,832.0,1124.5,1823.0,2391.2000000000003,2691.0,692.25,1.0,6347.139232148377,1430.115799734319,0.17511890822621384,0.030221263932195184,94843253.1991754,5.764385805997374,0.4635761185209116,verified_focus_dapi,/Volumes/Shihong_5/for_spatioev/pancreas_Xenium_example_data_from_10X/Xenium_V1_hPancreas_nondiseased_section_outs/morphology_focus.ome.tif,0,0.2125
ndpknohh-1,439,19.823593749999997,624621.0,1422.8268792710705,404.5793474574822,619.0,888.6,1432.0,1848.0,2827.0,509.0,1.0,6307.451706194636,958.959025352974,0.4882009390001766,0.09717450937010265,48082239.03895323,6.105248068611137,0.21041797308664248,verified_focus_dapi,/Volumes/Shihong_5/for_spatioev/pancreas_Xenium_example_data_from_10X/Xenium_V1_hPancreas_nondiseased_section_outs/morphology_focus.ome.tif,0,0.2125
neebaepl-1,543,24.519843749999996,995791.0,1833.8692449355433,566.0302390525595,563.0,1152.0,1818.0,2617.6,2897.0,945.5,1.0,6264.372195395419,1083.4015158426819,0.21366857960210528,0.038240781095949805,87136591.3419824,5.3459703105180125,0.6128426436253738,verified_focus_dapi,/Volumes/Shihong_5/for_spatioev/pancreas_Xenium_example_data_from_10X/Xenium_V1_hPancreas_nondiseased_section_outs/morphology_focus.ome.tif,0,0.2125
nepcopaj-1,617,27.861406249999998,1057751.0,1714.3452188006484,353.13121575463873,838.0,1307.6,1661.0,2153.4,2932.0,463.0,1.0,6305.223485406774,1374.6226243700078,0.45941407454897193,0.07713433156318653,101181275.07439841,6.115512327314446,0.27870113260334817,verified_focus_dapi,/Volumes/Shihong_5/for_spatioev/pancreas_Xenium_example_data_from_10X/Xenium_V1_hPancreas_nondiseased_section_outs/morphology_focus.ome.tif,0,0.2125
nepdmmhb-1,538,24.2940625,1114740.0,2072.007434944238,637.5024367185157,607.0,1090.1,2148.5,2860.5,3457.0,829.25,1.0,6105.191038863322,1308.285845096166,0.6963096797584523,0.12519797400422816,88701019.90279168,5.7862846326490365,0.43978873386938033,verified_focus_dapi,/Volumes/Shihong_5/for_spatioev/pancreas_Xenium_example_data_from_10X/Xenium_V1_hPancreas_nondiseased_section_outs/morphology_focus.ome.tif,0,0.2125
ngkjpjnf-1,334,15.082187499999998,417166.0,1249.0,301.31691991580044,603.0,877.6,1240.0,1620.1999999999998,2484.0,397.0,1.0,5881.01179650307,1638.4785166156878,0.3258231687676191,0.07435235624048059,20973893.455298368,5.5329819041062,0.2345346188300709,verified_focus_dapi,/Volumes/Shihong_5/for_spatioev/pancreas_Xenium_example_data_from_10X/Xenium_V1_hPancreas_nondiseased_section_outs/morphology_focus.ome.tif,0,0.2125
nienaaom-1,509,22.984531249999996,517319.0,1016.343811394892,329.55395476639734,420.0,593.6,981.0,1500.2,1677.0,560.0,1.0,6076.506098872263,1101.3147773907397,0.3316510114221929,0.061306770799479236,35957909.35440608,6.185695822227631,0.3443339941958411,verified_focus_dapi,/Volumes/Shihong_5/for_spatioev/pancreas_Xenium_example_data_from_10X/Xenium_V1_hPancreas_nondiseased_section_outs/morphology_focus.ome.tif,0,0.2125
nilfoojc-1,617,27.861406249999998,1065301.0,1726.581847649919,470.3598197068297,631.0,1132.8,1683.0,2439.7999999999997,3171.0,572.0,1.0,5999.110075685182,961.222821871471,0.0377113789304762,0.006331634504197684,98856554.86532727,6.172831763879768,0.3350452097741018,verified_focus_dapi,/Volumes/Shihong_5/for_spatioev/pancreas_Xenium_example_data_from_10X/Xenium_V1_hPancreas_nondiseased_section_outs/morphology_focus.ome.tif,0,0.2125
ninfcacf-1,386,17.4303125,388718.0,1007.041450777202,269.49811988917844,253.0,575.5,1075.5,1297.5,1530.0,364.25,1.0,6045.631132530523,1660.8678208881504,0.5030353525115244,0.1067802323675271,24132570.418977253,5.372358176604088,0.3615712464513733,verified_focus_dapi,/Volumes/Shihong_5/for_spatioev/pancreas_Xenium_example_data_from_10X/Xenium_V1_hPancreas_nondiseased_section_outs/morphology_focus.ome.tif,0,0.2125
nipfnnga-1,876,39.556875,1497644.0,1709.6392694063927,321.98110357698545,878.0,1294.5,1707.0,2115.0,3107.0,404.25,1.0,5875.876573112501,901.3722266022498,0.34377259074519095,0.04844011888073216,210895521.62519127,6.531025027735683,0.2900149127550067,verified_focus_dapi,/Volumes/Shihong_5/for_spatioev/pancreas_Xenium_example_data_from_10X/Xenium_V1_hPancreas_nondiseased_section_outs/morphology_focus.ome.tif,0,0.2125
njepchdk-1,441,19.913906249999997,989107.0,2242.873015873016,630.5770507888845,535.0,1160.0,2472.0,2832.0,3143.0,710.0,1.0,5927.683175480509,1604.1173859097144,1.1081140788535684,0.22006510546852956,107707423.36019865,4.368961694621316,0.8359809550719319,verified_focus_dapi,/Volumes/Shihong_5/for_spatioev/pancreas_Xenium_example_data_from_10X/Xenium_V1_hPancreas_nondiseased_section_outs/morphology_focus.ome.tif,0,0.2125
njfcaopi-1,349,15.759531249999998,494660.0,1417.3638968481375,443.90584969754883,443.0,742.2,1471.0,1966.1999999999998,2133.0,682.0,1.0,5862.537198201795,1608.0130209638944,0.6883362668945179,0.15366464075449104,29000286.046486475,5.400249860224273,0.34641192181148883,verified_focus_dapi,/Volumes/Shihong_5/for_spatioev/pancreas_Xenium_example_data_from_10X/Xenium_V1_hPancreas_nondiseased_section_outs/morphology_focus.ome.tif,0,0.2125
nkfhknlf-1,655,29.577343749999997,1474660.0,2251.389312977099,599.7226963835396,997.0,1427.6,2306.0,3017.2,3791.0,911.5,1.0,5819.465442474875,1427.310123892965,0.6352319543470407,0.10351366674094586,172087886.9306552,5.596783856110146,0.5120425345730489,verified_focus_dapi,/Volumes/Shihong_5/for_spatioev/pancreas_Xenium_example_data_from_10X/Xenium_V1_hPancreas_nondiseased_section_outs/morphology_focus.ome.tif,0,0.2125
nkgphkni-1,155,6.999218749999999,85798.0,553.5354838709677,124.87786432734752,364.0,420.0,527.0,749.3999999999999,923.0,181.0,1.0,6196.253006334646,1159.6573018893214,0.3018263165163962,0.10110607725903228,2365351.5781020536,4.102552347301903,0.2699237258734979,verified_focus_dapi,/Volumes/Shihong_5/for_spatioev/pancreas_Xenium_example_data_from_10X/Xenium_V1_hPancreas_nondiseased_section_outs/morphology_focus.ome.tif,0,0.2125
nkianbgg-1,484,21.855624999999996,205149.0,423.8615702479339,78.30344299142395,250.0,327.3,423.0,533.7,622.0,112.75,1.0,5847.52025107361,1235.1523889343844,0.48527438991836896,0.0919921348830629,14519966.854110913,5.430814010763962,0.28447409965953807,verified_focus_dapi,/Volumes/Shihong_5/for_spatioev/pancreas_Xenium_example_data_from_10X/Xenium_V1_hPancreas_nondiseased_section_outs/morphology_focus.ome.tif,0,0.2125
nkkfkgja-1,246,11.108437499999999,337067.0,1370.1910569105692,314.7929117982093,600.0,835.0,1444.0,1720.0,1883.0,400.25,1.0,5791.822703831879,1209.1416568145205,0.38118304554232957,0.10135659874515734,14899999.101264734,4.8347023328391865,0.36226520915115273,verified_focus_dapi,/Volumes/Shihong_5/for_spatioev/pancreas_Xenium_example_data_from_10X/Xenium_V1_hPancreas_nondiseased_section_outs/morphology_focus.ome.tif,0,0.2125
nkkjmbcd-1,356,16.075625,581456.0,1633.3033707865168,286.5432357318769,832.0,1286.0,1587.0,2014.0,2431.0,391.75,1.0,5800.854617030352,1273.9116501506562,0.16567259103284573,0.036619437735739155,35929642.82031314,5.856614739198717,0.17156516795368995,verified_focus_dapi,/Volumes/Shihong_5/for_spatioev/pancreas_Xenium_example_data_from_10X/Xenium_V1_hPancreas_nondiseased_section_outs/morphology_focus.ome.tif,0,0.2125
nklhmlom-1,521,23.526406249999997,1062180.0,2038.7332053742803,326.228609113488,1152.0,1562.0,2073.0,2439.0,2843.0,508.0,1.0,5890.023652335291,1258.5235500809656,0.49741664828903814,0.09088400594849282,89337018.8355034,6.281706441683255,0.1808323163435707,verified_focus_dapi,/Volumes/Shihong_5/for_spatioev/pancreas_Xenium_example_data_from_10X/Xenium_V1_hPancreas_nondiseased_section_outs/morphology_focus.ome.tif,0,0.2125
nknakinc-1,598,27.003437499999997,1389635.0,2323.804347826087,515.4796352547472,1312.0,1632.6,2328.5,2978.1000000000004,3374.0,915.5,1.0,5861.694033316302,1313.757667849831,0.34799050102420925,0.05934755117728664,123365114.6460416,6.182270976469868,0.3344540863396478,verified_focus_dapi,/Volumes/Shihong_5/for_spatioev/pancreas_Xenium_example_data_from_10X/Xenium_V1_hPancreas_nondiseased_section_outs/morphology_focus.ome.tif,0,0.2125
nmoeaoda-1,634,28.629062499999996,1255814.0,1980.7791798107255,512.9281670475378,956.0,1276.2,2011.5,2640.3,3426.0,715.25,1.0,3068.6442320478986,1989.047550194535,0.6050270588274965,0.10021117988539523,131078061.2671367,5.938063045213544,0.3964825609075291,verified_focus_dapi,/Volumes/Shihong_5/for_spatioev/pancreas_Xenium_example_data_from_10X/Xenium_V1_hPancreas_nondiseased_section_outs/morphology_focus.ome.tif,0,0.2125
nnibdhjc-1,258,11.650312499999998,410297.0,1590.2984496124031,443.21478868865034,727.0,1042.2,1545.0,2132.3,2772.0,638.75,1.0,3122.017488246319,1780.1813048230915,0.4079852198311715,0.10593039297530946,18641753.96579551,4.5143017517187145,0.4221947325613259,verified_focus_dapi,/Volumes/Shihong_5/for_spatioev/pancreas_Xenium_example_data_from_10X/Xenium_V1_hPancreas_nondiseased_section_outs/morphology_focus.ome.tif,0,0.2125
nnmineii-1,698,31.519062499999997,1015619.0,1455.041547277937,405.75421264830584,599.0,881.1,1499.5,1973.9,2284.0,664.5,1.0,2941.0654226634197,2059.6902821087438,0.6473700418021212,0.1021905867526318,114693690.55722077,5.979568964833677,0.48934668312026464,verified_focus_dapi,/Volumes/Shihong_5/for_spatioev/pancreas_Xenium_example_data_from_10X/Xenium_V1_hPancreas_nondiseased_section_outs/morphology_focus.ome.tif,0,0.2125
nnpbicjn-1,659,29.757968749999996,1575595.0,2390.887708649469,488.11032561329694,994.0,1747.2,2428.0,3036.0,3478.0,695.5,1.0,2964.4140948102145,2022.9989279208805,0.30603440227638623,0.04971798839244347,170297028.71205354,6.174527502290332,0.2962588685369244,verified_focus_dapi,/Volumes/Shihong_5/for_spatioev/pancreas_Xenium_example_data_from_10X/Xenium_V1_hPancreas_nondiseased_section_outs/morphology_focus.ome.tif,0,0.2125
nocbkhpo-1,321,14.495156249999999,292870.0,912.3676012461059,178.30671728813675,509.0,673.0,911.0,1175.0,1302.0,273.0,1.0,2795.7026160071023,2028.5253540820158,0.1359658318894109,0.03164923917134275,14789719.881585687,5.075520921574672,0.34790409008436846,verified_focus_dapi,/Volumes/Shihong_5/for_spatioev/pancreas_Xenium_example_data_from_10X/Xenium_V1_hPancreas_nondiseased_section_outs/morphology_focus.ome.tif,0,0.2125
noepigdi-1,589,26.597031249999997,742913.0,1261.3123938879457,429.58218837569524,471.0,692.8,1255.0,1810.0,2187.0,770.0,1.0,3042.74412089639,1874.6172455758615,0.19957354636643354,0.034295041567797786,67374093.37469125,5.759026095868593,0.5273313486311738,verified_focus_dapi,/Volumes/Shihong_5/for_spatioev/pancreas_Xenium_example_data_from_10X/Xenium_V1_hPancreas_nondiseased_section_outs/morphology_focus.ome.tif,0,0.2125
nohplmfh-1,650,29.351562499999996,1193786.0,1836.5938461538462,375.41952487109387,1051.0,1324.4,1843.0,2319.4,2994.0,547.25,1.0,3071.733334890005,1979.6722093407025,0.10795909019755995,0.017659912358197298,130755854.55285619,6.472630239777662,0.1946735990286476,verified_focus_dapi,/Volumes/Shihong_5/for_spatioev/pancreas_Xenium_example_data_from_10X/Xenium_V1_hPancreas_nondiseased_section_outs/morphology_focus.ome.tif,0,0.2125
nokjmldf-1,466,21.042812499999997,1158159.0,2485.3197424892705,418.42833711547456,1404.0,1863.0,2518.0,2972.5,3461.0,562.5,1.0,2900.6194401632247,2040.1193256711729,0.27953764735806125,0.05400492331032899,83737999.84250695,5.91713068958618,0.23399942192004172,verified_focus_dapi,/Volumes/Shihong_5/for_spatioev/pancreas_Xenium_example_data_from_10X/Xenium_V1_hPancreas_nondiseased_section_outs/morphology_focus.ome.tif,0,0.2125
noklnghh-1,522,23.5715625,1042346.0,1996.831417624521,433.9224403319801,952.0,1391.0,1996.5,2535.9,2828.0,661.5,1.0,2955.437727815428,1737.072801545744,0.509399788958393,0.09298427634425473,105285897.44782346,5.208413309581383,0.548266378183755,verified_focus_dapi,/Volumes/Shihong_5/for_spatioev/pancreas_Xenium_example_data_from_10X/Xenium_V1_hPancreas_nondiseased_section_outs/morphology_focus.ome.tif,0,0.2125
npkhmeea-1,151,6.818593749999999,154103.0,1020.5496688741722,238.73409766371367,608.0,726.0,985.0,1333.0,1754.0,325.5,1.0,2724.512631648962,1976.4585258723062,0.1276720786854812,0.04333047620925892,4173018.461016333,3.966001248343545,0.37318781603419476,verified_focus_dapi,/Volumes/Shihong_5/for_spatioev/pancreas_Xenium_example_data_from_10X/Xenium_V1_hPancreas_nondiseased_section_outs/morphology_focus.ome.tif,0,0.2125
npoeigpp-1,339,15.307968749999999,385808.0,1138.0766961651918,224.10115450624428,497.0,847.6,1143.0,1419.3999999999999,1807.0,275.5,1.0,2779.321457434786,1862.3116852488802,0.2535105789443257,0.05742251954700855,20763766.49269844,5.745986302948177,0.2108645635672629,verified_focus_dapi,/Volumes/Shihong_5/for_spatioev/pancreas_Xenium_example_data_from_10X/Xenium_V1_hPancreas_nondiseased_section_outs/morphology_focus.ome.tif,0,0.2125
nppmndon-1,643,29.035468749999996,1222457.0,1901.177293934681,458.1151657763521,1043.0,1277.2,1891.0,2515.8,2943.0,739.5,1.0,2846.3042156595284,1751.5706035161154,0.26052026314051696,0.04284715869169297,162492457.04883853,5.639810707406656,0.5111030656309319,verified_focus_dapi,/Volumes/Shihong_5/for_spatioev/pancreas_Xenium_example_data_from_10X/Xenium_V1_hPancreas_nondiseased_section_outs/morphology_focus.ome.tif,0,0.2125
obancdkl-1,630,28.448437499999997,818246.0,1298.8031746031745,492.82049855849715,412.0,661.8,1297.5,1867.9,2967.0,788.5,1.0,2634.5003832435477,2113.2867827645964,0.717552638894843,0.11922559473887841,79649384.82321575,5.593259139429091,0.6445220042969168,verified_focus_dapi,/Volumes/Shihong_5/for_spatioev/pancreas_Xenium_example_data_from_10X/Xenium_V1_hPancreas_nondiseased_section_outs/morphology_focus.ome.tif,0,0.2125
obepngbl-1,640,28.9,1519645.0,2374.4453125,585.6547912458988,802.0,1439.6,2509.0,3061.7000000000003,3533.0,761.0,1.0,2514.6297593023373,1965.546059342807,0.4520733536126488,0.07452550518136622,157937939.14966983,5.982816602986032,0.40786620562450265,verified_focus_dapi,/Volumes/Shihong_5/for_spatioev/pancreas_Xenium_example_data_from_10X/Xenium_V1_hPancreas_nondiseased_section_outs/morphology_focus.ome.tif,0,0.2125
obkedkdg-1,602,27.184062499999996,1127050.0,1872.1760797342192,405.63707191553175,908.0,1354.2,1837.5,2425.9,3115.0,600.75,1.0,2833.742436449137,1871.2540661904973,0.35917367074288586,0.06105092575696111,130160334.13088684,6.057997729498883,0.2542486671253746,verified_focus_dapi,/Volumes/Shihong_5/for_spatioev/pancreas_Xenium_example_data_from_10X/Xenium_V1_hPancreas_nondiseased_section_outs/morphology_focus.ome.tif,0,0.2125
ocbccofb-1,538,24.2940625,552848.0,1027.5985130111524,215.14660549617074,531.0,716.1,1047.0,1303.3,1400.0,342.25,1.0,2575.288112691011,1729.403561286285,0.27627151287067714,0.049674210616302956,52165877.12559691,5.562871585426695,0.38765724799691453,verified_focus_dapi,/Volumes/Shihong_5/for_spatioev/pancreas_Xenium_example_data_from_10X/Xenium_V1_hPancreas_nondiseased_section_outs/morphology_focus.ome.tif,0,0.2125
occeahjk-1,566,25.558437499999997,1335889.0,2360.227915194346,429.84059334499,1082.0,1744.0,2411.5,2921.0,3329.0,512.5,1.0,2507.7257236566807,1732.582310936762,0.7319230422786259,0.12830489052925925,120814128.69736782,5.59307495509964,0.4625541743732763,verified_focus_dapi,/Volumes/Shihong_5/for_spatioev/pancreas_Xenium_example_data_from_10X/Xenium_V1_hPancreas_nondiseased_section_outs/morphology_focus.ome.tif,0,0.2125
ocdmbjob-1,595,26.867968749999996,660290.0,1109.7310924369747,216.5664878394372,474.0,781.8,1141.0,1354.6,1570.0,240.0,1.0,6546.589574599797,1985.8130860493118,0.5649177274778566,0.09658567667798579,72183131.55252692,5.464688697900689,0.42803465814735475,verified_focus_dapi,/Volumes/Shihong_5/for_spatioev/pancreas_Xenium_example_data_from_10X/Xenium_V1_hPancreas_nondiseased_section_outs/morphology_focus.ome.tif,0,0.2125
ocglkcpg-1,91,4.109218749999999,73354.0,806.0879120879121,182.47117179215206,520.0,583.0,823.0,1075.0,1290.0,287.0,1.0,6527.309506809444,1957.1358228590125,0.220722754242976,0.09649669007375627,1297492.8181830575,3.6219104855766133,0.14730044636789202,verified_focus_dapi,/Volumes/Shihong_5/for_spatioev/pancreas_Xenium_example_data_from_10X/Xenium_V1_hPancreas_nondiseased_section_outs/morphology_focus.ome.tif,0,0.2125
odhjedbi-1,230,10.385937499999999,282032.0,1226.2260869565218,161.43067220378646,735.0,1022.0,1242.5,1414.4,1524.0,222.25,1.0,6435.866635878198,1951.3271425316984,0.17459893403178778,0.04801353434606092,10917197.888377914,4.673599670126023,0.2369633125416929,verified_focus_dapi,/Volumes/Shihong_5/for_spatioev/pancreas_Xenium_example_data_from_10X/Xenium_V1_hPancreas_nondiseased_section_outs/morphology_focus.ome.tif,0,0.2125
odmlbeeh-1,382,17.249687499999997,859492.0,2249.979057591623,280.5276434216763,1696.0,1899.3,2208.5,2656.8,3004.0,389.0,1.0,6282.033728818884,1875.9068031319662,0.8088703021165816,0.17259698909999352,66494276.68315121,4.7313534968883495,0.47664024765074786,verified_focus_dapi,/Volumes/Shihong_5/for_spatioev/pancreas_Xenium_example_data_from_10X/Xenium_V1_hPancreas_nondiseased_section_outs/morphology_focus.ome.tif,0,0.2125
oegfblfc-1,747,33.73171875,1803486.0,2414.3052208835343,414.19600739628515,1417.0,1853.0,2443.0,2940.3999999999996,3660.0,497.0,1.0,6172.368990062856,1821.3502019075834,0.12717217419719729,0.0194051856341471,269416517.7950624,5.303936644469655,0.6345112154879543,verified_focus_dapi,/Volumes/Shihong_5/for_spatioev/pancreas_Xenium_example_data_from_10X/Xenium_V1_hPancreas_nondiseased_section_outs/morphology_focus.ome.tif,0,0.2125
oemjnbhp-1,500,22.578124999999996,781923.0,1563.846,318.9491217796343,795.0,1084.9,1622.5,1937.2,2115.0,455.75,1.0,6456.790412227291,1831.2506502878161,0.6861522931216334,0.12797393475971441,64026782.633006066,6.018393503989897,0.2502501662174844,verified_focus_dapi,/Volumes/Shihong_5/for_spatioev/pancreas_Xenium_example_data_from_10X/Xenium_V1_hPancreas_nondiseased_section_outs/morphology_focus.ome.tif,0,0.2125
ofbnlnol-1,563,25.422968749999995,763920.0,1356.873889875666,246.2115728911698,848.0,1018.0,1371.0,1679.6,1811.0,433.0,1.0,6200.186813802492,1796.2071131957534,0.5522926946037059,0.09707359367394848,63125433.69202927,6.178723227281473,0.24600558790901628,verified_focus_dapi,/Volumes/Shihong_5/for_spatioev/pancreas_Xenium_example_data_from_10X/Xenium_V1_hPancreas_nondiseased_section_outs/morphology_focus.ome.tif,0,0.2125
ogniekcm-1,357,16.120781249999997,813560.0,2278.8795518207285,470.8329582430125,834.0,1660.2,2362.0,2828.4,3068.0,617.0,1.0,5825.236427506883,2039.1995933459116,0.6582704586426746,0.14529687169028027,42759967.08618664,5.098584477720023,0.40640460178580834,verified_focus_dapi,/Volumes/Shihong_5/for_spatioev/pancreas_Xenium_example_data_from_10X/Xenium_V1_hPancreas_nondiseased_section_outs/morphology_focus.ome.tif,0,0.2125
ogniomha-1,295,13.32109375,374563.0,1269.7050847457626,258.7510245120003,701.0,911.4,1286.0,1570.8000000000002,1986.0,419.0,1.0,5846.338365541978,2041.3904387245937,0.3288122760135239,0.07984045837089285,16584834.1266863,5.407784632208331,0.2223864434852314,verified_focus_dapi,/Volumes/Shihong_5/for_spatioev/pancreas_Xenium_example_data_from_10X/Xenium_V1_hPancreas_nondiseased_section_outs/morphology_focus.ome.tif,0,0.2125
ohaahhmj-1,507,22.894218749999997,631146.0,1244.8639053254437,188.21903607593978,619.0,1037.8,1229.0,1488.8000000000002,1793.0,211.5,1.0,5846.114596068105,2091.6279121035386,0.2682997890853084,0.04969381717781101,62773260.30872255,4.997457233424861,0.5070584101256586,verified_focus_dapi,/Volumes/Shihong_5/for_spatioev/pancreas_Xenium_example_data_from_10X/Xenium_V1_hPancreas_nondiseased_section_outs/morphology_focus.ome.tif,0,0.2125
ohdddkoh-1,689,31.112656249999997,1521027.0,2207.586357039187,295.06135031968574,1064.0,1836.2,2234.0,2564.0,2931.0,364.0,1.0,5946.300427540076,2164.96421964403,0.34154075147677293,0.05426488974959702,172254090.87118113,6.093308243518537,0.2926145271455273,verified_focus_dapi,/Volumes/Shihong_5/for_spatioev/pancreas_Xenium_example_data_from_10X/Xenium_V1_hPancreas_nondiseased_section_outs/morphology_focus.ome.tif,0,0.2125
oihkfegj-1,511,23.074843749999996,1179285.0,2307.7984344422703,475.8789873942131,1083.0,1599.0,2395.0,2901.0,3092.0,694.0,1.0,5929.507772962006,1738.0521560733835,0.4482278180918196,0.08269406909591646,89288047.1221579,6.473013711442578,0.20191423137377318,verified_focus_dapi,/Volumes/Shihong_5/for_spatioev/pancreas_Xenium_example_data_from_10X/Xenium_V1_hPancreas_nondiseased_section_outs/morphology_focus.ome.tif,0,0.2125
