cell_id,dapi_n_pixels,dapi_area_um2,dapi_total_intensity,dapi_mean,dapi_std,dapi_min,dapi_p10,dapi_p50,dapi_p90,dapi_max,dapi_iqr,dapi_nonzero_fraction,dapi_intensity_centroid_x,dapi_intensity_centroid_y,dapi_centroid_shift_um,dapi_polarity_score,dapi_inertia,dapi_entropy,dapi_lacunarity,xenium_dapi_image_kind,xenium_dapi_image_path,xenium_dapi_channel_index,xenium_pixel_size_um
abohdblk-1,873,39.42140625,1189117.0,1362.1042382588773,195.6306321406512,901.0,1099.2,1359.0,1608.8000000000002,2090.0,254.0,1.0,6369.966112628109,2058.3095057824416,0.9002542447962573,0.12707030204505923,167258899.11543104,6.287321613061877,0.2746960627867566,verified_focus_dir0_dapi,/Volumes/Shihong_5/for_spatioev/pancreas_Xenium_example_data_from_10X/Xenium_V1_Human_Ductal_Adenocarcinoma_FFPE_outs/morphology_focus/morphology_focus_0000.ome.tif,0,0.2125
aenjoldd-1,1620,73.15312499999999,1600416.0,987.9111111111112,250.44716699693393,427.0,664.0,977.5,1322.1000000000001,1763.0,344.5,1.0,6638.679478648051,2507.2075834579887,0.4312729302675313,0.04468694842478014,426777862.87592167,6.819805702040905,0.3655111809864487,verified_focus_dir0_dapi,/Volumes/Shihong_5/for_spatioev/pancreas_Xenium_example_data_from_10X/Xenium_V1_Human_Ductal_Adenocarcinoma_FFPE_outs/morphology_focus/morphology_focus_0000.ome.tif,0,0.2125
afgngnan-1,634,28.629062499999996,1107308.0,1746.5425867507886,267.6455037811304,823.0,1423.6,1755.0,2070.4,2366.0,336.75,1.0,6592.67302190312,1929.9614427286715,0.31305924921983164,0.05185228706820537,115187811.83962457,6.225125909440411,0.2229613224140507,verified_focus_dir0_dapi,/Volumes/Shihong_5/for_spatioev/pancreas_Xenium_example_data_from_10X/Xenium_V1_Human_Ductal_Adenocarcinoma_FFPE_outs/morphology_focus/morphology_focus_0000.ome.tif,0,0.2125
aheeoiol-1,251,11.334218749999998,141827.0,565.0478087649402,118.95684420011771,316.0,413.0,551.0,737.0,832.0,176.0,1.0,6741.408733527466,1584.6584589852425,0.2641094365991841,0.06952373000680867,5273523.293223435,4.918979725852573,0.2712423825028592,verified_focus_dir0_dapi,/Volumes/Shihong_5/for_spatioev/pancreas_Xenium_example_data_from_10X/Xenium_V1_Human_Ductal_Adenocarcinoma_FFPE_outs/morphology_focus/morphology_focus_0000.ome.tif,0,0.2125
ajeaoebh-1,645,29.125781249999996,974010.0,1510.093023255814,275.25835762006784,941.0,1174.0,1499.0,1851.6,2515.0,341.0,1.0,5698.039029476083,2587.480353191959,0.05122166927731453,0.008411237127823266,121968581.66294904,5.249025666552696,0.46760085495068027,verified_focus_dir0_dapi,/Volumes/Shihong_5/for_spatioev/pancreas_Xenium_example_data_from_10X/Xenium_V1_Human_Ductal_Adenocarcinoma_FFPE_outs/morphology_focus/morphology_focus_0000.ome.tif,0,0.2125
ajogcphf-1,569,25.693906249999998,688273.0,1209.6186291739893,177.7899880866473,725.0,966.2,1224.0,1431.0,1725.0,243.0,1.0,5765.847733657284,2862.8159737851115,0.4222050712946044,0.07381647778137687,62319770.8634074,5.814312514594147,0.29042579849172345,verified_focus_dir0_dapi,/Volumes/Shihong_5/for_spatioev/pancreas_Xenium_example_data_from_10X/Xenium_V1_Human_Ductal_Adenocarcinoma_FFPE_outs/morphology_focus/morphology_focus_0000.ome.tif,0,0.2125
ajokbonc-1,740,33.415625,989007.0,1336.495945945946,251.0987288004188,703.0,1023.6,1327.5,1681.4,2059.0,340.0,1.0,5805.709634170941,2873.434287838711,0.34488924541163957,0.05287492915893824,121889137.77726144,6.440902208290862,0.22541831907312057,verified_focus_dir0_dapi,/Volumes/Shihong_5/for_spatioev/pancreas_Xenium_example_data_from_10X/Xenium_V1_Human_Ductal_Adenocarcinoma_FFPE_outs/morphology_focus/morphology_focus_0000.ome.tif,0,0.2125
akbnjgpd-1,694,31.338437499999998,378317.0,545.1253602305476,97.54310429484711,314.0,420.0,546.0,669.7,812.0,154.5,1.0,5880.731093864404,2683.183978581454,0.23291198563544213,0.03687212003549283,41634107.8790538,5.821646823494639,0.25605282897425224,verified_focus_dir0_dapi,/Volumes/Shihong_5/for_spatioev/pancreas_Xenium_example_data_from_10X/Xenium_V1_Human_Ductal_Adenocarcinoma_FFPE_outs/morphology_focus/morphology_focus_0000.ome.tif,0,0.2125
akgfdicc-1,557,25.152031249999997,392170.0,704.0754039497307,145.77989873226005,381.0,529.0,684.0,905.2,1193.0,205.0,1.0,5912.694542640947,2801.2605331871378,0.32969476396067204,0.05825999709956962,34989483.28185481,6.066827439311179,0.20653206169406557,verified_focus_dir0_dapi,/Volumes/Shihong_5/for_spatioev/pancreas_Xenium_example_data_from_10X/Xenium_V1_Human_Ductal_Adenocarcinoma_FFPE_outs/morphology_focus/morphology_focus_0000.ome.tif,0,0.2125
akgpbnfj-1,216,9.753749999999998,130249.0,603.0046296296297,142.57202525732015,320.0,400.0,602.5,799.0,921.0,220.75,1.0,5821.401240124685,2711.621534618308,0.1875039399567965,0.053207092622492576,5182281.039762301,4.065378146502799,0.47621747098640066,verified_focus_dir0_dapi,/Volumes/Shihong_5/for_spatioev/pancreas_Xenium_example_data_from_10X/Xenium_V1_Human_Ductal_Adenocarcinoma_FFPE_outs/morphology_focus/morphology_focus_0000.ome.tif,0,0.2125
akhdlafk-1,674,30.435312499999995,802431.0,1190.5504451038576,460.3460264545597,341.0,582.3,1148.5,1830.0,2276.0,758.25,1.0,5781.630900180202,2803.448968820995,0.6552419412657836,0.10525863805089944,75826735.73874637,6.568237530650298,0.4160839056846962,verified_focus_dir0_dapi,/Volumes/Shihong_5/for_spatioev/pancreas_Xenium_example_data_from_10X/Xenium_V1_Human_Ductal_Adenocarcinoma_FFPE_outs/morphology_focus/morphology_focus_0000.ome.tif,0,0.2125
akhfgick-1,669,30.209531249999998,1115278.0,1667.0822122571,331.86719676773134,890.0,1296.8,1626.0,2081.4000000000005,2803.0,362.0,1.0,5839.43742548943,2804.898464990343,0.08841681268134155,0.014256332061074796,132885746.92369166,5.826814824726367,0.3607506913424562,verified_focus_dir0_dapi,/Volumes/Shihong_5/for_spatioev/pancreas_Xenium_example_data_from_10X/Xenium_V1_Human_Ductal_Adenocarcinoma_FFPE_outs/morphology_focus/morphology_focus_0000.ome.tif,0,0.2125
akoepcod-1,950,42.89843749999999,627952.0,661.0021052631579,279.0768239746511,166.0,275.70000000000005,667.0,1015.1,1481.0,423.75,1.0,5784.459475704352,3189.79107467609,0.29634258923450696,0.04009759036285933,116081681.61968273,7.303141903663376,0.23404934161765092,verified_focus_dir0_dapi,/Volumes/Shihong_5/for_spatioev/pancreas_Xenium_example_data_from_10X/Xenium_V1_Human_Ductal_Adenocarcinoma_FFPE_outs/morphology_focus/morphology_focus_0000.ome.tif,0,0.2125
akoipenc-1,2697,121.78640624999998,2031785.0,753.3500185391175,262.59217749310557,261.0,442.6,715.0,1094.4,1824.0,342.0,1.0,5796.52284905268,3342.581288454487,0.7307262625153709,0.05868137065599445,846163922.3277266,7.165449462540042,0.45225071610853174,verified_focus_dir0_dapi,/Volumes/Shihong_5/for_spatioev/pancreas_Xenium_example_data_from_10X/Xenium_V1_Human_Ductal_Adenocarcinoma_FFPE_outs/morphology_focus/morphology_focus_0000.ome.tif,0,0.2125
amacgggl-1,367,16.572343749999998,425037.0,1158.1389645776567,168.37411239340952,743.0,939.4,1155.0,1377.4,1845.0,231.5,1.0,6454.216514503443,2007.9397891242409,0.09599900579918832,0.02089872106656108,24614484.01291182,5.544598967385063,0.21104844156790745,verified_focus_dir0_dapi,/Volumes/Shihong_5/for_spatioev/pancreas_Xenium_example_data_from_10X/Xenium_V1_Human_Ductal_Adenocarcinoma_FFPE_outs/morphology_focus/morphology_focus_0000.ome.tif,0,0.2125
amdbghih-1,229,10.34078125,539069.0,2354.0131004366813,670.7456613251085,903.0,1481.2,2405.0,3201.6000000000004,3864.0,1052.0,1.0,6484.415635011474,2480.295565665063,0.13956457137886616,0.03846302624720897,20757962.036930338,4.350251308808232,0.46582275646663723,verified_focus_dir0_dapi,/Volumes/Shihong_5/for_spatioev/pancreas_Xenium_example_data_from_10X/Xenium_V1_Human_Ductal_Adenocarcinoma_FFPE_outs/morphology_focus/morphology_focus_0000.ome.tif,0,0.2125
amgnpaoc-1,423,19.101093749999997,726160.0,1716.6903073286053,257.36192299871834,1117.0,1410.2,1698.0,2014.8,2621.0,317.0,1.0,6433.311835993444,2403.1520965248706,0.1084393877872424,0.021988868376906553,62869865.50368376,4.764704755899889,0.5242435804633007,verified_focus_dir0_dapi,/Volumes/Shihong_5/for_spatioev/pancreas_Xenium_example_data_from_10X/Xenium_V1_Human_Ductal_Adenocarcinoma_FFPE_outs/morphology_focus/morphology_focus_0000.ome.tif,0,0.2125
anaeffng-1,973,43.93703125,1483920.0,1525.0976361767728,415.9551493291135,584.0,908.6,1568.0,2058.0,2511.0,637.0,1.0,5973.6558800002695,2249.7394747526823,0.5420601047055243,0.07247313210152005,204025271.39290255,7.240868444546615,0.26440345105882707,verified_focus_dir0_dapi,/Volumes/Shihong_5/for_spatioev/pancreas_Xenium_example_data_from_10X/Xenium_V1_Human_Ductal_Adenocarcinoma_FFPE_outs/morphology_focus/morphology_focus_0000.ome.tif,0,0.2125
anbbadhn-1,875,39.51171874999999,503687.0,575.6422857142857,146.10858207092252,263.0,408.8,552.0,804.6,1057.0,178.0,1.0,5975.853326123168,2300.3271264694145,0.2907729671794855,0.04099548304337183,66408071.39220984,6.2769871290979555,0.2858799132524319,verified_focus_dir0_dapi,/Volumes/Shihong_5/for_spatioev/pancreas_Xenium_example_data_from_10X/Xenium_V1_Human_Ductal_Adenocarcinoma_FFPE_outs/morphology_focus/morphology_focus_0000.ome.tif,0,0.2125
aobflkoh-1,859,38.789218749999996,842310.0,980.570430733411,226.10047651848646,389.0,638.6,1016.0,1234.0,1557.0,288.5,1.0,4347.079498180598,3216.1506882115846,0.1815095767861222,0.02582789240596242,119500477.25125667,6.316646148988464,0.32695758291549404,verified_focus_dir0_dapi,/Volumes/Shihong_5/for_spatioev/pancreas_Xenium_example_data_from_10X/Xenium_V1_Human_Ductal_Adenocarcinoma_FFPE_outs/morphology_focus/morphology_focus_0000.ome.tif,0,0.2125
aoikgfam-1,906,40.911562499999995,1174495.0,1296.3520971302428,270.9120819750592,639.0,977.0,1263.5,1680.0,2133.0,296.5,1.0,4550.228977688283,3140.937360663519,0.1535581882213151,0.02127624030605771,179511025.1616976,6.240742684597603,0.36124485796587585,verified_focus_dir0_dapi,/Volumes/Shihong_5/for_spatioev/pancreas_Xenium_example_data_from_10X/Xenium_V1_Human_Ductal_Adenocarcinoma_FFPE_outs/morphology_focus/morphology_focus_0000.ome.tif,0,0.2125
apaknhlg-1,784,35.402499999999996,861529.0,1098.8890306122448,294.6950156120923,457.0,750.3,1031.0,1560.8000000000002,2104.0,378.0,1.0,4512.609601446962,3116.6737787845796,0.6270997447071557,0.09340381154689616,116793390.90050827,5.841010169269799,0.45501403733201756,verified_focus_dir0_dapi,/Volumes/Shihong_5/for_spatioev/pancreas_Xenium_example_data_from_10X/Xenium_V1_Human_Ductal_Adenocarcinoma_FFPE_outs/morphology_focus/morphology_focus_0000.ome.tif,0,0.2125
apaplmpk-1,448,20.229999999999997,512060.0,1142.9910714285713,171.3382200052467,768.0,920.9,1128.0,1373.2,1634.0,243.0,1.0,4501.050141829082,3121.2830068009607,0.5923003805304409,0.11670487853861383,42754141.206028596,5.708198875016091,0.22189102961213036,verified_focus_dir0_dapi,/Volumes/Shihong_5/for_spatioev/pancreas_Xenium_example_data_from_10X/Xenium_V1_Human_Ductal_Adenocarcinoma_FFPE_outs/morphology_focus/morphology_focus_0000.ome.tif,0,0.2125
cdcgnhib-1,735,33.189843749999994,1047854.0,1425.6517006802721,269.5540707444998,823.0,1036.4,1441.0,1743.0,2250.0,335.5,1.0,6250.406567291339,2483.6808944399695,0.2268189997019596,0.03489167090321571,150832389.4533876,6.415980760257569,0.22712771519097127,verified_focus_dir0_dapi,/Volumes/Shihong_5/for_spatioev/pancreas_Xenium_example_data_from_10X/Xenium_V1_Human_Ductal_Adenocarcinoma_FFPE_outs/morphology_focus/morphology_focus_0000.ome.tif,0,0.2125
cjbaafda-1,841,37.97640625,1037232.0,1233.331747919144,332.9399870978499,499.0,849.0,1177.0,1753.0,2247.0,448.0,1.0,3420.5190901601572,2470.9192912964504,0.2762779956705299,0.03973143994699296,141410465.8438112,6.707399170183154,0.2641806404380564,verified_focus_dir0_dapi,/Volumes/Shihong_5/for_spatioev/pancreas_Xenium_example_data_from_10X/Xenium_V1_Human_Ductal_Adenocarcinoma_FFPE_outs/morphology_focus/morphology_focus_0000.ome.tif,0,0.2125
ckinaddl-1,699,31.564218749999995,930724.0,1331.507868383405,310.72398892176074,786.0,1000.0,1256.0,1819.4,2415.0,354.0,1.0,5751.112322033707,2540.2976919849493,0.6399800792999017,0.1009517552210024,117095247.45934457,6.171704972057653,0.29261155932080124,verified_focus_dir0_dapi,/Volumes/Shihong_5/for_spatioev/pancreas_Xenium_example_data_from_10X/Xenium_V1_Human_Ductal_Adenocarcinoma_FFPE_outs/morphology_focus/morphology_focus_0000.ome.tif,0,0.2125
clbfgbno-1,1297,58.56765624999999,1689792.0,1302.846569005397,216.60460811918867,726.0,1026.0,1293.0,1592.4,1892.0,327.0,1.0,6052.412588220917,2243.1605742452325,0.22537061997647648,0.02609836602018403,395197986.99408686,6.7489371423159845,0.2860074361565117,verified_focus_dir0_dapi,/Volumes/Shihong_5/for_spatioev/pancreas_Xenium_example_data_from_10X/Xenium_V1_Human_Ductal_Adenocarcinoma_FFPE_outs/morphology_focus/morphology_focus_0000.ome.tif,0,0.2125
clbjfebp-1,480,21.674999999999997,491364.0,1023.675,175.62896080942915,615.0,813.7,1003.0,1271.3000000000002,1565.0,234.75,1.0,6032.332401564828,2277.6772764691755,0.3844327153100231,0.07317887467451852,36783058.808994964,6.028508465941883,0.1738276786093778,verified_focus_dir0_dapi,/Volumes/Shihong_5/for_spatioev/pancreas_Xenium_example_data_from_10X/Xenium_V1_Human_Ductal_Adenocarcinoma_FFPE_outs/morphology_focus/morphology_focus_0000.ome.tif,0,0.2125
edleednl-1,910,41.092187499999994,1493480.0,1641.1868131868132,461.6372466758024,654.0,1127.9,1585.5,2303.1,3014.0,596.25,1.0,5490.424461475882,4819.759505031872,0.1128565882155257,0.01560242943393108,210545819.76438922,6.7111952050356125,0.3263996690137527,verified_focus_dir0_dapi,/Volumes/Shihong_5/for_spatioev/pancreas_Xenium_example_data_from_10X/Xenium_V1_Human_Ductal_Adenocarcinoma_FFPE_outs/morphology_focus/morphology_focus_0000.ome.tif,0,0.2125
eeacibem-1,1461,65.97328125,850099.0,581.8610540725531,274.8403043177351,161.0,283.0,516.0,953.0,1581.0,372.0,1.0,5978.571979204775,4868.490733020507,0.7048122650072428,0.07690141860093355,249122146.5201159,6.771917044836794,0.42864156850698754,verified_focus_dir0_dapi,/Volumes/Shihong_5/for_spatioev/pancreas_Xenium_example_data_from_10X/Xenium_V1_Human_Ductal_Adenocarcinoma_FFPE_outs/morphology_focus/morphology_focus_0000.ome.tif,0,0.2125
eeagllli-1,2076,93.74437499999999,1335199.0,643.1594412331407,174.7834914815626,227.0,420.5,630.5,872.0,1211.0,243.75,1.0,5999.333589412515,4877.430897201466,0.2748817512655747,0.02516044052530027,495392428.8612064,7.300103687252167,0.25872237837417317,verified_focus_dir0_dapi,/Volumes/Shihong_5/for_spatioev/pancreas_Xenium_example_data_from_10X/Xenium_V1_Human_Ductal_Adenocarcinoma_FFPE_outs/morphology_focus/morphology_focus_0000.ome.tif,0,0.2125
eefdfmnf-1,1075,48.54296874999999,2347547.0,2183.764651162791,617.7692573352929,815.0,1486.4,2046.0,3114.6,4391.0,704.0,1.0,5311.0302750541305,5041.509015250813,0.3858697957929618,0.04908203484111907,427129581.9709697,6.167976406041749,0.5581905867488808,verified_focus_dir0_dapi,/Volumes/Shihong_5/for_spatioev/pancreas_Xenium_example_data_from_10X/Xenium_V1_Human_Ductal_Adenocarcinoma_FFPE_outs/morphology_focus/morphology_focus_0000.ome.tif,0,0.2125
eejfofjk-1,950,42.89843749999999,1682123.0,1770.6557894736843,415.729629298909,938.0,1190.9,1841.5,2263.0,2521.0,809.75,1.0,5240.92173753792,4859.939624079214,0.8636369527939959,0.11685718493860464,273623232.8564998,6.19953302201226,0.46024116075088184,verified_focus_dir0_dapi,/Volumes/Shihong_5/for_spatioev/pancreas_Xenium_example_data_from_10X/Xenium_V1_Human_Ductal_Adenocarcinoma_FFPE_outs/morphology_focus/morphology_focus_0000.ome.tif,0,0.2125
eemmidoc-1,201,9.07640625,682720.0,3396.6169154228855,716.4122868076684,1482.0,2401.0,3498.0,4328.0,4679.0,994.0,1.0,5324.979504170817,4965.153346613545,0.30585876144992635,0.08997231667038838,25180040.587554194,4.927166677396321,0.21656021030852476,verified_focus_dir0_dapi,/Volumes/Shihong_5/for_spatioev/pancreas_Xenium_example_data_from_10X/Xenium_V1_Human_Ductal_Adenocarcinoma_FFPE_outs/morphology_focus/morphology_focus_0000.ome.tif,0,0.2125
eenghajm-1,189,8.534531249999999,210992.0,1116.3597883597884,391.21703697977625,387.0,611.2,1074.0,1668.4,1901.0,621.0,1.0,5256.069562056855,4995.730632500285,0.31782288634769457,0.09641403785347871,5532120.839567376,4.722371940812549,0.3359116924846136,verified_focus_dir0_dapi,/Volumes/Shihong_5/for_spatioev/pancreas_Xenium_example_data_from_10X/Xenium_V1_Human_Ductal_Adenocarcinoma_FFPE_outs/morphology_focus/morphology_focus_0000.ome.tif,0,0.2125
eeoplbdj-1,743,33.55109375,2168960.0,2919.1924629878868,1075.530844222774,1074.0,1627.0,2695.0,4496.800000000001,5535.0,1808.0,1.0,5247.5455889228015,4972.416559341805,0.5244855798071059,0.08024632486316711,261450215.09340516,6.416406323998837,0.47983977769862923,verified_focus_dir0_dapi,/Volumes/Shihong_5/for_spatioev/pancreas_Xenium_example_data_from_10X/Xenium_V1_Human_Ductal_Adenocarcinoma_FFPE_outs/morphology_focus/morphology_focus_0000.ome.tif,0,0.2125
efckbecm-1,150,6.773437499999999,184646.0,1230.9733333333334,258.9701642188836,632.0,846.4,1268.0,1556.1,1696.0,394.5,1.0,5362.484546781408,4455.994587887092,0.26328931827067253,0.08965481459409397,7036285.589484745,3.9120018568517607,0.3290231715338675,verified_focus_dir0_dapi,/Volumes/Shihong_5/for_spatioev/pancreas_Xenium_example_data_from_10X/Xenium_V1_Human_Ductal_Adenocarcinoma_FFPE_outs/morphology_focus/morphology_focus_0000.ome.tif,0,0.2125
efgajdee-1,197,8.895781249999999,409872.0,2080.568527918782,579.6280635066179,652.0,1343.6,2108.0,2835.2000000000003,3298.0,887.0,1.0,5984.257586880782,4906.04640317587,0.11596229912126368,0.03445638492963718,11140614.990492154,5.1089567376083815,0.22864051789665354,verified_focus_dir0_dapi,/Volumes/Shihong_5/for_spatioev/pancreas_Xenium_example_data_from_10X/Xenium_V1_Human_Ductal_Adenocarcinoma_FFPE_outs/morphology_focus/morphology_focus_0000.ome.tif,0,0.2125
efjehmgk-1,656,29.622499999999995,2497185.0,3806.684451219512,977.7545296474163,1104.0,2397.5,3914.5,5027.5,5792.0,1259.0,1.0,5965.587500560631,4919.797815760547,0.45481860218181674,0.0740580556513039,273934439.48621345,5.4081376111177395,0.6208325703745734,verified_focus_dir0_dapi,/Volumes/Shihong_5/for_spatioev/pancreas_Xenium_example_data_from_10X/Xenium_V1_Human_Ductal_Adenocarcinoma_FFPE_outs/morphology_focus/morphology_focus_0000.ome.tif,0,0.2125
efjoflcg-1,2334,105.39468749999999,2477209.0,1061.3577549271636,640.7477350167926,202.0,364.0,851.5,2059.4000000000005,2946.0,906.5,1.0,5961.2725817038445,5002.753222739785,1.4265549834000215,0.12314707351942453,902782454.4450946,7.395996798776888,0.8176741302324938,verified_focus_dir0_dapi,/Volumes/Shihong_5/for_spatioev/pancreas_Xenium_example_data_from_10X/Xenium_V1_Human_Ductal_Adenocarcinoma_FFPE_outs/morphology_focus/morphology_focus_0000.ome.tif,0,0.2125
eflidofn-1,347,15.669218749999999,731009.0,2106.6541786743514,448.82508964991405,977.0,1471.2,2117.0,2705.2000000000003,3119.0,537.0,1.0,6087.508803807477,4941.782163078703,0.3415852549742559,0.07647515825443539,41189167.686592095,5.228387612393148,0.35789159298907497,verified_focus_dir0_dapi,/Volumes/Shihong_5/for_spatioev/pancreas_Xenium_example_data_from_10X/Xenium_V1_Human_Ductal_Adenocarcinoma_FFPE_outs/morphology_focus/morphology_focus_0000.ome.tif,0,0.2125
efmelbep-1,105,4.74140625,81092.0,772.3047619047619,170.00482479481204,519.0,592.4,724.0,1024.6,1304.0,160.0,1.0,5547.789731416169,4547.871943132492,0.13032065905725293,0.05304013543938725,1752860.5577245597,3.896184843711922,0.16017020540451632,verified_focus_dir0_dapi,/Volumes/Shihong_5/for_spatioev/pancreas_Xenium_example_data_from_10X/Xenium_V1_Human_Ductal_Adenocarcinoma_FFPE_outs/morphology_focus/morphology_focus_0000.ome.tif,0,0.2125
efpllngm-1,1447,65.34109375,3073797.0,2124.255010366275,538.9100167481288,626.0,1383.0,2169.0,2816.0,3323.0,835.5,1.0,5578.309529171087,4560.780348059745,0.49575523166953056,0.05435244017866002,725795761.9433722,7.121154769100978,0.3814559771824871,verified_focus_dir0_dapi,/Volumes/Shihong_5/for_spatioev/pancreas_Xenium_example_data_from_10X/Xenium_V1_Human_Ductal_Adenocarcinoma_FFPE_outs/morphology_focus/morphology_focus_0000.ome.tif,0,0.2125
egbfhaee-1,593,26.777656249999996,323084.0,544.8296795952782,103.1083992015234,316.0,412.0,534.0,688.6000000000001,827.0,158.0,1.0,5194.974249498582,4610.299059803332,0.1795081497137902,0.03074275825720691,28266497.067558285,5.981103544278266,0.24438380006928104,verified_focus_dir0_dapi,/Volumes/Shihong_5/for_spatioev/pancreas_Xenium_example_data_from_10X/Xenium_V1_Human_Ductal_Adenocarcinoma_FFPE_outs/morphology_focus/morphology_focus_0000.ome.tif,0,0.2125
egbiogpn-1,662,29.893437499999997,499965.0,755.2341389728097,296.2798156588748,255.0,378.1,759.5,1159.6999999999998,1461.0,518.25,1.0,5341.986532982309,4687.659150315522,0.8611881470937247,0.13959024046354052,82876224.58509697,4.792042834443423,0.914950065042542,verified_focus_dir0_dapi,/Volumes/Shihong_5/for_spatioev/pancreas_Xenium_example_data_from_10X/Xenium_V1_Human_Ductal_Adenocarcinoma_FFPE_outs/morphology_focus/morphology_focus_0000.ome.tif,0,0.2125
egdifnen-1,829,37.43453125,675569.0,814.9203860072377,366.64934577455296,275.0,441.8,717.0,1305.0000000000007,2199.0,407.0,1.0,5321.464977060078,4567.018958352144,0.39142459881956704,0.05669657916286083,95729921.4444387,6.343401130057356,0.4360268250515789,verified_focus_dir0_dapi,/Volumes/Shihong_5/for_spatioev/pancreas_Xenium_example_data_from_10X/Xenium_V1_Human_Ductal_Adenocarcinoma_FFPE_outs/morphology_focus/morphology_focus_0000.ome.tif,0,0.2125
egedjmhk-1,312,14.08875,798650.0,2559.775641025641,974.1394760986847,759.0,1119.1000000000001,2849.0,3652.3000000000006,4107.0,1814.75,1.0,5247.0782714267825,4707.711452310148,0.3347997612629598,0.0790485392456746,33635424.600444496,5.094624186354201,0.48233113725652427,verified_focus_dir0_dapi,/Volumes/Shihong_5/for_spatioev/pancreas_Xenium_example_data_from_10X/Xenium_V1_Human_Ductal_Adenocarcinoma_FFPE_outs/morphology_focus/morphology_focus_0000.ome.tif,0,0.2125
egpnibil-1,580,26.190624999999997,618024.0,1065.558620689655,178.53170783237854,664.0,822.9,1069.0,1286.2,1645.0,221.5,1.0,5589.326311660227,4799.288159723571,0.6133751730417191,0.10621802036890643,64679730.68682607,6.170497754978938,0.16711372278428438,verified_focus_dir0_dapi,/Volumes/Shihong_5/for_spatioev/pancreas_Xenium_example_data_from_10X/Xenium_V1_Human_Ductal_Adenocarcinoma_FFPE_outs/morphology_focus/morphology_focus_0000.ome.tif,0,0.2125
ehhcmgmd-1,2445,110.40703124999999,2840334.0,1161.6907975460122,670.2248160019476,274.0,392.0,1101.0,2041.1999999999994,4139.0,950.0,1.0,5268.258720668942,4399.762868156527,1.195259158423599,0.10081116988554116,1099296262.0953994,7.700526638684839,0.6449886091254566,verified_focus_dir0_dapi,/Volumes/Shihong_5/for_spatioev/pancreas_Xenium_example_data_from_10X/Xenium_V1_Human_Ductal_Adenocarcinoma_FFPE_outs/morphology_focus/morphology_focus_0000.ome.tif,0,0.2125
ehilbgkk-1,173,7.8120312499999995,198057.0,1144.8381502890174,275.22761434969567,506.0,766.0,1164.0,1486.6000000000001,1714.0,480.0,1.0,5284.324222256724,4454.599130111534,0.0352436204426551,0.011174895489240748,5541122.374033738,4.51610514077693,0.2896936029450953,verified_focus_dir0_dapi,/Volumes/Shihong_5/for_spatioev/pancreas_Xenium_example_data_from_10X/Xenium_V1_Human_Ductal_Adenocarcinoma_FFPE_outs/morphology_focus/morphology_focus_0000.ome.tif,0,0.2125
eifepnjb-1,1741,78.61703125,2524374.0,1449.9563469270533,520.3105856158838,417.0,804.0,1377.0,2195.0,2839.0,800.0,1.0,5055.326472830492,4611.729675035276,1.068011474636677,0.10674868639530052,740517485.1428137,7.05257431425458,0.4845555082634253,verified_focus_dir0_dapi,/Volumes/Shihong_5/for_spatioev/pancreas_Xenium_example_data_from_10X/Xenium_V1_Human_Ductal_Adenocarcinoma_FFPE_outs/morphology_focus/morphology_focus_0000.ome.tif,0,0.2125
ejafblfg-1,2339,105.62046874999999,2411320.0,1030.9191962377083,304.81443112352497,303.0,630.8,1032.0,1416.2000000000003,2189.0,372.0,1.0,5157.1303227278,4758.706138479132,0.31650561894572093,0.0272930656518676,1067421617.1859126,6.219327945738641,0.708369398274084,verified_focus_dir0_dapi,/Volumes/Shihong_5/for_spatioev/pancreas_Xenium_example_data_from_10X/Xenium_V1_Human_Ductal_Adenocarcinoma_FFPE_outs/morphology_focus/morphology_focus_0000.ome.tif,0,0.2125
ejeidglo-1,2081,93.97015624999999,2524961.0,1213.3402210475733,428.29460052152814,518.0,775.0,1109.0,1874.0,2704.0,464.0,1.0,5194.29256747431,4630.535168058041,1.3482698081802638,0.12326130904441268,963734381.4464366,6.574476056985415,0.5803035395953939,verified_focus_dir0_dapi,/Volumes/Shihong_5/for_spatioev/pancreas_Xenium_example_data_from_10X/Xenium_V1_Human_Ductal_Adenocarcinoma_FFPE_outs/morphology_focus/morphology_focus_0000.ome.tif,0,0.2125
ekodjeng-1,246,11.108437499999999,382669.0,1555.5650406504064,493.7483166971393,578.0,878.5,1601.5,2191.0,2513.0,796.75,1.0,5136.827045370803,3865.058011166308,0.2515981946696443,0.06689997774128513,14113063.01412448,4.966452849532259,0.33400158133295266,verified_focus_dir0_dapi,/Volumes/Shihong_5/for_spatioev/pancreas_Xenium_example_data_from_10X/Xenium_V1_Human_Ductal_Adenocarcinoma_FFPE_outs/morphology_focus/morphology_focus_0000.ome.tif,0,0.2125
eliifekl-1,1441,65.07015625,1732841.0,1202.526717557252,382.3334753115022,503.0,784.0,1130.0,1739.0,2752.0,489.0,1.0,5671.261499316729,3948.7224924055354,0.3364646701842076,0.03696523611554818,407191573.49570096,7.051430262378439,0.34365230998264196,verified_focus_dir0_dapi,/Volumes/Shihong_5/for_spatioev/pancreas_Xenium_example_data_from_10X/Xenium_V1_Human_Ductal_Adenocarcinoma_FFPE_outs/morphology_focus/morphology_focus_0000.ome.tif,0,0.2125
elkfblhe-1,1365,61.63828124999999,1057644.0,774.8307692307692,308.94166964611725,247.0,381.4,761.0,1186.0,1696.0,492.0,1.0,5821.415329472866,4199.946263960274,0.9086899773591631,0.10257355758381778,259563898.74054787,7.145340383547448,0.33480595221087145,verified_focus_dir0_dapi,/Volumes/Shihong_5/for_spatioev/pancreas_Xenium_example_data_from_10X/Xenium_V1_Human_Ductal_Adenocarcinoma_FFPE_outs/morphology_focus/morphology_focus_0000.ome.tif,0,0.2125
elmgidgb-1,1135,51.252343749999994,859755.0,757.4933920704846,346.6600153693742,228.0,378.0,663.0,1283.4,1810.0,552.0,1.0,5703.056970910317,4196.081200269263,0.7398793776120165,0.09159019804476862,155102512.35367984,6.746620324210698,0.522492456695329,verified_focus_dir0_dapi,/Volumes/Shihong_5/for_spatioev/pancreas_Xenium_example_data_from_10X/Xenium_V1_Human_Ductal_Adenocarcinoma_FFPE_outs/morphology_focus/morphology_focus_0000.ome.tif,0,0.2125
elnmneie-1,1667,75.27546874999999,2177687.0,1306.3509298140373,392.28835490357943,266.0,717.0000000000001,1385.0,1685.2000000000003,2783.0,479.0,1.0,5767.262539399601,4317.72323663823,1.2840402849338632,0.13115862518118576,741211284.094885,5.82569732738997,0.7080233256393379,verified_focus_dir0_dapi,/Volumes/Shihong_5/for_spatioev/pancreas_Xenium_example_data_from_10X/Xenium_V1_Human_Ductal_Adenocarcinoma_FFPE_outs/morphology_focus/morphology_focus_0000.ome.tif,0,0.2125
emdhpmld-1,3788,171.05187499999997,4928280.0,1301.0242872228089,436.70801169398374,402.0,823.0,1252.0,1826.3000000000002,3017.0,559.0,1.0,5729.148737107571,3817.1817065436626,1.3238934328698635,0.08970859378405839,3095064444.1391063,7.189320282095132,0.5869720594795639,verified_focus_dir0_dapi,/Volumes/Shihong_5/for_spatioev/pancreas_Xenium_example_data_from_10X/Xenium_V1_Human_Ductal_Adenocarcinoma_FFPE_outs/morphology_focus/morphology_focus_0000.ome.tif,0,0.2125
emmpdilj-1,1417,63.986406249999995,1392198.0,982.4968242766408,233.56219144567686,467.0,712.0,952.0,1317.4,1794.0,320.0,1.0,5055.884879539405,4292.039780234205,0.6457527834529033,0.0715430363430512,532408254.87065274,4.393320362888476,1.2803625408448327,verified_focus_dir0_dapi,/Volumes/Shihong_5/for_spatioev/pancreas_Xenium_example_data_from_10X/Xenium_V1_Human_Ductal_Adenocarcinoma_FFPE_outs/morphology_focus/morphology_focus_0000.ome.tif,0,0.2125
enidpfld-1,1143,51.61359374999999,1208707.0,1057.4864391951005,225.88229566722268,611.0,769.2,1052.0,1364.0,1802.0,310.5,1.0,5403.226963141191,4106.146108248318,0.33169270669553247,0.040916531688406144,231533022.65709886,6.454666665928857,0.3421780288132583,verified_focus_dir0_dapi,/Volumes/Shihong_5/for_spatioev/pancreas_Xenium_example_data_from_10X/Xenium_V1_Human_Ductal_Adenocarcinoma_FFPE_outs/morphology_focus/morphology_focus_0000.ome.tif,0,0.2125
enljcddb-1,310,13.998437499999998,185456.0,598.2451612903226,114.1380229504546,337.0,442.0,604.5,753.2,858.0,140.25,1.0,5408.194962888771,3821.3488398865497,0.37947960326290947,0.08988631932310154,19576161.794102106,3.1892769771118856,1.243309564731768,verified_focus_dir0_dapi,/Volumes/Shihong_5/for_spatioev/pancreas_Xenium_example_data_from_10X/Xenium_V1_Human_Ductal_Adenocarcinoma_FFPE_outs/morphology_focus/morphology_focus_0000.ome.tif,0,0.2125
ennmkcnp-1,816,36.8475,1528436.0,1873.0833333333333,424.66436910681466,728.0,1341.5,1858.0,2427.0,3005.0,596.75,1.0,5496.630344769097,4203.766691784936,0.6389192570497183,0.09327964936087663,241545552.52341545,5.225604322052511,0.7031030176634595,verified_focus_dir0_dapi,/Volumes/Shihong_5/for_spatioev/pancreas_Xenium_example_data_from_10X/Xenium_V1_Human_Ductal_Adenocarcinoma_FFPE_outs/morphology_focus/morphology_focus_0000.ome.tif,0,0.2125
ennofnoi-1,275,12.417968749999998,625723.0,2275.3563636363638,339.68035817843725,1023.0,1840.4,2301.0,2686.2,2998.0,333.5,1.0,5509.141427416764,4179.135599518477,0.3996498207815389,0.10050768776850495,29417826.893372945,4.8437515908902045,0.28743928030381455,verified_focus_dir0_dapi,/Volumes/Shihong_5/for_spatioev/pancreas_Xenium_example_data_from_10X/Xenium_V1_Human_Ductal_Adenocarcinoma_FFPE_outs/morphology_focus/morphology_focus_0000.ome.tif,0,0.2125
enppniad-1,1582,71.4371875,1846462.0,1167.1694058154235,269.43155336081776,422.0,848.1,1152.0,1525.0,2197.0,327.75,1.0,5573.2297447699975,4192.6469682222,1.3110421950358297,0.13746731055815214,553426252.8248694,5.758704613854935,0.6789264848076655,verified_focus_dir0_dapi,/Volumes/Shihong_5/for_spatioev/pancreas_Xenium_example_data_from_10X/Xenium_V1_Human_Ductal_Adenocarcinoma_FFPE_outs/morphology_focus/morphology_focus_0000.ome.tif,0,0.2125
eoehdoea-1,224,10.114999999999998,565694.0,2525.4196428571427,443.01025138075966,1299.0,1813.9,2651.0,3023.5000000000005,3258.0,571.0,1.0,5633.013997099139,3783.660914801111,0.37103577085780515,0.10338981977302061,18886472.528845984,4.512725801552359,0.348999748630833,verified_focus_dir0_dapi,/Volumes/Shihong_5/for_spatioev/pancreas_Xenium_example_data_from_10X/Xenium_V1_Human_Ductal_Adenocarcinoma_FFPE_outs/morphology_focus/morphology_focus_0000.ome.tif,0,0.2125
eofennci-1,1960,88.50625,2470751.0,1260.5872448979592,367.9447489864411,518.0,821.9,1224.5,1760.2000000000003,2572.0,482.0,1.0,5503.064084594117,3993.599064075052,0.23811890683041229,0.02243116607130651,747377528.338064,7.8236732628819965,0.26006680767765245,verified_focus_dir0_dapi,/Volumes/Shihong_5/for_spatioev/pancreas_Xenium_example_data_from_10X/Xenium_V1_Human_Ductal_Adenocarcinoma_FFPE_outs/morphology_focus/morphology_focus_0000.ome.tif,0,0.2125
eoglibgg-1,664,29.983749999999997,688382.0,1036.7198795180723,233.87707839285116,460.0,746.2,1018.0,1341.1000000000001,1788.0,290.75,1.0,5565.418272231116,4038.439009390862,0.37611023222546186,0.06087193612132862,74370877.25137061,5.582766822594891,0.44530299257778466,verified_focus_dir0_dapi,/Volumes/Shihong_5/for_spatioev/pancreas_Xenium_example_data_from_10X/Xenium_V1_Human_Ductal_Adenocarcinoma_FFPE_outs/morphology_focus/morphology_focus_0000.ome.tif,0,0.2125
epdjnglg-1,1826,82.45531249999999,1636551.0,896.249178532311,358.28737970143885,317.0,516.5,839.5,1346.0,2439.0,416.75,1.0,5457.260048655679,4160.861536754735,0.7213553387844884,0.07040197944398287,510077592.2667867,7.312786110182638,0.4019060693654351,verified_focus_dir0_dapi,/Volumes/Shihong_5/for_spatioev/pancreas_Xenium_example_data_from_10X/Xenium_V1_Human_Ductal_Adenocarcinoma_FFPE_outs/morphology_focus/morphology_focus_0000.ome.tif,0,0.2125
epdmenok-1,3156,142.51312499999997,2782395.0,881.6207224334601,258.2351829192209,339.0,578.5,857.0,1237.5,1840.0,329.0,1.0,5479.117010264538,4200.018971942337,1.6785964351052016,0.12461313023756462,1734044461.838288,6.421772592457747,0.6098420680887581,verified_focus_dir0_dapi,/Volumes/Shihong_5/for_spatioev/pancreas_Xenium_example_data_from_10X/Xenium_V1_Human_Ductal_Adenocarcinoma_FFPE_outs/morphology_focus/morphology_focus_0000.ome.tif,0,0.2125
epeknfbl-1,1060,47.865624999999994,1421074.0,1340.6358490566038,318.9321768524247,734.0,938.9,1313.0,1764.1,2388.0,436.75,1.0,5337.773857941247,3831.87227046234,0.22763081045479466,0.029158428797896912,271145198.00465846,6.325126891625945,0.3948527436809782,verified_focus_dir0_dapi,/Volumes/Shihong_5/for_spatioev/pancreas_Xenium_example_data_from_10X/Xenium_V1_Human_Ductal_Adenocarcinoma_FFPE_outs/morphology_focus/morphology_focus_0000.ome.tif,0,0.2125
epfdbpfm-1,417,18.830156249999998,726451.0,1742.0887290167866,437.0796088280723,711.0,1101.0,1788.0,2265.2000000000003,2491.0,749.0,1.0,5298.709401700872,3740.1738057177977,0.11063114429715032,0.02259411751696741,44355089.11435734,5.851217075182283,0.291572542202002,verified_focus_dir0_dapi,/Volumes/Shihong_5/for_spatioev/pancreas_Xenium_example_data_from_10X/Xenium_V1_Human_Ductal_Adenocarcinoma_FFPE_outs/morphology_focus/morphology_focus_0000.ome.tif,0,0.2125
epgbfcko-1,1005,45.38203125,1138998.0,1133.331343283582,313.32816338915734,507.0,743.8,1102.0,1554.6,2086.0,455.0,1.0,5325.933843924659,4186.226580182757,0.48213620941111174,0.0634267888333982,212487678.24905488,6.032155879591684,0.5332671344631756,verified_focus_dir0_dapi,/Volumes/Shihong_5/for_spatioev/pancreas_Xenium_example_data_from_10X/Xenium_V1_Human_Ductal_Adenocarcinoma_FFPE_outs/morphology_focus/morphology_focus_0000.ome.tif,0,0.2125
epglijcj-1,1309,59.109531249999996,705813.0,539.2001527883881,194.85440208968237,245.0,307.8,515.0,817.6000000000001,1139.0,314.0,1.0,5329.828392860431,4132.025243035337,0.41923010115138276,0.04832464150442911,179485011.50308934,6.6788110675581045,0.32091954053429694,verified_focus_dir0_dapi,/Volumes/Shihong_5/for_spatioev/pancreas_Xenium_example_data_from_10X/Xenium_V1_Human_Ductal_Adenocarcinoma_FFPE_outs/morphology_focus/morphology_focus_0000.ome.tif,0,0.2125
fallnmdl-1,349,15.759531249999998,456761.0,1308.7707736389684,517.9965418507305,337.0,691.2,1256.0,2136.2,2714.0,666.0,1.0,5274.770542444517,3625.404355259096,0.22478420021924944,0.050180972636837316,23805691.217240527,5.605648423069521,0.29445994327867225,verified_focus_dir0_dapi,/Volumes/Shihong_5/for_spatioev/pancreas_Xenium_example_data_from_10X/Xenium_V1_Human_Ductal_Adenocarcinoma_FFPE_outs/morphology_focus/morphology_focus_0000.ome.tif,0,0.2125
falpfimd-1,112,5.057499999999999,181303.0,1618.7767857142858,417.2523369322006,774.0,979.7,1706.5,2126.6,2216.0,732.5,1.0,5276.687102598964,3457.619937066678,0.21625453168406966,0.08522013384834244,2856610.8838574104,4.120411897682836,0.2201935596952597,verified_focus_dir0_dapi,/Volumes/Shihong_5/for_spatioev/pancreas_Xenium_example_data_from_10X/Xenium_V1_Human_Ductal_Adenocarcinoma_FFPE_outs/morphology_focus/morphology_focus_0000.ome.tif,0,0.2125
fbhbfpbk-1,312,14.08875,298999.0,958.3301282051282,179.8462929623273,519.0,688.0,991.0,1193.8000000000002,1322.0,260.25,1.0,5356.38101369068,3505.0465466439687,0.42764265541988317,0.10096938869538873,18583690.78895916,5.1319919214773755,0.29058507286487956,verified_focus_dir0_dapi,/Volumes/Shihong_5/for_spatioev/pancreas_Xenium_example_data_from_10X/Xenium_V1_Human_Ductal_Adenocarcinoma_FFPE_outs/morphology_focus/morphology_focus_0000.ome.tif,0,0.2125
fbmajfnc-1,405,18.288281249999997,246841.0,609.483950617284,158.6468797627823,249.0,354.20000000000005,648.0,785.0,934.0,227.0,1.0,5513.598728179273,3601.945139178661,0.39552899676188247,0.08196658143064514,15508286.779295174,5.982276610056495,0.1633631367726561,verified_focus_dir0_dapi,/Volumes/Shihong_5/for_spatioev/pancreas_Xenium_example_data_from_10X/Xenium_V1_Human_Ductal_Adenocarcinoma_FFPE_outs/morphology_focus/morphology_focus_0000.ome.tif,0,0.2125
fbmeljeb-1,546,24.655312499999997,804638.0,1473.6959706959708,272.9930949868597,801.0,1155.0,1444.5,1862.0,2375.0,394.5,1.0,5536.569048597009,3676.0981145713968,0.5960804225528814,0.10638846509201966,97422394.55726054,4.6304254344200535,0.7044223186763844,verified_focus_dir0_dapi,/Volumes/Shihong_5/for_spatioev/pancreas_Xenium_example_data_from_10X/Xenium_V1_Human_Ductal_Adenocarcinoma_FFPE_outs/morphology_focus/morphology_focus_0000.ome.tif,0,0.2125
fbmgcjpe-1,1160,52.381249999999994,1390422.0,1198.6396551724138,317.57115870503793,544.0,824.0,1145.0,1643.1000000000001,2217.0,495.0,1.0,5543.735152115689,3653.156486978414,0.8330387276151565,0.10200517463908887,254520756.70979676,6.668142588205301,0.3740351784233515,verified_focus_dir0_dapi,/Volumes/Shihong_5/for_spatioev/pancreas_Xenium_example_data_from_10X/Xenium_V1_Human_Ductal_Adenocarcinoma_FFPE_outs/morphology_focus/morphology_focus_0000.ome.tif,0,0.2125
fbonhkeo-1,859,38.789218749999996,1312938.0,1528.4493597206053,488.77028053359027,639.0,857.8,1520.0,2203.4,2682.0,775.5,1.0,5849.339955885198,3583.9207393075685,0.8787270057621752,0.12503839720689736,172124230.37812907,5.407781893224897,0.8009078637470035,verified_focus_dir0_dapi,/Volumes/Shihong_5/for_spatioev/pancreas_Xenium_example_data_from_10X/Xenium_V1_Human_Ductal_Adenocarcinoma_FFPE_outs/morphology_focus/morphology_focus_0000.ome.tif,0,0.2125
fbpekcgc-1,378,17.069062499999998,324904.0,859.5343915343915,144.87422069682847,516.0,666.2,868.5,1039.6,1294.0,174.75,1.0,5853.533484198409,3594.306240843449,0.08243694840775417,0.017683247007052864,33541717.84870608,3.9489852205877325,0.844581321509275,verified_focus_dir0_dapi,/Volumes/Shihong_5/for_spatioev/pancreas_Xenium_example_data_from_10X/Xenium_V1_Human_Ductal_Adenocarcinoma_FFPE_outs/morphology_focus/morphology_focus_0000.ome.tif,0,0.2125
fegmngia-1,709,32.015781249999996,849014.0,1197.4809590973202,334.16796658465444,570.0,772.8,1176.0,1619.4,2072.0,526.0,1.0,5589.569281116095,3417.2314414721072,0.17166289971712995,0.026886813395639465,106073473.12468463,5.5259656709370555,0.5387555991717381,verified_focus_dir0_dapi,/Volumes/Shihong_5/for_spatioev/pancreas_Xenium_example_data_from_10X/Xenium_V1_Human_Ductal_Adenocarcinoma_FFPE_outs/morphology_focus/morphology_focus_0000.ome.tif,0,0.2125
feifogal-1,1089,49.17515624999999,507098.0,465.65472910927457,136.59572229084972,206.0,304.0,447.0,656.0,916.0,194.0,1.0,5804.432478929122,3463.033085197536,0.8823012951458876,0.11150362411695207,108795208.45364209,5.888066536475164,0.42776444990803353,verified_focus_dir0_dapi,/Volumes/Shihong_5/for_spatioev/pancreas_Xenium_example_data_from_10X/Xenium_V1_Human_Ductal_Adenocarcinoma_FFPE_outs/morphology_focus/morphology_focus_0000.ome.tif,0,0.2125
feiklhbf-1,95,4.289843749999999,310166.0,3264.9052631578948,442.2914036715758,1810.0,2713.8,3320.0,3746.0,4281.0,546.5,1.0,5763.7291124752555,3470.1585933419524,0.17531024082242763,0.07501212868350163,5196465.379754713,3.1839107002036826,0.36316017337898077,verified_focus_dir0_dapi,/Volumes/Shihong_5/for_spatioev/pancreas_Xenium_example_data_from_10X/Xenium_V1_Human_Ductal_Adenocarcinoma_FFPE_outs/morphology_focus/morphology_focus_0000.ome.tif,0,0.2125
fjpmhmjp-1,1120,50.574999999999996,1444670.0,1289.8839285714287,271.56535472067554,536.0,913.9,1318.0,1619.2,1857.0,398.5,1.0,4207.052547519503,3164.295720605744,0.7263240520504763,0.09051226249990922,263407365.22693834,6.536561992982131,0.3700237093879493,verified_focus_dir0_dapi,/Volumes/Shihong_5/for_spatioev/pancreas_Xenium_example_data_from_10X/Xenium_V1_Human_Ductal_Adenocarcinoma_FFPE_outs/morphology_focus/morphology_focus_0000.ome.tif,0,0.2125
fmgkpdjc-1,1209,54.593906249999996,939594.0,777.166253101737,253.0115543530918,219.0,521.0,682.0,1158.2,1545.0,392.0,1.0,6096.836551478617,2917.8496663585547,0.9594392054319115,0.11507747307309481,221018808.33008403,6.863696753428621,0.2903699332190673,verified_focus_dir0_dapi,/Volumes/Shihong_5/for_spatioev/pancreas_Xenium_example_data_from_10X/Xenium_V1_Human_Ductal_Adenocarcinoma_FFPE_outs/morphology_focus/morphology_focus_0000.ome.tif,0,0.2125
fmjodehd-1,1636,73.87562499999999,4978813.0,3043.284229828851,932.4111502317446,1097.0,1929.5,2888.5,4451.0,5764.0,1258.0,1.0,6112.603214420787,3288.4072065369796,1.7142475421328445,0.1767534470124876,1387979765.596964,6.832161375183773,0.5439539464982188,verified_focus_dir0_dapi,/Volumes/Shihong_5/for_spatioev/pancreas_Xenium_example_data_from_10X/Xenium_V1_Human_Ductal_Adenocarcinoma_FFPE_outs/morphology_focus/morphology_focus_0000.ome.tif,0,0.2125
fmldejcb-1,1484,67.01187499999999,1289765.0,869.1138814016173,216.69952577331466,430.0,623.0,838.0,1174.0,1726.0,319.0,1.0,5951.492159705451,3173.9916200044195,0.7057287643022132,0.07640237776392711,552805371.7055665,5.52120604591733,0.6761166222346562,verified_focus_dir0_dapi,/Volumes/Shihong_5/for_spatioev/pancreas_Xenium_example_data_from_10X/Xenium_V1_Human_Ductal_Adenocarcinoma_FFPE_outs/morphology_focus/morphology_focus_0000.ome.tif,0,0.2125
fmlidokl-1,865,39.06015625,1757999.0,2032.3687861271676,904.9500592085358,575.0,941.0,1904.0,3418.8,4015.0,1453.0,1.0,5946.459444224655,3232.126148685238,0.9820619393695653,0.1392569350717857,200811741.4751601,6.700328958228127,0.5321300437763994,verified_focus_dir0_dapi,/Volumes/Shihong_5/for_spatioev/pancreas_Xenium_example_data_from_10X/Xenium_V1_Human_Ductal_Adenocarcinoma_FFPE_outs/morphology_focus/morphology_focus_0000.ome.tif,0,0.2125
fndpmnpm-1,481,21.72015625,532920.0,1107.9417879417879,395.6719287460697,479.0,661.0,1036.0,1630.0,2539.0,484.0,1.0,6305.089018028034,2802.9741487230726,0.21777628828822113,0.04141179540028567,38082142.66694814,6.026107679146037,0.3694336602682687,verified_focus_dir0_dapi,/Volumes/Shihong_5/for_spatioev/pancreas_Xenium_example_data_from_10X/Xenium_V1_Human_Ductal_Adenocarcinoma_FFPE_outs/morphology_focus/morphology_focus_0000.ome.tif,0,0.2125
fnnofafj-1,236,10.656875,633592.0,2684.7118644067796,685.9838672523008,1103.0,1711.0,2750.5,3563.0,3930.0,1093.25,1.0,6142.134323744618,2964.353318756392,0.29718974478765714,0.08067961624921972,22345894.99521301,4.843232009303441,0.31377823045337533,verified_focus_dir0_dapi,/Volumes/Shihong_5/for_spatioev/pancreas_Xenium_example_data_from_10X/Xenium_V1_Human_Ductal_Adenocarcinoma_FFPE_outs/morphology_focus/morphology_focus_0000.ome.tif,0,0.2125
fnojccim-1,978,44.162812499999994,491636.0,502.69529652351736,147.3408301989845,215.0,324.0,479.0,724.3000000000001,870.0,214.0,1.0,6147.562046946318,3038.8593681097395,0.9303745012043828,0.12407217001158549,74769676.27080807,6.354943361120801,0.356023997353844,verified_focus_dir0_dapi,/Volumes/Shihong_5/for_spatioev/pancreas_Xenium_example_data_from_10X/Xenium_V1_Human_Ductal_Adenocarcinoma_FFPE_outs/morphology_focus/morphology_focus_0000.ome.tif,0,0.2125
fohheddg-1,448,20.229999999999997,313609.0,700.0200892857143,133.81396016748891,412.0,531.8,690.0,895.2,1060.0,169.25,1.0,6012.0592925426245,2668.6382020286405,0.35217081943540723,0.06939055597135649,26770052.61671062,4.921790448645655,0.44850929659382804,verified_focus_dir0_dapi,/Volumes/Shihong_5/for_spatioev/pancreas_Xenium_example_data_from_10X/Xenium_V1_Human_Ductal_Adenocarcinoma_FFPE_outs/morphology_focus/morphology_focus_0000.ome.tif,0,0.2125
fomfodki-1,757,34.18328124999999,902958.0,1192.8110964332893,252.782606635995,593.0,850.8000000000001,1189.0,1539.8,1933.0,342.0,1.0,5977.706580967774,2616.3812922084967,0.30724641391304613,0.04657200004221702,114262448.504091,6.3588395169638865,0.26028028423083727,verified_focus_dir0_dapi,/Volumes/Shihong_5/for_spatioev/pancreas_Xenium_example_data_from_10X/Xenium_V1_Human_Ductal_Adenocarcinoma_FFPE_outs/morphology_focus/morphology_focus_0000.ome.tif,0,0.2125
fomlnagi-1,898,40.5503125,889508.0,990.543429844098,292.11378630506874,337.0,540.1,1027.5,1348.9,1644.0,414.0,1.0,6156.953681627934,2631.126285977754,0.3919763774670365,0.05455163014000023,118478790.07065254,6.595962881483496,0.3267562436394575,verified_focus_dir0_dapi,/Volumes/Shihong_5/for_spatioev/pancreas_Xenium_example_data_from_10X/Xenium_V1_Human_Ductal_Adenocarcinoma_FFPE_outs/morphology_focus/morphology_focus_0000.ome.tif,0,0.2125
fooobeed-1,1224,55.271249999999995,1946381.0,1590.1805555555557,345.7124181452296,650.0,1173.3,1552.5,2084.7,2639.0,456.5,1.0,6292.829492851091,2620.823690094591,0.12363238157351038,0.014737626052359133,402012660.44210255,7.3114420496146355,0.19829573902078212,verified_focus_dir0_dapi,/Volumes/Shihong_5/for_spatioev/pancreas_Xenium_example_data_from_10X/Xenium_V1_Human_Ductal_Adenocarcinoma_FFPE_outs/morphology_focus/morphology_focus_0000.ome.tif,0,0.2125
fopeoofg-1,1091,49.26546875,889306.0,815.1292392300642,178.51412065031965,396.0,572.0,819.0,1042.0,1324.0,270.0,1.0,6214.657440717818,2680.706938373856,0.5574851249863968,0.070389343530816,165814591.2680416,6.108196962289708,0.4483774343005518,verified_focus_dir0_dapi,/Volumes/Shihong_5/for_spatioev/pancreas_Xenium_example_data_from_10X/Xenium_V1_Human_Ductal_Adenocarcinoma_FFPE_outs/morphology_focus/morphology_focus_0000.ome.tif,0,0.2125
fpaafjdb-1,836,37.75062499999999,1305628.0,1561.755980861244,425.42681666748206,541.0,953.0,1560.5,2124.5,2596.0,601.5,1.0,6229.801490240712,2651.585062609717,0.4438874047291001,0.06402589966475503,184412166.53554305,6.617017265474437,0.30905910415802035,verified_focus_dir0_dapi,/Volumes/Shihong_5/for_spatioev/pancreas_Xenium_example_data_from_10X/Xenium_V1_Human_Ductal_Adenocarcinoma_FFPE_outs/morphology_focus/morphology_focus_0000.ome.tif,0,0.2125
fpmfjkne-1,506,22.8490625,875413.0,1730.0652173913043,547.1640844137922,646.0,980.5,1751.0,2448.0,3172.0,887.0,1.0,6788.517120576231,2583.276817699189,0.4758731795104979,0.08822709430199402,75692938.64985098,6.168931355366822,0.3248602021940658,verified_focus_dir0_dapi,/Volumes/Shihong_5/for_spatioev/pancreas_Xenium_example_data_from_10X/Xenium_V1_Human_Ductal_Adenocarcinoma_FFPE_outs/morphology_focus/morphology_focus_0000.ome.tif,0,0.2125
fpmnefea-1,378,17.069062499999998,336691.0,890.7169312169312,283.9549516755409,424.0,568.1,842.0,1303.9,1835.0,371.0,1.0,6778.478252128807,2429.2214675696705,0.39586411889539314,0.08491535811141368,24547643.134428896,4.348032059174978,0.7174672650018563,verified_focus_dir0_dapi,/Volumes/Shihong_5/for_spatioev/pancreas_Xenium_example_data_from_10X/Xenium_V1_Human_Ductal_Adenocarcinoma_FFPE_outs/morphology_focus/morphology_focus_0000.ome.tif,0,0.2125
gaikfipo-1,1928,87.06124999999999,2036386.0,1056.216804979253,379.55141912405816,438.0,650.7,964.5,1648.3,2264.0,575.5,1.0,7002.7907436569,2897.929033389298,1.0188113201405675,0.09676677188376784,615152816.8629966,6.751936232214091,0.5566557576348452,verified_focus_dir0_dapi,/Volumes/Shihong_5/for_spatioev/pancreas_Xenium_example_data_from_10X/Xenium_V1_Human_Ductal_Adenocarcinoma_FFPE_outs/morphology_focus/morphology_focus_0000.ome.tif,0,0.2125
gapljkgd-1,1746,78.8428125,2140866.0,1226.1546391752577,370.3965138352357,479.0,794.5,1177.5,1715.0,2493.0,487.75,1.0,6960.458990444755,2670.5686914956377,0.7935557299849848,0.07920294285643256,740651405.4083264,6.916965991164132,0.4077429260427918,verified_focus_dir0_dapi,/Volumes/Shihong_5/for_spatioev/pancreas_Xenium_example_data_from_10X/Xenium_V1_Human_Ductal_Adenocarcinoma_FFPE_outs/morphology_focus/morphology_focus_0000.ome.tif,0,0.2125
gbghpppi-1,960,43.349999999999994,1513329.0,1576.384375,300.5059677125554,851.0,1149.0,1597.0,1946.0,2437.0,450.25,1.0,6949.645235669176,2670.1416874156243,0.7347658723639877,0.09890070017386132,234710706.91078013,6.770048017414184,0.2537881009135073,verified_focus_dir0_dapi,/Volumes/Shihong_5/for_spatioev/pancreas_Xenium_example_data_from_10X/Xenium_V1_Human_Ductal_Adenocarcinoma_FFPE_outs/morphology_focus/morphology_focus_0000.ome.tif,0,0.2125
gbiggfmf-1,1107,49.98796874999999,1389646.0,1255.3261065943993,397.0824530291296,504.0,781.2,1197.0,1768.8,2743.0,504.0,1.0,6916.585252476169,2838.60217588688,0.5732717738544305,0.07185760775813814,243865201.3954158,6.608971532944555,0.40587972669484323,verified_focus_dir0_dapi,/Volumes/Shihong_5/for_spatioev/pancreas_Xenium_example_data_from_10X/Xenium_V1_Human_Ductal_Adenocarcinoma_FFPE_outs/morphology_focus/morphology_focus_0000.ome.tif,0,0.2125
gbimmmoj-1,1770,79.92656249999999,1527711.0,863.1135593220339,330.15916053484165,195.0,340.9,915.5,1247.1000000000001,2041.0,456.75,1.0,6905.384949844899,2986.77445356157,1.1213676576536562,0.11115970848930666,556328132.3307171,6.381525022986747,0.5823028482411066,verified_focus_dir0_dapi,/Volumes/Shihong_5/for_spatioev/pancreas_Xenium_example_data_from_10X/Xenium_V1_Human_Ductal_Adenocarcinoma_FFPE_outs/morphology_focus/morphology_focus_0000.ome.tif,0,0.2125
gbnjbeni-1,3558,160.66593749999998,2339037.0,657.402192242833,320.64521336884485,64.0,241.0,623.0,1102.6000000000004,1564.0,488.0,1.0,6843.973346670018,3361.1998178577337,0.7340085306779001,0.05131970387655355,1548419356.077212,7.566000190553201,0.5581882171474608,verified_focus_dir0_dapi,/Volumes/Shihong_5/for_spatioev/pancreas_Xenium_example_data_from_10X/Xenium_V1_Human_Ductal_Adenocarcinoma_FFPE_outs/morphology_focus/morphology_focus_0000.ome.tif,0,0.2125
gbpggbjg-1,297,13.411406249999999,768522.0,2587.6161616161617,670.8811940826923,1152.0,1666.6,2559.0,3467.8,4035.0,1022.0,1.0,6857.1587140966685,3198.3018983516413,0.41692800115260836,0.10089481427752517,32717452.64741413,5.34752825858372,0.32633495951987923,verified_focus_dir0_dapi,/Volumes/Shihong_5/for_spatioev/pancreas_Xenium_example_data_from_10X/Xenium_V1_Human_Ductal_Adenocarcinoma_FFPE_outs/morphology_focus/morphology_focus_0000.ome.tif,0,0.2125
gdgkpkbo-1,663,29.938593749999995,526288.0,793.7978883861236,202.2197888737211,338.0,537.4,795.0,1045.6000000000001,1488.0,261.0,1.0,6674.8582841286525,3139.7163744945733,0.9316408948220766,0.15089602030143315,66032223.30174923,5.577019976447631,0.420648878759414,verified_focus_dir0_dapi,/Volumes/Shihong_5/for_spatioev/pancreas_Xenium_example_data_from_10X/Xenium_V1_Human_Ductal_Adenocarcinoma_FFPE_outs/morphology_focus/morphology_focus_0000.ome.tif,0,0.2125
geflldjj-1,703,31.744843749999998,186646.0,265.49928876244667,54.13580401986089,157.0,210.0,255.0,339.0,475.0,60.5,1.0,6687.638567127075,3425.56208685158,0.6836177977296765,0.10752803381849799,22150984.777905766,5.178573188406203,0.3221055740287515,verified_focus_dir0_dapi,/Volumes/Shihong_5/for_spatioev/pancreas_Xenium_example_data_from_10X/Xenium_V1_Human_Ductal_Adenocarcinoma_FFPE_outs/morphology_focus/morphology_focus_0000.ome.tif,0,0.2125
gehoiloi-1,430,19.417187499999997,142544.0,331.4976744186047,61.59635102591671,193.0,243.9,336.5,412.0,462.0,99.5,1.0,6570.445773322623,3463.3305754714333,0.6786019490712275,0.136479329807845,9398392.54045768,5.215622108560798,0.25758809064554705,verified_focus_dir0_dapi,/Volumes/Shihong_5/for_spatioev/pancreas_Xenium_example_data_from_10X/Xenium_V1_Human_Ductal_Adenocarcinoma_FFPE_outs/morphology_focus/morphology_focus_0000.ome.tif,0,0.2125
geiajfif-1,321,14.495156249999999,316329.0,985.4485981308411,232.8090108218357,478.0,666.0,1011.0,1278.0,1464.0,406.0,1.0,6548.021087380544,3374.8351650101636,0.12249611660639491,0.02851384673753773,16843949.28618622,4.815340688625793,0.44607066271435625,verified_focus_dir0_dapi,/Volumes/Shihong_5/for_spatioev/pancreas_Xenium_example_data_from_10X/Xenium_V1_Human_Ductal_Adenocarcinoma_FFPE_outs/morphology_focus/morphology_focus_0000.ome.tif,0,0.2125
gfaichoe-1,1272,57.43874999999999,1322126.0,1039.4072327044025,404.0042704152095,302.0,537.1,998.0,1557.0,2414.0,515.5,1.0,6437.3282226221245,3522.8572380960663,0.44541257167807635,0.052084070895824945,273029050.38367677,7.196005739086954,0.35553332776796326,verified_focus_dir0_dapi,/Volumes/Shihong_5/for_spatioev/pancreas_Xenium_example_data_from_10X/Xenium_V1_Human_Ductal_Adenocarcinoma_FFPE_outs/morphology_focus/morphology_focus_0000.ome.tif,0,0.2125
gfakdhii-1,133,6.005781249999999,246342.0,1852.1954887218046,342.70815437831754,980.0,1359.4,1868.0,2266.8,2403.0,507.0,1.0,6466.700567300744,3512.8533843193604,0.2354001957501996,0.08512693668318601,5147199.518896493,4.216611910054569,0.22231850809198966,verified_focus_dir0_dapi,/Volumes/Shihong_5/for_spatioev/pancreas_Xenium_example_data_from_10X/Xenium_V1_Human_Ductal_Adenocarcinoma_FFPE_outs/morphology_focus/morphology_focus_0000.ome.tif,0,0.2125
gfhfalbf-1,2084,94.10562499999999,2636481.0,1265.106046065259,318.09130375699544,573.0,872.3,1229.0,1699.7,2295.0,433.0,1.0,6219.888191456718,3425.2586070457173,0.34012976365800174,0.031072899921908904,978525291.4548295,6.842075725618349,0.4421548857772904,verified_focus_dir0_dapi,/Volumes/Shihong_5/for_spatioev/pancreas_Xenium_example_data_from_10X/Xenium_V1_Human_Ductal_Adenocarcinoma_FFPE_outs/morphology_focus/morphology_focus_0000.ome.tif,0,0.2125
gficcfaf-1,3266,147.4803125,3333483.0,1020.6622780159216,413.4396145859228,291.0,541.0,948.0,1584.0,3000.0,640.75,1.0,6199.206900957647,3572.9566828336906,0.7073608889406406,0.05162011401351771,1847086027.9941509,6.243290524075251,0.9109376667356559,verified_focus_dir0_dapi,/Volumes/Shihong_5/for_spatioev/pancreas_Xenium_example_data_from_10X/Xenium_V1_Human_Ductal_Adenocarcinoma_FFPE_outs/morphology_focus/morphology_focus_0000.ome.tif,0,0.2125
ggadonae-1,711,32.10609375,1775383.0,2497.0225035161743,553.7755332855936,1192.0,1802.0,2481.0,3254.0,4190.0,823.5,1.0,6501.116069426991,4707.022245932286,1.2538845581197862,0.19611407321318947,217213475.17040887,5.693781623609137,0.5039273476398086,verified_focus_dir0_dapi,/Volumes/Shihong_5/for_spatioev/pancreas_Xenium_example_data_from_10X/Xenium_V1_Human_Ductal_Adenocarcinoma_FFPE_outs/morphology_focus/morphology_focus_0000.ome.tif,0,0.2125
ggmhmhdn-1,1874,84.6228125,1242452.0,662.9946638207044,232.6008714366379,282.0,407.0,610.0,982.0,1818.0,294.75,1.0,6651.55184683191,4671.991843930389,0.14107792692665194,0.013591277579428393,439744602.24967074,5.7403671348694525,0.7759642768852973,verified_focus_dir0_dapi,/Volumes/Shihong_5/for_spatioev/pancreas_Xenium_example_data_from_10X/Xenium_V1_Human_Ductal_Adenocarcinoma_FFPE_outs/morphology_focus/morphology_focus_0000.ome.tif,0,0.2125
ggnibnke-1,488,22.03625,1175548.0,2408.909836065574,815.2319769836647,854.0,1410.7,2285.0,3591.2,4198.0,1250.5,1.0,6674.3374250349625,4808.681235751326,0.6907743336436154,0.13041041828149869,97804827.7895926,4.92008409077422,0.7575675121578902,verified_focus_dir0_dapi,/Volumes/Shihong_5/for_spatioev/pancreas_Xenium_example_data_from_10X/Xenium_V1_Human_Ductal_Adenocarcinoma_FFPE_outs/morphology_focus/morphology_focus_0000.ome.tif,0,0.2125
ghjplgnh-1,1038,46.872187499999995,1124322.0,1083.1618497109826,266.10058800690206,445.0,790.0,1040.0,1442.5000000000005,2021.0,320.0,1.0,6710.487546183388,4155.246581851106,0.7121115961953148,0.09217972062004898,212881959.61387217,5.428428312990643,0.673868992247339,verified_focus_dir0_dapi,/Volumes/Shihong_5/for_spatioev/pancreas_Xenium_example_data_from_10X/Xenium_V1_Human_Ductal_Adenocarcinoma_FFPE_outs/morphology_focus/morphology_focus_0000.ome.tif,0,0.2125
ghoicfoh-1,3009,135.87515624999997,2166601.0,720.0402126952476,340.35799781708346,262.0,377.0,625.0,1267.2000000000003,2023.0,409.0,1.0,6706.202496802595,4621.207754329246,0.4001378122286415,0.030421771900362046,968069777.7382102,7.087686092933131,0.62703462712345,verified_focus_dir0_dapi,/Volumes/Shihong_5/for_spatioev/pancreas_Xenium_example_data_from_10X/Xenium_V1_Human_Ductal_Adenocarcinoma_FFPE_outs/morphology_focus/morphology_focus_0000.ome.tif,0,0.2125
ghpbdako-1,2114,95.46031249999999,1691421.0,800.10454115421,441.44836759985594,133.0,269.0,728.5,1399.0,2562.0,644.5,1.0,6699.453786993304,4561.804586047767,0.994487391453118,0.09020545389455376,749908055.554623,6.916766323438972,0.6909666756682458,verified_focus_dir0_dapi,/Volumes/Shihong_5/for_spatioev/pancreas_Xenium_example_data_from_10X/Xenium_V1_Human_Ductal_Adenocarcinoma_FFPE_outs/morphology_focus/morphology_focus_0000.ome.tif,0,0.2125
ginipaah-1,898,40.5503125,1332117.0,1483.4265033407573,670.3155505048164,602.0,753.8,1297.0,2583.2000000000003,3176.0,913.0,1.0,6365.028717175368,3631.232122169073,1.602944033907504,0.2230828567729078,196087349.28093106,6.273294700664476,0.6341685275514811,verified_focus_dir0_dapi,/Volumes/Shihong_5/for_spatioev/pancreas_Xenium_example_data_from_10X/Xenium_V1_Human_Ductal_Adenocarcinoma_FFPE_outs/morphology_focus/morphology_focus_0000.ome.tif,0,0.2125
gjdlcafa-1,1609,72.65640624999999,2023280.0,1257.4766935985083,362.23940881027926,678.0,853.0,1196.0,1793.4,2352.0,532.0,1.0,6518.530510340882,4294.082059076104,0.6325244853563785,0.06576356169859754,546026801.9764688,6.795822572378598,0.4464206213124961,verified_focus_dir0_dapi,/Volumes/Shihong_5/for_spatioev/pancreas_Xenium_example_data_from_10X/Xenium_V1_Human_Ductal_Adenocarcinoma_FFPE_outs/morphology_focus/morphology_focus_0000.ome.tif,0,0.2125
gjkdikhi-1,1035,46.736718749999994,746304.0,721.0666666666667,199.03183150363367,309.0,449.4,726.0,972.0,1410.0,268.0,1.0,6443.317947897237,4201.355687829624,0.2466244094040731,0.03197068118208894,134938026.2337479,6.194624280339247,0.3834811782633529,verified_focus_dir0_dapi,/Volumes/Shihong_5/for_spatioev/pancreas_Xenium_example_data_from_10X/Xenium_V1_Human_Ductal_Adenocarcinoma_FFPE_outs/morphology_focus/morphology_focus_0000.ome.tif,0,0.2125
gjnefinh-1,1189,53.69078124999999,1414225.0,1189.4238856181664,385.13724396334015,401.0,713.8,1142.0,1734.4,2249.0,591.0,1.0,6652.293776679807,4008.5031125616506,0.7773493684173236,0.09401806940888521,351576420.85802615,5.166710364446745,0.9487517381714627,verified_focus_dir0_dapi,/Volumes/Shihong_5/for_spatioev/pancreas_Xenium_example_data_from_10X/Xenium_V1_Human_Ductal_Adenocarcinoma_FFPE_outs/morphology_focus/morphology_focus_0000.ome.tif,0,0.2125
gkdhkpae-1,1363,61.547968749999995,2222846.0,1630.8481291269259,341.54973036813874,947.0,1254.2,1551.0,2171.7999999999997,2610.0,455.0,1.0,6119.309170372127,3758.397877388942,0.5877563097176742,0.06639500049339123,511705925.89375466,6.888472594824239,0.31899301794104895,verified_focus_dir0_dapi,/Volumes/Shihong_5/for_spatioev/pancreas_Xenium_example_data_from_10X/Xenium_V1_Human_Ductal_Adenocarcinoma_FFPE_outs/morphology_focus/morphology_focus_0000.ome.tif,0,0.2125
gkgcaphg-1,1406,63.489687499999995,1912365.0,1360.1458036984352,456.0437040072038,307.0,831.0,1281.5,2030.5,2799.0,704.0,1.0,6303.800379588885,3919.15030545947,0.6735957361151772,0.07491912135343362,436375869.0709765,7.28276326748037,0.3408855650732976,verified_focus_dir0_dapi,/Volumes/Shihong_5/for_spatioev/pancreas_Xenium_example_data_from_10X/Xenium_V1_Human_Ductal_Adenocarcinoma_FFPE_outs/morphology_focus/morphology_focus_0000.ome.tif,0,0.2125
gknlfnmc-1,1342,60.599687499999995,1877682.0,1399.166915052161,691.4634821175357,315.0,547.1,1276.0,2415.9,3263.0,1143.0,1.0,5940.632542963877,4595.885647995774,0.4104862096306081,0.046731349196520264,381085398.90943885,5.943096137433289,0.9965141920886095,verified_focus_dir0_dapi,/Volumes/Shihong_5/for_spatioev/pancreas_Xenium_example_data_from_10X/Xenium_V1_Human_Ductal_Adenocarcinoma_FFPE_outs/morphology_focus/morphology_focus_0000.ome.tif,0,0.2125
gleocdhf-1,173,7.8120312499999995,301854.0,1744.820809248555,379.81260549054787,663.0,1188.4,1818.0,2209.2000000000003,2521.0,447.0,1.0,5997.189207779257,4127.531572879603,0.40497241841979836,0.1284069115211873,7841987.258807238,4.145607228187679,0.37954217243504523,verified_focus_dir0_dapi,/Volumes/Shihong_5/for_spatioev/pancreas_Xenium_example_data_from_10X/Xenium_V1_Human_Ductal_Adenocarcinoma_FFPE_outs/morphology_focus/morphology_focus_0000.ome.tif,0,0.2125
glggeedh-1,1360,61.412499999999994,1953771.0,1436.5963235294118,376.67417010947275,610.0,986.0,1375.5,1977.0,2578.0,546.25,1.0,6047.745973229462,4408.171070547674,0.3842110638972571,0.0434496636574447,489991031.33102703,6.005400320906545,0.6306193358566239,verified_focus_dir0_dapi,/Volumes/Shihong_5/for_spatioev/pancreas_Xenium_example_data_from_10X/Xenium_V1_Human_Ductal_Adenocarcinoma_FFPE_outs/morphology_focus/morphology_focus_0000.ome.tif,0,0.2125
glhepobk-1,1629,73.55953124999999,1458399.0,895.2725598526704,265.3756166548327,410.0,566.8,841.0,1263.2,1873.0,371.0,1.0,6146.18710910903,4914.675870363666,0.5378150498724968,0.05557230559025269,462986516.27756596,5.83768128869454,0.7389210335912711,verified_focus_dir0_dapi,/Volumes/Shihong_5/for_spatioev/pancreas_Xenium_example_data_from_10X/Xenium_V1_Human_Ductal_Adenocarcinoma_FFPE_outs/morphology_focus/morphology_focus_0000.ome.tif,0,0.2125
glhkclkn-1,1136,51.29749999999999,2156644.0,1898.4542253521126,443.7932181093948,754.0,1256.0,1920.0,2468.0,3027.0,571.5,1.0,6121.069631404163,5031.776240764586,0.9674605268411939,0.11970990746656097,661521213.5925684,4.141168372263198,1.3867592470874346,verified_focus_dir0_dapi,/Volumes/Shihong_5/for_spatioev/pancreas_Xenium_example_data_from_10X/Xenium_V1_Human_Ductal_Adenocarcinoma_FFPE_outs/morphology_focus/morphology_focus_0000.ome.tif,0,0.2125
glodpfnl-1,1415,63.89609374999999,1086789.0,768.0487632508834,181.64426001973496,339.0,515.8,774.0,995.0,1387.0,255.5,1.0,6214.692826896481,4936.985058518719,0.9503989453248376,0.10536921196420876,305582657.99347067,5.408803763767928,0.7470867380517099,verified_focus_dir0_dapi,/Volumes/Shihong_5/for_spatioev/pancreas_Xenium_example_data_from_10X/Xenium_V1_Human_Ductal_Adenocarcinoma_FFPE_outs/morphology_focus/morphology_focus_0000.ome.tif,0,0.2125
glpdpcdk-1,273,12.327656249999999,401219.0,1469.6666666666667,406.1561197997559,784.0,986.6,1385.0,2061.0,2207.0,701.0,1.0,6183.881906888756,4965.801320943176,0.37678408222534765,0.0951036598059642,18149406.76540742,4.1825443505212565,0.7140856980365019,verified_focus_dir0_dapi,/Volumes/Shihong_5/for_spatioev/pancreas_Xenium_example_data_from_10X/Xenium_V1_Human_Ductal_Adenocarcinoma_FFPE_outs/morphology_focus/morphology_focus_0000.ome.tif,0,0.2125
gmbolmpb-1,1607,72.56609375,4098324.0,2550.2949595519603,527.7428060286371,1297.0,1849.0,2535.0,3256.0,3952.0,777.0,1.0,6250.590654481563,4837.388156185919,0.7486339751399906,0.07788388389107871,1341330789.7686954,5.359260098979984,0.9157281686353695,verified_focus_dir0_dapi,/Volumes/Shihong_5/for_spatioev/pancreas_Xenium_example_data_from_10X/Xenium_V1_Human_Ductal_Adenocarcinoma_FFPE_outs/morphology_focus/morphology_focus_0000.ome.tif,0,0.2125
gmcicdkk-1,848,38.2925,722668.0,852.2028301886793,286.8534960559784,328.0,481.4,829.5,1232.2000000000003,1719.0,444.25,1.0,6326.7516228233435,4622.944821826897,0.5838094415738772,0.08361018693802764,106504537.6064403,5.239532870286205,0.7382643118697072,verified_focus_dir0_dapi,/Volumes/Shihong_5/for_spatioev/pancreas_Xenium_example_data_from_10X/Xenium_V1_Human_Ductal_Adenocarcinoma_FFPE_outs/morphology_focus/morphology_focus_0000.ome.tif,0,0.2125
gmjekjpp-1,2182,98.5309375,1063169.0,487.24518790100825,218.85305122702957,162.0,270.0,436.0,772.8000000000002,1515.0,258.75,1.0,6216.850071237498,4111.94619037519,0.519974734703729,0.0464238201623363,374593948.2570579,6.5988355431123855,0.5791128935636386,verified_focus_dir0_dapi,/Volumes/Shihong_5/for_spatioev/pancreas_Xenium_example_data_from_10X/Xenium_V1_Human_Ductal_Adenocarcinoma_FFPE_outs/morphology_focus/morphology_focus_0000.ome.tif,0,0.2125
gnafpagf-1,2677,120.88328124999998,2035369.0,760.3171460590213,231.86655970680886,290.0,442.6,756.0,1047.8000000000002,1508.0,302.0,1.0,6031.377102751393,4199.348373759254,1.2218931111161009,0.09849065757081034,859942581.248554,6.893912787826073,0.47873807359975507,verified_focus_dir0_dapi,/Volumes/Shihong_5/for_spatioev/pancreas_Xenium_example_data_from_10X/Xenium_V1_Human_Ductal_Adenocarcinoma_FFPE_outs/morphology_focus/morphology_focus_0000.ome.tif,0,0.2125
gnbblhge-1,1025,46.28515624999999,1189760.0,1160.7414634146342,234.04475387705364,570.0,849.0,1160.0,1468.2,1763.0,370.0,1.0,5957.934226965943,2606.413165302246,0.7195196803986633,0.09372743907580294,206829288.09608325,6.517931469283579,0.3103579222011205,verified_focus_dir0_dapi,/Volumes/Shihong_5/for_spatioev/pancreas_Xenium_example_data_from_10X/Xenium_V1_Human_Ductal_Adenocarcinoma_FFPE_outs/morphology_focus/morphology_focus_0000.ome.tif,0,0.2125
gnfaapoe-1,754,34.0478125,300898.0,399.0689655172414,119.64623148243496,216.0,284.3,375.0,521.7,998.0,139.75,1.0,6096.354217126734,3869.5360184763604,0.2733333331797636,0.041513842257978925,40530402.29882884,4.985704023128949,0.5794567150705314,verified_focus_dir0_dapi,/Volumes/Shihong_5/for_spatioev/pancreas_Xenium_example_data_from_10X/Xenium_V1_Human_Ductal_Adenocarcinoma_FFPE_outs/morphology_focus/morphology_focus_0000.ome.tif,0,0.2125
goapdcib-1,186,8.3990625,153545.0,825.510752688172,216.5791776855761,421.0,550.0,803.5,1150.0,1242.0,378.75,1.0,3893.4975028493277,2748.713381419128,0.3007509293420905,0.09196795131224915,9604643.057930898,2.9098611536734293,1.1279731746185868,verified_focus_dir0_dapi,/Volumes/Shihong_5/for_spatioev/pancreas_Xenium_example_data_from_10X/Xenium_V1_Human_Ductal_Adenocarcinoma_FFPE_outs/morphology_focus/morphology_focus_0000.ome.tif,0,0.2125
goapfaif-1,443,20.004218749999996,361210.0,815.3724604966139,153.08926816445629,409.0,621.0,807.0,1014.0,1274.0,188.0,1.0,4002.7910456175077,2750.083470453476,0.29394224604559477,0.05824332385694861,34304318.85044711,5.186332641225918,0.3631778562880707,verified_focus_dir0_dapi,/Volumes/Shihong_5/for_spatioev/pancreas_Xenium_example_data_from_10X/Xenium_V1_Human_Ductal_Adenocarcinoma_FFPE_outs/morphology_focus/morphology_focus_0000.ome.tif,0,0.2125
gofdbnoi-1,618,27.906562499999996,1133208.0,1833.6699029126214,327.3177317353962,1136.0,1399.7,1832.0,2264.5000000000005,2755.0,457.0,1.0,3946.9555604752168,2862.771818445952,0.366997907782589,0.06156804410633199,119427586.96411163,6.495413968370869,0.17738307878118928,verified_focus_dir0_dapi,/Volumes/Shihong_5/for_spatioev/pancreas_Xenium_example_data_from_10X/Xenium_V1_Human_Ductal_Adenocarcinoma_FFPE_outs/morphology_focus/morphology_focus_0000.ome.tif,0,0.2125
goomdcmg-1,256,11.559999999999999,413106.0,1613.6953125,565.6835267868663,644.0,856.5,1626.0,2326.5,2665.0,1063.5,1.0,4024.306630410839,3035.982088555964,0.21411717524936594,0.05581070761996323,14822720.059812738,5.357045388408481,0.2989191357222428,verified_focus_dir0_dapi,/Volumes/Shihong_5/for_spatioev/pancreas_Xenium_example_data_from_10X/Xenium_V1_Human_Ductal_Adenocarcinoma_FFPE_outs/morphology_focus/morphology_focus_0000.ome.tif,0,0.2125
gphdnohb-1,841,37.97640625,1248655.0,1484.7265160523186,317.26620798397045,587.0,1133.0,1453.0,1880.0,2685.0,301.0,1.0,5495.726628622398,2644.260924454713,0.6787023869444954,0.09760394802097659,195947454.02134615,5.787273238322892,0.4401605802136233,verified_focus_dir0_dapi,/Volumes/Shihong_5/for_spatioev/pancreas_Xenium_example_data_from_10X/Xenium_V1_Human_Ductal_Adenocarcinoma_FFPE_outs/morphology_focus/morphology_focus_0000.ome.tif,0,0.2125
gpjgidkj-1,991,44.74984375,1585844.0,1600.2462159434915,240.87898641889362,683.0,1334.0,1610.0,1877.0,2474.0,292.0,1.0,5775.7566623829325,2607.6459386925826,0.6015213206678299,0.07968933531056344,258043426.81160566,6.369885319402353,0.29473119715108304,verified_focus_dir0_dapi,/Volumes/Shihong_5/for_spatioev/pancreas_Xenium_example_data_from_10X/Xenium_V1_Human_Ductal_Adenocarcinoma_FFPE_outs/morphology_focus/morphology_focus_0000.ome.tif,0,0.2125
gpkenpef-1,137,6.186406249999999,466511.0,3405.189781021898,648.3051968145407,1534.0,2525.4,3499.0,4116.4,4421.0,876.0,1.0,5753.901598167032,2634.020643618264,0.24731444210093714,0.0881201445231403,12940163.242037166,3.6485178805457084,0.46670362759394335,verified_focus_dir0_dapi,/Volumes/Shihong_5/for_spatioev/pancreas_Xenium_example_data_from_10X/Xenium_V1_Human_Ductal_Adenocarcinoma_FFPE_outs/morphology_focus/morphology_focus_0000.ome.tif,0,0.2125
hccejkdo-1,570,25.739062499999996,572560.0,1004.4912280701755,232.87835261362466,511.0,712.0,983.5,1324.2000000000003,1735.0,316.75,1.0,5932.8305570813545,2891.388603770784,0.6423896617456896,0.1122140201323206,57725136.5821486,5.980934190457336,0.26150142881873384,verified_focus_dir0_dapi,/Volumes/Shihong_5/for_spatioev/pancreas_Xenium_example_data_from_10X/Xenium_V1_Human_Ductal_Adenocarcinoma_FFPE_outs/morphology_focus/morphology_focus_0000.ome.tif,0,0.2125
hclnaeaa-1,4046,182.70218749999998,9020988.0,2229.6065249629264,693.1488705853934,631.0,1388.5,2120.0,3260.5,4610.0,956.75,1.0,5550.410276307872,3324.719374605919,2.243264272145927,0.14707996118650318,6523441748.574029,6.191736515417118,0.9886312337203951,verified_focus_dir0_dapi,/Volumes/Shihong_5/for_spatioev/pancreas_Xenium_example_data_from_10X/Xenium_V1_Human_Ductal_Adenocarcinoma_FFPE_outs/morphology_focus/morphology_focus_0000.ome.tif,0,0.2125
hclpinfb-1,598,27.003437499999997,552155.0,923.3361204013378,195.34669223431584,441.0,684.0,926.0,1189.3000000000002,1576.0,259.75,1.0,5549.247562165515,3240.8929196059075,0.4675086639590851,0.07973060838866544,53427252.302947536,5.407118257530892,0.4221813707931683,verified_focus_dir0_dapi,/Volumes/Shihong_5/for_spatioev/pancreas_Xenium_example_data_from_10X/Xenium_V1_Human_Ductal_Adenocarcinoma_FFPE_outs/morphology_focus/morphology_focus_0000.ome.tif,0,0.2125
hcngonmb-1,745,33.641406249999996,452731.0,607.6926174496645,223.6772441327311,249.0,366.4,559.0,940.4000000000002,1485.0,245.0,1.0,5617.394645716771,3278.6461254309957,0.774965031674941,0.1184104349640355,53454346.3782246,5.9041666298510584,0.4727990009928326,verified_focus_dir0_dapi,/Volumes/Shihong_5/for_spatioev/pancreas_Xenium_example_data_from_10X/Xenium_V1_Human_Ductal_Adenocarcinoma_FFPE_outs/morphology_focus/morphology_focus_0000.ome.tif,0,0.2125
hfgokaod-1,427,19.28171875,892060.0,2089.1334894613583,352.4496920969746,1210.0,1633.2,2110.0,2509.2000000000003,3144.0,451.5,1.0,3645.3257282301643,2593.172664478847,0.10226319777378323,0.020639132435041584,57330970.86040849,5.772912756428685,0.26050541492354884,verified_focus_dir0_dapi,/Volumes/Shihong_5/for_spatioev/pancreas_Xenium_example_data_from_10X/Xenium_V1_Human_Ductal_Adenocarcinoma_FFPE_outs/morphology_focus/morphology_focus_0000.ome.tif,0,0.2125
hhhhloni-1,918,41.45343749999999,1333285.0,1452.380174291939,730.1469636881168,377.0,613.7,1295.5,2684.5000000000005,3329.0,955.0,1.0,3701.5680043651582,2754.722616188587,0.8984140905100259,0.12366341069468845,163541910.345119,6.5836940126006835,0.6588235049283675,verified_focus_dir0_dapi,/Volumes/Shihong_5/for_spatioev/pancreas_Xenium_example_data_from_10X/Xenium_V1_Human_Ductal_Adenocarcinoma_FFPE_outs/morphology_focus/morphology_focus_0000.ome.tif,0,0.2125
hipiiicc-1,150,6.773437499999999,101424.0,676.16,221.6730950446325,326.0,410.3,652.0,979.4,1270.0,358.25,1.0,7053.019044678774,3752.9527763399196,0.30500940407643845,0.10386126467848493,2152686.2672148608,4.4721379911765515,0.2638667306696082,verified_focus_dir0_dapi,/Volumes/Shihong_5/for_spatioev/pancreas_Xenium_example_data_from_10X/Xenium_V1_Human_Ductal_Adenocarcinoma_FFPE_outs/morphology_focus/morphology_focus_0000.ome.tif,0,0.2125
hjabefnk-1,160,7.225,269993.0,1687.45625,280.89590702952137,1050.0,1287.2,1708.0,2036.8999999999999,2220.0,469.75,1.0,7050.057100600757,3597.570451409851,0.28570341876579636,0.09419795015747928,6762423.578581667,4.763454032573807,0.16064841115807918,verified_focus_dir0_dapi,/Volumes/Shihong_5/for_spatioev/pancreas_Xenium_example_data_from_10X/Xenium_V1_Human_Ductal_Adenocarcinoma_FFPE_outs/morphology_focus/morphology_focus_0000.ome.tif,0,0.2125
hjafncah-1,324,14.630624999999998,129242.0,398.89506172839504,77.22866544060521,261.0,309.3,389.5,517.0,632.0,101.0,1.0,7086.486609809504,3745.493988699494,0.4586699414171692,0.10627075868751229,6623536.491024591,4.823839153610317,0.2728120547418388,verified_focus_dir0_dapi,/Volumes/Shihong_5/for_spatioev/pancreas_Xenium_example_data_from_10X/Xenium_V1_Human_Ductal_Adenocarcinoma_FFPE_outs/morphology_focus/morphology_focus_0000.ome.tif,0,0.2125
hjjeeoag-1,419,18.920468749999998,184383.0,440.05489260143196,104.33990417167392,212.0,311.6,430.0,592.0,728.0,148.5,1.0,7081.56824171697,3604.711947549394,0.556372023752667,0.11335593901940777,11881843.383142697,5.653290537648745,0.2262339108712473,verified_focus_dir0_dapi,/Volumes/Shihong_5/for_spatioev/pancreas_Xenium_example_data_from_10X/Xenium_V1_Human_Ductal_Adenocarcinoma_FFPE_outs/morphology_focus/morphology_focus_0000.ome.tif,0,0.2125
hjklklbi-1,624,28.1775,887810.0,1422.7724358974358,425.38196200496634,617.0,873.9,1396.0,2030.4,2419.0,692.75,1.0,7202.287901578041,3710.6359071901643,0.07484083579761999,0.012494887216230923,117380932.39189127,5.7606789663618425,0.43979304908772837,verified_focus_dir0_dapi,/Volumes/Shihong_5/for_spatioev/pancreas_Xenium_example_data_from_10X/Xenium_V1_Human_Ductal_Adenocarcinoma_FFPE_outs/morphology_focus/morphology_focus_0000.ome.tif,0,0.2125
hjlekadf-1,415,18.73984375,599208.0,1443.8746987951806,358.81063060750785,836.0,989.4,1376.0,1943.4,2375.0,642.5,1.0,7215.905805872084,3680.816430333874,0.8988200007315559,0.18400714449567188,43971036.70023598,5.775045921161819,0.3014318659972648,verified_focus_dir0_dapi,/Volumes/Shihong_5/for_spatioev/pancreas_Xenium_example_data_from_10X/Xenium_V1_Human_Ductal_Adenocarcinoma_FFPE_outs/morphology_focus/morphology_focus_0000.ome.tif,0,0.2125
hjnjcbki-1,457,20.636406249999997,705338.0,1543.4091903719911,387.2613332387869,552.0,1050.6,1544.0,2069.6000000000004,2654.0,515.0,1.0,7495.979808510246,3706.9510701961326,0.2939561324458406,0.05734696401712185,60657467.55845283,6.002168094270153,0.2165151074905971,verified_focus_dir0_dapi,/Volumes/Shihong_5/for_spatioev/pancreas_Xenium_example_data_from_10X/Xenium_V1_Human_Ductal_Adenocarcinoma_FFPE_outs/morphology_focus/morphology_focus_0000.ome.tif,0,0.2125
hkbgbopc-1,1289,58.20640624999999,903648.0,701.0457719162141,247.6751706307675,220.0,387.0,672.0,1041.0,1528.0,346.0,1.0,7434.615214109919,4280.532467813794,0.719956604524081,0.08363072614728555,182048717.28194606,6.1549196739627385,0.6152198727538285,verified_focus_dir0_dapi,/Volumes/Shihong_5/for_spatioev/pancreas_Xenium_example_data_from_10X/Xenium_V1_Human_Ductal_Adenocarcinoma_FFPE_outs/morphology_focus/morphology_focus_0000.ome.tif,0,0.2125
hkceggga-1,1885,85.11953125,2235690.0,1186.0424403183024,342.2751298470526,451.0,758.0,1181.0,1597.0,2277.0,444.0,1.0,7479.164245747398,4086.6773083365756,0.33382044493450413,0.03206588721386791,710657016.8787801,7.259460012840948,0.3381954766007944,verified_focus_dir0_dapi,/Volumes/Shihong_5/for_spatioev/pancreas_Xenium_example_data_from_10X/Xenium_V1_Human_Ductal_Adenocarcinoma_FFPE_outs/morphology_focus/morphology_focus_0000.ome.tif,0,0.2125
hkcongcn-1,1884,85.07437499999999,1026805.0,545.0132696390658,183.05978724182086,117.0,344.0,524.0,786.7,1271.0,261.0,1.0,7464.415001387801,4207.45089862486,0.7043669117775063,0.06767753053779331,405084476.73177874,5.549842472121391,0.7705472547311296,verified_focus_dir0_dapi,/Volumes/Shihong_5/for_spatioev/pancreas_Xenium_example_data_from_10X/Xenium_V1_Human_Ductal_Adenocarcinoma_FFPE_outs/morphology_focus/morphology_focus_0000.ome.tif,0,0.2125
hkhgokbb-1,1028,46.420624999999994,1182552.0,1150.342412451362,379.1777935166109,384.0,641.7,1156.5,1658.0,2424.0,529.75,1.0,7473.798723375377,3779.4406109308507,0.6806279199693457,0.08853178267213645,358459101.7676711,5.20772054334382,0.9031626916312018,verified_focus_dir0_dapi,/Volumes/Shihong_5/for_spatioev/pancreas_Xenium_example_data_from_10X/Xenium_V1_Human_Ductal_Adenocarcinoma_FFPE_outs/morphology_focus/morphology_focus_0000.ome.tif,0,0.2125
hknicmdj-1,230,10.385937499999999,138196.0,600.8521739130434,166.57048350033378,341.0,397.8,584.0,833.0,987.0,300.0,1.0,6954.720500231555,3892.622643202408,0.23301890845058995,0.06407863499405504,5525825.124374078,4.2801599791531695,0.4644162552198663,verified_focus_dir0_dapi,/Volumes/Shihong_5/for_spatioev/pancreas_Xenium_example_data_from_10X/Xenium_V1_Human_Ductal_Adenocarcinoma_FFPE_outs/morphology_focus/morphology_focus_0000.ome.tif,0,0.2125
hlbelcbd-1,748,33.776875,637119.0,851.7633689839572,293.02425735105373,286.0,459.5,835.0,1288.0,1686.0,367.25,1.0,6989.159837153655,3820.4647835412225,0.483901766255279,0.07378913420925727,71744263.64476024,6.255957941802464,0.4217898995262019,verified_focus_dir0_dapi,/Volumes/Shihong_5/for_spatioev/pancreas_Xenium_example_data_from_10X/Xenium_V1_Human_Ductal_Adenocarcinoma_FFPE_outs/morphology_focus/morphology_focus_0000.ome.tif,0,0.2125
hlggdlel-1,984,44.433749999999996,920628.0,935.5975609756098,275.0885973951217,442.0,636.3,873.5,1281.8000000000002,1990.0,333.25,1.0,7470.552460019138,3517.9334562521453,0.8702446295512819,0.11569905424579331,254216099.92945465,4.119229994353863,1.3982486801064844,verified_focus_dir0_dapi,/Volumes/Shihong_5/for_spatioev/pancreas_Xenium_example_data_from_10X/Xenium_V1_Human_Ductal_Adenocarcinoma_FFPE_outs/morphology_focus/morphology_focus_0000.ome.tif,0,0.2125
hlkfoedi-1,1782,80.4684375,1915871.0,1075.1240179573513,362.1804924156427,411.0,662.1,1005.0,1608.0,2221.0,449.75,1.0,7570.247940016577,4397.920720366872,1.3329913178637385,0.13169202543041428,615497428.5629784,6.6878289379481926,0.49900255580604636,verified_focus_dir0_dapi,/Volumes/Shihong_5/for_spatioev/pancreas_Xenium_example_data_from_10X/Xenium_V1_Human_Ductal_Adenocarcinoma_FFPE_outs/morphology_focus/morphology_focus_0000.ome.tif,0,0.2125
hlnnjgid-1,2683,121.15421874999998,3262418.0,1215.9590011181513,548.3362058686841,278.0,531.2,1142.0,2103.2000000000007,2697.0,686.0,1.0,7587.370165514505,3730.314843675764,1.405682108361936,0.11317820117566177,1341795428.0261884,7.379917468984143,0.6452594005189086,verified_focus_dir0_dapi,/Volumes/Shihong_5/for_spatioev/pancreas_Xenium_example_data_from_10X/Xenium_V1_Human_Ductal_Adenocarcinoma_FFPE_outs/morphology_focus/morphology_focus_0000.ome.tif,0,0.2125
hlonpfpa-1,955,43.12421875,1351849.0,1415.5486910994764,595.5475534891174,364.0,639.4,1369.0,2259.2,2737.0,1009.5,1.0,6993.1281525802815,4123.847284006942,0.8681705668898752,0.11716270194832416,365521501.9107518,4.024446850692024,1.823917410481994,verified_focus_dir0_dapi,/Volumes/Shihong_5/for_spatioev/pancreas_Xenium_example_data_from_10X/Xenium_V1_Human_Ductal_Adenocarcinoma_FFPE_outs/morphology_focus/morphology_focus_0000.ome.tif,0,0.2125
hmckodlo-1,3292,148.654375,2432813.0,739.0075941676793,297.6884236461813,238.0,415.1,686.0,1147.8000000000002,1863.0,393.0,1.0,7100.3896347304535,3932.786532138927,1.8580236363338491,0.1350539614153925,1468747993.609212,6.647678260147908,0.6940551508126774,verified_focus_dir0_dapi,/Volumes/Shihong_5/for_spatioev/pancreas_Xenium_example_data_from_10X/Xenium_V1_Human_Ductal_Adenocarcinoma_FFPE_outs/morphology_focus/morphology_focus_0000.ome.tif,0,0.2125
hmibmgol-1,2100,94.82812499999999,2362755.0,1125.1214285714286,499.86092924776125,149.0,417.0,1139.0,1810.0,2379.0,722.5,1.0,6953.47093281995,4189.621038364113,1.6264935690016742,0.14802283214929773,1028436949.4786215,6.536191452184856,0.740530767834859,verified_focus_dir0_dapi,/Volumes/Shihong_5/for_spatioev/pancreas_Xenium_example_data_from_10X/Xenium_V1_Human_Ductal_Adenocarcinoma_FFPE_outs/morphology_focus/morphology_focus_0000.ome.tif,0,0.2125
hncojgei-1,1842,83.17781249999999,1461905.0,793.6509229098806,258.20522326241803,308.0,509.0,734.5,1159.7000000000003,1688.0,362.75,1.0,6858.466181514872,4890.102052219535,0.75007826837117,0.07288661419923667,508307495.70166874,6.1244697382691164,0.6950127801682044,verified_focus_dir0_dapi,/Volumes/Shihong_5/for_spatioev/pancreas_Xenium_example_data_from_10X/Xenium_V1_Human_Ductal_Adenocarcinoma_FFPE_outs/morphology_focus/morphology_focus_0000.ome.tif,0,0.2125
hndjlgdn-1,2299,103.81421875,1046884.0,455.3649412788169,103.29920564565595,216.0,316.0,460.0,581.2000000000003,845.0,154.0,1.0,6945.072707315232,4665.23381414512,1.248130229632982,0.10856164678376137,495463431.0414745,5.53329350708789,0.662558123076036,verified_focus_dir0_dapi,/Volumes/Shihong_5/for_spatioev/pancreas_Xenium_example_data_from_10X/Xenium_V1_Human_Ductal_Adenocarcinoma_FFPE_outs/morphology_focus/morphology_focus_0000.ome.tif,0,0.2125
hodfbonp-1,1959,88.46109374999999,2337664.0,1193.2945380296069,479.81460977201095,452.0,665.8,1083.0,1941.6000000000001,2894.0,659.0,1.0,6994.686321815283,4933.732096063634,0.9926761571307481,0.09353547995872281,973238532.5218197,5.8557039789582115,0.8960783013032495,verified_focus_dir0_dapi,/Volumes/Shihong_5/for_spatioev/pancreas_Xenium_example_data_from_10X/Xenium_V1_Human_Ductal_Adenocarcinoma_FFPE_outs/morphology_focus/morphology_focus_0000.ome.tif,0,0.2125
hpglnbfg-1,3458,156.15031249999998,2140614.0,619.0323886639676,297.9835307654154,205.0,290.0,541.0,1080.3000000000002,1632.0,433.0,1.0,7151.899469100921,4352.454473436126,0.7153605704658822,0.05073393062238887,1367507103.0473685,6.5495909156792065,0.8432853551893402,verified_focus_dir0_dapi,/Volumes/Shihong_5/for_spatioev/pancreas_Xenium_example_data_from_10X/Xenium_V1_Human_Ductal_Adenocarcinoma_FFPE_outs/morphology_focus/morphology_focus_0000.ome.tif,0,0.2125
hpjklpop-1,1455,65.70234375,1111702.0,764.0563573883162,249.79371472602807,296.0,484.4,714.0,1135.6000000000001,1781.0,324.5,1.0,7224.004842900796,4095.4441493651175,0.43598308787949763,0.04766769508215336,402638589.8728418,5.966245809018091,0.6013132442049329,verified_focus_dir0_dapi,/Volumes/Shihong_5/for_spatioev/pancreas_Xenium_example_data_from_10X/Xenium_V1_Human_Ductal_Adenocarcinoma_FFPE_outs/morphology_focus/morphology_focus_0000.ome.tif,0,0.2125
hpmdmedh-1,2167,97.85359374999999,1629895.0,752.1435163820951,332.04112252091505,267.0,398.0,670.0,1208.4,2056.0,409.0,1.0,7407.4846697486655,4121.648863899209,1.1266231343303306,0.10093347264294772,658649003.2135689,6.312579870189257,0.7658982542613815,verified_focus_dir0_dapi,/Volumes/Shihong_5/for_spatioev/pancreas_Xenium_example_data_from_10X/Xenium_V1_Human_Ductal_Adenocarcinoma_FFPE_outs/morphology_focus/morphology_focus_0000.ome.tif,0,0.2125
hpndogll-1,547,24.70046875,481296.0,879.8829981718465,174.90568109553675,467.0,626.2,908.0,1091.0000000000002,1302.0,265.5,1.0,7304.340017447684,4612.9107483232765,0.556496132823367,0.0992326281842485,42403769.384135745,4.901397803392861,0.5834027593124003,verified_focus_dir0_dapi,/Volumes/Shihong_5/for_spatioev/pancreas_Xenium_example_data_from_10X/Xenium_V1_Human_Ductal_Adenocarcinoma_FFPE_outs/morphology_focus/morphology_focus_0000.ome.tif,0,0.2125
hpoibbap-1,234,10.566562499999998,244657.0,1045.542735042735,121.82164475568814,656.0,913.9,1039.5,1201.8000000000002,1372.0,160.0,1.0,7233.498460906494,4771.771492640717,0.2576052869231375,0.07023164641572253,10922237.387722403,4.759748370533724,0.19407221012589143,verified_focus_dir0_dapi,/Volumes/Shihong_5/for_spatioev/pancreas_Xenium_example_data_from_10X/Xenium_V1_Human_Ductal_Adenocarcinoma_FFPE_outs/morphology_focus/morphology_focus_0000.ome.tif,0,0.2125
ialajdpa-1,1378,62.225312499999994,1581886.0,1147.9579100145138,348.05676759389496,380.0,719.7,1112.0,1625.0,2211.0,426.25,1.0,7367.749085790632,4821.60792032422,1.4002137938596946,0.15730978923704747,571846160.4637806,4.832295584419582,1.093999845639705,verified_focus_dir0_dapi,/Volumes/Shihong_5/for_spatioev/pancreas_Xenium_example_data_from_10X/Xenium_V1_Human_Ductal_Adenocarcinoma_FFPE_outs/morphology_focus/morphology_focus_0000.ome.tif,0,0.2125
ialeghmi-1,3021,136.41703124999998,1912342.0,633.01621979477,218.63334366546266,187.0,372.0,605.0,942.0,1410.0,264.0,1.0,7307.590468938088,4824.63423116132,0.5741612729984819,0.0435656842753642,976270956.1174607,7.417166397295944,0.3429946273992908,verified_focus_dir0_dapi,/Volumes/Shihong_5/for_spatioev/pancreas_Xenium_example_data_from_10X/Xenium_V1_Human_Ductal_Adenocarcinoma_FFPE_outs/morphology_focus/morphology_focus_0000.ome.tif,0,0.2125
ialeokoi-1,1453,65.61203124999999,2041755.0,1405.1995870612525,691.8997547024401,367.0,698.4000000000001,1287.0,2453.5999999999995,3654.0,801.0,1.0,7294.7081747381535,4811.280376293924,1.2991798436146533,0.1421420167856682,562202384.7244924,6.524555443410149,0.6932650129038153,verified_focus_dir0_dapi,/Volumes/Shihong_5/for_spatioev/pancreas_Xenium_example_data_from_10X/Xenium_V1_Human_Ductal_Adenocarcinoma_FFPE_outs/morphology_focus/morphology_focus_0000.ome.tif,0,0.2125
iaomgbca-1,3617,163.33015625,7834022.0,2165.889411114183,837.8090269580063,562.0,1132.6,2075.0,3369.4,4594.0,1210.0,1.0,7487.414880124793,4434.497876245752,1.0427891628854589,0.07231164828920708,4729184493.270365,8.621893483496073,0.3756975559219491,verified_focus_dir0_dapi,/Volumes/Shihong_5/for_spatioev/pancreas_Xenium_example_data_from_10X/Xenium_V1_Human_Ductal_Adenocarcinoma_FFPE_outs/morphology_focus/morphology_focus_0000.ome.tif,0,0.2125
ibfmdalc-1,947,42.76296874999999,1005003.0,1061.2492080253433,402.24057166587875,380.0,620.6,974.0,1719.1999999999998,2240.0,541.5,1.0,7504.030236825164,4945.315413921649,0.6265347881605823,0.08490948501925784,189827082.52680835,5.865869968722249,0.656038577152473,verified_focus_dir0_dapi,/Volumes/Shihong_5/for_spatioev/pancreas_Xenium_example_data_from_10X/Xenium_V1_Human_Ductal_Adenocarcinoma_FFPE_outs/morphology_focus/morphology_focus_0000.ome.tif,0,0.2125
ibigbfdc-1,2140,96.63437499999999,2034909.0,950.8920560747664,325.06991488457106,371.0,543.0,933.0,1388.1000000000001,2023.0,502.5,1.0,7453.353529193442,4658.986010050081,2.838969651803402,0.25594100421638094,754770043.388583,6.775779974025377,0.5686982763437994,verified_focus_dir0_dapi,/Volumes/Shihong_5/for_spatioev/pancreas_Xenium_example_data_from_10X/Xenium_V1_Human_Ductal_Adenocarcinoma_FFPE_outs/morphology_focus/morphology_focus_0000.ome.tif,0,0.2125
ibpakcei-1,1759,79.42984374999999,1684531.0,957.6640136441159,252.60421940499592,284.0,592.8,977.0,1262.0,1677.0,328.0,1.0,9261.681299906324,4594.111934813012,0.15240532162430184,0.015154905001807743,466272571.3496741,6.724183981384337,0.41211842521100606,verified_focus_dir0_dapi,/Volumes/Shihong_5/for_spatioev/pancreas_Xenium_example_data_from_10X/Xenium_V1_Human_Ductal_Adenocarcinoma_FFPE_outs/morphology_focus/morphology_focus_0000.ome.tif,0,0.2125
icdhbjko-1,1238,55.903437499999995,2071135.0,1672.9684975767366,510.68488474952545,508.0,997.4,1669.5,2358.3,3398.0,666.75,1.0,9305.805825362662,4554.429698426225,0.6180595498553689,0.07325815979156161,371607777.8715545,6.765914969901539,0.4406947215608559,verified_focus_dir0_dapi,/Volumes/Shihong_5/for_spatioev/pancreas_Xenium_example_data_from_10X/Xenium_V1_Human_Ductal_Adenocarcinoma_FFPE_outs/morphology_focus/morphology_focus_0000.ome.tif,0,0.2125
iekphggg-1,1106,49.942812499999995,1499846.0,1356.0994575045208,414.58591627161263,472.0,867.0,1301.5,1918.0,2806.0,555.0,1.0,10463.53005143528,4943.637323931924,0.6154316088810075,0.07717706185564231,262269867.8491205,6.694274450086636,0.39398689365429573,verified_focus_dir0_dapi,/Volumes/Shihong_5/for_spatioev/pancreas_Xenium_example_data_from_10X/Xenium_V1_Human_Ductal_Adenocarcinoma_FFPE_outs/morphology_focus/morphology_focus_0000.ome.tif,0,0.2125
igookpph-1,2153,97.22140624999999,2358397.0,1095.400371574547,342.86210504318103,383.0,675.4000000000001,1060.0,1560.6,2211.0,451.0,1.0,10778.084248554209,4225.897358131392,0.7779538384593058,0.06992264035289271,869113551.5161883,6.463611366502268,0.6279428703968083,verified_focus_dir0_dapi,/Volumes/Shihong_5/for_spatioev/pancreas_Xenium_example_data_from_10X/Xenium_V1_Human_Ductal_Adenocarcinoma_FFPE_outs/morphology_focus/morphology_focus_0000.ome.tif,0,0.2125
igpjonbf-1,716,32.331875,405709.0,566.6326815642458,187.26311813158054,188.0,341.0,570.0,824.0,932.0,343.25,1.0,10833.069192543178,3622.29779466317,0.44049300573403105,0.06865442151284903,47495263.406382404,5.828198313156603,0.4247164533455989,verified_focus_dir0_dapi,/Volumes/Shihong_5/for_spatioev/pancreas_Xenium_example_data_from_10X/Xenium_V1_Human_Ductal_Adenocarcinoma_FFPE_outs/morphology_focus/morphology_focus_0000.ome.tif,0,0.2125
ihfihfod-1,1239,55.94859374999999,1142228.0,921.8950766747377,256.6688925198828,362.0,627.8,894.0,1315.2,1644.0,320.5,1.0,10783.00606621445,4005.814133572719,0.11141382933296073,0.013200471823863491,245746774.1979806,6.614728244305281,0.35192633409549917,verified_focus_dir0_dapi,/Volumes/Shihong_5/for_spatioev/pancreas_Xenium_example_data_from_10X/Xenium_V1_Human_Ductal_Adenocarcinoma_FFPE_outs/morphology_focus/morphology_focus_0000.ome.tif,0,0.2125
ihhfehhd-1,1944,87.78374999999998,1982996.0,1020.059670781893,318.6036948006604,440.0,618.3,991.0,1479.0,1956.0,484.0,1.0,10676.14353423431,3741.9078264908253,0.3481871674115371,0.03293446681831083,749922748.2335391,6.767222382985361,0.47382765231214274,verified_focus_dir0_dapi,/Volumes/Shihong_5/for_spatioev/pancreas_Xenium_example_data_from_10X/Xenium_V1_Human_Ductal_Adenocarcinoma_FFPE_outs/morphology_focus/morphology_focus_0000.ome.tif,0,0.2125
ihiccpml-1,1539,69.49546874999999,1433459.0,931.4223521767382,188.63927344215907,380.0,692.0,928.0,1179.2,1545.0,263.5,1.0,10533.516025371147,3730.7138824253084,0.21692838747755902,0.023061262769562618,366654816.2453576,6.355403190527419,0.411462542991897,verified_focus_dir0_dapi,/Volumes/Shihong_5/for_spatioev/pancreas_Xenium_example_data_from_10X/Xenium_V1_Human_Ductal_Adenocarcinoma_FFPE_outs/morphology_focus/morphology_focus_0000.ome.tif,0,0.2125
ihjgnjlf-1,452,20.410624999999996,245005.0,542.0464601769911,107.15492076891185,307.0,388.0,545.5,663.9000000000001,872.0,130.25,1.0,10633.9061928328,3819.4170355196834,0.257749381285572,0.0505608562751275,19807206.11154058,5.52973060832611,0.21513282209528944,verified_focus_dir0_dapi,/Volumes/Shihong_5/for_spatioev/pancreas_Xenium_example_data_from_10X/Xenium_V1_Human_Ductal_Adenocarcinoma_FFPE_outs/morphology_focus/morphology_focus_0000.ome.tif,0,0.2125
ihmnfhcd-1,1340,60.50937499999999,2007584.0,1498.1970149253732,433.922131734485,645.0,952.8,1455.5,2074.0,2674.0,723.0,1.0,10581.226562643205,4097.7385208663745,0.5745757531882075,0.06546073874438886,462285222.7695952,6.387892949387676,0.5469283259830683,verified_focus_dir0_dapi,/Volumes/Shihong_5/for_spatioev/pancreas_Xenium_example_data_from_10X/Xenium_V1_Human_Ductal_Adenocarcinoma_FFPE_outs/morphology_focus/morphology_focus_0000.ome.tif,0,0.2125
iibhmlhi-1,468,21.133124999999996,385810.0,824.3803418803419,219.59199880310908,421.0,572.0,765.0,1169.0,1342.0,304.5,1.0,10665.225123635986,4027.6751530222127,0.6487471657726874,0.12506579649072538,26530493.077641845,5.3196490512368,0.46018709241087546,verified_focus_dir0_dapi,/Volumes/Shihong_5/for_spatioev/pancreas_Xenium_example_data_from_10X/Xenium_V1_Human_Ductal_Adenocarcinoma_FFPE_outs/morphology_focus/morphology_focus_0000.ome.tif,0,0.2125
iiddhkco-1,2121,95.77640625,2566556.0,1210.068835454974,439.5256100401878,428.0,712.0,1081.0,1889.0,2395.0,670.0,1.0,10094.852096252722,3638.922720939072,1.316389900600544,0.1192065759834601,1012074953.7108511,6.737178047831347,0.644966000494807,verified_focus_dir0_dapi,/Volumes/Shihong_5/for_spatioev/pancreas_Xenium_example_data_from_10X/Xenium_V1_Human_Ductal_Adenocarcinoma_FFPE_outs/morphology_focus/morphology_focus_0000.ome.tif,0,0.2125
iifcpgfl-1,585,26.416406249999998,1303384.0,2228.0068376068375,698.4686986760181,893.0,1333.8,2178.0,3198.2,3860.0,1108.0,1.0,10274.550626868213,3638.9605098344,0.5077031548111178,0.08754229650769535,103931062.11326823,6.290618826467011,0.37744570320320087,verified_focus_dir0_dapi,/Volumes/Shihong_5/for_spatioev/pancreas_Xenium_example_data_from_10X/Xenium_V1_Human_Ductal_Adenocarcinoma_FFPE_outs/morphology_focus/morphology_focus_0000.ome.tif,0,0.2125
iiggmlem-1,345,15.578906249999998,563499.0,1633.3304347826088,331.8629642559388,812.0,1203.8,1621.0,2043.8000000000002,2490.0,494.0,1.0,10220.321118804115,3611.322768274655,0.2755621053533718,0.06187225618585751,42590080.45826523,4.748982869639743,0.5133263065203384,verified_focus_dir0_dapi,/Volumes/Shihong_5/for_spatioev/pancreas_Xenium_example_data_from_10X/Xenium_V1_Human_Ductal_Adenocarcinoma_FFPE_outs/morphology_focus/morphology_focus_0000.ome.tif,0,0.2125
iihigbbf-1,603,27.229218749999998,414848.0,687.9734660033167,168.4657799988088,269.0,471.4,686.0,917.8000000000001,1123.0,236.0,1.0,10148.610721788462,3566.908073981314,1.084823949359434,0.1842411410498845,69173260.92967784,4.425425744910012,0.9190406982840476,verified_focus_dir0_dapi,/Volumes/Shihong_5/for_spatioev/pancreas_Xenium_example_data_from_10X/Xenium_V1_Human_Ductal_Adenocarcinoma_FFPE_outs/morphology_focus/morphology_focus_0000.ome.tif,0,0.2125
iiofhlef-1,2236,100.96937499999999,1214036.0,542.9499105545617,117.41112116396589,265.0,397.0,533.0,704.0,951.0,167.0,1.0,10263.502044708723,3707.6359784841634,0.8335869123470788,0.0735192374922956,477592475.2401115,5.670862602767029,0.6034367858870907,verified_focus_dir0_dapi,/Volumes/Shihong_5/for_spatioev/pancreas_Xenium_example_data_from_10X/Xenium_V1_Human_Ductal_Adenocarcinoma_FFPE_outs/morphology_focus/morphology_focus_0000.ome.tif,0,0.2125
ijhhedim-1,859,38.789218749999996,1084477.0,1262.487776484284,340.62237192826336,290.0,849.6,1267.0,1681.0000000000002,2179.0,383.0,1.0,10109.840708989217,4239.649403376005,0.2689187094568991,0.03826576876429643,145998492.8624766,5.951400678089095,0.5021152750282472,verified_focus_dir0_dapi,/Volumes/Shihong_5/for_spatioev/pancreas_Xenium_example_data_from_10X/Xenium_V1_Human_Ductal_Adenocarcinoma_FFPE_outs/morphology_focus/morphology_focus_0000.ome.tif,0,0.2125
ikakenka-1,1097,49.53640624999999,2029837.0,1850.3527803099362,476.34266837604025,775.0,1228.0,1814.0,2569.0,3054.0,645.0,1.0,9923.53009247171,4437.351051075776,0.43270194383765936,0.054484320466317966,432487612.221941,6.070785732230188,0.577517538047096,verified_focus_dir0_dapi,/Volumes/Shihong_5/for_spatioev/pancreas_Xenium_example_data_from_10X/Xenium_V1_Human_Ductal_Adenocarcinoma_FFPE_outs/morphology_focus/morphology_focus_0000.ome.tif,0,0.2125
ikbnncog-1,1998,90.22218749999999,1905797.0,953.8523523523523,341.57171275872497,142.0,516.7,955.5,1409.6,1991.0,457.5,1.0,10024.251416152927,4291.325921156608,0.485629899181217,0.045309960316350324,756710246.8935895,7.087963372413961,0.4436258788894177,verified_focus_dir0_dapi,/Volumes/Shihong_5/for_spatioev/pancreas_Xenium_example_data_from_10X/Xenium_V1_Human_Ductal_Adenocarcinoma_FFPE_outs/morphology_focus/morphology_focus_0000.ome.tif,0,0.2125
ikdgfjnm-1,239,10.792343749999999,238391.0,997.4518828451883,401.2900285520228,226.0,482.4,1014.0,1499.0000000000005,2078.0,558.0,1.0,9945.630211973188,4271.226972652072,0.5261954315276898,0.14194958560011547,8927723.224064667,4.508110798605016,0.5804483960193162,verified_focus_dir0_dapi,/Volumes/Shihong_5/for_spatioev/pancreas_Xenium_example_data_from_10X/Xenium_V1_Human_Ductal_Adenocarcinoma_FFPE_outs/morphology_focus/morphology_focus_0000.ome.tif,0,0.2125
ikedimjd-1,437,19.733281249999997,538199.0,1231.5766590389017,396.4844212542339,341.0,675.8,1302.0,1674.2000000000005,2183.0,573.0,1.0,9899.765570425623,4235.15441997291,0.2945970680447141,0.05877243821000147,34185050.800655514,5.781244016966298,0.3858856716871031,verified_focus_dir0_dapi,/Volumes/Shihong_5/for_spatioev/pancreas_Xenium_example_data_from_10X/Xenium_V1_Human_Ductal_Adenocarcinoma_FFPE_outs/morphology_focus/morphology_focus_0000.ome.tif,0,0.2125
ikeomoce-1,614,27.725937499999997,722784.0,1177.172638436482,368.3473738002578,463.0,724.9,1151.0,1759.8000000000002,2183.0,494.5,1.0,10197.749565188216,3892.0748030877826,0.14343105967246808,0.024140431448404213,63794508.00025458,5.428875151293296,0.6182300155013478,verified_focus_dir0_dapi,/Volumes/Shihong_5/for_spatioev/pancreas_Xenium_example_data_from_10X/Xenium_V1_Human_Ductal_Adenocarcinoma_FFPE_outs/morphology_focus/morphology_focus_0000.ome.tif,0,0.2125
ikfldhmm-1,1367,61.728593749999995,917510.0,671.185076810534,263.7529409905708,287.0,379.0,607.0,1082.0,1541.0,383.5,1.0,10197.888577386078,3921.8491960305605,0.3528410576784142,0.0397997976704861,214654442.28176805,6.654296516758682,0.4445599852042625,verified_focus_dir0_dapi,/Volumes/Shihong_5/for_spatioev/pancreas_Xenium_example_data_from_10X/Xenium_V1_Human_Ductal_Adenocarcinoma_FFPE_outs/morphology_focus/morphology_focus_0000.ome.tif,0,0.2125
ikfmdbab-1,261,11.78578125,97794.0,374.6896551724138,81.06404123822986,226.0,264.0,375.0,494.0,550.0,125.0,1.0,10079.605245209317,3993.0775001533834,0.045909160686831395,0.011851275817479145,3866982.9632083764,4.928669026145105,0.22328962956080753,verified_focus_dir0_dapi,/Volumes/Shihong_5/for_spatioev/pancreas_Xenium_example_data_from_10X/Xenium_V1_Human_Ductal_Adenocarcinoma_FFPE_outs/morphology_focus/morphology_focus_0000.ome.tif,0,0.2125
ikfplilh-1,671,30.299843749999997,1153574.0,1719.1862891207154,419.04701284872147,736.0,1147.0,1767.0,2238.0,2559.0,671.5,1.0,10088.837110135542,3964.7152960603303,0.5747143337299082,0.09252876701608301,111167629.45634523,6.518458553430431,0.2824387726354167,verified_focus_dir0_dapi,/Volumes/Shihong_5/for_spatioev/pancreas_Xenium_example_data_from_10X/Xenium_V1_Human_Ductal_Adenocarcinoma_FFPE_outs/morphology_focus/morphology_focus_0000.ome.tif,0,0.2125
ikgccnok-1,572,25.829375,545045.0,952.8758741258741,134.978567238456,634.0,769.2,956.5,1126.0,1310.0,192.25,1.0,10082.530823808125,3956.362150120632,0.34381224408466005,0.05995278067190545,55562261.34469998,5.1469915565148785,0.4610349510509899,verified_focus_dir0_dapi,/Volumes/Shihong_5/for_spatioev/pancreas_Xenium_example_data_from_10X/Xenium_V1_Human_Ductal_Adenocarcinoma_FFPE_outs/morphology_focus/morphology_focus_0000.ome.tif,0,0.2125
ikgkhcei-1,2843,128.37921874999998,2931828.0,1031.244460077383,365.04276155405836,296.0,581.0,1009.0,1539.0,2216.0,532.0,1.0,10267.047993943539,3895.481961292579,0.8549434628762855,0.06687056188091428,1656424245.5387416,6.710617392869889,0.644818513768546,verified_focus_dir0_dapi,/Volumes/Shihong_5/for_spatioev/pancreas_Xenium_example_data_from_10X/Xenium_V1_Human_Ductal_Adenocarcinoma_FFPE_outs/morphology_focus/morphology_focus_0000.ome.tif,0,0.2125
ikglinfc-1,1606,72.52093749999999,1489233.0,927.2932752179328,200.2385017328011,405.0,695.5,907.0,1201.5,1589.0,254.75,1.0,10264.940980457726,3926.8283492660316,1.6569442773320049,0.17243329981261818,427368876.2301077,6.258153654651085,0.44094060534574614,verified_focus_dir0_dapi,/Volumes/Shihong_5/for_spatioev/pancreas_Xenium_example_data_from_10X/Xenium_V1_Human_Ductal_Adenocarcinoma_FFPE_outs/morphology_focus/morphology_focus_0000.ome.tif,0,0.2125
ikifghge-1,1449,65.43140625,2027457.0,1399.2111801242236,527.3231732438336,410.0,613.6,1441.0,2069.4,2744.0,788.0,1.0,10309.105548675016,3926.5688952774335,0.7609866563405807,0.083373657749942,540259933.2610477,6.913616992237681,0.4597991712516154,verified_focus_dir0_dapi,/Volumes/Shihong_5/for_spatioev/pancreas_Xenium_example_data_from_10X/Xenium_V1_Human_Ductal_Adenocarcinoma_FFPE_outs/morphology_focus/morphology_focus_0000.ome.tif,0,0.2125
ikjenped-1,663,29.938593749999995,502873.0,758.4811463046757,182.12061338437354,325.0,521.0,762.0,975.6000000000001,1533.0,211.0,1.0,10321.142497012168,4463.713299854038,0.9011217348861509,0.14595289274781323,64806848.85271628,6.183226858958644,0.2643045583564003,verified_focus_dir0_dapi,/Volumes/Shihong_5/for_spatioev/pancreas_Xenium_example_data_from_10X/Xenium_V1_Human_Ductal_Adenocarcinoma_FFPE_outs/morphology_focus/morphology_focus_0000.ome.tif,0,0.2125
ikodcbam-1,1501,67.77953124999999,1326631.0,883.8314457028648,270.2259206757163,282.0,559.0,856.0,1232.0,1879.0,315.0,1.0,10283.236552948785,4380.306093357912,0.47897177769169696,0.05155913047607336,329011606.61348486,6.997294039138856,0.37006799225935666,verified_focus_dir0_dapi,/Volumes/Shihong_5/for_spatioev/pancreas_Xenium_example_data_from_10X/Xenium_V1_Human_Ductal_Adenocarcinoma_FFPE_outs/morphology_focus/morphology_focus_0000.ome.tif,0,0.2125
ikpakdlj-1,506,22.8490625,482795.0,954.1403162055336,461.8650989622681,394.0,577.0,792.0,1863.0,2360.0,334.5,1.0,10377.709010734368,4409.442814082581,0.7276158528396518,0.13490029534789866,42786833.567062624,5.478327388992876,0.49337307152819015,verified_focus_dir0_dapi,/Volumes/Shihong_5/for_spatioev/pancreas_Xenium_example_data_from_10X/Xenium_V1_Human_Ductal_Adenocarcinoma_FFPE_outs/morphology_focus/morphology_focus_0000.ome.tif,0,0.2125
ilelbflb-1,744,33.59625,382134.0,513.6209677419355,141.98184001373954,202.0,329.3,508.0,709.0,880.0,220.25,1.0,10560.868146841161,4381.575649837491,0.9912692169274878,0.15156228989740292,71629391.43596749,4.9540668564656025,0.7223600528753911,verified_focus_dir0_dapi,/Volumes/Shihong_5/for_spatioev/pancreas_Xenium_example_data_from_10X/Xenium_V1_Human_Ductal_Adenocarcinoma_FFPE_outs/morphology_focus/morphology_focus_0000.ome.tif,0,0.2125
ilgobcfc-1,1119,50.52984375,1074198.0,959.9624664879357,180.93250763137348,530.0,717.6,961.0,1188.4,1512.0,281.0,1.0,10510.023399445447,4335.580765243,0.784752972286681,0.09783718134075631,331489925.1457348,4.508377816907428,1.0861205283019297,verified_focus_dir0_dapi,/Volumes/Shihong_5/for_spatioev/pancreas_Xenium_example_data_from_10X/Xenium_V1_Human_Ductal_Adenocarcinoma_FFPE_outs/morphology_focus/morphology_focus_0000.ome.tif,0,0.2125
ilhkmehi-1,1450,65.47656249999999,1598664.0,1102.5268965517241,384.68654812854874,348.0,598.0,1064.5,1632.1000000000001,2173.0,500.75,1.0,10477.074413557195,4297.811846016423,0.28385062859291016,0.03108793430426337,382894497.7554133,6.699138756533794,0.4970527966148717,verified_focus_dir0_dapi,/Volumes/Shihong_5/for_spatioev/pancreas_Xenium_example_data_from_10X/Xenium_V1_Human_Ductal_Adenocarcinoma_FFPE_outs/morphology_focus/morphology_focus_0000.ome.tif,0,0.2125
iliacbeg-1,1748,78.93312499999999,2203277.0,1260.4559496567506,343.2711596109782,498.0,840.4000000000001,1213.5,1746.4999999999998,2354.0,482.5,1.0,10354.86397488264,4256.296459342153,0.461416047469556,0.04602650379210753,606236445.5744629,7.580425389484512,0.25838533277984155,verified_focus_dir0_dapi,/Volumes/Shihong_5/for_spatioev/pancreas_Xenium_example_data_from_10X/Xenium_V1_Human_Ductal_Adenocarcinoma_FFPE_outs/morphology_focus/morphology_focus_0000.ome.tif,0,0.2125
ilillpej-1,1555,70.21796875,1523395.0,979.6752411575562,373.2154287647131,335.0,520.0,924.0,1552.4000000000005,1946.0,533.5,1.0,10178.771556392136,4037.944784995027,0.27833691274103234,0.029436869018265352,391421512.7272703,6.6236548450451584,0.5319021338218567,verified_focus_dir0_dapi,/Volumes/Shihong_5/for_spatioev/pancreas_Xenium_example_data_from_10X/Xenium_V1_Human_Ductal_Adenocarcinoma_FFPE_outs/morphology_focus/morphology_focus_0000.ome.tif,0,0.2125
iliocked-1,2862,129.23718749999998,3825335.0,1336.595038434661,400.16364037841254,390.0,807.1,1326.0,1851.0,2620.0,541.75,1.0,10135.014926225414,4051.4154458171633,0.24056587547904285,0.018753624407683633,1752045320.1143706,7.479461221938066,0.4395346108816255,verified_focus_dir0_dapi,/Volumes/Shihong_5/for_spatioev/pancreas_Xenium_example_data_from_10X/Xenium_V1_Human_Ductal_Adenocarcinoma_FFPE_outs/morphology_focus/morphology_focus_0000.ome.tif,0,0.2125
iljjnjoo-1,247,11.153593749999999,429830.0,1740.2024291497976,360.8439605712404,861.0,1250.8,1718.0,2206.2,2599.0,425.5,1.0,10122.312224222367,4122.123501791406,0.3491818947128741,0.09265934947348298,16868355.83047484,5.340225405127153,0.1892798960138988,verified_focus_dir0_dapi,/Volumes/Shihong_5/for_spatioev/pancreas_Xenium_example_data_from_10X/Xenium_V1_Human_Ductal_Adenocarcinoma_FFPE_outs/morphology_focus/morphology_focus_0000.ome.tif,0,0.2125
imahbegl-1,551,24.881093749999998,961555.0,1745.10889292196,469.1915769424351,729.0,1143.0,1687.0,2419.0,2933.0,617.5,1.0,10346.266151897187,3936.4393885425166,0.520069862225632,0.09239998362150031,85230693.7961323,6.034099336110575,0.3430020715974477,verified_focus_dir0_dapi,/Volumes/Shihong_5/for_spatioev/pancreas_Xenium_example_data_from_10X/Xenium_V1_Human_Ductal_Adenocarcinoma_FFPE_outs/morphology_focus/morphology_focus_0000.ome.tif,0,0.2125
imckijko-1,1059,47.820468749999996,498647.0,470.86591123701606,205.28522491605293,193.0,282.8,437.0,631.2,1883.0,187.5,1.0,10125.869857384081,3900.711887241876,0.16026029825038332,0.020538275391668002,82428360.40120967,5.894691630142749,0.520085637128232,verified_focus_dir0_dapi,/Volumes/Shihong_5/for_spatioev/pancreas_Xenium_example_data_from_10X/Xenium_V1_Human_Ductal_Adenocarcinoma_FFPE_outs/morphology_focus/morphology_focus_0000.ome.tif,0,0.2125
imddegak-1,1138,51.387812499999995,861795.0,757.2891036906855,244.77925187483876,303.0,459.0,721.5,1066.9,1497.0,380.75,1.0,10140.95766793437,3805.190161639369,0.4981840581190033,0.06158921961641952,171971023.51954234,6.219145900617856,0.5278943091251291,verified_focus_dir0_dapi,/Volumes/Shihong_5/for_spatioev/pancreas_Xenium_example_data_from_10X/Xenium_V1_Human_Ductal_Adenocarcinoma_FFPE_outs/morphology_focus/morphology_focus_0000.ome.tif,0,0.2125
imhinppk-1,1394,62.94781249999999,1897258.0,1361.0172166427546,472.15328316404083,524.0,747.5,1347.0,2007.4,2572.0,765.75,1.0,10353.489091118603,4205.16576468514,0.9499833252454473,0.10611349081157023,438778967.72374916,6.357120202385684,0.5673785186926316,verified_focus_dir0_dapi,/Volumes/Shihong_5/for_spatioev/pancreas_Xenium_example_data_from_10X/Xenium_V1_Human_Ductal_Adenocarcinoma_FFPE_outs/morphology_focus/morphology_focus_0000.ome.tif,0,0.2125
imhjdnca-1,2001,90.35765624999999,3017199.0,1507.8455772113944,425.68440191844104,540.0,1001.0,1463.0,2120.0,2839.0,627.0,1.0,10358.524543546017,4209.824355097227,0.10958568641352147,0.010216832990703898,1425714430.8951209,6.435929514351313,0.5747519093618164,verified_focus_dir0_dapi,/Volumes/Shihong_5/for_spatioev/pancreas_Xenium_example_data_from_10X/Xenium_V1_Human_Ductal_Adenocarcinoma_FFPE_outs/morphology_focus/morphology_focus_0000.ome.tif,0,0.2125
imhkeafd-1,388,17.520625,522639.0,1347.0077319587629,343.66625869133156,596.0,827.9,1365.0,1770.9,2241.0,420.5,1.0,10342.975396593058,4179.8426223932765,0.5897727770842721,0.12486906674738196,33913306.34127572,5.394306738306318,0.358584792293174,verified_focus_dir0_dapi,/Volumes/Shihong_5/for_spatioev/pancreas_Xenium_example_data_from_10X/Xenium_V1_Human_Ductal_Adenocarcinoma_FFPE_outs/morphology_focus/morphology_focus_0000.ome.tif,0,0.2125
iminpjhc-1,630,28.448437499999997,251395.0,399.03968253968253,89.78296589542242,223.0,284.0,395.0,509.1,719.0,152.5,1.0,10258.549615843593,4102.151867429742,0.23670405689006832,0.03932977238198061,24373441.07527994,5.398811609222957,0.3595976539066089,verified_focus_dir0_dapi,/Volumes/Shihong_5/for_spatioev/pancreas_Xenium_example_data_from_10X/Xenium_V1_Human_Ductal_Adenocarcinoma_FFPE_outs/morphology_focus/morphology_focus_0000.ome.tif,0,0.2125
imjoehgb-1,841,37.97640625,1222023.0,1453.0594530321046,313.77650018096097,612.0,1021.0,1489.0,1807.0,2307.0,426.0,1.0,10369.947169181758,3944.6330172386283,0.3069755368364639,0.044146042385361337,207965882.2785005,6.288313017848269,0.3026887393359623,verified_focus_dir0_dapi,/Volumes/Shihong_5/for_spatioev/pancreas_Xenium_example_data_from_10X/Xenium_V1_Human_Ductal_Adenocarcinoma_FFPE_outs/morphology_focus/morphology_focus_0000.ome.tif,0,0.2125
imkjjnpe-1,2438,110.09093749999998,3370155.0,1382.3441345365054,341.5869975503413,594.0,918.7,1384.5,1840.0,2213.0,532.0,1.0,10285.339352062441,4006.2049616189756,0.5281750314673356,0.044611520182376546,1454633480.5545537,6.376734904236913,0.6550757218387084,verified_focus_dir0_dapi,/Volumes/Shihong_5/for_spatioev/pancreas_Xenium_example_data_from_10X/Xenium_V1_Human_Ductal_Adenocarcinoma_FFPE_outs/morphology_focus/morphology_focus_0000.ome.tif,0,0.2125
jagghnpd-1,969,43.75640625,934332.0,964.2229102167182,760.7987844051244,264.0,407.0,583.0,2113.2000000000016,3585.0,811.0,1.0,9210.000644069774,2049.219971193323,2.334788046712603,0.3128034821286888,153940304.68793535,5.678543784656853,1.2449868822142476,verified_focus_dir0_dapi,/Volumes/Shihong_5/for_spatioev/pancreas_Xenium_example_data_from_10X/Xenium_V1_Human_Ductal_Adenocarcinoma_FFPE_outs/morphology_focus/morphology_focus_0000.ome.tif,0,0.2125
jcnngpod-1,670,30.254687499999996,763668.0,1139.8029850746268,296.1185623633952,556.0,795.9,1098.0,1527.1,2160.0,415.0,1.0,9019.960993848112,2221.161669992719,0.5904135444650506,0.09512724448166474,107079634.45589444,5.76335040672869,0.38811276431874514,verified_focus_dir0_dapi,/Volumes/Shihong_5/for_spatioev/pancreas_Xenium_example_data_from_10X/Xenium_V1_Human_Ductal_Adenocarcinoma_FFPE_outs/morphology_focus/morphology_focus_0000.ome.tif,0,0.2125
jenhlmia-1,255,11.514843749999999,200598.0,786.6588235294117,330.650252504015,338.0,447.4,698.0,1261.6,1774.0,433.0,1.0,9437.473218514142,2004.847184480902,0.214886556966714,0.05612096931465488,8953579.392526347,4.7383574489463145,0.43226788487052525,verified_focus_dir0_dapi,/Volumes/Shihong_5/for_spatioev/pancreas_Xenium_example_data_from_10X/Xenium_V1_Human_Ductal_Adenocarcinoma_FFPE_outs/morphology_focus/morphology_focus_0000.ome.tif,0,0.2125
jenmjbfc-1,1146,51.749062499999994,2360559.0,2059.824607329843,832.3836615334586,570.0,971.0,2051.0,3284.0,3884.0,1356.5,1.0,9402.238128458132,2244.645368109842,0.617973914342052,0.07613140429104204,456494423.88237613,6.542614923526938,0.6264767332651386,verified_focus_dir0_dapi,/Volumes/Shihong_5/for_spatioev/pancreas_Xenium_example_data_from_10X/Xenium_V1_Human_Ductal_Adenocarcinoma_FFPE_outs/morphology_focus/morphology_focus_0000.ome.tif,0,0.2125
jennkljd-1,1743,78.70734374999999,2145007.0,1230.6408491107286,309.0847492165317,433.0,865.0,1192.0,1694.0,2117.0,469.5,1.0,9391.56289906047,2250.8867101191277,0.4789717839934603,0.04784617703014341,593263272.6495848,7.149830238753086,0.3522757693747871,verified_focus_dir0_dapi,/Volumes/Shihong_5/for_spatioev/pancreas_Xenium_example_data_from_10X/Xenium_V1_Human_Ductal_Adenocarcinoma_FFPE_outs/morphology_focus/morphology_focus_0000.ome.tif,0,0.2125
jepmpchp-1,275,12.417968749999998,98147.0,356.8981818181818,89.97981893111385,171.0,261.8,340.0,484.2,689.0,127.0,1.0,9460.316090405207,2244.3545794828165,0.34094037388362014,0.08574288505612447,5905880.877072146,3.9654757231854156,0.5902602783062013,verified_focus_dir0_dapi,/Volumes/Shihong_5/for_spatioev/pancreas_Xenium_example_data_from_10X/Xenium_V1_Human_Ductal_Adenocarcinoma_FFPE_outs/morphology_focus/morphology_focus_0000.ome.tif,0,0.2125
jfingocg-1,1503,67.86984374999999,3464192.0,2304.851630073187,677.7704898674284,994.0,1509.2,2234.0,3214.2,4666.0,873.5,1.0,9666.056842439737,2029.3052385339786,0.8229366785284645,0.08852642685792794,1152238408.1183708,5.83114874189568,0.7779027364096467,verified_focus_dir0_dapi,/Volumes/Shihong_5/for_spatioev/pancreas_Xenium_example_data_from_10X/Xenium_V1_Human_Ductal_Adenocarcinoma_FFPE_outs/morphology_focus/morphology_focus_0000.ome.tif,0,0.2125
jfjhlljm-1,1326,59.87718749999999,1283009.0,967.5784313725491,259.0967593899002,449.0,654.0,928.0,1341.0,1642.0,401.0,1.0,9598.857883625524,2075.2993505404093,0.7857583707995054,0.0899918667219925,270756864.5124952,7.154015593977046,0.26146769240008394,verified_focus_dir0_dapi,/Volumes/Shihong_5/for_spatioev/pancreas_Xenium_example_data_from_10X/Xenium_V1_Human_Ductal_Adenocarcinoma_FFPE_outs/morphology_focus/morphology_focus_0000.ome.tif,0,0.2125
jikjdadj-1,718,32.4221875,1022152.0,1423.6100278551532,276.6129724020792,676.0,1004.1,1448.5,1752.2000000000003,2129.0,356.5,1.0,10499.646566997862,1828.7815183309328,0.3002596104937936,0.04673268146767453,125547671.47714627,5.172150580688923,0.661191516678561,verified_focus_dir0_dapi,/Volumes/Shihong_5/for_spatioev/pancreas_Xenium_example_data_from_10X/Xenium_V1_Human_Ductal_Adenocarcinoma_FFPE_outs/morphology_focus/morphology_focus_0000.ome.tif,0,0.2125
jjpohkif-1,1410,63.670312499999994,2426971.0,1721.2560283687944,709.7793556734758,335.0,932.9,1562.5,2747.300000000002,3893.0,989.0,1.0,9837.40441054405,2035.0666481336202,0.17176152112143636,0.019076659477842407,602343117.8502883,7.190970092456314,0.47958464236089293,verified_focus_dir0_dapi,/Volumes/Shihong_5/for_spatioev/pancreas_Xenium_example_data_from_10X/Xenium_V1_Human_Ductal_Adenocarcinoma_FFPE_outs/morphology_focus/morphology_focus_0000.ome.tif,0,0.2125
jkljpndd-1,1455,65.70234375,1600414.0,1099.9408934707903,377.919683567908,482.0,634.4,1024.0,1635.8000000000004,2099.0,599.0,1.0,9992.032912780693,2163.6097506957576,0.729518305843644,0.07976102084357756,464771253.499547,6.675341436593396,0.47368895206998257,verified_focus_dir0_dapi,/Volumes/Shihong_5/for_spatioev/pancreas_Xenium_example_data_from_10X/Xenium_V1_Human_Ductal_Adenocarcinoma_FFPE_outs/morphology_focus/morphology_focus_0000.ome.tif,0,0.2125
jkmcnhml-1,96,4.334999999999999,153285.0,1596.71875,484.7689463188666,824.0,1026.5,1526.0,2325.5,2521.0,761.75,1.0,10119.666549075253,2102.801935447043,0.18169099642618747,0.07733637232701823,2003259.3779560952,3.985914748071928,0.22935778587345096,verified_focus_dir0_dapi,/Volumes/Shihong_5/for_spatioev/pancreas_Xenium_example_data_from_10X/Xenium_V1_Human_Ductal_Adenocarcinoma_FFPE_outs/morphology_focus/morphology_focus_0000.ome.tif,0,0.2125
jkoffmli-1,241,10.882656249999998,732599.0,3039.829875518672,610.2243313267163,1460.0,2145.0,3180.0,3730.0,4083.0,970.0,1.0,9875.385251020682,2366.447480442916,0.21976654847551297,0.05903901082809497,27184123.353250552,5.087493603003818,0.27996971107076596,verified_focus_dir0_dapi,/Volumes/Shihong_5/for_spatioev/pancreas_Xenium_example_data_from_10X/Xenium_V1_Human_Ductal_Adenocarcinoma_FFPE_outs/morphology_focus/morphology_focus_0000.ome.tif,0,0.2125
jlaeekej-1,1203,54.322968749999994,2199246.0,1828.1346633416458,640.6212917072332,488.0,1010.4,1760.0,2852.8,3469.0,805.0,1.0,9904.822388775518,2173.391427095923,0.763997459062973,0.09186394817478997,378597641.0934893,7.053217821636883,0.4222483416049006,verified_focus_dir0_dapi,/Volumes/Shihong_5/for_spatioev/pancreas_Xenium_example_data_from_10X/Xenium_V1_Human_Ductal_Adenocarcinoma_FFPE_outs/morphology_focus/morphology_focus_0000.ome.tif,0,0.2125
jlajhdbf-1,1616,72.9725,1705212.0,1055.2054455445545,321.46407783247366,368.0,625.0,1033.0,1493.0,2043.0,420.25,1.0,9891.817521970874,2129.453048601875,0.8721564126215853,0.09048148223108853,458035204.9121253,6.687349157362646,0.4663449308700179,verified_focus_dir0_dapi,/Volumes/Shihong_5/for_spatioev/pancreas_Xenium_example_data_from_10X/Xenium_V1_Human_Ductal_Adenocarcinoma_FFPE_outs/morphology_focus/morphology_focus_0000.ome.tif,0,0.2125
jlbbofpe-1,459,20.726718749999996,625275.0,1362.2549019607843,450.9947735700688,632.0,863.0,1292.0,2059.2,2579.0,606.5,1.0,9921.756152372956,2106.22214331694,0.17262178610969522,0.03360278470806859,64762079.5179721,4.265637383273981,1.0382776379903134,verified_focus_dir0_dapi,/Volumes/Shihong_5/for_spatioev/pancreas_Xenium_example_data_from_10X/Xenium_V1_Human_Ductal_Adenocarcinoma_FFPE_outs/morphology_focus/morphology_focus_0000.ome.tif,0,0.2125
jlblifkg-1,329,14.85640625,527272.0,1602.6504559270518,529.3311108667268,573.0,820.4,1660.0,2261.0,2701.0,878.0,1.0,9951.581601028502,2073.2391084440287,0.3319699478962168,0.07632851755022765,27212349.705666143,5.674724700612267,0.2839857401630025,verified_focus_dir0_dapi,/Volumes/Shihong_5/for_spatioev/pancreas_Xenium_example_data_from_10X/Xenium_V1_Human_Ductal_Adenocarcinoma_FFPE_outs/morphology_focus/morphology_focus_0000.ome.tif,0,0.2125
jlehfdbc-1,143,6.45734375,381219.0,2665.867132867133,809.332628790318,1004.0,1567.8,2663.0,3766.2,4131.0,1418.5,1.0,10223.857926775685,1944.1581041671584,0.11589198377798969,0.04041768031602132,7543691.90286948,4.323261407595705,0.2994320342910844,verified_focus_dir0_dapi,/Volumes/Shihong_5/for_spatioev/pancreas_Xenium_example_data_from_10X/Xenium_V1_Human_Ductal_Adenocarcinoma_FFPE_outs/morphology_focus/morphology_focus_0000.ome.tif,0,0.2125
jlgfflnm-1,473,21.358906249999997,276725.0,585.0422832980972,134.4322109978548,284.0,410.4,590.0,763.8,866.0,228.0,1.0,10172.63379654892,1938.0243942090522,0.1281228378414744,0.02456868914119544,24449380.336579636,5.223846968293608,0.39420902517134865,verified_focus_dir0_dapi,/Volumes/Shihong_5/for_spatioev/pancreas_Xenium_example_data_from_10X/Xenium_V1_Human_Ductal_Adenocarcinoma_FFPE_outs/morphology_focus/morphology_focus_0000.ome.tif,0,0.2125
jllbdipn-1,1608,72.61125,1623476.0,1009.6243781094528,237.22410411857817,520.0,727.0,965.0,1368.3,1836.0,292.0,1.0,10235.781327118479,1991.2075516130205,1.0734410429129422,0.11164034773909293,577686892.799612,5.24929630494289,0.8829017073259054,verified_focus_dir0_dapi,/Volumes/Shihong_5/for_spatioev/pancreas_Xenium_example_data_from_10X/Xenium_V1_Human_Ductal_Adenocarcinoma_FFPE_outs/morphology_focus/morphology_focus_0000.ome.tif,0,0.2125
jlppmahl-1,711,32.10609375,323208.0,454.5822784810127,138.9525358697195,179.0,267.0,456.0,640.0,733.0,228.5,1.0,10276.816408087052,1681.2548119941337,0.2784438678530788,0.04355007064429104,39854943.3480607,5.256899733354762,0.6222448599693678,verified_focus_dir0_dapi,/Volumes/Shihong_5/for_spatioev/pancreas_Xenium_example_data_from_10X/Xenium_V1_Human_Ductal_Adenocarcinoma_FFPE_outs/morphology_focus/morphology_focus_0000.ome.tif,0,0.2125
kcfmaodk-1,1295,58.477343749999996,1411268.0,1089.7822393822394,404.33788060517213,288.0,581.4,1051.0,1650.8000000000004,2229.0,597.0,1.0,8645.621605942317,1978.0638889105398,0.6569399776749878,0.0761336784413315,416740780.57367414,6.10442220528068,0.6902542174847053,verified_focus_dir0_dapi,/Volumes/Shihong_5/for_spatioev/pancreas_Xenium_example_data_from_10X/Xenium_V1_Human_Ductal_Adenocarcinoma_FFPE_outs/morphology_focus/morphology_focus_0000.ome.tif,0,0.2125
kcmgcamg-1,1471,66.42484375,1952292.0,1327.1869476546567,545.9492507158229,444.0,669.0,1244.0,2080.0,3020.0,875.0,1.0,8714.356171976322,4266.862910978481,0.7578611909064616,0.08240799312057641,503364596.0641707,7.17664334766432,0.4507452795417232,verified_focus_dir0_dapi,/Volumes/Shihong_5/for_spatioev/pancreas_Xenium_example_data_from_10X/Xenium_V1_Human_Ductal_Adenocarcinoma_FFPE_outs/morphology_focus/morphology_focus_0000.ome.tif,0,0.2125
kcogpbnc-1,675,30.480468749999996,297865.0,441.2814814814815,120.76239614934418,242.0,305.4,416.0,613.0,859.0,191.5,1.0,8721.403405779465,4347.651377427694,0.4401651405379262,0.0706561167403105,30386171.560096018,6.167671944514633,0.23291251865097978,verified_focus_dir0_dapi,/Volumes/Shihong_5/for_spatioev/pancreas_Xenium_example_data_from_10X/Xenium_V1_Human_Ductal_Adenocarcinoma_FFPE_outs/morphology_focus/morphology_focus_0000.ome.tif,0,0.2125
kcoiobpp-1,160,7.225,177249.0,1107.80625,243.4755762102998,521.0,755.1,1166.0,1378.1,1492.0,398.75,1.0,8703.245680088463,4352.309970013935,0.30189582782780894,0.09953667430835592,4125057.371279951,4.353734387633003,0.27105852885214243,verified_focus_dir0_dapi,/Volumes/Shihong_5/for_spatioev/pancreas_Xenium_example_data_from_10X/Xenium_V1_Human_Ductal_Adenocarcinoma_FFPE_outs/morphology_focus/morphology_focus_0000.ome.tif,0,0.2125
kdkbojch-1,586,26.461562499999996,1539195.0,2626.6126279863483,614.6461023805422,1117.0,1799.0,2629.5,3446.0,4165.0,853.0,1.0,8709.768396402016,4816.778831329039,0.32748167626321406,0.05641884654939261,155344546.59057367,5.592293703352331,0.490859910039151,verified_focus_dir0_dapi,/Volumes/Shihong_5/for_spatioev/pancreas_Xenium_example_data_from_10X/Xenium_V1_Human_Ductal_Adenocarcinoma_FFPE_outs/morphology_focus/morphology_focus_0000.ome.tif,0,0.2125
kdmdkpbn-1,896,40.459999999999994,323281.0,360.8046875,92.76235008934806,204.0,261.0,342.0,481.5,787.0,95.0,1.0,8655.996114525753,4641.27343185959,0.48959593040276767,0.06821341630878183,49829801.51113118,5.433608297386039,0.4112626761466377,verified_focus_dir0_dapi,/Volumes/Shihong_5/for_spatioev/pancreas_Xenium_example_data_from_10X/Xenium_V1_Human_Ductal_Adenocarcinoma_FFPE_outs/morphology_focus/morphology_focus_0000.ome.tif,0,0.2125
kdmlakkc-1,1206,54.458437499999995,1361155.0,1128.6525704809287,542.5592900990903,337.0,600.5,970.0,2006.5,3106.0,512.25,1.0,8784.336003467643,4686.683098893954,0.5878717956469527,0.07059841923789598,272977569.5035907,6.007410336141671,0.8596565413426093,verified_focus_dir0_dapi,/Volumes/Shihong_5/for_spatioev/pancreas_Xenium_example_data_from_10X/Xenium_V1_Human_Ductal_Adenocarcinoma_FFPE_outs/morphology_focus/morphology_focus_0000.ome.tif,0,0.2125
kefcfflm-1,472,21.31375,175704.0,372.2542372881356,140.3708729529414,153.0,208.1,343.0,583.9000000000001,716.0,232.5,1.0,8680.707284125576,3742.2621156177433,0.5275968983329231,0.10127849537488991,17978586.215538632,4.192563147389026,0.79129701936009,verified_focus_dir0_dapi,/Volumes/Shihong_5/for_spatioev/pancreas_Xenium_example_data_from_10X/Xenium_V1_Human_Ductal_Adenocarcinoma_FFPE_outs/morphology_focus/morphology_focus_0000.ome.tif,0,0.2125
kelafiba-1,830,37.4796875,1284065.0,1547.066265060241,476.1108271246594,755.0,975.8,1478.0,2229.0,3153.0,498.0,1.0,8715.144183374674,4206.139077723869,0.45566404230993485,0.06596168157642869,322501149.8768365,3.9050657450371906,1.4660620687575034,verified_focus_dir0_dapi,/Volumes/Shihong_5/for_spatioev/pancreas_Xenium_example_data_from_10X/Xenium_V1_Human_Ductal_Adenocarcinoma_FFPE_outs/morphology_focus/morphology_focus_0000.ome.tif,0,0.2125
kemkofbj-1,795,35.899218749999996,503759.0,633.6591194968554,218.4902876858859,323.0,445.0,555.0,989.2,1324.0,226.0,1.0,8525.580343601801,4202.270322267195,0.5848808798557817,0.08651070798191754,68069979.28997397,6.478731844384569,0.2549566307906469,verified_focus_dir0_dapi,/Volumes/Shihong_5/for_spatioev/pancreas_Xenium_example_data_from_10X/Xenium_V1_Human_Ductal_Adenocarcinoma_FFPE_outs/morphology_focus/morphology_focus_0000.ome.tif,0,0.2125
kfbeobfe-1,1642,74.14656249999999,1852224.0,1128.0292326431181,411.46428502890035,358.0,591.0,1122.0,1644.0,2746.0,571.5,1.0,8732.785346251316,4024.910599939586,1.1950810583578362,0.12299764407204866,523067223.13166606,7.228005769301796,0.39323749976396977,verified_focus_dir0_dapi,/Volumes/Shihong_5/for_spatioev/pancreas_Xenium_example_data_from_10X/Xenium_V1_Human_Ductal_Adenocarcinoma_FFPE_outs/morphology_focus/morphology_focus_0000.ome.tif,0,0.2125
kgfcbigf-1,4175,188.52734374999997,3349201.0,802.2038323353294,262.2681726411399,240.0,464.0,790.0,1154.6,1641.0,399.0,1.0,8733.100952660052,2862.6358096005583,0.512621143680369,0.033086763076105544,3930196500.9287453,6.268335566289093,0.7545788415710782,verified_focus_dir0_dapi,/Volumes/Shihong_5/for_spatioev/pancreas_Xenium_example_data_from_10X/Xenium_V1_Human_Ductal_Adenocarcinoma_FFPE_outs/morphology_focus/morphology_focus_0000.ome.tif,0,0.2125
kgfncpbc-1,1467,66.24421874999999,1497052.0,1020.4853442399454,416.46276437030207,255.0,513.6,963.0,1679.6000000000004,2193.0,536.0,1.0,8773.566037385475,2969.6240508679725,1.989620688175803,0.21664129221389675,408528216.16327554,5.586598748325791,0.9308029381181024,verified_focus_dir0_dapi,/Volumes/Shihong_5/for_spatioev/pancreas_Xenium_example_data_from_10X/Xenium_V1_Human_Ductal_Adenocarcinoma_FFPE_outs/morphology_focus/morphology_focus_0000.ome.tif,0,0.2125
khhkgiia-1,398,17.972187499999997,289191.0,726.6105527638191,257.8410004182411,307.0,394.4,718.0,1046.3,1663.0,366.25,1.0,7661.430890181576,4077.015422506233,0.28219204706182394,0.058991472964803594,25511830.99367546,4.830713291576668,0.5473497744457227,verified_focus_dir0_dapi,/Volumes/Shihong_5/for_spatioev/pancreas_Xenium_example_data_from_10X/Xenium_V1_Human_Ductal_Adenocarcinoma_FFPE_outs/morphology_focus/morphology_focus_0000.ome.tif,0,0.2125
khifdfho-1,3697,166.94265624999997,4311189.0,1166.1317284284555,749.2286317013416,156.0,363.6,967.0,2380.4,3301.0,1108.0,1.0,7716.626896388096,3999.0050841542784,0.6408270503031572,0.043954375773375826,2153391654.8597527,8.336643338140412,0.7519660274835295,verified_focus_dir0_dapi,/Volumes/Shihong_5/for_spatioev/pancreas_Xenium_example_data_from_10X/Xenium_V1_Human_Ductal_Adenocarcinoma_FFPE_outs/morphology_focus/morphology_focus_0000.ome.tif,0,0.2125
khkpoiac-1,2769,125.03765624999998,2228190.0,804.6912242686891,299.3337208139194,138.0,425.8,797.0,1194.0,1937.0,361.0,1.0,7811.560136282139,4193.949141203174,0.8228180255905776,0.06521212099963411,1165698994.973117,6.692822484274521,0.5985582413387125,verified_focus_dir0_dapi,/Volumes/Shihong_5/for_spatioev/pancreas_Xenium_example_data_from_10X/Xenium_V1_Human_Ductal_Adenocarcinoma_FFPE_outs/morphology_focus/morphology_focus_0000.ome.tif,0,0.2125
khliplkn-1,5638,254.59093749999997,4141279.0,734.5297978006386,295.4049392435291,216.0,411.0,672.0,1146.3000000000002,2049.0,386.0,1.0,7898.398628753943,4094.868167977211,0.978117037387663,0.05432682122228085,5254549978.242926,5.848623437777972,1.0548983478295986,verified_focus_dir0_dapi,/Volumes/Shihong_5/for_spatioev/pancreas_Xenium_example_data_from_10X/Xenium_V1_Human_Ductal_Adenocarcinoma_FFPE_outs/morphology_focus/morphology_focus_0000.ome.tif,0,0.2125
khpediki-1,544,24.564999999999998,1032428.0,1897.8455882352941,745.0282626762684,787.0,1109.2,1694.5,3026.8999999999996,3694.0,1249.5,1.0,8146.212194736581,4324.67611775349,0.08430899306949972,0.015075108926504504,74447017.01727094,6.003877368784536,0.47862377834113384,verified_focus_dir0_dapi,/Volumes/Shihong_5/for_spatioev/pancreas_Xenium_example_data_from_10X/Xenium_V1_Human_Ductal_Adenocarcinoma_FFPE_outs/morphology_focus/morphology_focus_0000.ome.tif,0,0.2125
kiaaghai-1,1299,58.657968749999995,2042215.0,1572.1439568899152,500.38662348614565,784.0,1026.8,1474.0,2383.6000000000004,3028.0,636.5,1.0,8119.16313024094,4399.603588187336,0.541123790742234,0.0626149530187425,434451443.0858396,6.438582520532496,0.5119710507600549,verified_focus_dir0_dapi,/Volumes/Shihong_5/for_spatioev/pancreas_Xenium_example_data_from_10X/Xenium_V1_Human_Ductal_Adenocarcinoma_FFPE_outs/morphology_focus/morphology_focus_0000.ome.tif,0,0.2125
kibcgjoj-1,1827,82.50046875,1351150.0,739.5457033388068,408.4671647804275,213.0,311.0,627.0,1362.8000000000002,1942.0,644.5,1.0,8014.570296025608,4367.870231478741,0.9918842325523406,0.09677823986333002,428679613.8307109,6.695857437420187,0.7081651965645613,verified_focus_dir0_dapi,/Volumes/Shihong_5/for_spatioev/pancreas_Xenium_example_data_from_10X/Xenium_V1_Human_Ductal_Adenocarcinoma_FFPE_outs/morphology_focus/morphology_focus_0000.ome.tif,0,0.2125
kifmlbpg-1,1494,67.4634375,1209706.0,809.7095046854083,178.4338378446594,334.0,567.0,814.0,1038.0,1275.0,248.75,1.0,8179.866086604928,4980.844726807588,0.8173995986881721,0.088195236207806,323306082.8642745,6.007730459358517,0.5429699225691312,verified_focus_dir0_dapi,/Volumes/Shihong_5/for_spatioev/pancreas_Xenium_example_data_from_10X/Xenium_V1_Human_Ductal_Adenocarcinoma_FFPE_outs/morphology_focus/morphology_focus_0000.ome.tif,0,0.2125
kigacgfa-1,1956,88.32562499999999,1977851.0,1011.1712678936606,389.99552696903675,406.0,584.5,902.0,1649.5,2064.0,530.75,1.0,8163.921461854305,4952.121459282069,0.9872364323812514,0.09309422803799206,562241635.3447443,7.115630299834845,0.517990498491246,verified_focus_dir0_dapi,/Volumes/Shihong_5/for_spatioev/pancreas_Xenium_example_data_from_10X/Xenium_V1_Human_Ductal_Adenocarcinoma_FFPE_outs/morphology_focus/morphology_focus_0000.ome.tif,0,0.2125
kiinampp-1,2337,105.53015624999999,2010938.0,860.4783910997005,249.509920293099,356.0,562.2,840.0,1165.0,1934.0,305.0,1.0,8093.929095905742,4798.8466732751085,0.5465717634027192,0.047152404248340093,750115742.2059547,7.010656447887497,0.3840173445045243,verified_focus_dir0_dapi,/Volumes/Shihong_5/for_spatioev/pancreas_Xenium_example_data_from_10X/Xenium_V1_Human_Ductal_Adenocarcinoma_FFPE_outs/morphology_focus/morphology_focus_0000.ome.tif,0,0.2125
kikjfnhh-1,1073,48.45265625,1405077.0,1309.484622553588,724.9386656552698,156.0,439.6,1149.0,2486.2000000000003,3108.0,1001.0,1.0,8138.487691519753,4794.758572991017,0.7935675653869495,0.10103458324248986,231358551.49250042,6.991677556435159,0.6154846216753052,verified_focus_dir0_dapi,/Volumes/Shihong_5/for_spatioev/pancreas_Xenium_example_data_from_10X/Xenium_V1_Human_Ductal_Adenocarcinoma_FFPE_outs/morphology_focus/morphology_focus_0000.ome.tif,0,0.2125
kilgknhf-1,1986,89.68031249999999,1385531.0,697.6490433031219,358.45064829405476,186.0,345.0,574.0,1293.0,1803.0,469.5,1.0,8181.9451433421555,4676.722394744325,1.4339715291228936,0.1341951786747021,375698779.4822216,7.00283065456957,0.6606727276666337,verified_focus_dir0_dapi,/Volumes/Shihong_5/for_spatioev/pancreas_Xenium_example_data_from_10X/Xenium_V1_Human_Ductal_Adenocarcinoma_FFPE_outs/morphology_focus/morphology_focus_0000.ome.tif,0,0.2125
kilhkpbm-1,126,5.6896875,57148.0,453.55555555555554,60.45903185321335,323.0,373.5,456.0,526.0,585.0,98.25,1.0,8166.708426585357,4658.665819451249,0.3628214086845443,0.13480116294255096,1119329.426244138,4.024061383278571,0.18161672981265647,verified_focus_dir0_dapi,/Volumes/Shihong_5/for_spatioev/pancreas_Xenium_example_data_from_10X/Xenium_V1_Human_Ductal_Adenocarcinoma_FFPE_outs/morphology_focus/morphology_focus_0000.ome.tif,0,0.2125
kingmgcc-1,113,5.102656249999999,96465.0,853.6725663716815,145.65162962355691,576.0,650.8000000000001,851.0,1053.0,1175.0,221.0,1.0,8017.123417172032,4698.253932384802,0.28077828984251085,0.11015654576624935,1648323.26080962,4.360122059714471,0.12471627989566514,verified_focus_dir0_dapi,/Volumes/Shihong_5/for_spatioev/pancreas_Xenium_example_data_from_10X/Xenium_V1_Human_Ductal_Adenocarcinoma_FFPE_outs/morphology_focus/morphology_focus_0000.ome.tif,0,0.2125
kinilpid-1,757,34.18328124999999,1794359.0,2370.35535006605,680.5767285925665,845.0,1473.0,2426.0,3232.4,3890.0,1146.0,1.0,8071.566871554131,4700.936941437026,0.26727383808455807,0.04051301051826208,311123256.8797582,5.125077870261891,0.8447421731927822,verified_focus_dir0_dapi,/Volumes/Shihong_5/for_spatioev/pancreas_Xenium_example_data_from_10X/Xenium_V1_Human_Ductal_Adenocarcinoma_FFPE_outs/morphology_focus/morphology_focus_0000.ome.tif,0,0.2125
kjcdkomp-1,1047,47.27859374999999,1423424.0,1359.526265520535,276.7263310558217,679.0,1047.2,1328.0,1751.1999999999998,2375.0,345.5,1.0,8100.856601054921,4068.7409163046286,0.1500930863042239,0.01934520576177178,256685562.18078095,6.6758124052975765,0.29151583743871856,verified_focus_dir0_dapi,/Volumes/Shihong_5/for_spatioev/pancreas_Xenium_example_data_from_10X/Xenium_V1_Human_Ductal_Adenocarcinoma_FFPE_outs/morphology_focus/morphology_focus_0000.ome.tif,0,0.2125
kjdhgnoe-1,1594,71.9790625,1547346.0,970.7314930991217,352.24432702544703,412.0,533.0,944.0,1446.7,2176.0,559.5,1.0,8125.953068326347,4089.7005015523355,0.5026191134650747,0.05250260444651491,424252644.6182257,6.433538039381905,0.580937494695612,verified_focus_dir0_dapi,/Volumes/Shihong_5/for_spatioev/pancreas_Xenium_example_data_from_10X/Xenium_V1_Human_Ductal_Adenocarcinoma_FFPE_outs/morphology_focus/morphology_focus_0000.ome.tif,0,0.2125
kjdjkoon-1,347,15.669218749999999,326872.0,941.9942363112392,345.7797519439042,358.0,510.0,955.0,1434.4,1719.0,586.0,1.0,8147.195844589012,4081.6317861425878,0.5364835213500425,0.12010958201118307,20309794.75608495,5.078659270343706,0.4513192404947505,verified_focus_dir0_dapi,/Volumes/Shihong_5/for_spatioev/pancreas_Xenium_example_data_from_10X/Xenium_V1_Human_Ductal_Adenocarcinoma_FFPE_outs/morphology_focus/morphology_focus_0000.ome.tif,0,0.2125
kjhokgid-1,1072,48.40749999999999,454888.0,424.3358208955224,128.43681697889207,191.0,268.0,413.0,601.0,828.0,192.0,1.0,8228.170658958908,4295.36003909204,0.9093119662608323,0.1158247895889935,119978840.95845571,4.793880978004098,0.7700674519570706,verified_focus_dir0_dapi,/Volumes/Shihong_5/for_spatioev/pancreas_Xenium_example_data_from_10X/Xenium_V1_Human_Ductal_Adenocarcinoma_FFPE_outs/morphology_focus/morphology_focus_0000.ome.tif,0,0.2125
kjkpghdb-1,1568,70.80499999999999,631130.0,402.5063775510204,112.3395111955423,199.0,282.70000000000005,385.0,538.3,991.0,126.0,1.0,7949.1134750962565,4152.1237289464925,0.37110911445924083,0.03908540333095821,152514654.59085292,6.567459061375121,0.2881263490463537,verified_focus_dir0_dapi,/Volumes/Shihong_5/for_spatioev/pancreas_Xenium_example_data_from_10X/Xenium_V1_Human_Ductal_Adenocarcinoma_FFPE_outs/morphology_focus/morphology_focus_0000.ome.tif,0,0.2125
kjnhnnlm-1,1714,77.39781249999999,2076359.0,1211.411318553092,498.94108466121077,314.0,596.3,1162.5,1925.6000000000004,2586.0,783.75,1.0,7938.80059872835,4501.398149772029,0.4485622868053553,0.04518594347064676,517181148.48978716,7.162811771535186,0.5428833669053441,verified_focus_dir0_dapi,/Volumes/Shihong_5/for_spatioev/pancreas_Xenium_example_data_from_10X/Xenium_V1_Human_Ductal_Adenocarcinoma_FFPE_outs/morphology_focus/morphology_focus_0000.ome.tif,0,0.2125
kjodpdel-1,1728,78.02999999999999,2043449.0,1182.5515046296296,370.2016072171514,507.0,724.1,1129.0,1716.0,2264.0,567.5,1.0,7958.20584092752,4534.243402747022,0.36829710954238193,0.036949830260216955,771957017.5328603,5.746620245149911,0.7920319736598957,verified_focus_dir0_dapi,/Volumes/Shihong_5/for_spatioev/pancreas_Xenium_example_data_from_10X/Xenium_V1_Human_Ductal_Adenocarcinoma_FFPE_outs/morphology_focus/morphology_focus_0000.ome.tif,0,0.2125
klapcbph-1,308,13.908124999999998,893808.0,2901.974025974026,598.8998945908526,1360.0,2096.7000000000003,2922.0,3684.6,4108.0,927.25,1.0,7858.422338382516,4689.709359896085,0.17424949363481965,0.04140780150228933,41403999.75570145,5.418186677127735,0.25578529257466065,verified_focus_dir0_dapi,/Volumes/Shihong_5/for_spatioev/pancreas_Xenium_example_data_from_10X/Xenium_V1_Human_Ductal_Adenocarcinoma_FFPE_outs/morphology_focus/morphology_focus_0000.ome.tif,0,0.2125
klenghdo-1,569,25.693906249999998,470280.0,826.5026362038665,278.24315852408336,340.0,478.0,808.0,1213.2,1621.0,411.0,1.0,7711.57194277877,4327.298945415497,0.204593259363098,0.03577018565335409,41026512.30912648,6.24664222509972,0.33221677938266625,verified_focus_dir0_dapi,/Volumes/Shihong_5/for_spatioev/pancreas_Xenium_example_data_from_10X/Xenium_V1_Human_Ductal_Adenocarcinoma_FFPE_outs/morphology_focus/morphology_focus_0000.ome.tif,0,0.2125
klkbfnkc-1,1025,46.28515624999999,377006.0,367.8107317073171,136.01673240666588,167.0,233.0,329.0,559.6,1009.0,164.0,1.0,7576.272620362806,4907.151690622961,0.0848862368602709,0.011057612196635059,69467289.83216447,5.333377934237049,0.5555725491827294,verified_focus_dir0_dapi,/Volumes/Shihong_5/for_spatioev/pancreas_Xenium_example_data_from_10X/Xenium_V1_Human_Ductal_Adenocarcinoma_FFPE_outs/morphology_focus/morphology_focus_0000.ome.tif,0,0.2125
klklnkkn-1,3071,138.67484374999998,3146138.0,1024.4669488765874,278.5954400388782,440.0,696.0,991.0,1435.0,2026.0,354.5,1.0,7553.285572986626,4975.352847578523,1.1445975979899377,0.08613882200482126,1564376156.439415,7.118221442441164,0.44646702490869067,verified_focus_dir0_dapi,/Volumes/Shihong_5/for_spatioev/pancreas_Xenium_example_data_from_10X/Xenium_V1_Human_Ductal_Adenocarcinoma_FFPE_outs/morphology_focus/morphology_focus_0000.ome.tif,0,0.2125
kmccjdlo-1,262,11.8309375,730340.0,2787.557251908397,422.7473513318526,1356.0,2135.2,2922.5,3164.7,3601.0,447.5,1.0,7903.557011409071,4270.992502396144,0.08795681853196179,0.02266234636161514,29387114.67387107,5.219417415829569,0.2177162008482885,verified_focus_dir0_dapi,/Volumes/Shihong_5/for_spatioev/pancreas_Xenium_example_data_from_10X/Xenium_V1_Human_Ductal_Adenocarcinoma_FFPE_outs/morphology_focus/morphology_focus_0000.ome.tif,0,0.2125
kmfbpkok-1,751,33.91234375,366238.0,487.6671105193076,198.25336778909997,187.0,289.0,443.0,748.0,1425.0,251.0,1.0,7943.567714300536,4363.955952720635,1.6701621414080245,0.25417022468131883,74528934.32384679,4.24618281453234,1.2329336769967563,verified_focus_dir0_dapi,/Volumes/Shihong_5/for_spatioev/pancreas_Xenium_example_data_from_10X/Xenium_V1_Human_Ductal_Adenocarcinoma_FFPE_outs/morphology_focus/morphology_focus_0000.ome.tif,0,0.2125
kndapgno-1,1274,57.529062499999995,1340351.0,1052.080847723705,394.5180581078916,313.0,544.3,1042.0,1626.0,1963.0,656.75,1.0,8222.312335005905,3463.37157176553,1.1221953462429592,0.13112024608555609,449200766.377619,4.269604273459206,1.6384615670017477,verified_focus_dir0_dapi,/Volumes/Shihong_5/for_spatioev/pancreas_Xenium_example_data_from_10X/Xenium_V1_Human_Ductal_Adenocarcinoma_FFPE_outs/morphology_focus/morphology_focus_0000.ome.tif,0,0.2125
kneaafli-1,1839,83.04234374999999,2207990.0,1200.6470908102228,468.88121789974633,319.0,581.8,1222.0,1789.2,2599.0,725.0,1.0,8213.502925454824,3313.0136309890445,0.46445884974806617,0.045169198461816815,600705684.3219712,6.743483739740355,0.6436004447833542,verified_focus_dir0_dapi,/Volumes/Shihong_5/for_spatioev/pancreas_Xenium_example_data_from_10X/Xenium_V1_Human_Ductal_Adenocarcinoma_FFPE_outs/morphology_focus/morphology_focus_0000.ome.tif,0,0.2125
kngfkmla-1,819,36.98296875,1215806.0,1484.5006105006105,278.97394583336944,760.0,1126.0,1476.0,1825.2,2357.0,364.0,1.0,8145.733647298582,3958.877659819905,1.356579879051767,0.19769215094916281,342104860.51888627,4.909860489036273,0.6954552831412101,verified_focus_dir0_dapi,/Volumes/Shihong_5/for_spatioev/pancreas_Xenium_example_data_from_10X/Xenium_V1_Human_Ductal_Adenocarcinoma_FFPE_outs/morphology_focus/morphology_focus_0000.ome.tif,0,0.2125
knglcakh-1,1839,83.04234374999999,2097434.0,1140.5296356715605,336.9057357597965,517.0,729.0,1110.0,1551.2,2702.0,452.0,1.0,8102.832624655888,3952.28465235974,1.6502503453484947,0.16048889024541244,680922453.3173707,6.351942159194729,0.48143346750889077,verified_focus_dir0_dapi,/Volumes/Shihong_5/for_spatioev/pancreas_Xenium_example_data_from_10X/Xenium_V1_Human_Ductal_Adenocarcinoma_FFPE_outs/morphology_focus/morphology_focus_0000.ome.tif,0,0.2125
kobepjfe-1,1298,58.6128125,1805503.0,1390.9884437596302,295.020287133323,736.0,1006.7,1385.0,1764.6,2266.0,401.75,1.0,8146.640611861348,3566.6203768977402,0.16530548828469452,0.019135328966252488,464769286.15357053,6.951365716737097,0.2719543905523493,verified_focus_dir0_dapi,/Volumes/Shihong_5/for_spatioev/pancreas_Xenium_example_data_from_10X/Xenium_V1_Human_Ductal_Adenocarcinoma_FFPE_outs/morphology_focus/morphology_focus_0000.ome.tif,0,0.2125
kobgplkl-1,2325,104.98828124999999,2246924.0,966.4189247311828,304.75285101372606,295.0,542.0,967.0,1355.6,1966.0,462.0,1.0,8146.680409712345,3431.1895342810885,0.5554833285453193,0.048044707851360224,827789501.8313316,7.059185475066961,0.4600497296814332,verified_focus_dir0_dapi,/Volumes/Shihong_5/for_spatioev/pancreas_Xenium_example_data_from_10X/Xenium_V1_Human_Ductal_Adenocarcinoma_FFPE_outs/morphology_focus/morphology_focus_0000.ome.tif,0,0.2125
komhgknk-1,3765,170.01328124999998,2335577.0,620.339176626826,246.74685850817107,135.0,331.0,591.0,978.0,1511.0,344.0,1.0,7621.819065647375,3696.05977571067,0.6931380509976577,0.04711110131714457,1506413313.5013437,7.363219745088683,0.45687765340076325,verified_focus_dir0_dapi,/Volumes/Shihong_5/for_spatioev/pancreas_Xenium_example_data_from_10X/Xenium_V1_Human_Ductal_Adenocarcinoma_FFPE_outs/morphology_focus/morphology_focus_0000.ome.tif,0,0.2125
kpghijmk-1,2100,94.82812499999999,1903273.0,906.3204761904761,301.2898124805005,299.0,520.9,891.0,1288.0,2084.0,417.25,1.0,7982.120161125073,3068.033747418263,0.3618304608859372,0.03292922308392293,686223890.1215769,7.3204614940361274,0.3578375566695655,verified_focus_dir0_dapi,/Volumes/Shihong_5/for_spatioev/pancreas_Xenium_example_data_from_10X/Xenium_V1_Human_Ductal_Adenocarcinoma_FFPE_outs/morphology_focus/morphology_focus_0000.ome.tif,0,0.2125
kpocggff-1,893,40.32453124999999,1477645.0,1654.6976483762598,529.9321433510331,615.0,983.6,1635.0,2395.0,2951.0,839.0,1.0,7953.16825552653,3521.895495264424,0.23655637834907253,0.03301375617254775,216241848.40461278,6.830488043250402,0.3425840322893729,verified_focus_dir0_dapi,/Volumes/Shihong_5/for_spatioev/pancreas_Xenium_example_data_from_10X/Xenium_V1_Human_Ductal_Adenocarcinoma_FFPE_outs/morphology_focus/morphology_focus_0000.ome.tif,0,0.2125
lbcnphac-1,2106,95.09906249999999,2009831.0,954.3357075023741,387.4220809168656,376.0,539.5,857.0,1529.0,2252.0,506.75,1.0,8597.381786783317,3421.6789927983996,0.8417460567944043,0.07649585681866886,685273869.5681078,7.201133392778184,0.45739436645586723,verified_focus_dir0_dapi,/Volumes/Shihong_5/for_spatioev/pancreas_Xenium_example_data_from_10X/Xenium_V1_Human_Ductal_Adenocarcinoma_FFPE_outs/morphology_focus/morphology_focus_0000.ome.tif,0,0.2125
lblehdfh-1,2052,92.660625,1514078.0,737.85477582846,431.90911970213114,175.0,286.1,616.5,1345.7000000000003,2528.0,545.5,1.0,8445.328971195671,2683.22335754829,0.9465261853593674,0.08714248917885044,608192785.5184581,7.11433102390333,0.6147166230084425,verified_focus_dir0_dapi,/Volumes/Shihong_5/for_spatioev/pancreas_Xenium_example_data_from_10X/Xenium_V1_Human_Ductal_Adenocarcinoma_FFPE_outs/morphology_focus/morphology_focus_0000.ome.tif,0,0.2125
lbmepkid-1,1494,67.4634375,1197580.0,801.5930388219545,243.71579198069819,236.0,463.0,824.5,1111.0,1408.0,368.0,1.0,8534.903472252376,4129.1848710211425,1.4830309499446674,0.16001508337387138,445907253.75096023,4.939828443530403,1.0930136291105599,verified_focus_dir0_dapi,/Volumes/Shihong_5/for_spatioev/pancreas_Xenium_example_data_from_10X/Xenium_V1_Human_Ductal_Adenocarcinoma_FFPE_outs/morphology_focus/morphology_focus_0000.ome.tif,0,0.2125
lbokmfpe-1,1004,45.33687499999999,1292560.0,1287.410358565737,373.1844589084435,492.0,788.0,1305.0,1789.8000000000002,2293.0,592.25,1.0,8533.366055038065,4357.913451039023,0.6463670826980727,0.0850742993537706,199245891.31833568,6.726258051792353,0.3528014547803463,verified_focus_dir0_dapi,/Volumes/Shihong_5/for_spatioev/pancreas_Xenium_example_data_from_10X/Xenium_V1_Human_Ductal_Adenocarcinoma_FFPE_outs/morphology_focus/morphology_focus_0000.ome.tif,0,0.2125
lbooajhn-1,603,27.229218749999998,599875.0,994.8175787728027,304.5353362653837,394.0,616.2,931.0,1413.6000000000001,1972.0,378.5,1.0,8508.080572911023,4408.62303852886,0.21605461987067437,0.03669364943277368,62972472.4250919,6.101916382648796,0.36692098915452753,verified_focus_dir0_dapi,/Volumes/Shihong_5/for_spatioev/pancreas_Xenium_example_data_from_10X/Xenium_V1_Human_Ductal_Adenocarcinoma_FFPE_outs/morphology_focus/morphology_focus_0000.ome.tif,0,0.2125
lcboogpb-1,811,36.62171875,5888332.0,7260.581997533909,2251.569072099055,2535.0,3871.0,7635.0,9992.0,10660.0,3806.0,1.0,8577.882438496588,4926.399092758781,0.364258209353518,0.05334392008367965,640563427.2120482,7.241273423004422,0.29393875574274175,verified_focus_dir0_dapi,/Volumes/Shihong_5/for_spatioev/pancreas_Xenium_example_data_from_10X/Xenium_V1_Human_Ductal_Adenocarcinoma_FFPE_outs/morphology_focus/morphology_focus_0000.ome.tif,0,0.2125
lcgegkoe-1,853,38.518281249999994,956599.0,1121.4525205158266,349.1029961307701,361.0,667.2,1101.0,1568.0000000000005,2350.0,444.0,1.0,8468.16144136676,4822.0147193207395,0.5421645511344932,0.07741811789070929,136313460.42017815,6.5243861232037625,0.3426573565030638,verified_focus_dir0_dapi,/Volumes/Shihong_5/for_spatioev/pancreas_Xenium_example_data_from_10X/Xenium_V1_Human_Ductal_Adenocarcinoma_FFPE_outs/morphology_focus/morphology_focus_0000.ome.tif,0,0.2125
lchifenm-1,2203,99.47921874999999,1446119.0,656.4316840671811,256.44666802265886,194.0,361.20000000000005,601.0,1028.0,1524.0,379.5,1.0,8442.814648725313,4663.477339555044,0.9814577600152788,0.0872068040718793,529258881.409819,7.261179442904212,0.4150390429122326,verified_focus_dir0_dapi,/Volumes/Shihong_5/for_spatioev/pancreas_Xenium_example_data_from_10X/Xenium_V1_Human_Ductal_Adenocarcinoma_FFPE_outs/morphology_focus/morphology_focus_0000.ome.tif,0,0.2125
lckimknj-1,1701,76.81078124999999,1864977.0,1096.400352733686,232.1093094772911,502.0,771.0,1105.0,1392.0,1686.0,352.0,1.0,8622.795641481101,4602.957812522621,1.005020766295829,0.10162694839117914,524477154.66602427,6.466045196716732,0.45412965313139564,verified_focus_dir0_dapi,/Volumes/Shihong_5/for_spatioev/pancreas_Xenium_example_data_from_10X/Xenium_V1_Human_Ductal_Adenocarcinoma_FFPE_outs/morphology_focus/morphology_focus_0000.ome.tif,0,0.2125
lcljibhh-1,206,9.302187499999999,250590.0,1216.4563106796118,283.80111580816896,609.0,797.0,1231.0,1542.0,2003.0,336.25,1.0,8592.72449499182,4586.751556027774,0.10837325626933242,0.03149013473525848,10025056.200295303,5.388414039797986,0.11193679969764563,verified_focus_dir0_dapi,/Volumes/Shihong_5/for_spatioev/pancreas_Xenium_example_data_from_10X/Xenium_V1_Human_Ductal_Adenocarcinoma_FFPE_outs/morphology_focus/morphology_focus_0000.ome.tif,0,0.2125
lcmjfonl-1,1163,52.516718749999995,1400024.0,1203.8039552880482,354.595242717728,472.0,840.2,1110.0,1732.5999999999997,2537.0,428.5,1.0,8562.380509396624,4564.943339498109,0.8657323240785513,0.1058716745117232,274029259.86686367,6.564178180131839,0.402968852041729,verified_focus_dir0_dapi,/Volumes/Shihong_5/for_spatioev/pancreas_Xenium_example_data_from_10X/Xenium_V1_Human_Ductal_Adenocarcinoma_FFPE_outs/morphology_focus/morphology_focus_0000.ome.tif,0,0.2125
ldapbdje-1,1191,53.78109375,1187477.0,997.0419815281276,359.7801384563129,333.0,556.0,963.0,1470.0,2282.0,558.0,1.0,8443.065399793006,3646.671846665241,1.2216613279541038,0.14763215251688772,214335462.55734468,6.316588338256584,0.5477351470123671,verified_focus_dir0_dapi,/Volumes/Shihong_5/for_spatioev/pancreas_Xenium_example_data_from_10X/Xenium_V1_Human_Ductal_Adenocarcinoma_FFPE_outs/morphology_focus/morphology_focus_0000.ome.tif,0,0.2125
leilojlo-1,1620,73.15312499999999,1312034.0,809.8975308641975,308.15387669522903,292.0,494.9,750.0,1203.1000000000001,2311.0,361.25,1.0,8292.603362660571,4427.648651826095,0.6653566987388924,0.06894186579756525,412295602.645843,5.363094281806771,0.9303737195451607,verified_focus_dir0_dapi,/Volumes/Shihong_5/for_spatioev/pancreas_Xenium_example_data_from_10X/Xenium_V1_Human_Ductal_Adenocarcinoma_FFPE_outs/morphology_focus/morphology_focus_0000.ome.tif,0,0.2125
lekcooji-1,1482,66.9215625,1755932.0,1184.8394062078273,311.0942961856028,568.0,834.2,1146.5,1578.0,2391.0,412.0,1.0,8244.607011532906,4403.74014268491,0.33154975362641964,0.035917873287846604,415823287.3364253,6.770775348646161,0.3867004058679872,verified_focus_dir0_dapi,/Volumes/Shihong_5/for_spatioev/pancreas_Xenium_example_data_from_10X/Xenium_V1_Human_Ductal_Adenocarcinoma_FFPE_outs/morphology_focus/morphology_focus_0000.ome.tif,0,0.2125
leljfjan-1,1086,49.03968749999999,1609318.0,1481.8766114180478,403.7728897159253,548.0,1044.0,1416.0,2031.5,3027.0,444.0,1.0,8244.106125242182,4916.332732149582,1.0759308970851975,0.13616185921350396,273096116.74321294,6.713454022960171,0.347704224185692,verified_focus_dir0_dapi,/Volumes/Shihong_5/for_spatioev/pancreas_Xenium_example_data_from_10X/Xenium_V1_Human_Ductal_Adenocarcinoma_FFPE_outs/morphology_focus/morphology_focus_0000.ome.tif,0,0.2125
lfijhmkf-1,2641,119.25765624999998,1715186.0,649.4456645210148,171.56910271376032,290.0,450.0,625.0,891.0,1267.0,234.0,1.0,8400.398666478446,3620.6573516079307,1.1206849968291541,0.09094636875885523,773201191.3623695,6.757553435956783,0.40908834531591826,verified_focus_dir0_dapi,/Volumes/Shihong_5/for_spatioev/pancreas_Xenium_example_data_from_10X/Xenium_V1_Human_Ductal_Adenocarcinoma_FFPE_outs/morphology_focus/morphology_focus_0000.ome.tif,0,0.2125
lfijpafo-1,1402,63.309062499999996,930915.0,663.990727532097,355.5378687157129,217.0,369.1,551.0,1100.9,2329.0,310.75,1.0,8378.580812198214,3734.659301117717,0.6161972843858792,0.06863280986469236,201876749.52931255,6.554441352535063,0.6820597421714006,verified_focus_dir0_dapi,/Volumes/Shihong_5/for_spatioev/pancreas_Xenium_example_data_from_10X/Xenium_V1_Human_Ductal_Adenocarcinoma_FFPE_outs/morphology_focus/morphology_focus_0000.ome.tif,0,0.2125
lfimfjmd-1,4701,212.27953124999996,4947613.0,1052.4596894277813,383.0791585242244,267.0,550.0,1060.0,1548.0,2721.0,557.0,1.0,8378.259271614917,3636.8142538027937,1.884268421524499,0.11461293935090432,3565681715.810525,6.9516970273684064,0.7103425424586036,verified_focus_dir0_dapi,/Volumes/Shihong_5/for_spatioev/pancreas_Xenium_example_data_from_10X/Xenium_V1_Human_Ductal_Adenocarcinoma_FFPE_outs/morphology_focus/morphology_focus_0000.ome.tif,0,0.2125
lflmamkn-1,2857,129.01140625,3222351.0,1127.8792439621982,420.89220921905587,374.0,596.0,1064.0,1753.0,2492.0,579.0,1.0,8319.332532392498,4125.1550916978,1.9766361832525317,0.15422601146485176,1728258955.3739522,7.106004352636439,0.5559179452170886,verified_focus_dir0_dapi,/Volumes/Shihong_5/for_spatioev/pancreas_Xenium_example_data_from_10X/Xenium_V1_Human_Ductal_Adenocarcinoma_FFPE_outs/morphology_focus/morphology_focus_0000.ome.tif,0,0.2125
lflogfbh-1,1484,67.01187499999999,2377535.0,1602.1125336927223,520.393063789489,666.0,897.5,1623.5,2252.0,3479.0,740.0,1.0,8269.092254745987,4161.1318535268665,1.5788742440386878,0.17092933225422785,612115630.0168602,7.4758110505139586,0.3231901899809293,verified_focus_dir0_dapi,/Volumes/Shihong_5/for_spatioev/pancreas_Xenium_example_data_from_10X/Xenium_V1_Human_Ductal_Adenocarcinoma_FFPE_outs/morphology_focus/morphology_focus_0000.ome.tif,0,0.2125
lfmcmcgm-1,283,12.779218749999998,154568.0,546.1766784452296,120.19470608682992,303.0,396.6,538.0,726.6000000000001,869.0,157.0,1.0,8280.968536825216,4092.8724093926294,0.1596848863579227,0.03958736561372523,7112387.6541328095,5.290053382869034,0.18948526647662522,verified_focus_dir0_dapi,/Volumes/Shihong_5/for_spatioev/pancreas_Xenium_example_data_from_10X/Xenium_V1_Human_Ductal_Adenocarcinoma_FFPE_outs/morphology_focus/morphology_focus_0000.ome.tif,0,0.2125
lfmmpdoo-1,1555,70.21796875,1806856.0,1161.9652733118971,484.01696053615893,332.0,624.0,1026.0,1882.8000000000004,2729.0,612.0,1.0,8383.344663361386,3952.246744497071,1.2115166560283377,0.12812981492733053,451927553.02987015,6.022007798063676,0.8500954284533897,verified_focus_dir0_dapi,/Volumes/Shihong_5/for_spatioev/pancreas_Xenium_example_data_from_10X/Xenium_V1_Human_Ductal_Adenocarcinoma_FFPE_outs/morphology_focus/morphology_focus_0000.ome.tif,0,0.2125
lfphmibm-1,1206,54.458437499999995,1434814.0,1189.7296849087893,384.10226996911007,425.0,726.5,1161.0,1739.0,2192.0,568.75,1.0,8357.616471795298,3742.361800562651,0.41093750845798427,0.049350111227510096,271764011.6864444,6.170866301308287,0.5802559318457025,verified_focus_dir0_dapi,/Volumes/Shihong_5/for_spatioev/pancreas_Xenium_example_data_from_10X/Xenium_V1_Human_Ductal_Adenocarcinoma_FFPE_outs/morphology_focus/morphology_focus_0000.ome.tif,0,0.2125
lgafolgo-1,2216,100.06624999999998,1315430.0,593.60559566787,167.26726555884528,237.0,397.0,573.0,820.0,1171.0,241.25,1.0,8341.922256904587,3630.4158623510943,0.4072613908066913,0.03608065128613177,468296844.2840509,6.459593864029576,0.4713453333741648,verified_focus_dir0_dapi,/Volumes/Shihong_5/for_spatioev/pancreas_Xenium_example_data_from_10X/Xenium_V1_Human_Ductal_Adenocarcinoma_FFPE_outs/morphology_focus/morphology_focus_0000.ome.tif,0,0.2125
lgbdpkba-1,2124,95.911875,1436160.0,676.1581920903955,243.40658564573496,291.0,425.0,608.5,1033.7,1495.0,313.25,1.0,8435.152547644413,4716.553490175189,0.4856170575148323,0.043944313390721385,579427584.5101465,6.499359154670479,0.5248559599800345,verified_focus_dir0_dapi,/Volumes/Shihong_5/for_spatioev/pancreas_Xenium_example_data_from_10X/Xenium_V1_Human_Ductal_Adenocarcinoma_FFPE_outs/morphology_focus/morphology_focus_0000.ome.tif,0,0.2125
lgbgkimm-1,1340,60.50937499999999,1642525.0,1225.7649253731342,369.3044116596268,404.0,728.8,1211.5,1754.1000000000001,2179.0,525.0,1.0,8487.076564991401,4132.653030517039,0.8612444858622128,0.0981205697790815,364978317.787571,7.034870307060571,0.3429435750133344,verified_focus_dir0_dapi,/Volumes/Shihong_5/for_spatioev/pancreas_Xenium_example_data_from_10X/Xenium_V1_Human_Ductal_Adenocarcinoma_FFPE_outs/morphology_focus/morphology_focus_0000.ome.tif,0,0.2125
lgbhfdgd-1,1898,85.70656249999999,1756396.0,925.3930453108535,345.19436865909404,342.0,529.0,864.0,1400.8999999999999,2101.0,478.75,1.0,8438.004786506004,3286.9525272845644,0.8555127490367677,0.08189632016816172,521586999.9386625,6.633363774221497,0.5563203331047406,verified_focus_dir0_dapi,/Volumes/Shihong_5/for_spatioev/pancreas_Xenium_example_data_from_10X/Xenium_V1_Human_Ductal_Adenocarcinoma_FFPE_outs/morphology_focus/morphology_focus_0000.ome.tif,0,0.2125
lgicddoo-1,708,31.970624999999995,557609.0,787.5833333333334,202.8061822907023,370.0,501.7,788.5,1045.6000000000001,1392.0,277.5,1.0,8292.551930653917,4513.122088416793,1.084821058716068,0.17003075554649782,72123822.52238396,5.505728686008482,0.4917902002796711,verified_focus_dir0_dapi,/Volumes/Shihong_5/for_spatioev/pancreas_Xenium_example_data_from_10X/Xenium_V1_Human_Ductal_Adenocarcinoma_FFPE_outs/morphology_focus/morphology_focus_0000.ome.tif,0,0.2125
lglmadmm-1,1268,57.25812499999999,1007169.0,794.2973186119874,313.1182375506359,199.0,387.0,751.5,1225.3,1775.0,388.25,1.0,8502.365793836485,4214.224210782898,0.6407833490672101,0.07504773639248652,222011017.85263842,5.752922679204706,0.7528019853514238,verified_focus_dir0_dapi,/Volumes/Shihong_5/for_spatioev/pancreas_Xenium_example_data_from_10X/Xenium_V1_Human_Ductal_Adenocarcinoma_FFPE_outs/morphology_focus/morphology_focus_0000.ome.tif,0,0.2125
lgoibpia-1,2218,100.15656249999999,2263083.0,1020.3259693417493,411.3425441213475,283.0,534.0,957.0,1614.3,2250.0,635.75,1.0,8480.550598486665,3100.6278509835915,0.9878890501974794,0.08748093317948638,782095119.909352,7.100261445531411,0.5761809912237623,verified_focus_dir0_dapi,/Volumes/Shihong_5/for_spatioev/pancreas_Xenium_example_data_from_10X/Xenium_V1_Human_Ductal_Adenocarcinoma_FFPE_outs/morphology_focus/morphology_focus_0000.ome.tif,0,0.2125
lhgadnod-1,994,44.8853125,1459923.0,1468.735412474849,310.11746235292554,690.0,1094.0,1428.5,1880.1000000000001,2463.0,413.5,1.0,7762.840622313643,3104.7720974924705,0.4426245579418413,0.0585501915362522,298546404.5978438,5.409643740807182,0.6924880795615744,verified_focus_dir0_dapi,/Volumes/Shihong_5/for_spatioev/pancreas_Xenium_example_data_from_10X/Xenium_V1_Human_Ductal_Adenocarcinoma_FFPE_outs/morphology_focus/morphology_focus_0000.ome.tif,0,0.2125
lhpflddn-1,140,6.3218749999999995,177690.0,1269.2142857142858,292.8296136886794,711.0,870.3,1246.0,1670.5,1913.0,462.5,1.0,7955.295718385953,2710.0318999380943,0.20895027726323143,0.0736486753870512,4159287.76617705,4.1215510514963025,0.2781044453275641,verified_focus_dir0_dapi,/Volumes/Shihong_5/for_spatioev/pancreas_Xenium_example_data_from_10X/Xenium_V1_Human_Ductal_Adenocarcinoma_FFPE_outs/morphology_focus/morphology_focus_0000.ome.tif,0,0.2125
lhphepgd-1,990,44.7046875,639428.0,645.8868686868686,216.37318428602393,277.0,394.0,620.0,914.0,1509.0,297.75,1.0,7975.243855875876,2705.0295785842973,0.17919990591646387,0.023752328242500096,87307409.38976711,6.727459538649073,0.3532145092264958,verified_focus_dir0_dapi,/Volumes/Shihong_5/for_spatioev/pancreas_Xenium_example_data_from_10X/Xenium_V1_Human_Ductal_Adenocarcinoma_FFPE_outs/morphology_focus/morphology_focus_0000.ome.tif,0,0.2125
liaajbcp-1,443,20.004218749999996,297958.0,672.5914221218961,180.86061534716825,352.0,437.6,671.0,915.2,1264.0,233.5,1.0,7969.345556714369,2814.3206630212985,0.6703986165954432,0.132836447516163,21671772.92616409,5.251791264970802,0.3875820101171065,verified_focus_dir0_dapi,/Volumes/Shihong_5/for_spatioev/pancreas_Xenium_example_data_from_10X/Xenium_V1_Human_Ductal_Adenocarcinoma_FFPE_outs/morphology_focus/morphology_focus_0000.ome.tif,0,0.2125
lifmhhje-1,155,6.999218749999999,80827.0,521.4645161290323,158.6479274050788,275.0,328.2,498.0,753.3999999999999,855.0,266.0,1.0,8073.752726192979,2801.6770291796056,0.4279922970920136,0.14336928189528866,2112134.3959320523,4.549842448436398,0.1692894397755256,verified_focus_dir0_dapi,/Volumes/Shihong_5/for_spatioev/pancreas_Xenium_example_data_from_10X/Xenium_V1_Human_Ductal_Adenocarcinoma_FFPE_outs/morphology_focus/morphology_focus_0000.ome.tif,0,0.2125
ligjfmba-1,577,26.055156249999996,601840.0,1043.050259965338,382.1836772528509,472.0,669.4,917.0,1636.6,2289.0,452.0,1.0,8213.329468401069,2576.02883420012,0.9975649476474752,0.17319656732571378,58496759.47678286,5.216929511963014,0.5814166965785942,verified_focus_dir0_dapi,/Volumes/Shihong_5/for_spatioev/pancreas_Xenium_example_data_from_10X/Xenium_V1_Human_Ductal_Adenocarcinoma_FFPE_outs/morphology_focus/morphology_focus_0000.ome.tif,0,0.2125
ljmkhmoh-1,2261,102.09828124999999,1993019.0,881.4767801857585,366.96269758675777,223.0,374.0,884.0,1375.0,1874.0,590.0,1.0,8229.94484927138,2345.261294881032,0.9224626727848615,0.08090670727385507,828520285.1506824,7.556960781409987,0.43729714049609075,verified_focus_dir0_dapi,/Volumes/Shihong_5/for_spatioev/pancreas_Xenium_example_data_from_10X/Xenium_V1_Human_Ductal_Adenocarcinoma_FFPE_outs/morphology_focus/morphology_focus_0000.ome.tif,0,0.2125
lkbfacjf-1,173,7.8120312499999995,216426.0,1251.0173410404625,288.46607426154355,465.0,827.0,1297.0,1586.2000000000003,2043.0,369.0,1.0,8076.872593288236,2161.1525647334424,0.13480306547588125,0.04274277583863243,6009145.549555045,4.9411105645896365,0.13102373227265043,verified_focus_dir0_dapi,/Volumes/Shihong_5/for_spatioev/pancreas_Xenium_example_data_from_10X/Xenium_V1_Human_Ductal_Adenocarcinoma_FFPE_outs/morphology_focus/morphology_focus_0000.ome.tif,0,0.2125
lkcjgdlf-1,1833,82.77140624999998,2490206.0,1358.5411893071469,429.55002854946383,423.0,811.2,1350.0,1938.8,2643.0,598.0,1.0,8054.413049347122,2224.91134848884,0.4487921743832329,0.043716969568116916,701857324.9510977,7.0642839905532515,0.4528256509281969,verified_focus_dir0_dapi,/Volumes/Shihong_5/for_spatioev/pancreas_Xenium_example_data_from_10X/Xenium_V1_Human_Ductal_Adenocarcinoma_FFPE_outs/morphology_focus/morphology_focus_0000.ome.tif,0,0.2125
lkgehjig-1,2307,104.17546875,3371546.0,1461.4416991764197,500.6387445448686,427.0,794.6,1412.0,2173.4,2967.0,665.0,1.0,8169.082741863821,2406.382630705617,1.4332783862479777,0.12444938673491503,1506612644.0312047,7.3867026348015425,0.4564935299514867,verified_focus_dir0_dapi,/Volumes/Shihong_5/for_spatioev/pancreas_Xenium_example_data_from_10X/Xenium_V1_Human_Ductal_Adenocarcinoma_FFPE_outs/morphology_focus/morphology_focus_0000.ome.tif,0,0.2125
lkgfaijp-1,3127,141.20359374999998,1758155.0,562.2497601535017,220.2254448108925,186.0,307.0,543.0,831.0,1522.0,288.5,1.0,8186.916650309558,2409.076982511496,1.338619451603392,0.09983416666870244,1279849730.1215854,6.1345796240117965,0.7482468773273989,verified_focus_dir0_dapi,/Volumes/Shihong_5/for_spatioev/pancreas_Xenium_example_data_from_10X/Xenium_V1_Human_Ductal_Adenocarcinoma_FFPE_outs/morphology_focus/morphology_focus_0000.ome.tif,0,0.2125
lkhdjpko-1,1283,57.93546874999999,1177271.0,917.5923616523772,292.58390061182195,332.0,555.2,884.0,1324.1999999999998,1745.0,449.0,1.0,8096.091996320302,2554.5983730275357,0.47959466541877205,0.05584020729700041,249784533.69166148,6.602122605900129,0.4581456217295713,verified_focus_dir0_dapi,/Volumes/Shihong_5/for_spatioev/pancreas_Xenium_example_data_from_10X/Xenium_V1_Human_Ductal_Adenocarcinoma_FFPE_outs/morphology_focus/morphology_focus_0000.ome.tif,0,0.2125
lkkkloce-1,531,23.97796875,582115.0,1096.261770244821,203.2532055416788,486.0,830.0,1108.0,1338.0,1595.0,240.0,1.0,7815.516867113886,2242.749180789019,0.4610048880754197,0.08343423264378194,78369261.4620204,4.742565632622913,0.6446869132631826,verified_focus_dir0_dapi,/Volumes/Shihong_5/for_spatioev/pancreas_Xenium_example_data_from_10X/Xenium_V1_Human_Ductal_Adenocarcinoma_FFPE_outs/morphology_focus/morphology_focus_0000.ome.tif,0,0.2125
llaokmfn-1,2223,100.38234374999999,3316097.0,1491.7215474583895,385.79295200458085,780.0,1026.2,1439.0,2021.8,2837.0,562.5,1.0,7952.7403222824905,2487.999827805851,0.49128985094688066,0.0434564321928306,1343737830.0326977,6.391669714693933,0.6020597627789138,verified_focus_dir0_dapi,/Volumes/Shihong_5/for_spatioev/pancreas_Xenium_example_data_from_10X/Xenium_V1_Human_Ductal_Adenocarcinoma_FFPE_outs/morphology_focus/morphology_focus_0000.ome.tif,0,0.2125
llcblnnd-1,864,39.01499999999999,722129.0,835.7974537037037,238.7909494512149,372.0,548.9000000000001,798.5,1181.5000000000007,1595.0,332.5,1.0,7920.65025956235,2547.7035534336665,0.8443708081093347,0.1198015247177045,103034158.46320811,5.707485545953506,0.5299641158467995,verified_focus_dir0_dapi,/Volumes/Shihong_5/for_spatioev/pancreas_Xenium_example_data_from_10X/Xenium_V1_Human_Ductal_Adenocarcinoma_FFPE_outs/morphology_focus/morphology_focus_0000.ome.tif,0,0.2125
lmimdnin-1,1263,57.032343749999995,1475286.0,1168.0807600950118,335.8559617584152,493.0,770.4,1117.0,1648.3999999999996,2626.0,456.0,1.0,8360.302264984552,2314.000325140346,0.8616628948820463,0.1011164287433645,326917599.7570641,6.881893484964978,0.306221350158065,verified_focus_dir0_dapi,/Volumes/Shihong_5/for_spatioev/pancreas_Xenium_example_data_from_10X/Xenium_V1_Human_Ductal_Adenocarcinoma_FFPE_outs/morphology_focus/morphology_focus_0000.ome.tif,0,0.2125
lmnbnklh-1,1663,75.09484375,1155301.0,694.708959711365,229.65763576935115,200.0,399.20000000000005,669.0,1008.0,1419.0,297.0,1.0,8411.654356948968,2162.347749287848,1.04986957728796,0.10736809132944494,437790061.7391416,6.082119401859991,0.5396771754793965,verified_focus_dir0_dapi,/Volumes/Shihong_5/for_spatioev/pancreas_Xenium_example_data_from_10X/Xenium_V1_Human_Ductal_Adenocarcinoma_FFPE_outs/morphology_focus/morphology_focus_0000.ome.tif,0,0.2125
lmnlpfok-1,149,6.728281249999999,87965.0,590.3691275167786,104.51147774180444,429.0,483.6,554.0,766.2,840.0,141.0,1.0,8317.21329534474,2228.838605127039,0.3458961445398107,0.11817853266297226,2080715.5374069232,3.979071947421579,0.276191565269856,verified_focus_dir0_dapi,/Volumes/Shihong_5/for_spatioev/pancreas_Xenium_example_data_from_10X/Xenium_V1_Human_Ductal_Adenocarcinoma_FFPE_outs/morphology_focus/morphology_focus_0000.ome.tif,0,0.2125
lnconnei-1,1075,48.54296874999999,1029221.0,957.4148837209302,407.7211141715199,266.0,415.0,950.0,1509.6000000000001,2029.0,645.5,1.0,8913.375224210835,2381.494190557713,1.6875701943545154,0.21465629074680012,267674337.83611292,4.957492391969712,1.1378786847558784,verified_focus_dir0_dapi,/Volumes/Shihong_5/for_spatioev/pancreas_Xenium_example_data_from_10X/Xenium_V1_Human_Ductal_Adenocarcinoma_FFPE_outs/morphology_focus/morphology_focus_0000.ome.tif,0,0.2125
lnfdecgd-1,1646,74.3271875,1330802.0,808.5066828675577,325.09556257115526,265.0,412.0,756.0,1291.0,1627.0,536.0,1.0,8852.67754061085,3264.0292388255352,0.25798676550329913,0.026519694601504447,384292966.2375117,6.4331336469921965,0.6097978023692657,verified_focus_dir0_dapi,/Volumes/Shihong_5/for_spatioev/pancreas_Xenium_example_data_from_10X/Xenium_V1_Human_Ductal_Adenocarcinoma_FFPE_outs/morphology_focus/morphology_focus_0000.ome.tif,0,0.2125
lnkemobc-1,1325,59.83203124999999,1020144.0,769.92,184.3391204705313,421.0,553.4,745.0,1030.0,1458.0,278.0,1.0,8937.88369924981,2819.1431012435496,0.2737115240846488,0.03135964589283059,283938815.2256731,5.893359353411772,0.4839698825327865,verified_focus_dir0_dapi,/Volumes/Shihong_5/for_spatioev/pancreas_Xenium_example_data_from_10X/Xenium_V1_Human_Ductal_Adenocarcinoma_FFPE_outs/morphology_focus/morphology_focus_0000.ome.tif,0,0.2125
lnklemoo-1,889,40.14390624999999,361484.0,406.61867266591673,127.72260494255237,132.0,279.0,372.0,593.2,840.0,162.0,1.0,8982.866850814973,2778.1979539896647,0.48309727402121627,0.06757245733082148,52327936.9057773,6.085126418397354,0.32213149122078694,verified_focus_dir0_dapi,/Volumes/Shihong_5/for_spatioev/pancreas_Xenium_example_data_from_10X/Xenium_V1_Human_Ductal_Adenocarcinoma_FFPE_outs/morphology_focus/morphology_focus_0000.ome.tif,0,0.2125
lnngpiaj-1,1669,75.36578125,3094099.0,1853.863990413421,592.177506324665,578.0,1178.8,1780.0,2755.8,3731.0,674.0,1.0,9000.066181730126,3041.915482297916,0.8954426549451796,0.09141040147579113,762613704.4565859,7.8712496434803265,0.29345874095233837,verified_focus_dir0_dapi,/Volumes/Shihong_5/for_spatioev/pancreas_Xenium_example_data_from_10X/Xenium_V1_Human_Ductal_Adenocarcinoma_FFPE_outs/morphology_focus/morphology_focus_0000.ome.tif,0,0.2125
logogjnk-1,1467,66.24421874999999,2035568.0,1387.571915473756,389.315648640043,578.0,877.6,1405.0,1883.0,2773.0,552.0,1.0,10038.015480795777,3596.9314466588685,1.138440692267509,0.1239599407803925,457080283.3797653,6.890474841415264,0.4161791703846803,verified_focus_dir0_dapi,/Volumes/Shihong_5/for_spatioev/pancreas_Xenium_example_data_from_10X/Xenium_V1_Human_Ductal_Adenocarcinoma_FFPE_outs/morphology_focus/morphology_focus_0000.ome.tif,0,0.2125
lojbbncd-1,601,27.138906249999998,482513.0,802.8502495840266,211.90802843822752,415.0,572.0,758.0,1108.0,1529.0,299.0,1.0,10085.320949306028,3199.20275070309,0.7901536019468982,0.1344188868159479,45809436.49059818,6.15304854249954,0.2853407739623897,verified_focus_dir0_dapi,/Volumes/Shihong_5/for_spatioev/pancreas_Xenium_example_data_from_10X/Xenium_V1_Human_Ductal_Adenocarcinoma_FFPE_outs/morphology_focus/morphology_focus_0000.ome.tif,0,0.2125
loohaijo-1,1600,72.24999999999999,1932069.0,1207.543125,374.9977325134572,501.0,701.9,1202.5,1743.0,2272.0,495.25,1.0,9659.877568664731,3676.824907786678,0.49621596358611314,0.05173646444347045,509328217.0260017,6.403432049307165,0.5681523589904601,verified_focus_dir0_dapi,/Volumes/Shihong_5/for_spatioev/pancreas_Xenium_example_data_from_10X/Xenium_V1_Human_Ductal_Adenocarcinoma_FFPE_outs/morphology_focus/morphology_focus_0000.ome.tif,0,0.2125
loonkkfj-1,228,10.295625,329313.0,1444.3552631578948,340.128498832299,507.0,947.3000000000001,1486.5,1841.0,2224.0,448.0,1.0,9855.510310365822,3468.9419960265764,0.31935567583435853,0.08820500358910005,11726467.188486334,5.154028712005442,0.20556496568058713,verified_focus_dir0_dapi,/Volumes/Shihong_5/for_spatioev/pancreas_Xenium_example_data_from_10X/Xenium_V1_Human_Ductal_Adenocarcinoma_FFPE_outs/morphology_focus/morphology_focus_0000.ome.tif,0,0.2125
lpjapmda-1,596,26.913124999999997,172981.0,290.2365771812081,83.97442526359691,157.0,199.0,275.0,402.0,623.0,101.25,1.0,9236.567367080777,3385.996005413889,0.5856320474099275,0.10004323138003617,16192178.753157862,5.4659072690643455,0.3025704779278804,verified_focus_dir0_dapi,/Volumes/Shihong_5/for_spatioev/pancreas_Xenium_example_data_from_10X/Xenium_V1_Human_Ductal_Adenocarcinoma_FFPE_outs/morphology_focus/morphology_focus_0000.ome.tif,0,0.2125
lpndnmdi-1,988,44.614374999999995,1655335.0,1675.4402834008097,481.6314774152191,615.0,998.2,1710.5,2294.3,2737.0,773.5,1.0,9641.55086446248,3544.1172120597944,0.8099218507757591,0.10746094364221094,456981481.366399,4.478292829082651,1.2529954086726636,verified_focus_dir0_dapi,/Volumes/Shihong_5/for_spatioev/pancreas_Xenium_example_data_from_10X/Xenium_V1_Human_Ductal_Adenocarcinoma_FFPE_outs/morphology_focus/morphology_focus_0000.ome.tif,0,0.2125
lppklael-1,1161,52.42640624999999,2481438.0,2137.328165374677,536.9562846758372,666.0,1350.0,2172.0,2817.0,3421.0,749.0,1.0,9657.685656341202,3548.650771195976,0.42114868117100734,0.05154723106262632,523777370.59971356,5.9910723735203,0.6295860702346636,verified_focus_dir0_dapi,/Volumes/Shihong_5/for_spatioev/pancreas_Xenium_example_data_from_10X/Xenium_V1_Human_Ductal_Adenocarcinoma_FFPE_outs/morphology_focus/morphology_focus_0000.ome.tif,0,0.2125
madakkgk-1,2041,92.16390625,2416452.0,1183.954924056835,436.5464662260259,432.0,687.0,1135.0,1738.0,2895.0,634.0,1.0,9422.530736411276,3275.1545220016783,0.6924847260601089,0.06392558376497338,731243379.9849148,7.298674528959886,0.4583056313397472,verified_focus_dir0_dapi,/Volumes/Shihong_5/for_spatioev/pancreas_Xenium_example_data_from_10X/Xenium_V1_Human_Ductal_Adenocarcinoma_FFPE_outs/morphology_focus/morphology_focus_0000.ome.tif,0,0.2125
maehdopp-1,1937,87.46765624999999,1931131.0,996.9700567888488,314.4037405337075,424.0,644.0,934.0,1424.8000000000002,2183.0,436.0,1.0,9658.728950825967,3194.1298285370076,0.3426566779787461,0.03246985850315373,642590404.1644726,6.329531266919234,0.5881663002449348,verified_focus_dir0_dapi,/Volumes/Shihong_5/for_spatioev/pancreas_Xenium_example_data_from_10X/Xenium_V1_Human_Ductal_Adenocarcinoma_FFPE_outs/morphology_focus/morphology_focus_0000.ome.tif,0,0.2125
maehenjn-1,2041,92.16390625,1623707.0,795.5448309652131,283.67178326588595,303.0,460.0,753.0,1182.0,1738.0,426.0,1.0,9651.679685797684,3184.2226857970677,1.4757471799463218,0.13623116354394962,700647481.2137325,6.645756061574396,0.5245438544511853,verified_focus_dir0_dapi,/Volumes/Shihong_5/for_spatioev/pancreas_Xenium_example_data_from_10X/Xenium_V1_Human_Ductal_Adenocarcinoma_FFPE_outs/morphology_focus/morphology_focus_0000.ome.tif,0,0.2125
mbcdmjck-1,1007,45.47234374999999,817225.0,811.5441906653426,196.52855637090192,335.0,553.0,804.0,1059.0,1406.0,278.5,1.0,10139.260441065802,3260.359694346722,0.4664723180269966,0.06130517654389113,132383199.68887395,6.651173091187982,0.2675752184676278,verified_focus_dir0_dapi,/Volumes/Shihong_5/for_spatioev/pancreas_Xenium_example_data_from_10X/Xenium_V1_Human_Ductal_Adenocarcinoma_FFPE_outs/morphology_focus/morphology_focus_0000.ome.tif,0,0.2125
mbcfibjn-1,1966,88.7771875,1861340.0,946.76500508647,342.4647730340338,320.0,517.0,915.5,1418.0,2095.0,497.0,1.0,10133.776475865507,3351.43768246935,1.6583694173881642,0.15598237538188614,680741133.00916,6.61451814296329,0.5801711148481096,verified_focus_dir0_dapi,/Volumes/Shihong_5/for_spatioev/pancreas_Xenium_example_data_from_10X/Xenium_V1_Human_Ductal_Adenocarcinoma_FFPE_outs/morphology_focus/morphology_focus_0000.ome.tif,0,0.2125
mbemffmc-1,1874,84.6228125,1814337.0,968.1627534685166,419.55184160115925,375.0,521.3,854.0,1612.4,2566.0,528.0,1.0,10536.11938055058,3647.5048874740473,1.0303992725455606,0.099267425003267,668899493.4974935,6.63019239106011,0.6476650685035826,verified_focus_dir0_dapi,/Volumes/Shihong_5/for_spatioev/pancreas_Xenium_example_data_from_10X/Xenium_V1_Human_Ductal_Adenocarcinoma_FFPE_outs/morphology_focus/morphology_focus_0000.ome.tif,0,0.2125
mbiganol-1,1345,60.735156249999996,2568408.0,1909.5970260223048,442.25258606324877,1007.0,1385.0,1860.0,2529.6000000000004,3405.0,570.0,1.0,10489.600769401708,3178.5789613205925,0.19398062288027085,0.022058867582350886,598910848.9343523,6.300495944263197,0.5265969696436302,verified_focus_dir0_dapi,/Volumes/Shihong_5/for_spatioev/pancreas_Xenium_example_data_from_10X/Xenium_V1_Human_Ductal_Adenocarcinoma_FFPE_outs/morphology_focus/morphology_focus_0000.ome.tif,0,0.2125
mbkjllhp-1,1530,69.0890625,2168867.0,1417.5601307189543,527.2111983745093,699.0,878.0,1287.5,2223.1000000000004,3245.0,744.75,1.0,10396.031889939539,3266.5650974391237,0.39574118962278904,0.0421940823198131,533860810.4123194,6.9983607438509985,0.46870789483009656,verified_focus_dir0_dapi,/Volumes/Shihong_5/for_spatioev/pancreas_Xenium_example_data_from_10X/Xenium_V1_Human_Ductal_Adenocarcinoma_FFPE_outs/morphology_focus/morphology_focus_0000.ome.tif,0,0.2125
mbofmikn-1,981,44.298281249999995,1381684.0,1408.4444444444443,499.07719963441104,428.0,712.0,1411.0,2086.0,2824.0,681.0,1.0,10327.13551975343,3247.289695129277,0.13727630174039512,0.018278774422177686,193947871.82836598,6.499357821835052,0.47082185621790423,verified_focus_dir0_dapi,/Volumes/Shihong_5/for_spatioev/pancreas_Xenium_example_data_from_10X/Xenium_V1_Human_Ductal_Adenocarcinoma_FFPE_outs/morphology_focus/morphology_focus_0000.ome.tif,0,0.2125
mbpjekmd-1,2553,115.28390624999999,2144981.0,840.180571876224,288.747389830127,224.0,428.20000000000005,852.0,1212.0,1584.0,427.0,1.0,10247.450200636975,3449.95656840317,1.0954438859169044,0.09041713353884616,926253092.117271,6.930642933697045,0.5259224022424641,verified_focus_dir0_dapi,/Volumes/Shihong_5/for_spatioev/pancreas_Xenium_example_data_from_10X/Xenium_V1_Human_Ductal_Adenocarcinoma_FFPE_outs/morphology_focus/morphology_focus_0000.ome.tif,0,0.2125
mcaibldi-1,1367,61.728593749999995,2843585.0,2080.1645940014632,613.9983212737285,732.0,1185.6,2176.0,2827.8,3589.0,980.5,1.0,10427.249144798732,3082.923540785663,1.3228744859855395,0.1492177164190996,729467981.8813955,6.208056276390778,0.6677470743751298,verified_focus_dir0_dapi,/Volumes/Shihong_5/for_spatioev/pancreas_Xenium_example_data_from_10X/Xenium_V1_Human_Ductal_Adenocarcinoma_FFPE_outs/morphology_focus/morphology_focus_0000.ome.tif,0,0.2125
mcanhdkp-1,677,30.570781249999996,380856.0,562.5642540620385,98.07837922355819,330.0,429.6,568.0,688.0,781.0,148.0,1.0,10459.778289497868,3069.2489149770518,0.6911131865753152,0.11077476858201475,47895861.079449974,5.815724364670333,0.3010139973265532,verified_focus_dir0_dapi,/Volumes/Shihong_5/for_spatioev/pancreas_Xenium_example_data_from_10X/Xenium_V1_Human_Ductal_Adenocarcinoma_FFPE_outs/morphology_focus/morphology_focus_0000.ome.tif,0,0.2125
mcbenfdn-1,902,40.730937499999996,947315.0,1050.2383592017738,316.1737428156998,314.0,595.1,1086.0,1415.0,1860.0,427.75,1.0,10352.317918775698,3151.037256192502,0.8616931351317153,0.11965624519347892,178686568.74172583,5.052623101022009,0.9011588312873368,verified_focus_dir0_dapi,/Volumes/Shihong_5/for_spatioev/pancreas_Xenium_example_data_from_10X/Xenium_V1_Human_Ductal_Adenocarcinoma_FFPE_outs/morphology_focus/morphology_focus_0000.ome.tif,0,0.2125
mcjickaa-1,369,16.662656249999998,582819.0,1579.4552845528456,256.23564015390525,919.0,1257.2,1573.0,1928.2,2243.0,291.0,1.0,9091.957991760735,3057.976663423807,0.42833169363416673,0.09299359422915755,45597660.726170555,5.191503733416971,0.3263002113915617,verified_focus_dir0_dapi,/Volumes/Shihong_5/for_spatioev/pancreas_Xenium_example_data_from_10X/Xenium_V1_Human_Ductal_Adenocarcinoma_FFPE_outs/morphology_focus/morphology_focus_0000.ome.tif,0,0.2125
mckiohjp-1,780,35.221875,410704.0,526.5435897435898,204.61044763017708,245.0,314.9,480.0,818.1,1304.0,240.25,1.0,9149.218080144094,3160.143281870885,0.6677871713949902,0.09971873870555885,62709515.98805465,4.927840042690524,0.87116055124639,verified_focus_dir0_dapi,/Volumes/Shihong_5/for_spatioev/pancreas_Xenium_example_data_from_10X/Xenium_V1_Human_Ductal_Adenocarcinoma_FFPE_outs/morphology_focus/morphology_focus_0000.ome.tif,0,0.2125
mcnfhnki-1,1728,78.02999999999999,1622113.0,938.722800925926,260.44760507514184,372.0,638.0,911.0,1299.3,1936.0,297.25,1.0,10266.865249531013,2692.678986143382,0.8020962365767874,0.0804712256110188,460756991.5327502,6.938000972936468,0.373885212409245,verified_focus_dir0_dapi,/Volumes/Shihong_5/for_spatioev/pancreas_Xenium_example_data_from_10X/Xenium_V1_Human_Ductal_Adenocarcinoma_FFPE_outs/morphology_focus/morphology_focus_0000.ome.tif,0,0.2125
mddmemob-1,887,40.05359375,906146.0,1021.5851183765502,313.46519008171856,390.0,645.6,999.0,1426.7999999999997,1998.0,369.5,1.0,10666.562850812672,3309.6682329199707,0.7241455119553969,0.10140282161853534,141117813.02837512,6.5652526911308495,0.32461834591291416,verified_focus_dir0_dapi,/Volumes/Shihong_5/for_spatioev/pancreas_Xenium_example_data_from_10X/Xenium_V1_Human_Ductal_Adenocarcinoma_FFPE_outs/morphology_focus/morphology_focus_0000.ome.tif,0,0.2125
mddmmeib-1,937,42.31140625,1122134.0,1197.581643543223,277.1964423785223,604.0,865.0,1166.0,1574.8,2014.0,441.0,1.0,10660.860848214204,3318.639426519025,0.45280239413556445,0.06169144250910858,173055754.24237123,6.0843194607359266,0.4189421559434771,verified_focus_dir0_dapi,/Volumes/Shihong_5/for_spatioev/pancreas_Xenium_example_data_from_10X/Xenium_V1_Human_Ductal_Adenocarcinoma_FFPE_outs/morphology_focus/morphology_focus_0000.ome.tif,0,0.2125
mddoacam-1,112,5.057499999999999,85601.0,764.2946428571429,115.53498530074722,515.0,613.8,768.0,919.5,1002.0,177.25,1.0,10635.467049304329,3322.871930818565,0.210295143211722,0.08287169805227931,1514105.616032523,4.02874523101617,0.19555809578164698,verified_focus_dir0_dapi,/Volumes/Shihong_5/for_spatioev/pancreas_Xenium_example_data_from_10X/Xenium_V1_Human_Ductal_Adenocarcinoma_FFPE_outs/morphology_focus/morphology_focus_0000.ome.tif,0,0.2125
mdeianoj-1,1725,77.89453124999999,1581141.0,916.6034782608696,281.4353405072867,398.0,593.0,881.0,1336.4000000000005,1941.0,359.0,1.0,10759.68438883692,3642.874640797373,2.3661425429794467,0.23759229948111782,606853188.0872548,6.480611709043082,0.4485333323914805,verified_focus_dir0_dapi,/Volumes/Shihong_5/for_spatioev/pancreas_Xenium_example_data_from_10X/Xenium_V1_Human_Ductal_Adenocarcinoma_FFPE_outs/morphology_focus/morphology_focus_0000.ome.tif,0,0.2125
mdekmgka-1,1727,77.98484375,1448530.0,838.7550665894615,260.675501491199,320.0,521.6,808.0,1218.4,1721.0,380.5,1.0,10782.215994542743,3672.8820377641473,0.3681539934687264,0.03694616396391233,427743331.1022243,6.5325671370339204,0.5310410522523418,verified_focus_dir0_dapi,/Volumes/Shihong_5/for_spatioev/pancreas_Xenium_example_data_from_10X/Xenium_V1_Human_Ductal_Adenocarcinoma_FFPE_outs/morphology_focus/morphology_focus_0000.ome.tif,0,0.2125
mdldoemo-1,1717,77.53328124999999,3113690.0,1813.4478741991845,583.3096983459759,486.0,1018.6,1820.0,2519.2000000000003,3566.0,807.0,1.0,10222.715318018974,3007.571438313544,0.9511266298472215,0.09572804728778818,976681785.8692954,6.26553343410935,0.7391867805715674,verified_focus_dir0_dapi,/Volumes/Shihong_5/for_spatioev/pancreas_Xenium_example_data_from_10X/Xenium_V1_Human_Ductal_Adenocarcinoma_FFPE_outs/morphology_focus/morphology_focus_0000.ome.tif,0,0.2125
mdlnchie-1,1328,59.967499999999994,1193269.0,898.5459337349398,328.3469059716816,265.0,532.0,820.0,1365.3,1999.0,483.25,1.0,10285.133988176596,3203.7269026724066,1.3094293580006597,0.14985424245049705,249311139.44528183,6.03164349128617,0.6719118792324693,verified_focus_dir0_dapi,/Volumes/Shihong_5/for_spatioev/pancreas_Xenium_example_data_from_10X/Xenium_V1_Human_Ductal_Adenocarcinoma_FFPE_outs/morphology_focus/morphology_focus_0000.ome.tif,0,0.2125
meecmgfg-1,2380,107.47187499999998,1807928.0,759.6336134453782,387.9252139823416,123.0,275.0,704.0,1328.1999999999998,1862.0,538.5,1.0,9048.553817401744,4188.961478105046,0.8628567651484059,0.07376260337068583,757324747.327981,6.8615957607896645,0.7526552545681351,verified_focus_dir0_dapi,/Volumes/Shihong_5/for_spatioev/pancreas_Xenium_example_data_from_10X/Xenium_V1_Human_Ductal_Adenocarcinoma_FFPE_outs/morphology_focus/morphology_focus_0000.ome.tif,0,0.2125
meepopnj-1,2042,92.20906249999999,2056262.0,1006.9843290891283,378.6805340456496,394.0,589.0,931.0,1568.9,2350.0,446.75,1.0,9034.379160784229,4050.4362240439204,1.5244353869258818,0.14069127291767797,621517569.1787336,6.611490690701123,0.6462520743787757,verified_focus_dir0_dapi,/Volumes/Shihong_5/for_spatioev/pancreas_Xenium_example_data_from_10X/Xenium_V1_Human_Ductal_Adenocarcinoma_FFPE_outs/morphology_focus/morphology_focus_0000.ome.tif,0,0.2125
mefffnla-1,2713,122.50890624999998,1829770.0,674.4452635458902,220.68095541900087,200.0,422.0,632.0,994.0,1619.0,303.0,1.0,9068.72503191658,4051.9481740123074,1.1129506677338392,0.08911217089149506,790143956.0327499,7.144565130381041,0.40896056608065573,verified_focus_dir0_dapi,/Volumes/Shihong_5/for_spatioev/pancreas_Xenium_example_data_from_10X/Xenium_V1_Human_Ductal_Adenocarcinoma_FFPE_outs/morphology_focus/morphology_focus_0000.ome.tif,0,0.2125
mefndpdk-1,3820,172.496875,2433886.0,637.1429319371728,276.57656124506866,147.0,249.0,638.0,985.0,1601.0,396.25,1.0,8971.46066298401,3809.433780469792,0.3399122323912654,0.02293618160479461,1537044555.3471947,7.749560557565198,0.4503093797918222,verified_focus_dir0_dapi,/Volumes/Shihong_5/for_spatioev/pancreas_Xenium_example_data_from_10X/Xenium_V1_Human_Ductal_Adenocarcinoma_FFPE_outs/morphology_focus/morphology_focus_0000.ome.tif,0,0.2125
mfbaehdd-1,1277,57.664531249999996,832518.0,651.9326546593579,241.40778091482107,224.0,384.6,596.0,994.8000000000002,1684.0,326.0,1.0,9328.91159656608,3982.243626924583,0.32424573902724974,0.037841194358299225,178626821.57101226,6.824841173905022,0.352870808408569,verified_focus_dir0_dapi,/Volumes/Shihong_5/for_spatioev/pancreas_Xenium_example_data_from_10X/Xenium_V1_Human_Ductal_Adenocarcinoma_FFPE_outs/morphology_focus/morphology_focus_0000.ome.tif,0,0.2125
mfdepiio-1,991,44.74984375,1340103.0,1352.2734611503531,518.9145397734806,343.0,713.0,1306.0,2051.0,2972.0,741.0,1.0,9472.418921353434,3795.0049165810383,0.2768459778244193,0.03667645883563582,254785791.62740326,6.215779452225337,0.6264261234371094,verified_focus_dir0_dapi,/Volumes/Shihong_5/for_spatioev/pancreas_Xenium_example_data_from_10X/Xenium_V1_Human_Ductal_Adenocarcinoma_FFPE_outs/morphology_focus/morphology_focus_0000.ome.tif,0,0.2125
mfecljpf-1,1633,73.74015625,1377736.0,843.6840171463564,295.8359376275064,306.0,470.0,823.0,1257.8,1641.0,482.0,1.0,9332.715253276026,3713.5743626500284,0.23398876258263757,0.024148375181128296,343456888.80208623,6.937522318427693,0.46339084572174827,verified_focus_dir0_dapi,/Volumes/Shihong_5/for_spatioev/pancreas_Xenium_example_data_from_10X/Xenium_V1_Human_Ductal_Adenocarcinoma_FFPE_outs/morphology_focus/morphology_focus_0000.ome.tif,0,0.2125
mffkhlid-1,1786,80.64906249999999,1992091.0,1115.392497200448,440.6446259419029,442.0,630.0,1021.5,1815.0,2607.0,527.25,1.0,9214.721679544256,4037.7348252414167,0.20130416787716945,0.019865433463670725,672361376.9698622,7.346675156749344,0.35720582312712396,verified_focus_dir0_dapi,/Volumes/Shihong_5/for_spatioev/pancreas_Xenium_example_data_from_10X/Xenium_V1_Human_Ductal_Adenocarcinoma_FFPE_outs/morphology_focus/morphology_focus_0000.ome.tif,0,0.2125
mfgjgjdn-1,2666,120.38656249999998,3005734.0,1127.4321080270067,329.16591618730394,470.0,750.0,1073.5,1594.0,2615.0,372.0,1.0,9405.414153102869,3946.087423126098,1.0704551862999847,0.08646183021557344,1340846803.886681,6.881962330360535,0.49211631396974775,verified_focus_dir0_dapi,/Volumes/Shihong_5/for_spatioev/pancreas_Xenium_example_data_from_10X/Xenium_V1_Human_Ductal_Adenocarcinoma_FFPE_outs/morphology_focus/morphology_focus_0000.ome.tif,0,0.2125
mfkhodoi-1,808,36.48625,1557791.0,1927.9591584158416,388.2672564624474,872.0,1376.6,1958.5,2380.8,2988.0,470.5,1.0,9781.615176995823,4288.337797191664,0.41899686660537383,0.06147394738764785,205283263.17419344,7.024791886406766,0.1859107581580578,verified_focus_dir0_dapi,/Volumes/Shihong_5/for_spatioev/pancreas_Xenium_example_data_from_10X/Xenium_V1_Human_Ductal_Adenocarcinoma_FFPE_outs/morphology_focus/morphology_focus_0000.ome.tif,0,0.2125
mfnjkahd-1,849,38.337656249999995,764413.0,900.3686690223793,255.4872100426979,395.0,584.8,880.0,1225.0,1817.0,369.0,1.0,9711.965885146512,4362.265170840239,1.0972368258276035,0.15704804565080985,127046150.36144336,4.859443748327199,0.8024365719742578,verified_focus_dir0_dapi,/Volumes/Shihong_5/for_spatioev/pancreas_Xenium_example_data_from_10X/Xenium_V1_Human_Ductal_Adenocarcinoma_FFPE_outs/morphology_focus/morphology_focus_0000.ome.tif,0,0.2125
mfomeopc-1,1352,61.051249999999996,1865053.0,1379.4770710059172,466.9059790377967,466.0,776.1,1358.0,2025.8000000000002,2835.0,693.25,1.0,9767.866179506695,4401.295986199856,0.6542546130752176,0.07420692814217672,402973969.2981615,6.566996050476687,0.5531135500159015,verified_focus_dir0_dapi,/Volumes/Shihong_5/for_spatioev/pancreas_Xenium_example_data_from_10X/Xenium_V1_Human_Ductal_Adenocarcinoma_FFPE_outs/morphology_focus/morphology_focus_0000.ome.tif,0,0.2125
mgdkjnph-1,452,20.410624999999996,275923.0,610.4491150442478,121.79280089058784,290.0,457.3,616.0,766.8000000000001,918.0,174.0,1.0,10305.713941615959,4323.099429324486,0.8516951953162575,0.1670709669440143,19613016.484040838,5.333533720362474,0.3237216682384548,verified_focus_dir0_dapi,/Volumes/Shihong_5/for_spatioev/pancreas_Xenium_example_data_from_10X/Xenium_V1_Human_Ductal_Adenocarcinoma_FFPE_outs/morphology_focus/morphology_focus_0000.ome.tif,0,0.2125
mgdppheb-1,1984,89.58999999999999,2347947.0,1183.4410282258063,298.7989306503852,602.0,822.3,1144.0,1606.8000000000002,2229.0,405.5,1.0,10271.383561468807,4361.0926906303675,0.7755215597672309,0.07261210855358795,708970213.5244288,7.031240624369764,0.38920182060270403,verified_focus_dir0_dapi,/Volumes/Shihong_5/for_spatioev/pancreas_Xenium_example_data_from_10X/Xenium_V1_Human_Ductal_Adenocarcinoma_FFPE_outs/morphology_focus/morphology_focus_0000.ome.tif,0,0.2125
mgelhfgk-1,232,10.476249999999999,154054.0,664.0258620689655,185.73699709474707,286.0,423.8,661.5,922.3000000000001,1166.0,241.5,1.0,10231.211454425073,4345.384070845288,0.46204615583699016,0.12651073391489892,5753206.388591014,5.032014786979969,0.22804151707759918,verified_focus_dir0_dapi,/Volumes/Shihong_5/for_spatioev/pancreas_Xenium_example_data_from_10X/Xenium_V1_Human_Ductal_Adenocarcinoma_FFPE_outs/morphology_focus/morphology_focus_0000.ome.tif,0,0.2125
mgepkboh-1,775,34.99609374999999,331502.0,427.74451612903226,135.4921038727447,204.0,281.4,396.0,642.6,869.0,170.0,1.0,10307.462886913201,4249.668309052434,0.06739433033192754,0.010096213302288265,36772236.3888423,6.092837784840778,0.3317193875480204,verified_focus_dir0_dapi,/Volumes/Shihong_5/for_spatioev/pancreas_Xenium_example_data_from_10X/Xenium_V1_Human_Ductal_Adenocarcinoma_FFPE_outs/morphology_focus/morphology_focus_0000.ome.tif,0,0.2125
mheacmkf-1,3082,139.1715625,4841718.0,1570.9662556781311,396.4100242959229,484.0,1054.1,1577.0,2054.9,3013.0,548.0,1.0,9277.367556108184,4192.837772728606,0.2646868820217949,0.019883924578284733,2182394237.6072273,7.775274132733972,0.35601257614920984,verified_focus_dir0_dapi,/Volumes/Shihong_5/for_spatioev/pancreas_Xenium_example_data_from_10X/Xenium_V1_Human_Ductal_Adenocarcinoma_FFPE_outs/morphology_focus/morphology_focus_0000.ome.tif,0,0.2125
mhfeoipk-1,1644,74.236875,1091767.0,664.0918491484185,183.42570963597612,296.0,447.3,634.0,935.7,1292.0,201.25,1.0,9262.570248700042,4531.125046049202,0.4229732448350448,0.04350588390968926,262775874.87448514,6.750094648633416,0.3644212854892737,verified_focus_dir0_dapi,/Volumes/Shihong_5/for_spatioev/pancreas_Xenium_example_data_from_10X/Xenium_V1_Human_Ductal_Adenocarcinoma_FFPE_outs/morphology_focus/morphology_focus_0000.ome.tif,0,0.2125
mhfjhlpn-1,1540,69.54062499999999,2186099.0,1419.5448051948051,329.7828406974331,755.0,992.8,1413.5,1831.0,2764.0,500.0,1.0,9253.243968451337,4487.525368041429,0.6649475936898547,0.07066641582473467,736110899.5568709,5.225355774584214,0.9417447033245754,verified_focus_dir0_dapi,/Volumes/Shihong_5/for_spatioev/pancreas_Xenium_example_data_from_10X/Xenium_V1_Human_Ductal_Adenocarcinoma_FFPE_outs/morphology_focus/morphology_focus_0000.ome.tif,0,0.2125
mhngbbhp-1,2496,112.71,2023742.0,810.7940705128206,232.18873925735096,397.0,527.0,777.0,1137.0,1689.0,351.75,1.0,9619.869520707183,4045.1309947858963,1.1114086738465216,0.09277639595317483,967714102.8791082,6.4677667618058265,0.5193574669117194,verified_focus_dir0_dapi,/Volumes/Shihong_5/for_spatioev/pancreas_Xenium_example_data_from_10X/Xenium_V1_Human_Ductal_Adenocarcinoma_FFPE_outs/morphology_focus/morphology_focus_0000.ome.tif,0,0.2125
mhobmmee-1,781,35.267031249999995,1052523.0,1347.6606914212548,269.9864583392838,847.0,1001.0,1326.0,1713.0,2207.0,378.0,1.0,9623.234546133433,4135.87602646213,0.36196379347098634,0.05401639798469775,141297411.960341,6.133412806076048,0.32800300989534065,verified_focus_dir0_dapi,/Volumes/Shihong_5/for_spatioev/pancreas_Xenium_example_data_from_10X/Xenium_V1_Human_Ductal_Adenocarcinoma_FFPE_outs/morphology_focus/morphology_focus_0000.ome.tif,0,0.2125
mhoemgbd-1,1761,79.52015624999999,1666224.0,946.1805792163543,266.52424352825267,380.0,629.0,898.0,1349.0,1707.0,363.0,1.0,9608.183173540892,4150.106235813732,0.6801176415741187,0.06759123293016206,475154586.3445245,6.974980257898531,0.3631336852500452,verified_focus_dir0_dapi,/Volumes/Shihong_5/for_spatioev/pancreas_Xenium_example_data_from_10X/Xenium_V1_Human_Ductal_Adenocarcinoma_FFPE_outs/morphology_focus/morphology_focus_0000.ome.tif,0,0.2125
mhogomlf-1,803,36.260468749999994,1067518.0,1329.412204234122,317.44466293026915,592.0,930.6,1329.0,1758.4,2162.0,460.5,1.0,9668.904718889986,4148.673242594035,0.8704537233811647,0.12810731266115766,153205675.7964184,6.214583051716105,0.3724655286120242,verified_focus_dir0_dapi,/Volumes/Shihong_5/for_spatioev/pancreas_Xenium_example_data_from_10X/Xenium_V1_Human_Ductal_Adenocarcinoma_FFPE_outs/morphology_focus/morphology_focus_0000.ome.tif,0,0.2125
mhpekcie-1,1254,56.62593749999999,1457711.0,1162.4489633173844,315.4815769354649,486.0,726.3,1167.0,1586.7,2011.0,444.5,1.0,9577.276700722914,4055.7989235263362,0.5555374882698856,0.06542603610511681,278180516.27831167,6.857001121376524,0.366371246921173,verified_focus_dir0_dapi,/Volumes/Shihong_5/for_spatioev/pancreas_Xenium_example_data_from_10X/Xenium_V1_Human_Ductal_Adenocarcinoma_FFPE_outs/morphology_focus/morphology_focus_0000.ome.tif,0,0.2125
midibkjh-1,493,22.262031249999996,324753.0,658.7281947261663,222.2359343203341,249.0,375.2,668.0,918.8,1311.0,380.0,1.0,9882.639142363581,4175.996742986207,0.5626905571184989,0.10568958039674323,23141926.216607697,5.733545138423017,0.3589846424034129,verified_focus_dir0_dapi,/Volumes/Shihong_5/for_spatioev/pancreas_Xenium_example_data_from_10X/Xenium_V1_Human_Ductal_Adenocarcinoma_FFPE_outs/morphology_focus/morphology_focus_0000.ome.tif,0,0.2125
mijbeobi-1,1529,69.04390624999999,1560808.0,1020.8031393067364,399.75086563363516,257.0,461.8,1054.0,1533.2,2080.0,615.0,1.0,9896.451809791788,3912.912985934208,0.17941510397027477,0.019135563893903623,463135318.0354374,7.158381912906129,0.3917702019593582,verified_focus_dir0_dapi,/Volumes/Shihong_5/for_spatioev/pancreas_Xenium_example_data_from_10X/Xenium_V1_Human_Ductal_Adenocarcinoma_FFPE_outs/morphology_focus/morphology_focus_0000.ome.tif,0,0.2125
mikimbfp-1,3386,152.89906249999999,3510982.0,1036.9113998818666,471.4642908020354,312.0,549.0,954.5,1606.5,3914.0,560.0,1.0,9804.654694441611,3710.3864855580287,1.2939152592121486,0.0927360009628611,1998224059.936883,6.7810717471272755,0.7533885189773207,verified_focus_dir0_dapi,/Volumes/Shihong_5/for_spatioev/pancreas_Xenium_example_data_from_10X/Xenium_V1_Human_Ductal_Adenocarcinoma_FFPE_outs/morphology_focus/morphology_focus_0000.ome.tif,0,0.2125
mipacado-1,177,7.992656249999999,41351.0,233.62146892655366,51.19452424914692,130.0,161.6,232.0,293.6,364.0,72.0,1.0,8926.24508627361,2316.442036770574,0.26383179645704286,0.08270399865185873,1127858.1182075404,4.105732045929925,0.29592755416300504,verified_focus_dir0_dapi,/Volumes/Shihong_5/for_spatioev/pancreas_Xenium_example_data_from_10X/Xenium_V1_Human_Ductal_Adenocarcinoma_FFPE_outs/morphology_focus/morphology_focus_0000.ome.tif,0,0.2125
mjgigpoa-1,1847,83.40359374999998,2276059.0,1232.3004872766649,340.91202261394295,488.0,829.2,1181.0,1711.0,2372.0,470.0,1.0,10113.307329379422,2520.342343327875,0.391257604498247,0.03796779274358537,693419299.1303204,6.663088726296777,0.5030193038239661,verified_focus_dir0_dapi,/Volumes/Shihong_5/for_spatioev/pancreas_Xenium_example_data_from_10X/Xenium_V1_Human_Ductal_Adenocarcinoma_FFPE_outs/morphology_focus/morphology_focus_0000.ome.tif,0,0.2125
mjjobdcl-1,311,14.043593749999998,315551.0,1014.6334405144695,212.40206528733103,456.0,741.0,1034.0,1279.0,1523.0,306.5,1.0,9061.555474788544,2427.0589910584977,0.8331060275537995,0.19701808271123727,21494427.15690966,4.276946388880791,0.6874903122026303,verified_focus_dir0_dapi,/Volumes/Shihong_5/for_spatioev/pancreas_Xenium_example_data_from_10X/Xenium_V1_Human_Ductal_Adenocarcinoma_FFPE_outs/morphology_focus/morphology_focus_0000.ome.tif,0,0.2125
mjkbpabh-1,345,15.578906249999998,284211.0,823.8,204.68319245937687,399.0,523.0,846.0,1085.6,1181.0,336.0,1.0,9367.470287216189,2458.252328903526,0.09668159002613266,0.0217080214962138,21258732.743602466,5.454201984859602,0.24827856498663564,verified_focus_dir0_dapi,/Volumes/Shihong_5/for_spatioev/pancreas_Xenium_example_data_from_10X/Xenium_V1_Human_Ductal_Adenocarcinoma_FFPE_outs/morphology_focus/morphology_focus_0000.ome.tif,0,0.2125
mjkdacbp-1,1118,50.48468749999999,1811559.0,1620.3568872987478,500.94988359054526,641.0,966.7,1616.5,2304.9,3023.0,733.5,1.0,9321.26163280495,2474.604950756503,0.8009686582207389,0.0999034824208029,370420444.39355826,6.776599639620085,0.42716620805613376,verified_focus_dir0_dapi,/Volumes/Shihong_5/for_spatioev/pancreas_Xenium_example_data_from_10X/Xenium_V1_Human_Ductal_Adenocarcinoma_FFPE_outs/morphology_focus/morphology_focus_0000.ome.tif,0,0.2125
mjkfjipd-1,1078,48.678437499999994,1657905.0,1537.9452690166977,307.7717418095228,668.0,1162.0,1513.0,1967.6000000000001,2586.0,387.75,1.0,9343.855111337802,2503.816742417388,0.5737674425664652,0.072880698645328,351392606.67307234,5.617056649784111,0.6270627555122167,verified_focus_dir0_dapi,/Volumes/Shihong_5/for_spatioev/pancreas_Xenium_example_data_from_10X/Xenium_V1_Human_Ductal_Adenocarcinoma_FFPE_outs/morphology_focus/morphology_focus_0000.ome.tif,0,0.2125
mjmnlbjc-1,1773,80.06203124999999,5451994.0,3075.0107163000566,1182.025791940431,796.0,1582.2,2972.0,4829.599999999999,6111.0,1772.0,1.0,9549.11320855498,2536.205672160956,2.0099205489920817,0.19907216005792305,2123540520.9791055,5.564233143002117,1.1351772655784882,verified_focus_dir0_dapi,/Volumes/Shihong_5/for_spatioev/pancreas_Xenium_example_data_from_10X/Xenium_V1_Human_Ductal_Adenocarcinoma_FFPE_outs/morphology_focus/morphology_focus_0000.ome.tif,0,0.2125
mjpdlpjk-1,1290,58.25156249999999,2065553.0,1601.2038759689922,395.99886204971193,566.0,1063.9,1648.5,2100.1000000000004,2525.0,565.0,1.0,9426.254953612906,2497.210113623325,0.19099209561326386,0.02217719142127339,392854363.5283287,7.418733139180237,0.2378262706161966,verified_focus_dir0_dapi,/Volumes/Shihong_5/for_spatioev/pancreas_Xenium_example_data_from_10X/Xenium_V1_Human_Ductal_Adenocarcinoma_FFPE_outs/morphology_focus/morphology_focus_0000.ome.tif,0,0.2125
mjpiolfo-1,120,5.418749999999999,182068.0,1517.2333333333333,575.7847504831027,540.0,778.3,1506.0,2292.1000000000004,2592.0,966.25,1.0,10035.756343577674,2798.0934745534632,0.02777721057788733,0.010575088595400451,2757006.0255673705,4.015091583737746,0.35658345141174,verified_focus_dir0_dapi,/Volumes/Shihong_5/for_spatioev/pancreas_Xenium_example_data_from_10X/Xenium_V1_Human_Ductal_Adenocarcinoma_FFPE_outs/morphology_focus/morphology_focus_0000.ome.tif,0,0.2125
mkcebbml-1,1328,59.967499999999994,1462164.0,1101.0271084337348,366.03979948538586,287.0,621.1,1095.5,1551.6,2296.0,508.5,1.0,9939.520087238845,3024.9750407016586,1.1751727594029806,0.13448959467174645,375071262.39695,6.247867676187797,0.5570410658694415,verified_focus_dir0_dapi,/Volumes/Shihong_5/for_spatioev/pancreas_Xenium_example_data_from_10X/Xenium_V1_Human_Ductal_Adenocarcinoma_FFPE_outs/morphology_focus/morphology_focus_0000.ome.tif,0,0.2125
mkjbkglc-1,1663,75.09484375,1794486.0,1079.065544197234,329.9216108500358,296.0,678.0,1051.0,1544.8,1916.0,489.0,1.0,10025.09157951079,2537.831365931526,0.5302383220537967,0.05422642756799176,458224650.8993238,7.244550071438164,0.37246220861435925,verified_focus_dir0_dapi,/Volumes/Shihong_5/for_spatioev/pancreas_Xenium_example_data_from_10X/Xenium_V1_Human_Ductal_Adenocarcinoma_FFPE_outs/morphology_focus/morphology_focus_0000.ome.tif,0,0.2125
mlknpajk-1,283,12.779218749999998,80717.0,285.2190812720848,52.90061409467854,179.0,212.0,284.0,362.40000000000003,398.0,81.0,1.0,10584.3097790738,2844.0428450636173,0.41425581948324575,0.10269786300713965,3758609.7705068323,4.362078384972463,0.4039573797476208,verified_focus_dir0_dapi,/Volumes/Shihong_5/for_spatioev/pancreas_Xenium_example_data_from_10X/Xenium_V1_Human_Ductal_Adenocarcinoma_FFPE_outs/morphology_focus/morphology_focus_0000.ome.tif,0,0.2125
mmfcdgad-1,477,21.539531249999996,387072.0,811.4716981132076,269.7562952789222,271.0,448.0,818.0,1169.8000000000002,1434.0,431.0,1.0,10582.85714715221,2641.6162908644906,0.36117566284946495,0.06896762890507534,32252787.87280403,4.846153692970854,0.6813661041827914,verified_focus_dir0_dapi,/Volumes/Shihong_5/for_spatioev/pancreas_Xenium_example_data_from_10X/Xenium_V1_Human_Ductal_Adenocarcinoma_FFPE_outs/morphology_focus/morphology_focus_0000.ome.tif,0,0.2125
mmlgiipp-1,1395,62.992968749999996,1657711.0,1188.3232974910395,350.62452135716376,450.0,715.4,1178.0,1674.0,2358.0,416.5,1.0,9043.202710854002,2402.9765928967718,1.0160613930422364,0.11345374926274605,419810617.0914749,6.27541072045048,0.5425346350118608,verified_focus_dir0_dapi,/Volumes/Shihong_5/for_spatioev/pancreas_Xenium_example_data_from_10X/Xenium_V1_Human_Ductal_Adenocarcinoma_FFPE_outs/morphology_focus/morphology_focus_0000.ome.tif,0,0.2125
mmnccpdb-1,1380,62.31562499999999,2106454.0,1526.4159420289855,548.1660724034801,501.0,765.9,1553.0,2252.1000000000004,2771.0,920.0,1.0,9061.739487297134,2605.1392807948805,0.8637604044006909,0.09697052676336998,473818245.6341895,6.133927277533003,0.7055339494600836,verified_focus_dir0_dapi,/Volumes/Shihong_5/for_spatioev/pancreas_Xenium_example_data_from_10X/Xenium_V1_Human_Ductal_Adenocarcinoma_FFPE_outs/morphology_focus/morphology_focus_0000.ome.tif,0,0.2125
mmnpdbam-1,812,36.666875,466410.0,574.3965517241379,191.27273460398825,212.0,346.0,542.0,863.8,1097.0,280.5,1.0,9017.492871829507,2430.582000868335,0.9084170073939645,0.1329515020285329,67239315.24578804,5.829992374855758,0.4717667670912168,verified_focus_dir0_dapi,/Volumes/Shihong_5/for_spatioev/pancreas_Xenium_example_data_from_10X/Xenium_V1_Human_Ductal_Adenocarcinoma_FFPE_outs/morphology_focus/morphology_focus_0000.ome.tif,0,0.2125
mnbgbgil-1,1765,79.70078124999999,2243775.0,1271.2606232294618,381.1694113875289,606.0,871.0,1189.0,1791.6000000000001,2577.0,517.0,1.0,9564.862634527748,2886.4896510568124,0.5666327063273395,0.05624906270190573,676816724.0692093,6.844404184059178,0.42064533424056844,verified_focus_dir0_dapi,/Volumes/Shihong_5/for_spatioev/pancreas_Xenium_example_data_from_10X/Xenium_V1_Human_Ductal_Adenocarcinoma_FFPE_outs/morphology_focus/morphology_focus_0000.ome.tif,0,0.2125
mncklnkg-1,339,15.307968749999999,679950.0,2005.7522123893805,553.3408248040355,826.0,1223.6000000000001,2044.0,2675.4,2953.0,896.0,1.0,9653.107271361863,2946.0526121405987,0.3703466470179312,0.08388698280802939,37498119.94183248,5.619571811143831,0.2733046890641647,verified_focus_dir0_dapi,/Volumes/Shihong_5/for_spatioev/pancreas_Xenium_example_data_from_10X/Xenium_V1_Human_Ductal_Adenocarcinoma_FFPE_outs/morphology_focus/morphology_focus_0000.ome.tif,0,0.2125
mnckmean-1,386,17.4303125,267644.0,693.3782383419689,210.04103212015178,358.0,469.0,623.0,1001.5,1367.0,297.0,1.0,9647.173858978718,2942.3083370073678,0.48541102978497835,0.10303908521620882,17242362.142200086,5.183830096381318,0.3621845643003445,verified_focus_dir0_dapi,/Volumes/Shihong_5/for_spatioev/pancreas_Xenium_example_data_from_10X/Xenium_V1_Human_Ductal_Adenocarcinoma_FFPE_outs/morphology_focus/morphology_focus_0000.ome.tif,0,0.2125
mndamipi-1,1356,61.231874999999995,2060980.0,1519.8967551622418,454.0568034794008,551.0,949.0,1464.0,2169.5,2855.0,632.5,1.0,9414.12673367767,2832.1288299558946,1.1654309007405088,0.1319905050060191,443909157.7490975,7.13930332897797,0.35476279344411193,verified_focus_dir0_dapi,/Volumes/Shihong_5/for_spatioev/pancreas_Xenium_example_data_from_10X/Xenium_V1_Human_Ductal_Adenocarcinoma_FFPE_outs/morphology_focus/morphology_focus_0000.ome.tif,0,0.2125
mngplodk-1,486,21.945937499999996,613180.0,1261.687242798354,221.6640511351556,730.0,934.0,1299.5,1526.5,1733.0,350.75,1.0,9474.58191144933,2765.084665106494,0.1802996013940926,0.034108501376502225,158408774.00521052,3.467601944240328,1.1994502192175447,verified_focus_dir0_dapi,/Volumes/Shihong_5/for_spatioev/pancreas_Xenium_example_data_from_10X/Xenium_V1_Human_Ductal_Adenocarcinoma_FFPE_outs/morphology_focus/morphology_focus_0000.ome.tif,0,0.2125
moldiagp-1,172,7.766874999999999,150707.0,876.203488372093,166.47120496006062,526.0,629.9,895.0,1074.0,1159.0,297.25,1.0,8885.681699174558,3312.688643195074,0.45724553703741566,0.14540229388579928,4359943.6561141815,4.457163948620729,0.27737416280226934,verified_focus_dir0_dapi,/Volumes/Shihong_5/for_spatioev/pancreas_Xenium_example_data_from_10X/Xenium_V1_Human_Ductal_Adenocarcinoma_FFPE_outs/morphology_focus/morphology_focus_0000.ome.tif,0,0.2125
mpdpmbed-1,2536,114.51624999999999,2484638.0,979.7468454258675,360.9426131425358,472.0,644.0,860.0,1578.0,2221.0,383.0,1.0,8985.606677018945,3786.4865318257625,0.6074639603097868,0.050307403042824106,1023691808.786441,7.192746505372636,0.43885702407473054,verified_focus_dir0_dapi,/Volumes/Shihong_5/for_spatioev/pancreas_Xenium_example_data_from_10X/Xenium_V1_Human_Ductal_Adenocarcinoma_FFPE_outs/morphology_focus/morphology_focus_0000.ome.tif,0,0.2125
mpopjbab-1,581,26.23578125,1268994.0,2184.1549053356284,611.7441418676017,833.0,1342.0,2193.0,3038.0,3401.0,917.0,1.0,9117.050335048865,4657.217027740084,1.1541984582686142,0.1997001678784947,129157167.02693631,5.618570497695589,0.5134470411762514,verified_focus_dir0_dapi,/Volumes/Shihong_5/for_spatioev/pancreas_Xenium_example_data_from_10X/Xenium_V1_Human_Ductal_Adenocarcinoma_FFPE_outs/morphology_focus/morphology_focus_0000.ome.tif,0,0.2125
nahalejf-1,244,11.018125,364934.0,1495.6311475409836,311.1745649141376,734.0,1064.5,1564.0,1861.8000000000002,2150.0,490.75,1.0,8899.4242460623,4807.194991423106,0.27281613809700495,0.07283852623904362,20409975.68676254,3.9363962863889883,0.5697721141958709,verified_focus_dir0_dapi,/Volumes/Shihong_5/for_spatioev/pancreas_Xenium_example_data_from_10X/Xenium_V1_Human_Ductal_Adenocarcinoma_FFPE_outs/morphology_focus/morphology_focus_0000.ome.tif,0,0.2125
nbaehljg-1,218,9.8440625,193313.0,886.756880733945,232.9193083361162,400.0,620.3000000000001,840.0,1220.3,1544.0,314.75,1.0,8885.194168201311,4056.705985306213,0.1338044615643074,0.03779447824387776,6160798.780071697,4.7560978729976435,0.32230561593919793,verified_focus_dir0_dapi,/Volumes/Shihong_5/for_spatioev/pancreas_Xenium_example_data_from_10X/Xenium_V1_Human_Ductal_Adenocarcinoma_FFPE_outs/morphology_focus/morphology_focus_0000.ome.tif,0,0.2125
nbakiimg-1,334,15.082187499999998,595306.0,1782.3532934131736,368.7158745454934,897.0,1278.9,1796.0,2287.2999999999997,2677.0,507.0,1.0,8941.083552387343,3928.858551673425,0.4224557865789736,0.09640377404215437,35828439.39252418,5.217394610041108,0.35530095621452545,verified_focus_dir0_dapi,/Volumes/Shihong_5/for_spatioev/pancreas_Xenium_example_data_from_10X/Xenium_V1_Human_Ductal_Adenocarcinoma_FFPE_outs/morphology_focus/morphology_focus_0000.ome.tif,0,0.2125
nbgpeikl-1,363,16.39171875,637783.0,1756.9779614325068,417.38941995330595,804.0,1186.0,1752.0,2238.8,2788.0,637.5,1.0,8862.933254433718,4585.604902078763,0.7170034714908212,0.15694733734051464,40642634.94662918,5.437865264107958,0.31586834795989116,verified_focus_dir0_dapi,/Volumes/Shihong_5/for_spatioev/pancreas_Xenium_example_data_from_10X/Xenium_V1_Human_Ductal_Adenocarcinoma_FFPE_outs/morphology_focus/morphology_focus_0000.ome.tif,0,0.2125
nbhmnple-1,972,43.89187499999999,448239.0,461.1512345679012,147.42263357240077,180.0,311.40000000000003,422.0,673.0,1098.0,171.25,1.0,8944.197463211589,4450.42729548299,0.9571294665514954,0.1280334831483295,72506691.05137216,5.898108551732452,0.41336556835095845,verified_focus_dir0_dapi,/Volumes/Shihong_5/for_spatioev/pancreas_Xenium_example_data_from_10X/Xenium_V1_Human_Ductal_Adenocarcinoma_FFPE_outs/morphology_focus/morphology_focus_0000.ome.tif,0,0.2125
nbihmfgk-1,363,16.39171875,623698.0,1718.176308539945,512.3334096409359,552.0,1005.6,1781.0,2388.8,2661.0,825.5,1.0,8944.202723052664,4087.4281941941454,0.11000001646721216,0.024078279085658127,31706689.388367444,5.511026269635348,0.3757337028185365,verified_focus_dir0_dapi,/Volumes/Shihong_5/for_spatioev/pancreas_Xenium_example_data_from_10X/Xenium_V1_Human_Ductal_Adenocarcinoma_FFPE_outs/morphology_focus/morphology_focus_0000.ome.tif,0,0.2125
nbiiobkd-1,228,10.295625,519004.0,2276.3333333333335,592.6988846254542,993.0,1443.6000000000001,2306.0,3008.5,3333.0,1046.5,1.0,8960.099397740672,4103.165462693929,0.2392719737746972,0.06608614439191876,18070367.3475426,4.611894308638052,0.38574564040468884,verified_focus_dir0_dapi,/Volumes/Shihong_5/for_spatioev/pancreas_Xenium_example_data_from_10X/Xenium_V1_Human_Ductal_Adenocarcinoma_FFPE_outs/morphology_focus/morphology_focus_0000.ome.tif,0,0.2125
nbjmfoag-1,2305,104.08515624999998,1901922.0,825.1288503253796,368.41125912326123,188.0,401.4,770.0,1335.0,2072.0,513.0,1.0,8955.116937412522,4257.723914709699,1.2562613854949727,0.10912658188246437,702208038.2025056,7.2842309493507065,0.5150829454049762,verified_focus_dir0_dapi,/Volumes/Shihong_5/for_spatioev/pancreas_Xenium_example_data_from_10X/Xenium_V1_Human_Ductal_Adenocarcinoma_FFPE_outs/morphology_focus/morphology_focus_0000.ome.tif,0,0.2125
nbmknige-1,771,34.815468749999994,1340161.0,1738.2114137483786,420.2005613090735,684.0,1217.0,1694.0,2392.0,2823.0,469.0,1.0,8967.507428836907,4001.590483363566,0.7549796849939372,0.11339504639944606,165404063.9744777,5.35197657026412,0.6436397619050513,verified_focus_dir0_dapi,/Volumes/Shihong_5/for_spatioev/pancreas_Xenium_example_data_from_10X/Xenium_V1_Human_Ductal_Adenocarcinoma_FFPE_outs/morphology_focus/morphology_focus_0000.ome.tif,0,0.2125
nbpfkopc-1,1514,68.36656249999999,894427.0,590.7708058124174,289.56116693833474,158.0,261.0,522.5,1025.0,1335.0,497.0,1.0,9050.041367252443,4336.5767033530965,1.1826337171625172,0.1267574008365383,271851268.4508115,6.1477379287419955,0.7641853678632413,verified_focus_dir0_dapi,/Volumes/Shihong_5/for_spatioev/pancreas_Xenium_example_data_from_10X/Xenium_V1_Human_Ductal_Adenocarcinoma_FFPE_outs/morphology_focus/morphology_focus_0000.ome.tif,0,0.2125
ncecmbhn-1,234,10.566562499999998,261224.0,1116.3418803418804,202.09666648663784,656.0,825.0,1145.0,1354.7,1483.0,347.25,1.0,9092.622088035556,4287.487223561005,0.28157968669108535,0.07676785375697204,10182190.37669969,5.091954520018608,0.2027515001681813,verified_focus_dir0_dapi,/Volumes/Shihong_5/for_spatioev/pancreas_Xenium_example_data_from_10X/Xenium_V1_Human_Ductal_Adenocarcinoma_FFPE_outs/morphology_focus/morphology_focus_0000.ome.tif,0,0.2125
nceifmig-1,212,9.573125,516727.0,2437.3915094339623,606.809396672608,1222.0,1602.1,2477.0,3275.5,3476.0,1011.75,1.0,9117.577825307175,4319.01188347522,0.028513320321109075,0.008167062306648609,16122907.342186492,4.908562514224296,0.2783432135958375,verified_focus_dir0_dapi,/Volumes/Shihong_5/for_spatioev/pancreas_Xenium_example_data_from_10X/Xenium_V1_Human_Ductal_Adenocarcinoma_FFPE_outs/morphology_focus/morphology_focus_0000.ome.tif,0,0.2125
neahkjfb-1,1239,55.94859374999999,1397813.0,1128.178369652946,338.2092846779613,401.0,711.8,1107.0,1619.2,2070.0,537.5,1.0,7529.710688688329,1939.781250013414,0.6713490283597999,0.0795424049770085,289061803.36593664,6.586855687484273,0.4471462766488664,verified_focus_dir0_dapi,/Volumes/Shihong_5/for_spatioev/pancreas_Xenium_example_data_from_10X/Xenium_V1_Human_Ductal_Adenocarcinoma_FFPE_outs/morphology_focus/morphology_focus_0000.ome.tif,0,0.2125
neaimedo-1,1302,58.793437499999996,1392321.0,1069.3709677419354,335.86591875081064,474.0,689.1,1023.0,1531.0,2472.0,408.75,1.0,7502.8267239289635,1946.383552580547,1.006566071229061,0.11633832362020614,354463104.00882125,7.269685694840675,0.26655949304692556,verified_focus_dir0_dapi,/Volumes/Shihong_5/for_spatioev/pancreas_Xenium_example_data_from_10X/Xenium_V1_Human_Ductal_Adenocarcinoma_FFPE_outs/morphology_focus/morphology_focus_0000.ome.tif,0,0.2125
nfhbijjo-1,721,32.557656249999994,1191902.0,1653.1234396671289,380.75435019524986,779.0,1202.0,1682.0,2140.0,3319.0,457.0,1.0,7443.548954339367,1752.6596658953501,0.24875224661421597,0.038635397578111526,151936934.03697956,6.373689869147696,0.24738225632635447,verified_focus_dir0_dapi,/Volumes/Shihong_5/for_spatioev/pancreas_Xenium_example_data_from_10X/Xenium_V1_Human_Ductal_Adenocarcinoma_FFPE_outs/morphology_focus/morphology_focus_0000.ome.tif,0,0.2125
nflgiehj-1,717,32.377031249999995,1355277.0,1890.2050209205022,276.83795052964007,856.0,1566.8,1911.0,2209.4,2559.0,321.0,1.0,7047.31030715492,1671.835174045601,0.31078867518469366,0.048405154833830136,152211865.65361768,6.330761209622517,0.24148423366909247,verified_focus_dir0_dapi,/Volumes/Shihong_5/for_spatioev/pancreas_Xenium_example_data_from_10X/Xenium_V1_Human_Ductal_Adenocarcinoma_FFPE_outs/morphology_focus/morphology_focus_0000.ome.tif,0,0.2125
nfndmckl-1,176,7.947499999999999,351605.0,1997.7556818181818,445.6120694561466,933.0,1371.0,2060.0,2536.0,2713.0,692.5,1.0,7184.488280314557,1607.0907162156398,0.38183872592118195,0.12003548308791927,8733255.048164845,4.954050317350412,0.17667652065004766,verified_focus_dir0_dapi,/Volumes/Shihong_5/for_spatioev/pancreas_Xenium_example_data_from_10X/Xenium_V1_Human_Ductal_Adenocarcinoma_FFPE_outs/morphology_focus/morphology_focus_0000.ome.tif,0,0.2125
ngepgknc-1,764,34.49937499999999,1211561.0,1585.8128272251308,512.0174375229899,627.0,895.2,1622.0,2275.7,2728.0,841.25,1.0,7536.133077296562,1600.7887650105938,0.13605381156846205,0.02052816076158483,151227395.6548106,6.752269053949415,0.3192119847349842,verified_focus_dir0_dapi,/Volumes/Shihong_5/for_spatioev/pancreas_Xenium_example_data_from_10X/Xenium_V1_Human_Ductal_Adenocarcinoma_FFPE_outs/morphology_focus/morphology_focus_0000.ome.tif,0,0.2125
nhjlhmbi-1,188,8.489374999999999,318471.0,1693.9946808510638,386.3736409193031,847.0,1042.4,1791.5,2120.0,2199.0,630.25,1.0,7387.989153447252,2056.1449115461064,0.298859717303492,0.09090221442193235,9476226.109215595,4.328261735628236,0.3751138205519363,verified_focus_dir0_dapi,/Volumes/Shihong_5/for_spatioev/pancreas_Xenium_example_data_from_10X/Xenium_V1_Human_Ductal_Adenocarcinoma_FFPE_outs/morphology_focus/morphology_focus_0000.ome.tif,0,0.2125
nhoeckhc-1,137,6.186406249999999,281673.0,2056.007299270073,451.0614811760535,994.0,1362.0,2095.0,2636.2,2861.0,629.0,1.0,7402.961459653569,2443.0820395014784,0.18978657673135715,0.06762249882396122,5819403.081289296,4.5569912862298745,0.18143245208465567,verified_focus_dir0_dapi,/Volumes/Shihong_5/for_spatioev/pancreas_Xenium_example_data_from_10X/Xenium_V1_Human_Ductal_Adenocarcinoma_FFPE_outs/morphology_focus/morphology_focus_0000.ome.tif,0,0.2125
nibjhkhc-1,743,33.55109375,942311.0,1268.2516823687752,273.19364391071167,670.0,929.0,1247.0,1644.0,1923.0,411.5,1.0,7462.023651135348,2507.1354069808162,1.5989003536375352,0.24463184907584776,183728868.28409517,5.626406139996252,0.4082910893645259,verified_focus_dir0_dapi,/Volumes/Shihong_5/for_spatioev/pancreas_Xenium_example_data_from_10X/Xenium_V1_Human_Ductal_Adenocarcinoma_FFPE_outs/morphology_focus/morphology_focus_0000.ome.tif,0,0.2125
nibogacj-1,804,36.305625,456871.0,568.247512437811,167.44202882251545,316.0,375.0,553.5,781.4000000000001,1154.0,268.25,1.0,7465.445076755802,2797.1007782831475,0.6379805076688324,0.09383511525615176,66107847.56958529,6.0881463951846575,0.33662644205420333,verified_focus_dir0_dapi,/Volumes/Shihong_5/for_spatioev/pancreas_Xenium_example_data_from_10X/Xenium_V1_Human_Ductal_Adenocarcinoma_FFPE_outs/morphology_focus/morphology_focus_0000.ome.tif,0,0.2125
nicddfnh-1,1763,79.61046875,2140840.0,1214.3165059557573,394.52015081433893,480.0,752.0,1139.0,1761.0,2568.0,612.0,1.0,7518.303789050093,2883.6943230577717,0.33046281417521145,0.032823315487667516,640925409.9004858,7.2382753079500475,0.3814262717690709,verified_focus_dir0_dapi,/Volumes/Shihong_5/for_spatioev/pancreas_Xenium_example_data_from_10X/Xenium_V1_Human_Ductal_Adenocarcinoma_FFPE_outs/morphology_focus/morphology_focus_0000.ome.tif,0,0.2125
nikigood-1,1206,54.458437499999995,936369.0,776.4253731343283,219.6307861884945,349.0,478.5,771.0,1043.0,1593.0,296.75,1.0,7459.156018927902,2907.1306273755326,0.4630837893312878,0.05561243751370168,240227347.76940927,6.6658811222417995,0.29346401721196846,verified_focus_dir0_dapi,/Volumes/Shihong_5/for_spatioev/pancreas_Xenium_example_data_from_10X/Xenium_V1_Human_Ductal_Adenocarcinoma_FFPE_outs/morphology_focus/morphology_focus_0000.ome.tif,0,0.2125
nimlgoef-1,1214,54.81968749999999,958653.0,789.664744645799,256.59303182172596,353.0,464.3,760.0,1152.7,1451.0,416.0,1.0,7548.097268902303,3278.186408168545,0.9510008775816805,0.11383022141998196,271372572.4148529,6.165083749735401,0.47852761469162935,verified_focus_dir0_dapi,/Volumes/Shihong_5/for_spatioev/pancreas_Xenium_example_data_from_10X/Xenium_V1_Human_Ductal_Adenocarcinoma_FFPE_outs/morphology_focus/morphology_focus_0000.ome.tif,0,0.2125
ninflmom-1,828,37.389374999999994,1067851.0,1289.675120772947,474.04776610601823,408.0,661.5,1266.0,1925.1000000000004,2463.0,789.75,1.0,7515.818926657371,3092.1405987820394,0.7914856813414952,0.11471333353468434,131887492.75763941,5.906857798808715,0.647137917311445,verified_focus_dir0_dapi,/Volumes/Shihong_5/for_spatioev/pancreas_Xenium_example_data_from_10X/Xenium_V1_Human_Ductal_Adenocarcinoma_FFPE_outs/morphology_focus/morphology_focus_0000.ome.tif,0,0.2125
niocdgfo-1,2501,112.93578124999999,2593882.0,1037.1379448220712,372.7297926974296,183.0,582.0,1029.0,1472.0,2702.0,448.0,1.0,7476.656370687833,3067.983411692398,0.7365508350734388,0.061423121969168396,1327817315.3871248,6.765820649498111,0.5807466348111652,verified_focus_dir0_dapi,/Volumes/Shihong_5/for_spatioev/pancreas_Xenium_example_data_from_10X/Xenium_V1_Human_Ductal_Adenocarcinoma_FFPE_outs/morphology_focus/morphology_focus_0000.ome.tif,0,0.2125
niodgkhb-1,651,29.396718749999998,384891.0,591.2304147465438,166.5088228187302,300.0,398.0,566.0,836.0,1159.0,231.0,1.0,7482.317745705926,3058.197177187827,0.7180750355631798,0.1173722257916677,41141434.477480635,5.732367639817511,0.3434780298744376,verified_focus_dir0_dapi,/Volumes/Shihong_5/for_spatioev/pancreas_Xenium_example_data_from_10X/Xenium_V1_Human_Ductal_Adenocarcinoma_FFPE_outs/morphology_focus/morphology_focus_0000.ome.tif,0,0.2125
njajbebo-1,494,22.307187499999998,303001.0,613.3623481781376,98.29942833343637,380.0,463.0,636.0,732.0,816.0,151.75,1.0,7410.349266174038,2841.987280776301,0.5604040970848911,0.10515352444277586,28063190.652387284,4.933781911345845,0.42226883304360957,verified_focus_dir0_dapi,/Volumes/Shihong_5/for_spatioev/pancreas_Xenium_example_data_from_10X/Xenium_V1_Human_Ductal_Adenocarcinoma_FFPE_outs/morphology_focus/morphology_focus_0000.ome.tif,0,0.2125
njbgmpkb-1,366,16.527187499999997,918839.0,2510.4890710382515,680.2965952662346,806.0,1478.5,2621.0,3335.0,3892.0,985.75,1.0,7415.944819658286,2775.2520735678395,0.32129260900437767,0.07004000989744764,49655333.469885364,5.410060836795397,0.3607892380285572,verified_focus_dir0_dapi,/Volumes/Shihong_5/for_spatioev/pancreas_Xenium_example_data_from_10X/Xenium_V1_Human_Ductal_Adenocarcinoma_FFPE_outs/morphology_focus/morphology_focus_0000.ome.tif,0,0.2125
nkoldncb-1,2983,134.70109374999998,2833465.0,949.8709353000336,398.0720674345741,158.0,490.0,912.0,1521.8000000000002,2223.0,508.5,1.0,7338.5783187237175,2438.52295125403,1.244396219052429,0.09502066434559708,1496218327.31779,7.649670984620552,0.45152920417356407,verified_focus_dir0_dapi,/Volumes/Shihong_5/for_spatioev/pancreas_Xenium_example_data_from_10X/Xenium_V1_Human_Ductal_Adenocarcinoma_FFPE_outs/morphology_focus/morphology_focus_0000.ome.tif,0,0.2125
nlgbkoee-1,287,12.95984375,263060.0,916.5853658536586,150.41672263369742,574.0,750.0,895.0,1096.4,1507.0,190.0,1.0,7745.677343856914,1828.5189724777617,0.7056110535306316,0.17370424560296685,11842545.344712235,5.015034250761707,0.2759967495258019,verified_focus_dir0_dapi,/Volumes/Shihong_5/for_spatioev/pancreas_Xenium_example_data_from_10X/Xenium_V1_Human_Ductal_Adenocarcinoma_FFPE_outs/morphology_focus/morphology_focus_0000.ome.tif,0,0.2125
nlgfampl-1,522,23.5715625,473608.0,907.2950191570882,240.7256931111638,397.0,568.2,928.0,1211.9,1375.0,394.25,1.0,7718.848804707692,1813.709431639668,0.42707865555926056,0.07795762893906233,38240010.22209084,6.0011235592167615,0.3079785314971266,verified_focus_dir0_dapi,/Volumes/Shihong_5/for_spatioev/pancreas_Xenium_example_data_from_10X/Xenium_V1_Human_Ductal_Adenocarcinoma_FFPE_outs/morphology_focus/morphology_focus_0000.ome.tif,0,0.2125
nlmcfand-1,853,38.518281249999994,1826139.0,2140.8429073856973,795.5142430174326,631.0,1015.6,2065.0,3246.0,3741.0,1292.0,1.0,7191.970124926142,2115.422507090095,0.9542039701682672,0.13625508215114635,229929207.91354436,6.285585199112528,0.5381754953670898,verified_focus_dir0_dapi,/Volumes/Shihong_5/for_spatioev/pancreas_Xenium_example_data_from_10X/Xenium_V1_Human_Ductal_Adenocarcinoma_FFPE_outs/morphology_focus/morphology_focus_0000.ome.tif,0,0.2125
nlnejjdj-1,250,11.289062499999998,606848.0,2427.392,661.0820511373757,1293.0,1584.0,2349.5,3407.1,3759.0,1087.0,1.0,7214.262609417843,2220.150568593783,0.26764747209627665,0.07059584612662308,21419261.92340751,4.907585656753627,0.374467645110069,verified_focus_dir0_dapi,/Volumes/Shihong_5/for_spatioev/pancreas_Xenium_example_data_from_10X/Xenium_V1_Human_Ductal_Adenocarcinoma_FFPE_outs/morphology_focus/morphology_focus_0000.ome.tif,0,0.2125
nlpmjkjg-1,1291,58.29671875,1296019.0,1003.8876839659179,339.29908469126127,421.0,592.0,962.0,1434.0,2306.0,451.0,1.0,7307.518895228387,2253.9884970629287,0.17099330242286426,0.019847325175253557,303519792.77141154,7.297130198626133,0.26362694088827193,verified_focus_dir0_dapi,/Volumes/Shihong_5/for_spatioev/pancreas_Xenium_example_data_from_10X/Xenium_V1_Human_Ductal_Adenocarcinoma_FFPE_outs/morphology_focus/morphology_focus_0000.ome.tif,0,0.2125
nmcblegj-1,948,42.808125,1011374.0,1066.850210970464,349.2928340123235,367.0,614.7,1079.5,1546.3000000000002,1936.0,551.5,1.0,7564.743778797458,1918.8672070124405,0.5160509178468499,0.06989955202814163,184122151.56102586,6.676078216634721,0.35179380943725386,verified_focus_dir0_dapi,/Volumes/Shihong_5/for_spatioev/pancreas_Xenium_example_data_from_10X/Xenium_V1_Human_Ductal_Adenocarcinoma_FFPE_outs/morphology_focus/morphology_focus_0000.ome.tif,0,0.2125
nmfpigkj-1,287,12.95984375,531986.0,1853.6097560975609,710.0921231216784,612.0,957.6,1756.0,2842.8,3162.0,1256.0,1.0,7594.55023675435,3249.6221196845404,0.38700241353227205,0.09527056294368613,23336719.88906663,5.119778196460825,0.39183406516282765,verified_focus_dir0_dapi,/Volumes/Shihong_5/for_spatioev/pancreas_Xenium_example_data_from_10X/Xenium_V1_Human_Ductal_Adenocarcinoma_FFPE_outs/morphology_focus/morphology_focus_0000.ome.tif,0,0.2125
nmjdggdc-1,3784,170.87124999999997,3022436.0,798.7410147991543,461.16417631295207,32.0,233.0,759.0,1434.0,2356.0,706.75,1.0,7587.2559458909955,2769.867081317024,0.850573244536557,0.05766630968684275,2345890143.2483644,7.7715249588259665,0.6676056092665841,verified_focus_dir0_dapi,/Volumes/Shihong_5/for_spatioev/pancreas_Xenium_example_data_from_10X/Xenium_V1_Human_Ductal_Adenocarcinoma_FFPE_outs/morphology_focus/morphology_focus_0000.ome.tif,0,0.2125
nmkfpnfc-1,441,19.913906249999997,302570.0,686.0997732426304,173.72754498515744,390.0,496.0,647.0,950.0,1264.0,180.0,1.0,7560.800829477476,2629.222007221469,0.36516279283444975,0.07251923791225028,23438431.721214928,5.42343024426609,0.24915448522419778,verified_focus_dir0_dapi,/Volumes/Shihong_5/for_spatioev/pancreas_Xenium_example_data_from_10X/Xenium_V1_Human_Ductal_Adenocarcinoma_FFPE_outs/morphology_focus/morphology_focus_0000.ome.tif,0,0.2125
nmmdpnkf-1,826,37.2990625,691293.0,836.9164648910412,224.19155063337348,412.0,574.0,793.5,1165.5,1460.0,353.5,1.0,7636.135192132713,2104.5234967662045,0.6681003667388073,0.09694774074158394,91529812.94329032,6.037869454701521,0.39713916191867055,verified_focus_dir0_dapi,/Volumes/Shihong_5/for_spatioev/pancreas_Xenium_example_data_from_10X/Xenium_V1_Human_Ductal_Adenocarcinoma_FFPE_outs/morphology_focus/morphology_focus_0000.ome.tif,0,0.2125
nnbajeip-1,2264,102.23374999999999,2365489.0,1044.827296819788,245.242702200899,511.0,716.3,1038.5,1347.0,2020.0,310.25,1.0,7571.361098815087,1973.34168542424,0.7319205936786092,0.06415223064687683,974561420.8864172,7.234904564293371,0.298833430716627,verified_focus_dir0_dapi,/Volumes/Shihong_5/for_spatioev/pancreas_Xenium_example_data_from_10X/Xenium_V1_Human_Ductal_Adenocarcinoma_FFPE_outs/morphology_focus/morphology_focus_0000.ome.tif,0,0.2125
nndefgok-1,202,9.1215625,187829.0,929.8465346534654,253.87277786221296,477.0,583.2,920.5,1294.0,1587.0,394.5,1.0,7549.50075826949,2106.775414006889,0.288442770514544,0.08463889404528087,7384595.071900506,4.636319681867427,0.2718009940264364,verified_focus_dir0_dapi,/Volumes/Shihong_5/for_spatioev/pancreas_Xenium_example_data_from_10X/Xenium_V1_Human_Ductal_Adenocarcinoma_FFPE_outs/morphology_focus/morphology_focus_0000.ome.tif,0,0.2125
nnfkmjlm-1,186,8.3990625,148133.0,796.4139784946236,227.3714350617092,351.0,493.5,812.5,1101.0,1219.0,390.25,1.0,7689.46863907772,2034.50928650267,0.4229776188527149,0.12934418903347805,8133395.077761201,3.7840399041743913,0.5044674824499721,verified_focus_dir0_dapi,/Volumes/Shihong_5/for_spatioev/pancreas_Xenium_example_data_from_10X/Xenium_V1_Human_Ductal_Adenocarcinoma_FFPE_outs/morphology_focus/morphology_focus_0000.ome.tif,0,0.2125
nnglokmg-1,2288,103.3175,2533316.0,1107.2185314685314,303.581240159639,508.0,741.0,1072.0,1492.9000000000005,2408.0,413.25,1.0,7682.307097268956,2223.868229037554,0.26118160393129447,0.022771968836824825,1014397942.4456794,7.3781358865106705,0.3396464571912208,verified_focus_dir0_dapi,/Volumes/Shihong_5/for_spatioev/pancreas_Xenium_example_data_from_10X/Xenium_V1_Human_Ductal_Adenocarcinoma_FFPE_outs/morphology_focus/morphology_focus_0000.ome.tif,0,0.2125
nnjbnhbn-1,304,13.7275,627052.0,2062.6710526315787,456.65923285478806,1065.0,1461.5,2057.0,2631.1,3232.0,718.5,1.0,7712.897460039199,1922.845562628777,0.9687113677708034,0.23170937761779026,45095869.41878824,4.546427213467641,0.46755068026745433,verified_focus_dir0_dapi,/Volumes/Shihong_5/for_spatioev/pancreas_Xenium_example_data_from_10X/Xenium_V1_Human_Ductal_Adenocarcinoma_FFPE_outs/morphology_focus/morphology_focus_0000.ome.tif,0,0.2125
nobhiplb-1,834,37.660312499999996,762860.0,914.7002398081535,345.9644619679695,232.0,445.6,915.5,1287.9000000000003,2213.0,452.75,1.0,7057.155533190888,2280.8600618068845,0.6528416047241293,0.09427809632510406,129792806.11123404,5.41388171640659,0.6104993588405049,verified_focus_dir0_dapi,/Volumes/Shihong_5/for_spatioev/pancreas_Xenium_example_data_from_10X/Xenium_V1_Human_Ductal_Adenocarcinoma_FFPE_outs/morphology_focus/morphology_focus_0000.ome.tif,0,0.2125
nodhjnap-1,749,33.822031249999995,404497.0,540.049399198932,109.83031682690616,287.0,393.0,542.0,683.4000000000001,832.0,174.0,1.0,7050.140434107051,2174.0620791377933,0.2838827816383746,0.04325976436122692,49949869.504114985,5.501793044320142,0.46593359059689854,verified_focus_dir0_dapi,/Volumes/Shihong_5/for_spatioev/pancreas_Xenium_example_data_from_10X/Xenium_V1_Human_Ductal_Adenocarcinoma_FFPE_outs/morphology_focus/morphology_focus_0000.ome.tif,0,0.2125
noecphpc-1,2442,110.27156249999999,4204303.0,1721.6638001638003,780.8444097329988,595.0,866.0,1526.0,3025.000000000001,3865.0,1056.5,1.0,7089.457826002907,2835.244354111728,0.7832932428047412,0.06610549423239086,1556527575.6990328,7.620885341736056,0.5950259597222757,verified_focus_dir0_dapi,/Volumes/Shihong_5/for_spatioev/pancreas_Xenium_example_data_from_10X/Xenium_V1_Human_Ductal_Adenocarcinoma_FFPE_outs/morphology_focus/morphology_focus_0000.ome.tif,0,0.2125
noimpgkf-1,482,21.765312499999997,673419.0,1397.1348547717841,312.37912594908346,521.0,897.5,1470.0,1741.7,2120.0,417.5,1.0,7119.657825885518,2915.2150251552157,0.7478666722984705,0.14206485979718755,51674077.61576967,5.5229430609454555,0.39667733453022724,verified_focus_dir0_dapi,/Volumes/Shihong_5/for_spatioev/pancreas_Xenium_example_data_from_10X/Xenium_V1_Human_Ductal_Adenocarcinoma_FFPE_outs/morphology_focus/morphology_focus_0000.ome.tif,0,0.2125
oceocnhn-1,1275,57.57421874999999,1668865.0,1308.9137254901962,193.5046445403049,628.0,1055.2,1317.0,1544.2000000000003,1926.0,253.0,1.0,7877.955911727432,1781.574508505781,0.7160005740848594,0.08362657003168066,320762575.65730965,6.712200825699636,0.27044051814605474,verified_focus_dir0_dapi,/Volumes/Shihong_5/for_spatioev/pancreas_Xenium_example_data_from_10X/Xenium_V1_Human_Ductal_Adenocarcinoma_FFPE_outs/morphology_focus/morphology_focus_0000.ome.tif,0,0.2125
ocfhcbpf-1,442,19.959062499999998,403202.0,912.2217194570136,151.42102365950785,581.0,698.2,919.0,1111.9,1282.0,221.5,1.0,7793.989961421322,1869.760183450231,0.13372055438315278,0.026526077860964083,27707039.31098804,5.555846316825485,0.2414248252159738,verified_focus_dir0_dapi,/Volumes/Shihong_5/for_spatioev/pancreas_Xenium_example_data_from_10X/Xenium_V1_Human_Ductal_Adenocarcinoma_FFPE_outs/morphology_focus/morphology_focus_0000.ome.tif,0,0.2125
ocnlkfnf-1,1261,56.94203124999999,1702649.0,1350.2371134020618,415.7483551001872,372.0,851.0,1282.0,1949.0,2477.0,594.0,1.0,7795.443645078932,1898.7650562740762,0.20474994554589812,0.024046521304326017,403627461.4143373,6.362375095176576,0.5408288821973581,verified_focus_dir0_dapi,/Volumes/Shihong_5/for_spatioev/pancreas_Xenium_example_data_from_10X/Xenium_V1_Human_Ductal_Adenocarcinoma_FFPE_outs/morphology_focus/morphology_focus_0000.ome.tif,0,0.2125
ocnpbgoo-1,711,32.10609375,980233.0,1378.6680731364277,333.32733257311753,641.0,956.0,1360.0,1838.0,2186.0,528.5,1.0,7824.193709340024,1872.8856842837365,0.22483715150340655,0.035165701104974995,112539036.68952382,6.369485156483277,0.2848972817129384,verified_focus_dir0_dapi,/Volumes/Shihong_5/for_spatioev/pancreas_Xenium_example_data_from_10X/Xenium_V1_Human_Ductal_Adenocarcinoma_FFPE_outs/morphology_focus/morphology_focus_0000.ome.tif,0,0.2125
odcmdlma-1,2467,111.40046874999999,2001000.0,811.1066072152412,297.8073097530005,164.0,398.6,808.0,1185.4,2082.0,376.0,1.0,7750.932689705148,2099.7246515804595,1.494482122627839,0.12548509847374473,783392132.3801894,7.460654708242672,0.40478651053796033,verified_focus_dir0_dapi,/Volumes/Shihong_5/for_spatioev/pancreas_Xenium_example_data_from_10X/Xenium_V1_Human_Ductal_Adenocarcinoma_FFPE_outs/morphology_focus/morphology_focus_0000.ome.tif,0,0.2125
odijclej-1,738,33.325312499999995,696587.0,943.8848238482385,234.1242032789697,470.0,653.1,922.5,1282.0,1574.0,373.75,1.0,8113.048980888245,1877.9763528281462,0.2620758944946436,0.0402332302035341,92829386.73958313,5.896702768405215,0.3985774495495418,verified_focus_dir0_dapi,/Volumes/Shihong_5/for_spatioev/pancreas_Xenium_example_data_from_10X/Xenium_V1_Human_Ductal_Adenocarcinoma_FFPE_outs/morphology_focus/morphology_focus_0000.ome.tif,0,0.2125
oehecheb-1,179,8.08296875,290056.0,1620.4245810055866,524.5835471526535,614.0,891.6,1608.0,2342.6,2567.0,921.0,1.0,8131.028199123618,1782.0690954936288,0.3726273889096573,0.1161540251146808,8423950.38655639,4.233264392279828,0.472700204108296,verified_focus_dir0_dapi,/Volumes/Shihong_5/for_spatioev/pancreas_Xenium_example_data_from_10X/Xenium_V1_Human_Ductal_Adenocarcinoma_FFPE_outs/morphology_focus/morphology_focus_0000.ome.tif,0,0.2125
ohglpdbl-1,875,39.51171874999999,1652443.0,1888.5062857142857,475.61934925848135,814.0,1297.2,1856.0,2552.6000000000004,3162.0,700.5,1.0,7689.675852813078,1584.8421524600244,0.2202719397176514,0.031055688075884838,479837939.28289574,4.041697545112343,1.39952856377077,verified_focus_dir0_dapi,/Volumes/Shihong_5/for_spatioev/pancreas_Xenium_example_data_from_10X/Xenium_V1_Human_Ductal_Adenocarcinoma_FFPE_outs/morphology_focus/morphology_focus_0000.ome.tif,0,0.2125
ohjmnieh-1,247,11.153593749999999,262707.0,1063.591093117409,297.58330035372006,501.0,670.4,1068.0,1485.4,1762.0,464.0,1.0,7580.977300424046,1636.5436773668002,0.30618622915807214,0.0812499652505028,10403973.790283473,4.606357053096319,0.39329776210595496,verified_focus_dir0_dapi,/Volumes/Shihong_5/for_spatioev/pancreas_Xenium_example_data_from_10X/Xenium_V1_Human_Ductal_Adenocarcinoma_FFPE_outs/morphology_focus/morphology_focus_0000.ome.tif,0,0.2125
ohlebngp-1,518,23.390937499999996,940661.0,1815.9478764478765,287.0012833862851,1085.0,1474.1,1798.0,2180.6,2645.0,409.5,1.0,7608.684042072542,1511.698972584172,0.44977939974311953,0.08241773724887734,96789152.27913988,5.037818120285626,0.5168938173289578,verified_focus_dir0_dapi,/Volumes/Shihong_5/for_spatioev/pancreas_Xenium_example_data_from_10X/Xenium_V1_Human_Ductal_Adenocarcinoma_FFPE_outs/morphology_focus/morphology_focus_0000.ome.tif,0,0.2125
