fov,label,centroid-0,centroid-1,major_axis_length,minor_axis_length,orientation,area,eccentricity,euler_number,alignment_score
fov0,1,534.296573875803,14151.271520342612,210.60611823655668,69.3621649355163,0.5573376854207186,4670,0.9442095002400918,1,0.5182305006553405
fov0,2,477.9317365269461,14046.265868263474,134.21063791953125,25.21362093746658,-0.9641803769870175,1670,0.9821946606405675,1,0.621632750877966
fov0,3,487.5169082125604,13933.429951690821,29.906964101131038,10.24070594800006,-1.374926078912625,207,0.9395474357269474,1,0.7298632143162427
fov0,5,519.0065645514223,13964.317286652078,34.20449598818637,21.262841476356073,1.0449582345986963,457,0.78330403776433,1,
fov0,6,559.4170984455959,14048.21761658031,69.96652880353211,9.294467229005539,0.6744699804095124,386,0.9911372777006382,1,0.5555160990806642
fov0,7,575.6660777385159,13819.144876325088,63.88187725055234,20.10458524541506,0.08952956242560597,566,0.9491862126822928,1,0.4814576341515389
fov0,8,589.6184834123222,13994.002369668246,47.647566118814275,12.953668832133342,0.04276162320295948,422,0.9623356176133652,1,0.4188767816466004
fov0,9,602.7049180327868,14032.098360655738,19.391365468424535,8.122066110356759,0.14567061496280814,122,0.9080556114866712,1,0.3642248136193724
fov0,10,624.4524361948955,14057.844547563805,50.79019985823875,13.514881112801868,-0.5800063924837994,431,0.9639475544462333,1,0.4171496514962322
fov0,11,614.9406779661017,13857.843220338984,34.20315754124498,10.094445036070834,0.790350817645095,236,0.9554565004441774,1,0.5396090948176725
fov0,12,662.9756097560976,13893.559349593495,60.60932931799608,33.92901830056925,-0.39518676343092973,615,0.8286286962979661,1,
fov0,13,653.08658008658,14182.264069264069,33.44432992963055,9.44698182280746,-0.26407383668312034,231,0.9592764679060254,1,0.309608189405275
fov0,14,651.4884615384616,13990.242307692308,24.971095585109964,15.868539287705586,0.8964564838164386,260,0.7721203787938116,1,
fov0,15,660.8557993730408,13767.934169278997,52.13929748360771,8.441616956391234,-0.8698685783271517,319,0.9868063366992529,1,0.7802292508019869
fov0,17,685.9158249158249,14112.026936026936,67.52863144318782,22.473958815048178,-1.1241233075380925,594,0.9429951850194858,1,0.3141496320180211
fov0,18,699.8924302788845,13941.48406374502,68.78066760319693,24.487306309071837,0.321217173751681,502,0.9344782633746375,1,0.38912138675967156
fov0,19,710.3939861218196,14014.07401696222,122.63754198156322,29.599488749000884,-0.9970145074915521,1297,0.9704362752075263,1,0.35424964785912955
fov0,20,688.7702702702703,13825.668918918918,22.46399527928392,9.467604452110914,-0.3011080010909034,148,0.9068484616903495,1,0.5593212601510074
fov0,21,708.1030444964871,13734.330210772834,44.41216181967787,21.50532699105305,1.5259321461597717,427,0.8749454070459176,1,1.0857351467119192
fov0,22,743.5665236051502,14110.738197424893,52.981141950807455,15.291818911606839,-0.40371743435730745,466,0.9574414440082385,1,0.32194819729216895
fov0,23,732.6065573770492,14075.11475409836,34.723432146486054,9.736987476224746,-1.2800301036485922,244,0.9598787242675345,1,0.2918006433439309
fov0,25,833.7053701015965,13985.082728592162,65.53015727572075,16.916028908369242,0.02307233331999022,689,0.9661072179259046,1,0.43371166802528577
fov0,26,814.3490759753594,13812.219712525668,59.64666521968151,10.772088268874647,-1.3280458488051894,487,0.9835569339660173,1,0.8559140576635621
fov0,27,850.3427991886409,13755.77079107505,62.103356291480175,25.50118391886356,0.24608616557195437,493,0.9118043642945365,1,0.6889924829626379
fov0,28,869.1553985872856,13824.702320887993,103.44515841347204,30.874822304715405,-1.5371837176820184,991,0.9544203893793108,1,0.67017125826881
fov0,30,964.7405303030303,13870.142045454546,55.71767201241698,30.19765849064228,1.0933327718620027,528,0.8403937620443003,1,
fov0,31,972.3848039215686,13618.578431372549,31.452782062401702,18.867442384145974,1.257165621703216,408,0.8001007728128136,1,
fov0,32,1011.5690789473684,13594.182565789473,38.457041219201585,32.242486332736625,0.08861848162916722,608,0.5450513279560232,1,
fov0,33,1008.0277777777778,13643.805555555555,19.595352390736306,7.241679209222443,0.7728849454524455,108,0.929206447785539,1,0.1987341604879123
fov0,34,1050.201958384333,13962.653610771114,82.69002704189553,14.074901573155618,-0.3911170861756947,817,0.9854073272003441,1,0.3068774043592662
fov0,35,1037.6914285714286,13924.6,34.0692309868908,7.117265437569301,0.2241668256834235,175,0.9779357338223225,1,0.30984578423561243
fov0,36,1071.890052356021,13875.17277486911,25.844104290196032,11.709294354443609,-0.5520201872096109,191,0.8914728586475843,1,0.3618471258052861
fov0,37,1081.5466970387245,13790.273348519362,44.63387064902292,21.534301535617313,0.6587459848602435,439,0.875914988401495,1,0.512244692186436
fov0,38,1092.439393939394,13542.219696969696,21.65713589022494,9.570369524613824,0.719066529423456,132,0.8970624712634965,1,0.3155764127957431
fov0,39,1108.2857142857142,13734.886446886447,38.405930744093816,10.016080527189501,0.16353734961247882,273,0.9653941624798758,1,0.21551683363434915
fov0,41,1152.5109717868338,13627.990595611285,83.5923419549431,23.553655885584092,0.2782177361768766,638,0.9594825346652627,1,0.19742691031931514
fov0,42,1176.672480620155,13667.81007751938,66.04029072957769,15.242196461267529,0.25209660693546343,516,0.9730008630402955,1,0.17560482240537073
fov0,43,1192.0488599348535,13806.325732899022,118.95535313886374,23.515951333815586,-0.5270668523239848,921,0.9802651522962732,1,0.4577930524461457
fov0,46,1206.7272727272727,13836.75,40.67978351537162,14.046656714012267,-0.3809537766513546,396,0.9384930161525097,1,0.37499648368654503
fov0,47,1237.7816091954023,13583.6091954023,29.687225808643756,8.998838854654046,-0.3663414897514494,174,0.9529518909566709,1,0.3885532178628086
fov0,49,1296.125,13706.377659574468,42.068502852973694,12.452740331750482,0.5720999249622803,376,0.9551845253945609,1,0.25004799077087686
fov0,50,1310.0413223140497,13846.314049586777,38.40397844154708,10.720729625980795,0.6765761107018569,242,0.9602455475488683,1,0.4906344770081867
fov0,51,1314.808888888889,13948.08888888889,42.748134308179864,10.75678578062748,-0.4503719328550913,225,0.9678230658016362,1,0.5249578032685417
fov0,52,1319.5156950672647,13998.304932735426,39.42426938717062,7.501411386861207,0.9518688778874497,223,0.9817310347942755,1,0.4808841994116729
fov0,53,1344.812925170068,13682.43537414966,35.68462285078802,15.057981965671969,0.4921357002610345,294,0.9066079465784463,1,0.33108842956313767
fov0,54,1398.5341614906831,14063.142857142857,25.134035039323507,9.207594713473016,0.6304523168733599,161,0.9304811810893732,1,0.4374255432971046
fov0,55,1405.1781609195402,13604.620689655172,25.684516370798224,9.347769458771866,0.7243110214360606,174,0.9314201644053883,1,0.3968544401016586
fov0,57,1429.6307692307691,13533.76923076923,30.171535548650738,8.523809375255645,-0.05699593174714664,195,0.9592638765017989,1,0.4351675566172315
fov0,58,1432.057142857143,13805.248979591837,38.352778308554925,10.194230649675678,0.5565040385876745,245,0.964027747629087,1,0.2956561685146879
fov0,59,1446.0740740740741,13627.290809327846,111.78575293156517,47.496181373186786,1.35222854415994,1458,0.9052469493990467,1,0.6370632532774991
fov0,60,1456.1013513513512,13452.121621621622,25.651741150794795,7.813233181456607,-0.5577984058170794,148,0.9524839420757755,1,0.42459449443235986
fov0,61,1475.7383177570093,13636.457943925234,18.038223055231466,7.823011097628153,-0.48451849336557945,107,0.901061764769399,1,0.5698691510304075
fov0,62,1506.5,13948.629807692309,33.513886575171334,8.463257594552921,-0.29497506071519886,208,0.9675890977721819,1,0.06193281670359467
fov0,63,1519.0454545454545,13909.40340909091,28.50884527644104,7.929791177035068,-0.11288181333493082,176,0.9605370827928759,1,0.15182897235036033
fov0,64,1544.2786377708978,13860.176470588236,85.6263271798047,11.83536269867672,-0.39647802648021246,646,0.9904014011348663,1,0.21804861570307324
fov0,65,1542.7156398104266,13380.345971563982,57.89755667791163,18.756623830298597,0.30492383281064495,422,0.9460700017818258,1,0.32829875990585966
fov0,66,1539.9380952380952,14044.585714285715,34.94243934680654,7.8842470785662435,-0.3357527334004647,210,0.9742118458087189,1,0.24856764999627737
fov0,67,1545.2175732217572,13530.121338912133,41.14768952668335,7.592124681369686,-0.062227631126352,239,0.9828307984531779,1,0.16682743650790444
fov0,68,1582.4691075514875,13810.135011441647,45.805880628223676,13.586049554781294,0.3893765959112289,437,0.9550016290950494,1,0.3935098554353526
fov0,69,1627.3444544634806,13465.055004508566,84.96539107967753,56.179407172026195,-0.22285834291941475,1109,0.7502066630255405,1,
fov0,70,1603.4427083333333,13383.729166666666,25.733716683055935,12.963398366323036,-0.4328370744907542,192,0.8638486133403704,1,
fov0,71,1602.9741379310344,13311.525862068966,18.003871267986884,8.286543457986276,-0.07010534002107595,116,0.8877818182225937,1,0.21576088517550973
fov0,72,1633.5923664122138,13815.569465648856,73.6203130929686,19.958752920461006,-0.7497658999196262,655,0.9625500939411507,1,0.5510710785031226
fov0,73,1639.4875444839859,13882.76512455516,60.238905829114195,12.663075909549551,-0.16751071602522216,562,0.9776553444786044,1,0.36129222311109943
fov0,74,1646.638640429338,13281.720035778175,53.96598174646962,50.62705475960422,-0.3443418335453573,1118,0.3462858652110055,1,
fov0,75,1648.7261904761904,13509.657142857142,60.79733214215261,12.411754937663074,-0.20836099970474956,420,0.9789396889645193,1,0.25373217616066895
fov0,76,1647.3973214285713,13412.95982142857,36.81206990795493,8.308678393274041,-0.3323059564663879,224,0.9741956315095941,1,0.25246276029846343
fov0,78,1668.3457943925234,13626.38785046729,32.37181575756723,9.381215211851478,0.13298178755946272,214,0.9570885083410894,1,0.24787498875038758
fov0,79,1670.893023255814,13585.54418604651,31.017267415887005,10.359284683958967,0.547784678248559,215,0.9425785876677673,1,0.41166245235249843
fov0,80,1680.8006535947713,13358.947712418301,42.10985539100252,12.659006513219646,-0.3534703244020964,306,0.9537444347294436,1,0.12799721111350248
fov0,81,1706.3031578947368,13554.378947368421,60.97504360679192,34.89741606889481,0.38888976809583226,950,0.8200283258858827,1,
fov0,82,1695.0616438356165,13886.828767123288,25.251899932902518,7.6536750974784695,1.0101745225102121,146,0.9529609695883258,1,0.5325849874867894
fov0,83,1726.0234833659492,14015.70058708415,78.03624993244134,11.454680315518951,-0.42821153050231897,511,0.9891681743208828,1,0.5812750432867513
fov0,84,1710.3369272237196,13304.398921832884,39.86873043715016,14.220366769001657,-0.7447551714411316,371,0.93422673499101,1,0.4542877611559628
fov0,85,1710.1980198019803,13461.801980198019,16.477433143690515,8.041465079587544,0.44095146398394075,101,0.872827419056969,1,0.4819563142096025
fov0,86,1773.2244755244756,13933.498601398602,164.8909569337668,63.49222444904885,1.098533840064551,2860,0.922893280396533,1,0.40821971227916604
fov0,87,1755.1233373639661,13377.611850060459,64.17464313341415,40.14262553275885,0.13939589397930693,827,0.7802068484471414,1,
fov0,88,1796.6685512367492,13515.517314487632,130.6998881847451,42.79939259766828,0.3534663649140756,1415,0.9448639626427161,1,0.5006598723681722
fov0,89,1756.3094462540716,13196.110749185667,48.41979808112519,9.801117125088515,-0.6768629121433445,307,0.9792988805588845,1,0.444653849505215
fov0,90,1743.4052287581699,13857.156862745098,24.029259899946627,8.35595442770762,1.225135267241449,153,0.9375907024934409,1,0.4563944196836086
fov0,91,1760.2573529411766,13267.371323529413,32.82221943527323,14.157546544000494,0.002348446745554905,272,0.9021892987152031,1,0.37626623267857673
fov0,92,1764.1382978723404,13775.67730496454,43.67917730779661,8.618051444084669,0.07143037289195488,282,0.9803424692611895,1,0.4752253947338058
fov0,93,1763.017766497462,13299.736040609137,38.998564730675525,14.302824399923542,-0.5216520727567179,394,0.9303185163648324,1,0.37974660133914534
fov0,94,1765.686703096539,13460.014571948997,46.34105640338943,22.54233036913164,-1.136103910398595,549,0.8737117389529415,1,0.6497663167564331
fov0,95,1765.4451219512196,13539.024390243903,25.06674416007487,8.56485440778527,-0.24324446423892368,164,0.9398156386240861,1,0.28417283144100147
fov0,96,1773.85254691689,13586.721179624665,53.61265014018417,9.590869351919205,-0.6106240432975052,373,0.9838687334949227,1,0.40238906816919445
fov0,97,1773.9794871794873,13416.220512820513,30.120315845684708,8.652984119449638,-0.017167356031421832,195,0.9578464512766437,1,0.41610114318173624
fov0,98,1811.6867897727273,13311.640625,135.2155091795965,26.554499135651827,-0.8433240531820572,1408,0.9805265661125623,1,0.480647792361025
fov0,99,1805.940350877193,13621.284210526315,45.22988088241451,9.370901784917146,-0.18129601201566412,285,0.9783020207438013,1,0.17230888279438042
fov0,100,1798.0236686390533,13172.224852071005,29.705222401801954,7.680042119576629,-0.08618793503768919,169,0.9660000671906411,1,0.27922085213434406
fov0,101,1801.7744360902257,13269.887218045113,21.69182987776061,8.602955584034676,0.8492947896657866,133,0.9179920059134463,1,0.6353191391012344
fov0,102,1815.463503649635,14016.598540145986,38.32503176572589,10.276857788191569,0.5404060599072681,274,0.9633771692439203,1,0.44305801437509024
fov0,103,1850.950159066808,13434.629904559915,129.14193301322123,54.70959153167629,1.0649515656500677,1886,0.9058309922964191,0,0.7998359520173896
fov0,104,1818.8495575221239,13358.256637168142,15.16167362770092,10.870098943301615,0.27227180035264487,113,0.6971288634442089,1,
fov0,105,1857.4310645724258,13223.340314136125,76.5201170299478,12.89963478225335,-0.14886080020870776,573,0.9856882576059612,1,0.3659239669278419
fov0,106,1865.73775671406,13346.5102685624,89.6087323579077,15.017764248782596,-0.9562993493148016,633,0.985856331405831,1,0.6918871295929727
fov0,107,1882.4879614767256,13170.15569823435,96.90015451626222,12.395257844509867,-0.22574367099976747,623,0.9917847689082603,1,0.3673682420660697
fov0,108,1861.0805970149254,13890.712437810946,66.27810826593092,29.892914770095505,-0.7810882090933942,1005,0.8925126047371219,1,0.8732421845002134
fov0,109,1903.3000707714084,13673.019815994337,131.25018405730262,15.117617676182805,-0.21153916794913755,1413,0.9933444412081264,1,0.23902561941502312
fov0,110,1921.9271339347674,13353.772380291464,140.93285029005372,26.403617684011923,-0.4077230756401251,1441,0.9822934292454957,1,0.46896909450837704
fov0,112,1906.3385146804835,13489.794473229706,62.92553121434557,24.99235392151224,1.4319923967326365,579,0.9177435400046501,1,0.6763746040684377
fov0,114,1910.0392156862745,13883.764705882353,42.46241757976543,9.430100310129168,0.9208435806596217,255,0.9750281975475289,1,0.4406070266621882
fov0,115,1908.475,13317.125,18.16147253177137,9.33278712270424,0.8914349300202781,120,0.8578630805169252,1,
fov0,116,1917.1349862258953,13258.107438016528,41.66190493538034,12.32825041755894,-1.2148120878892537,363,0.9552152587105532,1,0.6306124682640031
fov0,118,1941.0530973451328,13461.407079646018,27.365274501555362,12.860830960972953,-0.08841732428863702,226,0.8826829157789153,1,0.4893473886294592
fov0,119,1940.4423076923076,13495.038461538461,19.265921061340805,7.198908643550414,-0.49417960692947516,104,0.9275656455215877,1,0.6308365348259538
fov0,120,1965.6985645933014,13238.807416267942,67.31677782691719,34.30586294653944,0.6735424925925416,836,0.8604005881686027,1,
fov0,123,1962.2938388625591,13142.729857819906,18.923971278163773,14.431981470607122,-0.9702049714501839,211,0.6468353938703679,1,
fov0,124,1987.4387568555758,13041.808043875686,78.78082847230844,30.81802251915876,-0.7880305662741444,547,0.9203112866791658,1,0.24933789201132292
fov0,125,1985.2942528735632,13369.643678160919,58.836969376556645,11.698461633539024,-1.03844725056356,435,0.9800343155066327,1,0.49915777126034583
fov0,126,2023.0431952662723,13459.883431952663,147.91617513907025,72.59386414691281,-0.24597785890059598,1690,0.8712851925533822,1,0.2826634209513819
fov0,127,2005.922033898305,13285.247457627118,38.855593335917284,10.963100450313153,0.6817248106157371,295,0.9593703420245794,1,0.7619078652318078
fov0,130,2033.0255941499086,13394.08592321755,86.68837110939121,10.650312337420074,-0.9969376355787775,547,0.9924243279183936,1,0.49241003463503286
fov0,131,2042.7175324675325,13842.957792207791,39.57895895045169,11.100174995805478,0.7384306462223541,308,0.9598667460139293,1,0.5111249759484221
fov0,132,2049.96682464455,13265.857819905214,27.431359581369943,11.470726360871023,-0.5613828666646035,211,0.9083729019990269,1,0.3577621609254373
fov0,133,2058.3464203233257,13643.930715935336,41.724755733578895,15.689077378228957,-1.0324391621818763,433,0.9266141272344399,1,0.7023050350124096
fov0,134,2080.183800623053,13920.115264797509,37.20455550318133,12.780048269565496,-0.5988148211023876,321,0.9391498899661795,1,0.6405012631114934
fov0,135,2107.106603773585,13497.508490566037,50.330567805327576,36.088701242240234,0.7162038818843269,1060,0.697038747407754,1,
fov0,136,2169.6886726893676,12952.36657400973,331.06656626519833,27.7712401726774,-0.8192174782569474,2878,0.9964755130090823,1,0.15630121631335497
fov0,137,2098.8317757009345,13221.747663551401,18.367708590026364,7.488097183727274,-0.2693466699037868,107,0.9131260857222998,1,0.2657057831451294
fov0,138,2141.7823834196893,13423.212435233161,30.457013680144442,8.52970289005192,-0.29272812644111457,193,0.9599833443342881,1,0.2830542965527505
fov0,139,2157.9934210526317,13491.802631578947,23.727687387990375,9.462070848171036,0.5878918927647625,152,0.9170476568664366,1,0.551761795604786
fov0,140,2190.2591133004926,13241.093596059114,82.43344234491765,39.96330684178128,-0.18573934062597386,1015,0.8746279041742774,1,0.2321732367416089
fov0,141,2171.1640625,13771.85546875,42.443848975167185,9.003737645837665,0.9610118368511633,256,0.9772408218987875,1,0.8910952308737421
fov0,142,2254.0014873574614,12936.43381259296,293.1245197730635,20.00461818718408,-0.8299549442183991,2017,0.9976685140008925,1,0.1553528369211493
fov0,143,2186.133079847909,13151.174904942965,71.9493764389721,10.554455341738937,-0.63373756490965,526,0.9891820980107343,1,0.18755154247026176
fov0,144,2208.4238896075894,13427.692539887883,115.1985149639535,80.5314100034441,1.0400486587141067,2319,0.715056768515365,1,
fov0,146,2201.540476190476,13336.25119047619,61.98495199088619,25.198856085202078,-0.3839833632792336,840,0.9136366179309509,1,0.2106915620738824
fov0,147,2202.900426742532,13635.30867709815,45.27390756958838,28.789590251456094,1.1472835764799743,703,0.7717730560230793,1,
fov0,148,2255.4957331264545,13175.975174553918,91.52332083142367,35.95293537896931,-0.9702629557945428,1289,0.9196119055345622,1,0.2819723581857415
fov0,149,2257.632252559727,13364.63481228669,74.7584226460656,42.59420506440697,-0.6564952142747601,1172,0.8218125620019855,1,
fov0,150,2295.999,13459.738,88.43107593988083,28.04194158960874,-0.35473329814945714,1000,0.9483904160716523,1,0.5742573550539316
fov0,152,2311.189933523267,13020.121557454891,92.69302748156993,64.05880830387964,1.5320004801482654,1053,0.7227730043933899,1,
fov0,153,2300.090909090909,12837.227272727272,32.42861233600506,13.45692245416789,-0.22307118025038453,308,0.9098347963824249,1,0.25744106721467636
fov0,154,2302.771228771229,13573.063936063936,128.75239923351654,36.0429705666145,1.5183379305352152,1001,0.9600174437796782,1,0.8431255107262449
fov0,156,2318.588118811881,13295.253465346535,59.53175093672062,13.426096262736218,-0.07085337741331069,505,0.9742366104728801,1,0.31909793348703286
fov0,157,2299.2018927444797,13764.64668769716,39.0674774154632,10.979366401207928,-1.53866072029402,317,0.9596972354371524,1,1.1376148872200036
fov0,158,2312.6200873362445,13371.89519650655,35.427494425089726,8.531301550327955,0.0531600928658938,229,0.9705722301476637,1,0.4463711475959217
fov0,159,2335.9137055837564,13118.195939086294,123.75959310237107,22.12679768380531,-0.9744380569739549,985,0.9838875219650323,1,0.21825181497651863
fov0,160,2315.581560283688,13336.921985815603,20.577105454296586,9.49857305433215,-1.0706654856965045,141,0.8870835988570314,1,0.704873000424541
fov0,161,2336.4581395348837,13237.846511627908,32.739161767522525,20.534780125884023,-0.990524105512235,430,0.7788391076147307,1,
fov0,163,2343.9742857142855,13576.322857142857,36.57522680472875,15.876761624867209,0.6873302661957998,350,0.9008718614603343,1,0.5799393287693154
fov0,164,2348.4625850340135,12794.017006802722,47.67006616543358,9.601605450724218,-0.6979354898572036,294,0.9795053968910707,1,0.1306117452083528
fov0,165,2367.3598615916953,13185.136678200692,54.92827448293976,24.742862876501945,-0.23311270004202622,578,0.8927977833924932,1,0.4436331247760506
fov0,166,2364.9418282548477,13394.675900277009,43.92996587148638,14.857850288123885,-0.6051132733782832,361,0.9410682387405167,1,0.5099516455119688
fov0,167,2389.732448630137,13514.350599315068,228.05941454103188,56.3005353923699,1.1987905814371567,2336,0.9690491570879639,0,0.41697970562761816
fov0,168,2391.3977947413064,13119.007633587786,94.83098098019134,26.79459009258997,-0.8189253143939191,1179,0.9592522728406777,1,0.28224869354989623
fov0,170,2390.355029585799,13050.325443786982,39.32419572888043,14.957231055224014,-0.5404141561990805,338,0.9248397657939452,1,0.4354761277295096
fov0,171,2414.2035928143714,12900.132934131736,99.61097588642127,26.98952546421437,-0.8126422160075907,835,0.9625936161697487,1,0.3507124937451044
fov0,172,2420.85814889336,13352.651911468813,99.83616620047731,34.82466060989928,-0.6442107087296881,994,0.937190451010821,1,0.4993818992985841
fov0,173,2391.0833333333335,13408.270833333334,20.126694944202526,9.90893455202656,1.2681778400405437,144,0.8704097800760294,1,0.9391786899126132
fov0,174,2411.1142020497805,12629.436310395315,78.302484599621,24.47269749977705,-0.5062357212200331,683,0.9499044359104646,1,0.10314520868926065
fov0,175,2410.7044025157234,12964.641509433963,16.050819109537912,12.922553303145051,0.9280258874074998,159,0.5931358139619732,1,
fov0,176,2417.547038327526,13218.337979094076,40.84887770515132,10.670264417000729,1.1356946029389254,287,0.9652811430775674,1,0.7158145390152282
fov0,177,2438.214907508161,13429.165397170838,82.26274855785223,63.7237200938261,-0.3089160412193081,1838,0.6324068584944359,1,
fov0,179,2436.687285223368,12691.576174112257,42.19696713420918,35.64048481434954,0.6533916897443868,873,0.5353631997052563,1,
fov0,182,2443.51867219917,13277.639004149378,31.973416851767915,10.161761688911339,-0.25756584087729933,241,0.9481513788139313,1,0.42445198357830505
fov0,183,2454.614457831325,12821.307228915663,22.579190490294483,11.173444220263274,-0.568058756414996,166,0.8689750859990546,1,0.262402376087689
fov0,184,2451.9268292682927,13633.065040650406,23.42174511046868,7.146564640026335,-1.1411150123019969,123,0.952312245472112,1,1.0463660679443159
fov0,185,2461.5830258302585,13111.450184501846,30.210941029529323,13.83953785320869,0.0919534386201016,271,0.888902271205529,1,0.15961460501257493
fov0,186,2458.5309734513276,13178.079646017699,19.7399902935567,7.9502885587634955,0.3854278836862914,113,0.9153098561487691,1,0.37756542102580126
fov0,187,2463.0251572327043,12964.528301886792,28.281545021898527,8.50633200258562,-0.23640697704426253,159,0.9536956833932295,1,0.5401684217788012
fov0,188,2476.825641025641,12635.353846153846,74.56065048221508,12.50603317641761,-0.8185989482636821,585,0.9858330276265646,1,0.11030528488276879
fov0,189,2463.412429378531,13017.9604519774,25.678056370583842,10.139890634891621,0.9985456673493919,177,0.9187303673228862,1,0.5093812068489467
fov0,190,2529.796720061022,13309.617467581998,155.98712622399398,55.16098998049074,0.35761050282358614,2622,0.9353871748195414,1,0.30978192110330754
fov0,191,2490.6118421052633,12897.453947368422,21.761954053324708,10.181206606750983,0.4375426902958778,152,0.88381089141246,1,0.48543343613931605
fov0,192,2495.6085626911313,13056.021406727828,38.573756215548045,12.685962553646547,0.588919946129199,327,0.9443732944594284,1,0.30208320631517327
fov0,193,2498.225108225108,13124.160173160173,28.22030765795659,11.821320508847835,-0.04047859527264619,231,0.9080350924406544,1,0.19467513730825392
fov0,194,2499.154069767442,13000.335755813954,62.38370785615015,17.877391047577277,1.2988934963374548,688,0.9580588660927911,1,0.49539254105608926
fov0,195,2504.87898089172,12837.490445859872,20.39735024176584,10.400524570532456,-1.367395622965449,157,0.8602361336232224,1,
fov0,196,2523.6631130063965,12749.031982942432,46.570316566959015,15.02862280773321,-0.6853481736722109,469,0.9464985054247622,1,0.29165970575793376
fov0,197,2559.549250535332,13642.036402569593,99.63399973578335,28.196080089594187,0.13444403810915637,934,0.9591209214094212,1,0.41014037872985754
fov0,198,2537.388535031847,12850.664012738853,55.350386696913965,35.48263801538454,-1.1621064015003741,628,0.7674950049401297,1,
fov0,199,2525.8571428571427,13094.732142857143,20.782344836373017,7.767492453839082,-0.1467680540014412,112,0.9275277148568379,1,0.3756610353544841
fov0,200,2541.793893129771,13445.458015267175,61.79853783108315,22.74157871981945,0.5725358432064566,786,0.9298276038173477,1,0.38429352406388695
fov0,201,2525.943396226415,13609.066037735849,16.564133817307344,8.709078826604037,-0.8405877567094375,106,0.8506210193800403,1,
fov0,202,2537.3747841105355,12705.18652849741,36.557143187568954,31.119872879739425,0.792013716388608,579,0.5247335265286491,1,
fov0,203,2568.3512658227846,13012.568037974683,49.081003997538055,20.497463686805045,0.31137057923382505,632,0.9086193920108964,1,0.519467236511007
fov0,205,2588.2684258416743,13246.636942675159,76.90659621957262,26.141403476528083,0.6849587005784248,1099,0.9404575821974545,1,0.6460509654058124
fov0,206,2573.1742424242425,13095.757575757576,42.288361074798416,9.814736099179992,-1.4306750530185464,264,0.9726941443544443,1,0.9299712607746687
fov0,208,2603.8836140888207,13599.53751914242,45.84920868784295,30.523153117232805,1.0989416023647163,653,0.7461935041360491,1,
fov0,209,2610.2156626506026,13538.939759036144,97.60721496054963,16.21275591591826,1.166102470344939,830,0.9861085730180895,1,0.4721293999062892
fov0,210,2617.729537366548,13097.740213523131,34.474236021769414,13.428443292728051,1.256657895420353,281,0.9210175302643531,1,0.9522378709599204
fov0,211,2620.8025477707006,12730.974522292994,27.87230720843351,8.492990061489497,-0.9473590030134953,157,0.9524449554754946,1,0.7553876752828077
fov0,212,2635.986263736264,12864.728021978022,36.9218657893255,13.424032165498243,-0.3781399102241938,364,0.9315631881500591,1,0.5627043731419634
fov0,213,2638.9757709251103,13167.105726872247,41.20472263163837,19.272912193087635,-0.8464779834104968,454,0.8838684784903184,1,0.6793575631491676
fov0,214,2642.641891891892,13079.58445945946,30.34926649782081,23.575051495025825,0.03420159918139023,296,0.6297578931686362,1,
fov0,215,2649.343119266055,13268.304587155963,41.16918499244077,32.47884072016079,-0.064208420361082,545,0.6145069171097717,1,
fov0,216,2651.7707317073173,12996.341463414634,40.90308190796686,18.830620983464595,-0.1688181432656419,410,0.8877262563212905,1,0.51991187104988
fov0,217,2687.56314797361,13339.875589066918,160.33843341329853,32.558381016509344,0.7072451191273073,2122,0.9791662206434418,1,0.6804388327580222
fov0,218,2645.5238095238096,13353.650793650793,17.76313169845997,11.139939962426512,0.90569384334123,126,0.7789079345992415,1,
fov0,219,2718.0435633871757,12997.58394517866,153.65260535414288,34.37851169267444,-0.6131040399776868,2043,0.974648451211768,1,0.34863448568611005
fov0,220,2670.151724137931,12877.220689655172,39.885092978873494,12.529855909031793,1.142041015074623,290,0.9493737424836192,1,0.5490208262258245
fov0,221,2671.264705882353,13591.078431372549,24.238519979311526,10.823907390774258,0.1261930879447501,204,0.8947546393981667,1,0.32476437562559735
fov0,224,2693.3972602739727,13398.493150684932,24.764429712657787,9.169930738639042,0.697716964362247,146,0.9289176527181459,1,0.3970026078395542
fov0,225,2696.8069620253164,13245.778481012658,46.6322351820138,9.725478824007,-1.37056015225082,316,0.9780102146587668,1,0.6303501101743432
fov0,226,2711.2137404580153,12894.057251908396,36.44952317152619,11.910288124477997,0.2512671406813948,262,0.945106951918053,1,0.4132775682654791
fov0,227,2744.468113083498,13602.291255752794,104.51122090825253,20.480862768796385,0.13244549685988816,1521,0.9806102761100595,1,0.27229666659180285
fov0,228,2714.641025641026,12855.957264957266,19.968760769768338,7.559132047676456,1.1434580988947565,117,0.9255817105198167,1,0.6223331986925852
fov0,229,2725.811475409836,13216.77049180328,21.44014565542524,7.7262921886705715,-0.1546841707557958,122,0.9328111238644502,1,0.536228332040238
fov0,230,2729.820895522388,13076.990049751244,41.04678528522631,13.734505042343427,-1.5344610520952453,402,0.9423580810622235,1,0.8289270020763021
fov0,231,2755.958549222798,13183.974093264249,59.80452643732595,15.633167703137573,-0.8346787152619026,386,0.9652293654034263,1,0.6068148421439914
fov0,232,2764.722392638037,13384.716257668711,49.6060379234047,28.57659239840949,-1.5556241681567315,652,0.817399765446953,1,
fov0,234,2760.5588235294117,12644.741176470588,26.763310184467088,8.44695045058494,-0.16302515035385073,170,0.948886733191378,1,0.2617657953772246
fov0,235,2786.3466898954703,13503.5,68.11767730537802,11.361484349606283,0.9046734668933438,574,0.9859921020105772,1,0.6818723789995317
fov0,237,2855.6697689345315,13097.391206675225,250.79125724458436,77.11251491268071,-1.173676733434758,3116,0.9515555497882227,1,0.7767734746345832
fov0,238,2819.330097087379,13587.603883495145,50.03443369333638,18.558083357412993,-0.5525123389402423,515,0.9286703213676316,1,0.4235243180901141
fov0,239,2815.0142857142855,13388.895238095238,26.914539632433346,12.549335959251616,0.2973441829338781,210,0.8846445471881836,1,0.5528146591354054
fov0,240,2831.2685185185187,12960.268518518518,46.59482583844612,20.329328604711584,-0.22411839242176432,432,0.8998011980009456,1,0.334176654014328
fov0,241,2821.6129032258063,13344.887096774193,44.83424035621973,14.924151402339607,-0.8249638906827921,372,0.9429713265652756,1,0.6131766476248652
fov0,242,2839.466135458167,12622.53187250996,63.29530019573733,14.823700066230058,-0.2795448691979462,502,0.9721886639876447,1,0.2730762696563863
fov0,243,2834.8106796116504,13528.90776699029,33.291688907343676,8.843980971179452,-0.21509619423470056,206,0.9640691771290152,1,0.35697030115365486
fov0,245,2832.4510385756676,13240.106824925817,48.28426379337012,9.752091641103418,1.3222476229166842,337,0.9793912009692254,1,0.9352699515913071
fov0,247,2843.7214285714285,13312.207142857143,23.90184002027952,7.90133047257239,-0.7228961345219354,140,0.9437800223971423,1,0.5838810966707845
fov0,248,2851.8661417322833,12913.015748031496,25.68121099124086,7.0428735809115715,0.4884981210942827,127,0.9616606354233002,1,0.2492606439013424
fov0,249,2870.7722222222224,13330.788888888888,22.059510678343475,14.239666853154967,-1.037066107544817,180,0.7637505878072008,1,
fov0,250,2877.525925925926,13499.511111111111,35.54888323531741,12.101932223721859,-0.9569356369391473,270,0.9402695990870339,1,0.5144825073830043
fov0,251,2873.470588235294,12773.911764705883,18.521511648809756,7.267406548315995,0.5204432560285002,102,0.9198046833073573,1,0.2995354518440319
fov0,254,2883.0,13380.173913043478,24.264153389779175,10.239818594679154,-1.1927397680761627,184,0.9065891954563602,1,0.7876387887015602
fov0,255,2893.1666666666665,13195.033333333333,31.92412922194389,9.811904274100938,0.5804817457418855,210,0.9515963070528441,1,0.5091763780459695
fov0,256,2898.4497751124436,13418.406296851574,42.13842206354312,25.26866388371637,1.4584915204041344,667,0.8002559948457114,1,
fov0,257,2901.5328467153286,12627.102189781022,23.269613923176248,7.810099592453399,-0.18437476958412902,137,0.9419920743898129,1,0.1625993135078361
fov0,258,2936.484834344377,13335.597760149323,147.7306787629393,49.32675525125423,1.5182813433197964,2143,0.9426097460249546,0,1.099829467744508
fov0,259,2934.5803571428573,13193.69642857143,19.514408809103664,7.533452054110751,-0.1403776620709842,112,0.9224796903037773,1,0.5183095993924106
fov0,260,2954.550724637681,12544.133333333333,47.94436000385441,13.000489665950065,0.4488198687924532,345,0.9625348925579842,1,0.3410717969413971
fov0,261,2969.626477541371,13166.764775413712,85.92343559773072,24.829122764712434,0.6157304467060092,846,0.9573387586589821,1,0.45908902901574483
fov0,263,2972.5915492957747,13061.760563380281,23.92935247105859,7.830748822053773,1.1456094129461216,142,0.94493970266292,1,0.9587884015476964
fov0,266,3049.248701973001,13111.124091381102,118.0996174809824,56.19403678949406,-0.9712447021417099,1926,0.879543245292679,1,0.7943838143263311
fov0,267,3010.1341463414633,12545.268292682927,27.57953053126253,8.004762199111914,-0.2964817893504242,164,0.9569530156780954,1,0.1922309732494595
fov0,268,3037.2596899224804,13052.373062015504,100.94157660953258,28.351681907873072,-0.9915550381095141,1032,0.9597451805770173,1,0.9015761411053121
fov0,269,3040.798076923077,12805.208333333334,39.83321561570831,11.835146239346022,1.0661298411712536,312,0.9548409183102122,1,0.9155980714834876
fov0,270,3074.605128205128,12740.794871794871,27.556467279857348,9.796716496761825,-0.4478573106453024,195,0.934670864962947,1,0.6404152825862804
fov0,271,3083.18016194332,12858.311740890687,47.28324866916036,14.448621182377115,-1.256708227387092,494,0.9521677217974789,1,0.7012557856846945
fov0,272,3103.700374531835,12907.970037453184,33.34470092227356,16.306934250623353,0.08438503622456837,267,0.8722606576576677,1,0.6361683218412258
fov0,273,3103.830917874396,12995.743961352657,32.93258425302499,9.208609283325135,1.3038527079999496,207,0.9601107510777003,1,0.7911479462169171
fov0,275,3124.4015748031497,12883.795275590552,21.299323869810465,7.778517533694124,-1.1159702036065353,127,0.9309290022225046,1,0.6769005749567819
fov0,276,3137.4022770398483,13046.062618595826,46.13817604492397,21.27372097131398,0.7885156037087093,527,0.8873548459690668,1,0.7073942484843289
fov0,278,3167.1004016064257,13084.550200803213,56.50032325842626,22.73340520267066,-0.4261966295589696,747,0.9154820338131157,1,0.5476155243035546
fov0,279,3176.4419117647058,12831.798529411764,99.91777381668935,55.682448233360304,-0.31561416113253266,1360,0.8303228143098075,1,
fov0,280,3205.976524290838,12968.309748940332,138.07629590816185,77.54066855366258,-0.07044041704073765,3067,0.8274235157789112,-1,
fov0,281,3209.665071770335,12783.966507177034,25.97268324809565,12.75042952451625,1.3324055934226269,209,0.8712063951449999,1,0.8875361915987378
fov0,282,3271.4204123014533,13027.003717472118,168.5109839803721,46.357480408098695,-0.606336236163808,2959,0.9614154331179003,1,0.47792693092860633
fov0,283,3216.212121212121,12921.854545454546,22.882419449434337,10.395369831449925,-1.238066056795009,165,0.8908512837657162,1,0.7438374323749213
fov0,284,3254.2768166089963,12843.63321799308,53.62544856550675,22.57579071820433,1.3484062813065647,578,0.9070651651327695,1,0.8931582713383182
fov0,285,3258.3192307692307,12799.096153846154,31.854402128751005,13.52872114388696,1.3698661366373313,260,0.9053318371166297,1,0.9007828697064917
fov0,286,3384.561544064093,12970.59140568099,130.66336821394958,32.046986921205864,-0.08577385944878395,1373,0.9694563918860525,1,0.564020132550752
fov0,287,3383.269496544916,12225.288252714709,81.93471583368155,21.237378670925523,-1.088372983842177,1013,0.9658239956790685,1,0.9647914937858543
fov0,288,3393.6023166023165,13012.525096525096,40.25945923706061,9.436758957958224,1.1118338336243139,259,0.9721405858832679,1,0.7891597031502363
fov0,289,3681.6137667304015,10168.022944550668,82.5126440385363,9.59638015331367,-1.4193676194188807,523,0.9932139044256219,1,1.0586626219857405
fov0,290,3824.020457280385,10149.873646209386,63.191141499812815,20.876438354547417,1.3726854509592754,831,0.943851610383766,1,0.927588481991357
fov0,291,4052.587837837838,10434.851351351352,46.515776961175554,8.594158321104262,1.3861455644847707,296,0.9827840607292957,1,0.4901982015224172
fov0,292,4068.2571428571428,10464.704761904763,12.65623176032359,11.04603136727598,0.9990391968314769,105,0.4881243272823463,1,
fov0,293,4176.214007782101,10750.167315175097,44.93844266600296,7.67998246875928,1.3326908578674903,257,0.9852883690037851,1,0.6537292762774645
fov0,294,4234.877419354839,10695.393548387097,29.2846303078016,7.815719708485647,-0.5737403226690954,155,0.9637275213458057,1,0.7166216895556571
fov0,295,4295.200396825397,10760.087301587302,52.92354214454093,13.80421753743509,1.3634044688110178,504,0.9653838796200531,1,0.6667579833762896
fov0,296,4344.010482180293,10090.83857442348,65.23182320078236,16.131163993562474,-0.37060600613110495,477,0.9689415662226198,1,0.29729482051135114
fov0,297,4346.279069767442,10803.011627906977,28.01816017268821,7.974642522441726,0.017338977727028422,172,0.9586392147494497,1,0.4938257561836206
fov0,298,4413.002433090024,10056.172749391728,62.06427001777011,8.722061811880717,-0.3395994680714254,411,0.9900760321739988,1,0.33175391455532816
fov0,299,4420.536891679749,10659.927786499215,65.30802626710134,15.496993466335944,0.1193410624713889,637,0.9714386643814683,1,0.3670534652407322
fov0,300,4429.1032258064515,10112.264516129033,34.288155431273495,13.039400136269858,-0.2687815859335774,310,0.9248678059438892,1,0.26823704583475194
fov0,301,4460.009345794392,10624.44859813084,31.059620132513412,9.972123202979603,-0.2078661554516201,214,0.9470575289876236,1,0.15555249428760334
fov0,302,4521.675809352518,10511.19154676259,157.6324861709113,61.415530270560765,-0.38746841800205795,2224,0.9209790336183891,1,0.1422667096552589
fov0,303,4475.103448275862,10061.887931034482,56.24882825241149,15.863516862229666,0.7856851246925096,348,0.9594073640881163,1,0.6634908545039747
fov0,304,4498.3536585365855,10674.670731707318,77.6684317371693,25.25787284781965,0.11313302388875437,738,0.9456448235192275,1,0.3475112722848688
fov0,305,4504.1760563380285,10311.218309859154,42.15512144571421,14.62189903853796,-0.11407419977239777,284,0.9379171469907296,1,0.39364546810297846
fov0,306,4507.754189944134,10576.396648044692,29.448165928359053,8.308488706363061,-0.5883700928217506,179,0.9593734115907356,1,0.2713515283931104
fov0,307,4525.3707865168535,10476.657303370786,20.338949095289806,11.740693224214159,0.24224774719443518,178,0.816566261118854,1,
fov0,308,4611.706800445931,10677.85590858417,315.65423312376885,45.15685063462371,-1.0431713107074545,3588,0.9897143123649674,1,0.3787977854605039
fov0,309,4569.8564593301435,10353.464114832535,36.13700453138628,8.074185662516886,-0.4123040282499561,209,0.9747193768281035,1,0.642848616617818
fov0,310,4586.132947976878,10772.127167630058,21.981604771585314,12.227675913601185,-0.34057999342369855,173,0.8310025721635856,1,
fov0,311,4612.75641025641,10232.125,44.29097472601903,12.039781403928556,-1.0386907100561267,312,0.9623442297953132,1,0.8843028065378661
fov0,313,4671.748251748252,10346.783216783217,24.418112617167314,7.702757897830932,1.0945229012847688,143,0.9489413242418449,1,0.931127344623423
fov0,314,4691.055555555556,10525.953703703704,53.823206774101635,13.989977734942247,-0.8103932363034495,432,0.9656289042103129,1,0.7683083499512762
fov0,315,4712.882681564246,10351.653631284917,30.64424374245282,7.652914695165799,1.5524455234461711,179,0.9683144353239798,1,1.165998315475091
fov0,316,4771.997762863534,10559.05033557047,137.99100071161726,108.71916562438096,0.5736349504492877,3576,0.6158397731213302,0,
fov0,317,4760.838174273859,10285.896265560166,42.354600250566996,8.11655135872858,-1.5210361738307558,241,0.9814665977356232,1,1.0179914018396812
fov0,318,4859.332749050541,10378.83844580777,289.8934141206229,111.39031196077056,-1.019000829835577,6846,0.923230851186564,1,0.6605239247103898
fov0,319,4825.312807881774,10310.426929392446,180.25293722882466,30.61283242729695,-1.3175038619574173,2436,0.985472918936526,1,0.9415748789772859
fov0,320,4866.397260273972,10577.205479452055,37.06573338851786,10.718022828995462,-0.5821158757203639,292,0.9572800042292235,1,0.23153752239172526
fov0,321,4888.881052631579,10524.718947368421,97.77650001977035,18.96258165872015,-0.8541075697405276,950,0.9810137822971103,1,0.14093800397447387
fov0,322,4934.71780567178,9813.384937238494,154.22573644075797,75.96203348902567,-1.5261133831120792,2151,0.8702909474178308,0,0.765197509401846
fov0,324,5034.198109330046,9915.163173037403,401.8751350287027,24.00409386073935,-1.1482211444535615,2433,0.998214555964213,1,0.6699495026422263
fov0,325,5028.727019498608,9482.236768802228,38.187590298868116,14.19277485332105,-0.9471665196751362,359,0.92836917774648,1,0.3066113870885824
fov0,326,5105.801056885297,9785.414050357476,462.3538838184509,75.82282495549893,-1.4422988528141032,3217,0.9864614937141328,1,0.7386430320861331
fov0,327,5102.959090909091,11512.50909090909,33.938832276245726,11.497838571837526,-0.91031425785251,220,0.9408651835420102,1,1.1248699408267153
fov0,328,5100.194029850746,11338.388059701492,36.84651380896409,9.860682595467855,-1.3667044129354695,268,0.9635259057577688,1,1.2012412185767358
fov0,329,5099.630434782609,11577.532608695652,29.29969774750615,8.808309317854283,1.5143057597505925,184,0.9537414796790987,1,0.6205719945584042
fov0,330,5122.764639639639,11458.521396396396,78.84040415758624,43.631541914110166,1.0228015910581436,888,0.8329049883491656,1,
fov0,331,5130.631970260223,11518.007434944238,29.572392127527877,18.36041561831338,-0.8762879276542173,269,0.7839187785160656,1,
fov0,333,5131.852173913044,10836.952173913043,29.090319142200308,12.434599628967666,1.4774814190843137,230,0.9040399222789958,1,0.8581195001525098
fov0,334,5139.268595041322,11282.818181818182,38.28372427918691,8.534548975311534,1.4091220770909885,242,0.9748347041894438,1,0.9731673150631166
fov0,335,5148.653465346535,11334.923267326732,56.6904792768061,13.40517531157576,-1.2112548959475913,404,0.9716406034495522,1,1.1340466066432446
fov0,336,5144.078431372549,11618.202614379084,24.338261696108333,8.588921325534379,1.0589433493149496,153,0.9356618382508886,1,0.5222024386257407
fov0,337,5155.064377682404,11429.858369098713,43.25783535163047,21.002224881261743,1.2393310045380554,466,0.8742296597416638,1,0.8194702408863629
fov0,338,5183.168089297439,9515.917268548917,91.99529600564308,60.10417141914566,-1.3169035789329084,1523,0.7570649545527756,1,
fov0,339,5163.616541353384,10719.323308270677,24.660816606965064,7.4973329508831315,-1.1213080160963733,133,0.9526662772252419,1,0.7748751239071026
fov0,340,5250.745805369127,10745.882130872484,214.71545825654562,85.16621579823818,-0.3287657363333865,2384,0.91797127164623,1,0.47689190985960367
fov0,341,5190.051807228916,11547.30843373494,143.0914306973006,48.55721075679049,1.511995720895294,1660,0.9406623656730959,1,0.9688469879374515
fov0,342,5174.120805369127,10856.174496644295,24.09033565699478,8.2304561722639,0.01149313345203456,149,0.9398273650989158,1,0.44187127678211485
fov0,343,5168.518918918919,11734.805405405405,30.07776173468352,8.122900601919044,1.3282745411355115,185,0.9628425602525323,1,0.5937357865331738
fov0,344,5173.983425414364,11241.475138121546,16.94745671981838,14.671215477021754,-0.8285551184952633,181,0.5005833778841775,1,
fov0,345,5176.3708609271525,11644.887417218542,19.72262255384857,11.965963925349387,0.30545255871421334,151,0.794921254908321,1,
fov0,346,5189.476780185759,11213.97213622291,38.90417964553324,18.027613289114434,0.6618235789985352,323,0.8861570637748528,1,0.5730470072891314
fov0,347,5188.511392405063,10533.311392405063,64.54414727630235,9.07818573044401,-1.4090624952295074,395,0.9900592676274835,1,0.8465839998843085
fov0,348,5263.226313426134,10863.212393354288,194.9349445599637,77.00344871774895,0.42341605174441294,2227,0.9186719756696379,1,0.28703493929961066
fov0,349,5214.552547770701,10675.767515923568,93.79027596203612,15.814329183876268,-0.36880657736813316,628,0.9856822037357116,1,0.2750389611879894
fov0,350,5204.722972972973,11375.173423423423,93.2404598593055,26.263449734689733,1.560220524799142,888,0.9595100507716182,1,0.9181027287314482
fov0,352,5201.615566037736,11763.584905660377,29.200436226647323,23.77063794555557,0.48796137272386597,424,0.5807937020118512,1,
fov0,353,5205.040293040293,10873.62271062271,36.742277222905564,10.63660796767789,0.14781106744497977,273,0.9571803291959115,1,0.3893873751976526
fov0,354,5198.468468468468,12120.675675675675,19.298604875096764,7.85625977507623,-0.1787396452807284,111,0.9133882655028104,1,0.6085216124818171
fov0,355,5247.642270351008,10640.633308439134,126.34714980130886,41.79635362409093,0.16664194935027463,1339,0.943698897037181,1,0.37036068516773163
fov0,356,5209.889355742297,11101.333333333334,74.43713985294207,41.18546102405735,1.5556318284424102,714,0.8329874881362325,1,
fov0,357,5213.102094240838,11818.403141361257,57.82974897894055,11.53052444488257,0.7273635978742148,382,0.9799207400439762,1,0.6343578171440075
fov0,358,5206.487704918033,11928.168032786885,31.527290371503486,10.039367390471275,1.0008402668544,244,0.9479449679347239,1,0.7515491425612826
fov0,359,5210.40586797066,11658.146699266503,45.9548505109152,23.085852027699218,-1.5019635731472725,409,0.8646589001448421,1,
fov0,360,5230.308743169399,12513.877732240437,131.78572069212566,37.74772339099603,1.4821582769919694,1464,0.9581004016785856,1,1.2609369429363895
fov0,361,5221.231613611416,12205.700329308453,98.66035812371797,20.840435643371553,-1.4678215420344196,911,0.9774354910677625,1,0.80635541663624
fov0,362,5231.504378283713,11966.446584938703,94.44704777158124,32.00640147246226,-1.0622406103934843,1142,0.9408288959170233,1,0.8744039095464522
fov0,363,5222.895781637717,12055.007444168734,49.51169368682871,13.861801039700614,1.4868722479315066,403,0.9600086778773698,1,1.1371037931515438
fov0,364,5237.601023017903,10951.84398976982,51.306092927968734,13.79431064367603,0.898408507412379,391,0.963178426431965,1,0.4487006469352439
fov0,365,5227.896103896104,12359.679653679654,27.289581553948356,13.740672156287165,-1.4214793279669444,231,0.8639873703849511,1,
fov0,366,5245.31,11028.68,76.73316658320779,43.44906381170581,1.1335678080643612,1000,0.8242433200239517,1,
fov0,367,5230.858447488585,11436.721461187215,31.80571912572325,10.078393779940551,1.3625686496917109,219,0.9484677646089266,1,0.8975771968315165
fov0,368,5334.235069885642,11278.808313668542,293.5479445248817,116.98905199145055,-0.32991568184536885,5509,0.9171532400775468,1,0.40645653649738234
fov0,369,5243.580808080808,12008.267676767677,31.29480913531794,8.468013978567132,0.04369927118632725,198,0.9626951175297275,1,0.652877877991024
fov0,370,5236.356037151702,11484.216718266254,50.125239754643864,8.938707155725927,-1.4789546892172307,323,0.9839711955526083,1,1.2460909005696188
fov0,371,5293.399599542334,11623.855835240274,198.75910604616445,103.1209501089604,-0.903759568381754,3496,0.8548812130555911,1,
fov0,373,5242.759336099585,11216.950207468879,34.508841180385105,9.750798436867479,-1.3369919753041892,241,0.9592497951273598,1,0.8261608828360253
fov0,374,5257.551724137931,9243.134099616858,45.64349488681742,7.495838066094451,-0.007267470345769367,261,0.9864227778511226,1,0.48076824767523624
fov0,375,5294.282105263158,10592.453333333333,167.1280817773866,36.38456339949557,0.22766309808749183,1425,0.9760146914575034,1,0.2004263019398976
fov0,376,5264.156648451731,11392.783242258653,73.09917099288447,11.178009399061956,-0.8195882011945965,549,0.988239239749481,1,0.9714425663493977
fov0,377,5261.841642228739,11155.149560117303,41.62132587136969,19.893483377498566,-0.13459481341208196,341,0.8783795824129473,1,0.3476684042519079
fov0,378,5281.142302716688,11123.74126778784,61.82135834672936,29.49089572195372,0.12349737747409845,773,0.8788847890030913,1,0.2665348799878965
fov0,379,5279.650323774283,12477.358001850138,74.75397146999053,43.13599071118828,-1.0504843935674515,1081,0.8167162733500447,1,
fov0,380,5277.134235171696,12222.655567117587,109.31861425147842,25.27985336404641,-1.3784490512671763,961,0.9728945265572432,1,0.06995692437777765
fov0,381,5304.847608453838,11761.553503893214,170.72276912785242,87.38295102178907,-1.3784288286447295,4495,0.8590800672658553,1,
fov0,382,5380.609028309105,12600.287745473093,324.3253694807789,237.37107690892364,-1.3122732804800625,15684,0.6814208685316875,0,
fov0,383,5282.059322033899,10936.22033898305,34.437336357956994,19.852408583409062,0.6260565118066646,354,0.8171118137952469,1,
fov0,384,5280.82196969697,11870.549242424242,36.94908741904866,10.041169544594059,-0.9459536972883689,264,0.9623659314325157,1,0.6609952041327944
fov0,385,5280.4604316546765,11190.208633093525,21.478556227462214,9.03831482253966,0.40467568407263366,139,0.9071504497504329,1,0.46333233063358237
fov0,386,5290.545197740113,11074.457627118643,46.245467069114575,11.377765813254511,-0.8665817432271657,354,0.9692622492012015,1,0.32350564153997247
fov0,387,5297.834557235421,12346.68596112311,196.88967848543612,32.61042677128168,-1.5599885146922323,2315,0.9861883157105947,1,0.6734282023038601
fov0,388,5301.0415754923415,10512.969365426696,53.854137072853945,16.719986756319297,0.8764186275603673,457,0.950583828440697,1,0.6833527870749826
fov0,389,5298.782142857143,10559.339285714286,23.330573265547944,18.62556571059454,0.5088205132973201,280,0.6022163052744502,1,
fov0,390,5307.4322820037105,11973.052411873841,223.8253730300831,23.4329996458568,-1.5681388810660073,2156,0.9945045646455098,1,0.4513029281359121
fov0,391,5378.889558535483,11455.436643061625,243.17949447616937,172.25167450313998,1.3118752181605053,6637,0.7058800265433618,0,
fov0,393,5360.607393244105,10393.400573613766,160.8103586795059,105.8507887151215,0.22887609081247628,3138,0.7528137002052443,1,
fov0,394,5315.788177339901,10464.48275862069,19.46001038269157,18.72366112748572,1.3576334366801097,203,0.27248192631983736,1,
fov0,395,5341.702654867257,8407.364601769912,72.13543087610475,13.32042079975449,0.029198164315701967,565,0.9828027455449806,1,0.3326383940292002
fov0,396,5319.754545454545,11174.436363636363,20.881874965882897,7.272013059826766,0.22705408491480825,110,0.9374034720820482,1,0.4046065549001713
fov0,397,5434.746692392503,8319.870452039691,317.90694013539263,35.98840933928907,-0.3552810971112767,3628,0.9935717402603287,1,0.20546629973532168
fov0,398,5334.290436835891,12154.040141676505,199.7891871509625,28.68080975388358,-1.4094267142632777,1694,0.9896422874352236,1,0.990226164930256
fov0,399,5340.9137104506235,12466.977948226271,83.36342808351937,52.4578601555646,-1.078973171247141,1043,0.7771891367661141,1,
fov0,400,5331.721698113208,11027.58962264151,53.01784669530081,13.38136540049436,-0.6734545201318973,424,0.9676246527920084,1,0.2941051746739904
fov0,401,5334.130165289256,11093.826446280991,36.24013962447569,19.453230664437257,-0.06517666485834274,484,0.8437178850858167,1,
fov0,402,5321.148648648648,10073.653153153153,33.81805396036483,8.920445804597618,-1.5706233371128386,222,0.9645835199234347,1,0.7999987690731075
fov0,403,5327.794314381271,10125.408026755853,74.91793402102728,12.806350662244405,-1.427412582048838,598,0.9852817203589885,1,0.2648942068218948
fov0,404,5336.228813559322,10983.330508474577,35.30943110288627,10.058185016177458,0.20167605773054484,236,0.9585696327768723,1,0.524480291664019
fov0,405,5387.227598566308,10491.846326164874,129.75270624350142,73.36653614620509,0.22833053416818513,2232,0.8247938383891231,1,
fov0,406,5337.620689655172,10932.366379310344,38.148003554950265,10.514557748787912,-0.49689284810009776,232,0.9612651315762052,1,0.2989267892339759
fov0,407,5345.819101123596,9992.65617977528,85.05308359619073,22.552575394622387,1.4543947554618992,890,0.964204749772973,1,1.1948541171247635
fov0,408,5370.918032786885,10231.139974779318,85.44196280767785,26.657636388357428,-0.5086912677743686,793,0.9500830856650251,1,0.3116167001000671
fov0,409,5346.895833333333,10549.494791666666,32.66742664789923,8.485194423144819,-0.2150902566283749,192,0.9656772935836719,1,0.3067486720906465
fov0,410,5370.831680885404,11953.255937283837,237.6910995010306,69.62307798432974,-1.4350237622151056,4337,0.95613875635537,1,0.8067116536424978
fov0,412,5346.360360360361,10676.63963963964,16.464883668271195,9.533007136167107,-0.2229419809203434,111,0.8153344642887104,1,
fov0,413,5350.273948851322,12291.48981361075,213.02607300979395,19.75929432525002,-1.5692366446873758,2307,0.9956889358233325,1,0.6760177276067179
fov0,414,5346.580645161291,10795.395161290322,22.83884696722887,7.831536177898418,1.3336598980441403,124,0.9393703852807125,1,0.8589524513332852
fov0,415,5399.887496988677,11143.251987472899,182.57007088327074,98.51010625996034,-0.9121392650451798,4151,0.841938029395581,0,
fov0,416,5367.566462167689,11041.844580777097,53.322061325504976,19.062431191940124,-0.5185375696488168,489,0.9339146152951129,1,0.22175649874591583
fov0,417,5360.209016393443,12623.13524590164,31.76505186063163,15.604422709811695,1.0553021242364167,244,0.8710214439937585,1,0.6966133895355872
fov0,419,5395.239514348786,10159.708609271524,103.9641098092746,42.61263271975737,-0.9841778320088171,1812,0.9121402184769212,0,0.20008683898597854
fov0,420,5361.030612244898,10945.418367346938,30.07861197154163,9.31382427399134,-1.4196547252799363,196,0.9508508014000135,1,0.5669111228219554
fov0,421,5366.346153846154,10828.759615384615,24.341883534971274,6.87359982897954,-0.29106608776412174,104,0.9593033704292881,1,0.4489656868982077
fov0,422,5370.398692810458,12696.718954248367,23.624003621501334,8.425453046230112,-0.3501378795271609,153,0.9342388464053725,1,0.771467454386162
fov0,423,5380.726954492416,10093.232205367562,88.65526308649797,15.826796030959345,-1.1790422222762529,857,0.983936163653583,1,0.1891465138529955
fov0,424,5381.706319702602,10918.780669144982,44.2643749863118,8.039089810299252,-0.253883418350558,269,0.9833696486252171,1,0.3539280974669412
fov0,425,5456.471797884841,10652.267920094007,207.8873159011505,21.685308484863288,-0.34623144254468935,1702,0.9945445386083672,1,0.2899435597534599
fov0,427,5374.084905660377,12418.033018867925,33.8328749258239,10.266083285751666,-1.416313725301801,212,0.9528520940805896,1,0.6401808512706318
fov0,428,5391.948198198198,12628.174549549549,88.73336473173005,31.60003592621031,-1.2749032674077319,888,0.9344388993783924,1,1.157961095505787
fov0,429,5495.471977823309,10951.717849825238,301.0547315861315,170.26797102199347,0.8234554997908898,8297,0.8246992770471586,-1,
fov0,430,5394.588916459884,8273.550868486353,89.75451568017252,31.490968539392988,-1.157874218673475,1209,0.9364291817104344,0,0.37297996998849825
fov0,431,5396.631818181818,12382.857575757576,72.945792272804,17.369592911771424,1.1237410075837906,660,0.9712366124987583,1,1.2786932228698427
fov0,432,5407.311858076564,10325.833800186741,94.70284802377675,47.36849189821041,1.129897958514998,1071,0.8659213254255105,1,
fov0,433,5387.539823008849,10549.778761061947,19.340381505897597,7.980588646007936,0.0790246460575633,113,0.910894810616321,1,0.15399506478551878
fov0,434,5509.039289261671,10767.151418165766,262.43360634010963,171.1949489911066,0.3257295883498677,9061,0.7579297097941563,-1,
fov0,436,5404.630363036304,10608.498349834983,42.57164107633147,12.109671598856531,-0.37809854392029996,303,0.9586897039722726,1,0.1505930750987391
fov0,437,5401.6834532374105,10570.15107913669,23.69139543189866,7.7794047668753965,-0.037353901560163494,139,0.94455121053924,1,0.10707481802750753
fov0,438,5399.239215686274,12155.64705882353,30.60440723836821,17.269456873624936,1.0485953227606037,255,0.8255834357763833,1,
fov0,439,5402.776785714285,8615.808035714286,37.33375737895583,8.743375700650782,1.2855281456943373,224,0.9721896662945865,1,0.8993245383110643
fov0,440,5402.96186440678,10243.783898305084,29.724560226004684,11.266511811670355,-1.4168585796170532,236,0.9253842226134803,1,0.5217754035565133
fov0,441,5475.027142857143,8558.486190476191,183.3106057430885,31.42815438204411,-0.2157993188592889,2100,0.9851932487284697,1,0.41068737203077665
fov0,442,5410.950530035336,12109.349823321554,45.559684655463634,12.25408009291555,1.2093360392614623,283,0.963149218813426,1,0.9388820048103829
fov0,443,5411.515384615384,11627.8,22.768011889545445,7.437224559856329,0.2393083082236324,130,0.9451445619918438,1,0.6256365108449339
fov0,444,5430.74128440367,10990.4,73.33823661744754,13.29663679483262,-0.8692132580063172,545,0.98342679473885,1,0.34923076051422364
fov0,446,5428.174897119342,9963.137860082305,42.236168545294014,20.727603426191987,-0.12021752181341713,486,0.8712977123388036,1,0.5570461697450113
fov0,447,5442.974683544304,10204.099156118144,66.89744263302788,20.5561709616132,-0.559867517307896,474,0.951619510376372,1,0.3053998474579208
fov0,448,5468.954612337295,12141.9181663837,384.0780805610884,88.0584758438136,1.5615121596680126,8835,0.9733623166112393,-3,0.7480043218944642
fov0,449,5422.77570093458,10048.747663551401,19.523570677112403,7.395180250799602,-0.6138637340627182,107,0.9254858594748753,1,0.5998018122641998
fov0,450,5436.808510638298,10273.754352030948,50.58670593278925,15.378327821296821,0.19856055224217717,517,0.9526722258839927,1,0.5636858239943844
fov0,451,5422.238993710692,9206.157232704403,25.38668860953661,8.590930324814073,1.1587724840875862,159,0.9410012981933711,1,0.908627865022376
fov0,452,5426.0191570881225,12262.639846743295,28.497902440935665,14.3842654527725,-1.277403052627177,261,0.863266608395516,1,
fov0,453,5498.768472906404,8615.658045977012,178.0863317802382,48.09693055428883,-0.23314936098112551,2436,0.962838871321203,1,0.41246571152253103
fov0,454,5474.3420950908385,9760.28681870893,233.58493035179285,56.95801215774196,-0.9602481863950514,2587,0.969814761033192,1,0.3414740480914863
fov0,455,5491.210581639803,8220.583391730905,191.8198694750812,76.08207591514608,-0.22175135774337001,2854,0.9179772996952572,1,0.3532088706063342
fov0,456,5444.041791044776,8961.301492537314,56.760131489050146,12.685604773409363,0.1209667313094815,335,0.9747050791820195,1,0.6265510530927937
fov0,458,5441.942528735633,10557.080459770115,44.37305995610002,8.64329452370532,-0.1863477837644321,261,0.980845569306921,1,0.09021370018275252
fov0,459,5459.418505942275,9397.90492359932,156.0200765445808,105.53193387146261,1.4703477431861551,2356,0.7365347500373771,1,
fov0,461,5429.754237288135,9702.186440677966,19.07965851511687,8.20933812787649,-1.374945928995392,118,0.9027019044354126,1,0.4869826928828749
fov0,462,5437.10752688172,11325.06182795699,28.32009330288199,22.46539342247571,1.3561764872003528,372,0.6088740268113557,1,
fov0,463,5435.385714285714,12202.257142857143,20.310664989075406,10.322441865609779,0.5419948740713205,140,0.8612227582610895,1,
fov0,464,5510.257527504343,11747.32643312102,397.33943899213233,99.4300066319413,-1.2500283000760992,6908,0.9681839766706395,0,0.8467482978263369
fov0,465,5452.673611111111,8383.3125,43.22622211973165,16.479080049575384,-0.3465650261495113,432,0.924480727252893,1,0.22513261235942178
fov0,466,5468.712757830405,11635.089381207028,77.69808712908628,48.63685870423263,0.06500496181999588,1309,0.7798452053511459,0,
fov0,467,5487.385393258427,11538.566666666668,105.47969400240822,93.85067469893563,-0.5889540961456573,2670,0.4564460146773129,-1,
fov0,468,5452.979020979021,9873.798601398601,115.50201160654098,11.888993721332724,-1.1788046985338576,715,0.9946882690902091,1,0.6231347336164862
fov0,469,5448.192810457516,10805.460784313726,39.63298685188487,10.64362118262249,-1.0270289081945565,306,0.9632644618204814,1,0.6696889226843499
fov0,472,5452.396449704142,11265.355029585799,28.148875806806963,8.01089168414138,0.5528460074968045,169,0.9586492939794218,1,0.6962022665382519
fov0,473,5488.065524944155,12361.389426656739,227.11447717134786,46.26056192375718,-1.1685266253487028,2686,0.9790357890037178,1,0.5931747359705606
fov0,475,5464.472759226714,8158.293497363796,65.06549855791013,24.896716349532685,-0.9408014364249105,569,0.9238971779845317,1,0.24062037976693648
fov0,476,5494.658691062632,9556.828993666431,126.72801416196394,64.57980560645518,-0.6866439014428489,1421,0.8604151304891674,1,
fov0,477,5470.213903743315,8050.931818181818,49.50309951412596,27.345194751531576,-0.9343770177485001,748,0.8335834235844662,1,
fov0,478,5478.981981981982,10319.648648648648,77.53858221899137,46.354378965445584,-0.7352964304613661,1110,0.8016278317796373,1,
fov0,479,5495.881642512078,11296.149758454107,101.17908354110945,28.253409792724895,-0.49603500349080887,1242,0.9602208732459873,1,0.5463138740478601
fov0,480,5467.038043478261,9892.951086956522,22.550165881119373,12.878795155981303,-0.25728323838973094,184,0.8208682969923197,1,
fov0,481,5467.085294117647,11133.638235294118,34.6348710653437,13.67191310743019,1.5662192967239013,340,0.9187910794319162,1,1.2500592008184508
fov0,482,5470.578947368421,11481.347368421053,36.50487944129273,10.983971385259355,-1.1079114220752284,285,0.9536586956068634,1,0.47410920722036753
fov0,484,5490.9676511954995,9682.064697609001,68.05388153727968,25.850165603298286,0.2674826607956651,711,0.9250487059155791,1,0.7066002394815752
fov0,485,5486.965250965251,8092.214285714285,84.1493429386056,11.173037720308756,-0.8477905733903689,518,0.9911460317794389,1,0.4700798774555719
fov0,486,5478.878186968838,10432.59206798867,34.774140306540254,18.41066808438631,1.2408416329832133,353,0.8483501269760977,1,
fov0,487,5487.444444444444,9175.472868217053,52.462981380367204,15.425347610133821,-0.3571471656163157,387,0.9557982012831071,1,0.4680420707522754
fov0,488,5479.204188481675,10524.068062827226,23.599054315537558,12.006890404643638,-0.7609403122894162,191,0.8608924784739505,1,
fov0,489,5589.752548220166,10053.781401913126,298.0886958621794,277.0461966756014,0.12410044759268712,12754,0.3690523802506785,1,
fov0,490,5490.674657534247,8676.205479452055,43.45804762450944,12.916547659499559,-0.4406659294940663,292,0.9548094050920113,1,0.47051633485739613
fov0,491,5490.353260869565,9618.91847826087,36.30589610574637,14.054110210855193,-0.4290590662724296,368,0.9220366065761193,1,0.4707144439004918
fov0,492,5511.1536723163845,10473.538983050847,89.9864709022214,30.32939901879103,-0.7051413568417697,885,0.9414889007068017,1,0.21687884128935708
fov0,495,5509.927162367223,8742.148710166919,102.25338538878655,27.170245443637217,-1.0383570694171953,1318,0.9640516612633047,1,0.431212331123602
fov0,496,5489.14598540146,11365.324817518249,37.637161812273135,9.832854783218583,-1.4971324334160934,274,0.9652701212746536,1,0.8196828404858246
fov0,497,5498.018433179724,11444.889400921658,29.62416034041383,10.540929699034619,0.20150140262083943,217,0.9345537239967333,1,0.5578234035468844
fov0,498,5512.499095840868,9789.504520795661,61.25421950233945,15.480951367653262,-0.5879469529025282,553,0.9675361098553126,1,0.5950605251344544
fov0,499,5506.096273291925,11986.152173913044,26.288279383464435,17.526132599272668,-0.4857151144438013,322,0.7453351349028853,1,
fov0,501,5540.156536219817,11210.22481265612,127.47748724487624,27.15631093437606,-0.9103209245151773,1201,0.97704603181443,1,0.4750269233903401
fov0,502,5508.145914396887,11929.177042801557,43.64987829138735,17.705591937479632,1.3879194007224238,514,0.9140384641488675,1,0.9260829973433763
fov0,503,5513.844708209694,8900.80712166172,73.97262318311437,41.191594833120206,-1.1730760392567856,1011,0.8306136205546811,1,
fov0,504,5502.95652173913,8965.769565217392,35.19145865593338,9.668577397759442,-1.460957594932031,230,0.9615179379512667,1,0.5768964447596251
fov0,506,5517.955078125,11096.240234375,62.17975282389877,13.26075602227453,-1.1672424734965965,512,0.9769944223293847,1,0.971346404779037
fov0,507,5554.567062818336,7972.988115449915,141.3741831075483,16.39877380482882,-0.43142450096512963,1178,0.9932497350556534,1,0.40897939752377654
fov0,508,5546.1552734375,9824.498046875,96.82071768760895,50.627965917809526,-0.6329172142859684,1024,0.8523914200063275,1,
fov0,509,5542.29988851728,11129.936454849498,126.68500373530146,21.381324300872585,-1.0127919140457842,897,0.9856545196250928,1,0.8198684234225685
fov0,510,5517.535864978903,10343.472573839663,26.05478200956285,16.536422567201612,0.9275326024977281,237,0.7727758974038071,1,
fov0,512,5514.477477477478,9502.972972972973,20.177811251697886,7.342833961391483,-0.9723874046525259,111,0.9314355355937136,1,0.46847094894174657
fov0,513,5527.069716775599,12633.555555555555,36.13842665478656,21.940408444618143,-1.196753955820451,459,0.7946091689123413,1,
fov0,514,5528.21029082774,8117.055928411633,57.28782004655637,12.266849130096277,-0.993089895645342,447,0.9768059053518379,1,0.515350800584588
fov0,515,5527.79203539823,8366.035398230088,34.3351298924726,10.666177819442265,-0.23952045931424443,226,0.9505246579920452,1,0.046157224831452265
fov0,517,5527.249620253165,12171.523544303798,176.1792392606166,24.19878534709912,1.5690658887456852,1975,0.9905221318460165,1,0.7501311388923168
fov0,518,5587.3386727688785,8767.327231121282,142.81792181567724,25.78570045620714,-0.30808511359611485,1311,0.9835659042268697,1,0.4201254050703198
fov0,519,5526.078125,11339.75390625,37.351338239642715,9.956072584969391,1.111183791079969,256,0.9638205487611354,1,1.078658629127624
fov0,520,5526.119047619048,10388.871428571429,26.000512684070085,11.282358654532375,-1.3732868408091679,210,0.9009473999970805,1,0.2854980784338279
fov0,521,5541.478787878787,9304.29393939394,49.18965227368211,9.466080808343541,-0.6387688923231916,330,0.9813086454513008,1,0.4000317034786451
fov0,522,5547.497975708502,10579.271255060728,79.62008132985629,11.879954996958963,-0.8815376788479241,494,0.9888058280611534,1,0.4674471054426499
fov0,524,5544.735042735043,12017.442002442003,164.40828154565025,31.475594356191856,1.5214549765288403,1638,0.9815028078807232,1,0.1553187708755544
fov0,525,5624.963207455587,11575.348995243181,418.15685192247327,159.11582877079636,-1.253401577385767,10301,0.9247738878488156,0,0.3814277196854722
fov0,526,5536.882352941177,12694.385813148789,68.85003251391349,11.982284059594853,1.4760140032135372,578,0.9847395479307565,1,1.1024102770432986
fov0,527,5555.835858585859,10683.641414141413,60.992102433439904,14.13714467576767,0.7597037516056904,396,0.9727666873962318,1,0.6865412133123089
fov0,528,5540.856,9007.368,20.562876662202157,8.151413581401808,0.09672215153307746,125,0.9180718310267045,1,0.6400739503808341
fov0,530,5546.995033112583,7934.01821192053,32.42263517065766,25.85643259531971,-1.0800105993908122,604,0.6033441790886142,1,
fov0,531,5536.073619631902,9658.828220858895,26.344259179967818,7.97528749087565,-1.5486883916421366,163,0.9530752754829278,1,0.7447960481865677
fov0,532,5544.715384615384,8143.753846153846,21.083625338397646,8.513325961188,-0.30996662818669274,130,0.9148523529431801,1,0.4831036153267452
fov0,533,5546.5329341317365,9401.712574850299,23.353016539631145,10.809364583542202,0.7563875502275624,167,0.8864272072815925,1,0.9248347735877398
fov0,534,5548.346368715083,11437.603351955308,23.969910915653962,10.81902251142335,-0.016103276841018015,179,0.8923427168047051,1,0.4717691315469167
fov0,535,5565.176470588235,9052.008578431372,89.66528986616466,25.66620332163574,-0.7344814008671254,816,0.9581565842223626,1,0.2952510402251194
fov0,536,5546.116666666667,9500.275,19.974385838379078,8.609847033200813,0.7885911449351135,120,0.9023307213329438,1,1.0185033515780584
fov0,537,5546.231884057971,8951.830917874397,32.58543309709078,9.05497537916276,-1.568123309518964,207,0.9606145945011534,1,0.5004484276006109
fov0,538,5556.696476964769,10420.338753387534,27.817143526296725,19.370079184787567,-0.738478983193051,369,0.7177159177162964,1,
fov0,539,5554.327659574468,10373.79574468085,24.47193849015861,13.062150706658665,1.410726941175712,235,0.8456357831434426,1,
fov0,540,5562.734649122807,11264.51096491228,47.98464595962706,14.614147981576975,-0.7957713719881089,456,0.9524935247151232,1,0.1438654192243524
fov0,541,5569.348697394789,11338.86372745491,84.48120724369585,19.96273319672127,-1.2537955400180487,499,0.9716806548369065,1,0.6342479429128548
fov0,542,5683.458574529667,8393.043324891461,359.8352306900418,166.07295548552383,-1.0124623264430632,11056,0.8871272021136147,0,0.3718995543120696
fov0,543,5562.979838709677,10473.951612903225,33.79277574748402,10.217212899527055,-0.6896946970892506,248,0.9531972856066968,1,0.18812642578974892
fov0,544,5557.337398373984,9154.060975609756,34.04977019897323,9.479146038151049,-1.3553589750688049,246,0.960467859410777,1,0.3555901349171715
fov0,545,5560.156626506024,9572.099397590362,51.44388762258876,8.58479644179059,-1.3491229040444912,332,0.9859777383702907,1,0.7119005715843255
fov0,546,5580.525851197983,8014.059268600252,86.55216348126037,16.13656595042482,-0.7913591333525611,793,0.9824668297918774,1,0.4950087624264912
fov0,547,5562.058823529412,8064.745098039216,23.67280429092448,9.000732050759542,0.9456931732027514,153,0.9248985350119439,1,0.9203950504171616
fov0,548,5614.863784665579,8704.409461663949,111.4163054926885,26.54311122205781,0.16006435490840226,1226,0.9712078748415545,1,0.5232961440171701
fov0,549,5597.340425531915,8324.572441742654,96.55447443080985,27.38535893119016,-0.21861618560466164,987,0.95893497937665,1,0.2613932788190138
fov0,550,5570.0636942675155,8899.987261146496,36.666963419455776,16.201794126589885,-0.8407827238387824,314,0.8970822789329356,1,0.33493499000663984
fov0,551,5595.855692530819,10560.617476432197,151.31874983935265,68.04336264628705,-1.4128968692960684,2758,0.8931952310411923,1,0.3459332738325383
fov0,552,5570.390134529148,9104.72197309417,31.528154859556196,9.67861487414811,-0.7194510188432333,223,0.9517149233576302,1,0.2601030900751535
fov0,553,5573.913486005089,10211.287531806616,53.23557350217385,10.720215670540728,-1.069709490099384,393,0.9795145993582706,1,0.6926521907665448
fov0,555,5571.400763358779,8113.702290076336,28.578085666433875,15.333686250895264,-1.223241712795266,262,0.8438659859816338,1,
fov0,556,5577.511450381679,9627.709923664122,74.43248713633672,13.110742424929908,-1.4088017538154924,393,0.9843646347868025,1,0.48774204593785236
fov0,557,5639.769101123596,9204.865730337078,240.74883840436127,23.637459299130043,-0.8687227687106693,1780,0.9951683703678759,1,0.47283678669586715
fov0,558,5573.6291390728475,10290.874172185431,17.231255917170955,14.541813131234075,1.1550597107240006,151,0.5364679800968069,1,
fov0,559,5606.326988443236,7837.188987083617,127.01752456238344,38.02063608599271,-1.2439276683024354,1471,0.9541484615005097,1,0.7336587098158743
fov0,560,5592.295487627365,8636.241630276565,67.52610875895566,25.98557462933193,-0.8433148233416141,687,0.9229905443724036,1,0.3205298881602815
fov0,561,5597.332684824903,9894.389105058366,76.20276586937192,13.465463366964263,0.9880510199072338,514,0.9842637320755461,1,0.5134046435935776
fov0,563,5580.68115942029,9487.59420289855,32.326189059143125,8.989133464703198,-1.4335347694814775,207,0.9605591106473537,1,0.5705375730093221
fov0,564,5602.733333333334,11427.587096774194,43.37173044621789,19.855810272873512,-0.37417258652779894,465,0.8890524510707054,1,0.46365627631959583
fov0,565,5605.547548291233,10367.61589895988,110.14358627312812,37.720205457200876,-0.9689296657521516,1346,0.9395309768250459,0,0.20593922670886525
fov0,566,5587.46875,11823.91875,21.90470464773983,11.025545986266852,1.2863038932541744,160,0.8640875974781079,1,
fov0,567,5604.275650842266,8216.813169984685,90.32852126855825,17.91081220818516,-1.1985532414354254,653,0.9801443592455542,1,0.38094115201506595
fov0,568,5588.7405063291135,9344.411392405063,25.36708394335903,8.444408793563372,-1.042383381211583,158,0.9429662199492344,1,0.4619657982439111
fov0,569,5607.434648105182,9389.2969837587,130.88901661790047,19.10324142840154,-1.169050479326291,1293,0.989291979660793,1,0.4858884441944148
fov0,570,5625.143523920653,10895.234928043563,134.15994134445035,67.20196735964308,-1.320970739939901,2571,0.8654997605099927,1,
fov0,571,5598.066929133858,9557.42125984252,38.762861840152176,9.69018012626041,-1.208625630474475,254,0.9682494022977285,1,0.4415157360583061
fov0,572,5597.814814814815,11117.2,23.420817946727365,7.741824663509215,-0.6123133623992585,135,0.943787385324255,1,0.687651281494301
fov0,573,5600.336170212766,10850.07659574468,40.531903324370944,7.783985827161219,-0.9178895062811425,235,0.981385944740728,1,0.1503782907704679
fov0,574,5595.794444444445,11066.677777777777,20.060943398067423,15.28758172235906,-1.2135287035442806,180,0.6475099813218111,1,
fov0,575,5610.226804123711,9617.357388316152,48.009736795910726,8.738618708704585,0.5259014629859897,291,0.9832952663626745,1,0.9543093123083317
fov0,577,5615.846758349705,11264.589390962672,59.49568101727098,18.79127537637409,-0.6601007690781223,509,0.9488115730291182,1,0.371192485479444
fov0,578,5607.616504854369,10428.95145631068,24.643850389697754,11.892664494310255,-0.8969202667206627,206,0.8758511095277769,1,0.0980991521166705
fov0,579,5728.415072748079,11338.010871342161,311.3752608610219,235.5132084760608,-0.81980151868559,12234,0.6541503423153395,-2,
fov0,580,5607.06265060241,8111.28313253012,116.39088600356614,15.583102923783622,-1.4938720800134597,830,0.9909967485616797,1,0.7884498920791462
fov0,582,5612.973451327433,9294.044247787611,43.326644210423176,11.417447978546935,-1.0508867204529482,339,0.9646538651182278,1,0.5362781403012429
fov0,583,5609.554744525547,11907.78102189781,39.46809592328932,11.715368140648946,0.9178991775412314,274,0.954929919141865,1,0.5327271102304748
fov0,584,5773.966805700383,10510.696558915537,534.42096390727,44.90574117165327,-0.6352611605602807,5754,0.9964634858993359,1,0.12585490335185354
fov0,585,5631.7284144427,8026.221350078493,65.30461042366466,20.352775339183832,0.036669712087741405,637,0.9501939869043257,1,0.5102313179320745
fov0,586,5609.8794520547945,9707.312328767122,52.830348652908704,9.865638710795805,-1.5145305925766062,365,0.9824090134319176,1,0.76381716923595
fov0,587,5625.195418754474,9782.887616320688,99.02668856210246,38.26767693225707,1.5206240203275057,1397,0.9223153803223113,1,1.0165520604982021
fov0,588,5634.975425330813,10694.66540642722,68.88754183274062,19.519042150244324,-0.6888369775894422,529,0.9590176093799208,1,0.40934272010061334
fov0,589,5630.743902439024,8266.524390243903,45.39560495959989,14.715999614061655,-0.14575598173979742,410,0.9459980402423424,1,0.3964214158755579
fov0,590,5655.579764903442,9420.981528127624,213.1958606825645,44.2672833205212,-0.9688444606390427,2382,0.9782060130758963,1,0.13734045221397584
fov0,591,5645.398285268901,10453.262665627435,98.23337853020134,24.76889620198386,-0.6975950385743711,1283,0.9676898859420884,1,0.07352273628393015
fov0,592,5659.3375394321765,10486.927444794952,119.40503832282033,19.27595046618934,-0.6397884687985779,951,0.9868836236838581,1,0.13706262124198396
fov0,593,5618.482905982906,11068.205128205129,74.9326579982048,16.028377249077614,1.5332402363757787,702,0.9768547393069243,1,0.9168291959055694
fov0,594,5667.8349172826465,11156.515311510031,135.4196690985681,92.09668798633115,-1.0644127067689362,2841,0.7331346248935559,1,
fov0,595,5617.427350427351,11154.547008547008,18.156880291434536,8.27638158561736,0.9669582814807224,117,0.8900688082960426,1,0.8007169534062497
fov0,596,5636.609693877551,7898.581632653061,42.26765618888321,14.974916858720846,-0.42109101367031043,392,0.9351364190904106,1,0.5637176346695231
fov0,597,5628.858181818182,10288.414545454545,34.191221889907546,11.353088423397704,-0.3084276725042473,275,0.9432628859330621,1,0.6001920812167268
fov0,598,5622.427480916031,11614.87786259542,15.746434517343786,11.601603509361981,0.6070794809883557,131,0.6761363272807259,1,
fov0,599,5692.239407651173,9016.659399424105,234.61769322261307,63.93851267500564,-1.074465128766366,2431,0.9621495156990377,1,0.5893228957899029
fov0,600,5649.19012345679,7738.81975308642,81.54317796410527,36.08661874186684,-0.5268773117662192,810,0.8967457348594317,1,0.528134504626258
fov0,602,5660.137544982007,10267.10475809676,216.71790707261613,58.99819744057458,1.5071151708867525,2501,0.9622307986018371,1,1.2378621536436807
fov0,603,5646.498002663116,8989.657789613848,64.8480894846829,27.511321380649978,0.8808975119358833,751,0.9055485771622289,1,0.7892668322790836
fov0,604,5665.873278236914,8873.101928374655,139.86626164482487,22.897447638801268,-0.7923413073355127,1089,0.9865085766499356,1,0.1289350444237127
fov0,605,5655.245322245322,8220.950103950105,54.44199074210261,13.452864528864161,-0.5502059656305791,481,0.9689888199303608,1,0.3404112142654289
fov0,606,5640.916030534351,9042.587786259543,23.588838813639192,7.3309467593344095,-0.8276840740962759,131,0.950481770338941,1,0.43305261354848085
fov0,610,5648.271604938272,11012.728395061727,24.55448265488406,9.1813404633956,0.10395468659885597,162,0.9274621377907702,1,0.5449291000447175
fov0,611,5651.885931558935,8094.726235741445,41.98361887758678,26.42930824368594,0.9429157669838403,526,0.7769885150288448,1,
fov0,612,5691.763095238095,11249.355357142857,107.67601337796113,76.25505814345853,-1.257278310153719,1680,0.7060220659845544,1,
fov0,613,5660.823353293413,11863.342814371257,100.44544382369835,18.503219481229543,-0.9603388104023399,668,0.9828866024935414,1,0.8162255432346374
fov0,614,5712.862058647516,9549.43447037702,365.04663423470265,31.634318340484807,-1.171856886379479,3342,0.9962380941230928,1,0.15439146480308785
fov0,615,5652.534117647059,8642.64,26.02193161574362,21.551247354360143,-1.1043338880185758,425,0.5604392651565008,1,
fov0,616,5663.21875,11812.565625,44.12783690349883,15.195376894575745,0.26383937022464043,320,0.9388417120021585,1,0.5653466899987705
fov0,617,5656.452830188679,7982.487870619946,43.81213859545043,13.381618822330848,-1.088012759458657,371,0.9522139659190942,1,0.3105299680933577
fov0,618,5651.471264367816,11685.80459770115,33.117376206734676,7.146680248709672,-1.3051277537669517,174,0.9764379169110314,1,0.4330191067360584
fov0,619,5670.768802228412,9764.62859795729,152.65138364356707,15.9493379455395,-1.1826302739596533,1077,0.994526766690846,1,0.9564526005287118
fov0,620,5658.740331491713,7859.414364640884,31.63425872647641,19.090946460953926,-0.6538534610003118,362,0.7973708614202886,1,
fov0,621,5659.557823129252,10744.272108843537,26.75841331826134,7.687839123809038,-0.4757658232468689,147,0.9578390020412784,1,0.2433095672976388
fov0,622,5655.847290640394,9855.980295566502,27.65447845807198,10.753541925364065,1.4889105081416203,203,0.9212995832937199,1,0.8616562858320119
fov0,623,5662.866396761134,10386.975708502025,31.059379367338735,23.868899604298406,1.5552623880533303,494,0.6398588140341991,1,
fov0,624,5720.195383347073,8194.856141797198,171.68824283907693,90.16421353806089,0.5709133560168702,2426,0.8510020152201497,1,
fov0,625,5661.056818181818,8757.789772727272,30.871539147035502,8.37247756702935,-1.1511465583326699,176,0.9625219578133438,1,0.5414107949135112
fov0,626,5836.782360076243,10535.40027724831,470.7640154890648,69.78677581839787,-0.6245057652581446,5771,0.9889511869197617,1,0.38666004669471676
fov0,627,5663.729166666667,10789.49074074074,50.06129306051123,13.869341041414065,-1.2372142067208165,432,0.9608563104321828,1,0.2564518882437865
fov0,628,5833.617435350573,8565.74633431085,374.21185316889654,121.60458311334258,-0.24454216400175594,7502,0.9457271191310612,0,0.3617843054570973
fov0,629,5694.164383561644,9491.917808219177,321.3257321443264,23.13909889541158,-1.1697695490172226,2190,0.9974038128357785,1,0.1616711252124392
fov0,630,5739.926610003269,10931.38640078457,207.80509129773978,175.28548092745478,-0.07186649959411792,6118,0.5371149184582413,1,
fov0,631,5666.336734693878,10520.308673469388,30.39491148372417,17.966931926746362,-0.8459891859540376,392,0.8065862335603595,1,
fov0,633,5668.719943422913,8291.96746817539,87.71860496737209,26.141043107178362,-1.258018789999341,707,0.9545626709950685,1,0.5050600072563817
fov0,634,5691.698713608666,9910.37779282329,115.65880496239993,59.62406045000529,-0.5611780070698863,1477,0.8568794538294328,0,
fov0,635,5674.904347826087,7758.368115942029,31.474631209331672,20.092712839364832,0.2626391678205279,345,0.7697230021394011,1,
fov0,636,5702.721084670725,7677.509684560045,101.88818405641474,61.1068539391016,0.04919782705424072,1807,0.8001917382804529,1,
fov0,637,5674.22891566265,9307.15421686747,41.06307277159999,14.915271769332085,1.046352127147474,415,0.9317001517777169,1,0.9246281815247865
fov0,638,5672.636363636364,11032.970674486804,27.65470146914144,20.450284206056512,-1.3082029329234317,341,0.6731711563197057,1,
fov0,640,5671.235849056604,7822.7830188679245,19.754370643203064,7.076991960929307,1.3446491391851643,106,0.9336259144612958,1,1.205805619479734
fov0,641,5684.917874396136,10015.816425120773,36.054160809821866,7.619650538849219,-0.2592541064755099,207,0.9774128217789534,1,0.6036398627138616
fov0,642,5704.947791164659,10661.664658634538,73.13465333130844,10.991128686905304,-0.20242536834264566,498,0.988642533953174,1,0.5103273600248643
fov0,643,5731.051612903226,8853.91464019851,195.73023277995875,43.40683127332807,-1.00290342729725,2015,0.9750993087019647,1,0.185487381914578
fov0,644,5679.160550458716,9453.899082568807,22.82543810970035,12.291645663439756,-1.2474476710674725,218,0.8426213873932695,1,
fov0,645,5698.319935691318,8358.043408360129,47.44470658924734,18.53095343540014,-0.13423747146965073,622,0.9205689896240761,1,0.35719530645426684
fov0,646,5682.578475336323,10718.080717488789,23.835269175504546,14.491068477307511,-0.730007148513123,223,0.7939619299714583,1,
fov0,647,5687.556451612903,7882.701612903225,23.209460347430515,7.236126941076779,-0.1368622968051723,124,0.9501559967282733,1,0.47869062382276667
fov0,648,5684.315151515151,8613.036363636364,25.031501581329252,9.737540989651425,-1.1636782868401228,165,0.9212329149400119,1,0.502951716798643
fov0,649,5683.761904761905,9096.707482993197,18.994308292021998,10.813887545229296,1.3178770482877933,147,0.8221142641140337,1,
fov0,650,5693.722222222223,9194.636752136752,37.917961083085856,8.134158009280176,-0.7774510593218775,234,0.9767196135895231,1,0.4771925512104068
fov0,651,5696.970954356846,11306.091286307053,41.8846783469603,9.161524400882001,0.6707078800898193,241,0.9757849458844609,1,0.7108918934435645
fov0,652,5707.91717325228,10273.318389057751,90.71352962695742,38.61160120633434,-1.51328444598837,1316,0.904891058159196,1,0.8373865767197108
fov0,653,5710.125,8092.291139240507,48.84120161701704,26.19680522201112,-0.3399104997496727,632,0.8439849048573512,1,
fov0,654,5708.495429616088,11798.745886654478,38.54938109875823,30.95643877967117,-0.07948801018331711,547,0.5959340845614864,1,
fov0,655,5700.246951219512,7821.286585365854,54.69454506068227,8.595081149269143,-1.150665379129164,328,0.987575229990725,1,0.6465107262575882
fov0,656,5702.548672566371,10498.814159292035,19.872036609055264,7.564366001911425,-0.48937658951083346,113,0.9247176293392089,1,0.16877158898700048
fov0,657,5706.302816901409,11337.450704225352,24.437909899776646,10.426846554058443,-0.007930517835245083,142,0.9044088572511954,1,0.4009511362157531
fov0,658,5703.070063694267,7949.713375796178,25.278539351085747,8.288425181501628,-1.52052574802036,157,0.9447180379018799,1,0.4646149129052861
fov0,659,5714.836849507736,8762.239099859353,49.93009200681728,23.124740455807267,-1.4746493175072883,711,0.8862839036796158,1,0.6229637929269227
fov0,661,5715.393048128342,8014.729946524064,53.61667011779974,12.488673879903232,-1.141680779589841,374,0.9724946523577577,1,0.34229047457121725
fov0,662,5720.50702247191,10140.053370786516,60.22885581539634,16.795877006607032,0.8131613253799189,712,0.9603295563084079,1,0.7403873896951997
fov0,663,5726.737851662404,10197.528132992327,80.41887015048319,14.796143039117627,-0.8290801093712926,782,0.9829284060000822,1,0.7360069619484315
fov0,664,5730.584818481848,10748.304290429043,168.27175931493537,48.54667325081044,-0.9730331224148471,1515,0.9574794106469995,1,0.23991292242981688
fov0,665,5712.627358490566,9265.533018867925,33.259525940335074,9.35356784777816,0.9475550189799182,212,0.9596404707414871,1,0.9119680019105499
fov0,666,5715.669376693767,9084.533875338753,28.98710120430966,22.177581325944754,0.9319897779618405,369,0.6439299143066535,1,
fov0,667,5743.607205934299,10389.454962910633,142.92886281884086,66.65167383122213,-1.1273913478125268,2831,0.8846121001701343,1,0.2117330996458956
fov0,668,5732.6773109243695,9824.04705882353,66.61062818222999,13.68130808786693,-0.6301054791461641,595,0.9786797309000888,1,0.7457091526781418
fov0,670,5732.821782178218,9946.993399339934,54.109445362258235,7.657841625889117,-0.10697656466935279,303,0.989934675608531,1,0.5378125624682927
fov0,671,5741.150442477876,7757.674336283186,65.27423779792693,16.273241317977146,-0.28827124263684334,565,0.9684248315761232,1,0.3963779403513518
fov0,672,5727.48132780083,9774.979253112033,39.62926546922611,11.648310043882315,1.4053139315234158,241,0.9558263271728172,1,1.1367280838302958
fov0,673,5724.038961038961,11095.344155844155,25.265209929428778,8.54380132883893,1.5561038921883916,154,0.941086955220884,1,0.31123059257805863
fov0,674,5728.857506361323,8169.534351145038,47.39506753642699,12.683260403795797,-1.427214370897551,393,0.9635280986163661,1,0.3352596671979985
fov0,675,5731.658064516129,8691.09677419355,24.092585948414495,8.373785809935963,0.3169575550682553,155,0.9376551810320165,1,0.6883895538794135
fov0,676,5739.434576672587,9220.296625222025,225.58119737427796,36.83840499517698,-1.5164566110436042,1689,0.9865757288379725,1,0.6707725838879145
fov0,677,5742.385,7866.955,71.98116930985296,13.433810508797666,-0.7392381140344946,400,0.9824303665974161,1,0.26506611978950106
fov0,678,5753.912126537785,11057.421792618628,61.21572675340733,28.208962219506446,0.39811309476990625,569,0.8874975990759669,1,0.4660579124195182
fov0,679,5737.715827338129,7631.96762589928,27.68665370780767,20.86260494728722,0.22086583416062738,278,0.6574184577678694,1,
fov0,680,5741.858461538462,10482.870769230769,39.10903401979856,18.401012386681536,-1.096402638338703,325,0.8823971055769183,1,0.2222876636285336
fov0,681,5777.992149165849,10261.974975466142,151.6575666383719,71.33552101819014,-1.092771429007773,2038,0.8824680636436314,1,0.15719630362587436
fov0,682,5739.713483146067,7796.730337078651,24.16932685842325,10.036805554943959,-0.7461864778042591,178,0.9096980330224743,1,0.24889642213759466
fov0,683,5733.75,7829.43125,29.942802491858583,7.413025963366615,-1.5086427321380926,160,0.9688692724943573,1,0.7682262563186778
fov0,684,5741.647577092511,10003.947136563876,24.38709864489698,12.433950107385646,-0.37786343545161305,227,0.8602587531062013,1,
fov0,686,5772.603157894737,10761.929473684211,128.3625800827587,13.380672510162757,-0.872890010729871,950,0.9945520434564479,1,0.15159147170341222
fov0,687,5754.200680272109,9756.772108843537,50.04541039362448,11.560928021077567,-0.4603917945383644,294,0.9729516711755382,1,0.7036728422573458
fov0,688,5880.408110440035,7806.495685936152,383.80292942025267,20.29168131340175,-0.6190171813287947,2318,0.9986014006950148,1,0.21640429187810029
fov0,689,5757.516483516483,7980.903296703296,36.64382358196341,20.964317188445996,-0.400113627409978,455,0.8201765333787483,1,
fov0,690,5752.697802197802,9014.098901098901,27.929670320103376,10.687746474264445,0.20599713006644466,182,0.9238865861822746,1,0.5767662759749138
fov0,691,5770.105333333333,8917.502666666667,101.31696744950992,18.026530576145916,-0.4914031981669346,750,0.9840445700926608,1,0.22632284140332204
fov0,692,5751.379661016949,9586.515254237289,41.87852574435264,10.44441756479852,-1.1516749239480912,295,0.9684010911359155,1,0.08022380149873935
fov0,693,5790.463841368584,9900.867418351478,160.3600573804823,96.79598835598831,-1.4431599705164198,2572,0.7972747532961333,0,
fov0,694,5760.348525469169,8123.820375335121,42.33761375835468,15.502475753936869,-0.5588509107702141,373,0.9305506528620333,1,0.33798771185205045
fov0,695,5755.93063583815,9069.462427745664,29.117336983983698,8.20053339966487,-0.8930924016496118,173,0.9595208857065893,1,0.665939628374448
fov0,697,5755.634980988593,10637.570342205323,36.42832549909314,9.598694294136354,1.5658819439295666,263,0.9646606666239836,1,1.1174885694071974
fov0,698,5810.820685434516,10402.359853121176,155.94089545173816,25.510169553546625,-0.7744799022483762,1634,0.9865286284422208,1,0.1280656331665957
fov0,699,5769.745387453874,11713.250922509225,34.98034796758146,10.809930935870351,-0.5881029944012809,271,0.9510527176771654,1,0.32627954674211435
fov0,700,5766.715439856373,10118.046678635548,99.75979642723283,19.373002996375003,1.5017296967420244,1114,0.9809626499498529,1,1.0246853961613136
fov0,702,5777.731958762886,7647.424742268041,44.6111957048492,14.903643388803758,-0.35854611309131473,485,0.9425452377558646,1,0.2749466150972418
fov0,703,5936.287737109271,7907.4360138925995,451.59399468322397,43.05798346064926,-0.706090291487221,3743,0.9954441283027584,1,0.05823028485555399
fov0,705,5773.600790513834,9647.616600790514,40.256492339199795,8.707770485348279,-1.2900127165645987,253,0.9763253457569173,1,0.7154427244088813
fov0,706,5794.469441984057,7534.9273693534105,103.80612026260859,17.169879302181585,-1.0007882229835574,1129,0.9862260056225528,1,0.2334315984145516
fov0,707,5800.49786628734,7916.357041251778,98.38900844753111,25.375781508319346,-0.8107889461829711,703,0.9661682069436218,1,0.2798591458079288
fov0,708,5784.027237354086,9514.256809338522,39.981133013877205,8.395285991289672,-0.5553607436881783,257,0.9777054253501667,1,0.3093637377015358
fov0,709,5777.076923076923,8886.615384615385,15.164791679460908,9.357753729235174,-1.031383854816267,104,0.786907450185403,1,
fov0,710,5780.246305418719,9328.504926108375,48.62765508565527,12.333454544651385,-1.3619460467522932,406,0.9673011886622963,1,0.8453404793766895
fov0,711,5784.108108108108,7781.8378378378375,25.54223068844785,7.5668341365705825,-0.5549751307086424,148,0.955111059975606,1,0.23363191885930445
fov0,712,5828.441558441558,8943.135435992579,121.05084677385722,39.57350576383324,-0.5938417843362306,1078,0.945053265338533,1,0.29423253066416877
fov0,713,5786.242253521127,11667.157746478873,48.44600334246744,10.256280543742019,-1.1580535896760422,355,0.9773335271894339,1,0.38546605873381645
fov0,714,5780.903846153846,9233.35576923077,18.233176449409044,7.4001902020322365,-1.1140487335603082,104,0.913933477467508,1,0.8493872704959285
fov0,715,5856.126585695007,8665.341160593793,258.56610849904024,84.15000453246535,-0.47565384138223826,3705,0.9455596977523048,1,0.2465451092051385
fov0,716,5786.456066945607,9016.778242677825,37.2231407251092,10.470760630874937,1.4888857365305952,239,0.9596207351110344,1,1.1183655081311914
fov0,717,5784.398230088495,9761.115044247788,22.932549119290524,6.962885618538041,-1.115234925533779,113,0.9527917473340686,1,0.9707186508885833
fov0,718,5786.803921568628,10651.127450980392,20.05359870546686,6.671397354854882,-0.6602472937214161,102,0.943040370887244,1,0.5713090283280815
fov0,719,5797.172897196262,11039.964174454828,89.96018779573004,16.44321066072622,1.1373463770998504,642,0.9831532450070707,1,0.20642647858382102
fov0,721,5796.720812182741,7741.984771573604,22.346530245518423,17.056818038605424,0.6752698836836443,197,0.646059454322094,1,
fov0,722,5795.325581395349,8117.372093023256,26.90497655131203,9.846579071566637,-0.9098668191968874,172,0.9306242397741258,1,0.223670845653965
fov0,723,5802.539534883721,7816.153488372093,34.9797515868113,8.190531079756413,-0.30354885722893743,215,0.9722003289856326,1,0.42562389276844664
fov0,724,5792.915343915344,11089.195767195768,29.053170065439467,9.497994578508738,1.374421702643886,189,0.9450528233721359,1,0.28550465463194497
fov0,725,5809.257534246575,11207.35890410959,46.60228408435162,25.22030621269996,-0.4167641017985603,730,0.8409056430472026,1,
fov0,726,5884.107203907204,10271.854945054945,266.6114990876366,68.50766100165636,-0.7071883109986794,4095,0.9664228670304228,0,0.23314379710178598
fov0,727,5798.120535714285,9695.964285714286,40.119693647343425,8.828534761276483,1.5356060475631135,224,0.9754874912109895,1,1.092517925488869
fov0,728,5815.027158098933,9143.941804073715,121.66653319617264,35.901329928001964,-1.3360897970459504,1031,0.9554726277889554,1,0.8248165763783797
fov0,729,5800.135,10819.66,32.617902068787245,8.280776813258806,-1.211992075927565,200,0.9672377852524863,1,0.310354087083345
fov0,730,5814.489417989418,8854.817460317461,38.47862336974805,19.67092464068075,0.22859596280559008,378,0.8594517006464505,1,
fov0,731,5851.512710347297,8406.671321160044,251.01239707547415,49.68861849474,-1.1927748903759012,2793,0.9802115437920886,1,0.528388174839374
fov0,732,5807.128048780488,9567.893292682927,34.09571461431202,13.292714337468222,-1.2019970245110736,328,0.9208721645316751,1,0.18379203847753264
fov0,735,5820.076512455516,9058.846975088967,79.32261907542765,15.246784798876718,-1.3184107560547949,562,0.9813533631036881,1,0.8201527063265174
fov0,736,5822.426229508197,9001.914754098361,39.20905990271095,10.356611082415302,-0.7045877490156501,305,0.964484838418853,1,0.6138777416183281
fov0,738,5814.297709923664,9618.282442748092,22.406811495882405,8.338488667037202,-0.8672513613660058,131,0.9281762913987299,1,0.6197480492628248
fov0,739,5813.8793774319065,10127.642023346303,34.86102783677211,12.726909400152612,-1.2962503458163646,257,0.930977890472512,1,0.9715667107674386
fov0,740,5885.326419753086,9224.816790123457,256.6848317511201,38.26951194342092,-0.9759056502501783,2025,0.9888234127718382,1,0.6992326526262821
fov0,741,5816.361904761905,8628.87619047619,16.033031695520844,9.292653761159967,1.4382936503214139,105,0.8149051778865376,1,
fov0,742,5828.096579476861,9515.915492957747,39.8193701557439,22.55592937558067,0.02102527650042117,497,0.8240918430478236,1,
fov0,744,5834.27842435094,9958.48254252462,79.82281169225632,33.36916941401012,-1.4427047471653243,1117,0.9084283828206962,0,0.3704054367904608
fov0,745,5835.920978363123,10853.800564440264,134.82419162549428,24.940271363683635,-1.3172365085840505,1063,0.9827415980007217,1,0.3547094629723986
fov0,746,5875.950544844929,10671.73386420788,192.1814200263444,61.7521435427362,-0.7690354842938255,2386,0.946969950803147,1,0.5374413036747476
fov0,747,5830.825396825397,11034.38253968254,58.855735028080986,24.877451115052388,1.1948392793793985,630,0.9062765465611364,1,0.6407983616614968
fov0,748,5823.924485125858,7758.0778032036615,54.05021441505205,13.917605019384558,-1.3930885251795,437,0.9662799017134525,1,0.38036084106837575
fov0,749,5826.763819095478,9275.165829145728,21.595298840202688,16.715443571306377,0.4886570037258688,199,0.6331469753645453,1,
fov0,750,5881.000626174076,7435.201001878522,157.20396456597976,21.187426466846617,-0.7127373240055939,1597,0.9908760012682053,1,0.2137347096819825
fov0,752,5908.185277294206,9687.501616513306,207.57142518301828,117.58278080962174,0.7122273021682594,4021,0.8240830387797674,1,
fov0,753,5835.937888198758,9799.416149068324,27.598747425398823,8.23253730196774,0.5765691462256524,161,0.9544740773913296,1,0.6095506172712384
fov0,754,5857.902048085485,10050.720391807658,102.66597155513033,47.75658101278219,-0.2487529523667834,1123,0.8852241782654662,1,0.5914888746864386
fov0,756,5833.111111111111,9737.468253968254,19.107879567945506,9.047092668851713,1.2155435072395346,126,0.8808075556926538,1,0.8316608732592176
fov0,757,5854.25,8880.419724770642,57.86835601422584,11.008911752360868,-0.2443018212035153,436,0.9817374942657271,1,0.503118183178358
fov0,758,5840.528634361233,11081.629955947137,36.99839582958853,9.74196361218587,0.862002469468633,227,0.96471189451918,1,0.5775641128356205
fov0,759,5872.1286254728875,7766.596469104666,125.23859149573217,10.715223450201169,-0.8438935788473653,793,0.996333150408671,1,0.1578188542084499
fov0,760,5841.503105590062,7689.621118012423,27.34027284387044,8.052704012453491,-0.9292896773202902,161,0.9556402785327474,1,0.18720506790111652
fov0,762,5845.114361702128,8162.460106382979,55.091257648608504,11.548026107239885,-1.3403962843516382,376,0.9777837198701751,1,0.2919119817771197
fov0,763,5845.282945736434,10962.341085271319,32.750535844624956,13.338045340657292,-1.146262453375392,258,0.9133114187558229,1,0.9258053746842962
fov0,764,5844.945098039216,10220.082352941177,38.614652919079965,9.856165435210613,-1.1109976623773492,255,0.9668766252108947,1,0.3033735093932068
fov0,765,5853.208835341366,8762.437751004016,25.58373067412913,19.454975279523662,0.9620280387046496,249,0.6494043923502053,1,
fov0,766,5850.175213675214,8097.581196581196,21.706188674177962,15.0760546833462,0.6302757040173499,234,0.7194434876020139,1,
fov0,767,5846.196078431372,9199.274509803921,24.3413894994499,8.560593567863602,1.5448503909369,153,0.9361169810838756,1,1.212100166093434
fov0,768,5869.450617283951,9339.216049382716,87.71515602160257,10.298333445176818,-0.8736223096167736,648,0.9930839355784794,1,0.5514124272654959
fov0,770,5855.3884892086335,11000.021582733812,17.65487767854681,11.435696114033183,-0.9345436425669381,139,0.761865045984337,1,
fov0,773,5865.631205673759,8207.539007092199,46.65720493806778,9.25584636221894,-0.7764229999431184,282,0.9801252268158795,1,0.34258234024676976
fov0,774,5878.66452991453,10381.720085470086,75.92292883381229,11.080354608887422,-0.6526180627968912,468,0.989293127519537,1,0.12714101507936262
fov0,775,5865.552870090634,9165.181268882176,35.0415164551825,14.49509464522901,0.20947888377798976,331,0.9104337602102333,1,0.6767967501697834
fov0,776,5867.687344913152,11183.5682382134,40.11405282950785,15.932032831215242,1.060937707691156,403,0.9177457647661894,1,0.16666296053146482
fov0,777,5952.1441372735935,11411.27111534795,333.7177271179351,74.31515400763683,-0.8730687308999474,5245,0.9748896142590007,0,0.722494213087978
fov0,778,5869.625,7710.393181818182,59.77872600828329,10.956048156464075,-1.041457935517802,440,0.9830613653416189,1,0.148684577116979
fov0,780,5896.644466209598,10718.550440744368,78.99569227325512,58.61960400782409,0.8551545816691227,1021,0.670332617358406,1,
fov0,781,5868.183734939759,8719.876506024097,36.78689800051665,12.795433536498125,-1.3156304130012426,332,0.9375591651105541,1,0.4714296814667625
fov0,782,5951.759504862953,8672.07338638373,165.84089354332716,38.40183183631686,-0.02374297485370493,2262,0.9728210336928484,1,0.516088438462059
fov0,783,5870.315476190476,11026.511904761905,19.378463407698135,12.294966410706646,0.8146402377915,168,0.7729511844435386,1,
fov0,784,5875.514018691589,9934.598130841121,30.219164308858296,9.99766476323793,-0.8153863758309076,214,0.9436873677851304,1,0.24774925051950922
fov0,785,5874.365781710914,11255.530973451327,40.88131287921912,19.04973886741214,1.356311401092894,339,0.8847969960218063,1,0.6389409154682852
fov0,787,5877.581699346405,11116.333333333334,27.937087085328397,7.946755988894596,0.5204370766119151,153,0.958690329249537,1,0.49329050612406045
fov0,788,5901.454018227009,10844.616404308203,74.4695803532094,54.561165519801214,0.48473099418074383,1207,0.6805907435652234,1,
fov0,790,5879.44630071599,9785.935560859189,39.217920946171546,17.117580187581382,0.7645930522501945,419,0.8997171506944102,1,0.6641579692700182
fov0,791,5876.226415094339,11330.301886792453,16.659411867850075,8.513958663474495,0.0863762255555764,106,0.8595450534077159,1,
fov0,792,5883.020588235294,8983.00294117647,33.48243201646345,21.705023868722108,-1.5369572443299242,340,0.7614266167081564,1,
fov0,793,5902.709852598914,10977.68580294802,88.27735790511277,75.32387827994584,1.1388542596754083,1289,0.5214794359964368,1,
fov0,794,5881.949416342412,11065.36186770428,31.467713029004745,13.013799902870783,-1.3396478526335631,257,0.9104766871110036,1,1.0681379028653617
fov0,795,5886.11743772242,10610.814946619217,30.860378183659023,18.993353573344518,1.436055543296835,281,0.788167483849758,1,
fov0,796,5883.983606557377,10182.057377049181,19.47086112527715,8.160826239524466,0.018097123129935708,122,0.9079261322315091,1,0.4375004676988471
fov0,797,5895.311377245509,10793.553892215568,44.023013188184066,10.930067137650125,-0.04668243157591723,334,0.96868811523607,1,0.44908469680185764
fov0,798,5893.093333333333,8150.013333333333,48.5443159503466,16.589168153467977,-0.4363247645246039,300,0.9397972817497082,1,0.3076233877902746
fov0,799,5910.140747176369,8208.334491746307,137.91616816327036,14.193217618744377,-1.1339141233173373,1151,0.9946904728560209,1,0.8684845485552644
fov0,800,5911.246103896104,9090.0,92.72436680898781,65.41461668831202,-0.8850370311528324,1540,0.7087359431584194,0,
fov0,801,5892.5451612903225,9744.425806451613,44.92737481132611,9.032769792685757,-1.047927403404524,310,0.9795804274102632,1,0.9011820745764505
fov0,802,5923.7640144665465,10315.433092224232,125.39133109955915,28.47632949495939,-0.5285232950638028,1106,0.9738715220203369,1,0.49152766157655386
fov0,803,5900.90036900369,8952.147601476016,40.73924489505395,12.172130808732572,0.5198134563737016,271,0.9543215616229582,1,0.6216812268529844
fov0,804,5905.966666666666,9507.233333333334,40.40861154695106,8.373881455179037,-0.21439928607027656,240,0.9782922247483217,1,0.5751110576538324
fov0,805,5899.981042654028,11221.78672985782,22.67122733440196,13.3353559244908,0.03095738868860859,211,0.8087110083903075,1,
fov0,806,5902.124378109453,7844.741293532338,29.305573677230473,10.2488583556079,-0.6231375757337959,201,0.9368528280980778,1,0.06077901975045157
fov0,807,5896.125,9362.9,17.473836658015706,9.251398044745443,-1.1992715191032854,120,0.8483456009435218,1,
fov0,808,5912.433486238532,8288.233944954129,51.609913705784535,14.782293789824308,0.3708650977161291,436,0.9581031051482262,1,0.5764926676121729
fov0,809,5905.570881226054,11044.061302681992,30.610798216170405,11.728220733540033,0.5375554302965665,261,0.9236902905148567,1,0.5050212274534016
fov0,810,5907.315789473684,7549.348684210527,26.142600895592512,7.668965599884673,-0.39145687793298045,152,0.9560047190404409,1,0.17533854868325813
fov0,812,5938.671106557377,11096.156762295082,92.0490185663423,39.14707652194876,0.6774230030942898,976,0.9050594342383326,1,0.533915168926005
fov0,813,5921.79,9009.11125,65.89834935440429,28.870121706790286,-1.2862523084140887,800,0.8989258371185364,1,1.0810517185221458
fov0,814,5905.928802588996,8065.022653721683,46.715468849578606,9.346074938078988,1.5614902081554705,309,0.9797828686764734,1,1.2146105585749123
fov0,815,5946.828775267539,7628.462544589774,99.65902338293309,24.438257486529096,-0.4669622382435806,841,0.9694677831824203,1,0.13709322948238917
fov0,816,5915.027322404371,11198.437158469946,31.860237420923447,8.194218956234845,0.9013667245760921,183,0.9663601501239347,1,0.16349612847719752
fov0,817,5977.278416347382,8793.300638569604,199.33654406196464,86.47492422096077,-0.7642713435921733,3915,0.9010025924116118,1,0.16689205247346234
fov0,818,5913.592,9946.576,21.763717009566015,7.625272580539467,-0.839464273422095,125,0.9366127638585802,1,0.20282445372945063
fov0,819,5921.684210526316,10116.87306501548,38.07114694738988,12.884965195726501,-0.14490575872170613,323,0.9409864032215087,1,0.29190725958551367
fov0,821,5914.723270440251,9909.553459119497,26.294519452662513,8.985324577212788,-1.3320037752426062,159,0.9398023436565752,1,0.2547320421264523
fov0,822,5915.533333333334,10891.104761904762,17.37738195475539,8.283367074727941,-0.7185006158959556,105,0.8790794905094983,1,0.417305561273948
fov0,823,5917.083916083916,8104.146853146854,22.92971055989722,9.159504553802256,-0.743686673763603,143,0.9167505798746988,1,0.7972047222306081
fov0,824,5946.717138103161,7457.890183028287,70.1320835626472,14.11826992028481,-0.2833327180785605,601,0.979527640086804,1,0.3383069734441423
fov0,826,5921.453038674033,8926.259668508288,24.51897308909665,11.88079723179323,1.5675858867309815,181,0.8747606563334599,1,1.0367294172451902
fov0,827,5932.301822323462,9319.514806378133,96.75333675290118,40.71748906289893,-1.264485808601268,878,0.9071357700408037,1,0.629573377942303
fov0,828,5975.393939393939,7670.219467401285,158.8961711655286,11.469132519145363,-0.5658846406322229,1089,0.9973916188465703,1,0.1686257530899793
fov0,829,5923.706293706294,10603.125874125873,22.02901260531039,9.684429844546374,-1.1188104665791145,143,0.8981830803109793,1,0.755996760231359
fov0,830,5962.307768924303,8396.461653386454,132.5686040308623,55.7986763820615,-1.1428927291430475,2008,0.9071051160274561,1,0.885983870955218
fov0,832,5939.196078431372,9457.960784313726,34.76961316179614,21.398252896683353,-0.1586426057172099,306,0.7881917747343664,1,
fov0,833,5939.652777777777,8738.659722222223,24.523028765694544,8.0038519836808,-0.37893169091724666,144,0.9452382807422686,1,0.26942129443109913
fov0,834,5972.698499317872,7794.06139154161,130.08536144744835,11.607270970214739,-0.6820789386092246,733,0.9960112169776163,1,0.07199556918205006
fov0,837,5947.366803278688,10796.555327868853,28.325252620845035,27.30585135850997,1.3620927891577275,488,0.26586283463995974,1,
fov0,838,5967.609355246524,9853.495575221239,88.9751094780824,13.757216251500898,-0.6133444615469826,791,0.9879742182372896,1,0.4602358681049069
fov0,839,5957.3809917355375,8270.493388429752,128.3013047506092,28.7658393280654,1.159439517852131,1210,0.9745419229898964,1,0.6119142238223426
fov0,840,5944.722891566265,8077.307228915663,24.20439622785703,12.129269869523643,1.2469625459665368,166,0.8653786943492583,1,
fov0,841,5952.09026128266,10530.686460807601,37.84812242591921,18.203435379901403,0.7629222120653782,421,0.8767425032172418,1,0.8528535576939599
fov0,842,5994.792932862191,9897.113074204946,97.33772694684083,91.27930181914937,0.805934313502448,1415,0.34728747597390375,1,
fov0,843,6033.629061371841,7332.854693140795,267.91193135323454,56.93239744057671,-0.5506728874287624,3324,0.9771601639065192,1,0.2963089914642622
fov0,844,5948.0573248407645,9243.503184713376,22.562203127517474,9.310769458014878,-0.76521674256913,157,0.9108800981285035,1,0.7245341752213841
fov0,845,5945.272321428572,9397.294642857143,39.476536084071924,7.69687017804385,-1.4297115795883963,224,0.9808085519583345,1,0.7312997066055584
fov0,846,5969.456586826347,10691.42140718563,98.66629704374805,52.87331400760655,-0.9918484262645803,1336,0.8442940376151304,1,
fov0,847,6034.9846017175005,7882.334616523542,296.3685695600019,46.57697215927668,-0.9041125946734574,3377,0.9875733216040261,1,0.29338400562356654
fov0,848,5946.725352112676,7420.605633802817,25.651635203128578,7.86074236953604,-1.3130186388434624,142,0.9518892822550511,1,0.3722900149759175
fov0,849,5980.6331738437,8919.348484848484,93.17438606818607,53.61354504766685,-1.2200202137274831,1254,0.8178645658310068,1,
fov0,850,5967.20913107511,8163.99852724595,106.33062568168704,21.891878550297157,1.3549299531588055,679,0.9785761982350896,1,1.0628285326095552
fov0,852,5970.300531914893,10823.760638297872,47.014383947994105,20.700722915945345,-0.4470070693572493,376,0.8978476955670969,1,0.5046644859528253
fov0,853,5963.390163934426,10164.88524590164,40.73180210483806,12.379458957949554,-0.1651303434522648,305,0.952695600838432,1,0.22086239559782855
fov0,854,5976.191489361702,10601.4375,86.52296360888641,23.834087935932487,1.222325642402742,752,0.9613109697547518,1,1.0500675042377137
fov0,855,5967.907473309609,10489.487544483985,23.47646184202622,17.148013191582223,-0.29587995669914025,281,0.6829829571249442,1,
fov0,856,5975.186961869618,9351.184501845019,109.15878963960908,18.548764964038664,1.167068998695005,813,0.9854570646525289,1,1.0262064584384583
fov0,857,5964.75748502994,9528.700598802396,53.37760986348301,8.541573969034763,1.4358902881683726,334,0.987113502562255,1,0.8300930200738083
fov0,858,5985.410447761194,10894.518656716418,57.969317131336645,25.56275101095549,0.660908611177138,536,0.8975216632617343,1,0.5948252270674276
fov0,859,6000.900455062571,9197.501706484642,121.77707741180919,51.9902465223705,1.47208441157471,1758,0.9042848354025947,1,0.5771907660489832
fov0,861,6031.85900652283,7280.045158053186,198.90651108378435,21.063249834708405,-0.6188807258940774,1993,0.994377293197544,1,0.216500665230841
fov0,862,5982.1284634760705,10772.906801007557,33.22448529306307,15.840914890488836,0.26043154236560623,397,0.8790202932595299,1,0.38000226682984745
fov0,863,5986.701612903225,9781.120967741936,41.074591136863525,9.738181416441883,0.3472593580534759,248,0.9714888391092196,1,0.4401862609546388
fov0,865,5990.869696969697,9091.198484848484,71.91026925258656,26.6589962915873,1.3508228591621787,660,0.928742342075358,1,0.6698399338086254
fov0,866,5999.528046421663,8057.887814313346,75.35338652062849,11.122901969137656,-0.8630531729026073,517,0.9890456676121762,1,0.8244923138455736
fov0,867,5980.618181818182,11434.154545454545,16.50722947974619,10.268943938582105,-1.5048527432364094,110,0.7829475907275925,1,
fov0,868,6012.378522467631,10033.744859101294,89.22757089791685,51.02727591450817,0.043530062732119804,1313,0.8203387513004597,0,
fov0,869,5988.766233766234,8504.91341991342,39.11027046466343,11.57352895706077,1.0194317963414103,231,0.9552125865128879,1,0.789194696326663
fov0,870,5985.957142857143,11024.22380952381,34.214269918327204,8.546820054781822,1.3469483317324242,210,0.9682967347493585,1,0.7292525220313838
fov0,871,6017.8074074074075,8120.982491582492,97.3188581248985,81.96804663991074,-0.6068928084491666,1485,0.5390672518762049,1,
fov0,873,5990.327731092437,11278.42857142857,20.721864662930244,7.583538216946218,-0.9972012357076634,119,0.9306274569325816,1,0.7984083726435943
fov0,874,5994.18320610687,10204.679389312978,24.152107810171376,7.496927433711468,-0.1060592141535057,131,0.9506045082461922,1,0.4394919555528501
fov0,875,5991.908450704225,10248.112676056338,21.769791839517897,9.350351300003167,-1.0271120300170675,142,0.9030619269734814,1,0.6759620321035896
fov0,876,6056.58621586476,8983.701690507152,184.94240422564943,73.22667127405855,-0.813323589681313,3845,0.9182750411425992,1,0.5464726028966831
fov0,878,6012.378269617706,8455.51106639839,45.899904247968564,22.691748994191883,-0.01242000182104949,497,0.8692489330827105,1,0.4619554545318324
fov0,879,5999.574144486692,8235.83650190114,22.778658944404395,15.283167442243423,1.5384272936549226,263,0.7415094973672893,1,
fov0,880,6000.27115716753,10308.493955094991,71.2121040130039,11.927725558494814,1.360836291568294,579,0.9858727960676329,1,1.0538200378709237
fov0,882,6007.810185185185,10507.962962962964,25.80609895133393,12.449995581242062,-1.3374947019221342,216,0.8759268590686219,1,0.9819270012116839
fov0,883,6019.669626998224,10734.39165186501,90.34945769224761,35.513294378395365,1.4768469636263653,1126,0.9195102870614175,1,0.49648232251698016
fov0,884,6020.363636363636,11191.477272727272,52.811427810668555,16.209201601728775,-0.15658207199746474,352,0.9517333740617341,1,0.401859633074002
fov0,885,6033.941729323308,7565.441729323308,69.87267827745104,21.589144324938953,-0.3746090486899762,532,0.9510690741602652,1,0.15505388920381097
fov0,886,6017.844649021864,8293.130034522439,75.9821117957993,31.99740852779251,1.4268104721518025,869,0.9070060214877345,1,0.5170458467613153
fov0,887,6013.340101522843,10940.380710659898,33.102514735563666,8.5444764885977,0.913626555458138,197,0.9661124167801445,1,0.5571733713527509
fov0,888,6026.7808988764045,7406.289325842697,47.44945243296747,11.99500855059896,-0.4674003073663577,356,0.967519730999074,1,0.3553790723156546
fov0,889,6021.570512820513,9719.705128205129,24.231633424166365,8.873658436583945,0.10903698412299724,156,0.9305356113484909,1,0.4972030816241752
fov0,890,6021.115384615385,9289.76282051282,28.264741936726566,7.6521488692166955,0.9954707557024703,156,0.9626549699447161,1,0.7249599454374446
fov0,891,6017.704918032787,10454.762295081968,19.664041107337738,8.77470617837341,1.3157596926895079,122,0.8949177776669948,1,0.9446876030371341
fov0,892,6019.0317460317465,10593.388888888889,21.408474083377072,8.421632801837568,-1.1009518329523569,126,0.9193766249672791,1,0.8662423455979142
fov0,893,6023.315789473684,10836.491228070176,31.83870678542803,11.580304831410421,0.8098895562623721,228,0.9315091796680527,1,0.5858902486617582
fov0,894,6068.266471449488,10339.506295754027,181.3391041796656,144.28492995203112,-0.566595165761441,3415,0.6057387121302149,1,
fov0,895,6024.246231155779,7453.336683417086,31.17102932331126,8.471960671088741,-1.0267729941303319,199,0.9623567058945849,1,0.2629383254732611
fov0,896,6222.892721237146,9846.941462229779,407.23863566922836,158.40768762501523,0.18102356513639256,12351,0.9212461959949627,-1,0.5784058045792209
fov0,897,6023.583333333333,9647.842592592593,14.085557416787248,10.827634821368848,0.17691669804116827,108,0.6396037954164517,1,
fov0,898,6049.827445652174,7186.3125,101.65332285709364,15.738971566696181,-0.4988280579591886,736,0.987941146479705,1,0.28466033022590254
fov0,900,6030.324324324324,10629.68108108108,21.880374065666835,14.107444244812376,-0.08069422999723552,185,0.7643906929129637,1,
fov0,901,6044.312785388128,8180.470319634704,69.50669078501063,9.72631568173466,-0.7106309363419234,438,0.9901609015103441,1,0.664192154258015
fov0,902,6029.868644067797,8863.648305084746,34.54614816501409,9.522679728278948,-1.0630361184655315,236,0.9612577880717638,1,0.24901154822048102
fov0,903,6033.323529411765,10219.58455882353,28.97237890147035,15.88526137511517,-0.9101624420470359,272,0.8362883694419029,1,
fov0,905,6062.316171138506,9127.875271936186,149.44139883432882,42.11278533878167,1.4597474126708316,1379,0.9594727765489778,1,0.1417613927646442
fov0,906,6043.902097902098,10795.055944055945,24.104517589895742,8.430687465171113,0.42891771171024895,143,0.9368410186301522,1,0.5211070085753552
fov0,908,6087.897727272727,7484.839393939394,157.75582255358918,15.8530875907923,-0.7973014522941438,1320,0.994937937135754,1,0.31547585297206654
fov0,909,6041.2,9145.4,18.039830019551307,8.413246381978679,0.9055878325774059,110,0.8845894312098708,1,0.2599426140789524
fov0,910,6060.289081885856,10746.509925558312,100.24848978692471,25.559125013259333,1.2570452629580882,806,0.9669522056507032,1,0.40224362130207836
fov0,911,6048.849858356941,9981.320113314448,30.839252649521665,15.550512603600366,-1.2717732171188387,353,0.8635611394771379,1,
fov0,912,6053.846153846154,10906.161803713529,62.52025288362623,11.997401195863345,-1.2554006840564302,377,0.9814152203056249,1,0.8894962515222412
fov0,913,6063.553287981859,8891.244897959185,69.14619665265292,9.589903806368175,-0.6794381773239763,441,0.9903358079585245,1,0.5401910293907837
fov0,914,6047.787037037037,7675.0462962962965,19.136752514213523,7.332496083883552,-0.9929822420151847,108,0.92368073066068,1,0.3004809897872403
fov0,915,6061.947247706422,8018.123853211009,55.656754018955084,11.897844724808985,-0.6090982670542449,436,0.9768836244464872,1,0.27794985280306705
fov0,916,6054.482961222092,9666.08695652174,83.41932537307721,20.40333714414617,-1.3186264998706798,851,0.9696271856753349,1,1.0751089400567135
fov0,917,6050.567307692308,8400.596153846154,16.438851160945266,8.788405202277191,0.35918246549902094,104,0.8450977059985928,1,
fov0,918,6049.395161290323,9575.0,20.874986820496147,7.906369562990888,1.1497710120970097,124,0.9254996421599697,1,0.6800048564585863
fov0,919,6051.135135135135,10514.63963963964,21.16091743113785,6.98058155531304,0.6535895911434183,111,0.9440225743402083,1,0.8687074542410693
fov0,920,6067.521839080459,10148.718390804597,106.09872842172892,27.016884942096286,-1.1699775050137966,870,0.9670361563396145,1,0.7170117545735591
fov0,921,6056.790055248619,8210.46408839779,30.850800658301026,8.357318775142177,-0.6185909839857162,181,0.9626089833012264,1,0.6460586893368689
fov0,922,6061.056105610561,9738.970297029702,23.55273388586615,17.80503935193713,0.5158067614258922,303,0.6546121898225441,1,
fov0,923,6067.883435582822,8828.969325153374,46.189419216680186,9.393814527626306,-0.5472776470063191,326,0.9791007327386989,1,0.14657547178867147
fov0,925,6075.862831858407,8493.064896755162,97.84989775426892,13.722584248636963,-1.017596313490201,678,0.9901173738205077,1,0.8202507593402033
fov0,926,6060.441176470588,9251.37908496732,46.60739301210995,10.610646030162986,1.4104414338364968,306,0.9737406516266681,1,0.5681310467049162
fov0,928,6065.4,8773.831818181818,29.86863890561437,11.5765057036303,-0.3632551196384245,220,0.9218358096413376,1,0.31367371006648503
fov0,929,6058.722222222223,7381.354166666667,20.091114634690804,9.677869390810642,-1.460277980003347,144,0.8763367471370841,1,0.5455923053165477
fov0,931,6080.671087533156,9980.990716180371,94.09389505446329,42.12715021875572,1.316202692254996,754,0.894176834540353,1,0.9517460388734356
fov0,932,6085.342781222321,11253.848538529672,82.45142732209156,33.39110572156236,-0.4063778591174053,1129,0.9143259374047176,1,0.17962781369139033
fov0,933,6064.864406779661,10688.737288135593,19.311287261450058,7.934977704905375,0.32890090068152994,118,0.9116811265366168,1,0.6541645284854666
fov0,934,6072.410344827586,7599.4655172413795,47.58752646456669,9.345312387964077,-0.7808366255178087,290,0.9805275546013129,1,0.18609782818064197
fov0,935,6064.766423357664,9045.934306569343,16.793501898933382,11.293682485390187,1.2268463241220975,137,0.7400942835707144,1,
fov0,936,6091.858754027927,10438.635338345865,81.61677134365539,69.5136250734377,-0.32777691965145117,1862,0.5240173192745071,0,
fov0,937,6074.8975903614455,10081.5421686747,29.371458573285846,7.718743272317075,-0.6419352835782591,166,0.9648510355161336,1,0.22810071548023422
fov0,938,6070.539823008849,10223.893805309735,22.928914488906248,6.707989453582916,-1.1580578103392538,113,0.9562484192246719,1,0.7063429299040179
fov0,939,6072.41052631579,8693.480701754386,52.499323917855676,10.151618679870712,-1.527804414050408,285,0.9811265650039654,1,0.7583007183642084
fov0,940,6079.046357615894,10835.25165562914,48.23036765190596,13.294020561209953,-1.1253505166477213,302,0.9612621147762639,1,0.8607274017584884
fov0,941,6080.337858220211,10517.206636500754,62.352430076530894,17.17639117133306,-1.2327883785507319,663,0.9613088999983667,1,0.793905056256893
fov0,942,6082.639175257732,8232.345360824742,24.792004268180857,13.402726144379137,-1.2218213651589962,194,0.8412753922190854,1,
fov0,943,6206.098652291105,7620.322911051213,212.94663039172397,167.47796306499274,-0.5490018959754118,3710,0.6176175566748291,1,
fov0,944,6084.492857142857,10184.435714285713,22.088329008084354,8.338135111691537,-0.536405936762438,140,0.9260134430803998,1,0.5745157406026232
fov0,945,6093.684931506849,7516.506849315068,34.10142806062951,11.22523256929861,-0.19447434061061172,219,0.9442700073075001,1,0.2992063269559857
fov0,946,6116.788723667906,8146.898389095415,122.33723345729997,45.799933738048686,0.9572659138624535,1614,0.9272776152749606,1,0.8455120993168798
fov0,947,6089.587443946189,8582.54260089686,36.575807689425694,8.94004374910727,0.744835197245016,223,0.9696681871912387,1,0.9195914524635843
fov0,948,6094.319884726225,7966.311239193084,26.321975521273576,17.34381636325815,-0.7768644076638713,347,0.7522216681578114,1,
fov0,949,6103.229213483146,9004.323595505619,52.03107868028361,13.611760315825714,-0.6937184528726683,445,0.9651741369910071,1,0.6240576222938349
fov0,950,6087.165605095542,9462.974522292994,27.798902042901542,7.4094026186069195,1.5246414466544824,157,0.9638250188017001,1,1.0439416279694709
fov0,951,6134.374361883154,10241.173567782189,151.1546593609825,43.21986105974486,-0.7692614034653471,1763,0.9582500942996938,1,0.6046465738888855
fov0,952,6103.082949308756,8696.751152073733,34.836666870229735,8.412013345157359,-0.1100184628473692,217,0.9704082604869306,1,0.5219689132029545
fov0,954,6095.201923076923,11182.211538461539,15.527371328136475,9.139605923829484,-0.9884499524829143,104,0.8084152669737067,1,
fov0,955,6102.134615384615,10667.589743589744,45.50899911430393,14.689936946002582,-1.2907252057767475,312,0.9464699572651647,1,1.075663303513373
fov0,956,6096.367924528302,8353.542452830188,36.705441852322195,9.837680526837355,1.4316008626988648,212,0.9634141971117641,1,0.7517179793158177
fov0,958,6111.898181818182,7719.007272727273,41.20079583575919,8.800850974308633,-0.07929866787862022,275,0.9769192888765912,1,0.42693745330838473
fov0,959,6109.209912536443,8782.591836734693,36.34205129382208,14.731460711920622,-0.7097965863533717,343,0.9141590058553004,1,0.5707972847034722
fov0,960,6104.451351351351,10156.159459459459,51.35634794806166,13.805786474986409,1.5704893446436903,370,0.9631894913665446,1,1.2725443772301395
fov0,961,6172.462894628947,11104.064370643706,175.04653927765847,33.198299892696575,-0.6571682515674552,2439,0.9818509608343752,1,0.26407385954860607
fov0,963,6104.815789473684,8309.657894736842,19.36661643904906,7.808635962078001,1.277796276063595,114,0.9151115149948302,1,0.1984770137814308
fov0,964,6108.815028901734,10088.190751445087,29.878720481979805,7.82500616739263,-0.9821115278924256,173,0.9650971115814424,1,0.650101986413261
fov0,965,6111.708074534162,7422.04347826087,24.02255168464876,9.055124894745939,0.2015346893112705,161,0.9262365894782252,1,0.597678256916584
fov0,966,6259.44366689993,7338.570853743877,494.8017528105066,89.73834049212219,-1.0716785088944216,5716,0.9834163655260559,1,0.5881198768952336
fov0,967,6117.1629392971245,8194.239616613419,32.648566061580354,14.060545322050451,-0.671561249115258,313,0.9025125819243749,1,0.6446277453768312
fov0,968,6133.989957512553,9934.19351100811,187.1929958669481,48.53218245740388,1.4886718870900917,2589,0.9658068100911607,1,0.9355213473585803
fov0,969,6132.226229508196,7168.034426229508,87.87532313147574,16.96982590216673,-0.5628043559958107,610,0.9811766156380086,1,0.2962321238651303
fov0,970,6112.365853658536,10370.676829268292,24.31493451832767,17.696510101709524,1.2614802664901579,328,0.6857850451017881,1,
fov0,971,6149.438494934877,10595.597684515194,95.58523867640677,74.52692757896976,1.4822164959058122,2073,0.6261647671831112,1,
fov0,972,6123.997641509434,8351.990566037735,71.4804833693594,12.973533412083396,1.3071793637028097,424,0.9833913947366814,1,0.7118670909879399
fov0,973,6119.983240223463,10678.608938547486,20.137167390688397,12.395647172731714,0.2341239352927094,179,0.7880895427968496,1,
fov0,974,6143.387211367673,10090.600355239787,95.21110766561968,10.736998640603282,-0.7884489093980733,563,0.9936210683854371,1,0.6058253318185555
fov0,975,6117.1082474226805,10714.938144329897,21.252067837240247,13.197074306693427,1.3010097265549423,194,0.783827705594214,1,
fov0,976,6198.922445935868,7078.264914243102,202.31384354017237,139.51603779706258,-1.022111577230571,5364,0.7241885363398196,1,
fov0,977,6125.412416851441,7921.024390243902,74.70457445534761,9.383612085533766,-1.3196051123414299,451,0.9920797483788786,1,0.4482813256363457
fov0,978,6122.698113207547,8423.952830188678,18.713795182970987,7.361174653390729,-0.26016853040729876,106,0.9193864443899521,1,0.6877230313756596
fov0,979,6125.410430839002,10488.283446712017,62.077528849857906,13.627890944371677,-1.3744968238898903,441,0.975605709826034,1,0.623306911801271
fov0,980,6130.758139534883,7977.023255813953,30.799075482925357,11.411042336319879,0.15231581599579402,215,0.9288326620104438,1,0.5595662285664684
fov0,981,6131.948598130841,8293.574766355141,27.86462904253519,11.086359604292984,0.5009941186847756,214,0.9174439880344576,1,0.41836413148744866
fov0,982,6127.733333333334,8878.533333333333,41.26604631704572,7.789029266538456,1.4386653333393753,225,0.9820248779715605,1,1.0620009894772398
fov0,983,6149.370757180157,8930.283289817233,69.59378697930094,36.59601600111344,-1.452688593503306,766,0.8505762264131557,1,
fov0,984,6145.95688225539,8730.179104477613,44.83022005792899,33.769144716234685,-0.09414039754540807,603,0.657714357950475,1,
fov0,985,6145.707344632769,9050.466666666667,63.779946807186235,40.62044618602104,-0.9266817313431869,885,0.7709594024349073,1,
fov0,987,6137.38679245283,10050.443396226416,35.37847004450205,8.442591406452285,-1.2872757170522349,212,0.9711089843343559,1,0.270348231695192
fov0,988,6152.125517241379,6978.0786206896555,53.46610067958256,20.13948605532385,-0.8830323664566311,725,0.9263443934930581,1,0.26661786764771617
fov0,989,6147.806603773585,11166.919811320755,36.68332552571958,7.927159538521378,-0.6110542004252045,212,0.9763718819816927,1,0.15804931168368178
fov0,990,6148.516605166052,9773.450184501846,30.1433872705824,19.816035431969954,-1.0262997334236097,271,0.7535483773204142,1,
fov0,992,6144.879310344828,7213.0948275862065,20.942736789220767,7.969165713835125,-0.06515146664666634,116,0.9247719930701471,1,0.4673559375062911
fov0,993,6151.162729658793,7415.293963254593,30.78324980471386,25.554273646656704,1.0544488521665465,381,0.5575614516328385,1,
fov0,994,6156.186507936508,8807.222222222223,35.58765860044993,9.410250841284588,-0.8071089824295122,252,0.9644063738563889,1,0.5909925144952409
fov0,995,6167.759647188534,8276.286659316427,114.74585855838383,24.35632243891052,1.3262647356621857,907,0.9772125339258021,1,0.9953437596682854
fov0,996,6168.727876106194,10281.639380530973,55.86494713493855,16.883295187646212,-0.3572640838129109,452,0.9532393898500597,1,0.2907536374233884
fov0,997,6155.395,7737.07,29.614321153086085,8.998732279709078,1.083744897970521,200,0.9527153522095806,1,0.9200574285811074
fov0,998,6152.995073891626,8487.600985221676,34.79900727426154,9.266631660404972,1.2254866423542887,203,0.9638929268741204,1,0.8457879489680794
fov0,999,6180.275379229872,10003.915985997666,86.51490735158649,29.040123625006142,-0.6461883434165571,857,0.941981025897888,1,0.7432966210551245
fov0,1000,6163.125654450262,8356.612565445026,31.909435487137177,8.193510461828742,-1.420786427719378,191,0.9664714998456665,1,1.097742237065737
fov0,1001,6175.18275862069,7003.272413793104,29.7478498403866,14.142826172057202,-0.0031768911030292907,290,0.8797570792842291,1,0.3908065209503736
fov0,1002,6184.214752567694,8744.166199813259,98.1235371850077,34.619548845092254,1.5389763117775601,1071,0.9356927414822414,1,1.2021551263836439
fov0,1004,6197.843910806175,10892.526586620927,94.09689175415149,15.597254432425004,0.5998674186418562,583,0.9861665631673316,1,0.7840832029544534
fov0,1005,6173.875,10513.307692307691,17.23904122689815,10.391041410800682,-0.12236892320126555,104,0.7979209237335261,1,
fov0,1007,6172.746376811594,8434.739130434782,22.11026582714133,8.802378697887688,0.8893659514757895,138,0.9173364919723542,1,0.8862416591368935
fov0,1008,6183.096514745308,10320.152815013405,55.70916776677522,10.912680228742559,-1.0584793842110818,373,0.9806265520334474,1,0.2453726061325897
fov0,1009,6191.185430463576,7354.423841059603,46.66218819773599,14.039423282781025,-0.6883517683385113,453,0.9536640087273911,1,0.5708810982835956
fov0,1010,6175.704545454545,8646.227272727272,28.294139362793373,8.165358698642967,-1.497550493611552,176,0.9574532731452939,1,0.9523657857553687
fov0,1011,6190.129973474801,8871.564986737401,43.089789202420924,20.262563058564957,-0.6994888580075006,377,0.8825383238884887,1,0.597827212628934
fov0,1012,6179.054852320675,8399.814345991561,29.73217284603568,12.036055553083532,-1.518034678926111,237,0.9143982216235998,1,0.9800859864024506
fov0,1013,6181.50289017341,7245.134874759152,76.51926269706605,14.288341943658638,-1.542821861594016,519,0.9824115202193247,1,0.8265592232642385
fov0,1014,6178.611842105263,9417.059210526315,27.92033520867863,7.144281238249069,-1.4011780192750873,152,0.9667083073559586,1,1.3266290846718822
fov0,1015,6193.380701754386,7952.824561403509,55.001284045561256,31.731410946062343,1.4341502691699324,570,0.8167997562854158,1,
fov0,1016,6196.916363636364,10958.218181818182,45.7795940788947,10.326783872299403,0.23734346043852614,275,0.9742255424357088,1,0.5355956243708743
fov0,1017,6181.46,10809.34,16.818543237918046,8.053657762425793,-0.8737835561058632,100,0.8778935459854009,1,0.7179460690792967
fov0,1018,6187.878260869566,10723.44347826087,21.60403962996004,6.938475847939996,0.02800368276390626,115,0.9470230265654787,1,0.6252252101297832
fov0,1019,6186.265486725663,8909.115044247788,15.150404187264924,9.830065292459862,-0.057069428820755164,113,0.7609317881922354,1,
fov0,1020,6214.467351430668,10383.77842993397,125.57377938173829,53.56008873609051,-0.9269466030416681,1363,0.9044767778423332,1,0.2842440861640656
fov0,1021,6248.556987788331,6917.658977838082,165.95823983234686,122.85049048431388,0.3884624063767825,4422,0.6723323574159473,0,
fov0,1022,6211.773943661972,8238.285211267606,167.74066453219092,25.01500172570163,-1.434466385166393,1420,0.9888177455698409,1,0.8599757253386048
fov0,1023,6207.044621513945,10538.564143426294,74.13408109157066,29.262687422770988,-0.743252050443539,1255,0.918798660687001,1,0.2809547301995194
fov0,1024,6223.6392694063925,8795.305175038051,102.02954578181229,32.45042050117603,-0.5557398639500415,1314,0.9480741925887471,1,0.5553761531084441
fov0,1025,6197.731707317073,10486.609756097561,20.707280391926187,8.327291020030172,-0.07661456942249707,123,0.9155768044029186,1,0.447620945813747
fov0,1027,6328.831471856684,8524.316598473957,437.0803802149553,106.59378069961805,0.9044064911275032,9043,0.9698062117300081,-1,0.7579136448441511
fov0,1028,6202.993670886076,8715.917721518987,19.397512576442104,13.468470620214143,-0.688374270546585,158,0.7196470245777135,1,
fov0,1029,6207.722222222223,9040.802469135802,26.287528640688745,8.499575133846417,0.5984103055596258,162,0.9462859029126492,1,0.4855167779786912
fov0,1030,6201.169230769231,9755.207692307693,21.108594655889483,8.843184166891868,1.553562531198663,130,0.9080150219390102,1,1.0897549452553492
fov0,1032,6207.878504672897,8639.58878504673,19.665121979594034,7.489876182999148,0.39458507568323237,107,0.9246281538473287,1,0.740064650857037
fov0,1033,6205.078260869565,7313.826086956522,17.712610783554254,8.488033250127518,1.1946052721268263,115,0.877701107938354,1,1.1455083416165843
fov0,1034,6211.909774436091,8543.436090225563,23.950458822496792,7.450048904278498,-0.797913099645332,133,0.9503900136873763,1,0.9890081780460583
fov0,1035,6207.671328671328,10771.811188811189,26.221413446433512,7.285310404593931,-1.3622004034624948,143,0.9606278846090605,1,0.7757855668119074
fov0,1036,6225.076687116564,7842.733128834356,51.27240828858286,9.106986604201026,-0.7102668467505208,326,0.9840992145941965,1,0.5283727868983331
fov0,1037,6211.888888888889,10633.309523809523,34.58067016927004,9.570250629122638,-1.3874120507389245,252,0.9609415354941744,1,0.42881919503674304
fov0,1038,6220.489247311828,8097.521505376344,28.66810698688224,8.822092546307967,-0.9188920137087931,186,0.9514730922220359,1,0.4872840164675066
fov0,1039,6226.057553956834,10578.226618705035,37.07311009782723,10.039728217582402,-0.6714790356135256,278,0.962633127891979,1,0.2787690423810004
fov0,1040,6238.442492012779,8843.50159744409,68.28724968944363,21.204161518405655,-0.8157954072300848,626,0.9505687372430567,1,0.3776795108448962
fov0,1041,6222.543689320389,10403.747572815533,25.889967947968724,13.47559077166299,-1.103440784323973,206,0.8538649076272411,1,
fov0,1042,6228.794721407625,8740.633431085043,34.82113253742764,18.196919486578167,0.642702495870815,341,0.8525886351854917,1,
fov0,1043,6255.022236340534,10210.45044472681,146.7525490334028,56.740009521064934,-0.9627556041257782,1574,0.9222318565431005,1,0.14548320897868214
fov0,1044,6233.245614035088,8611.64802631579,85.91151157721595,24.991961191420813,1.4982920714312231,912,0.9567523930520494,1,0.9834296704431601
fov0,1046,6231.045197740113,9275.677966101695,28.797571753270002,8.889273416449274,1.0379953664907546,177,0.9511655072661442,1,0.6258976558656318
fov0,1048,6235.511235955056,10700.460674157302,31.061222356792552,7.984858863334676,-1.2812492242085805,178,0.9663932096042165,1,0.7641639696534563
fov0,1050,6236.403846153846,8698.923076923076,24.891566344364595,8.567268561482665,-1.3200269331191377,156,0.9389023693872257,1,1.0776633473139723
fov0,1051,6282.028350515464,9990.080756013745,155.2259309688266,68.99989558076076,-0.8556854139968777,2328,0.8957725557250165,0,0.4656073902666386
fov0,1052,6247.629963898917,7205.8465703971115,64.8631061060331,20.548451751836815,-1.0008338790731757,554,0.948493289825844,1,0.41113092219316993
fov0,1053,6243.044176706827,8970.618473895582,30.772805385916207,11.199878610632803,0.9064132204497939,249,0.9314170126654003,1,0.2941069207160859
fov0,1054,6240.294117647059,6826.892156862745,17.035204932515967,8.126226009334264,-1.3711623863028368,102,0.8788894903583523,1,0.2814237559343536
fov0,1055,6252.539772727273,9617.37215909091,34.71510006562941,14.27115741060603,0.4329141808837814,352,0.911593114195816,1,0.7157586209640021
fov0,1056,6248.429411764706,8141.791176470589,43.77231712182907,12.71616813299991,-1.4221958724931494,340,0.9568728416711768,1,0.20828696862353627
fov0,1058,6246.219435736677,10770.360501567398,34.725239255390996,14.179683698419678,1.3675835475515383,319,0.9128301739672567,1,1.1116386097247182
fov0,1059,6277.936868686868,10869.622053872054,197.7574734348241,40.91581380998031,-1.3194560434930203,2376,0.9783623173788578,1,0.8335797967576234
fov0,1060,6274.275522755228,7739.446494464944,130.30103926257482,26.83033864641309,-1.0749923857171306,1626,0.9785708500935114,1,0.547823381952189
fov0,1061,6349.940436958379,6699.547906749664,239.76819040470883,124.09120362264096,-0.5804642410738127,8193,0.8556550425478051,0,
fov0,1062,6272.514685314685,7104.883916083916,86.72365095499173,16.751342892744205,-0.7333699292328024,715,0.9811677197578258,1,0.28001726942713523
fov0,1063,6255.571078431372,7452.4607843137255,36.68818365816992,29.935701920165716,1.4225696084734196,408,0.5781233046799127,1,
fov0,1065,6253.584,7150.096,17.122083435373618,9.99749502786095,-0.8193693374534848,125,0.8118293500364723,1,
fov0,1066,6270.160409556314,8872.003412969283,47.938484294324354,10.10128272360909,0.35954153249505916,293,0.9775478750697021,1,0.4107642702047993
fov0,1067,6255.985611510791,8314.489208633093,45.13025040934327,9.706665289964791,-1.330421393143548,278,0.9765961842987068,1,0.9167322044777271
fov0,1069,6286.64705882353,8075.297326203208,76.25636881858122,45.28372084506623,0.6354155190759617,935,0.8045866517826341,1,
fov0,1070,6283.007092198582,10316.2695035461,46.17560887136033,9.199784866600597,-0.4496504730845765,282,0.9799517963758224,1,0.2750603049406812
fov0,1071,6283.150349650349,10721.772727272728,43.97554732107245,9.261441575940038,-0.505738819790144,286,0.9775713823568688,1,0.5816036670483454
fov0,1072,6277.451263537906,8167.480144404332,36.7938690695978,10.25385860700761,-0.7603277296197201,277,0.9603828865350739,1,0.2985224478618994
fov0,1073,6273.490909090909,8622.154545454545,33.210766292237,12.2165195284849,1.4069538392212613,220,0.9298858669322594,1,1.0059050048877347
fov0,1074,6277.9059829059825,8798.581196581197,22.5085470267561,6.974221439374408,0.08957522722159093,117,0.9507862037312473,1,0.29238156900174783
fov0,1075,6288.441734417344,8710.59078590786,29.633416198543227,21.78397717885773,-0.12254921269063368,369,0.6779421203364641,1,
fov0,1076,6280.016393442623,8357.68306010929,21.574994342316845,12.8433570668824,-1.4901369425187438,183,0.8035116627282058,1,
fov0,1077,6300.468120805369,8757.889261744966,66.54431868381577,22.024168583441764,-0.15287549285672067,596,0.9436413007985328,1,0.43792082280822375
fov0,1080,6297.105947955391,10135.085501858735,57.11928631360437,24.81974879930594,-0.7181392753662805,538,0.9006598484539055,1,0.3717094208858914
fov0,1081,6314.620317820659,7633.209988649262,111.13460125239807,37.92584662371847,-1.0886147230100633,1762,0.9399687704179884,0,0.12642907734771272
fov0,1082,6291.586956521739,8012.343478260869,33.82424832748364,10.594434379688344,-0.8923321260782919,230,0.9496805621570381,1,0.1851632904263498
fov0,1083,6337.579489134579,6819.212733511246,133.58500124248346,51.485448653135684,-0.5067567970462395,2623,0.922744014388727,0,0.2889063242134383
fov0,1086,6362.630208333333,7007.544270833333,141.42141182746084,50.758890691119284,-0.33840412911926265,1920,0.9333685510378105,1,0.2524766805167212
fov0,1087,6303.022222222222,7172.533333333334,19.48904990431292,9.106944602886307,0.20898786331244731,135,0.8841066343354848,1,0.41702504362421033
fov0,1089,6331.214137214137,7945.118503118503,94.88434544113709,65.49992086006516,-0.918621300420879,1443,0.7235106198946856,0,
fov0,1090,6371.5854201446855,7445.201725097385,316.3794151010419,57.49145863850236,-1.0275439966384863,3594,0.9833509039508641,1,0.539921009664664
fov0,1091,6317.369760479042,10199.54640718563,105.81165158529842,17.775594700858527,-1.0603846382937134,668,0.9857882237450748,1,0.1767884052095008
fov0,1092,6310.018779342723,7111.835680751174,24.870896000297957,12.810131460047232,-0.7959215361372913,213,0.8571510394716735,1,
fov0,1094,6309.895652173913,8627.917391304349,24.621996894287243,15.935056956416878,-1.3277573324117082,230,0.7623305722176079,1,
fov0,1095,6311.856115107914,8964.489208633093,22.669692785426722,8.066056811108567,0.47937437711707853,139,0.9345590971384992,1,0.16457679995937274
fov0,1097,6317.633802816901,10064.605633802817,25.12693089801454,7.4873012817924876,0.6710989190656172,142,0.9545723815426211,1,0.749763887911429
fov0,1098,6320.778135048232,8376.774919614149,39.20231883204822,14.509270869073736,1.1933445565431045,311,0.9289869145947368,1,1.2331389042110152
fov0,1099,6325.72429906542,8696.971962616823,85.62402296106038,16.602615698081923,-1.3715098987040872,642,0.9810210278926714,1,0.8419601682616784
fov0,1100,6324.753968253968,8924.611111111111,21.308191707046394,7.690522462088077,0.007699984413223364,126,0.9325973262303853,1,0.28316969093666916
fov0,1102,6337.444906444906,10821.871101871102,62.35155529195874,16.696207085109208,-1.1966710328299908,481,0.963481386965797,1,0.6648210917521941
fov0,1103,6343.538797814208,6958.853551912568,94.83887410571374,24.174885582812777,-0.9104614986943489,915,0.9669661502337534,1,0.1815472101151098
fov0,1104,6342.3456790123455,7059.119929453263,52.35589378183917,16.62870313384288,-0.5496065671593195,567,0.9482217685341564,1,0.14047529097335074
fov0,1105,6329.761261261261,8006.040540540541,27.252602853289737,14.850507815162894,-0.33312031810147247,222,0.8384875759689192,1,
fov0,1106,6387.54552878726,8433.449367088608,206.2635819306971,102.00957763046453,-1.4805009661876416,4898,0.8691438748081888,0,0.8959008594195875
fov0,1107,6334.213333333333,7373.724444444444,41.85823487307613,7.202977126385517,-0.9007919715369137,225,0.9850829276586983,1,0.5288483119631656
fov0,1108,6334.91884057971,9674.939130434783,49.40247116799723,11.264250757183161,-1.2053988100886746,345,0.9736588220156064,1,0.452122263796578
fov0,1109,6397.601544401545,7587.395752895753,192.89584055807586,54.72225629371676,-1.0098179788490547,2590,0.9589166056855786,1,0.17038470240824727
fov0,1110,6335.921052631579,10226.631578947368,33.72016425670738,7.3731448434806515,-1.0402176813417372,190,0.9758018152541239,1,0.08471870190259215
fov0,1111,6342.219230769231,7819.636538461538,36.41318067967165,22.542214980377153,-0.95735624480274,520,0.7853378189983775,1,
fov0,1112,6374.828777720474,8302.71583290356,119.39105033248063,57.196525426754064,-0.6666777837800554,1939,0.8777773631199034,0,0.5389188302336972
fov0,1113,6334.766666666666,8201.2,21.434950906993343,7.489888862349088,-1.4731919750393434,120,0.9369646654051592,1,0.27923992905884426
fov0,1114,6338.153846153846,9627.392307692307,24.969529288999045,7.5907763234288295,-1.2087515044689041,130,0.9526715279379311,1,0.45336813616856286
fov0,1115,6358.3057132046915,8067.561861520999,191.35515226149212,45.34803648188146,-1.3494183172185805,2643,0.9715136459997182,1,0.1886331717639339
fov0,1116,6352.188279301746,10723.84102244389,120.60871303028578,32.28594485505747,-1.2593472623748052,1604,0.9635046356500325,0,0.2024459752069153
fov0,1117,6346.11475409836,7093.540983606557,18.743069821547735,8.676372240180907,-0.22228227338173248,122,0.8864047908271525,1,0.15529729826162553
fov0,1118,6378.717006802721,7172.474829931973,84.81710588480615,14.888418639894692,-0.28584281867123423,735,0.9844730901695874,1,0.2944332603655737
fov0,1119,6349.8,8774.961111111112,23.161603243677924,11.867244549900356,1.0166520288954197,180,0.8587665036185907,1,
fov0,1120,6543.565139116203,7033.761047463175,684.2189819338336,63.884739392105665,-0.9513283051324507,6110,0.995631587424163,1,0.1714634293789866
fov0,1122,6361.060941828255,7553.83379501385,34.01793398591874,15.208853677452808,-0.5954037112859683,361,0.8944922755828528,1,0.1941080161376999
fov0,1123,6440.480613549212,6578.466766084363,203.71172343731135,120.31895561407599,0.4353196878202908,4694,0.8069399864227075,1,
fov0,1124,6355.51376146789,8263.02752293578,17.141889192345946,8.621135129203498,-1.2094676507060715,109,0.864328340801928,1,
fov0,1125,6381.280593325093,8827.866501854141,70.82819024583414,23.531229562097927,0.36687472395680765,809,0.9431985027060902,1,0.1724991970978652
fov0,1126,6368.306422018349,10622.6623853211,80.53859831479149,12.781252875632184,-1.2859373103197613,545,0.9873272950520943,1,0.7295107552449784
fov0,1127,6373.156488549618,8694.06106870229,25.468500642839164,17.761873179270257,-0.20724007906160896,262,0.7166767243779462,1,
fov0,1128,6381.077765607886,7752.007667031763,96.06875703849421,18.582802160923517,-1.166700499783426,913,0.9811136219420226,1,0.0640650646486066
fov0,1130,6492.419593636793,6834.570956056072,316.26618904820253,115.38377844238295,-1.0736822095145764,6349,0.9310736724733483,1,0.42762696823996615
fov0,1131,6408.095046854083,7938.078982597055,89.06345630679323,13.303879514207608,-0.6511303383209567,747,0.9887805737740427,1,0.11295357150012016
fov0,1132,6410.288104089219,6521.0408921933085,79.4566492803224,26.460460226846052,-0.22345238449673546,538,0.9429206214629156,1,0.5178564660495305
fov0,1133,6395.293548387097,10453.974193548387,57.40119606600793,11.26672581485578,-0.900167519977176,310,0.9805478220424622,1,0.622908261660014
fov0,1135,6417.339357429719,7279.321285140562,87.53309968574835,8.750238589267141,-0.7034833305967674,498,0.9949909629789259,1,0.45911883885130855
fov0,1136,6406.079166666666,6425.704166666666,35.85037935141438,10.115157510923517,0.3205133273579467,240,0.9593705242782941,1,0.4956116086207575
fov0,1137,6402.688034188034,10656.294871794871,31.50689019637231,10.598741879468884,-0.9709223312313352,234,0.9417211890530401,1,0.639535298472086
fov0,1138,6404.475,6931.135,22.55228204944476,14.493204420082247,-0.1815750579754298,200,0.7661606207350078,1,
fov0,1140,6398.326180257511,9088.652360515021,36.133890633416485,8.525271155150476,-1.530732873279222,233,0.9717686930573869,1,0.9969320688289941
fov0,1141,6402.781853281854,10540.704633204634,51.72531502681846,15.063910030671545,1.5080426323364295,518,0.9566533798321428,1,1.2911915848701294
fov0,1142,6404.09219858156,7044.567375886525,17.78166690485679,11.08065817687885,-0.45458169581361396,141,0.7821017870029177,1,
fov0,1143,6431.541625857003,8750.995592556317,94.16562455670278,84.56569965647988,0.9558124439569264,2042,0.4398877451261088,0,
fov0,1144,6403.217741935484,8695.120967741936,18.144361366454532,9.750884947697907,0.8146406266602987,124,0.8433237879575561,1,
fov0,1145,6409.781690140845,6956.031690140845,30.406611936182635,13.330475937843552,-1.1350039018889524,284,0.8987764877492983,1,0.2692837561672117
fov0,1146,6419.986078886311,9847.61716937355,60.790871349218854,20.026348290305414,1.1329638537927778,431,0.9441799351866408,1,1.1396173729179144
fov0,1147,6442.610519724483,7781.284283030683,108.27639898659547,73.91952025053519,-0.6998243815142761,1597,0.730705489526546,1,
fov0,1148,6413.3835616438355,6472.698630136986,44.41419543161607,14.222867471720157,1.546639955933182,365,0.9473389919421062,1,0.9651395154238708
fov0,1149,6420.641762452107,6791.181992337165,50.837629842402066,19.251561091690515,-1.1075793071592257,522,0.9255247072972987,1,0.1768241219151103
fov0,1151,6426.605922551253,8524.289293849659,71.65986483755529,38.20519303608173,-1.166528748053928,878,0.846023051904358,1,
fov0,1152,6421.114457831325,9658.466867469879,43.93140131525042,11.498453951613147,-0.8168770224104162,332,0.9651393536805176,1,0.1540571881692955
fov0,1153,6418.4473684210525,7883.242105263158,25.98271787385116,11.897828225612994,-1.003760547530264,190,0.8889969323357005,1,0.14508263798993074
fov0,1154,6458.984425697599,9023.10642439974,104.809933509526,68.04766771150427,-0.7491222016810085,1541,0.7605765494666117,1,
fov0,1155,6446.828855721393,7462.840298507463,131.95186588376257,49.28858579132078,-1.3033279751806597,2010,0.9276162525254057,0,0.6491832701684002
fov0,1156,6426.7835820895525,10267.649253731342,22.699083760349215,7.834355462430413,-0.9717008507235659,134,0.9385513156905011,1,0.13378971953374802
fov0,1157,6458.672493100276,7002.828886844526,110.05753579080918,21.71104417899827,-0.7709443833337173,1087,0.9803492073102136,1,0.15433215015053967
fov0,1159,6436.561983471074,10400.404958677685,22.039374160515315,7.2141153878387625,-1.1232581853510966,121,0.9449106042531572,1,0.12087736333868862
fov0,1160,6440.420212765957,7121.946808510638,23.722818055254628,10.816453750569055,-1.2675424534886623,188,0.8900046390627719,1,0.38835227803408684
fov0,1161,6445.666666666667,8188.664783427495,85.28354254342983,12.677977950688662,-1.179324943684345,531,0.9888888500855275,1,0.15502835106097482
fov0,1162,6447.29596412556,6805.780269058296,38.70206194768419,8.739050098604594,-0.7603462865741418,223,0.9741729349140847,1,0.1790981263592363
fov0,1164,6445.007874015748,6736.322834645669,18.404168910532444,9.939774732744251,1.0407369891834888,127,0.8416118994771641,1,
fov0,1165,6512.9223813112285,6297.740768651092,183.30212278834594,49.54379327437995,-0.5855772960389147,2654,0.9627803906689275,1,0.258037038787055
fov0,1166,6447.247619047619,6681.2095238095235,14.67675469161238,9.508637489933966,-1.1543533354149493,105,0.761750430943633,1,
fov0,1167,6449.136,7054.24,14.851596314997668,11.55043509554284,-1.3310225044447603,125,0.6286065513647381,1,
fov0,1168,6486.247368421053,9662.068421052632,108.51280401585274,20.663762668227314,-0.5453966992744379,760,0.9817013677477264,1,0.3097632808865877
fov0,1169,6464.409618573798,6461.1658374792705,54.4346218498669,31.302663874977462,-0.7798430748234717,603,0.818117819684619,1,
fov0,1170,6458.480144404332,7571.306859205776,31.70505266123555,14.033180547601676,-0.5621586004829267,277,0.8967109919237782,1,0.23334879742284736
fov0,1171,6483.32334384858,7917.287066246056,112.6544543742272,8.928117600319148,-0.7959678378094857,634,0.9968545946192493,1,0.0850302411521568
fov0,1172,6449.058064516129,10307.025806451613,24.829313857857464,8.329229126595358,-1.4949938003336871,155,0.9420546301410498,1,0.23615188687965727
fov0,1174,6469.072072072072,6404.189189189189,49.23069901955311,20.020880007463827,-0.1827987056221798,444,0.9135730316738536,1,0.5552522890565786
fov0,1175,6481.505732484076,10309.263694267516,121.11161778425684,13.69268815181766,-0.9720796373340289,785,0.9935883421539978,1,0.137144338145682
fov0,1176,6464.346320346321,6162.08658008658,75.87706496446246,8.909843816437329,-1.2981510327877268,462,0.9930817856248421,1,0.32109938486541956
fov0,1177,6471.987155963303,8596.00366972477,59.91556821037779,16.960850653851075,1.1045991073878585,545,0.9590965388840818,1,0.7324217355241188
fov0,1178,6465.468468468468,8927.504504504504,20.62649856141834,7.181669004638634,-1.0254766932691226,111,0.9374288724743163,1,0.7677016289130395
fov0,1179,6469.389570552147,6059.383435582822,48.38514584536294,9.611413066325046,-1.373908643138806,326,0.9800717367911558,1,0.3590222425536139
fov0,1180,6466.085365853659,8103.4390243902435,27.645344394709863,8.10587374056634,-1.2595990723147255,164,0.9560482577421143,1,0.3913506486141628
fov0,1181,6468.745664739884,8399.00578034682,28.577709710191424,7.926783939509737,-1.432269435040149,173,0.9607613125669542,1,0.5213814655571175
fov0,1182,6537.6557377049185,8682.093273035613,174.06628406594564,47.278723409655065,-0.047582438381791506,1769,0.9624064618768104,1,0.573253972682633
fov0,1183,6508.356529209622,6237.285223367698,122.12499505845781,28.140399669973277,-0.6234049280559366,1164,0.9730905772383018,1,0.17645979227527187
fov0,1184,6486.19621749409,8342.411347517731,59.257557946755334,13.41388999553069,-0.9768910380303562,423,0.9740423413207508,1,0.2907874925025913
fov0,1185,6483.1754874651815,6714.791086350975,66.36736259686481,10.450491394850248,-1.2400966606830384,359,0.9875246776675938,1,0.13540309577206353
fov0,1187,6480.528925619835,7387.136363636364,32.86853382738589,10.647305069299303,1.066582800364147,242,0.9460789581552344,1,0.9949174508025738
fov0,1188,6478.008928571428,7588.258928571428,16.47334807908154,9.125190912406683,0.42170983424527414,112,0.8325588330188176,1,
fov0,1189,6481.526213592233,8523.398058252427,58.11145421758762,15.408989589391865,-1.5320165808943609,515,0.9642036855353947,1,1.1932847120702967
fov0,1190,6475.911564625851,10076.78911564626,25.29127897487752,7.9695997012431485,1.500235110726037,147,0.949054304867976,1,0.9373316466632897
fov0,1191,6510.38050185109,10183.058000822706,121.92251815421454,79.38586406531506,-1.513561150888921,2431,0.7589770925939807,0,
fov0,1192,6507.706976744186,6178.556589147287,70.49972735491184,18.482692313361337,-0.4729879048583349,645,0.965022557411932,1,0.22346937699497477
fov0,1193,6563.94586812554,8884.65649294558,228.49227927796403,66.10012970272889,-0.9994811769859804,3473,0.9572420348289886,1,0.9129371439477071
fov0,1194,6490.124352331606,9693.357512953367,29.663648695734793,9.777490272339579,-0.8558836960284336,193,0.9441165314995763,1,0.20114256751552176
fov0,1195,6497.268852459017,7216.685245901639,50.98837876984034,8.184010511866381,-0.8956870615022247,305,0.987034642039069,1,0.0690714929007398
fov0,1196,6522.111744583808,8480.45952109464,96.02033717405013,17.716794467201634,0.5877618915322456,877,0.9828304759973805,1,0.8591784221711962
fov0,1197,6518.687772925764,7624.872634643377,83.323324290071,54.50989465189298,-0.5594009493116935,1374,0.7563239246142116,1,
fov0,1198,6502.552795031056,7350.177018633541,30.592660515216416,18.797787651907242,-0.9291005058512264,322,0.7889525207016652,1,
fov0,1199,6524.762258543834,6908.624071322437,86.0698654691897,13.540484138104016,-0.6008684082186136,673,0.9875477288002331,1,0.33639884619057664
fov0,1200,6565.028882575758,7401.217329545455,176.02859237381864,66.17240223583431,-0.8195304530391083,2112,0.92665273463734,1,0.4743908910489345
fov0,1201,6526.192073170731,8387.323170731708,140.09507613169097,38.57663958080793,-1.1889675718538284,1312,0.9613410616572096,1,0.4879139248689225
fov0,1203,6512.505586592179,8583.95251396648,50.93624198207535,10.527383487876701,1.2902015269165703,358,0.9784090879324994,1,0.7934646270127979
fov0,1204,6509.21327014218,9954.578199052132,35.58803988040826,8.060344104392607,-1.100901364122467,211,0.9740134321232642,1,1.07745009376017
fov0,1205,6519.271739130435,9994.423913043478,34.78145461168995,22.39221060155188,0.6073059603316917,368,0.7651959796236878,1,
fov0,1206,6514.328767123287,7307.780821917808,33.8616618245272,8.476901872851219,-0.8712383652766288,219,0.9681581879753504,1,0.4904334197677861
fov0,1207,6518.5864978902955,6507.0822784810125,44.474718754222586,16.927222432173437,-1.1508286834933543,474,0.9247384318077109,1,0.18502953276617284
fov0,1208,6513.669879518072,10065.149397590361,58.74216240804607,10.75016291040161,1.5101010826913597,415,0.9831118129482221,1,0.9412802238599415
fov0,1209,6536.950495049505,8311.415841584158,67.64871201846692,11.212361480054888,0.02527643747499296,404,0.9861688288645616,1,0.5408977084806785
fov0,1210,6550.551310043668,6388.015283842795,74.24065560072538,53.560231598503876,-0.44117701738585174,916,0.6924762060239747,1,
fov0,1211,6527.843857634903,9759.458668197474,183.97293027657093,21.412905139257308,-1.5095264186003126,1742,0.9932033999352703,1,0.7424332019697507
fov0,1212,6523.9112903225805,8539.927419354839,15.77223388731839,11.78547445947523,-1.294038718908558,124,0.6645663636063506,1,
fov0,1213,6538.020910209102,6454.646986469865,63.84002712878,24.59671988403403,-1.0497003997945171,813,0.9227968792216729,1,0.2531059900455434
fov0,1214,6551.005069708492,6595.855513307984,85.6384193038068,20.74341927190735,-0.7503637507185724,789,0.9702211147096229,1,0.5599873011300224
fov0,1215,6536.371747211896,7163.014869888476,43.57450554217043,8.235352287906764,-0.8001021685313164,269,0.9819780999353013,1,0.11585503066527236
fov0,1216,6531.973509933775,8651.629139072847,23.663884857128124,8.868844500465485,-0.14960489910468266,151,0.9271121736572531,1,0.5937548361735359
fov0,1217,6527.357723577235,8992.317073170732,23.610180111436296,7.613164967456838,1.508902988891215,123,0.9465855974647739,1,1.2300423806778198
fov0,1218,6529.524193548387,9914.362903225807,23.179845531362176,7.089120906831757,-1.0695848695202375,124,0.9520857380031486,1,0.8551509289318024
fov0,1219,6545.658396946565,9864.219465648855,37.38486726153576,24.595219341524736,-0.316733145535215,524,0.7531119537159406,1,
fov0,1221,6544.207920792079,7942.019801980198,30.269460464929264,10.0834346212511,-0.6259930967917039,202,0.942883599352117,1,0.37453528108699213
fov0,1222,6547.654135338345,6030.097744360903,38.15844637362038,10.343061979806357,-0.39158449365333753,266,0.9625636819334759,1,0.5865114648787488
fov0,1223,6564.354509803921,8615.91843137255,90.90411794998187,33.501432958115785,1.2590249567713765,1275,0.9296135078112586,1,0.4988242950426382
fov0,1224,6545.672131147541,6870.926229508197,19.288668740567772,8.37105986886804,0.5396856589295913,122,0.9009184238240069,1,0.7224589630381246
fov0,1225,6579.945753033548,7514.291220556745,125.25840986968927,36.190691109849666,-0.9091317719497444,1401,0.957350759030635,1,0.3111847728557705
fov0,1227,6557.545851528384,7328.742358078603,32.75685435788844,9.715932031326767,-0.638914365822795,229,0.9549994399126738,1,0.4457680353583675
fov0,1228,6554.614130434783,6728.038043478261,29.644099658657055,8.15316179767484,-1.3739956282453611,184,0.9614342448976066,1,0.7871109397867017
fov0,1229,6559.925925925926,7231.624338624339,34.02718808273834,7.498534297008358,-1.06790045650744,189,0.9754166003139013,1,0.12027056822208324
fov0,1231,6585.029462738302,6822.665511265164,77.97681679957957,27.083846351237447,-1.0025701709945767,577,0.9377422132163485,1,0.397835429134391
fov0,1232,6564.749019607843,7592.8901960784315,21.379086943674277,15.543252428279057,-1.549524500231431,255,0.6866049586665396,1,
fov0,1233,6596.643705463183,8056.923990498813,105.86191730194692,35.76573640262222,0.28647722662877134,842,0.9411989914560402,1,0.4911715445494961
fov0,1234,6605.123417721519,8537.235759493671,88.06259678025168,59.61817700510121,-0.4691057240796351,1264,0.7359851158061348,1,
fov0,1235,6624.286478227655,7202.1130634071815,211.55153772036587,14.852621364589057,-0.7655913453348464,1309,0.9975323701173565,1,0.11679787277961044
fov0,1236,6595.209140201394,6526.616576297444,75.16259930207889,32.32703855679999,-0.5389275741457682,1291,0.9027837588098394,1,0.23360879801565546
fov0,1237,6628.438712179985,6172.568657874322,160.7435221679958,45.29610105112704,-0.7607745614359032,2578,0.9594757688404696,1,0.1719954689200846
fov0,1238,6576.489130434783,6961.913043478261,36.02392339210813,8.229172952666216,-1.0453264513429052,184,0.973558853823483,1,0.14230815085253284
fov0,1240,6594.613675213675,9901.280341880341,47.64027431541362,36.577185136602935,-0.604546650774955,585,0.6407151912525374,1,
fov0,1241,6581.807486631016,8451.529411764706,27.318747252070324,12.12806334821909,0.30448453728007363,187,0.8960532733575802,1,0.7373811759842493
fov0,1242,6594.190265486725,6455.990044247787,78.32592055940394,38.632720153749574,-1.0983616637218625,904,0.8698987499482953,1,0.14829924311593407
fov0,1243,6594.863192182411,7085.087947882736,55.702075455460204,9.20392569147239,-0.4358017178558905,307,0.9862542445029974,1,0.2886565274850236
fov0,1244,6599.500636942676,5956.383439490446,79.6856088523205,16.845770516034385,1.55044115853233,785,0.977398999776736,1,1.2570321322747275
fov0,1245,6597.3722627737225,6881.167883211679,22.954887996016822,7.965926339944493,-0.8986393211894652,137,0.9378557767004285,1,0.3699463644181954
fov0,1246,6618.833333333333,6376.27245508982,67.55629562255349,52.99982862959534,-0.32489561303981573,1002,0.6200929606343637,1,
fov0,1248,6605.591928251121,6670.29596412556,34.99311212227443,9.566809826827598,1.4371795464415296,223,0.9619029252021281,1,1.0665771446907815
fov0,1250,6626.053691275168,8600.711409395974,53.96773538169017,24.054862393284264,0.721644362838002,745,0.8951690785849732,1,0.3502517219543466
fov0,1251,6626.318681318681,6326.1510989010985,45.53870068844614,21.18819996457406,0.35728638473755525,364,0.8851640953635894,1,0.6514864018751907
fov0,1252,6620.967488789238,8742.140134529149,122.49479713532901,13.744736279022108,1.2755292234867088,892,0.9936848885392096,1,0.5055128934324035
fov0,1253,6625.97153024911,7876.437722419929,43.84404557980312,10.527801633286664,-0.6455180238812266,281,0.9707433855956444,1,0.38369843331620984
fov0,1254,6621.044897959184,6132.1061224489795,30.184612443050195,13.677002607208435,-1.1413408440861599,245,0.8914537233132421,1,0.12710074236823884
fov0,1255,6627.631016042781,6048.754010695187,32.5938335050191,7.771692375687744,-0.8447646140509474,187,0.9711570895505863,1,0.6209461134431075
fov0,1256,6648.065625,5858.5234375,54.86609174714005,22.112988967616076,-0.9468178446141948,640,0.9151842950780084,1,0.6467765724628092
fov0,1257,6642.103773584906,7009.233752620545,108.19798358854878,21.275642037636462,-1.3553748976275901,954,0.980476516129249,1,0.2954194332770613
fov0,1258,6657.575620767494,6739.9796839729115,68.63980378314864,11.568648951100226,-0.012339857528548895,443,0.985694574848747,1,0.6162287060056307
fov0,1260,6659.999230769231,6557.9761538461535,108.3071059866167,49.154311107939314,-0.9145263004491767,1300,0.8910821846949238,1,0.16198308144259183
fov0,1261,6642.098360655737,7547.581967213115,22.59254932404528,7.045728408835598,0.21584199708081553,122,0.9501278331504315,1,0.5192911174050571
fov0,1263,6644.761589403974,8010.801324503312,26.119434150910774,7.695943871622516,0.8264869563190737,151,0.9556069814994952,1,0.6041474222111908
fov0,1264,6661.556862745098,7969.619607843138,41.571273170325604,8.488261144413475,-0.3012533726802322,255,0.978932165107145,1,0.33922702073041366
fov0,1265,6688.786600496278,6185.725806451613,186.20729180623562,19.740494637499634,-1.000263073520513,1612,0.994364686025038,1,0.06992444938649027
fov0,1266,6658.099644128114,7097.8291814946615,28.81435742408691,16.26723989640857,-1.0287644015253428,281,0.8253966306565224,1,
fov0,1267,6663.621546961326,6086.350828729282,48.038300863869225,19.451454255594367,-1.2173835051982698,362,0.9143540945259301,1,0.19432978019578798
fov0,1268,6706.994098955969,6240.725374489332,218.79018805995176,54.164101026693324,-1.0110581822146452,2203,0.9688720950233597,1,0.11067468879610405
fov0,1269,6668.2991452991455,5924.273504273504,53.63929053585953,10.030926341534464,-1.5378107174613649,351,0.9823585685956289,1,0.8033986076633494
fov0,1270,6705.933333333333,7042.601307189542,101.82226326518685,22.446374943640542,-0.7342378755992589,765,0.9753990376668499,1,0.6026802686876123
fov0,1271,6742.020962199313,6050.452577319587,206.76948886564756,48.19204206186782,-0.7162787619933815,2910,0.9724596392512902,0,0.22072990282300234
fov0,1272,6685.3725490196075,7190.509803921569,17.14247208861273,8.961338367211471,-0.5805297407884501,102,0.8524820600095548,1,
fov0,1273,6693.063829787234,7841.642553191489,38.04754999595071,8.423497549534659,-0.3811437265485559,235,0.9751844527816217,1,0.07988142117002124
fov0,1274,6695.686131386861,6924.734306569343,106.70828092003748,23.618327632830397,-1.0930655520246628,685,0.975197728264217,1,0.8805581434562687
fov0,1275,6690.60625,6627.58125,25.465354967147675,8.392225354288758,-0.41004292175663387,160,0.9441365118909733,1,0.4989360804952065
fov0,1276,6694.461956521739,7706.054347826087,36.306835835979555,7.868746326047876,-0.5179562916070237,184,0.9762317939208622,1,0.29652233842441733
fov0,1277,6723.748743718593,7738.8777219430485,79.2834498934179,24.037397727373246,-0.29686592709312265,597,0.9529323383375758,1,0.19866565261281932
fov0,1278,6697.661971830986,6841.68544600939,28.959991094024243,11.282609232737109,1.1607548396820888,213,0.9209871388301362,1,1.0094574333178508
fov0,1279,6698.155462184874,6019.420168067227,20.77593586185629,14.985916900954637,1.4676476544440111,238,0.6926110283299034,1,
fov0,1280,6735.104183757178,6319.627563576702,169.02629237193509,11.81668992780718,-1.0249880069205737,1219,0.9975532771512223,1,0.6430329553169335
fov0,1281,6715.015197568389,5967.044072948328,44.932539215764734,19.528140075094385,-0.9285878940997078,658,0.9006186594778127,1,0.6462050099306064
fov0,1282,6705.84,8565.15,14.801134478342936,9.286378096653614,-0.9814836117726836,100,0.7786891773172263,1,
fov0,1283,6735.871308016877,6529.9092827004215,80.0124982277672,18.01359329011056,-0.8305979639928627,474,0.974327638492095,1,0.5608222044908862
fov0,1284,6739.7876506024095,6584.969879518072,85.8537106155736,11.919187555296553,-0.7833986887875333,664,0.9903160369281511,1,0.5571712029978243
fov0,1285,6749.474241354976,6726.309103740296,156.82837240436962,63.37815207801244,-0.875149790625115,1417,0.9147040895754791,1,0.2563605642654618
fov0,1286,6754.73309608541,6956.688612099644,83.45067382560096,16.548813585425417,-0.690360879696763,562,0.9801400512186793,1,0.7674819458041223
fov0,1287,6753.9314420803785,7133.399527186762,70.8173118443528,14.786110724443821,-0.3996007551269682,423,0.9779600031533423,1,0.17914996225704316
fov0,1288,6752.929036458333,7343.184895833333,161.39542309788445,47.71687608201792,-1.5496031615545123,1536,0.9552957175104284,1,1.0390954931831093
fov0,1289,6757.906444906445,6809.482328482329,52.12296014738289,14.923227389408472,-0.5780004902113686,481,0.9581375961535274,1,0.44971626281599897
fov0,1290,6749.80737704918,7779.168032786885,24.830024692158567,17.235063292835733,1.46934501038245,244,0.7198575017335078,1,
fov0,1291,6800.355920602327,6616.7077344284735,170.15616087766512,25.339623299151704,-0.9018382450738072,1461,0.9888492756357737,1,0.8091906051083393
fov0,1293,6762.45921450151,7485.2416918429,57.49325935519206,9.120482969835992,-0.9835704482011758,331,0.9873371852093555,1,0.6150820261286893
fov0,1294,6769.027613412229,6097.057199211045,53.49265672158183,15.610954426085234,-0.3015083284935169,507,0.9564691064748909,1,0.5243875484445731
fov0,1295,6763.322981366459,5965.189440993789,63.4784327645623,14.65959348675083,-1.274249546407932,644,0.9729684264157927,1,0.17851204757494174
fov0,1296,6792.172558418214,7586.984421809467,68.15424797665423,47.27129886946185,0.8104910509629989,1669,0.72036724175495,1,
fov0,1297,6764.736434108527,6972.240310077519,23.58701712012696,7.157483627332224,1.5705089015856717,129,0.9528473188540589,1,1.0611595008711783
fov0,1298,6768.648809523809,7039.130952380952,17.458317679478046,12.570084742106534,-1.1345242073198085,168,0.6939683570729063,1,
fov0,1299,6811.879320445226,6427.551845342707,163.12141405136634,28.849730154899305,-0.8375739330482324,1707,0.9842359339713653,1,0.5232214229644397
fov0,1300,6780.1,7721.63125,25.565406827324328,9.558993082610677,0.3768897282394001,160,0.9274676444242848,1,0.5150118634182043
fov0,1301,6782.982142857143,6904.808035714285,30.793599670727374,10.80751450747039,-0.8292170670926473,224,0.9363881056283094,1,0.952559157924144
fov0,1302,6780.044776119403,6160.977611940299,22.453460802520603,8.032335767554965,-1.0295314662346629,134,0.9338240517526962,1,0.6679316984348013
fov0,1303,6784.176282051282,6314.6057692307695,43.56419202864994,12.157000671633504,-1.3757905808628301,312,0.9602738192491356,1,0.6570399386675275
fov0,1304,6801.05306122449,6767.522448979592,62.68105661195501,11.091980472630926,-0.8254634171111098,490,0.9842182142487704,1,0.780862156736478
fov0,1305,6797.484848484848,7160.185185185185,73.37331764986646,30.81834221820747,-0.8431522500834666,594,0.9075143350724023,1,0.20681921618464033
fov0,1307,6795.969387755102,7381.678571428572,35.11779121746156,8.21715672368026,1.0796375319379858,196,0.9722393820814654,1,0.863604648517203
fov0,1308,6792.832,6571.544,20.656043227105965,8.056631938963697,1.4100884350297584,125,0.9207989631363408,1,1.1297002891330004
fov0,1310,6800.026946107784,6999.508982035928,48.36235435606254,10.35728563079652,1.3422414750090423,334,0.9767985772672949,1,0.747795957803382
fov0,1311,6806.420634920635,6522.047619047619,39.8616069829818,8.383335008639174,-0.8795616729524728,252,0.9776345314753594,1,0.585553464323979
fov0,1312,6818.918367346939,7185.233236151604,49.273721793204395,9.795474521671574,-0.7944565317299664,343,0.9800406628005582,1,0.20780552493756607
fov0,1313,6837.3,6052.4771929824565,74.7771161420945,17.342408722966695,-0.8522771489859509,570,0.9727345442763082,1,0.6238491613008753
fov0,1314,6825.096033402922,5906.361169102296,60.10091237036136,11.648674289808525,-1.1763365592883739,479,0.9810373860884279,1,0.14516294448359365
fov0,1315,6814.836477987421,7283.534591194969,27.930912475625426,7.839316815777681,1.5280526044168488,159,0.9598048780750539,1,1.1091726141935887
fov0,1316,6819.0114942528735,6151.3448275862065,40.688302535666885,9.056546106859749,1.5408592570334858,261,0.9749136223749165,1,1.1408056551516486
fov0,1317,6822.61369193154,6910.075794621027,55.98469608120624,17.091638899524966,1.1223092998837445,409,0.9522590200149421,1,0.8972083686697266
fov0,1318,6826.289915966387,7353.735294117647,28.63734427216472,17.71552840969083,1.2071655913045622,238,0.785693231325377,1,
fov0,1319,6853.916398713826,7541.882636655949,88.78952987208318,13.45698284368757,-1.1769714980219894,622,0.9884479875300464,1,0.783208570525152
fov0,1320,6877.654680063459,6266.545742993126,118.17976986439268,56.17977819590964,-0.7092096289630556,1891,0.8797829536033388,1,0.7432713701859689
fov0,1321,6876.169529499626,7310.997012696042,89.90147252578032,58.14386994650844,-0.5383002396884574,1339,0.7627011900540465,1,
fov0,1322,6851.868983957219,6665.729946524064,60.81712193475251,12.673895142789256,1.3602629502744785,374,0.9780450571354207,1,1.0527561166243833
fov0,1323,6847.934579439252,6881.485981308411,18.500016620237915,7.7384346318773085,1.3914770277775077,107,0.9083119736504199,1,0.9985927873116258
fov0,1324,6866.137535816619,7193.148997134671,42.00299000459749,18.035205048781513,-0.6206987610752621,349,0.9031243595767531,1,0.5850102005237431
fov0,1325,6857.477272727273,6443.651515151515,23.6194740432532,7.289637260728366,-1.3610420692381202,132,0.9511827347662173,1,0.9459961067582063
fov0,1326,6863.870192307692,6349.817307692308,33.39571277747859,8.49432240114342,1.1155547107665487,208,0.9671112687174329,1,1.1035400244126838
fov0,1327,6890.05636743215,7039.332637439109,83.30238642206798,77.47990818207305,1.3710638617946898,1437,0.3672954979913175,1,
fov0,1328,6898.733689839572,5841.532620320856,123.85695398244442,19.11153528064815,-0.7748697092703983,935,0.9880235296864082,1,0.16356704370424716
fov0,1330,6902.344696969697,6654.791666666667,79.14900415080322,25.056123771379617,-1.4389767513997085,528,0.948569473907902,1,0.8321740470546399
fov0,1331,6933.825108225108,6404.238961038961,90.83828765022828,61.0421176478584,-0.21646185641196194,1155,0.7405632497387794,1,
fov0,1332,6897.258064516129,6899.225806451613,27.76014296545917,9.6902884951175,-1.2678886212708775,186,0.9370959086926157,1,1.112162409722097
fov0,1333,6903.582210242587,7218.7035040431265,43.74562289882917,15.021542980698792,-1.5032978813616207,371,0.9391951294738193,1,0.8097826366152153
fov0,1334,6929.7892156862745,5762.990196078431,89.61990353479727,9.444973845199685,-0.7540514618092053,612,0.9944310470480283,1,0.5198422833621064
fov0,1335,6938.136327185244,6948.641539695269,77.68464148239354,61.16687305259613,-0.8389658594979387,1247,0.6164755140768895,0,
fov0,1337,6947.763779527559,7392.181102362205,24.561038989355104,6.841225026073233,0.3298389241803497,127,0.9604247092013852,1,0.5182887066196393
fov0,1338,6950.952380952381,6759.451247165533,56.66247784360682,23.724829300002305,-1.426936314120574,441,0.9081225786501057,1,0.7155953513800473
fov0,1339,6965.208333333333,6552.458333333333,31.386694872688388,8.52368246396672,0.2802709500452823,192,0.9624187104654404,1,0.7225480775132068
fov0,1340,6977.657024793389,6280.417355371901,36.59035139923371,11.803392720160218,-0.7575027247003898,242,0.9465414850974662,1,0.23101351617175334
fov0,1341,7024.6106666666665,5836.8672,187.69078889219074,57.09976331949772,-0.9055509693964502,1875,0.9526009988717963,1,0.7146373637924681
fov0,1342,6989.658823529412,6138.870588235294,26.278012360342228,8.808774562688923,-1.1802649630990913,170,0.9421417846261374,1,0.1501591712894883
fov0,1343,7021.336244541485,6603.032751091703,101.71724927010239,64.42518736360825,-1.0105645849861138,1374,0.7738448183752773,1,
fov0,1344,7023.942044257113,6108.734457323499,73.77461534121176,51.1296400754316,0.5241719455798497,949,0.7208876558794147,1,
fov0,1345,7000.891719745223,7204.28025477707,25.602109444474802,8.207799285550378,-1.3568613309085487,157,0.9472178078949929,1,0.49030285629886705
fov0,1346,7022.960264900662,6863.388520971303,94.40790649483762,52.50384531019962,-1.2166238057617997,906,0.8310898131059309,1,
fov0,1347,7016.2945205479455,7239.86301369863,25.118353104645454,7.695182398741766,0.1578525573004088,146,0.9519167035965896,1,0.6088288892881016
fov0,1348,7046.29648241206,7110.736180904522,58.65057395919335,10.079193265554396,-0.3625710822125266,398,0.9851228540643182,1,0.30075245137084883
fov0,1349,7041.651933701657,6975.267955801105,50.44452043458742,10.283181110809759,-0.7508371358045763,362,0.9790018626877526,1,0.24807053587130665
fov0,1350,7035.240663900415,7286.477178423236,27.39286704196568,15.194955333702778,-1.0578693423883545,241,0.8320472129732792,1,
fov0,1351,7057.408071748879,6518.198804185351,87.03874422570956,17.648554724744482,-0.4889715845535068,669,0.9792270855145472,1,0.3232139901982574
fov0,1352,7060.833333333333,6716.580246913581,26.265302134505784,8.344807306373491,-0.7950293348168752,162,0.9481871907700377,1,0.5207580876057893
fov0,1353,7062.776978417266,6280.079136690648,23.635253349231583,9.898241365039917,-1.2084142009869812,139,0.9080824547701045,1,0.7280818616539309
fov0,1354,7075.053475935829,5853.270053475936,33.15338776840831,19.187887375805552,-0.43632341727154444,374,0.8154972236142166,1,
fov0,1355,7062.728971962617,6315.915887850468,17.873004915707114,7.972845407489197,-1.2620086793278158,107,0.8949915471517023,1,0.7474981854609192
fov0,1356,7068.629310344828,6232.060344827586,15.01253171158059,10.182209943704823,-0.8146091149110559,116,0.7348336708170432,1,
fov0,1357,7081.795774647887,7071.281690140845,38.68387914800449,13.287217701575242,-0.17014395184530134,284,0.9391592456080688,1,0.329287875115693
fov0,1358,7077.229411764706,6563.094117647059,21.629634929116264,13.814690544491906,-0.5891787679085678,170,0.769461889145469,1,
fov0,1359,7084.660447761194,5897.429104477612,42.429201375759526,9.833788277641096,0.9160141612858949,268,0.9727707695023655,1,0.8380830129060736
fov0,1360,7083.478260869565,6413.608695652174,21.112260453282506,7.159502070320143,0.20979569881300308,115,0.9407446214608589,1,0.494143497867337
fov0,1362,7093.668016194332,6300.728744939272,38.87949358092052,8.705887441591678,-0.13005051642695326,247,0.9746075797548251,1,0.5802037592230472
fov0,1364,7138.678867403315,6195.9930939226515,170.48794530833186,22.368085972824122,-0.7585530227580392,1448,0.9913558675043748,1,0.21356617188527852
fov0,1365,7118.98167539267,5424.015183246073,103.2965851461095,72.78177341003352,1.4344004574117817,1910,0.70961432396677,1,
fov0,1366,7105.804878048781,6988.393292682927,59.51077690600997,10.463315232470809,-1.3240565366319983,328,0.9844219404624907,1,0.4067858973888572
fov0,1367,7113.503401360545,6533.678004535147,56.898730722060954,10.474245889817164,-1.172917415535535,441,0.9829101862569294,1,0.40235465251672103
fov0,1368,7122.161943319838,5826.823886639676,53.28792337091884,16.122995800105407,1.2762356581219956,494,0.9531291391466994,1,0.9580314924106158
fov0,1369,7171.051525423729,5700.304406779661,163.7191925549503,28.771935723494817,-0.47868588576104043,1475,0.9844366987223575,1,0.5013441976928127
fov0,1370,7129.301324503312,5890.23178807947,49.898956473843754,9.563676453407536,-1.1702403600351674,302,0.9814612158706735,1,0.808611588067239
fov0,1371,7137.695852534563,6160.930875576037,28.3832648370703,10.231630851600007,-1.1219282069176797,217,0.9327665133222379,1,0.25895330211327694
fov0,1372,7161.3497053045185,6319.4557956778,99.82943836795928,38.070261081649065,1.4585296290510268,1018,0.9244294722230746,1,1.10194350834272
fov0,1373,7143.127118644068,6989.576271186441,19.86103014795669,7.869791679390799,-0.34085144272982715,118,0.9181457315083181,1,0.341665059142038
fov0,1374,7185.805255023184,5727.712519319938,100.49360620333424,12.21254133103038,-0.6756844542260753,647,0.9925883030385976,1,0.6992363715572382
fov0,1375,7161.841379310345,6878.993103448276,61.89300525339386,11.817274374085335,-1.1798023528379615,435,0.9816035200309536,1,0.6087363183657007
fov0,1376,7177.3707482993195,6240.959183673469,48.00315563494814,8.686628762725567,-0.7768874650641485,294,0.9834905420934609,1,0.7170855729840878
fov0,1377,7184.120795107034,6658.633027522936,100.61524527100919,11.920512909873164,-1.0733291538591454,654,0.9929568911622294,1,0.6020855239837137
fov0,1378,7204.851388888889,5467.666666666667,80.65786449765248,25.66147084709599,-0.40380717417155076,720,0.9480396755772935,1,0.4675901517204177
fov0,1379,7199.113240418118,5579.721254355401,63.500791334891915,13.977050255355882,-0.33507291193980937,574,0.9754754446030286,1,0.286590428194864
fov0,1380,7185.948275862069,6738.9885057471265,28.36421835962707,9.585716816891463,1.0967013761818163,174,0.9411636951946767,1,1.0052113121242288
fov0,1381,7190.995614035088,6422.276315789473,32.90724852265798,10.965489383780199,-0.856443228408402,228,0.9428476423431038,1,0.5805962707382123
fov0,1382,7185.577981651376,6832.146788990825,18.925502242887298,7.645098737458563,-1.3275905709222862,109,0.9147777495886387,1,0.7022857345252624
fov0,1383,7197.71661237785,6299.537459283388,38.00417496926739,11.505163291780596,-0.972637577748383,307,0.9530750272475532,1,0.7857556471997509
fov0,1385,7212.969387755102,6350.901360544218,42.2135414805569,12.564770468467005,-0.9903928847440874,294,0.9546757296831545,1,0.7911846208581201
fov0,1386,7220.978062157221,6520.0950639853745,61.11263306787721,15.753952534479488,-0.8406601432257912,547,0.9662021632529846,1,0.14644671201370796
fov0,1387,7218.913621262458,6076.933554817276,38.650525602479384,10.732940888200105,-1.1008457800241964,301,0.9606701648328887,1,0.25250500890324556
fov0,1388,7221.875486381323,5908.284046692607,40.492836529477174,8.582250543391186,-0.9381199235403193,257,0.977281615325732,1,0.1342617119052565
fov0,1389,7242.782456140351,6610.540350877193,45.85616699197438,10.562790922227952,-0.4072871572234057,285,0.9731087591781675,1,0.20058524327670602
fov0,1390,7241.408967391304,6266.883152173913,67.71676418087645,17.811870095813358,1.0096297222748871,736,0.964786327879894,1,0.7628672092874685
fov0,1391,7249.007874015748,6677.311023622047,43.23598378922185,8.142345673963977,-0.3183348365424195,254,0.9821070779983094,1,0.4034541152520014
fov0,1392,7236.92,5949.82,17.1560815175119,7.658202593591169,-0.6420314720285145,100,0.8948414411389793,1,0.10615865945505362
fov0,1393,7245.912,6150.24,21.34155277642387,7.9561687445098,-0.21563361017757196,125,0.9279110070308492,1,0.33785378488334805
fov0,1394,7247.881656804734,6178.319526627219,22.51936299668723,13.439870521741325,-1.0773445837823297,169,0.8023796361150471,1,
fov0,1395,7438.330650955597,5442.095416008047,482.91925750131514,72.73772988976938,-0.13643127447761194,6959,0.9885915974472024,1,0.36603203518613914
fov0,1396,7289.75729894322,5652.220669890739,322.14950790345165,97.21813500101592,-1.4180225269883118,5583,0.9533777322980224,0,0.7413315441320512
fov0,1397,7308.834749763928,6387.3352219074595,187.71079508081888,74.51750645899153,-0.8695233428670951,2118,0.9178270873399087,1,0.2365336101359485
fov0,1398,7265.267379679144,5874.938502673796,42.76754785908952,13.427558006468702,-0.6995896466216946,374,0.9494342106607039,1,0.3448173955768192
fov0,1399,7271.478386167147,6530.296829971182,50.78955961979158,10.26313601459158,-0.47372837554701824,347,0.9793707170030731,1,0.17805626573059363
fov0,1400,7309.450691244239,6218.350230414747,119.79225685064775,36.04597526758073,0.02217954984008268,1085,0.9536544198923204,1,0.25789621866870827
fov0,1401,7276.924574209245,6473.126520681265,60.01996545251134,14.695652372835307,-0.9836498577077782,411,0.969561965203646,1,0.24964390406364673
fov0,1402,7268.253731343284,6002.888059701492,22.954767119953768,7.8624584019573565,-0.9408931346887548,134,0.9395106711663509,1,0.15420746268930516
fov0,1403,7272.459677419355,5417.991935483871,18.91546441001105,9.036704154195972,1.1432551217117985,124,0.8785004083998245,1,0.6424539577291981
fov0,1404,7287.070895522388,5932.764925373134,43.191639766089565,11.84078719494099,-0.6381626676260997,268,0.9616882692157063,1,0.3185378481185936
fov0,1405,7296.008064516129,6300.072580645161,20.524521431149626,8.037050211967609,-0.09281161931928404,124,0.9201428618827583,1,0.4261263685157071
fov0,1406,7331.212424849699,5842.434869739479,77.74607782465782,9.340154416518532,-0.3042478294800005,499,0.9927573631060792,1,0.4472189017557686
fov0,1407,7335.827450980392,6502.414379084968,92.84236712602693,19.093831552788835,-0.14480396985239816,765,0.9786237984421,1,0.33738772872228523
fov0,1408,7322.876218323587,5751.480506822612,81.89163787650189,29.903999004255887,1.1744608583637175,1026,0.9309426268230241,1,0.9778799303122149
fov0,1409,7327.08275862069,6150.610344827586,48.67115043289172,8.287977924886942,0.1903187251496088,290,0.9853948149295938,1,0.4674630265507659
fov0,1410,7356.724522292993,5278.9434713375795,101.2594785232252,30.537297838006108,0.5207596519979744,1256,0.9534425491246584,1,0.3512545700496087
fov0,1411,7317.864864864865,5681.864864864865,21.48776987140475,6.946217413828418,-1.287423768987969,111,0.9463089017459335,1,0.6664370706869811
fov0,1412,7335.287410926366,6282.237529691211,53.30798900060329,16.003731223798166,-0.19603080591316838,421,0.9538723084232222,1,0.31917180478055723
fov0,1413,7334.808695652174,5883.730434782608,20.421086423033213,7.3197575937441375,0.5986474124479467,115,0.933552326212741,1,0.5732329169518668
fov0,1414,7447.6758540372675,5309.653920807454,193.45774149427885,111.62720153494223,-0.5796397048446217,5152,0.8167365330551083,-1,
fov0,1415,7349.008547008547,6298.017094017094,20.909732567777276,7.319881053613162,-1.383580704008118,117,0.9367233463836059,1,0.6882190017222151
fov0,1416,7364.186943620178,5961.394658753709,52.02121262270206,9.71586169259825,-1.357942516584176,337,0.9824041804288007,1,0.5723154637395238
fov0,1417,7374.895061728395,5882.851851851852,25.61280446145145,8.335561189453452,-0.5091419085078231,162,0.9455609446752227,1,0.3541087043372547
fov0,1418,7389.186956521739,6186.239130434783,51.86976007073176,26.737075453671206,-0.6844629365705992,460,0.8569102904535788,1,
fov0,1419,7390.158620689655,6278.751724137931,28.33868749223067,7.807973562093125,0.20569737976174945,145,0.9612943443745953,1,0.4378537782682377
fov0,1421,7421.72,6243.0615384615385,53.75144045255394,8.32290420962827,-0.3585520814955328,325,0.9879394692080806,1,0.5954340892127342
fov0,1423,7411.787878787879,6210.916666666667,19.670262648237447,8.89030980832581,1.4694485226369303,132,0.8920346525001442,1,0.9654238698401663
fov0,1424,7437.897345132744,6394.053097345132,56.29238239963731,45.300198106372356,1.4233622089604836,565,0.5936402881611634,1,
fov0,1425,7446.453846153846,6280.2692307692305,21.48819955081249,7.892667682183572,0.45446852168604895,130,0.9301015712007364,1,0.7336759073076974
fov0,1426,7488.636029411765,6231.172794117647,36.943405287074114,9.89351328411413,-1.521179239749651,272,0.9634740030722473,1,0.9421026174131015
fov0,1427,7489.89,6317.4,17.41391995200443,7.359469539659906,-1.5421315213627365,100,0.9063070115623927,1,0.7145070632827162
fov0,1428,7501.9527027027025,6455.168918918919,25.39142366456971,8.198518558297941,-0.06850703372372063,148,0.9464380881969412,1,0.5136225208029166
fov0,1429,7530.477722772277,6404.903465346535,55.16285057467972,15.113822333337422,0.12538593737965759,404,0.9617338168605,1,0.5845115122801489
fov0,1430,7519.565400843881,6111.06329113924,35.21762690625853,10.29069787524179,0.15203830697283008,237,0.9563563036707461,1,0.6961458510916244
fov0,1431,7524.857534246576,5840.857534246576,41.10818860130768,11.94090241270451,-0.7625275329298925,365,0.9568825714772721,1,0.5975479313797653
fov0,1432,7538.623693379791,6217.480836236934,63.14420244901336,16.80679707473187,-1.5678383037411217,574,0.9639273938129547,1,0.6638212466076165
fov0,1433,7575.644880174292,5499.880174291939,76.29851693828479,59.262066484954765,-0.2933896469165865,918,0.6298544115339304,1,
fov0,1435,7613.560843699297,6323.758518117902,166.74006385520354,68.3680869296262,-1.4865701831067064,3698,0.9120729567460932,-1,0.40573665206907034
fov0,1436,7597.037878787879,5234.166666666667,37.44502984921609,9.708286313980327,-0.02682780949334248,264,0.9658055011173055,1,0.34719289154507854
fov0,1438,7597.329479768786,5145.9653179190755,28.189789140799352,8.50272867770255,0.9912495873435156,173,0.9534268256486256,1,0.44787994688711497
fov0,1439,7628.161428571429,6455.591428571429,46.703763175818665,23.195364929154188,-0.09788034753812938,700,0.8679516308091865,1,0.5040480841429384
fov0,1440,7639.787476280835,5188.998102466793,82.23036975893861,12.146228094610688,0.9034786783152244,527,0.9890307513490124,1,0.40995504268933003
fov0,1441,7645.977064220184,5338.284403669725,38.64612893184642,8.217223282760102,-0.1882400994873416,218,0.9771333674233974,1,0.27725561719374625
fov0,1442,7646.0687022900765,4912.259541984733,41.374090907107856,9.107122806513994,0.44672949891124725,262,0.975473575976861,1,0.24993858346282066
fov0,1443,7654.095588235294,5246.926470588235,25.682680650687917,15.3639047306998,0.39136537796543425,272,0.8013315763870559,1,
fov0,1444,7705.235772357723,5149.025868440503,122.2207157059115,21.32892546448702,-0.0007358862029673809,1353,0.9846551284524793,1,0.34351981484736116
fov0,1445,7705.842329545455,5709.048295454545,109.37099226625996,22.135554885858546,-0.45102412192834695,704,0.9793050785242148,1,0.41353974027253854
fov0,1446,7668.494505494506,6252.994505494506,31.81096811558178,7.695854510538426,-1.325754794534016,182,0.9702950616019365,1,0.08799946867397253
fov0,1447,7734.423005565863,5193.6113172541745,126.61558838256916,20.55282432381484,-0.09563709075529693,1078,0.9867374145621234,1,0.26824069119765176
fov0,1448,7692.216216216216,5688.459459459459,20.24281112031897,7.318634999361831,-0.7701717795430398,111,0.9323556594493491,1,0.504561421562731
fov0,1449,7699.574074074074,5842.475308641975,28.948060573314493,7.339132116394206,1.1311447437741677,162,0.9673281550933263,1,0.8347432722754544
fov0,1450,7723.597126795753,6096.432854465958,130.84264199866934,56.16114005302764,-1.2904592513199982,1601,0.903196845094737,1,0.3800043894662105
fov0,1451,7710.5207100591715,5770.455621301775,29.516327736250094,7.987570181077016,-0.6895850976888992,169,0.9626875682075242,1,0.4769415831612045
fov0,1452,7778.611623246493,5480.255711422846,187.33695421710766,65.64870356596141,-0.47951818148633246,2495,0.9365884965501459,1,0.21587318055006924
fov0,1453,7758.151685393258,5792.5842696629215,34.29872702462479,7.249397863519053,-0.17859618202550975,178,0.9774081630630113,1,0.40380008710671167
fov0,1455,7805.427503736921,5353.0612855007475,86.84831182069229,18.667116182967753,-0.24699128546430585,669,0.9766274075547836,1,0.18974345897909486
fov0,1456,7793.542510121458,5231.036437246964,40.07354847594404,8.498858540869536,0.2775596654048477,247,0.9772519810685234,1,0.1312363337397795
fov0,1457,7835.623430962343,6427.376569037657,31.374027363591587,11.492167323809321,-0.6844837230820888,239,0.9304985509693181,1,0.306629041619151
fov0,1458,7847.117794486216,5752.575187969925,90.82255542477253,32.33849151451607,-0.9256732988434863,798,0.9344622040388254,1,0.23027790008301524
fov0,1459,7857.628099173554,5906.5950413223145,21.537314039710612,7.465723537306115,-0.31904391796710496,121,0.9379977489003564,1,0.3274433970530005
fov0,1460,7870.014204545455,5313.644886363636,39.9437759560697,18.253797294730006,0.24761446479676102,352,0.8894732324443706,1,0.17509783089698158
fov0,1461,7912.862068965517,5738.098522167487,97.58050198179141,61.49428037395384,-0.7933574280083253,1421,0.7764407614903066,1,
fov0,1462,7899.415384615385,5231.88923076923,50.74792758812831,8.607959812714288,0.03683854709004451,325,0.985509214373089,1,0.15713886600083793
fov0,1463,7920.268253968254,5110.722222222223,102.88145616662618,10.401055274898956,-0.4494678818698277,630,0.9948765254435059,1,0.2472170608593498
fov0,1464,7894.075471698113,5998.698113207547,17.177766763588277,8.026931355541176,-0.9012687369908158,106,0.8841061678871452,1,0.4961041994129466
fov0,1465,8039.484329446064,5290.9271137026235,365.0283706006933,41.51091419333981,-0.11574828933640337,2744,0.993512874327093,1,0.03369662037957308
fov0,1466,7926.730158730159,5379.480725623583,45.91320224746842,14.636474559022576,-0.20025823524351538,441,0.9478268018744269,1,0.13415283830387667
fov0,1467,7942.067940552017,5653.061571125266,42.83448169809289,17.1649439148207,-0.8292737038100947,471,0.9161973988993569,1,0.5396519208197482
fov0,1468,8003.848383500557,5435.107023411371,147.76607761501418,9.164774990670264,-0.36623419376822464,897,0.9980747710356219,1,0.17186297831260128
fov0,1469,7957.696750902527,6408.418772563177,24.216926343380454,17.285655232106688,-0.5327098557061457,277,0.7003658767502426,1,
fov0,1470,7989.645616641902,5546.407875185735,86.9766103334647,68.961753659638,-0.9434275808703352,1346,0.6093817085630525,1,
fov0,1471,7961.649006622517,6014.6688741721855,28.088934973402765,7.335041766289526,0.675338473377879,151,0.9653019269664976,1,0.6269093282410225
fov0,1472,7977.034782608695,5413.7,39.028320348033766,7.912042640858425,-0.44032029423509156,230,0.9792355692747606,1,0.20026853245983078
fov0,1473,7992.41628959276,5619.666666666667,44.551515264441015,26.707841358729084,0.2530931373282816,663,0.8003880719082551,1,
fov0,1474,8000.268786127168,5684.179190751445,62.10735766832275,25.05878797394283,1.1738507114904015,692,0.9149905139553456,1,0.9662595525029078
fov0,1475,8053.6335671883435,5762.100917431193,133.47617090297777,72.85560868883162,-0.11540275419644686,1853,0.8378944283406428,1,
fov0,1476,8049.989799635701,6341.801092896175,185.77643727258604,33.42129064853338,-1.0095485012309555,2745,0.9836847959412011,1,1.009000278961649
fov0,1477,8059.458333333333,5244.451851851852,101.31269463841831,23.062533313266126,-0.10760733794185989,1080,0.9737460278892627,1,0.03339816972938853
fov0,1478,8028.429577464789,5972.950704225352,26.215661491461724,7.625089430022096,-0.37013902289976064,142,0.9567655999075549,1,0.3131831184996764
fov0,1479,8061.086153846154,5932.867692307692,44.28939212678244,13.541792009882544,-0.8304453172937485,325,0.9521095799526282,1,0.1858079667687454
fov0,1480,8059.253086419753,6045.185185185185,24.571788646884414,8.798812088731037,0.010397439818642246,162,0.9336886301177754,1,0.40418827535894003
fov0,1481,8100.674255691769,5181.721541155867,85.40628702017099,9.684574380397393,-0.13974417589899388,571,0.9935500812407329,1,0.05962107195221757
fov0,1482,8070.887096774193,6439.758064516129,18.896349082798075,16.71720467147008,-0.4015738892269737,248,0.4662005256700571,1,
fov0,1483,8098.250996015936,5218.003984063745,39.59536659656173,8.379180050019302,-0.17714706983141484,251,0.977351975485278,1,0.051193293598318874
fov0,1484,8128.102206736353,5887.635307781649,134.68610894555508,33.871251422312795,-1.0377728339271663,861,0.9678617452392633,1,0.21075570140293262
fov0,1485,8100.505681818182,5832.778409090909,28.93141344899489,8.51233728721153,-0.9128318438530391,176,0.9557362652589345,1,0.1658751306108468
fov0,1486,8102.3317757009345,6314.415887850468,18.91452838688927,17.410702786816866,0.9130700791641423,214,0.39075758165232677,1,
fov0,1487,8111.972222222223,5893.138888888889,18.86439583878367,7.520260814898725,-0.2971244021447124,108,0.9171038492005689,1,0.2944858538770119
fov0,1488,8129.584444444445,6094.946666666667,64.27722319148464,17.11435643183874,1.2348445324310022,450,0.9639016631081683,1,0.59320440274999
fov0,1489,8139.592178770949,5979.608938547486,46.91368419361475,15.452520922319042,-0.7160083220157659,358,0.944196763940167,1,0.13617810846920939
fov0,1490,8135.607843137255,5763.379901960784,35.14941380465671,18.202130000719563,-0.6709137170002262,408,0.8554713314190615,1,
fov0,1491,8219.822934888241,5810.833041788143,216.35167665284735,115.69415589934611,-0.4461644252111027,5145,0.8450100348154365,1,
fov0,1492,8158.430722891566,5235.936746987952,49.65787694009614,8.905270979147797,0.001535587186643575,332,0.9837885220701988,1,0.08706343171079729
fov0,1493,8262.946188340808,5596.85201793722,335.11990381132,160.37183230140334,-0.4031018219661257,6244,0.8780599749672586,1,0.10920056234272996
fov0,1495,8190.736572890026,7937.003836317135,55.6538367802958,26.041777700041163,0.12387965577544147,782,0.8837685965019928,1,0.30330572084914154
fov0,1496,8179.412825651302,8053.3426853707415,37.36033820929855,24.31193818401766,0.29030652258422845,499,0.7592989890315833,1,
fov0,1497,8203.438756855576,6024.90676416819,91.26367034153228,15.446826141056741,-0.7839764783807449,547,0.9855723051349243,1,0.7646466764747437
fov0,1498,8195.258620689656,5171.091954022989,29.351923506312293,9.181156026494088,0.045951896342093713,174,0.9498204240681338,1,0.10016426366399632
fov0,1499,8204.35744680851,5468.812765957447,37.98376964615835,9.512721815186756,-0.11915540813350446,235,0.9681316691901724,1,0.14566073819358102
fov0,1500,8193.19391634981,6096.718631178707,41.14207148019807,8.44044255769639,1.4699593628757135,263,0.9787297970048687,1,0.7280854842967248
fov0,1501,8215.944827586207,7969.2172413793105,44.43300483655994,11.469636091099678,-0.08850197502104984,290,0.9661093227763375,1,0.25716661900440396
fov0,1502,8244.615384615385,5211.634278002699,103.61079029793684,11.263513188052729,-0.2581187722310468,741,0.9940735229891842,1,0.10798667517053179
fov0,1503,8237.896739130434,8061.195652173913,49.64037759577913,20.38059546339938,0.25940560825114045,552,0.9118313894250136,1,0.13573601248314118
fov0,1504,8251.984575835475,8111.258354755784,84.99798076826929,37.85561852058843,0.3310078295198348,778,0.8953462192446652,1,0.1264488496828636
fov0,1505,8248.936201780416,6093.280415430267,52.64667785056124,38.196600948319436,-0.7784875060975097,674,0.6881934080640706,1,
fov0,1506,8231.152046783625,6130.953216374269,29.481142488259515,7.945796954823342,1.226156881730954,171,0.9629944177541409,1,0.6404284359024877
fov0,1507,8290.84960582171,5560.775015160703,139.22947742359491,37.002207580546674,-0.6213528300671289,1649,0.9640380707450577,1,0.20945271467570645
fov0,1508,8241.088235294117,5902.441176470588,20.87720792974561,10.469446837624652,-0.7490510465947039,170,0.8651707755225152,1,
fov0,1509,8267.45265780731,5933.559800664452,119.13385950010134,53.6964571637153,-1.0536037795139728,1204,0.8926634987131784,1,0.7133095082483372
fov0,1510,8275.720130932898,6042.219312602291,88.21789356909554,11.742439176809986,-0.34299131193309007,611,0.9911016426907845,1,0.6944922189337048
fov0,1511,8254.08176100629,8202.610062893082,28.89370270762064,7.326892470997056,0.19394264828998292,159,0.9673141701323085,1,0.15270147942426693
fov0,1512,8551.019370021724,5172.503439536567,726.6380305509549,72.14824402720015,-0.30525485410630204,5524,0.9950584903228957,1,0.04073814755615368
fov0,1513,8263.812949640287,5458.424460431655,25.268713228318987,7.149434108002725,-0.15389125201317536,139,0.9591387269765418,1,0.13307765023220533
fov0,1514,8286.89955357143,5135.763392857143,58.078672989384856,20.179282497996194,-0.13184367220316778,448,0.9376994834776525,1,0.08760605535747999
fov0,1515,8270.098181818183,7825.832727272727,46.24829837876575,9.709146469583528,-1.319191569392484,275,0.9777152987695085,1,0.824035794230236
fov0,1516,8278.198250728863,8008.265306122449,41.94224801586756,11.828810957657097,-0.14942570029649774,343,0.9594067164962286,1,0.26787199291862623
fov0,1517,8494.145304671085,5345.2246646193635,582.5469639633448,36.761581327506605,-0.23393308985093392,6187,0.9980068981165624,1,0.11200213193225349
fov0,1518,8388.690513219284,8146.73354069466,258.6748983289561,97.78912226715333,-0.164797219890432,3858,0.9257897932900636,1,0.31446581622199954
fov0,1519,8293.109271523179,7970.258278145695,43.261771608831346,11.055930493915344,-1.0309972667774538,302,0.9667934897518137,1,0.38016716405753953
fov0,1520,8311.40782122905,8068.594972067039,51.65453659625113,16.825030631263274,0.29785866950111256,358,0.9454655105498323,1,0.22820014066026725
fov0,1521,8307.903930131004,5853.720524017467,32.30641982375692,11.564062978972679,-0.5340098731539766,229,0.9337409922593519,1,0.5613002683082482
fov0,1522,8332.284511784512,6077.51936026936,156.644005379804,53.73968511968007,-1.1823230058868026,2376,0.9393102450268876,1,0.9319402885147797
fov0,1523,8340.419969512195,7393.768292682927,121.55160654171135,41.27305378534398,-0.4059035485097597,1312,0.9405873950868553,1,0.26756525084002525
fov0,1524,8315.845679012345,5182.074074074074,25.959583982479394,8.368167673637139,-0.36181637824004054,162,0.9466192998722229,1,0.12154987863489115
fov0,1525,8333.06929347826,7651.457880434783,55.460093050763135,40.95765362221532,-1.4612275613449437,736,0.6742460719901563,1,
fov0,1526,8342.297239915075,7445.813163481953,41.69307125969143,21.871952916361433,0.020231284074124768,471,0.8513522684063015,1,
fov0,1527,8324.778801843318,7523.4838709677415,35.32161885839909,9.417206512679567,-1.53457856063486,217,0.9638036375271879,1,0.5417980502136229
fov0,1528,8323.990291262136,5994.271844660194,20.514811355458807,6.8277967722262805,1.5362040785890358,103,0.9429893900722818,1,1.1399125693692758
fov0,1529,8385.692367601247,5426.31230529595,135.13055261272865,19.12115308986221,-0.1929010184595798,1284,0.9899380653601545,1,0.12608832232220077
fov0,1530,8361.412733260153,7343.100987925357,88.67599318900093,38.2748452384377,0.08864621591830708,911,0.9020527595796404,1,0.37129417257827235
fov0,1531,8361.175796178344,8300.256050955413,106.93106352811341,17.675499959475196,0.6643863888575531,785,0.9862436531140973,1,0.5435186241695384
fov0,1532,8353.982954545454,7957.401515151515,61.51442004277563,23.109054740656468,-0.9672159699894557,528,0.9267539451090473,1,0.5130507263256245
fov0,1533,8384.517127071824,7527.818784530386,104.03008031091953,32.36540521445411,0.017840828187039023,905,0.9503719996560287,1,0.4955625056150988
fov0,1534,8343.673913043478,7783.463768115942,87.75035889790645,15.63927647479686,1.5541750267279446,552,0.9839898252897399,1,1.1406404447676624
fov0,1535,8353.457943925234,8010.0373831775705,27.45421923590153,12.864871018668737,-0.2291872478763426,214,0.8834138622276355,1,0.3597885282526617
fov0,1536,8374.1025,7473.28375,91.17748540126004,17.03378498464182,-0.686228499094648,800,0.9823941460791719,1,0.28630095912245773
fov0,1537,8368.327651515152,5121.348484848485,68.49568384696124,12.37232712350428,-0.28135295071610844,528,0.9835512480692088,1,0.09236330355179889
fov0,1538,8384.524115755627,8107.168274383708,99.0217080653196,26.558131666810684,0.919261540570368,933,0.9633618217835129,1,0.5463964720258581
fov0,1539,8376.52316890882,5917.889387144993,55.06589240207474,24.77505260573157,-0.2418682164025438,669,0.8930706349055556,1,0.497453739791854
fov0,1540,8368.054112554113,5968.378787878788,45.04773123178208,27.1971331464133,0.41064878195000387,462,0.7971810248676501,1,
fov0,1541,8363.741379310344,8039.431034482759,19.505645792476884,8.837854133809067,-0.2973432238581213,116,0.8914637083752428,1,0.3341765527584074
fov0,1542,8400.17294117647,7228.569019607843,195.897624105362,66.42495865089832,-1.5231939954725173,2550,0.9407575566331448,1,0.5497876296227653
fov0,1543,8379.61716171617,7667.283828382839,38.89415576742322,13.338699296521131,0.05565327167283971,303,0.9393541421429348,1,0.5329328708025044
fov0,1544,8377.350253807106,5719.467005076142,28.05002859172968,10.069171888757591,-0.38233578205211066,197,0.9333483697731684,1,0.2510742402688976
fov0,1545,8378.197879858657,7262.187279151944,36.80159245193429,11.640795412164232,-0.9313056754538982,283,0.9486551243876369,1,0.45052536636419155
fov0,1546,8381.552036199095,7626.081447963801,38.04473109754261,9.230880354655904,-0.9931813250088365,221,0.9701183279589632,1,0.3922310647044793
fov0,1547,8389.079189686925,7986.696132596685,49.731223594464524,19.82049461301708,0.886185125031143,543,0.9171455975211803,1,0.6844899904217489
fov0,1548,8402.075388026607,7768.325942350332,76.7194017756312,8.767321396013246,-0.6537490624135747,451,0.9934488379035844,1,0.5901705465872571
fov0,1549,8389.975609756097,5780.731707317073,46.12631129389914,14.16220486059618,-1.166321092506639,328,0.9516995323884654,1,0.5050105395964828
fov0,1552,8420.713114754099,6121.327868852459,141.29068361393078,10.69984589147824,-1.1586449327173527,854,0.9971284128442496,1,0.7151274547826592
fov0,1553,8424.209523809524,8034.689523809524,84.06914814794496,14.069226077600993,-0.13262039280277277,525,0.985897036062397,1,0.2820664298921801
fov0,1555,8410.410052910052,7940.444444444444,45.32315378477813,15.105382589035798,-0.490050697757092,378,0.9428272573336319,1,0.38424438922836335
fov0,1557,8421.501506024097,8099.614457831325,49.76207516552145,19.787021741758622,0.32327511057227515,664,0.9175447350352351,1,0.33539015571484104
fov0,1558,8421.298701298701,5311.203463203463,35.533604958270175,9.080702065346859,-0.6199128950367319,231,0.966795176228378,1,0.18263373473144667
fov0,1559,8434.82905982906,7384.0641025641025,106.44645388036366,20.91015461489332,-0.8185096566963206,936,0.980516198640992,1,0.4039007079098729
fov0,1560,8468.567845659163,8223.665594855305,170.30396814593652,84.29687086380203,-0.360360913345197,3110,0.8689049938235576,1,0.19081508550029466
fov0,1561,8435.354124748492,7329.889336016096,50.894915237506,19.53143671816696,0.40159460466722063,497,0.9234328353350756,1,0.5065821949864479
fov0,1562,8422.132352941177,7693.698529411765,25.33297235374722,7.556078212449425,-0.7782567854266546,136,0.9544813835838571,1,0.6223613737455407
fov0,1563,8441.964686998395,5799.595505617977,77.66153722438892,18.86880444463206,-0.47330095712973935,623,0.9700358002709731,1,0.3023521933564302
fov0,1564,8439.767371601209,5738.477341389728,53.12046579479679,8.61113879024367,0.012276658327870857,331,0.9867733732523901,1,0.37189683934431655
fov0,1565,8429.031026252984,7129.684964200477,29.083635643253807,19.776420149507704,1.556343189065229,419,0.7332265271752973,1,
fov0,1566,8426.010256410256,5193.630769230769,23.213416828746144,13.15159878747721,-0.851455298084842,195,0.8240262543505559,1,
fov0,1567,8451.762605042017,5699.084033613445,56.61267100754431,18.133238060949946,0.09723254242067444,476,0.94731496986293,1,0.4041179357030082
fov0,1568,8436.16535433071,7961.165354330708,23.52758711367539,7.05678193651108,-0.07467311769075466,127,0.9539591715373518,1,0.3442181109513622
fov0,1569,8438.873646209386,7301.393501805054,22.916235483935992,18.64579187375684,-0.19821056020897204,277,0.5813552266934712,1,
fov0,1570,8453.0,7167.327988338192,52.86124750089419,20.115756905694973,-0.6949717333774766,686,0.9247649453772099,1,0.27744625868475264
fov0,1571,8447.469945355191,8062.147540983607,25.265714655990678,11.525786674922522,-0.4097513640220185,183,0.8898860448668541,1,0.19992325001385441
fov0,1572,8452.037735849057,7077.2830188679245,28.48115834968058,7.323417769395989,-0.5901528530351724,159,0.9663762851256111,1,0.11405077123064213
fov0,1573,8487.93909866017,7233.899715793747,139.00555331731442,67.80234464167752,-1.2147009664632338,2463,0.8729737641432094,0,0.29436184101308943
fov0,1574,8451.972972972973,5146.342342342342,16.08256375573787,9.571229145411008,-1.2356197719315807,111,0.8036288463253021,1,
fov0,1575,8480.28417266187,7843.070143884892,69.66590834995785,15.938589239724017,-0.23050237685411795,556,0.973476725517351,1,0.2539772469749211
fov0,1576,8514.623684210526,5397.5121052631575,158.3147673182171,26.260916984944505,-0.4552513661201575,1900,0.9861463030414563,1,0.12855571262826224
fov0,1577,8463.893203883496,8084.097087378641,33.42760886991629,10.160341387612496,-0.4946751738860755,206,0.9526877976338524,1,0.23124812051239363
fov0,1578,8540.65994623656,5802.647849462365,156.76062506470177,37.38858773630207,-0.24102127665248843,1488,0.9711406507071135,1,0.4360443110322123
fov0,1579,8477.403603603603,5947.190990990991,46.28425001543276,29.949955714338355,-1.4792597129762166,555,0.7624158162599908,1,
fov0,1580,8493.05298013245,6982.9933774834435,81.07155885850707,20.08954565936831,-0.7600301685489418,755,0.9688111674840078,1,0.10126381698228167
fov0,1581,8469.48947368421,7114.602631578948,32.99253578305517,20.79261417452055,1.4060714488146813,380,0.7764151758787977,1,
fov0,1582,8490.386138613861,8306.239603960395,60.752206965968426,22.19472309879776,-0.6329038309912391,505,0.9308773044567071,1,0.34338157684197734
fov0,1584,8665.006271626298,5077.66392733564,375.72326069364624,49.80493535290904,-0.22419324310939334,4624,0.9911753173589677,1,0.055638282449983895
fov0,1585,8489.307359307359,7329.987012987013,36.05459755463817,9.409735525677325,-0.46026040928328665,231,0.9653426582431519,1,0.3367314047247801
fov0,1586,8515.28947368421,5250.86032388664,91.56652986212806,8.81241333621877,-0.20128618167869541,494,0.9953581045231619,1,0.11645561886425078
fov0,1587,8493.2625,8170.35,48.6503687505875,27.440204713477875,-1.0091740751035412,560,0.8257551783785374,1,
fov0,1588,8507.524916943521,7609.914451827242,94.46359862740786,56.69932801379397,-1.3936788179587019,1204,0.7998318795613637,1,
fov0,1589,8505.325,8262.295833333334,82.10073929601968,12.449029250075368,-0.6668587636894968,480,0.9884371478902341,1,0.25341976339472955
fov0,1590,8500.444180522565,7053.622327790974,56.99822540828182,25.769229021925014,-0.6136646030434143,421,0.8919643121240602,1,0.12630699921447772
fov0,1591,8489.602564102564,5731.790598290599,39.32830001162582,8.959808620848882,-1.3346435489786144,234,0.9737030545746066,1,0.5383372689496321
fov0,1592,8524.583541147133,5978.190773067332,109.75310382251497,20.78643647312458,-0.6542108425169852,802,0.9819014236946079,1,0.27227097655932375
fov0,1593,8508.747619047619,5847.6,49.44551117976784,12.988654394983113,-0.40477364845025254,420,0.9648813140332846,1,0.3281351268654593
fov0,1594,8500.482051282052,7135.102564102564,26.38461268455611,11.51617724784479,-0.18061268125462643,195,0.8997172418530308,1,0.40095085793969043
fov0,1595,8511.142857142857,8065.3545918367345,51.38931540528487,11.82629232358312,-0.27496466886724186,392,0.9731595776613835,1,0.16669449710445927
fov0,1596,8547.22118263473,5547.029940119761,97.74381864527149,78.92345468992683,-0.9377385532868723,2672,0.5899330941749966,1,
fov0,1598,8554.520428015565,5187.387159533074,136.82258700203167,22.288339101082983,-0.37410674771287167,1028,0.9866426575192351,1,0.06865792424493415
fov0,1599,8526.228381374724,7001.110864745011,43.42345217668469,16.776808640235465,-0.45601390113686346,451,0.9223507293197092,1,0.12392973335534027
fov0,1600,8519.423220973782,7104.749063670412,25.344009429365595,15.888503064089143,1.2242614771121683,267,0.7790888228093475,1,
fov0,1601,8541.756756756757,7956.542792792793,70.81065191225245,18.022306392739253,0.6420142281244576,444,0.9670690741106278,1,0.5755859293559284
fov0,1602,8583.905520563172,5925.894034827714,248.512446385995,106.94467244295156,-1.2008348451643587,5398,0.9026672067268315,0,0.3466610865306175
fov0,1603,8582.758203799654,7532.6894645941275,134.366096222081,84.88485693012711,-0.06728609468463449,2895,0.7751778051357289,0,
fov0,1605,8623.127909656603,7808.479834063148,250.286978758621,84.17445608185834,-0.6907631443377409,4339,0.9417507076617939,1,0.357339913039091
fov0,1606,8529.910052910052,5777.3015873015875,28.793948171451106,8.580216717809952,-1.159892309389336,189,0.9545699880048735,1,0.528984788914731
fov0,1607,8539.942028985508,8371.11231884058,44.488801118665116,9.511149822660109,0.6722938623979443,276,0.9768801883585146,1,0.5673648851716195
fov0,1608,8593.17894736842,5721.161403508772,149.69187032760593,15.773085442194382,0.011964559647188218,1140,0.9944330487230074,1,0.34803225448132924
fov0,1609,8556.946629213484,7076.401685393258,57.266590899658446,11.083961088875443,-0.13423917580262082,356,0.981090369713153,1,0.39642102276540464
fov0,1610,8608.978997613365,7621.737470167064,154.85422282797,60.79553123632695,-0.1572226450882476,2095,0.9197099759862871,1,0.12588232396691576
fov0,1611,8547.07438016529,7213.727272727273,20.98340985335405,7.6496459585682635,-0.5424544966884757,121,0.9311811303675603,1,0.5238550884480071
fov0,1612,8561.318604651164,8425.058139534884,49.576303012123724,19.492404008922644,0.4429925266265386,430,0.9194615791906583,1,0.4723357283511355
fov0,1613,8547.76838235294,7142.702205882353,44.77944987694035,11.243041071027694,1.2814907894034928,272,0.9679674003018107,1,0.8431791922505206
fov0,1614,8551.809090909092,7423.940909090909,25.662979515950603,12.996843026092593,0.0707122766187642,220,0.8622732882686692,1,
fov0,1615,8560.89010989011,7041.978021978022,29.30772063797781,10.051487117180516,-0.6138703309257196,182,0.9393486225830133,1,0.14148224579802798
fov0,1616,8557.469026548673,5753.265486725663,14.647096289636979,10.284493999058903,-0.7892344936444015,113,0.7120266773909916,1,
fov0,1617,8586.727091633466,8255.83266932271,96.11298254296894,29.96069054595242,0.2529095141575424,1004,0.9501728057265836,1,0.4502246909035945
fov0,1618,8555.95145631068,5853.689320388349,17.59313323367707,7.685985124221272,-1.4635689829344463,103,0.8995226385225951,1,0.41660226863175404
fov0,1619,8575.205776173285,8147.140794223827,52.4268200535241,8.63252640444294,-0.12017485139362954,277,0.9863506211704781,1,0.17476340575017113
fov0,1620,8595.27034120735,6947.023622047244,88.58258935185458,24.276818338555774,0.45582347968844583,762,0.9617130011903421,1,0.4258583874882698
fov0,1621,8578.04469273743,6993.122905027933,24.540952097183293,14.01411413820751,0.23594677456379512,179,0.8209151827458383,1,
fov0,1622,8591.539024390244,7378.631707317073,69.6605938929904,12.467997532145677,0.06801527007258946,410,0.9838523351532587,1,0.1841119302909157
fov0,1623,8580.157303370786,7275.747191011236,29.25332516201083,8.281139305087002,0.15120625390053338,178,0.95909521062006,1,0.41289223711558476
fov0,1624,8595.468144044322,5492.016620498615,54.95246158612945,8.787184941042995,-0.10956041084910136,361,0.9871323739164288,1,0.1435826477118008
fov0,1625,8594.677165354331,8404.05905511811,34.616077577611605,10.532471293686566,-0.18029486569936193,254,0.9525873325203957,1,0.3472787253299354
fov0,1626,8591.177419354839,5647.3387096774195,19.45829568659372,8.984036863189319,-0.43172302757534486,124,0.8870323463125794,1,0.13276416069764999
fov0,1627,8723.64980681419,7299.876712328767,314.74324526695455,77.62251498570753,0.0953331354406933,5694,0.9691118283642193,0,0.11676510747354614
fov0,1628,8615.712979890312,7457.281535648995,73.35155446695407,13.110614674567257,-0.2292318211771947,547,0.9838969420689988,1,0.09981715287706097
fov0,1629,8593.03738317757,8302.73831775701,18.83303476676804,7.543810726373537,-0.9609296208153306,107,0.9162693631631165,1,0.549812052069653
fov0,1630,8609.850364963504,5602.3978102189785,49.03846166950415,9.69853633257452,-0.433595406349924,274,0.9802476298213476,1,0.10908661308894223
fov0,1631,8601.955128205129,5680.852564102564,27.64405421132019,7.52026985822661,-0.19695731410618125,156,0.9622861349154501,1,0.21803324472435917
fov0,1632,8609.792828685258,7017.0,41.8133628195102,9.2486563225341,-0.35831040781081896,251,0.9752309582353021,1,0.22190633591379036
fov0,1633,8604.244186046511,5756.226744186047,23.826849733101486,11.45638607167387,0.5814096023454717,172,0.8768202407515969,1,0.5404220981748873
fov0,1634,8625.015576323987,7416.120716510904,76.04891940092423,37.53578836638528,-0.3432812894519945,1284,0.8697036619505525,0,0.1658534665122802
fov0,1635,8847.35437678994,5318.587847092516,480.19544680603235,68.94687530390974,-0.21331894560825504,8031,0.9896385888756446,-1,0.17398841361614628
fov0,1636,8627.965675057209,6914.524027459955,67.61173164987376,9.145832381071784,-0.05718686601080965,437,0.9908087874791213,1,0.16168820506403314
fov0,1637,8709.8431085044,6817.701246334311,226.92032814191396,58.820565331284264,-0.16439721630356985,2728,0.9658203383937709,1,0.10235826882135024
fov0,1638,8640.51823899371,7997.635220125786,114.32610677158942,23.71074463193764,-1.1426454923873655,795,0.9782571326040954,1,0.48029382967282586
fov0,1639,8636.96,8086.628571428571,26.775238292455555,8.95110266235494,-0.4649993677238321,175,0.9424648542735199,1,0.5275127918495648
fov0,1640,8646.375757575757,8336.2,22.071158864469407,11.354400998956397,-0.4331796951152383,165,0.8575232769831895,1,
fov0,1641,8644.617647058823,5800.851393188855,72.94201620395346,13.11778676282906,1.4244052405551597,646,0.9836961392034734,1,0.9293704496486831
fov0,1643,8656.1127348643,8207.943632567849,46.61553250609451,25.374007224551836,1.0161524898560057,479,0.8388743167965669,1,
fov0,1644,8702.349,4746.293,99.73793506785319,34.05451377425179,0.4379899953144866,1000,0.9399035976039469,1,0.4684437073545987
fov0,1645,8751.662399523668,5684.30395951176,241.0603995793639,64.50084205990318,-0.5238263054196424,3359,0.9635380660979731,1,0.321766819105389
fov0,1646,8694.746323529413,6888.191176470588,82.76616481371705,9.963192559278525,-0.003675397280926788,544,0.9927281765972809,1,0.13174604437808454
fov0,1647,8673.329411764706,8057.532352941176,49.735858154603356,10.584269770104646,-0.9349911828770646,340,0.9770936800945227,1,0.6764614692600824
fov0,1648,8674.895833333334,7109.366071428572,29.886187990682124,17.19144097128144,-0.041415511404675975,336,0.8179915027626452,1,
fov0,1649,8677.779487179487,5652.148717948718,33.66632071187743,8.681887348769017,-0.605055184931414,195,0.9661768222481383,1,0.3478030913349822
fov0,1650,8676.538961038961,7448.045454545455,22.86914047343048,9.403488088729247,-0.4591600452482946,154,0.9115511160259582,1,0.2288096227967183
fov0,1651,8743.93789954338,5766.216438356164,182.22292249159202,52.83530746941185,-0.8340971510386641,2190,0.9570421756455224,1,0.6938827127585795
fov0,1652,8680.666666666666,8111.269503546099,22.83562165697621,8.138352969258609,0.3343800840715904,141,0.9343378598944836,1,0.4736682738210782
fov0,1653,8709.055555555555,5211.137037037037,91.940020745005,10.611722867923293,-0.2386778777261171,540,0.9933167719086748,1,0.14920840148499623
fov0,1654,8694.503667481662,8282.281173594132,48.55462375904892,16.3099556962421,-0.38137872692704966,409,0.941894292854681,1,0.23609436309336354
fov0,1655,8779.560378847671,6746.056432517758,243.147927906393,36.25554339300255,-0.1008368758297852,2534,0.9888207660300383,1,0.319221206506784
fov0,1656,8693.926199261992,7684.738007380074,42.521667165150745,10.900045663781878,-0.4588067216604649,271,0.96658641828087,1,0.13044888149119802
fov0,1657,8702.483204134367,8396.007751937985,43.75106357092334,26.232890475699687,0.032854338524267244,387,0.8003040776863789,1,
fov0,1658,8726.353512278698,8510.251284980011,95.5648032505912,47.621315822848665,0.6300368206947828,1751,0.8669964113031717,1,0.38751806934539945
fov0,1659,8703.146103896104,5242.480519480519,51.308183211161975,8.384005803500612,-0.4304370528710726,308,0.9865590991570486,1,0.21935087522445124
fov0,1660,8691.96319018405,5768.803680981595,21.454496587931065,12.626731026095333,1.2273503552431824,163,0.808471438435855,1,
fov0,1662,8733.518276762403,4707.843342036554,83.2435285377257,19.655172900602086,0.5081402454932356,766,0.9717247477606784,1,0.47418910562975225
fov0,1664,8697.513966480446,7988.8379888268155,28.773810900562882,9.041309749857275,-1.2024761250230658,179,0.9493501611677123,1,0.6793980828619985
fov0,1665,8708.1328125,8092.6796875,21.716931970347865,8.121024422465608,1.3987367100813428,128,0.9274492789691555,1,1.0252731735654492
fov0,1666,8714.119266055046,5654.724770642202,18.591785606853005,7.8370696026142435,0.7113533332591514,109,0.9068126012075156,1,0.636005383138821
fov0,1667,8723.208984375,6668.41015625,74.26931000576943,10.116096053932418,-1.2712371325061298,512,0.9906802211074107,1,0.6347486632957312
fov0,1668,8722.434210526315,5431.9473684210525,24.304520137086683,8.112231902880621,0.13654815742241908,152,0.9426529080052819,1,0.147720239484373
fov0,1669,8722.099290780141,6846.808510638298,22.56078542761723,8.077453493435245,0.1909476358283751,141,0.9337098197846199,1,0.13938638321225771
fov0,1670,8733.002024291498,8354.536437246963,52.59275042205622,19.920223462825778,-0.5473404839868174,494,0.9254934240727941,1,0.32782799247397354
fov0,1671,8732.387267904509,4826.803713527852,71.31381747280267,21.49633902042,-1.1929218307598959,754,0.953487355656443,1,0.8067710901067233
fov0,1672,8735.345098039215,8150.229411764706,40.885713966298766,22.826091270251315,-0.11776729379292548,510,0.8296457747104525,1,
fov0,1673,8801.692173913043,7139.697971014492,205.57153592206492,28.31999076907158,0.2511214437159328,1725,0.9904653306709867,1,0.3070295264565901
fov0,1674,8729.313432835821,5467.865671641791,24.198499470533097,7.6979635315160575,-0.3211857527644928,134,0.9480513304561066,1,0.16709489917022025
fov0,1676,8746.697217675941,7639.409165302783,75.64192979435397,14.151128431644512,-0.5400280489963334,611,0.9823445905126855,1,0.12366128321482292
fov0,1677,8736.041198501873,8418.715355805243,31.594525038216574,17.83018948254513,1.475247050435028,267,0.8255395409705798,1,
fov0,1678,8882.119465081723,8412.432392273402,302.6296474267063,64.48972694383757,0.144001284231372,3365,0.9770308627184122,1,0.2932988223931443
fov0,1679,8780.779527559054,5142.804724409449,107.52769816922066,8.6650701859598,-0.08180276834420509,635,0.9967477774118643,1,0.09670098707750051
fov0,1680,8764.948529411764,7569.242647058823,55.235300557089204,13.62231035400049,-0.05299454017970657,408,0.9691114298612297,1,0.33562826897331166
fov0,1681,8766.148401826484,7094.068493150685,64.66158712155485,11.315509771846415,0.8504585435466057,438,0.9845691699793402,1,0.5335095313770418
fov0,1682,8767.709172259509,4873.006711409396,56.41643441383751,13.958460744511646,0.7315954145915979,447,0.9689087487156628,1,0.5609265982534006
fov0,1683,8760.549295774648,4781.133802816901,22.309840379553403,8.703361813972505,0.6650569032884881,142,0.9207669305672326,1,0.5657448061553603
fov0,1684,8759.5,7840.346153846154,21.715732719147038,8.495371161332,-0.7243746685439942,130,0.9203022329679049,1,0.12852246602119766
fov0,1685,8767.44347826087,5435.478260869565,28.163190164492516,15.216479895210789,-0.16391722250389515,230,0.8414745571863678,1,
fov0,1686,8768.212435233161,7419.344559585492,28.667897856245798,20.48597348539199,-0.5244200529397204,386,0.699537090197803,1,
fov0,1687,8797.116504854368,8191.398058252427,112.09000233885573,17.478512897165402,-0.026266552593193007,1030,0.987767658929532,1,0.3977550919370138
fov0,1688,8774.42071197411,6611.349514563107,39.36140437391079,11.125211209117147,0.5396921731311264,309,0.9592252804156812,1,0.6849493548281299
fov0,1689,8768.704545454546,7871.9375,23.113553091131976,12.534857442616945,0.8589075583317025,176,0.8401743812144735,1,
fov0,1691,8775.065573770491,4849.737704918033,31.25776444477913,10.402346531071098,-0.41939194701186955,183,0.9430001149193469,1,0.5210390217428524
fov0,1692,8802.854961832061,7043.372773536896,75.30948480332631,36.68888430483798,-0.018393487643383527,786,0.8733044714839918,1,0.2860764876489047
fov0,1694,8821.793338380015,6687.112036336109,101.33951515386255,52.629407397724194,-0.07257041087294352,1321,0.854569243765778,0,
fov0,1695,8847.50818746471,8462.903444381705,195.0118300992081,19.038487353567287,0.278413779856999,1771,0.9952230410167809,1,0.27165892883229664
fov0,1696,8797.8031496063,6999.837270341207,50.26319349322434,11.92191209559174,-0.1757347178274749,381,0.9714633514905123,1,0.32444205164756235
fov0,1697,8866.758971612213,8082.993840385646,200.5726347827953,81.85189047922334,-0.4391723789490632,3734,0.9129412478208698,1,0.4857771375936554
fov0,1698,8797.914012738853,5188.474522292993,43.30977690388586,9.415099145182811,-0.138311422293868,314,0.9760848943479872,1,0.11354864990990389
fov0,1699,8874.558168316831,5487.922277227723,171.39431544504316,79.69543647839363,0.07755982531527925,4040,0.885319628710604,1,0.3129622261799601
fov0,1700,8804.219101123595,4804.228932584269,64.75888144943957,43.942579458319905,1.0723512973018945,712,0.7345479339560596,1,
fov0,1701,8799.912280701754,7732.228070175439,41.31556528947648,10.25560655726816,-0.5589924742532597,285,0.9687020925989605,1,0.059354843676076754
fov0,1702,8858.748271092669,8262.588658367911,144.70142985475084,82.07955683020299,0.2196774355084716,3615,0.8235567371201166,1,
fov0,1703,8815.688622754491,4994.27744510978,72.86370732027315,11.49023037239719,-0.19320700935850055,501,0.9874878929462836,1,0.33878116860037466
fov0,1704,8802.518248175182,7878.065693430657,23.233261341092295,7.783260608332625,-0.2736633154122325,137,0.9422163209108777,1,0.17166670330635442
fov0,1705,8816.488734835355,7100.861351819757,57.28251640736139,18.6011190730172,-0.6945130743468843,577,0.9458081533291663,1,0.5004641983052719
fov0,1706,8810.392857142857,7398.875,39.13155660338027,8.280900833410145,0.2433019169937631,224,0.9773526817717498,1,0.39692821916298177
fov0,1708,8845.517454954956,5753.7246621621625,103.07454313522108,42.43125851126826,-0.49050836316751406,1776,0.9113392906373777,1,0.2340277164228271
fov0,1709,8813.357142857143,5292.388392857143,32.852683435291524,9.104375197297998,0.2949470341805807,224,0.9608332134121804,1,0.28028833554401156
fov0,1710,8844.50331925166,4901.113458056729,125.05039782678699,33.931415059907906,0.6962051569284664,1657,0.962483019267199,1,0.4533067050049935
fov0,1711,8812.502958579882,7803.10650887574,26.66773285126797,9.141204563735212,-0.6954470632147733,169,0.9394151726012242,1,0.11743378499266252
fov0,1712,8815.219298245614,4739.076023391813,36.127903511048125,16.156229714305056,1.3294372952911278,342,0.8944363237731525,1,0.45668363150024616
fov0,1713,8817.108527131782,5559.736434108527,23.447990301456876,7.206288131417727,-0.13835350357054096,129,0.951602762886661,1,0.2672817337381609
fov0,1714,8840.198481561822,7945.334056399132,61.68343222995288,29.34765762962851,-0.40790197231096226,922,0.8795650712284645,0,0.09265445284014273
fov0,1715,8880.435179549604,6581.437005477785,169.97618921428065,31.78451370407507,-0.7612880620336719,1643,0.9823610712845707,1,0.6046647555094499
fov0,1716,8826.80082987552,6512.103734439834,28.942239113382904,12.035066535262157,0.11721109924527329,241,0.9094421218744451,1,0.42093480923734533
fov0,1717,8830.086253369273,7607.514824797844,36.4696186600585,17.015947734522157,-0.5173208846725966,371,0.8844796801874707,1,0.19484900768411378
fov0,1719,8827.57264957265,7908.717948717948,18.49267149111267,8.6852194971234,-0.5428269118121817,117,0.8828487711697799,1,0.09582088743942584
fov0,1720,8859.151009657595,5683.741878841089,100.85779033320615,27.293473840047444,-0.35647247152078815,1139,0.9626880931874773,1,0.345790236636447
fov0,1721,8856.383542538355,4779.986052998605,59.54457630884373,19.904448252818405,0.13513809050026138,717,0.9424744809043945,1,0.37024451131083974
fov0,1722,8891.913774973711,5181.521556256572,150.3925466653697,14.26781898619148,-0.06541978431026596,951,0.9954896205317375,1,0.09926358112759509
fov0,1723,8952.716499048654,7810.310410437619,236.81506090548638,73.61819324169798,-0.45000882191209357,3679,0.9504531383804841,1,0.11891311333118623
fov0,1724,8862.450424929179,6770.793201133144,53.04733775827236,9.099933480422111,-0.5148658361520817,353,0.9851765218116544,1,0.5183998687252304
fov0,1725,8859.31523178808,6494.185430463576,87.0449557967668,27.671341337477337,1.4790569295176257,755,0.9481252115967688,1,0.8516405703271004
fov0,1726,8861.815238095238,4842.8076190476195,50.76394304716715,26.52470392866839,1.4840397550469142,525,0.8526327215388086,1,
fov0,1728,8995.741297468354,4982.587816455696,314.0269565289026,14.141791879710512,-0.237061557609312,2528,0.9989854688507762,1,0.3307044816286008
fov0,1729,8894.34598540146,5620.519708029197,77.44716145703838,18.8894106303072,0.3692442711344204,685,0.9698002309657567,1,0.2592907092708441
fov0,1730,8918.786764705883,4744.591176470588,97.25544070940803,56.247362535599876,0.0010605142770568831,1360,0.8157910899231261,1,
fov0,1731,8912.220319634704,6948.327625570776,101.8947758856084,12.451983911231075,0.40499108876120904,876,0.9925049617538586,1,0.1827592345066412
fov0,1732,9005.075047412625,8341.168788946085,273.39528622310155,63.24352777765364,-0.1946333835332272,3691,0.9728762150271886,1,0.4417321054606584
fov0,1733,8911.108216432865,6446.691382765531,75.08517706298171,20.14317214568175,-0.3184348252454829,499,0.9633434978160601,1,0.4932909026911997
fov0,1734,8898.0,6485.961077844311,44.351302473386625,15.107717206397247,0.25434462803920627,334,0.9401947071186698,1,0.4042082963295858
fov0,1735,8887.959641255606,6610.910313901345,34.17663578837461,8.71780458677388,-0.9952296876730351,223,0.9669197333361356,1,0.5995794534405038
fov0,1736,8959.413576367066,6912.403519798869,169.734697666498,22.744358178480308,0.28697790926639394,1591,0.9909814045532788,1,0.05629540020460114
fov0,1737,8901.599755201958,6669.571603427173,86.31798769583499,29.176527334076066,1.374289381179948,817,0.9411417514933502,1,1.1063844626486314
fov0,1738,9070.524931506849,5037.895479452055,397.5956901581072,71.17963936292317,-0.07125875921624818,7300,0.9838444925381654,1,0.062454934651595566
fov0,1740,8921.289808917198,5117.251592356688,60.76756037583601,7.097446780539295,-0.13340159276354877,314,0.9931558514350751,1,0.12478028648981555
fov0,1741,8907.329192546584,7556.521739130435,42.82145272562078,14.713339608163142,-1.14150601894592,322,0.9391170481493528,1,0.3697244315566845
fov0,1743,8916.918781725888,5085.66497461929,23.40044914369639,11.090756281590046,0.17772626530145813,197,0.8805491488230515,1,0.1106932901049902
fov0,1744,8917.755395683453,8239.964028776978,22.588878655161455,9.063434937013461,-0.4780581352475638,139,0.9159754170670674,1,0.2627580921432112
fov0,1745,8948.332777314428,4878.886572143453,83.49148617968366,47.122696141510964,-0.12200159848760385,1199,0.8255006177252175,1,
fov0,1746,8919.227722772277,5595.990099009901,18.912751906321983,7.39087539683238,0.7590486945657963,101,0.920480735438197,1,0.4909158586127643
fov0,1747,8936.887323943662,6398.702660406886,48.30887686274041,28.85714582418404,-0.17504640688540057,639,0.8019831532689505,1,
fov0,1748,8990.368667186282,4836.652377240842,135.56937509498337,36.16694135283427,0.3181042182721783,1283,0.9637579785612687,1,0.42336650917148366
fov0,1749,8925.957983193277,6615.6134453781515,17.861777353623395,9.729970470026222,-1.4986770148981003,119,0.8386069602523398,1,
fov0,1750,8954.937321937321,6667.176638176638,76.19982068102485,29.673621793074705,-0.7624839088404058,702,0.9210609166611871,1,0.5480977234741014
fov0,1751,9014.646217418946,7073.294024157661,290.6878414341714,62.17926558032911,0.3418172630941956,3146,0.9768547065537966,1,0.05434566528303361
fov0,1752,8981.530802919708,5394.213722627737,126.47967552996518,80.9284389338771,-0.09025033359336138,3425,0.7684970674706596,0,
fov0,1753,8942.738505747126,7126.798850574713,41.59881602774654,11.070486909349729,0.1791398083957057,348,0.9639385140466871,1,0.22316040520146352
fov0,1754,8943.06880733945,5209.119266055046,36.72143788569397,8.677906005077437,0.23223339978507698,218,0.9716759741266355,1,0.1425870780814265
fov0,1755,8968.64737654321,6451.709104938272,115.65666493921402,30.3448467991112,-0.8107649143089652,1296,0.9649673302926751,1,0.32267182903858177
fov0,1756,9003.505963699223,8156.866205704408,195.78528731094542,130.97082441232183,-0.5543157739752018,5785,0.7433062255480845,0,
fov0,1757,8948.80861244019,8253.85885167464,32.805697752673204,22.935962933529904,-0.21251433654782032,418,0.7149792112465969,1,
fov0,1758,8942.397905759162,4794.884816753926,30.590158071377008,9.731975651450412,0.5577819941338701,191,0.9480434942202765,1,0.4851809088112318
fov0,1759,8954.57055214724,5646.32208588957,47.89182522182945,10.854101539064489,-0.004171007937895958,326,0.9739790928085758,1,0.2176794251967835
fov0,1760,8943.126506024097,6588.0,28.051606594477157,7.769773444040657,-0.8266816637181165,166,0.960875278354921,1,0.11697495250731224
fov0,1761,8954.20652173913,8304.307971014492,39.23085149761772,15.115537146083474,-0.6449218968006107,276,0.922792538673474,1,0.2932742762366901
fov0,1762,8983.965401785714,6612.110491071428,98.82056578577408,15.363309954783428,-0.3999216363330566,896,0.9878411292793545,1,0.20454631705665433
fov0,1763,8950.574074074075,4933.12037037037,19.276833073426804,7.2374295881429,-0.4222438274436165,108,0.9268438557836586,1,0.4337874090334487
fov0,1764,8969.903846153846,5549.8473557692305,95.10314177418694,20.586743287808456,-0.9078336087061476,832,0.9762898153117175,1,0.5652044022919084
fov0,1765,8999.97488986784,7933.415418502203,207.63813154122954,115.5738405275838,-1.1525344980886245,4540,0.8307726944752676,1,
fov0,1766,9001.252427184467,5628.375,130.80805449172593,40.03885090691993,0.1733647627199155,1648,0.9520030381675408,1,0.28554587060067227
fov0,1767,8969.157760814249,6500.139949109414,52.90942104352786,13.588037307000995,-0.6216390595540671,393,0.9664600575557819,1,0.29309016169072477
fov0,1768,9070.585142158361,6834.044328951391,235.93434978670345,64.85283252227843,0.09714125344154369,3271,0.9614795126809371,1,0.18233136736718145
fov0,1769,8987.776642335766,7276.505109489051,99.04985244132071,56.4201230509542,-0.01627876620218681,1370,0.8219127547791278,0,
fov0,1770,8973.951762523191,8501.940630797773,64.58481401855788,15.540342221669281,-0.004340109741511719,539,0.9706196118154046,1,0.3678695612441618
fov0,1771,8969.944711538461,6328.90625,41.80162895453574,14.308807603407887,0.0011429946776374538,416,0.9395897553099313,1,0.3932281694996684
fov0,1772,8971.773413897281,7613.631419939577,63.94645824495548,7.574032715674192,-0.7040216720773962,331,0.992960811368198,1,0.14269507960876748
fov0,1773,9019.755692908262,6514.135653871178,196.17142285921628,79.62122243082702,-1.3140122743084999,3074,0.9139282682442902,1,0.6493228157551534
fov0,1774,8982.040567951319,5259.981744421907,38.4847944339343,20.562685239501654,0.2150272970322463,493,0.8452906615050562,1,
fov0,1775,8975.560240963856,8461.536144578313,25.462321163883797,9.312559508504329,-0.7009339285272943,166,0.9307175239927616,1,0.5738532538113106
fov0,1776,8984.709090909091,6289.036363636364,18.342933028878306,8.06664070078778,0.0365653204357685,110,0.8981112578598501,1,0.40016894817751814
fov0,1777,8987.953333333333,7119.2,24.912332532635343,8.108072726545698,0.22266444027135632,150,0.9455543587799947,1,0.2359223109465006
fov0,1778,9017.109223300971,8041.643810679611,145.94074470598895,26.137065383157964,-0.9148739232270375,1648,0.9838320247484167,1,0.2536373473618379
fov0,1779,8997.09793814433,5678.201030927835,26.427354661888522,10.890788471890986,-0.0726332578752862,194,0.9111373286916046,1,0.24394578373882356
fov0,1780,9014.356589147286,5178.53488372093,61.82413916669772,8.958179780321386,0.04598492779882564,387,0.9894466316067465,1,0.13461910428055401
fov0,1781,9008.528,5211.677333333333,50.39534841422299,10.063059198439326,-0.029152021150058546,375,0.979860693228022,1,0.1620459388402918
fov0,1782,9022.26611570248,5111.59173553719,71.28686827583532,12.59472431233349,-0.01503394421481877,605,0.9842689495914899,1,0.03625932015280296
fov0,1783,9007.70703125,7624.15234375,45.95101045612338,9.407975826658447,-0.4924439189662488,256,0.9788165486257386,1,0.1883411357452686
fov0,1784,9235.454331502859,5577.588367141096,575.2847108026361,114.758755891286,-0.2577614045899526,8923,0.9799015576079187,0,0.4783003195183375
fov0,1785,9006.395604395604,6659.554945054945,21.29791321602338,16.852963183618773,-0.821572037134537,182,0.6114326810928848,1,
fov0,1786,9001.985074626866,6758.171641791045,18.193824540932955,12.298620999580486,-1.1907258242829235,134,0.7369220108730427,1,
fov0,1787,9023.593913955929,6312.747114375656,56.70973396955508,40.78582989423806,-0.14969763820637302,953,0.6947996549225407,1,
fov0,1788,9008.51724137931,4884.931034482759,27.583963812723113,12.194230466434227,0.8172431768805224,232,0.8969772028829978,1,0.3426332257604447
fov0,1789,9006.360655737704,4784.349726775957,29.820111345881894,8.27475021590522,-1.2705661349960855,183,0.9607288402088555,1,0.7989026066325621
fov0,1791,9030.95012468828,4666.802992518703,66.24081495740906,12.11097381532855,-0.46957786410691754,401,0.9831440773676051,1,0.3249610628432007
fov0,1792,9025.577586206897,5498.698275862069,46.054576344921145,13.352776778994222,-0.27334873822731887,348,0.957046713128065,1,0.24557431552159184
fov0,1793,9059.751994198694,6983.087744742567,93.08235021225944,84.08933037664544,-1.345452189194728,1379,0.42882746023920715,1,
fov0,1794,9027.133333333333,5555.362962962963,40.40558652307711,12.48243062455284,-0.03534367769240428,270,0.9510853184592947,1,0.3049183447554664
fov0,1795,9015.32,8478.04,21.594977955508686,7.712387898770001,1.2518646290730213,125,0.9340516190606073,1,0.7990777264835444
fov0,1797,9038.967391304348,6392.276086956522,46.99831087074592,23.74667948659098,1.2823724260187175,460,0.8629632691232407,1,
fov0,1798,9040.752851711026,6669.912547528517,39.88724886056281,9.552680385939743,-0.4381307286210033,263,0.9708983166766276,1,0.25410895090599694
fov0,1799,9060.013245033113,6800.358719646799,85.51331012929664,16.69805110808775,0.3139425511447134,906,0.9807498326948305,1,0.2904548153016992
fov0,1800,9039.795811518325,4786.947643979058,32.385660272582214,8.883625176105644,0.1247946483781145,191,0.9616420689524809,1,0.4030486800202922
fov0,1801,9125.711058074781,8445.351630867144,242.96577038792228,107.68192736210354,-0.4011853866657562,6285,0.8964237790726112,0,0.43333435381551627
fov0,1802,9070.549707602338,7331.080701754386,105.98733397172694,28.367777025131275,-0.6067571433173298,855,0.9635155050854601,1,0.5339260709094075
fov0,1803,9051.882037533513,4909.361930294906,42.565941096878774,13.229227798801574,0.5222182014546503,373,0.950477382453007,1,0.2359531150143209
fov0,1804,9089.791183294663,6470.846481051817,125.04823325439766,71.09752203596722,-0.5094464347549882,2586,0.8226412525271122,0,
fov0,1805,9051.6,7649.547619047619,34.19127994985865,8.989840769913476,-0.46998046090140017,210,0.9648154899454244,1,0.25889329247734005
fov0,1806,9114.948477751757,7542.791569086651,169.58309481305236,13.01243656130471,-0.17034294631593297,1281,0.9970517601235923,1,0.1992710384966865
fov0,1807,9051.833333333334,5208.408333333334,19.457396015256744,8.73484505204579,-0.44989761337438466,120,0.8935711560074686,1,0.19559563580360725
fov0,1808,9062.968253968254,4689.391534391534,27.980221330017226,11.685164285684545,0.39121333885643694,189,0.9086207226052712,1,0.2973087558149788
fov0,1810,9057.01968503937,8270.527559055117,37.79003597496295,9.34830957801615,-1.3682155936932805,254,0.9689198196209919,1,0.4159767330639319
fov0,1811,9100.49768732655,5241.961147086032,107.2635333326587,34.82714688478101,-0.4404273887118922,1081,0.9458212917430734,1,0.2200312036112123
fov0,1812,9077.997493734336,6592.00626566416,77.80757885079429,26.181839443946934,-1.1182590112947541,798,0.9416853527291951,1,0.7260561910977738
fov0,1813,9070.448170731708,6224.442073170731,37.621076777110545,14.41448666017151,-0.357876372907878,328,0.9236864545411498,1,0.4648173498328523
fov0,1814,9068.888888888889,5487.049382716049,30.06304511094166,13.12716452107326,-0.8266456742996906,243,0.8996292739234625,1,0.3481117550571119
fov0,1815,9094.525862068966,7594.548850574713,63.80428575438692,38.07794312997677,0.8260020222565797,696,0.8023953292485215,1,
fov0,1816,9068.882352941177,4867.7908496732025,17.287396358377325,15.309947967073464,0.9364749822016436,153,0.46442340628924295,1,
fov0,1817,9111.479217603912,7662.429095354523,101.90571552406436,13.639378982429655,-0.17462829249192097,818,0.9910025323088432,1,0.22435009623756672
fov0,1818,9082.759890859481,6308.334242837654,71.43984938476993,19.786467394767417,1.3093765807718913,733,0.9608794849398592,1,0.9715252823393853
fov0,1819,9110.018518518518,5319.498971193416,81.88898822725703,31.664633403253152,0.16684984141449605,972,0.9222149812954428,1,0.22330297932929105
fov0,1820,9097.35465116279,7351.523255813953,56.74395787250631,8.084427402994944,-0.3793041420721442,344,0.9897988270263918,1,0.46920081239370265
fov0,1821,9088.898601398601,4680.0,29.187980255652963,17.27387658469499,0.8008603993543805,286,0.8060740215237053,1,
fov0,1822,9112.867088607594,4632.149789029536,76.68416333888914,14.011854163710236,-0.3565734704619281,474,0.983164691922338,1,0.23379685319163906
fov0,1823,9105.890020366598,6649.391038696538,62.85968018687965,18.89342306612296,0.24297303861574251,491,0.9537613167377733,1,0.44815250367810205
fov0,1824,9108.482837528603,4906.909610983982,68.02166920089324,33.75591364421387,0.8208855337008286,874,0.8681783218436547,1,0.4585067512278289
fov0,1825,9102.046753246754,8368.83896103896,36.15963577001118,16.779693176531236,-0.3502722278567078,385,0.8858116991885467,1,0.16803867754343596
fov0,1826,9093.145299145299,4774.153846153846,20.733815295271057,7.828783526715574,0.2780344945154919,117,0.9259748126537488,1,0.4639944268462091
fov0,1827,9103.23974763407,4859.274447949527,50.484671239638644,12.961954978481591,0.8937478715471846,317,0.96647776924381,1,0.5633825463953116
fov0,1828,9120.331880900509,5487.724763979666,92.49561991102853,64.26212538407172,-0.6123616844300904,1377,0.7192430173057184,1,
fov0,1829,9109.881081081081,7491.196396396396,51.140543357872545,35.36440375067122,-1.4248975302591715,555,0.7223630197725046,1,
fov0,1830,9136.298196948683,4697.102635228849,89.5344232436619,31.261124480425725,0.07289921342054109,721,0.937066096343198,1,0.20685435604414937
fov0,1831,9165.59613009469,6615.340057636888,123.51322404474772,79.04242948098735,0.26707527655444974,2429,0.768415596265555,1,
fov0,1832,9114.273037542662,7776.682593856655,45.807697635258954,8.313621978909795,-0.0946324150071011,293,0.9833928589948991,1,0.1678201558803657
fov0,1833,9113.305263157894,5104.635087719298,44.452878190662645,8.423697048596898,-0.13315235982806503,285,0.981881256475484,1,0.15902944475442188
fov0,1834,9122.29022556391,6407.042105263158,59.35371291120876,22.052734750382562,0.41531848397564636,665,0.9284138712033939,1,0.7058923724056136
fov0,1835,9102.591463414634,6522.3963414634145,23.625111665373186,10.819451166571335,1.1303616723548977,164,0.8889707274368676,1,0.8934945901539662
fov0,1836,9266.156910818265,7028.555317192768,371.38932052580003,70.13998398089123,-0.43266458957108467,3263,0.9820043349045211,1,0.25156418635500366
fov0,1837,9115.552542372881,6788.505084745762,48.44745031309472,12.192800336693765,-0.5442415101009737,295,0.9678129437306098,1,0.3334308376563207
fov0,1838,9102.169811320755,8281.245283018869,18.396123702538674,7.598917296381732,-1.4266064550198752,106,0.9106985266014527,1,0.4744969146227369
fov0,1839,9117.051188299818,6369.235831809872,43.5194110771741,20.922840791421002,-0.849592395955434,547,0.8768465705063514,1,0.6542647266998657
fov0,1840,9111.54,7924.851428571428,40.579551883380766,16.999698963875083,-1.0967365443501718,350,0.9080218602339266,1,0.3798902544376346
fov0,1841,9146.633561643835,4798.566210045662,107.87116647976576,14.768354153240443,-0.5244017506067242,876,0.9905838586644751,1,0.42016602730308006
fov0,1842,9127.474137931034,6290.158866995074,50.08110992549165,32.865750603074254,-0.6326231747833939,812,0.7545431434413653,1,
fov0,1843,9118.994535519125,6967.644808743169,31.11092388509322,7.634663404219567,0.29079825038665646,183,0.9694215629137453,1,0.38464999495752933
fov0,1844,9126.8612716763,6553.982658959538,41.59925568152778,13.121426963205021,-0.08738592086644899,346,0.9489506553497148,1,0.44419648444308346
fov0,1845,9156.52714535902,5073.868651488617,93.94772868388415,11.112961684954785,-0.2383733493146299,571,0.9929792373699143,1,0.1830984603257856
fov0,1846,9181.728037383178,6245.606542056074,139.36731195137878,25.648530845578957,0.2687583947095571,1070,0.9829196001034476,1,0.5212534675564907
fov0,1848,9132.315151515151,8300.824242424242,24.957074949761687,9.080471909482547,-0.7751954536749506,165,0.9314600567056496,1,0.2733450856612302
fov0,1849,9144.082474226803,8358.731958762886,27.850934639865585,9.51477732611883,-0.00670645929434583,194,0.9398337135803932,1,0.33903888525336473
fov0,1851,9152.439330543933,7638.841004184101,45.294867511344044,7.257048157972671,0.4943322432433607,239,0.9870816720602913,1,0.5669212601991904
fov0,1852,9199.626244874047,7967.603983596954,160.87389607318315,34.7051584640519,-0.47801335281932783,1707,0.9764532837536275,1,0.23693645685507372
fov0,1853,9146.737931034482,4946.606896551724,20.709197990719645,9.7527622677419,0.05335099471569533,145,0.8821659504486239,1,0.24775465690803306
fov0,1854,9177.595645412131,4973.0839813374805,70.6840912533568,20.93307556876949,-0.2827415386409243,643,0.9551415229169598,1,0.2887893594474584
fov0,1855,9161.837912087913,6347.18956043956,81.43599109677386,16.399460522241267,-1.1484383083380634,728,0.979513494518292,1,0.9579164889495757
fov0,1856,9159.75,5148.133333333333,33.740333225673204,8.524143647994423,0.47986606913650126,180,0.9675604591580941,1,0.36704740297348865
fov0,1857,9166.96,8376.66909090909,41.880618820518045,9.474356269140516,-0.7383477610988929,275,0.9740755547047346,1,0.22377032660074112
fov0,1858,9166.374449339208,5007.079295154185,38.29820979772817,8.387900232885055,-0.3032222193427628,227,0.9757213875023122,1,0.09702886588072603
fov0,1860,9165.637055837564,6138.258883248731,37.387162702979275,25.51867594749741,1.1696441224334413,394,0.7308372000772652,1,
fov0,1861,9157.185344827587,6442.853448275862,30.240080546853278,10.212708706618757,-1.5556673676627868,232,0.9412462804502215,1,0.7619181989884534
fov0,1862,9162.945578231293,7741.265306122449,25.36092541526623,7.588270540124962,-0.5864287013336332,147,0.9541869387634015,1,0.3645785491083416
fov0,1863,9166.8875,8062.3875,26.16208495327107,8.315065297267811,-0.1538894730174303,160,0.9481481023444239,1,0.3378792362356419
fov0,1865,9173.467889908257,6476.380733944954,38.61417300138039,9.470606206019367,0.6212908017580268,218,0.9694567223853302,1,0.5694100787351454
fov0,1866,9220.069729015202,6386.205551883675,122.67056194671679,105.54841031744321,-0.3805198802705205,3026,0.5095827137131336,1,
fov0,1867,9173.493975903615,4859.710843373494,28.400432576377064,8.53228899713856,-0.8161956159619987,166,0.9538044535407263,1,0.6081766468047787
fov0,1868,9179.639423076924,4593.5817307692305,33.1664242091964,8.414343408615792,-0.012809589837187068,208,0.9672827816892753,1,0.3703867756381535
fov0,1869,9204.361147327249,8303.765319426337,81.02702491536294,16.699741232002463,-0.7782283871118872,767,0.9785307490259462,1,0.22166607486811715
fov0,1870,9221.90480349345,4908.868122270743,128.7617123707556,20.564477258229907,-0.337680978167219,1145,0.9871640463388106,1,0.1689075315989205
fov0,1871,9209.222551928784,5303.983679525222,77.83496540888167,25.174201464866428,0.06561871038214398,674,0.9462519296075651,1,0.2877560896339045
fov0,1872,9304.763420427553,4848.68028503563,293.67129709920073,23.81489918365815,-0.22506377100386726,2105,0.9967064803086048,1,0.16362200916471603
fov0,1873,9225.232172470978,5088.197346600332,96.05366413100165,9.809582647348227,-0.16587477009202714,603,0.9947714647387718,1,0.17052134349658857
fov0,1874,9202.614561027838,8240.629550321199,75.09303162872024,14.589062198000384,-1.213346568574449,467,0.980946147158137,1,0.3859033416648506
fov0,1875,9330.910389146733,5168.826133523741,353.71064126515387,25.33953969474541,-0.12385569336591694,2801,0.9974306131922615,1,0.09637221239034705
fov0,1876,9269.465930018416,7099.5425414364645,256.2799487152303,84.52813685166502,-0.6869293816353944,2715,0.9440412691627338,1,0.12799954616055667
fov0,1877,9202.14563106796,6299.873786407767,31.277785804590717,9.69731620274273,1.3226274096949628,206,0.9507240188759639,1,0.8633585905777587
fov0,1878,9215.446308724831,4617.833892617449,59.6180207504044,30.418931501708236,-0.7340226447736575,596,0.8600377053256079,1,
fov0,1879,9244.621518987342,5468.245569620253,118.07440894805458,14.33442878873931,0.056790150475133465,790,0.9926034645805829,1,0.41718174271926695
fov0,1881,9238.427083333334,4778.2109375,53.50709774992591,13.662058417612712,-0.23382317287885088,384,0.9668535158905189,1,0.2034657572819744
fov0,1883,9227.33613445378,6172.378151260505,33.059628494482304,16.438543489587385,-0.7844253814946008,357,0.8676134911474187,1,0.5955700845418177
fov0,1884,9228.67816091954,8159.448275862069,30.146346114161595,7.882981773643751,0.20051083010687246,174,0.965206061803148,1,0.5134350506307955
fov0,1885,9315.540653008962,8306.952304737517,249.83203112918017,60.33466982643984,-0.7563371139978073,3124,0.9704005858460089,1,0.5651620811405828
fov0,1886,9313.656165962351,6192.736073761045,222.09254758094812,37.24345837307265,-0.32876315446417415,2603,0.9858391946076043,1,0.44738342937287906
fov0,1887,9226.895833333334,6586.097222222223,22.840362548102256,8.98725602005491,-1.2177080785521408,144,0.9193326113448858,1,0.7463321319157071
fov0,1888,9232.937743190661,7292.583657587548,33.17122201478117,16.394751196759753,1.4683841609889554,257,0.8693219604618164,1,0.9491636749971188
fov0,1889,9260.127071823204,6486.611418047883,87.13561625273745,19.383385003897764,0.23798832870089887,543,0.9749439237968046,1,0.5910288685483418
fov0,1890,9299.163298302345,5236.168148746969,174.87981364496875,15.606220260920733,-0.2242135170314961,1237,0.9960101795798546,1,0.19199324596486092
fov0,1891,9243.177033492822,5616.66985645933,32.762468496801226,9.95935164982439,-0.8934148702358906,209,0.9526763052027992,1,0.5961308295708924
fov0,1892,9250.838983050848,7808.118644067797,33.24549169607364,11.48598034114073,0.1532961882228618,236,0.9384224822509698,1,0.2273302344640995
fov0,1893,9322.537524053881,8448.556767158434,213.1298231488419,41.244645132961324,-0.5599980586251204,3118,0.9810965509283366,1,0.5303519871760035
fov0,1894,9248.125423728814,5434.847457627118,43.08539354617142,17.309185689182726,-0.8540006728454133,295,0.9157531650733912,1,0.35666032586882507
fov0,1895,9248.555118110236,6312.657480314961,33.504176658618455,11.489859160212543,0.6137227069211885,254,0.939357998767102,1,0.6046143929761623
fov0,1896,9242.711409395974,7645.845637583892,25.660555088638976,7.810462465231507,-1.1171714133408366,149,0.9525519007984158,1,0.5080970243249963
fov0,1898,9246.345679012345,7007.413580246914,25.642101353693537,8.813955321837422,-1.052252547241663,162,0.9390685806001071,1,0.3949610871316048
fov0,1899,9397.111700951116,6562.809666003097,500.7275715836484,183.81953861295995,0.5393960640994641,9042,0.9301795535799813,0,0.4621333320391822
fov0,1900,9248.221518987342,5652.145569620253,25.348602993369543,8.596148423579251,1.3961499674184656,158,0.9407441170828755,1,1.0504163218135623
fov0,1901,9280.810429880197,6718.399577167019,105.18981945925694,47.8932679411695,0.9120609259963011,1419,0.8903364192858397,1,0.6728340480037632
fov0,1902,9305.36745138178,5126.354145342886,116.98667765156569,21.173876014619267,-0.32124162676860774,977,0.9834842170239949,1,0.07311523027647654
fov0,1903,9257.054945054944,8420.069597069598,29.169341478176044,12.668132846196531,-1.054175619742474,273,0.9007701426010787,1,0.6177433791414039
fov0,1904,9312.931596091204,6242.227361563518,144.90567549059733,31.375828294135072,-0.5491897768850004,1535,0.976276879327077,1,0.18417758482495614
fov0,1905,9255.34,8384.13,19.08745217304663,7.095714871784071,1.3276395800278906,100,0.9283338347777386,1,1.0588674105334848
fov0,1906,9260.623931623932,7586.115384615385,44.34297709158961,7.42211384922577,-1.1473575013907806,234,0.9858925086926967,1,0.5202766815271886
fov0,1907,9262.384236453201,4632.3448275862065,36.57181481007699,8.772506703402238,-1.3934716359563013,203,0.9708048458855133,1,0.6047519713682471
fov0,1908,9264.391608391608,7296.923076923077,24.188600120952817,7.678843279803104,-0.49349137094847556,143,0.9482726286839489,1,0.49195528579839826
fov0,1909,9271.527472527472,4712.399267399267,28.307125860760852,20.323328744639287,-1.0370705427341105,273,0.696086377911782,1,
fov0,1910,9268.092307692308,4936.815384615385,18.33330572614891,9.656035085768437,-0.5516392895860999,130,0.8500551951997759,1,
fov0,1911,9282.551246537396,4969.634349030471,51.987276807837645,9.248522718792318,-0.6052168884249043,361,0.9840486190327121,1,0.23454522131625605
fov0,1912,9278.953804347826,8230.603260869566,70.94685003717206,20.745679032908978,-1.1638970933830888,736,0.9562925703476881,1,0.41907956858159023
fov0,1913,9337.202328159645,5324.101810790835,234.82686856675178,112.98861491189406,-0.921561089652479,5412,0.8766343854853539,-1,0.4382999459553255
fov0,1914,9306.656382978723,7240.127659574468,109.46499436279228,12.582882219621082,-0.4394428537983447,940,0.9933714044491904,1,0.4840390059119453
fov0,1915,9273.302631578947,7962.6776315789475,25.80459268779337,7.823388408444264,-0.9947114448008342,152,0.9529338988457928,1,0.2293530470794726
fov0,1916,9274.094827586207,6309.646551724138,17.382866814457426,8.644520622475502,-0.7284350792583765,116,0.8675779567127805,1,0.6556891614307112
fov0,1917,9283.863914373089,8110.136085626911,55.60231313909174,33.194790729665634,1.0569862841544586,654,0.8022384278159186,1,
fov0,1918,9282.734375,6056.8125,32.82606329802873,8.47593625726058,-0.6596964982983724,192,0.9660894776318354,1,0.5851689567298006
fov0,1919,9298.43371522095,5649.705400981997,67.9020373064087,21.65792101938318,-0.907313784911337,611,0.9477687366226963,1,0.6006963208994227
fov0,1920,9287.55421686747,8291.859437751003,35.566011718188705,11.911187091144742,-0.28078691465956845,249,0.9422523792188676,1,0.4899308233812099
fov0,1922,9297.059602649008,4773.913907284768,23.591068591289364,8.782958297446749,-0.7223953075355888,151,0.9281123858477505,1,0.22676138777391838
fov0,1923,9356.200729927008,4872.082116788321,152.4035297368161,12.299303512788727,-0.15108190132521845,1096,0.9967382561839172,1,0.10267742398728924
fov0,1924,9296.084033613446,5002.731092436975,15.188138869492855,10.758622117276149,0.12131863595733838,119,0.7058545044293835,1,
fov0,1926,9335.170329670329,6678.537851037851,89.62138714903602,63.925272639548865,0.398416227487255,1638,0.7008777200426403,0,
fov0,1927,9306.017964071856,6333.419161676647,28.483524667105755,7.852193717131015,-0.04944558452994082,167,0.961250920432923,1,0.2683380008490292
fov0,1928,9317.380952380952,7278.122448979592,48.09788769682725,9.029280272333363,-0.3877650988539352,294,0.9822212124436973,1,0.464975026298671
fov0,1929,9319.341365461847,6534.244979919678,35.37648357041809,27.947903392714277,-0.1687159380569965,498,0.6130893087993349,1,
fov0,1930,9320.432024169184,7585.63746223565,54.042590864729256,8.738621005553489,-0.5601218430699431,331,0.9868401616160043,1,0.27394277484057405
fov0,1931,9345.73880597015,5037.988805970149,87.76446854929728,15.812521668046779,-0.4353418872246886,536,0.9836354923954929,1,0.477848463300004
fov0,1933,9324.258695652174,5006.584782608696,36.181935450871286,20.71617781830166,1.200585608396096,460,0.8198657389554131,1,
fov0,1934,9418.217666566174,8334.683147422369,261.64538049781277,75.73612853782501,-0.5509591332169834,3317,0.9571898142080404,1,0.21902557838206999
fov0,1935,9333.3121085595,6103.139874739039,76.32303671134382,33.47756076367952,1.289966020420752,958,0.8986678310461561,1,0.8373960680452456
fov0,1936,9330.96875,7403.98828125,45.38201720094411,8.047806689253159,0.36491363039006247,256,0.9841505992276162,1,0.4403055166520027
fov0,1937,9344.189326556543,7697.654383735705,66.26153016088507,22.590827405867323,-0.011530459318388399,787,0.9400871307159121,1,0.47044108827825865
fov0,1940,9349.938315539739,5484.837485172005,67.86418144776299,47.2950936647739,-0.5662658986753398,843,0.7171605009165082,1,
fov0,1941,9344.36060100167,6038.434056761269,81.63936689125637,17.363314866782567,0.5862991748325703,599,0.977121227148014,1,0.4254607724598747
fov0,1942,9349.642857142857,6307.726190476191,57.47359401997174,8.881382828648343,-0.08845005432585822,336,0.9879881283574444,1,0.2641531113037373
fov0,1944,9386.4125,4913.161538461539,135.40299119002205,16.26834941753895,-0.34915989083672794,1040,0.9927560351631749,1,0.17031969357296753
fov0,1945,9351.627136752137,7519.102564102564,74.68226798445352,38.683178884013905,-0.9990554544532497,936,0.8553987468884384,1,
fov0,1946,9354.557098765432,7956.50462962963,83.57290206714022,32.780022552088795,-0.8566564010049533,648,0.9198660403881993,1,0.24565234022092072
fov0,1947,9346.172892209179,8052.549626467449,109.2238631943358,11.906400552446158,-1.218731341205399,937,0.9940407461893632,1,0.6871805158870858
fov0,1948,9352.09552238806,7377.940298507463,56.59200810493769,10.975472696810495,-0.3972356595967584,335,0.9810133274364906,1,0.19235511446254722
fov0,1949,9343.707112970711,5629.338912133891,34.609547082013876,9.45227548650238,-0.6944279324786072,239,0.9619823013352009,1,0.5388709144869727
fov0,1950,9392.022895622895,7119.974410774411,197.31633176924763,20.991449822119883,-0.6341945752547417,1485,0.9943250392491605,1,0.09002142407407128
fov0,1952,9355.89010989011,4979.972527472528,24.297131242611208,10.438419788432139,0.216829365108425,182,0.9030120030880515,1,0.304176583863604
fov0,1953,9356.680981595093,4764.233128834356,25.61594069958859,8.94841324456908,-0.6439502577018933,163,0.9369998087788298,1,0.1707022157258066
fov0,1955,9404.21717877095,7154.782821229051,154.75865301701324,20.89622499885865,-0.7608528676329233,1432,0.9908422466674531,1,0.1327978202218871
fov0,1956,9367.179487179486,7890.717948717948,21.059918128084423,7.2624261315865155,-0.2837795944000403,117,0.9386593177105487,1,0.2494689503545532
fov0,1957,9472.394136125655,6852.489214659686,263.4316337761461,101.75193044482262,-0.3375511147028533,4775,0.922391809658256,0,0.18338839597897222
fov0,1958,9399.086218158067,7635.561724363161,91.64893074101506,36.2881052622089,-1.0547043475408506,1531,0.9182734306560543,1,0.33777139593747735
fov0,1959,9374.46,8110.913333333333,22.32269655541319,9.652880781602605,-0.7846890261773425,150,0.901670148256066,1,0.5988318951050504
fov0,1960,9399.00495049505,4728.8861386138615,55.31681234044414,15.93595497454528,-0.14747216664891474,606,0.9576047813416668,1,0.2070237999092797
fov0,1961,9554.438094595507,6118.007286957695,367.47974671422503,170.24367236164542,0.24028055904901868,14821,0.8862152974611655,-3,0.333394701840244
fov0,1962,9427.434959349594,5122.382113821138,118.26857378453619,11.702023021813075,-0.1743047240344573,738,0.9950929549848078,1,0.37774353580972875
fov0,1963,9402.693722943723,5415.785714285715,82.20558421938549,42.31757202249799,0.6086883315012636,924,0.8573239117511134,1,
fov0,1964,9421.199494949495,5996.621212121212,87.77689798759125,38.501050139590774,0.6924998758444559,1188,0.8986706995522104,1,0.3873936731170748
fov0,1965,9384.523636363636,8319.367272727273,38.52959164515636,10.886928809226522,-1.3689698402025268,275,0.9592495702117072,1,0.41835530501651896
fov0,1966,9389.254355400697,8185.783972125436,38.483087633754195,12.091481657884726,-1.2905297140635463,287,0.9493559923279168,1,0.7171273532706054
fov0,1967,9424.659302325581,4988.893023255814,113.3226815522059,18.8537642573532,-0.02595260203831759,860,0.9860629955108288,1,0.37722723712774026
fov0,1968,9390.61809045226,8034.115577889447,40.88629164911337,6.587251738641183,-1.5546362453498728,199,0.9869362111455127,1,0.7992894232568598
fov0,1969,9415.536885245901,6225.2172131147545,64.31692517500927,11.821031721627758,0.2421403605024004,488,0.9829648800681987,1,0.21443459777387794
fov0,1970,9398.855895196506,5468.196506550218,34.73367662393519,13.209489298167016,-0.9195691672503302,229,0.9248599634309386,1,0.1855510340470502
fov0,1971,9399.514925373134,8133.182835820896,40.48841160557145,10.21124387017811,-1.3311641753412984,268,0.967674703609484,1,0.7092631549217441
fov0,1972,9408.0390625,8089.1953125,22.861877912119905,7.949828470245384,1.4501916409080005,128,0.9375936159933819,1,1.343567366267451
fov0,1973,9417.31543624161,4793.5302013422815,25.698135902495043,8.465438344795999,-0.4487121113729526,149,0.9441840550014325,1,0.11268672847980818
fov0,1974,9421.12886597938,5326.420962199312,82.49011519278666,17.29722333224588,-1.4521740935846308,582,0.9777682544141506,1,0.553990068820804
fov0,1975,9425.184065934065,8232.901098901099,41.59576060817976,17.363459237589918,-0.6128374930805515,364,0.9087075257617467,1,0.2577225928179343
fov0,1976,9420.423645320197,5510.788177339901,33.28638736739322,11.208428940966598,-0.41823724614636,203,0.9416022806904455,1,0.22292054857999793
fov0,1977,9426.513368983957,5054.8395721925135,26.806582989210956,10.39682931197144,1.3058192244542053,187,0.9217241366279668,1,0.7928945164613647
fov0,1978,9539.492642140469,4529.044481605351,274.5516201667525,43.261668891857255,-0.48650549318771324,2990,0.9875074889398889,1,0.49191779975635264
fov0,1980,9435.875,4480.3984375,24.81414760905151,7.217550787746709,-0.2590706228060277,128,0.9567643037263299,1,0.4095531761525256
fov0,1981,9465.421699078812,7652.121801432958,143.34787928737353,16.174581286837622,-0.9756004225677541,977,0.9936137999640211,1,0.6884819820552168
fov0,1982,9470.454953400069,7739.4953400069035,91.99433621321903,52.91237738148501,-0.3159714434775898,2897,0.8180339438865784,-1,
fov0,1984,9443.786516853932,4942.73595505618,16.794162777290932,13.643088064795972,-1.151123573392864,178,0.5831411697854514,1,
fov0,1985,9447.844036697248,6193.376146788991,20.198725107362346,7.493164853659752,0.19398754420606507,109,0.9286439846418031,1,0.09613718423296937
fov0,1986,9461.646464646465,7806.521212121213,49.43130479624184,24.060733756813512,-0.6838981509688865,495,0.8735407996627506,1,0.16316740678947514
fov0,1987,9461.39156626506,4792.0873493975905,51.78966070803483,8.571618651190176,-0.2815208240166413,332,0.9862083973237079,1,0.05751733445771617
fov0,1988,9462.059382422804,6274.004750593825,56.97553811054531,12.809667056802931,0.5695433902926645,421,0.974398584289864,1,0.22192494406424265
fov0,1989,9515.797599563557,6585.470267321331,156.61668250727175,36.05991014204966,0.22327144479232786,1833,0.9731331439900076,1,0.2582454531528287
fov0,1990,9453.413793103447,4885.603448275862,20.224460797012206,7.487346994648596,-0.3392055453562662,116,0.9289471183598242,1,0.0768600025289724
fov0,1991,9462.902684563758,5964.293624161074,43.17229142681314,30.659717204160952,0.7319330496229625,596,0.7040290428527246,1,
fov0,1992,9493.435736677116,4665.204545454545,91.71178300933346,63.57736781217537,-0.24762460365180933,1276,0.7207163373714405,1,
fov0,1993,9456.518987341773,5437.170886075949,19.431131348403095,11.997200379413322,-0.7409001104094666,158,0.7866324153585857,1,
fov0,1994,9463.36559139785,7910.489247311828,31.848820032292082,10.201541025152304,-0.23851013134641266,186,0.9473122975464152,1,0.329394447024668
fov0,1995,9536.697547683923,4903.564032697548,202.36703300070548,21.93637565355562,-0.0975711979143971,1468,0.99410747193229,1,0.07521933783642468
fov0,1996,9460.92372881356,6220.5084745762715,15.008127198593959,11.2212356486162,-1.2217497005228333,118,0.6640622653467545,1,
fov0,1997,9470.251282051282,5276.420512820513,31.222532390737857,8.188863268410364,0.23227673578590713,195,0.9649934031615961,1,0.550188290366592
fov0,1998,9472.34554973822,4828.240837696335,33.353712030299306,7.458103800007427,-0.23340671023180765,191,0.9746795234867084,1,0.0613805594721821
fov0,1999,9494.928797468354,5401.541139240507,58.95464184621653,34.27755635604547,-0.2191303775950706,632,0.8136017789155969,1,
fov0,2000,9484.963414634147,4496.59756097561,33.97137801967889,9.884671399007962,0.27397549302023094,246,0.9567320024078918,1,0.29457136246315463
fov0,2002,9483.832605531295,8021.008733624454,77.73013512247282,17.352207374155867,-1.3218354659605447,687,0.9747643005975835,1,0.7498369594087806
fov0,2003,9481.38202247191,8079.902621722847,35.4479509786689,12.869155694036717,-1.0317265443269803,267,0.9317721091684118,1,0.6426108131532067
fov0,2004,9518.784753363228,6224.550074738416,95.10654209769937,12.666002166817208,0.2427092088488312,669,0.9910922720334401,1,0.08261378694485341
fov0,2005,9503.610429447852,7197.944785276074,43.952004607031995,11.550984829230504,-0.3641757002945112,326,0.9648478637661783,1,0.15772890854798305
fov0,2006,9514.765957446809,7484.68085106383,56.41718869715519,15.547560034957101,0.0999017684976082,470,0.9612775756767389,1,0.39243611591432204
fov0,2007,9521.177985948478,5028.651053864169,74.93139274073599,9.14276138143777,-0.44429000362278503,427,0.9925282441130315,1,0.10491063735192124
fov0,2009,9518.032679738562,4950.813725490196,63.575918992666494,6.669671211602357,-0.18159932895360115,306,0.9944818504162002,1,0.12713865457951365
fov0,2011,9505.660714285714,8256.55357142857,19.648436160288934,7.543761940182917,-0.7798798632035934,112,0.9233592843893509,1,0.15255111575657296
fov0,2013,9509.568421052632,7649.531578947369,21.31342491379065,12.819586442649058,0.9219654334983016,190,0.798888295091314,1,
fov0,2014,9510.982142857143,5001.089285714285,27.99895406466775,8.702611219221751,-0.6088625281445408,168,0.9504690702063235,1,0.15788710279419518
fov0,2015,9508.314516129032,5472.282258064516,21.742459193375794,7.570419662366608,-0.808762104732948,124,0.9374254727227281,1,0.31049839287010095
fov0,2016,9520.564903846154,7847.0192307692305,41.19289787242483,26.76383038346817,-0.991495922660715,416,0.7601740116373888,1,
fov0,2017,9528.002570694087,7573.370179948586,53.39665406321232,10.773339883732637,-0.35731549698988346,389,0.9794348719718653,1,0.5379758661891697
fov0,2018,9518.576,5536.736,22.828342797121607,20.45079981656234,-1.3969005533021122,250,0.44435403402219265,1,
fov0,2019,9522.481751824818,4777.744525547445,25.221945373793492,7.339588675337586,-0.21300102282981787,137,0.9567230219142788,1,0.06800510871215106
fov0,2020,9544.245215311004,7879.465311004785,85.19931029610933,19.709869562852298,-0.8401725240267057,836,0.9728733517777483,1,0.21662331073498495
fov0,2021,9535.016736401674,7296.916317991632,33.35351471075961,12.016540399198316,-0.7401923646840541,239,0.9328449504923827,1,0.23626879924575395
fov0,2022,9544.915119363395,8287.401856763925,44.87423608490524,30.24789915818935,1.5686580301099349,754,0.738677175845017,1,
fov0,2023,9539.489028213166,8188.150470219436,24.884538988955935,17.858216842954572,0.1912672757148514,319,0.6964111074475567,1,
fov0,2024,9550.212218649518,5211.64308681672,62.59112435128289,7.818114776364181,-0.5876891625503259,311,0.9921683631924605,1,0.3808331842955916
fov0,2025,9573.505325443786,4968.860355029586,105.61351409539532,15.839910383923764,-0.17898378586411212,845,0.988689037193918,1,0.1421901457911926
fov0,2026,9551.212996389891,5471.640794223827,73.28157238483148,24.81969376665453,-0.9794613370038051,554,0.9408982261558175,1,0.4882856487370233
fov0,2027,9557.939641109298,7793.168026101142,83.45120972876141,16.83328483103423,-0.4763153597605294,613,0.9794444475771357,1,0.5121329599652016
fov0,2028,9553.50731707317,5302.848780487805,43.81411879325728,24.84007711371271,-0.8680704740411546,410,0.8237575084957834,1,
fov0,2029,9560.84938271605,5399.333333333333,62.56665127005708,10.494646232463323,-0.3806173364834596,405,0.9858320416687378,1,0.2950078684633171
fov0,2030,9559.948529411764,7320.15931372549,57.41153653892884,14.539207664565593,-0.5266658158300558,408,0.9674020706197941,1,0.1734459079556638
fov0,2031,9545.633522727272,7692.926136363636,54.77911844730638,10.460453632315799,1.5276283843239096,352,0.9815984115228678,1,1.0649306238700553
fov0,2032,9583.727272727272,6961.349914236706,89.7572952194714,10.90636582545107,-0.3158399832125968,583,0.9925902662424032,1,0.2554078654522928
fov0,2033,9554.566176470587,4618.007352941177,24.58024363340022,7.458085653021771,0.7709829801907214,136,0.9528575886111549,1,0.44993118235771645
fov0,2034,9576.132653061224,6929.027210884354,48.650486929035615,8.853685430702027,0.09834646527671674,294,0.9833012056430037,1,0.15530646288145414
fov0,2035,9590.713920817368,5528.964240102171,70.26414445623925,22.509726144632204,0.2764070967961528,783,0.9472963307533389,1,0.4205411410788227
fov0,2036,9582.667848699764,6214.356973995272,66.89043176444791,41.033381533557346,1.46952895401712,846,0.7897399925220251,1,
fov0,2037,9595.164987405542,8137.578085642317,74.86653812804002,23.64173964430039,-0.14374577164118835,794,0.9488307279205066,1,0.21220051748164764
fov0,2038,9727.938586326767,4780.204808806489,346.841032319939,24.19046559888141,-0.30986246362363185,3452,0.997564844896295,1,0.10816529320715053
fov0,2039,9582.233944954129,5276.756880733945,32.098989964372784,9.395414558929462,0.18479959085920802,218,0.9562039410732602,1,0.20334777503820045
fov0,2040,9617.433219178081,5498.1429794520545,99.95120100624685,26.839503955525448,0.38061517125899885,1168,0.9632724150830828,1,0.4000264864020889
fov0,2041,9599.307526881721,8255.316129032259,69.52245580190687,9.355457009369891,-0.6030229648931591,465,0.9909044411092185,1,0.41693862118141245
fov0,2042,9737.248366013071,4825.317385620915,392.5516870616806,36.21726958174317,-0.2895934725122229,3825,0.9957348444421238,1,0.119701358514969
fov0,2043,9597.891764705882,7926.934117647059,63.95846626832345,51.78211195533926,-0.6429276519106096,850,0.5869531281742192,0,
fov0,2044,9589.232432432433,5031.718918918919,33.5116942460159,7.721154355620166,-0.5423816633414077,185,0.9730955836673824,1,0.12604398094620825
fov0,2045,9606.837378640777,6908.444174757282,71.41421703696265,8.735748931803975,0.14077332605635692,412,0.9924900895318757,1,0.2370796357825554
fov0,2046,9634.307189542484,6384.106209150327,94.36014447566978,68.8846564587111,0.12250923602380553,1836,0.6834273240111886,1,
fov0,2047,9599.19266055046,5416.082568807339,18.479242766237537,8.099038965818275,0.5294299805286959,109,0.8988396450761702,1,0.5378166037848942
fov0,2048,9598.507692307692,6032.923076923077,20.825269150662237,8.197387320684316,-1.0877136881153586,130,0.9192702643218975,1,0.46908337406166795
fov0,2049,9625.285283018868,7064.925283018868,69.0660871095373,53.474461841069264,-0.9569557495473284,1325,0.6328790984978743,1,
fov0,2050,9897.004457541452,17405.09521233937,1021.8168485116217,545.6503447644961,-0.7209192996105959,53617,0.8454843852295075,-8,
fov0,2051,9668.750122010737,8200.688140556369,156.3312527018007,48.09015162410635,0.5048072654276055,2049,0.9515102620081237,1,0.32439491639609086
fov0,2052,9684.712947882736,5180.875407166124,165.28338654857504,97.43838711284505,0.03236026933566404,2456,0.8077514617740036,0,
fov0,2053,9632.719072164948,7688.283505154639,74.63169494306328,7.229274577297309,-0.5484923524567139,388,0.9952974308861341,1,0.5368823859940882
fov0,2054,9666.633891213389,5400.198744769875,143.9338774081478,51.26805047821088,-0.23106440088982344,1434,0.934412908069362,1,0.2101496027515157
fov0,2055,9768.824349101576,4958.525119178585,300.28999547419056,23.727322390575846,-0.39141886265798903,2727,0.996873451337276,1,0.1137328989671494
fov0,2056,9631.305555555555,4962.731481481482,16.036521330230794,9.616590749546175,0.7558290115485765,108,0.8002487953630006,1,
fov0,2057,9650.862068965518,4695.0,50.26024671019705,7.543090895835703,-0.4163458577365386,261,0.9886737561522904,1,0.047611638024080506
fov0,2058,9695.237640449439,4508.103370786517,143.01067289480983,45.62382684834304,-0.21232952297074958,1780,0.9477466604070306,1,0.5579285773133795
fov0,2059,9645.346153846154,6207.969230769231,22.0527334122131,7.781043719036171,0.12752075514025846,130,0.9356844029916818,1,0.14680702185709393
fov0,2060,9695.401012658227,6311.015696202531,171.16816703905712,35.489055559836814,0.04753389966767888,1975,0.9782701217960372,0,0.14159088168560804
fov0,2061,9825.699443141852,5430.87763774912,361.2333117800936,85.54725934876163,-0.21966210040051334,6824,0.9715535524933678,1,0.3748953155256635
fov0,2062,9654.119496855346,5884.25786163522,29.455251560338265,7.284096768058345,-0.4861663065437631,159,0.9689405807497037,1,0.5189539872380928
fov0,2063,9741.026982378855,7769.555066079295,213.81456550620516,29.65592782926855,-0.55348762441201,1816,0.9903345433384918,1,0.14606696311099332
fov0,2064,9657.97435897436,8124.2307692307695,19.449948579922186,8.604271673646304,-0.06504205819927979,117,0.8968276199962995,1,0.2726864835240262
fov0,2065,9667.155462184874,5206.588235294118,42.362308030742426,7.977862123104492,0.3697712088806241,238,0.98210685166098,1,0.24052908304393608
fov0,2066,9665.1013767209,17735.70588235294,55.82491485467432,24.71702832054736,1.1687870834682985,799,0.8966402604042157,1,0.5076284167985169
fov0,2067,9659.479338842975,8241.851239669422,22.93082395328009,7.425545270446331,0.542360507743217,121,0.9461174254201765,1,0.3392140004748462
fov0,2068,9830.618371212122,4873.079356060606,446.02565423324216,50.40622768521604,-0.48637779166230627,5280,0.9935936291011976,1,0.09217188707353684
fov0,2069,9660.915094339623,17541.85849056604,14.73104967171331,10.201463977035283,0.6463765012717553,106,0.7214040547996261,1,
fov0,2070,9694.376440460948,4746.249679897567,81.98328691771484,13.613405829151525,-0.270232600638403,781,0.9861171681065255,1,0.06376277694066536
fov0,2071,9671.165919282512,5420.816143497758,28.50836630154497,11.474099562443884,-0.4425043574861515,223,0.9154279726140881,1,0.3425433721779926
fov0,2072,9671.678873239436,5106.191549295775,31.348769339080214,18.794909693202833,-0.430196001710821,355,0.800343156020201,1,
fov0,2073,9664.90099009901,4550.178217821782,17.22580554222181,7.745497349783558,0.8020575577124469,101,0.8932073516829593,1,0.6451638690142472
fov0,2074,9668.414965986394,6835.952380952381,23.661630620488012,8.453298519643504,-0.6822662382260328,147,0.9340058738854878,1,0.3893960762160912
fov0,2075,9672.446808510638,6890.858156028369,22.93785502185276,8.959227873604837,0.24856099767662945,141,0.9205660210080894,1,0.25561454681391715
fov0,2076,9675.154017857143,5284.939732142857,45.42131997773399,22.846575936921695,-0.9897458030236898,448,0.8642908698894789,1,
fov0,2077,9821.004115903852,6915.4929206453735,265.805724045347,93.31705802322982,-0.19638864894453512,6074,0.9363483101613503,1,0.2036939267540732
fov0,2078,9687.340996168583,5021.038314176245,47.90233950765714,7.340848598896518,-0.2136056519324856,261,0.988188049286081,1,0.2434409588428843
fov0,2079,9679.320512820514,17116.606837606836,29.65824689016129,10.6489301980189,-0.2457721692012205,234,0.9333165533681685,1,0.4473893690251425
fov0,2080,9694.7223796034,5517.308781869689,70.26402457617068,37.64523555013037,0.1570558383806845,1059,0.8443650577803496,1,
fov0,2081,9683.875,8154.415178571428,26.561063817352593,13.000073728704288,0.14385481471001216,224,0.872036412138947,1,0.3732352469459487
fov0,2082,9688.646825396825,5319.492063492064,40.59876799516895,9.232300696507698,0.016283630488333665,252,0.9738006274865436,1,0.28806567419636525
fov0,2083,9809.33658621591,17843.26435479655,276.6913314044791,153.21754886380194,0.08807173463584196,11477,0.8326836385070241,-1,
fov0,2084,9684.980392156862,7989.583333333333,33.97199511949087,8.033142787800626,0.8727139345046566,204,0.9716403299353165,1,0.6086746141784354
fov0,2085,9688.031413612565,5225.3298429319375,29.10992237813533,12.307890176362143,-0.22063423923194025,191,0.9062195730966038,1,0.3621931420545449
fov0,2086,9696.774834437087,4581.599337748345,50.59666857035199,19.379482466495034,-0.43017451090179504,604,0.923740488470444,1,0.35235178369438086
fov0,2087,9690.494699646642,6084.7897526501765,55.689391253659664,17.790841027417695,-1.330124160082711,566,0.9475978965736304,1,0.8249678436338745
fov0,2088,9697.525490196078,5077.309803921568,44.928124618151124,8.762437553288219,0.6040281084930339,255,0.9807968107347689,1,0.5198341953146229
fov0,2089,9720.658935879945,17098.050022737607,145.8176606825246,38.06755210984793,-1.1497204180540843,2199,0.9653218463347232,1,0.40409497485823154
fov0,2090,9728.876422764228,6973.869918699187,92.41606609195853,10.20877382806297,0.27164299374578915,615,0.9938799749851698,1,0.162583077745066
fov0,2092,9703.800847457627,17724.072033898305,31.979487557348854,10.907229118483034,0.4078437830263769,236,0.940038067695389,1,0.4036145392969494
fov0,2093,9719.865819209039,6237.7217514124295,60.91742888972875,29.650181274748718,-0.4314566830189956,708,0.8735539171305143,1,0.2977442389640539
fov0,2094,9713.917061611375,5262.260663507109,53.96438864944699,13.031976211255182,1.0162395189525122,422,0.970402772940824,1,0.47690290563924786
fov0,2095,9731.682058047494,8059.646437994723,72.41748993974443,19.4256570227202,-0.5276519074141072,758,0.963350619835257,1,0.4549004219257546
fov0,2096,9721.053221288515,8020.26050420168,52.77294206052213,12.033230340543152,-0.2816866451658768,357,0.9736566965473383,1,0.3591063161069526
fov0,2098,9717.599206349207,6850.559523809524,39.16318037604505,10.755553762879167,-0.1598878251789411,252,0.9615487430970814,1,0.1661069072958465
fov0,2099,9756.25023877746,5028.323782234957,155.0118800241069,17.97918134412566,-0.6257784486238187,1047,0.9932508683957598,1,0.34230234601063075
fov0,2100,9854.961649592855,6158.021276595745,340.8575841060882,122.67793352475593,-0.06377813036374089,7614,0.9329871619741419,0,0.28315582734376743
fov0,2101,9716.483568075117,5551.497652582159,29.31102287547813,9.53842730351726,0.3210083646512501,213,0.9455691742682699,1,0.202805855811697
fov0,2102,9764.542121684868,7173.31825273011,116.40819900591347,24.9377423991061,-0.14583766178685642,1282,0.9767839720732446,1,0.1855257074690278
fov0,2103,9716.6875,6366.71875,22.549552250154925,7.462544359501856,-0.16890169758761545,128,0.9436518676792345,1,0.11306553564072945
fov0,2104,9773.449541284404,7418.252293577982,147.31687644833787,10.33298052455761,-0.07292197784114517,872,0.9975370739668186,1,0.3999874895668776
fov0,2105,9755.905479694982,17351.195956729916,259.3339664974411,73.63869931651824,-1.4338312217389917,5639,0.9588381525841798,0,0.3770281126593074
fov0,2106,9756.554927809166,6061.242310106717,109.31916845748597,41.78806728892554,0.06832981428431363,1593,0.9240558624328389,1,0.4913935194575813
fov0,2107,9743.992555831266,4660.85111662531,72.78202060725935,9.943268056832679,-0.4745769528265474,403,0.9906239296422263,1,0.05579952562400102
fov0,2108,9756.919860627178,7631.573170731707,104.48303833169702,10.781242991273166,-0.004092354712233722,574,0.9946620221980035,1,0.43719267697584907
fov0,2109,9806.411453930685,7948.7523245984785,189.9408552234836,97.38203865783206,0.9705186131169363,4732,0.8585698301528865,0,
fov0,2110,9725.943181818182,7941.994318181818,27.150680426816773,9.888800884808079,-0.4519388817893401,176,0.9313132268935745,1,0.41323861607560847
fov0,2111,9768.894146948942,5496.996886674969,97.7342081710722,37.430211216688406,0.2613583824704503,1606,0.9237567863866436,1,0.24835769240373004
fov0,2112,9730.047318611987,8120.3375394321765,40.69160387419295,17.09133708190959,-0.9679076423746533,317,0.9075142837360779,1,0.3781351441738503
fov0,2113,9724.31851851852,17274.77037037037,24.48251102087054,7.983715494546597,-1.4377766744920395,135,0.9453357208564824,1,0.23153379543337876
fov0,2114,9736.83606557377,4883.450819672131,41.778993686140126,8.110776798769445,-0.7251906488822214,244,0.9809747660156356,1,0.1821190523367481
fov0,2115,9749.895652173913,17150.333333333332,52.356836877809435,33.51483882521929,-0.14662652413577773,690,0.7682720705176407,1,
fov0,2116,9748.106412966878,17559.140239605356,88.41083994713591,51.685420629835704,1.5107606695329117,1419,0.8113180471155018,1,
fov0,2117,9756.970814132104,8143.917050691244,76.01059819041089,25.674994380885,-0.7610940550233022,651,0.9412244556882816,1,0.2640560161233253
fov0,2118,9749.77043478261,6528.6939130434785,46.28716555231976,18.567608206452533,-0.19882304415263719,575,0.9160169978544747,1,0.12250403134054726
fov0,2119,9746.105648535566,16939.667364016736,105.34467212789869,15.08854174564119,-1.20989195297175,956,0.989689396157943,1,0.34966441718800967
fov0,2120,9759.765505522515,17503.39762107052,71.80100563745562,45.30560473479876,0.275963596520428,1177,0.7757922306394659,1,
fov0,2123,9749.2,4542.930434782608,38.02876801636739,8.089697159519496,-1.077171099010956,230,0.9771119520830115,1,0.7216518500635575
fov0,2124,9768.072599531615,4416.772833723653,63.950409830880034,9.66521307338248,-0.29876845546226327,427,0.9885129695219834,1,0.5592280177916398
fov0,2125,9770.49570200573,7205.2722063037245,64.15264220615649,7.304114132434564,-0.15207476058513303,349,0.9934973505453042,1,0.10789011256333614
fov0,2126,9762.5975,17029.1475,44.079995297123524,13.781647746389707,0.15147538695666665,400,0.9498681221929918,1,0.7023916072736646
fov0,2127,9755.065454545454,5981.1563636363635,38.4262634676871,10.13198298546148,1.2679493635615027,275,0.9646120182295059,1,0.8631272821465135
fov0,2128,9766.395973154362,16977.673378076062,62.561736881004364,15.53077433326018,-1.1043930429766815,447,0.9686967229126937,1,0.33225804719945057
fov0,2130,9803.668048229089,16970.103617181612,318.72142019493504,78.39255155118026,-1.5128642565629808,5308,0.9692801138862656,1,0.4416180746440586
fov0,2131,9773.818731117824,17779.26586102719,44.49355411369681,11.536200105136745,-0.6472309590175206,331,0.9658027305138768,1,0.7447019753436875
fov0,2132,9779.97293814433,4532.827319587629,71.25689281089703,34.985820701366286,1.5642290092075586,776,0.8711699624591863,1,1.2138036289000231
fov0,2133,9761.301886792453,17220.415094339623,18.023341744854537,8.314614149409426,-1.4665744045804536,106,0.8872313385875885,1,0.3216962829812794
fov0,2134,9769.544217687075,5067.408163265306,25.590549173638983,7.459989511222785,-0.25496941481252017,147,0.9565667269630866,1,0.2754489818042318
fov0,2135,9768.34422657952,7503.7102396514165,41.92147848562036,16.302547395090723,1.5179823215352504,459,0.9212871791890351,1,0.7861595251089143
fov0,2136,9918.953718148727,7786.122984919397,286.0204246490195,50.136069153783446,-0.29930813723525773,3846,0.9845171246846811,1,0.353060611559249
fov0,2137,9777.236363636364,8013.6,16.624362933606797,8.9297429480269,0.4370474424555748,110,0.8434880253505053,1,
fov0,2138,9781.826241134751,17399.326241134753,31.307414852963692,13.161847764255258,-0.9447222197980077,282,0.9073357620524455,1,0.2558487333913491
fov0,2139,9805.358916478555,6791.702031602709,81.45260550226101,9.28920481099022,-0.13934233961668305,443,0.9934756661460782,1,0.16750219348365689
fov0,2141,9818.568111455108,7382.222910216718,83.37148508655287,14.648552634003897,-0.17216511822489033,646,0.9844433655219971,1,0.4266043833852585
fov0,2142,9788.812227074235,16797.12445414847,48.19332200235728,14.196917023055095,-1.206771488655802,458,0.9556260021679225,1,0.09229153690946516
fov0,2143,9784.419512195122,4467.082926829268,26.3760629956287,12.462308402290603,-1.511857439759202,205,0.8813384215196516,1,0.8948330063021936
fov0,2144,9802.618226600986,4715.411330049261,53.61517362561911,14.131670564865122,-0.42263139091446766,406,0.964638645401197,1,0.04914300818651545
fov0,2146,9787.23,5146.38,18.864914917538446,6.985569780199419,-0.5812210512764073,100,0.9289145053393218,1,0.30998372485769415
fov0,2147,9807.81919642857,8051.651785714285,74.29610650334318,11.914146930932448,0.5190580754752951,448,0.9870585442886364,1,0.5844675089025838
fov0,2148,9799.722727272727,17740.368181818183,31.46318158457422,9.632148629497884,0.7159087762768737,220,0.9519863977663899,1,0.6526270959801185
fov0,2150,9834.243062200956,7776.999043062201,126.04773431620244,13.117483273874289,-0.38261731932405785,1045,0.99457022768816,1,0.23925865441510033
fov0,2151,9795.951020408163,17558.755102040817,20.96497021919741,15.444257857190616,-1.0451273161573627,245,0.6762527528660366,1,
fov0,2153,9837.565247252747,5060.642857142857,112.8169844101512,42.589780777548526,-0.7367764823564692,1456,0.9260046366336505,1,0.15570966400847563
fov0,2154,9816.828530259367,17452.125360230548,57.79549433822534,21.347323972558524,-0.7053552249204047,694,0.9292865239973687,1,0.2278587629158552
fov0,2155,9830.29659090909,5981.843181818182,67.51928522145322,29.625230536505054,-0.08871699029013222,880,0.898600894484593,1,0.39807705945431376
fov0,2157,9816.836917562725,8129.313620071684,51.85251587623384,29.673705733318624,-1.2013679327675373,558,0.8200643754269595,1,
fov0,2158,9817.425373134329,17404.7723880597,27.9553755221881,13.622736787529288,-0.2072576595548623,268,0.8732329820530642,1,0.48206824675075455
fov0,2160,9940.033879433751,16437.816393616456,752.3922859661137,93.05034996255284,-1.1666046499682343,18861,0.9923230698446137,0,0.3156025529890629
fov0,2161,9851.245795601553,4354.6442432082795,108.05347878124029,14.846693743257974,-0.5310602717013005,773,0.9905154563694516,1,0.313048299024825
fov0,2162,9881.28101439342,6436.050376970527,149.422622628369,72.44363457965632,-0.2179284038328647,2918,0.8746118808902088,0,0.08086526973121264
fov0,2164,9847.850427350428,17522.482193732194,107.8934194418899,35.41826201681709,-0.49733779182882787,1404,0.9445836459568161,1,0.5707346533216501
fov0,2165,9826.008064516129,17274.645161290322,15.869003821057513,11.470765616343005,-0.39599424446353915,124,0.6910144553573158,1,
fov0,2166,9880.039430773792,17724.56211088052,133.86656209925187,85.22787663848734,-0.5724529025689484,3373,0.7711422198492865,1,
fov0,2167,9834.567134268536,17915.59519038076,34.33545163768078,23.383574001129837,-0.625646188704667,499,0.7322527690163705,1,
fov0,2168,9855.453382084095,4440.387568555759,77.84260826421708,57.997089830796845,0.2789957341797656,1094,0.6670020962325244,0,
fov0,2169,9841.455388180764,5512.017381228274,75.0456789950361,24.61425227058044,1.126603224094762,863,0.9446811022402316,1,0.5038412567078203
fov0,2170,9846.846808510638,17128.529078014184,79.76588525836816,12.960345933056384,-1.0771229251187089,705,0.9867118683442273,1,1.0062897659388599
fov0,2171,9860.170377541142,17171.361084220716,95.85776844536703,18.120015259016437,-0.5481063918547421,1033,0.9819712700144027,1,0.6036710242151844
fov0,2172,9850.323600973235,16821.097323600974,51.96962305759891,37.217684844685884,-1.241328392233756,822,0.6979535218651607,1,
fov0,2173,9855.469325153374,17328.9918200409,62.5693480213479,42.28752045919913,1.1515421083510995,978,0.7370388068997009,1,
fov0,2174,9909.410442828817,6246.449438202248,183.35799520255972,21.930767983240315,-0.0407612446141064,1513,0.9928214025865246,1,0.28456296318255037
fov0,2175,9840.54961832061,17239.90076335878,22.744534055483985,7.912733395249166,-0.6543363106510703,131,0.9375331158644019,1,0.49186058675435557
fov0,2176,9865.545988258316,4607.774951076321,70.36161525373196,10.630223309253154,-0.11124279870137542,511,0.9885215599553879,1,0.4323927520988376
fov0,2177,9843.416058394161,6088.80291970803,20.12951903912015,9.818555918375663,0.7347059657037329,137,0.8729727236112815,1,0.5550442834898556
fov0,2178,9844.992277992278,16981.343629343628,43.03055684249156,8.314884027944771,-1.2099501044108296,259,0.9811530782849082,1,0.736356679681385
fov0,2179,9851.15,8176.131578947368,45.3683872954229,22.036782758000623,-1.207647211310007,380,0.874108947909338,1,0.7228856759281898
fov0,2180,9882.492307692308,7913.033846153846,95.48422986492629,12.203320568629461,0.4755767319166001,650,0.991799371284524,1,0.3909743874830452
fov0,2181,9853.430210325048,17056.175908221798,57.85396791878803,16.148724831854274,1.4332023318283922,523,0.9602535898252771,1,1.1888732649778182
fov0,2182,9900.74289308176,17399.36528301887,173.53815130334834,81.82137462796345,-1.5115132147037194,3975,0.8818718031695412,1,0.7214699894586266
fov0,2183,9854.987473903966,17471.44676409186,50.173019054519315,16.75434230840219,-1.3996497287664877,479,0.9425974091965305,1,0.8489541450713223
fov0,2184,9860.588235294117,16872.378151260506,33.5207267659335,9.552971263758396,-0.8831873942935059,238,0.9585313826097634,1,0.5265752615734509
fov0,2187,9871.481481481482,6016.455026455026,34.21619084157317,7.294822507000028,-0.10689702423164901,189,0.9770090197179983,1,0.27675618168455923
fov0,2188,9868.929378531073,7499.062146892656,35.35238329046242,16.650941183967905,0.03998955946378647,354,0.8821336833160911,1,0.3743557863057748
fov0,2189,9863.66037735849,8129.094339622641,17.19034757203921,8.556929089115155,-0.7129221846866183,106,0.8673060750236535,1,0.6757950780355119
fov0,2190,9944.949115044248,8060.391039823009,177.7703318942164,88.17605987821595,0.4973931411374911,3616,0.8683161736783592,0,0.36515355611805955
fov0,2191,9914.7089678511,4644.623519458545,142.50388247506882,34.27398082748756,-0.29341657074085536,1182,0.970646013761838,1,0.4237691356864506
fov0,2192,9871.874316939891,16752.90163934426,82.31834938695076,16.99060694938826,-1.3084257126639034,732,0.9784674447095774,1,0.0854239310140604
fov0,2193,9882.964726631393,6187.548500881834,40.196902200266216,25.02802328755101,0.45395062253584517,567,0.782511903824049,1,
fov0,2194,9888.98947368421,16972.848421052633,52.3237633443973,16.038167564980313,0.04956745298656465,475,0.9518649096466806,1,0.6634505425008376
fov0,2195,9906.572778827976,4697.187145557656,82.49245867750454,11.980347323026809,-0.4226110040723072,529,0.989397979258286,1,0.4599713226667248
fov0,2196,9880.874045801527,17907.40076335878,36.56603341098915,10.592128773868817,0.9664735781952712,262,0.9571262008006378,1,0.7407627772317393
fov0,2197,9882.355704697986,5494.932885906041,23.41687791239918,8.373595708213351,0.2037629595218572,149,0.9338794282695883,1,0.2907979845435544
fov0,2199,9884.062176165804,5098.58549222798,24.373678580430244,12.229409929111265,-0.3753962433831092,193,0.8650146628897891,1,
fov0,2200,9881.807692307691,17653.978021978022,20.583914352444975,11.637838680611663,1.0571464029330373,182,0.8248270590723752,1,
fov0,2201,9883.963636363636,17536.945454545454,17.55894967427938,8.23164506954715,1.569114275092799,110,0.8833040556578732,1,1.2275201909443176
fov0,2202,9885.537572254336,16673.630057803468,25.77957333771552,10.083989548247532,-1.5085963299856577,173,0.9203218389551892,1,0.7369977661027597
fov0,2203,9911.445414847161,4369.626637554585,59.59601204450631,10.195156381790234,-0.13193003474370052,458,0.9852586831595376,1,0.36731815786077743
fov0,2205,9886.776785714286,8193.169642857143,22.251213119724508,6.754691824160112,1.3069274133358504,112,0.9528106987494143,1,0.8824891234124527
fov0,2206,9914.319218241042,6060.197611292074,119.29866406899285,13.545004139628036,-0.8106896264159257,921,0.9935335850953227,1,0.48808220914931494
fov0,2207,9894.724279835391,16795.286008230454,55.44388957904857,12.597984383725393,-1.2536478136687352,486,0.9738433532033236,1,0.5031632396971984
fov0,2208,9931.920546932743,16825.00332594235,227.4654795833553,39.34657091093975,-1.0687642159050375,2706,0.9849256518913937,1,0.7243945712160396
fov0,2209,9913.474160895044,17139.318593500266,141.75800350946682,26.9470791972238,1.147914481803314,1877,0.9817662585847524,1,0.7969178791817277
fov0,2210,9907.883076923077,4407.563076923077,46.55800701365723,10.295722186533565,0.15141586793697553,325,0.9752426351652318,1,0.45517623861531115
fov0,2211,9991.358081271006,6775.11732355637,269.744168781159,50.6356400942433,-0.016115856605580167,3273,0.9822231034586272,1,0.20116867119358992
fov0,2212,9895.502369668246,6984.037914691943,26.876887200425276,11.605619884733056,0.4671015489039338,211,0.901966172602892,1,0.35929539805809857
fov0,2213,9900.273603082851,17204.287090558766,51.005946746184925,24.513301909796652,1.0837849022069121,519,0.8769416067253509,1,0.8045872306421112
fov0,2214,9914.363896848137,5983.595988538682,59.785305344031464,9.116318880397564,0.039914461757231755,349,0.9883058970718814,1,0.23983707005124769
fov0,2215,10106.510508571839,16430.56502402984,416.1334218720251,187.47813636010162,-0.8963244853285758,13941,0.8927642651746143,-2,0.7114800963364498
fov0,2216,9900.983739837398,8125.609756097561,17.699757383274825,9.629797401066915,-0.10986706709419984,123,0.8390438444563287,1,
fov0,2217,9927.030038230476,4950.376843255052,116.8442949033952,67.88206714242457,1.0415846612676067,1831,0.8139308534021007,1,
fov0,2218,9911.526315789473,16689.669298245615,144.08053874856276,18.515965110081808,-1.4358990061505088,1140,0.9917080556230948,1,0.7109157511648296
fov0,2219,9998.225470430107,8172.404233870968,233.6325996402724,61.860177736572844,0.4686423504223118,2976,0.9643100946987073,1,0.3697663261019027
fov0,2220,9944.634415584416,17320.904545454545,116.26431380451527,47.228792968234,0.9950938226826413,1540,0.9137756762607857,1,0.8923040182132943
fov0,2221,9913.051886792453,4305.382075471698,22.441102515772233,17.633031383431774,-0.011047833593618502,212,0.6185478830105996,1,
fov0,2222,9924.096026490066,7629.433774834437,46.02395184627589,8.780736046030096,0.0325835759062384,302,0.9816316092285784,1,0.3110600706365164
fov0,2223,9915.1125,4794.729166666667,20.86553644463282,18.85877190504696,1.1071368703776663,240,0.42790447325216097,1,
fov0,2224,9915.844660194174,6100.902912621359,17.465335354708813,8.066345827990823,-0.358485017460937,103,0.8869586227806864,1,0.31121778966588776
fov0,2225,9922.058139534884,4570.03488372093,28.67428711890608,8.129194177392607,-0.3437780679597629,172,0.9589718880422718,1,0.12969783882355965
fov0,2226,9920.967320261438,7746.078431372549,18.0149857693019,11.185819343321667,-0.07453547497688592,153,0.7838759457899387,1,
fov0,2227,10007.138515488019,6656.968877849211,227.34317021536768,167.84535333706847,-0.29111498213309267,6844,0.6744826235260136,1,
fov0,2228,9946.66801893171,5195.6551724137935,95.69185082113319,82.04633591587027,-1.4934770482615256,1479,0.5146481099193131,1,
fov0,2229,9942.596949891067,17083.860566448802,47.31998887623243,32.8646777605159,-0.5425373499132395,459,0.7194734160648381,1,
fov0,2230,9927.554838709677,17008.877419354838,22.089015988887535,10.120232108446475,-1.2893481393388142,155,0.8888714072606649,1,0.34714936651935113
fov0,2231,9944.815151515151,8245.475757575758,49.19521627180827,9.40931429546671,0.0547992592876601,330,0.9815384698380875,1,0.47682507200732455
fov0,2233,9935.015384615384,7959.682051282051,33.002402138920765,8.158035132071886,0.8306872775521921,195,0.9689657047949938,1,0.23827745277360687
fov0,2234,9997.511050353156,17233.21212121212,160.29766142870713,122.97817546251409,1.300155465823733,4389,0.6414242953028892,1,
fov0,2235,9934.179856115108,4324.992805755395,20.75858602937815,10.177636716151989,-1.4739015548642491,139,0.8715618093208216,1,0.7147439351330036
fov0,2236,9943.227053140097,16898.71497584541,31.35161292871239,8.80903169533004,1.1564492773838289,207,0.959714973185413,1,1.154060864247205
fov0,2237,9952.645328719724,17589.04498269896,49.54883916914088,21.018422129668274,-0.8499553280459745,578,0.9055703763410928,1,0.6266905571831047
fov0,2238,9951.411007025761,17743.95667447307,72.11893273667528,26.230204619908672,-1.4420071820935199,854,0.9315131640758776,1,0.8455610378145009
fov0,2240,9945.036697247706,16739.70642201835,15.19343092926338,10.150130843234429,-0.3782436268990437,109,0.7441069732868761,1,
fov0,2241,9954.31007751938,16603.439276485788,56.36128997400221,10.577577474782949,-1.1045394915028337,387,0.9822312753742218,1,0.6401801517593156
fov0,2242,9945.040816326531,16681.94557823129,25.712895745025996,7.701763880421665,1.4037972234666964,147,0.9540871238954971,1,1.3553706768485847
fov0,2243,9994.825471698114,6979.307783018868,115.79824784512238,12.155770142685476,-0.40384366089467205,848,0.9944749986853372,1,0.29433523486886104
fov0,2245,9989.879286694102,4349.936899862826,89.17394379687812,12.423110132240186,0.21199533226685688,729,0.9902483647944232,1,0.44262689456673304
fov0,2246,9969.638655462184,5482.109243697479,51.63538253415594,9.653386859187211,-0.29900182481804916,357,0.9823688696978548,1,0.3831421500957419
fov0,2247,9967.195519348268,16940.06313645621,59.50986112518384,14.134457122437125,-1.0560516811388616,491,0.9713839841334734,1,0.5562964235627769
fov0,2248,9981.501061571125,17000.523000707715,129.98445976604503,42.06547018721277,-1.0158949000720237,1413,0.9461874005360361,1,0.09494902546693879
fov0,2249,9987.24662813102,6950.928709055876,86.65370567107371,9.517038635698087,-0.4431303342747387,519,0.9939505624308128,1,0.27923884276729083
fov0,2250,10089.757853865161,4482.081539004589,298.8768625053551,33.54739284200564,-0.03024866272761331,2833,0.9936805776820581,1,0.06187551931071287
fov0,2251,9971.434042553192,5439.634042553192,41.25125343790804,16.964618526319278,-0.059524186715645445,470,0.9115221494739358,1,0.31217103150758335
fov0,2252,9967.561224489797,5096.8877551020405,27.338284372278192,10.255387678033633,0.11364149958149493,196,0.9269725522444543,1,0.5251946718219763
fov0,2253,9968.192307692309,17112.592307692306,23.84966434153838,7.573491344880676,-0.37847302780449193,130,0.9482411017682785,1,0.44967357330488533
fov0,2254,9966.18115942029,16653.152173913044,18.36935862925044,10.61534484308796,1.2714647387610742,138,0.816119438666871,1,
fov0,2257,9976.896373056994,4810.4559585492225,27.99899467414202,10.299080674236288,-0.34175005883114096,193,0.9298900801835713,1,0.6029615844505191
fov0,2258,9970.745901639344,16494.66393442623,16.353985051198187,10.3386364703404,-1.5614697000752091,122,0.774822845685467,1,
fov0,2259,9982.416398713827,8000.1205787781355,51.64535357479795,20.650548511028862,1.2434622635857722,622,0.9165792899031956,1,0.3610732204933039
fov0,2260,9986.42678347935,17385.826032540677,75.70545186465253,19.726652920593214,-0.9356414420551692,799,0.9654546605021347,1,0.5184187055454914
fov0,2261,10041.120110192838,4306.015977961432,132.56367046268673,56.80792941782194,0.20721489563589768,1815,0.9035260513800951,1,0.4413222551511119
fov0,2262,9996.347985347986,8215.734432234432,57.26978947511474,17.62301036409213,0.6070059953495499,546,0.9514772361387563,1,0.22555133392561613
fov0,2266,9986.026490066226,16618.1059602649,25.464295403614912,8.404586183839672,-0.8238016206794385,151,0.9439621402612209,1,0.5963030572237177
fov0,2267,9992.721739130435,4534.643478260869,31.968961560048832,9.930184245721364,0.110447544110613,230,0.9505343229996075,1,0.26542018494152436
fov0,2268,10024.496630378435,4922.4232763089685,177.9900583094378,128.7157142030259,1.453676787711022,3858,0.6906780523465269,1,
fov0,2269,9986.050314465409,16820.974842767297,22.635604194410917,9.398590789395593,0.7151966309883949,159,0.9097243522301016,1,0.8545325857945866
fov0,2270,9988.72268907563,7820.546218487395,15.392469294414829,9.860824534055864,0.2744349704106687,119,0.7678526034373236,1,
fov0,2271,10069.507280139778,7481.189866045428,184.37019812464246,25.24864109820576,-0.17292239163261683,1717,0.9905786043674704,1,0.2973213061957746
fov0,2272,10042.303547963207,6815.022339027595,133.92244986013412,8.892970674552608,-0.15294110605557815,761,0.9977928263619726,1,0.22538890625086505
fov0,2273,10005.914572864322,4400.140703517588,49.01033838801919,16.349371559925363,-0.20530702815608037,398,0.9427181646521626,1,0.1394559476683336
fov0,2274,10013.209141274237,17071.46814404432,77.91721044895206,14.888821390715112,-0.9500650636830069,722,0.9815734652503842,1,0.15747545325729517
fov0,2276,10001.73275862069,4646.892241379311,19.20377424976936,16.5015262828917,-0.3897264081282739,232,0.5114961319835636,1,
fov0,2277,9998.572549019607,16859.61176470588,61.57191211382869,11.295143610139583,-1.5459293636586187,510,0.98302971994431,1,0.8967975743103596
fov0,2278,10055.438394611283,17513.294976143698,211.7660038490906,33.49958225855083,-0.7760901431602144,3563,0.9874084507636735,1,0.6160227035218149
fov0,2279,10369.216552705426,6157.224615627841,807.5699391197347,191.42881811639236,-0.07473766141278133,25301,0.9714991539620678,-4,0.15828974963207856
fov0,2280,10056.265709156194,7522.309694793536,109.67784098811794,53.85777532492291,-0.18473932143571808,1114,0.87112896600315,1,0.33911688635573123
fov0,2282,10005.459677419354,16688.201612903227,20.548154352860987,8.036220808727787,-1.4041143224053696,124,0.9203515471781472,1,0.743941624847499
fov0,2284,10010.948275862069,4708.045977011494,23.405467254154757,11.07827441063685,1.3861279271936306,174,0.8808905903715384,1,0.803237590834363
fov0,2285,10040.021560574949,4813.944558521561,74.64433346733409,27.634355847680595,0.9742548447179398,974,0.9289466113310783,1,0.5433845983327932
fov0,2286,10024.363095238095,5058.0099206349205,77.35506856072345,13.997273044141497,1.4250977436983663,504,0.9834925977565286,1,0.9014877801844223
fov0,2287,10020.992125984252,17128.220472440946,22.940924560468353,7.852367044546221,-0.777918793064281,127,0.9395956596019105,1,0.49746370104521814
fov0,2288,10052.179754601228,16756.15889570552,192.3109308652113,40.17748518186009,-1.1706610187631146,3260,0.9779328618905501,-1,0.4944342872524363
fov0,2289,10023.294585987262,16583.84713375796,81.29363964773601,17.176553736238176,-1.3818913827514006,628,0.9774233620795242,1,0.24580980596623084
fov0,2290,10033.013636363636,16897.525757575757,54.88647743810338,18.584298628190574,-1.0718971209139405,660,0.9409321337832884,1,0.7238866189716031
fov0,2291,10021.013793103448,7950.268965517242,25.859733350967073,7.561463932051511,1.5383924717675546,145,0.956295183680794,1,0.4806083850337076
fov0,2292,10145.28278752134,8007.383361787987,264.08495356683454,146.1919519462459,-1.0775003303515636,6443,0.8327964985754458,1,
fov0,2293,10066.50365630713,4613.4478976234,103.34565602413382,27.840974291924013,-0.5113143428460741,1094,0.9630293043153847,1,0.2928760816889936
fov0,2294,10034.622950819672,5903.2786885245905,28.943350036208965,9.00941320043626,0.31848283757304335,183,0.9503190661392568,1,0.37623358246218414
fov0,2295,10052.513071895424,4580.10294117647,62.59145559568752,21.807089832317136,-0.606812394711412,612,0.9373446091037916,1,0.26871349027898206
fov0,2296,10037.013793103448,16316.910344827586,22.286085042891838,8.991881509478052,0.05428959004459723,145,0.9149906027888071,1,0.5426626762457892
fov0,2297,10064.842546063652,7226.521775544388,94.04382887494125,42.76268382838702,0.10496616724866488,1194,0.8906394762433864,1,0.23227107051744422
fov0,2298,10104.642578125,4523.689453125,176.67982889174996,11.789604601051977,-0.19619587284245738,1024,0.997771160475443,1,0.1355158317218849
fov0,2299,10065.936936936936,4421.097597597598,65.94563515576779,14.086896447769206,-0.13904456768746057,666,0.9769181913985664,1,0.09336387303018982
fov0,2300,10115.117736077482,17017.294794188863,259.44607608340044,33.92693049481524,-0.7665377679306279,3304,0.9914131564016219,1,0.2724176923721441
fov0,2301,10041.971223021583,17134.64748201439,21.62776057966703,9.879540782281234,-1.0259048436045048,139,0.8895699047412314,1,0.17507595832280035
fov0,2302,10065.374133949192,16645.83833718245,73.24641908029199,10.456085252857152,-0.6428287434770658,433,0.989758464485672,1,0.3032971402672307
fov0,2303,10051.446064139942,16357.790087463556,45.13028977413811,11.76833571476636,-1.0047610629406885,343,0.9654026920456792,1,0.555299998598578
fov0,2304,10108.85874799358,6132.213483146067,151.84474096811712,41.557594282273016,-0.5355767844861006,1869,0.9618194435937528,1,0.22959312227836765
fov0,2305,10092.555091383812,7114.383289817232,99.33138905596812,44.27853660220211,-0.13731626994965945,1915,0.8951496227511619,1,0.15245125505061813
fov0,2306,10072.12643678161,16964.145888594165,82.82396207343294,55.390790221332594,-0.7911739190136091,1131,0.7434627431721161,1,
fov0,2307,10062.452196382428,16574.02583979328,59.858338391686445,13.44956264065083,-1.2025661684990396,387,0.9744303256514065,1,0.17481195221010767
fov0,2308,10054.24107142857,8160.223214285715,16.698126578655177,8.735139999108544,1.5545886168619858,112,0.852258447680163,1,
fov0,2309,10061.005555555555,17014.95,27.945008368266812,8.845112405749138,-0.763858651679482,180,0.9485863339404884,1,0.14458729177605303
fov0,2311,10073.489010989011,16069.739010989011,33.121218767485075,16.361396297476563,-0.1831957123354658,364,0.8694702354456135,1,0.4980435185952645
fov0,2312,10073.346534653465,16265.279207920792,38.12450694977995,27.06301427996056,-1.3912568234641076,505,0.7043440751449912,1,
fov0,2313,10088.590342679128,7276.255451713396,75.5485296383853,13.76138919436307,-0.028784187503057293,642,0.9832702043880778,1,0.18047759870980706
fov0,2314,10104.672853828306,4649.527842227379,102.58818765958654,16.011574261431928,-0.26038006805965375,862,0.9877450179594078,1,0.40502839987900774
fov0,2315,10145.323490735207,16821.662402869097,279.17246543428996,108.03050786226387,-1.0227495600055927,8365,0.9220935995067067,0,0.6470924832537668
fov0,2317,10077.50406504065,4994.249322493225,59.858159968923204,8.69696899880813,-1.1059112480033615,369,0.9893886784046084,1,0.8945791160009715
fov0,2318,10103.085668958223,7832.800105764146,91.79674896081038,59.4306622916814,-1.1765198614779213,1891,0.7621370149156861,1,
fov0,2319,10073.361904761905,16305.952380952382,22.291020306658513,14.401966075507373,-0.3460837287060049,210,0.7632627242717501,1,
fov0,2320,10082.033582089553,6095.585820895522,45.20775108690769,8.860666658899758,-0.5784685030222568,268,0.9806041279230471,1,0.23387553388486246
fov0,2321,10090.365942028986,17220.86111111111,66.98860078064683,18.662752439037128,-0.9625901586477806,828,0.9604084028467391,1,0.15474648253995488
fov0,2323,10152.77873070326,4728.711835334477,240.6583241274964,26.783504785123792,-0.6839303892703011,2332,0.9937876755468966,1,0.5865433717182417
fov0,2324,10087.827411167513,6060.741116751269,35.176840769983,7.498584642249466,-0.6363156781585034,197,0.9770155109555719,1,0.2474188707848458
fov0,2325,10088.8,4714.7,30.792374771261343,8.82473635502286,0.7037321380281576,190,0.9580538130867297,1,0.547558307360474
fov0,2326,10094.447552447553,16030.574825174825,49.730866484355495,20.82507021958642,-1.365802263643617,715,0.9080990543596993,1,0.4021448999872722
fov0,2327,10096.584239130434,6006.222826086957,49.51095954552604,10.799374378207267,-0.727429868159756,368,0.9759217586234297,1,0.2713131005337691
fov0,2328,10088.55,7586.768181818182,33.050690475538474,9.564481016065603,-1.1659913274598925,220,0.957211809816076,1,0.36774568852466477
fov0,2329,10125.16885553471,6893.0806754221385,94.2382247187395,8.297021926809164,0.17628415392044,533,0.9961166694278198,1,0.1618620690312808
fov0,2330,10095.207407407408,8005.511111111111,23.90189547086023,7.315753097267651,0.11563436153041981,135,0.9520076655668691,1,0.4946428434637454
fov0,2331,10131.580963572267,16103.152996474735,200.81566714036796,56.18775754827363,-1.2140609018164357,4255,0.9600589871952201,-1,0.3520148002660033
fov0,2332,10094.24,16581.14,18.04644226759322,11.685777173517025,0.5330513995451199,150,0.7620322174174727,1,
fov0,2333,10095.173553719009,6107.975206611571,22.979176429191178,7.653307713973806,0.3422859496441505,121,0.9429077375646995,1,0.4899203911157815
fov0,2334,10093.526785714286,16542.352678571428,37.02026857784687,8.176506765940523,-1.1979403662689805,224,0.9753042354689869,1,0.16450312077307924
fov0,2336,10113.25796178344,6917.84076433121,51.15200213703106,8.609858386136064,0.13420318192326958,314,0.9857325622961695,1,0.2102128451586357
fov0,2337,10108.125850340137,8139.8877551020405,37.77962136546861,14.781871237414595,-0.6691193670216303,294,0.9202777441393818,1,0.480714847596106
fov0,2339,10117.993388429752,8243.636363636364,54.163005888360466,24.070444024775128,0.6097806708921533,605,0.8958247635573725,1,0.3901256191185223
fov0,2340,10142.32237936772,16205.289101497505,162.0291191252633,42.78589306072417,-1.0392762890231493,2404,0.9645054376602921,-1,0.11704692140181126
fov0,2341,10112.888888888889,4422.055555555556,26.165783715492772,7.317738272051738,-0.13547656658967677,144,0.9600967056783509,1,0.04909069107825607
fov0,2342,10121.770742358078,5451.5982532751095,63.94779993393167,14.180606220743222,0.874307292762874,458,0.9751029064333354,1,0.5702374585720011
fov0,2343,10267.731951050073,15706.258376529686,497.0001309289192,136.74582585322491,-1.0139734333071169,18713,0.9614034745450913,-3,0.5533124689104996
fov0,2344,10116.905660377359,4548.836477987421,26.892754116787057,8.139243285166197,0.07371931795581839,159,0.953099980645528,1,0.1869833414641647
fov0,2345,10139.021398002853,5900.683309557775,60.64479471502885,24.4247483493683,-0.10772533163085252,701,0.9153096070287965,1,0.26536550074179244
fov0,2346,10115.218181818182,16064.60909090909,20.06018686217855,7.573909800495993,-0.2867851512815484,110,0.9259854138253188,1,0.45338284250991234
fov0,2347,10148.18330715728,16626.84249495176,145.92730486402107,87.58225827667492,-1.3410695017457552,4457,0.7998669817135295,0,
fov0,2349,10196.761651603756,6377.664185716817,218.5226466571075,137.19911758389628,-0.7381950527593059,5643,0.778335564833541,0,
fov0,2350,10122.875,7602.228260869565,33.056077578001684,7.62398388260367,-0.7828047024567188,184,0.9730396523857532,1,0.23604766273239955
fov0,2351,10127.328402366864,4304.544378698225,31.315676063685583,22.50122394782723,-1.5615725615823661,338,0.69549691554509,1,
fov0,2352,10152.252645502645,7125.141534391534,97.07436768206782,16.782075252944722,-0.6172593084919706,756,0.9849431503142114,1,0.2884772512184379
fov0,2353,10204.567572496808,15934.496625934707,236.84181262707557,110.91115845380617,-1.0442306715290781,5483,0.8835736952105262,1,0.882810934821512
fov0,2354,10135.71794871795,15915.246153846154,17.253887692241037,16.61261550613125,-0.38150518389505383,195,0.27009678421429656,1,
fov0,2355,10179.019278299555,5401.874938210578,119.78798843914716,47.598370401319215,-0.7082245161538602,2023,0.9176649221815285,1,0.49525267607429513
fov0,2357,10154.700149925038,6731.68515742129,79.94432550850046,27.167814401865456,0.6237443400312978,667,0.9404853689870944,1,0.7306400635004945
fov0,2358,10152.196382428941,8175.987080103359,42.337259426170064,15.155057065383044,0.4337863896862422,387,0.9337368156348039,1,0.345567047606052
fov0,2359,10140.589285714286,17058.39285714286,26.454040540972485,12.524875830394018,-1.2499507037141098,224,0.8808164216384299,1,0.18637817236186935
fov0,2360,10191.148387096775,8106.359677419355,134.07139610996853,32.63700420950351,0.12189687740191088,1240,0.9699184603102433,1,0.2276127207535147
fov0,2361,10157.161290322581,4345.982078853047,45.66541452078029,8.070332416000964,0.009533158209275208,279,0.9842598270884884,1,0.07010228996589266
fov0,2363,10147.713114754099,16939.54098360656,37.21523986038196,11.15510177854657,-1.4601781573748642,244,0.9540191913827584,1,0.3426262254065599
fov0,2364,10149.408805031446,6632.528301886792,23.539251544564216,9.775943799505015,-1.480917847454604,159,0.9096827146640357,1,0.7370359755543276
fov0,2365,10170.638989169674,7384.389891696751,59.4025233405602,15.510319258998424,-0.40981342501326024,554,0.9653102989430348,1,0.17974930845561407
fov0,2366,10171.082517482517,6050.177622377622,63.46936995443197,26.419401519406875,-0.7821067513633694,715,0.9092482134659889,1,0.3911487941921274
fov0,2367,10244.953889147648,17167.744061481135,289.62060810081965,86.21632347813014,-0.900634556854419,8588,0.9546634910455539,-2,0.16770732082489592
fov0,2368,10336.058396624472,4792.313080168777,446.15872772683446,60.41375665624953,-0.20682935752818205,5925,0.9907898334542107,0,0.32183641823164694
fov0,2369,10173.977049180328,8138.311475409836,40.8798420723948,12.21390407459559,-0.200402905722912,305,0.95432335803066,1,0.23197217011841606
fov0,2370,10164.09900990099,7813.158415841584,16.475022377112307,8.321236916239299,0.48781442873613107,101,0.863071372413712,1,
fov0,2371,10181.589147286822,4387.359173126615,48.095278923783525,11.959089811937329,-0.21575653008834236,387,0.968592340909425,1,0.10880374441500455
fov0,2372,10163.815642458101,4613.206703910614,28.49724679723501,8.344412399274923,-1.4901249042746088,179,0.9561692105054352,1,0.7014872986584212
fov0,2373,10171.476821192053,7640.225165562914,26.878583486723794,7.548964286821575,-0.9053826886108154,151,0.9597504325355913,1,0.2667825864157947
fov0,2375,10195.057736720555,4544.362586605081,57.82059254625805,12.631152913615097,-0.038607689414701434,433,0.9758471961431332,1,0.36706060412759495
fov0,2376,10183.181818181818,6602.510971786834,44.189545727301514,10.877238861027113,-0.9009366701290565,319,0.9692318484363319,1,0.514097030255215
fov0,2377,10193.79800142755,16085.888650963598,111.83100464268011,35.81674958303544,-1.4066275562459742,1401,0.9473243886036544,0,0.4168855501692216
fov0,2378,10197.202582728007,16212.072639225182,203.68022639465346,37.04235439749323,-1.2604243522547065,2478,0.9833234627741769,1,0.09898450580069565
fov0,2379,10197.842013888889,6715.222222222223,56.03767196894036,25.842597451954823,0.33163435573474886,576,0.887314543200885,1,0.6080132178519255
fov0,2380,10209.212160413972,5884.30659767141,68.69935825714137,23.176818001088634,0.502198758396188,773,0.9413736119523423,1,0.3228073503731903
fov0,2381,10178.77358490566,17038.19811320755,18.824898018661454,7.449548113596284,-1.4539606013183342,106,0.9183675609876109,1,0.24880332959512533
fov0,2382,10186.994897959185,8067.831632653061,27.011324166424423,12.02275484924001,0.16730495337843684,196,0.8954806046793652,1,0.22906691937447915
fov0,2383,10202.081424936387,8228.737913486006,63.67923123463736,8.83059495288035,0.9447601587297275,393,0.990338213764947,1,0.38420436243835215
fov0,2385,10206.988764044943,5942.220973782772,40.00866495761692,13.298891548212065,-0.5424747675788741,267,0.9431384055183756,1,0.5044388718324886
fov0,2386,10202.495454545455,6174.404545454546,25.018284032606047,13.477701557404398,-0.2733956087577685,220,0.8424886665654197,1,
fov0,2387,10218.143059490085,16903.192634560906,70.98094850264927,18.92138714985936,-0.505061838019981,706,0.9638155774529842,1,0.594297615326595
fov0,2388,10276.230413778618,16859.072463768116,384.9479178255665,63.60910601784417,-1.2575535463381884,4761,0.9862532506815908,0,0.7093811759233133
fov0,2391,10234.102526002971,4408.9554234769685,84.65564125911825,25.569492518930108,0.09002619228459384,673,0.9532948683574897,1,0.2126501946494322
fov0,2392,10224.543209876543,4600.301234567901,61.70134156465318,16.951520799427414,-0.14529497293387472,405,0.9615199714571797,1,0.34003154945746583
fov0,2393,10212.866758241758,16508.247252747253,53.60773217096951,21.984096598282903,1.2558627326490508,728,0.9120442071155808,1,1.0487383092621048
fov0,2394,10241.118181818181,6011.889898989899,100.72789060679655,26.824907030837043,0.29467294871701827,990,0.9638872618235755,1,0.3769719204241797
fov0,2395,10279.560902255638,4634.416541353384,147.1841717382286,18.048866468549463,-0.06942999933956988,1330,0.9924527346477193,1,0.36136897315289074
fov0,2396,10212.71568627451,6681.411764705882,18.069962782373988,7.492460225459039,-0.6807766790288924,102,0.9099872765755856,1,0.46202323423529734
fov0,2397,10353.497809637594,16172.760752688173,750.0933867824027,121.70828562234608,-1.1799936945920428,20088,0.9867484483234885,-1,0.6992703103002296
fov0,2398,10216.917159763314,16413.44970414201,28.02650658087628,8.724456046752657,0.9379662188676876,169,0.9503139754065891,1,0.7844664596290477
fov0,2399,10243.073504273505,7909.046153846154,76.65128359312443,22.73929592687482,0.6399189189529674,585,0.9549834638060513,1,0.3831277681432928
fov0,2400,10317.54686248331,7929.943925233645,215.46197236386746,114.67433024085503,-0.01579594119296034,3745,0.8466027074558184,1,
fov0,2402,10255.11520428667,16189.49698593436,133.9670744501803,46.23194548086083,-0.9700185913738243,1493,0.9385661742949931,1,0.23255564512305496
fov0,2404,10263.389990557129,8189.265344664778,98.61887616912942,56.79906713022446,-0.46026524126238894,1059,0.8174883124237212,1,
fov0,2405,10242.905172413793,4448.853448275862,20.789036967852883,7.307351955614943,-0.4125017645546979,116,0.9361877831489139,1,0.1763747437594389
fov0,2406,10283.792442788717,5966.149547631719,128.43763750992818,43.64259539047443,0.9032676229666966,1879,0.9404991647167771,1,0.5842677871234341
fov0,2407,10255.129785247433,16059.535947712418,113.0487644684974,23.475923309347493,-1.3608474391316683,1071,0.9782006581578543,1,0.7520363629921959
fov0,2408,10244.710447761194,16620.54328358209,50.841151163164334,9.195226673735283,-1.5265106058388547,335,0.9835085037025704,1,0.7280294578807166
fov0,2409,10248.577586206897,6925.862068965517,21.731650296955156,7.576518161510935,0.7132488236740604,116,0.9372567905939453,1,0.3222025419284445
fov0,2410,10263.0,6892.367272727272,36.442572822849826,10.329425036684146,0.03241569426622689,275,0.9589888187397779,1,0.18046661497284558
fov0,2411,10264.895734597156,7827.611374407583,36.76464369993228,7.506580757187388,-0.07465812780781561,211,0.9789334994402422,1,0.21406389019572455
fov0,2412,10258.826625386997,16123.941176470587,27.62365637730415,16.391148548662297,-1.4351495834877959,323,0.8049271803803221,1,
fov0,2413,10468.002387774593,4663.006924546323,553.9098032921564,23.185511141931983,-0.24557541104944516,4188,0.999123573287227,1,0.2389556849215678
fov0,2414,10271.620338983052,7179.369491525424,37.34920716980647,12.416649259302291,-0.13430168565969583,295,0.9431217751336795,1,0.14031451083300653
fov0,2415,10257.625,15935.57142857143,20.777282213401087,7.327154760608735,-1.2606692302826972,112,0.9357544601058091,1,0.9588474724107373
fov0,2416,10273.422330097088,4359.247572815534,28.079798404698128,9.682390914456034,0.028687908566239404,206,0.9386699416739192,1,0.1871918207393573
fov0,2417,10271.77397260274,16572.45890410959,25.505171582816622,8.053630517284772,-0.6764476525014814,146,0.9488375583183406,1,0.5932124082960881
fov0,2418,10327.980392156862,7776.532792427316,126.68642877650228,30.879195759456884,-0.11803912564522752,1479,0.9698393310835417,1,0.10273167063916466
fov0,2419,10268.96319018405,16800.0736196319,23.506276114902736,9.94632637167188,1.4709298009415086,163,0.9060666838471579,1,1.3020408133419776
fov0,2420,10275.944134078212,15986.162011173185,23.569705426429657,10.428751828689041,1.4083754108457958,179,0.8967861479688797,1,1.3365073431668242
fov0,2421,10285.423357664233,8126.21897810219,23.186910763910138,8.38068546861423,-0.3115442197519,137,0.9323952290777664,1,0.21536822919120244
fov0,2422,10287.75167785235,4598.5302013422815,25.93628036166735,7.519064619952233,0.010390797482153479,149,0.9570553425159399,1,0.092542270744923
fov0,2423,10289.791082802547,15895.072611464968,63.168479243499405,19.408121460392124,1.483777573247097,785,0.9516308466019098,1,1.1453742226103303
fov0,2424,10321.554449648713,15909.357728337236,158.02469339268617,42.90202517952508,-1.17359224067935,1708,0.9624414369107236,1,0.9287540738013603
fov0,2425,10412.82617027101,7569.139063783192,229.88808261654674,45.36126107985981,0.04867930361226469,3653,0.9803393575712718,1,0.2513631473955554
fov0,2426,10304.273936170213,16103.228723404256,36.60024667421111,15.407969796393171,-0.1870078435647556,376,0.9070699458831759,1,0.624628804951156
fov0,2427,10338.035677530017,16001.440823327615,184.41101439421058,65.34863753006837,-1.3795196676937882,2915,0.9351075372458048,0,0.9895365158791339
fov0,2429,10305.56608478803,15807.526184538654,31.601693837463277,19.98042013113477,-1.1214163818064227,401,0.774758004755867,1,
fov0,2430,10311.929515418502,4382.563876651982,33.79552432153995,12.678667121990719,-0.5213017710825923,227,0.926960811510493,1,0.21020738403631004
fov0,2431,10374.525794684732,6881.360083376759,195.19578356414053,22.67393029786376,-0.044295225546150556,1919,0.9932305213736556,1,0.03480983960599562
fov0,2433,10308.056701030928,16145.840206185567,30.749829075319134,8.34120228648174,-1.3218469133559834,194,0.9625060768516177,1,0.29929983494376833
fov0,2434,10332.042424242425,6242.551515151516,57.143765361486075,19.06664637776432,-0.2629468982637344,660,0.9426931268620137,1,0.13470081876850473
fov0,2435,10326.019379844962,6774.577519379845,45.57949005246963,7.636419709440496,-0.14358071738786368,258,0.9858651599212018,1,0.05575550117757652
fov0,2437,10318.735537190083,8068.479338842975,21.980116637903873,7.200539337996611,0.14500537844926345,121,0.9448188281595123,1,0.1810604428462103
fov0,2438,10360.92453294002,15472.958702064896,136.92235689939903,68.58892636921999,-1.3696961939035448,4068,0.8654860681663231,1,
fov0,2439,10344.28951486698,7819.231611893584,74.64384748600217,11.405441950463981,-0.3799366953252532,639,0.9882574182671175,1,0.1210650366991088
fov0,2440,10326.781725888324,16525.612521150593,31.904746350719304,23.97627392748139,-0.5576026769429603,591,0.6597381938677386,1,
fov0,2442,10348.425566343041,8152.506472491909,72.94453574494413,19.873765466163583,0.26592826817772913,618,0.9621698384541875,1,0.30405562479982
fov0,2444,10346.279336734693,16833.629464285714,140.23461931422784,32.934694309573516,-1.4507000987022582,1568,0.9720306003763748,1,0.7619622842240849
fov0,2446,10339.259433962265,16680.60849056604,33.750279790254076,8.671825929512405,-1.473024449011823,212,0.9664271282588357,1,0.19351738186112255
fov0,2447,10346.087662337663,6622.977272727273,46.1292063143875,9.922631297607396,1.1288853845474547,308,0.9765908871597447,1,0.7502166758661579
fov0,2449,10374.998044965787,17015.172531769305,86.72316112121717,50.16135430423005,-0.9421696524588775,2046,0.8157477534608432,1,
fov0,2450,10552.120461816665,15570.68952566421,759.2285063154754,230.77776968308078,-1.1911720349456052,21567,0.9526836716211945,-1,0.6830164800082985
fov0,2451,10374.087076710435,16636.134761575675,65.64671283474563,53.52721605403476,-1.301337108082385,1447,0.5789218458688326,0,
fov0,2452,10411.863496932516,6842.42254601227,148.45979064593433,14.253902856988885,-0.10300844191195324,1304,0.9953801886040813,1,0.03316153496331784
fov0,2453,10375.347826086956,4493.935926773455,64.85096950132748,16.782434628590206,0.17316207315551313,437,0.9659350451435991,1,0.2798935668893493
fov0,2454,10410.252647503783,6634.774583963691,141.14209065521743,21.344349371027413,-0.4336668529318661,1322,0.9884992192297658,1,0.40859685151713665
fov0,2455,10367.911544227885,15340.929535232384,69.04447920478458,24.792181378930582,-1.2594565477356607,667,0.9333085128950152,1,0.6824944063916752
fov0,2456,10383.507154213037,16939.900635930047,83.48496228512549,40.478111128864796,-1.0812686739853807,1258,0.874594486513523,1,0.1124470397936326
fov0,2457,10370.900684931506,4395.023972602739,28.378191129116612,14.58809882767972,-0.29081122975286894,292,0.857754103923728,1,
fov0,2459,10364.672473867597,16740.466898954703,35.906002755371375,11.774624670205922,-1.2197724995018233,287,0.9447023223941872,1,0.1829376129442264
fov0,2460,10389.309895833334,6764.125,58.7006634958071,9.36236463961298,-0.058372975707053756,384,0.9871990051698054,1,0.044090902254267435
fov0,2461,10382.045643153528,16847.408022130014,96.97665803333942,14.986976040873346,-1.1994527209646837,723,0.987986204569408,1,0.1688219467378832
fov0,2462,10372.919254658385,16040.91304347826,29.805268491113793,7.589927906541572,1.422587848778403,161,0.9670331427741434,1,1.0662527497635883
fov0,2463,10375.92125984252,8218.36220472441,22.78545262251642,7.5427176087892835,1.3294434585771722,127,0.9436194724243014,1,0.6857063443882538
fov0,2465,10431.591617409995,6588.768941429339,165.3552916086149,55.79301402841681,-0.24194366342659065,1861,0.9413567401562074,1,0.34919144920277934
fov0,2466,10400.972972972973,8134.116216216216,59.22993990137911,10.37863971352328,0.37282384449343364,370,0.9845281938697751,1,0.2533778228668033
fov0,2467,10495.014055029666,14973.739559532267,955.2496800967884,328.9661431610746,-1.424053000285992,52081,0.9388313972210365,-10,1.005590285830477
fov0,2468,10383.114470842333,15855.786177105832,56.25418912029677,12.335228207475424,-1.4297023537827296,463,0.9756627315937415,1,0.7792877241085179
fov0,2469,10380.20792079208,16571.118811881188,19.272212603646825,6.80862200188278,-1.4109204836989218,101,0.9355149929023797,1,0.6968729290482196
fov0,2471,10386.585365853658,15662.006097560976,24.731786573645593,10.14658800016959,1.0855141179611103,164,0.911966324654729,1,1.1040059887366436
fov0,2472,10442.075577326801,4261.322953114066,174.95454720946645,82.17189129104797,-0.017744643810714136,2858,0.8828390456487474,1,0.36898898372044187
fov0,2473,10388.590277777777,4322.104166666667,25.56904553881377,8.274989634068673,-1.087729681214629,144,0.9461826528085501,1,0.33496949573542184
fov0,2474,10391.610687022901,7192.320610687023,21.65217256704938,7.83995377898005,0.13144160328174712,131,0.9321445992556636,1,0.23993750155283242
fov0,2475,10413.749523809523,16710.057142857142,133.826064995856,21.865142582458155,-0.9744110898458107,1050,0.9865624221002139,1,0.16203163484563662
fov0,2476,10404.181467181466,4898.057915057915,35.72246480956902,11.025621900752721,-0.2017330776902807,259,0.9511767432653235,1,0.22741183431058912
fov0,2477,10401.793103448275,4632.4068965517245,25.0344129072693,7.626593227175256,-0.3121225814039909,145,0.9524661679260813,1,0.08305251303330763
fov0,2478,10401.97767857143,16790.071428571428,34.821244641860446,9.770503854525462,-0.6425959870451141,224,0.9598276290652508,1,0.2942158542233373
fov0,2479,10413.141891891892,8179.783783783784,39.481691380761895,16.407528839441973,0.20908225867242877,296,0.9095597833114044,1,0.3156008326340427
fov0,2480,10528.78262617599,14276.203570184138,802.1125602466736,195.8607854592324,-1.2976011958878173,37309,0.9697296298368963,-1,0.7185799790291624
fov0,2481,10415.441624365481,15626.048223350253,49.64044361337471,19.024926400316723,-0.4523384482232708,394,0.9236427566175821,1,0.5620360150904463
fov0,2482,10520.552628129506,16691.06337658933,543.5949797299022,110.41752228233914,-1.1115374238678732,15258,0.9791528939869443,-1,0.5916482193807707
fov0,2483,10481.102278481012,4802.805063291139,220.46033181569592,20.999309992961077,-0.11880685067055664,1975,0.9954531817629354,1,0.3111847216137253
fov0,2484,10406.689361702127,4370.693617021277,29.202475545906484,10.837257532573057,-0.6589474790391195,235,0.9285899135451406,1,0.1962390809495205
fov0,2485,10430.827715355805,7645.177902621723,77.38567419075179,25.88863547836799,-0.07907122276662391,534,0.9423814044362809,1,0.13988770050876628
fov0,2486,10421.529239766081,8064.587719298245,45.13979867353522,10.566072990685287,0.644570198137367,342,0.9722186778874398,1,0.1734118959281711
fov0,2487,10414.19411764706,4710.317647058823,28.597024322082163,8.257186819873755,-0.5745658437515194,170,0.9574066827435297,1,0.33568641155333134
fov0,2488,10430.2989010989,7868.1934065934065,56.92500616547877,12.70438584541417,-0.4316963818582813,455,0.9747778013874049,1,0.2867453862666345
fov0,2490,10432.528037383177,16485.8769470405,76.97768578574481,24.038398292354017,-1.1069359383185706,642,0.9499909320355829,1,0.15312062884159952
fov0,2491,10432.836027713625,16732.25404157044,59.4361739221212,11.328127910979134,-0.9405105689330212,433,0.9816691139350904,1,0.11100105697512704
fov0,2492,10474.743720732227,6250.93060876969,130.2864652227869,85.1434419630975,0.2132326199598372,2349,0.7569183187430462,1,
fov0,2493,10435.0,16617.998035363456,64.20855263408436,17.86074758034444,1.2448682477834998,509,0.9605325147239278,1,1.2020913922594954
fov0,2494,10430.471698113208,16936.728301886793,42.02472966357351,9.834280277665322,-0.9370952180913814,265,0.9722337700845171,1,0.16585709495912615
fov0,2495,10459.26177024482,7818.819209039548,81.80732704683227,16.38514480801671,-0.11527940025197357,531,0.9797367681715355,1,0.1961682151302911
fov0,2496,10436.687960687961,15655.388206388207,54.089827937592986,14.865555510351449,-1.0625804524413116,407,0.961492580483803,1,0.572826909824048
fov0,2497,10442.093425605537,4562.159169550173,47.9301170675636,8.62038945715575,-0.18010438861061848,289,0.9836934443624363,1,0.08258088414685166
fov0,2499,10571.206622879037,6960.980021893815,342.12799106402446,42.02149777057822,-0.2701572577661323,3654,0.9924284795377345,1,0.07197324332724032
fov0,2500,10433.524193548386,14185.427419354839,20.625180732520054,8.41227269063736,-0.9329649219735648,124,0.9130426059275452,1,0.6176358486720414
fov0,2501,10464.628282828282,4606.024242424242,74.38999134206743,12.139505441804427,-0.1720164656341035,495,0.9865950989593536,1,0.06404093609895105
fov0,2502,10438.312,4854.932,40.284435415630384,8.787990398487258,-1.097949664699428,250,0.9759155796104908,1,0.4816045248900428
fov0,2503,10433.298507462687,14161.462686567163,22.87316489789691,7.552614473403793,1.4768792585541934,134,0.9439125909327144,1,1.3474559912224304
fov0,2504,10439.569023569024,16391.929292929293,38.28469025379321,11.220397321632394,-1.476633473393898,297,0.9560885596093089,1,0.19808461333303043
fov0,2505,10439.207171314742,15591.649402390438,36.17102762168219,10.61530110228584,-1.500900174157096,251,0.9559666741299383,1,0.7064055891114022
fov0,2506,10480.92381974249,4326.149141630901,131.0709586250946,21.006592940967955,-0.7060095289766299,932,0.9870733979533222,1,0.2977279632728302
fov0,2507,10451.347058823529,6093.2588235294115,23.14083743211035,10.013944397039925,-0.4685777575344951,170,0.9015192177660772,1,0.3847033301045645
fov0,2508,10450.606194690265,14816.287610619469,24.76884129997963,12.510194664529942,0.8650809089326232,226,0.8630737523945943,1,
fov0,2509,10514.747119897596,16419.004551272934,319.998060452262,88.35309760846141,-1.2331024899689427,7031,0.9611274482649679,-1,0.1405160288340264
fov0,2510,10557.09543285617,7029.946830265849,242.21138793685213,16.047963382843893,-0.11240925476858876,1467,0.9978026555213373,1,0.05645960630274392
fov0,2511,10452.288461538461,4207.471153846154,15.422607000541461,8.868183162113324,1.4379526658297812,104,0.8181450174253394,1,
fov0,2512,10453.564814814816,16352.87037037037,17.390081799991435,8.321597092628815,-0.8196204810033286,108,0.8780736718141413,1,0.2766470633994077
fov0,2513,10531.635724331927,8215.980108499096,193.70291266929084,104.09507150009902,0.6920751450849506,4977,0.8433303553538053,0,
fov0,2514,10461.228710462286,15546.829683698297,39.1962691851079,19.361739888833565,-1.5556444819304716,411,0.8694795440700684,1,0.8155937039507436
fov0,2515,10484.38188976378,15463.627671541057,137.401771052422,49.65110462510503,-1.2021242692492844,1778,0.932427504420083,1,0.953820381550559
fov0,2516,10460.86,4730.79,17.156911371764686,7.619789510308768,0.6463455274641976,100,0.895965520597717,1,0.48671518971606553
fov0,2517,10504.606615776082,15835.518066157761,175.12345920146203,43.81483328866309,-0.5177819234920142,1965,0.96819573329625,1,0.344654612595923
fov0,2518,10469.358974358975,4916.112820512821,34.544410467109515,7.921913284181439,-0.08974186212695312,195,0.9733497969606771,1,0.2539281625110448
fov0,2519,10465.326241134751,6196.744680851064,18.906141000348388,11.956622864006231,-1.0907304059281495,141,0.7746256290325982,1,
fov0,2520,10472.36612021858,4526.830601092896,32.82468396966528,7.48489905868481,-0.4131195819820659,183,0.9736549172058316,1,0.1100005597379188
fov0,2521,10479.343544857767,8262.787746170678,52.37130162420746,17.25857979768516,-0.7252332038777163,457,0.9441406744662679,1,0.703518071970262
fov0,2522,10471.23111111111,15149.333333333334,27.040374395551968,14.024074519504827,-0.08506792023136749,225,0.8549959780549824,1,
fov0,2523,10465.933962264151,4239.679245283019,15.34636681740616,9.20518204709777,-1.474857429531814,106,0.8001288962887844,1,
fov0,2524,10519.173800259403,4874.11673151751,131.92133358863322,10.632560399120598,-0.13219664241562437,771,0.9967467107859974,1,0.24612666667349536
fov0,2525,10470.948717948719,6320.017094017094,21.04530734956204,7.348846892708348,0.19709570738459087,117,0.9370513052179691,1,0.1931541278179023
fov0,2526,10474.344322344323,15185.908424908424,27.8550807273969,14.696851418488318,-0.7617893339123561,273,0.8494815410821106,1,
fov0,2527,10475.5,7863.5787037037035,29.912378103692596,10.086779486372118,0.4779752353946662,216,0.9414291365697482,1,0.35375134291918164
fov0,2528,10470.943396226416,15716.003773584906,38.45102029669303,12.152008891297474,-1.3295278861200641,265,0.9487463127859304,1,0.6769454202345598
fov0,2529,10515.718110633998,13949.47107855519,275.11509037230064,63.953093263316276,-1.376808566684544,3959,0.9726060969759412,1,0.7534540034268709
fov0,2530,10472.315985130112,16403.087360594796,85.68518849415028,10.269319774478994,-1.4889031567651119,538,0.9927920817363003,1,0.20301212745579306
fov0,2531,10495.449375866852,16556.428571428572,122.55922001051037,14.208955833233352,-1.1193054326853848,721,0.9932567523781467,1,0.5955729160672436
fov0,2532,10483.04524361949,14100.610208816704,65.24247850090799,19.25622290017227,-1.243704760012319,862,0.9554513769335495,1,0.6855088483279493
fov0,2533,10487.18410041841,8104.874476987447,33.700838549117194,11.27494431032989,0.7644291547409726,239,0.9423745380137822,1,0.18086548161711846
fov0,2535,10562.945512820514,4665.664262820513,203.60394280296904,16.316779962249125,-0.25140602916599564,1248,0.996783633442861,1,0.10761479003040249
fov0,2536,10493.995433789954,7017.739726027397,41.36256243941974,8.70728265679436,-0.16998074701023183,219,0.9775914456704926,1,0.04166393144197212
fov0,2537,10481.460784313726,14661.941176470587,19.153917337728203,6.952812310420489,1.2572600322954397,102,0.9317903531320404,1,1.1009544009501788
fov0,2538,10495.688980432544,15368.778578784759,63.30797198280426,33.25997257314261,-0.9177520299840977,971,0.8508752149423545,1,
fov0,2539,10491.28125,6743.4375,33.29931617293719,9.260452950225226,-0.20552342745716112,224,0.9605528830374318,1,0.0727951126312921
fov0,2540,10492.384,15884.794666666667,51.423161012526904,17.3621991800757,-0.8543127773055559,375,0.9412775318112809,1,0.2196723349196616
fov0,2541,10495.96,4489.8533333333335,27.218877133996003,7.353204502345788,-0.13100377233590496,150,0.9628179912782547,1,0.13831869061544175
fov0,2542,10617.382051282051,6501.387057387057,331.4439171040566,93.252864720451,-0.6964627410132372,8190,0.9596042300564056,-1,0.46763265475755217
fov0,2543,10494.882183908046,16296.132183908046,38.38235601476687,12.929294586363417,-1.2367113811883506,348,0.9415564787967076,1,0.9128584977106368
fov0,2544,10495.687898089172,6354.197452229299,26.18737520782458,8.097389849539907,-0.23191460704412278,157,0.9509938880855417,1,0.18024766639419199
fov0,2545,10580.580357142857,2522.0193452380954,212.649032178453,27.298069003753415,-0.07072937276502866,1344,0.9917261544953979,1,0.4196910946536731
fov0,2546,10526.841142857143,4211.4971428571425,89.83136940162893,18.257492393242547,-0.40339774361292935,875,0.9791285698748811,1,0.44474115206657355
fov0,2547,10498.51724137931,5265.2,22.270874880204776,9.13639538632615,0.5933310936489788,145,0.9119777678668207,1,0.4370681804744223
fov0,2548,10500.702777777778,15315.158333333333,27.230807274970157,22.204146522840134,-0.8628642445390432,360,0.5788903869439506,1,
fov0,2549,10511.206278026906,4544.986547085202,42.98230195090256,8.239649566323768,-0.3732968852433207,223,0.9814538322493306,1,0.06994175091791041
fov0,2550,10613.33983495874,5097.852588147037,254.71777216932537,48.94497716490242,-0.4719164769222453,2666,0.981364831888016,1,0.3692372916004496
fov0,2551,10546.279146141214,7152.908045977011,87.14732281109748,9.225945508306442,-0.09300007469432134,609,0.9943803965083694,1,0.18354831323254367
fov0,2552,10515.255230125524,15542.23849372385,24.482156251369876,13.927867246719835,1.5107976533657017,239,0.822407594432052,1,
fov0,2553,10526.788936170213,16226.829787234043,104.06491708653512,26.713979609139823,-1.3889659295177028,1175,0.9664898174865147,1,0.9615419981351007
fov0,2554,10525.265979381444,14855.641237113403,53.39907935401158,15.80847416557947,-1.478673721958098,485,0.9551743202302478,1,1.026803898957987
fov0,2555,10525.330330330331,14913.855855855856,45.60919781919127,11.550343345317923,1.2965817510958988,333,0.9674019346063653,1,0.9747049965128586
fov0,2556,10532.769303201507,15594.368173258004,70.68767328543602,38.35456177809857,1.3199758710738485,1062,0.8399964206515435,1,
fov0,2557,10538.139534883721,7857.604651162791,54.028988359418456,13.52800762347754,0.18900116291597172,387,0.9681465427953356,1,0.18384627836096545
fov0,2558,10614.805630026809,7456.729669347632,158.54760889922179,65.21971482067451,-0.18919754109682865,2238,0.9114741792874227,1,0.1462897355332073
fov0,2559,10528.714003944773,15503.07889546351,63.88180806407987,15.11488532329312,1.493590135930712,507,0.9716054291990804,1,1.4295358389407316
fov0,2560,10536.70673076923,13762.145833333334,74.5282709449668,14.09946104227895,-1.3316209524272824,624,0.9819419016984581,1,0.7220414990822809
fov0,2561,10569.259136212624,8135.1882613510525,101.39952991144887,28.78187586302596,0.5470214833392184,903,0.9588698081091395,1,0.3245673102941755
fov0,2562,10564.998308668077,14911.906553911205,186.3206709458016,51.001133300342815,1.535971379012997,2365,0.9618072222622758,1,1.0635819710064713
fov0,2563,10549.247544204321,4443.045186640472,66.96042050349384,11.27353107468678,-0.5206627846893557,509,0.9857253851180847,1,0.14538432448210886
fov0,2564,10557.762677484787,4500.809330628803,82.35677148317347,8.99904498148392,-0.2574297754135292,493,0.9940122121458902,1,0.07946789449918804
fov0,2565,10745.940281421417,16265.04822322919,689.7771280905419,131.08033112642997,-0.9089368891223331,20965,0.9817777275012362,-4,0.5945468617447661
fov0,2566,10610.048939641109,6225.225666122893,185.4888796425392,80.24909629406567,0.0686304102148543,3678,0.9015688664887541,1,0.18029850640023373
fov0,2569,10602.335439039798,7791.464308275426,171.2881566222106,43.78004114585922,-0.008077490336587502,1583,0.9667844931327355,1,0.3888900672507541
fov0,2570,10571.718637992832,4394.9838709677415,88.23634078028796,9.107991343290667,-0.25438442493920227,558,0.9946582724036862,1,0.17126175584107645
fov0,2571,10557.406072106261,7985.975332068311,60.26877738669122,15.768782667267441,-0.7774102658942157,527,0.9651652664738429,1,0.5700732553080463
fov0,2572,10548.69779286927,15014.86247877759,42.986432261901186,22.86786575428566,-1.5269970007818767,589,0.8467577443096497,1,
fov0,2573,10574.76119402985,4526.673773987207,85.13610387038162,9.48438386095046,-0.3058240057643212,469,0.9937753565623935,1,0.08346873904038228
fov0,2575,10627.914596273293,6676.252329192546,202.52667821929052,16.150933924503168,-0.18156399363428227,1288,0.9968151209443833,1,0.14902012689626262
fov0,2576,10550.345911949686,13891.74213836478,49.34316073513683,17.41663328507014,-1.415476673872555,477,0.9356348091705949,1,0.7658722486740567
fov0,2577,10545.143333333333,15417.95,73.06510662303761,13.230324374444981,-1.493801303741901,600,0.9834691383195533,1,1.053251097395576
fov0,2578,10551.535123966942,14792.977272727272,38.591063362004,31.03968678348148,0.7508656836494644,484,0.5941920757839957,1,
fov0,2579,10572.356321839081,4572.92118226601,88.36485015537133,11.628284417247734,-0.5778824210715194,609,0.9913036962471824,1,0.14255432196851087
fov0,2580,10559.513353115726,6319.857566765579,31.161894377681843,18.589202381459668,-0.014678647305122352,337,0.8025860679808325,1,
fov0,2581,10575.84023668639,7764.413017751479,87.48674880074017,12.89010183220595,0.4630979145848438,845,0.9890862367302803,1,0.2899972145049528
fov0,2582,10554.712765957447,15327.963356973994,81.0777010644761,28.22010887764161,-1.3416202402323483,846,0.9374713237096836,1,0.7015653517338234
fov0,2585,10582.27922077922,4818.391774891775,82.53858444857414,8.16862701579848,-0.18963620122782437,462,0.9950906786526881,1,0.11159928086764871
fov0,2586,10587.172380019589,4119.2987267384915,89.97388017192782,53.78147459497303,-0.2419260060969786,1021,0.8016859830957725,1,
fov0,2587,10563.504812834224,16165.926203208555,57.28999661268325,24.261450490498124,-1.2206276935169695,935,0.9059031459518208,1,0.6156815450432449
fov0,2588,10562.538461538461,15269.923076923076,24.164191662022084,13.224846881868727,-0.44157251663726993,208,0.836942327052306,1,
fov0,2589,10579.472258064516,13930.077419354839,90.83292250272395,14.967396013077066,-0.6624464144745972,775,0.9863304434812697,1,0.344005618571918
fov0,2590,10592.396171317327,15081.886112913693,229.21768138959138,43.87660154411605,-1.5372252919424803,3082,0.9815084289932574,1,1.0642084717169835
fov0,2591,10561.660714285714,7820.178571428572,17.242940939616147,8.53817167243734,-0.38183908953673973,112,0.8687966132344345,1,0.3462978794647154
fov0,2592,10647.973763874874,4768.634712411706,186.09483554635082,30.889064768798377,0.01548420093078634,1982,0.9861281748948619,1,0.05810559640483021
fov0,2593,10614.844623401232,7686.484604452866,113.74381026370487,85.27784498910711,-0.603587977727262,2111,0.6617368993008875,1,
fov0,2594,10581.602316602317,14492.978764478765,58.22735418241855,23.703341266823813,0.49047398196695424,518,0.9133913604035779,1,0.8024445705182541
fov0,2595,10574.075174825175,16220.88111888112,45.12042213568912,21.0560071767044,1.2118433697266369,572,0.8844354971977365,1,1.1304429970004801
fov0,2596,10572.507978723404,13763.446808510638,32.70818786259093,18.50130729430584,-0.9021786575352461,376,0.8246470856104393,1,
fov0,2597,10566.3,15208.711111111112,38.98457165019422,12.666889390498367,-1.3701017448208779,360,0.9457413075000883,1,0.7478258357360247
fov0,2598,10602.564524986272,14547.935749588138,180.30381298391035,31.41274268612703,-1.1005969262251416,1821,0.9847065457055075,1,0.418158867444886
fov0,2599,10568.65693430657,16458.218978102188,22.641066228549505,8.09444955104145,-1.0909498361455678,137,0.9339086008040298,1,0.10595807475688333
fov0,2601,10573.925696594428,15427.560371517027,59.79075719495945,8.725029108008513,1.4585983650477525,323,0.9892955006069644,1,0.9940133609558754
fov0,2602,10580.81057810578,16295.311193111931,95.77542347288897,15.69669659813071,1.4354419742064788,813,0.9864785117722751,1,1.1785156441763234
fov0,2603,10581.491124260356,4261.390532544378,23.969990317917954,10.683912298471565,0.3346377397276867,169,0.8951722605865974,1,0.367992385510462
fov0,2604,10578.192982456141,13863.71052631579,37.85383565026551,8.014876791646863,-1.1657848270130706,228,0.9773277165393109,1,0.6978624144710343
fov0,2605,10604.02508361204,6293.327759197325,73.55688672566204,16.78558504228867,-0.013538620574602504,598,0.9736145843231263,1,0.19500130174207667
fov0,2606,10579.825892857143,15582.294642857143,30.76523448040413,10.58222315279492,-1.3568964821697815,224,0.9389817641204465,1,0.91651645643362
fov0,2607,10587.039408866995,4988.108374384236,32.40987923740157,8.2251424676999,0.043212809189783034,203,0.9672606442717754,1,0.18393094873671428
fov0,2608,10602.471365638767,6342.077092511013,69.16278134799086,14.815031749550027,-0.19898560305149554,454,0.9767886697849338,1,0.2552650636206113
fov0,2609,10586.919540229885,7292.9808429118775,36.73883997811153,11.173428425163914,-0.7107407277707266,261,0.9526301473759736,1,0.2590426308164064
fov0,2610,10621.369826435248,14323.640186915887,119.36610246083619,37.446711031115484,-0.6746689068757704,1498,0.9495178174567173,1,0.2675745933697229
fov0,2611,10583.90909090909,4293.706293706294,21.259252891534157,8.72342561519662,0.18653592001296107,143,0.9119346460459495,1,0.2868384137434393
fov0,2612,10582.927710843374,13824.722891566265,26.07493013191186,8.88156333415907,1.5432509256462548,166,0.940202153349013,1,1.4543960399525622
fov0,2613,10606.034746760895,7985.620730270907,147.87867299378777,35.091317292378456,-1.3364484193992057,1698,0.9714368978603216,1,0.8139665818273203
fov0,2614,10597.865384615385,4883.641025641025,29.967684895467634,7.001572478167963,0.05379470636774708,156,0.9723237925712892,1,0.07663361109211228
fov0,2615,10613.47310819262,16158.354596622888,174.8421845327415,59.65464082978148,-1.5657997122765561,3198,0.9399938634174079,1,0.7200712223538421
fov0,2616,10594.684615384615,14683.853846153846,19.802415773874213,8.973053575308874,0.601188497052803,130,0.8914448347680176,1,0.8217866609925196
fov0,2617,10621.231460674157,4701.429213483146,73.78835835502414,9.681403768105382,0.01761358936683052,445,0.9913552542430004,1,0.08517775704675878
fov0,2618,10603.694029850747,14713.679104477613,20.168625339044866,9.380380216071329,-1.202796028253054,134,0.8852593842933822,1,0.7683395164065571
fov0,2619,10611.338461538462,4236.7307692307695,24.26004829893844,15.805418057271583,-1.136448916909116,260,0.7586487547755587,1,
fov0,2620,10606.966555183946,13793.23076923077,36.124554251159786,10.625557166585297,-1.53675774703573,299,0.9557633608132581,1,0.7778521925145958
fov0,2621,10618.026455026455,7242.126984126984,31.93170506197765,7.73856409370242,-0.08899633897490794,189,0.9701895495651043,1,0.24131397059772763
fov0,2622,10739.020217917676,13467.548547215496,1029.5413935795382,125.95829312083445,-1.2102735165577931,16520,0.9924877462443126,1,0.4901218009908904
fov0,2623,10655.536939846588,14612.400080742835,116.7610405797351,90.29230104908807,-1.0179749537689071,2477,0.6340299820491394,1,
fov0,2624,10702.340962904498,4721.187056037885,184.6846110800907,58.57772372350203,-0.02236293353371106,2534,0.9483663356454353,1,0.36375659682229927
fov0,2625,10621.117816091954,6960.580459770115,43.35034756632257,11.098662805518588,-0.26216695527836403,348,0.9666708322136203,1,0.08854569799316045
fov0,2626,10617.032520325203,14463.390243902439,21.806466971741113,7.765362514108215,-0.797209737693403,123,0.9344464615032245,1,0.3464242115860259
fov0,2627,10616.506944444445,14119.861111111111,17.147658522092797,11.8454658116985,-1.4355385155545501,144,0.7230535067245828,1,
fov0,2628,10621.221476510067,15075.953020134228,20.66752855408293,9.964007345291686,0.006075761607004432,149,0.8761110891427183,1,0.6860733866322093
fov0,2629,10657.954653937948,8184.199284009546,93.36541607097135,34.62443184869893,0.18709699207128846,838,0.9286933464194604,1,0.39236576054551703
fov0,2630,10664.55253212396,16014.857898715041,188.65052172465013,45.0891578974975,-1.0506132485079986,2646,0.9710173711313334,1,0.15993337724736265
fov0,2631,10622.089005235603,4201.125654450262,26.269359501610612,10.605343605114937,1.0537462650314153,191,0.9148846473897364,1,0.7346824747678236
fov0,2632,10622.092715231787,13521.58940397351,26.9082747021984,7.9466674947155145,-1.0906618982034493,151,0.9553970669543027,1,0.460908048685248
fov0,2634,10665.383898305085,14222.291949152543,167.55501392712017,54.113148130164085,-1.0903116902291428,2360,0.9464134689837839,1,0.11218646648342041
fov0,2635,10651.039252336448,8224.571962616823,54.19294979970291,21.415599387688534,-0.35150090037806503,535,0.9186066466122724,1,0.5395724042248372
fov0,2637,10632.463878326997,13590.585551330798,30.810886575141577,19.82269205395647,-1.4106782150108297,263,0.7655583290569431,1,
fov0,2638,10672.344701583435,5015.626065773447,111.72364746841181,16.900441507903086,-0.13270056358917998,821,0.9884924747301107,1,0.27290572578220723
fov0,2639,10671.363026819923,6104.626436781609,115.5202340737727,32.37552664229108,-0.21544102313056385,1044,0.9599245686209625,1,0.20202380109493911
fov0,2640,10632.108870967742,14658.45564516129,39.95718661081554,8.645837230476454,-1.4541629096861584,248,0.9763097693596443,1,0.5261922612583035
fov0,2641,10636.6,15021.594736842106,29.63579809307233,8.87723740601928,1.0976005998859062,190,0.9540823609438575,1,0.9600974114662425
fov0,2642,10648.006640106241,15151.774900398406,147.22468622843064,46.04300342330998,1.424939792558555,1506,0.9498388723142782,1,1.1629092918550985
fov0,2643,10658.873711340206,4501.523195876289,60.32008754662229,9.89358591178882,-0.2375623536570112,388,0.9864573301337146,1,0.1827351327387996
fov0,2645,10678.924682395644,14415.798548094373,153.32694395772478,67.56369045892339,-1.190867389348991,2204,0.897678442092388,1,0.2906223266727242
fov0,2646,10644.983739837398,7180.089430894309,24.05284276576613,7.14507772366325,-0.8229234542832925,123,0.9548595876957162,1,0.30601827940044174
fov0,2648,10659.445333333333,4979.92,49.40810564525309,11.954617578007214,-0.4516344700493392,375,0.9702870712045139,1,0.38304958159220026
fov0,2649,10663.691983122362,14522.379746835442,40.59379568943667,22.807899841268686,-0.024902135091224038,474,0.8272345161603858,1,
fov0,2650,10653.30487804878,6397.128048780488,24.65402454783496,9.692353423173373,0.30381414819692704,164,0.9194808750757872,1,0.3390565202096859
fov0,2651,10648.128205128205,15380.166666666666,18.234943469293665,11.13598565819926,-1.4524567154800399,156,0.7918660414159386,1,
fov0,2652,10656.153256704982,16428.973180076628,26.211284700087173,13.28146586452035,-0.24633933610543204,261,0.8621177829531245,1,
fov0,2653,10683.862857142858,14324.732063492063,146.04341324165537,28.322229854922885,-1.2388268412490968,1575,0.981015327862427,1,0.2905386088215333
fov0,2654,10664.234984193889,15012.306638566912,147.0101756585449,19.184251619426806,-1.3884733830003158,949,0.9914488252791785,1,0.8475622791331359
fov0,2655,10670.803278688525,7826.719945355191,56.69096882442546,34.917825121442846,-1.535015617993698,732,0.7877987244471265,1,
fov0,2656,10666.10606060606,4141.436363636363,45.96101157709255,15.807785876993087,-0.264286136545034,330,0.938991981641492,1,0.42699089823989794
fov0,2657,10654.863492063492,15334.99365079365,47.76937499001229,10.967082852156414,-1.4411620631164828,315,0.973288857319119,1,0.8030193955201141
fov0,2658,10670.65061728395,4548.406172839506,67.77240741342119,49.1921596668736,-0.9477876529008383,810,0.687859906259687,1,
fov0,2659,10674.758354755784,6365.650385604113,61.72185410479293,9.732984623943432,0.6695082373495455,389,0.9874884958663404,1,0.44996658703235326
fov0,2660,10685.810779816513,4186.377866972477,139.61535118450544,52.73274297397408,-1.0098763446037822,1744,0.9259279538099542,1,0.7163915967890732
fov0,2661,10709.711630695443,4643.182853717027,114.57557711813394,23.252362677129135,-0.18759311835587109,1668,0.9791904599786578,1,0.07158956978676012
fov0,2662,10673.34349355217,16076.501758499413,69.24515803567904,29.264025497009484,-0.9960678629365651,853,0.9063094222563485,1,0.15345989185230222
fov0,2663,10708.043024771838,16123.608213820078,84.57292967908414,76.5858874130988,-1.357769859595528,1534,0.4242175697307564,1,
fov0,2664,10671.788819875776,4464.925465838509,28.62173743786872,7.316698745402334,-0.3537161732605613,161,0.9667735453758861,1,0.28791139808350735
fov0,2665,10672.560553633219,13342.072664359861,55.20674641929573,14.265986364445467,-1.173725411978408,578,0.9660352833695551,1,0.17784564110209136
fov0,2666,10676.025477707006,4807.71974522293,30.614647760643322,6.926260760349869,0.11799686391922297,157,0.9740715683474686,1,0.07104009024945916
fov0,2667,10674.678260869565,15240.765217391305,19.344723404171894,8.795748545981565,-0.318010010357564,115,0.8906525026871449,1,0.635817703796764
fov0,2668,10669.851485148514,15410.059405940594,19.651138506977176,7.016078958177871,1.5666160635114044,101,0.9340922763927116,1,1.285714735343733
fov0,2669,10672.861471861472,16166.207792207791,37.13230583161027,8.434317057293574,-1.1956621020457545,231,0.9738615811000542,1,0.12197196455888994
fov0,2670,10682.495438596492,13926.688421052631,175.01024378926493,16.432569912377325,-1.412593357499118,1425,0.9955821147144789,1,0.6034844723370356
fov0,2671,10731.0662820152,15080.709822685056,229.81137533998523,106.24851442559437,-1.5625334693350796,7106,0.8867083456536736,1,1.0750622537151968
fov0,2672,10727.68328973185,14561.68721386527,351.0163758170234,82.05145287542723,-1.322295119820548,6116,0.9722957914944885,1,0.08423322942690953
fov0,2673,10683.651162790698,7191.418604651163,28.99563129897721,7.745389701344476,-0.16954317632170438,172,0.9636625410292707,1,0.2344804042851654
fov0,2674,10678.483185840709,14029.376991150442,37.888100723779196,21.613767273885465,1.5590952522860388,565,0.8213231609074197,1,
fov0,2675,10686.794594594594,6959.12972972973,33.82296430551851,7.153380652684492,-0.05129941945576196,185,0.9773791254200924,1,0.1153018951369101
fov0,2676,10677.636363636364,15362.245454545455,21.20258619510173,6.898467296144544,-1.3485365129543176,110,0.9455903230758623,1,0.7735127313874525
fov0,2677,10768.499049068087,6267.44693799924,253.87329023288916,42.07358416042959,-0.05550006633091161,2629,0.9861717187593917,1,0.1554135303554206
fov0,2678,10684.935897435897,16200.634615384615,20.09525402193715,10.77649159297757,0.2082341196509401,156,0.844046188540106,1,
fov0,2680,10690.453333333333,8138.168888888889,27.75072126572413,12.981423673469374,-0.29044422553830296,225,0.8838412883190172,1,0.565315629278328
fov0,2681,10693.12377850163,13294.674267100978,43.20705275905899,22.64071465436042,-1.5605155936959871,614,0.8517151447842287,1,
fov0,2682,10700.00350877193,4858.666666666667,43.37877102538617,8.674162303699163,0.05381571416339411,285,0.9798033872852286,1,0.04597286650744941
fov0,2683,10687.714285714286,13648.442857142858,20.998136122479504,9.227593590067459,1.4732586250669715,140,0.8982679221374934,1,1.3138817600868138
fov0,2684,10694.964705882352,7134.6882352941175,31.909975696920334,7.3972657777959645,-0.8194508542955522,170,0.9727594821555129,1,0.2299812379981467
fov0,2685,10715.917976760082,16231.723171565276,111.12822884726654,35.611508630329546,-1.1844061892700015,1463,0.9472640076447797,1,0.13160138337249438
fov0,2686,10709.382943143813,15446.007525083613,75.06491268038693,51.163145953667396,-1.2024771872438187,1196,0.7317386072824626,0,
fov0,2687,10698.32701421801,14930.715639810427,26.9284342078431,11.234959505988327,0.4385901061499803,211,0.9088075958503781,1,0.6009314615377439
fov0,2688,10702.826086956522,6879.410628019324,34.30319860301756,8.058517581118831,-0.020321718257210974,207,0.9720146369109159,1,0.08833035134059414
fov0,2689,10699.166666666666,15508.272357723577,29.0013216618093,12.997473376511143,0.933911086970763,246,0.8939491954639127,1,1.011712565829171
fov0,2690,10696.952127659575,16417.505319148935,24.600808595146624,12.764533221459603,1.250833350031206,188,0.8548553382343398,1,
fov0,2691,10762.551448779375,14052.562400182524,189.88266982139422,80.29102762091097,-1.0474019419132572,4383,0.9062018013062041,0,0.4750661228488365
fov0,2692,10718.024752475247,7857.475247524752,44.464553838109104,12.737746374087207,-0.14263076945753395,404,0.9580893090852997,1,0.5736857130023777
fov0,2694,10773.299516908213,5050.030974708724,191.13797819173487,61.63155988831688,-0.2951733944002111,3519,0.9465880680532962,1,0.3076585657300526
fov0,2695,10776.747157071784,13666.856787491115,173.55403514012747,159.10473527753211,1.1209575971459722,5628,0.3994736846841691,1,
fov0,2696,10725.565320665082,4803.636579572447,49.8468553843094,15.642010565164414,-0.10883852291723294,421,0.9494886582153154,1,0.3477295689203814
fov0,2697,10716.387323943662,4968.330985915493,31.066518479523708,14.556832895088966,0.869926234822876,284,0.8834264689857005,1,0.5558273418751665
fov0,2698,10722.561643835616,4926.253424657534,26.44708342044896,7.139344756672595,0.05286166294348148,146,0.9628748228961627,1,0.2617578850152918
fov0,2699,10764.710144927536,6325.434782608696,121.55501809004326,20.31402978577569,-0.4590568851071096,897,0.985936904079448,1,0.1417102523229758
fov0,2700,10723.691823899371,7588.96855345912,30.08249440556357,7.397005827098734,-0.12773195855980896,159,0.9692975601215117,1,0.42954224902484034
fov0,2701,10734.70243362832,13776.33185840708,92.13947900986443,46.45718824021856,-0.9496260265790916,904,0.8635839817946203,1,
fov0,2702,10725.550084889643,7799.349745331069,60.76908735156078,16.648575529029017,1.4129164433919716,589,0.9617397915319952,1,0.6604923726871329
fov0,2703,10722.42487046632,13957.419689119171,30.137570161957147,8.551561910249198,0.8062423851405331,193,0.9588980346292529,1,0.9981149277047013
fov0,2704,10740.7099915326,15278.899237933954,115.60009100111911,62.47284859869806,1.3804467125019733,2362,0.8413940279466163,0,
fov0,2705,10743.001941747572,4596.001941747573,66.9872441789359,10.243362357521969,-0.19982176375794408,515,0.9882393266026741,1,0.08862158555333033
fov0,2707,10722.876984126984,13607.79365079365,26.893782945350722,12.515048114736219,-1.0592977856645822,252,0.8851262452767187,1,0.6361965213975013
fov0,2708,10731.779320987655,14270.226851851852,64.60009113460006,15.5584432301998,-1.1511320321928837,648,0.9705642285039657,1,0.2319642085018996
fov0,2709,10749.0326953748,13263.262360446572,76.73443165793168,31.68319734027957,-0.7169327036043532,1254,0.9107790222097757,1,0.137355491256531
fov0,2710,10743.287037037036,16049.145502645502,82.99947736097181,20.061048086621316,-0.8991577241891364,756,0.9703508008108925,1,0.12785721480388695
fov0,2711,10727.985915492958,4433.62676056338,23.064968492992794,8.437036346685117,-0.8985018324563142,142,0.9306956837731678,1,0.3708633970327528
fov0,2712,10763.185096153846,15951.225961538461,98.03894234418263,17.841198645080095,-0.44869480081138563,832,0.9833020963130107,1,0.24248068101638748
fov0,2713,10767.578656853726,4523.184912603496,101.03906193445698,25.814925378946416,-0.10528364000803637,1087,0.9668105070684522,1,0.2970937942470355
fov0,2714,10737.274647887323,4462.274647887324,29.645406514367224,14.4564721471148,0.04400771257990153,284,0.8730412977250538,1,0.4192347752672511
fov0,2715,10734.305785123966,4770.537190082645,20.061757134053416,8.164087608841841,-0.0031012450016652928,121,0.9134514224072285,1,0.36829424514178494
fov0,2716,10733.108196721312,14875.47213114754,47.8813967670982,8.722214765153735,1.4638743858633634,305,0.9832683625211949,1,0.7581814583563715
fov0,2717,10749.121764141899,13534.16970278044,96.64032123284325,15.317920949765815,-1.2013343566478667,1043,0.9873582629317634,1,0.4880052780447616
fov0,2718,10789.189807976367,14300.488921713442,268.00118275101175,32.90484102867845,-1.1731062087819075,2708,0.9924340718491084,1,0.2383551001124049
fov0,2719,10743.635761589405,14944.389072847682,65.85979606329883,24.953641568838812,1.415439257752575,604,0.9254415693162188,1,0.743198010573627
fov0,2720,10741.116564417178,13474.220858895706,24.057481844306615,9.506559945289478,0.7454864154212041,163,0.9186122121743641,1,0.9596779170917534
fov0,2721,10747.929471032745,13982.382871536523,60.44134416513884,15.974656715824203,-0.8285283861078,397,0.9644404737086459,1,0.4389931102626167
fov0,2722,10748.88655462185,6366.68487394958,37.49490057514386,8.804209955735656,-0.3686853466449773,238,0.9720410787088778,1,0.27071924066157127
fov0,2724,10749.813636363637,14322.627272727274,28.74313749242932,10.851011187235908,-0.2277193949423809,220,0.926002821797615,1,0.4748643752693645
fov0,2725,10739.654676258993,15385.98561151079,27.19230858037196,6.966890944413653,-1.4154111772432474,139,0.9666216355667774,1,0.9492410420495636
fov0,2726,10785.194162436548,6219.561548223351,101.98682524671202,36.13023994804398,0.0294094728639695,1576,0.9351455299521841,1,0.18666864615472756
fov0,2727,10761.761494252874,7026.724137931034,58.48061487628216,8.00030426050164,-0.3968264709716699,348,0.9905983189318719,1,0.19814176339150338
fov0,2728,10746.686046511628,4333.296511627907,21.576687699396782,11.22383182412118,0.17737633498961866,172,0.8540546658850761,1,
fov0,2729,10768.900621118013,4989.75,69.61275707746762,14.633805708132346,-0.3644670718016367,644,0.977654687283482,1,0.3313238065265767
fov0,2731,10749.975961538461,7784.038461538462,32.9614026726685,9.909860107051262,-0.6027574777519574,208,0.9537344048137489,1,0.7663276234517774
fov0,2732,10763.890868596882,6753.933184855234,47.2287788668243,17.202710480779157,0.03417123582096888,449,0.9313042891145105,1,0.13600219237468983
fov0,2733,10751.398576512456,5524.412811387901,32.40772011624141,12.908164834993014,-0.5650731728271419,281,0.9172529277265142,1,0.35704817581995707
fov0,2734,10788.125,15892.353346456694,121.52475260564114,18.06916485779421,-0.43610235661282504,1016,0.9888842914381385,1,0.24788606525285176
fov0,2735,10752.116279069767,4770.5,28.256880873184745,9.87042924200384,-1.4673533679308415,172,0.9370069766632693,1,0.6975365567208953
fov0,2737,10822.253053160919,16041.899245689656,295.80621344191115,82.58553538631347,-1.061368333773528,5568,0.960236470369005,1,0.2231735358331481
fov0,2738,10752.2700729927,8207.872262773722,34.17554753138067,15.47135984624872,1.5345150033409825,274,0.891661561056073,1,0.7516207079984313
fov0,2740,10759.944055944055,7899.643356643357,26.10884552758829,7.173547301968745,0.7335753644318297,143,0.9615141439459961,1,0.45105285421692526
fov0,2741,10759.455752212389,16191.030973451327,31.89013404418464,9.511945115504387,-0.9485423823787048,226,0.9544808050660688,1,0.08685740138661081
fov0,2742,10760.436363636363,15981.648484848485,17.596144763648375,14.3487074258241,-1.13164664022992,165,0.5788330296626896,1,
fov0,2743,10776.313390313391,4409.05698005698,55.35258889535807,8.598367670618888,0.03426438440042646,351,0.9878613593265445,1,0.4037282324821953
fov0,2744,10787.075686884396,4896.449974079834,85.6309117164878,74.11340923189546,0.9083889745280846,1929,0.5009118468028111,0,
fov0,2746,10777.830548926015,13157.350835322195,114.74130695015468,13.966337620701088,-0.9582608180393974,838,0.9925644497923434,1,0.07626778370647216
fov0,2747,10804.416781292985,6654.980742778542,124.56793173285286,9.756373411285496,-0.38911039271943065,727,0.9969281367075905,1,0.13746983914495267
fov0,2749,10768.92513368984,6418.304812834224,31.59814224743229,8.554473345608168,-0.07600264953467233,187,0.9626561372226302,1,0.3639620752747407
fov0,2750,10899.933618843683,6106.588475764064,285.7314214098426,94.74135722183783,-0.2834659672513676,5137,0.9434289106763278,0,0.30880523641734503
fov0,2751,10771.856589147286,4283.519379844961,30.87198972960924,10.945066306031075,-0.20498222682538192,258,0.9350443971450687,1,0.10750694221382005
fov0,2752,10774.275862068966,14256.303448275861,56.766339339256476,16.275073982057698,-1.1437725615254957,580,0.9580195449120756,1,0.23771026468717724
fov0,2753,10774.006756756757,14156.893243243243,86.81043920509306,17.16382809600679,-1.3968154241506767,740,0.9802593093968215,1,0.127523592796742
fov0,2754,10819.06294820717,4795.678087649402,128.33615571404226,16.88965048598137,-0.40346580066489945,1255,0.9913022667382547,1,0.2905927174977996
fov0,2755,10901.877542312615,5519.303228559238,402.2215677438877,75.73128665071476,-0.6694285497225541,7031,0.9821149098488732,1,0.5083278532501853
fov0,2756,10776.414937759337,13372.377593360996,43.574917991361346,7.273528273536539,-0.7015653062313044,241,0.9859704310495593,1,0.46568739314224605
fov0,2758,10876.524412773819,4613.629189759831,292.1526257303339,43.68454191782884,-0.13191208129237708,3789,0.9887577275999487,1,0.07742824377516573
fov0,2759,10781.830734966592,6094.581291759466,54.48798156182725,13.748664957226078,-0.8362872207512595,449,0.9676426164709735,1,0.23721810229999815
fov0,2760,10777.983108108108,8147.679054054054,37.33852054880502,13.471433269851774,0.9549707463371021,296,0.9326463709517049,1,0.4325481327535764
fov0,2761,10788.631578947368,14858.724125750618,178.40024536621513,52.70697459865496,1.5532296896913909,2831,0.9553605923023988,1,0.7875201958734646
fov0,2762,10771.806722689076,13450.42857142857,21.468552929467386,7.47669018721147,-1.0745742743452213,119,0.9373970808238278,1,0.4668660143155227
fov0,2763,10783.541176470588,4126.176470588235,40.87305798630534,8.19786483337014,0.25080187083567296,255,0.9796795960523978,1,0.4938501221869414
fov0,2764,10773.391304347826,4443.139130434783,18.10901275286565,8.490385379005781,-1.2799019843700357,115,0.8832785432543306,1,0.5640455971379111
fov0,2765,10804.031190324635,8252.030553787397,83.37867272182507,64.74582958383714,-1.5376700948375357,1571,0.6300834008296788,1,
fov0,2766,10793.650877192982,7880.831578947368,88.59673604572761,23.296794622169653,1.2236283013975036,570,0.9648085915626127,1,0.5851458549317776
fov0,2767,10814.489333333333,4749.9,106.26659645382387,16.463150498685707,-0.16070814130330424,750,0.9879265323055726,1,0.34510774847669984
fov0,2768,10784.774678111587,13872.532188841202,97.68216387618449,27.17754923005442,-1.4091649642987425,932,0.9605161387354525,1,0.5540692801300965
fov0,2769,10798.398190045249,5765.01282051282,71.98124675157771,43.36638393785948,-0.39221900107558405,1326,0.7981431829474948,1,
fov0,2770,10784.075187969926,7158.398496240601,22.459117426079338,8.13571677203842,-0.3242150528043456,133,0.9320826762986988,1,0.18059637496164074
fov0,2771,10797.466076696166,4469.30383480826,47.4005879481499,9.587741562549834,-0.06947942838168267,339,0.9793296875028936,1,0.3443756595097358
fov0,2772,10823.975698663426,4829.21142162819,95.64977445972843,14.207792996847093,-0.40858683678190555,823,0.9889064386984168,1,0.27185401574746715
fov0,2773,10821.442016806723,4661.531092436975,92.22551970247099,11.176102333419148,-0.07605515442910181,595,0.9926302663134353,1,0.06295394216310084
fov0,2774,10817.879207920792,6346.815841584158,82.65188614921193,11.93184156457445,-0.399449322832669,505,0.9895248548549638,1,0.26030698528231117
fov0,2775,10813.670235546038,13797.354389721628,103.69542633122005,36.35674957680801,-1.4699712673143528,934,0.9365212104902212,1,0.029422671302017752
fov0,2776,10797.925098554533,14594.370565045992,81.41599242640956,14.513876239531251,-1.48639037701744,761,0.9839819489903807,1,0.10526971631856093
fov0,2777,11115.639080829182,5068.354705661793,742.0236581286692,128.45103770076275,-0.05047671693991504,18669,0.9849026571867254,-2,0.3600460343905086
fov0,2778,10800.655,14440.32,20.49900286274749,13.017222500713054,-0.6852446106998994,200,0.772497872902978,1,
fov0,2779,10811.254032258064,6028.217741935484,43.443088009646495,8.951693003004044,-0.5716986737288284,248,0.9785402782072156,1,0.23370145433307749
fov0,2780,10819.919344675489,14151.46565847511,109.62869380989127,29.93974118603505,-1.279702373904703,1587,0.9619852743334224,1,0.1054824773430513
fov0,2781,10851.916293929713,7058.324600638977,127.61972187970918,32.03339418964689,0.17316458478348262,1565,0.967985371810451,1,0.31285904437699824
fov0,2783,10977.622216930587,5647.070603643291,412.63059643254246,93.45597404204943,-0.7364930993318979,8399,0.9740139018512053,-1,0.09989845221429693
fov0,2784,10810.136253041363,14705.340632603406,33.23656778377249,17.31852454667246,-1.172073177470071,411,0.8535149341982435,1,
fov0,2785,10812.423076923076,13297.527972027972,45.9744280064674,9.571593667878926,-0.9032912330862856,286,0.978087581097288,1,0.49066816872322405
fov0,2786,10813.496732026144,4694.535947712418,26.011307189516277,8.041896378426738,0.11838476763401078,153,0.9510070314299934,1,0.4259249629724694
fov0,2787,10826.662337662337,4293.846320346321,60.88460707672474,20.383895140768402,0.060586069391253564,462,0.9422907957692984,1,0.09425905266956787
fov0,2789,10893.914556385498,13857.093186372746,542.7868849503211,71.06983037489587,-1.4204010576956558,10978,0.9913909478592555,-1,0.7354932097340475
fov0,2790,10836.943820224718,6600.217228464419,61.75091604577,12.48505248064314,-0.6198782353748776,534,0.979347535672876,1,0.2978566674526017
fov0,2791,10827.079772079773,4259.532763532764,40.64582977283328,14.185676824639433,0.0330793559920516,351,0.9371201380953772,1,0.08744035844413275
fov0,2792,10819.908450704226,5661.014084507042,23.5639775474266,7.928127705884176,-0.44097559232160666,142,0.9417009150155684,1,0.22448655875488813
fov0,2793,10818.099616858237,14031.816091954022,31.052393928363347,11.815270815793886,-0.9766034176411382,261,0.9247831072384385,1,0.6303398755326469
fov0,2794,10877.631211857019,6717.9947689625105,146.0522774184834,49.6871067926327,-0.2251876525161478,2294,0.9403528016548549,0,0.13628408319721447
fov0,2795,10819.026315789473,13506.807017543859,21.072717088645355,7.174537573436331,-1.2059177785708874,114,0.9402569333404553,1,0.8470645862421821
fov0,2796,10844.99919549477,15924.418342719227,68.64168670713879,54.99953705122726,-0.9988357849287182,1243,0.598322183973023,0,
fov0,2797,10831.573883161513,4085.5343642611683,74.21643200259412,28.20385786562115,-1.1077817145122257,582,0.9249775536063901,1,0.4886173738107959
fov0,2798,10948.802389248382,6797.970632155301,282.450500261562,18.035061965848808,-0.4425704195744007,2009,0.9979593715909094,1,0.06638918034469575
fov0,2799,10840.40144364242,13902.122709605774,141.45656261629202,22.064388218893196,-1.403606663179978,1801,0.9877602207792484,1,0.7313744334667017
fov0,2800,10863.088116698293,14353.302300759013,335.9182595092283,63.37201310744116,-1.2910507080759908,8432,0.9820437957284646,-1,0.27342260088282566
fov0,2801,10890.462230215828,6200.056654676259,144.84870166515088,56.176132496312846,0.1762825883767781,2224,0.9217324882701575,1,0.33105057476448413
fov0,2803,10832.354066985647,6052.425837320574,32.08181865638777,9.869625456338204,-1.417614349052918,209,0.9515030816398247,1,0.44811742620132056
fov0,2804,10841.759878419452,4418.732522796353,34.13454138658527,18.846682902386267,-0.1325050804252485,329,0.8337584521157823,1,
fov0,2805,10872.317625458996,5429.2496940024475,100.91157486763484,36.79025173953551,0.8216148873511809,1634,0.9311724198804329,1,0.5498287036784613
fov0,2806,10837.372549019608,5463.068627450981,24.838066838519634,12.80586123675872,-1.0862961477965787,204,0.8568450620143788,1,
fov0,2807,10840.090342679128,13595.800623052959,79.25205062146927,16.987169668928637,-1.2616246321851827,642,0.976758323256754,1,0.669170596090393
fov0,2808,10839.177419354839,14581.816129032259,27.006373086072564,17.4248138411194,1.027750095487681,310,0.7640042758091181,1,
fov0,2809,10851.442073170732,4483.634146341464,53.73564473558483,8.924744693117688,0.5772272137869678,328,0.9861112518535183,1,0.6120239582813833
fov0,2810,10849.42349726776,6149.926229508197,34.98110902726764,14.970619133586268,-0.509239030837253,366,0.9037962716805651,1,0.23953289123265217
fov0,2811,10845.060109289618,5963.349726775957,33.658570973739906,7.1482010222962,-0.856651046238192,183,0.9771884868138673,1,0.4505984162115152
fov0,2812,10868.130220417634,13475.634280742459,180.84066183254228,68.93446625892587,1.5608572683133908,3448,0.9244971424772681,0,1.4382825470300566
fov0,2813,10896.506065857886,6566.612651646447,110.76576018519505,75.34643913173795,-0.49723407177567636,2308,0.7329966743792709,1,
fov0,2814,10857.066420664207,8211.084870848708,47.999682019981016,10.013627415260036,0.2067366420728289,271,0.97799707129442,1,0.26189696492639597
fov0,2816,10841.5,14649.681034482759,16.44317038844957,10.184226111414883,1.199522252094031,116,0.7851078831781392,1,
fov0,2817,10856.647887323943,5627.783098591549,47.08173709637177,12.368931258380496,-0.26417390847723865,355,0.9648743299822294,1,0.21724684531113492
fov0,2818,10846.731092436974,5706.731092436975,19.206150574994897,8.419848741254171,0.42219538968687026,119,0.8987832154583559,1,0.5539229129369168
fov0,2819,10896.486313337216,4531.082702387886,133.34920392744226,31.264884269446853,-0.018378461868090192,1717,0.9721260754107081,1,0.16454612600107793
fov0,2820,10849.111940298508,8157.111940298508,21.22262910592542,8.510165348310453,0.21552370861503894,134,0.91608030006321,1,0.23580264515618787
fov0,2821,10873.975929978118,5883.864332603939,64.17011622996395,11.272712280370492,-0.45112570095050203,457,0.9844492551741779,1,0.35145899292598964
fov0,2823,10874.360710321864,5048.163152053274,57.66303915216013,27.214364041508105,-0.6498627071484698,901,0.8816225983803678,1,0.14928764252169463
fov0,2825,10851.056074766355,13359.85046728972,19.09115949833629,7.396508871215112,1.0394754419975945,107,0.9218986630450505,1,1.0183916841877927
fov0,2826,10931.08695652174,6427.178053830227,200.44678165330484,62.06444814115645,-0.7369428884166164,2898,0.9508569396868267,1,0.2537081430324922
fov0,2827,10946.084661902145,4721.886750962067,198.37983414801215,34.5216270784229,0.18596320474906128,1819,0.984742502842676,1,0.21090413144226816
fov0,2828,11003.761617594892,6798.363958850657,356.0780097107149,36.28950995638508,-0.5173617395951614,2819,0.9947931624428912,1,0.03860444143332627
fov0,2829,10861.601265822785,4920.329113924051,25.0353845253944,8.33116673478803,-0.41271647165082465,158,0.9430060215937276,1,0.13343686396961107
fov0,2830,10858.648148148148,13040.5,19.997336718297404,7.058996548257611,-0.7994440801420163,108,0.9356245161640273,1,0.08266355668679244
fov0,2831,10884.73447204969,4249.445652173913,71.9124831483937,18.34901925770936,-0.18295715396128417,644,0.9668994675634645,1,0.13869171382898576
fov0,2832,10861.404805914972,14499.36044362292,79.55480391257585,10.154984147086987,-1.4639190392443544,541,0.991819578464466,1,0.08838939380865646
fov0,2833,10867.55707762557,4043.310502283105,31.27300760199712,13.026235909415584,-0.38524072083409094,219,0.9091206521872451,1,0.23783954752513947
fov0,2834,10860.047297297297,6415.959459459459,26.735460627650717,8.058339760458043,-1.4110992066298695,148,0.9534945772248212,1,0.5488512817216588
fov0,2835,10870.474609375,8272.015625,42.472484293922896,22.297956334854245,1.417949017911447,512,0.85110364865185,1,
fov0,2836,10868.9,4392.6375,22.860138444748785,9.399551600311504,-0.7536629949161223,160,0.9115557525360917,1,0.45345076871278445
fov0,2837,10870.70634920635,5938.686507936508,38.274421949261544,11.818293066500502,0.8645864214757277,252,0.9511341913133283,1,0.7621754515469708
fov0,2838,10918.301953818827,7012.7602131438725,133.79880266264374,44.5212028559446,0.08080231461931324,1689,0.9430159977628922,1,0.20922096270320234
fov0,2839,10918.686980609418,13235.827146814405,234.9439173143992,63.284375506350756,-1.0394071487075114,3610,0.9630396986165464,1,0.09533168849250931
fov0,2840,10898.916,8101.004,78.1187578395615,8.738107438338702,0.10119571083519348,500,0.9937243460152696,1,0.2769504723136575
fov0,2841,10881.784810126583,8168.008438818565,30.349451541056563,14.31737791054696,0.7897328814708727,237,0.8817319245949067,1,0.3707706827167194
fov0,2842,10883.64135021097,5339.493670886076,35.56446121034858,10.439934851139231,0.019920274935765144,237,0.9559438308632767,1,0.34816882526323994
fov0,2843,10921.52714535902,5367.221833041448,121.7399584010152,39.41028614469888,-0.5772141402584507,1713,0.9461511655403876,1,0.49735918008077723
fov0,2845,11128.754072517078,4626.885444035733,582.155003083774,45.20032159691873,-0.23117868416283896,5709,0.996981217657419,1,0.07704976750514064
fov0,2846,10890.619047619048,6300.857142857143,44.1506340271364,9.358141932381615,-0.42184058162815424,273,0.9772784723003108,1,0.29625007179364055
fov0,2847,10897.97137014315,5979.120654396728,68.68787239960614,24.791896382509744,-0.6558629924462108,489,0.9325907538931951,1,0.4311514199401337
fov0,2849,10891.119047619048,6344.579365079365,24.91533617719444,7.085200918548225,-0.16234037257946152,126,0.958714291134891,1,0.3547118275455986
fov0,2850,10891.647798742139,8243.232704402515,23.804938260746805,9.660048067054221,-0.23781281673652413,159,0.913961826065458,1,0.32501025645353143
fov0,2851,10898.03056768559,4138.03056768559,38.325467303881815,10.482770673716152,0.0006059650606958419,229,0.9618663985468012,1,0.3345353166426123
fov0,2852,10899.167364016736,4176.426778242678,36.4786092825854,11.819020452735984,0.09728924693506287,239,0.9460575403344021,1,0.19827504128234547
fov0,2853,10910.244122965642,5590.802893309223,77.08026722127285,11.795780373458472,-0.5617408684020232,553,0.9882211676844278,1,0.09069458901936742
fov0,2854,10889.44537815126,7787.302521008403,20.72013467286277,7.686347989443549,-0.9453016610963424,119,0.9286487138832982,1,0.7864163509701503
fov0,2855,10898.472222222223,3993.790404040404,45.60256356245364,16.24602682612967,-0.8767527889882434,396,0.9343897277182214,1,0.3381886798139922
fov0,2857,10901.324022346369,4276.938547486034,28.580858542311365,8.060376771596694,0.16810287405105248,179,0.9594084945931578,1,0.09849186763795585
fov0,2859,10903.651245551602,4073.039145907473,30.30091305737445,14.49007821327358,-0.634904443240956,281,0.8782477033214462,1,0.24643538283778865
fov0,2860,10930.247524752474,4382.5082508250825,96.66552168228085,8.771211232585737,-0.0981661307548532,606,0.9958748224817487,1,0.22960618783299086
fov0,2861,10930.886762360447,4824.489633173844,83.07918132683454,51.682659488187674,-0.37809080461916506,1254,0.7829463944594931,1,
fov0,2862,10916.98510638298,6077.004255319149,72.09213093879404,9.684247397186077,-0.4831944590445791,470,0.9909364438613437,1,0.24344183562360144
fov0,2863,10914.165137614678,4999.697247706422,56.52199682488295,9.487646654988238,-0.34474750088794043,327,0.985811253026113,1,0.1389651711208816
fov0,2864,10917.013651877132,12990.871444823662,101.39691157241347,15.414509716129437,-0.9616348553049825,879,0.9883771882059509,1,0.18173768182432806
fov0,2865,10947.306422387759,7924.904771491846,257.44752632515474,113.71976956216952,1.2150101047785695,4967,0.8971528721928904,1,0.7245854613712653
fov0,2866,10904.128787878788,13342.795454545454,19.921857474858175,9.078943574155282,-0.8551370652646636,132,0.8901192080568288,1,0.49851611803037726
fov0,2867,10902.02380952381,13992.09126984127,30.363850799174447,12.245721843622528,1.5210847365713593,252,0.9150680956105197,1,1.37025837880353
fov0,2868,10911.53947368421,4921.138157894737,25.576275111351094,8.25562825991327,0.11446614111271163,152,0.946472444744342,1,0.2901057654296514
fov0,2869,10920.086848635236,5422.0545905707195,46.54655180165629,14.434571350543361,0.7018725685164114,403,0.9507005412443842,1,0.4997453550989605
fov0,2870,10926.79109589041,4772.130136986301,48.090480165160876,8.029537893946872,-0.0904030130883855,292,0.9859624327985931,1,0.10697318821070492
fov0,2871,10909.811209439527,13431.882005899704,50.29384810510527,9.015299998036916,-1.4502683531108673,339,0.9838030936394261,1,1.088232053501284
fov0,2872,10931.380664652568,4034.8368580060423,58.590577366429876,10.391777207434284,-0.10399202146145671,331,0.9841455724109558,1,0.24942189882858068
fov0,2873,10919.927419354839,6037.362903225807,18.55375470777858,9.818626619816,-0.7672559365330606,124,0.8484978032349199,1,
fov0,2874,10947.684792626727,13333.959447004609,121.74884083764451,16.477944197062858,-1.0290235013388427,1085,0.990798703270882,1,0.5295327785245952
fov0,2875,10924.029003783102,13571.359394703657,78.53263999194995,14.931777613643002,1.4061374005052536,793,0.9817580186304264,1,1.0219726601011396
fov0,2876,10951.356663470757,5766.023010546501,92.96843701481146,30.196725072334754,-1.2285595824390847,1043,0.9457805930374892,1,0.48015008764512623
fov0,2877,10969.973387922211,6309.0040941658135,116.40589974475992,61.97540406205432,-0.47283854255894575,1954,0.8464880268370026,-1,
fov0,2878,10991.827932960894,4296.903910614526,139.7579908513993,14.877634285026266,0.12145514236239968,895,0.9943177530368565,1,0.2012269712328608
fov0,2879,10947.804395604395,13517.479120879121,42.99219750600263,20.236218732295644,-1.5101500383143875,455,0.8822959131887692,1,1.1589212756556315
fov0,2880,11001.92780748663,12970.05026737968,256.952219525976,17.54120936954878,-0.7845665935911587,1870,0.9976671264735765,1,0.52622773774775
fov0,2881,10972.68047337278,4484.353057199211,73.51305930803609,11.73461454659709,0.23706611640189967,507,0.9871775209479561,1,0.19504481953502595
fov0,2882,10968.981176470588,3983.2329411764704,69.54462872856222,9.4646180920984,0.089017054793822,425,0.9906959062121115,1,0.2623807057951139
fov0,2885,10965.927325581395,6133.622093023256,57.733450613041164,9.051022964813967,-0.6689699049774754,344,0.987634726478867,1,0.14964793509128524
fov0,2886,10949.326923076924,7766.352564102564,24.524535384930143,9.214095934508403,1.2885932791446146,156,0.9267375705038162,1,0.9857898954167765
fov0,2887,10962.247484909456,8027.185110663984,40.427993025172015,34.24625064702392,0.5842721218997131,497,0.5314454402755112,1,
fov0,2888,10957.795580110498,5890.92817679558,30.89617322598389,8.222807883360389,-0.6483773829148902,181,0.9639334892576316,1,0.40809275281704493
fov0,2889,10967.573717948719,13458.13782051282,47.76235461942271,8.738799684912902,0.374040040015074,312,0.9831195815450203,1,0.7645273645945183
fov0,2890,10974.461038961039,4579.201298701299,56.26985754324458,13.440593499052973,-0.0005205467666066254,462,0.9710541230409776,1,0.09234010804026413
fov0,2891,10969.761388286333,8276.260303687635,36.4976576753944,18.776446801770536,-0.1820206059130124,461,0.8575166490954756,1,
fov0,2892,11015.155482214888,5385.070040337367,130.20813098536112,66.0370488755575,-0.1302542743675129,2727,0.8618487887229849,0,
fov0,2893,10975.133903133903,8216.039886039885,48.15845149579749,12.234924586687713,-0.718560443199516,351,0.9671896137658881,1,0.667129576647235
fov0,2894,11005.155367231639,4627.75988700565,103.18451313551164,10.729761569977176,-0.2526334745193413,708,0.9945787439760868,1,0.08937407287234427
fov0,2895,11026.570240503484,5785.422117329737,206.83109656290384,88.45078300145514,-1.0676819624812706,4449,0.9039456243000232,0,0.26955208537770387
fov0,2896,10968.89417989418,7741.084656084656,32.56266951607031,7.694765042444902,-0.5606111675896271,189,0.9716786077432694,1,0.47423831951564577
fov0,2897,10971.207594936708,5500.194936708861,27.99253184561607,21.126062071255813,0.5395556016889851,395,0.6560660105376952,1,
fov0,2898,10997.934343434343,5551.712121212121,91.33241557175067,12.832970888351596,-0.5312931907199308,594,0.9900794875452769,1,0.08106339286377426
fov0,2899,11018.195158526136,5950.0362039417305,173.13543548432082,91.38333974509511,-0.8651576518300251,4668,0.8493598649551521,1,
fov0,2900,10977.866666666667,7350.448148148148,43.73330954050699,8.1351881028173,0.04602804062410397,270,0.9825463135878308,1,0.09081349457979038
fov0,2901,11008.285304247991,13227.246268656716,93.23579559491537,43.03818703142694,-0.7347446025630768,1742,0.8870851455922076,1,0.21148655337967404
fov0,2902,11003.773645917543,7774.796281325788,153.41127908504947,22.59595758400942,-0.7157798295875245,1237,0.9890933404617693,1,0.5093358397806241
fov0,2903,10976.51451187335,6421.435356200528,32.74299642618347,20.2594019812655,-0.9894614228713408,379,0.7855958237673801,1,
fov0,2904,11003.855029585799,6152.766272189349,68.00502000227577,19.312452926753505,-0.2505085211328024,676,0.9588285167597169,1,0.18664610300721524
fov0,2905,11064.952257693414,4846.522001725625,242.2632914131949,50.248941794087166,-0.08009102547598979,3477,0.9782531302998719,1,0.1998196769477114
fov0,2907,10982.555223880598,4143.549253731343,23.434950671321385,19.140773460426992,-0.4042019238112726,335,0.5769749514857375,1,
fov0,2908,10997.673758865249,6575.997635933806,58.012468388735094,10.970814181667729,0.2648151269618908,423,0.9819556561017392,1,0.4734327523300375
fov0,2909,10995.248407643312,4525.585987261146,39.87107297442862,13.34097995364732,-0.127405821163716,314,0.9423591904103434,1,0.1010042762704692
fov0,2910,10983.866666666667,6462.571428571428,20.56172099329645,7.019159516307776,-0.265198156557516,105,0.93992891381594,1,0.24395720767836226
fov0,2912,11001.192982456141,4085.0438596491226,63.91239235079064,13.883619421458578,0.3001987218435994,456,0.9761206892645621,1,0.29401787718713235
fov0,2913,11011.577235772358,5696.788617886179,81.99639618802205,13.021626695496195,-0.45627398125896407,615,0.9873095967778404,1,0.18832407935799653
fov0,2914,11009.874432677761,6877.217851739788,74.87368810001777,18.485124862306893,-0.5749890166514187,661,0.9690450090408635,1,0.17056762247560595
fov0,2916,10994.82527881041,5734.2342007434945,36.441993403769246,9.809231621156757,-0.6442590858981656,269,0.9630916047506095,1,0.18783961168244395
fov0,2917,10990.652173913044,5180.765217391305,27.29749470087154,18.287085472846055,1.415683467588176,345,0.7424350170906369,1,
fov0,2918,11032.197097944378,6670.385731559855,115.0001221992946,17.97926224251812,-0.4127264404420546,827,0.9877031007409013,1,0.31604190372904345
fov0,2919,11039.746319365799,4046.6500566251416,112.32865346774403,16.150631762964153,0.09398160550340981,883,0.989609653148007,1,0.10897081016586406
fov0,2920,11021.308529945554,6543.248638838476,73.58035948150163,15.45672473763503,-0.0173206934112753,551,0.977687228074245,1,0.37123650185082674
fov0,2921,11009.51269035533,4772.3451776649745,32.54759172478147,8.012943479314897,-0.151744691865035,197,0.9692211817582468,1,0.1056348023308064
fov0,2922,11025.863636363636,6342.748251748252,90.65052676792862,20.878721796852194,-0.8875658110608038,858,0.9731147042897201,1,0.17451296537806185
fov0,2923,11009.03813559322,8289.135593220339,26.791974473490395,14.726021769009513,1.0380617222906197,236,0.8353996350561306,1,
fov0,2924,11021.750877192982,4413.378947368421,42.44412097399469,10.704598936396515,-0.3580309829720607,285,0.9676739547564813,1,0.2532768327810748
fov0,2925,11019.426136363636,6089.511363636364,45.371360573944614,10.962137655729109,-0.6602326542503771,352,0.9703736391406543,1,0.1117853202589413
fov0,2926,11026.81754385965,6208.543859649123,45.979311013025296,10.052104224182045,-0.4089869463635479,285,0.9758095488856388,1,0.1205030788678828
fov0,2927,11022.714285714286,4215.306722689075,36.62637599798585,9.407652234556796,0.014856480112441207,238,0.966450064611966,1,0.10301137496960634
fov0,2928,11022.081632653062,8177.446428571428,33.62843766582812,30.03392854818077,-1.4325404507690611,784,0.4498362934433955,1,
fov0,2929,11041.764705882353,3948.3705882352942,64.85928484590929,15.835731054898037,-0.2736254895072773,510,0.9697361717984453,1,0.25812613737475615
fov0,2930,11027.110204081633,4368.171428571429,41.76234955711735,7.936019900679108,-0.6441190956798617,245,0.9817786520132163,1,0.2375659429357093
fov0,2931,11039.229974160207,7426.8010335917315,56.46756747995303,9.220320727632437,0.15013533483659938,387,0.9865789010374756,1,0.1278619174903615
fov0,2932,11027.434163701068,12880.149466192172,26.026189525558397,15.472763015807294,0.04723399870965345,281,0.8040901175391835,1,
fov0,2933,11023.598484848484,13500.015151515152,16.739961103381415,12.60025222240067,-1.1653431229121904,132,0.6583579580696456,1,
fov0,2935,11078.538203190596,6869.7926112510495,109.48112180736773,33.37903324110006,-0.45426137561967195,1191,0.9523895196964379,1,0.07752592453361459
fov0,2936,11070.348157560356,12948.426937738246,121.62079497576667,12.59148350577601,-0.6258852641950134,787,0.9946262606976247,1,0.6274411293534239
fov0,2938,11066.61328125,7692.666015625,88.97881664427783,10.062250608807938,-0.4780850270641665,512,0.9935852135364117,1,0.5044776119990959
fov0,2939,11106.08752025932,7112.8630470016205,164.1125546407081,17.918284151608415,-0.10379796335406588,1234,0.9940216773291243,1,0.05286470392682791
fov0,2940,11081.316070068546,5484.262757044935,137.8441851420893,73.19978833542518,-1.0201030329151297,2626,0.8473512428954039,1,
fov0,2941,11042.458333333334,6599.222222222223,28.836863817794885,6.948672577266178,-1.3985068076785012,144,0.9705338260069276,1,0.6581444736736639
fov0,2942,11050.9453125,13171.723958333334,33.30634848041535,18.16026198354132,-1.1648915105802815,384,0.8382739650604397,1,
fov0,2943,11054.89121338912,4690.543933054393,34.02364698050498,11.43343837879086,-0.3875321184124429,239,0.9418463303581498,1,0.1633892279060592
fov0,2944,11083.556367432151,5983.030271398748,133.3486432099911,18.84500991064085,-0.843259998022071,958,0.9899637755065405,1,0.18135172996388893
fov0,2945,11049.252808988764,5167.640449438202,20.424352383885374,12.243860061640643,-0.9176700933633801,178,0.8003945291493993,1,
fov0,2946,11067.955056179775,4557.524344569289,51.575036030987576,7.084566690085539,-0.07838347939897543,267,0.990520600446237,1,0.07959122689983968
fov0,2947,11081.793248945147,6147.061181434599,103.5728837376045,14.13312248724245,-0.6855821677637103,948,0.9906461577980347,1,0.2136662966845269
fov0,2948,11120.634414831982,6025.756662804171,177.9089262940258,45.02660662572393,-0.5400830286369684,1726,0.9674432728580183,1,0.22555964917721172
fov0,2949,11052.590163934427,8249.991803278688,20.79941986231049,8.398313781642745,1.2201886955473602,122,0.9148577273096583,1,0.7264526967619952
fov0,2950,11058.898648648648,7072.371621621622,25.12917200564111,7.632747002342757,-0.10264321900427038,148,0.9527548032521371,1,0.1279976700611236
fov0,2951,11120.084760522497,13054.282728592163,135.72016671349843,102.32160116351157,-0.14106303004620066,3445,0.6569708592300023,0,
fov0,2952,11070.061264822134,4513.768774703557,40.1128485417565,24.098046027980324,-0.08059984859501398,506,0.7994322243457108,1,
fov0,2954,11175.715146107517,5787.296007138078,316.3502284300755,32.63655010057386,-0.6334695819091118,4483,0.994664164904564,0,0.09955438725035035
fov0,2955,11073.161764705883,4091.3198529411766,37.96246521271708,10.376801449851841,-0.2501017490754541,272,0.9619164261545569,1,0.23964496395162266
fov0,2956,11065.705128205129,12860.48076923077,23.25319844622381,9.626052442378828,-0.3632448861934834,156,0.91029197409792,1,0.3477785920590752
fov0,2958,11091.518115942028,4339.480072463768,72.11733914919263,13.157004782346183,-0.43418136055144996,552,0.9832172009147047,1,0.17110853992811625
fov0,2959,11076.464102564103,6337.820512820513,36.290251889590174,16.81877798782574,-0.6100956916670931,390,0.8861221957912548,1,0.18247024472489196
fov0,2960,11082.415217391304,5664.291304347826,54.48897070901986,14.798978506416937,-0.7387177254886265,460,0.962411394549117,1,0.1576335097774511
fov0,2961,11074.565217391304,4928.188405797101,24.4789955119019,7.496715874475938,-0.6927582139921163,138,0.9519508125534061,1,0.36892913493735985
fov0,2962,11086.205970149254,5151.961194029851,42.747370358310874,22.344281515518162,0.34582814427210823,335,0.8525133782413168,1,
fov0,2963,11078.966666666667,8111.153333333334,23.968135019750193,8.175647667685755,-0.3707841448599833,150,0.9400252470907432,1,0.4325126476485109
fov0,2964,11093.728943338438,13217.012251148546,65.75229534200791,17.3005980996074,-0.3885754907561704,653,0.9647637186860656,1,0.22612473441773231
fov0,2965,11078.401785714286,5836.607142857143,16.495712476618067,9.598171089123904,0.21593809188515056,112,0.8132900132746377,1,
fov0,2966,11187.871522584504,8251.928357762488,256.01150264884757,127.29778825655556,0.17041107155755364,6686,0.8676161070910255,0,0.4839672835673529
fov0,2968,11096.18148148148,3988.125925925926,40.24071213146924,11.659075045251136,0.26442426083833737,270,0.9571074153042468,1,0.19593927126377947
fov0,2969,11126.537826685008,7430.778541953233,104.98955640315317,16.561843793245874,0.06891906177347641,727,0.9874794757317026,1,0.11697485084370758
fov0,2970,11089.008771929824,5412.868421052632,19.738148248252376,7.806041366504304,-0.7649020220293661,114,0.918474621215935,1,0.4265637605549619
fov0,2971,11091.096385542169,4767.915662650603,20.662743067092222,11.456283554833673,-0.638975385897722,166,0.832222658668913,1,
fov0,2972,11088.529850746268,5107.611940298508,19.48106950974842,8.869117391156756,1.1341677725461936,134,0.890354192651052,1,0.7949448198316625
fov0,2973,11096.066326530612,7302.647959183673,27.81423734775193,10.567016060272893,-0.17751254267851474,196,0.9250218430802112,1,0.11721596642118591
fov0,2974,11120.894047619047,5727.078571428571,91.14377114717666,28.111704401934478,-0.30378081234208876,840,0.9512462200895667,1,0.23778455807546828
fov0,2975,11091.937931034483,4383.931034482759,22.14868247555159,9.072971589704572,-1.0811283187740375,145,0.91224756186969,1,0.3121334954863667
fov0,2976,11189.76407580335,8094.984344960176,225.2274431426462,77.62251988120698,-0.003812799368602832,3641,0.9387347126252095,1,0.1711022189426558
fov0,2977,11147.672640382318,6073.8351254480285,133.79980153568636,20.049609460215446,-0.34349290347912675,837,0.9887090719023235,1,0.30825101198955146
fov0,2978,11112.784615384615,12874.153846153846,78.99525530785814,17.436271502119332,0.9968008543459718,585,0.9753359573759001,1,0.7366258910030365
fov0,2979,11111.27963525836,3941.9908814589667,32.21934186574527,22.052276134588144,0.4808537447311635,329,0.729067158335132,1,
fov0,2980,11217.721597300337,4658.2064116985375,317.43958754869635,16.62893993533492,-0.4399959817166798,1778,0.9986269852273917,1,0.1180596377250921
fov0,2981,11115.292740046838,7674.419203747073,50.84820784883998,17.192956272473364,0.46398766412669473,427,0.9411018725936606,1,0.46406764838058084
fov0,2982,11129.92899408284,5907.36291913215,90.49034930748714,11.357511442516168,-0.5313920239547807,507,0.9920922598716423,1,0.09252136277375456
fov0,2983,11105.872204472844,13113.549520766774,28.165128118545343,15.605257304825974,-1.2818894342064182,313,0.8324746941079758,1,
fov0,2984,11133.88,5422.747826086957,63.89508717126074,20.92760738992808,0.05368135344347316,575,0.9448405112690346,1,0.367748457158856
fov0,2985,11162.623612512614,6976.123107971745,134.5734763824621,10.635652585410503,-0.1759255965676692,991,0.9968720550373842,1,0.12432194131662887
fov0,2987,11123.530562347189,3902.0244498777506,41.57031269227196,15.770108717147437,0.44046380438378396,409,0.9252492008039208,1,0.469716829298645
fov0,2988,11118.964539007093,13141.36170212766,22.139592187290667,9.050385647298961,-0.089475197655677,141,0.9126296547409274,1,0.2837732357608144
fov0,2990,11131.225593667546,5132.436675461741,51.84356945302581,32.81239804272399,0.21599926266684527,758,0.7742240429799085,1,
fov0,2991,11120.483739837398,6325.528455284553,30.13597647449718,12.33545540173038,-0.8715043040781728,246,0.9123879504851552,1,0.15609514242134806
fov0,2992,11145.332673267327,4777.477227722772,74.73244815190682,12.295333312237926,-0.22267915039839772,505,0.9863729641529054,1,0.2824889785849228
fov0,2993,11126.988188976378,3864.8267716535433,33.142823998315755,10.723437708797647,-0.8325272688901959,254,0.9462102800225781,1,0.4434807567895836
fov0,2994,11239.07333085594,4368.418927288492,260.6859170413614,141.7646225753391,-0.23229338926623086,8073,0.8392058467422464,1,
fov0,2997,11147.607954545454,5582.967803030303,65.73384482145835,12.972387372908841,-0.38007634689062164,528,0.9803336675600928,1,0.39750084793208873
fov0,2998,11148.469135802468,12803.474074074074,63.7802556367953,10.431843808177966,-0.47105887078181585,405,0.9865335308443175,1,0.3708881449835444
fov0,3000,11139.35,8134.91875,26.482990840918916,8.537304675353038,0.19463495810150724,160,0.9466139651247365,1,0.2214868330799062
fov0,3001,11149.13961038961,4585.262987012987,50.19611787472717,12.373888508068973,-0.29108888365653224,308,0.9691400274152022,1,0.10420430063570156
fov0,3002,11162.658433309809,5475.704304869442,106.07939091195021,57.38487163305664,-0.9551090642588224,1417,0.8410473247198054,1,
fov0,3003,11263.270224481152,7610.279542566709,315.93803990385,103.0114257332026,0.12254153995928717,2361,0.9453527134758077,1,0.18045113702961052
fov0,3005,11135.813253012047,12985.283132530121,25.678008432573634,8.770390492472053,1.2639951450127964,166,0.9398626616567739,1,0.9421410177273538
fov0,3006,11153.550724637682,4308.547826086957,48.15484222952776,10.801573236526798,-0.4280969878213387,345,0.9745180301979453,1,0.2362755130692559
fov0,3007,11147.634328358208,6265.701492537313,35.627290572290285,10.920183614959699,-1.1991265789071248,268,0.9518668707577778,1,0.18837135811964756
fov0,3008,11143.81347150259,6141.010362694301,32.057558974048845,7.836615306431727,-1.3667693586977447,193,0.9696607581504001,1,0.3877753821645154
fov0,3009,11210.67680608365,5515.0899873257285,139.91281236351855,71.28684955507045,-0.4854161216729402,2367,0.8604652743205615,1,
fov0,3010,11282.475214805023,12800.50727032386,317.5833366201849,39.423698900970244,-0.34645068428377296,3026,0.9922651448147966,1,0.13651732651409176
fov0,3011,11191.002173913044,5940.179347826087,124.25170752553295,16.58517459386208,-0.5478447943306273,920,0.9910514456044732,1,0.13721977052383558
fov0,3012,11207.766596417281,6722.370389884089,139.36037561629732,51.81687868561403,-0.5435100735423739,1898,0.9283051226853468,0,0.054368649569301895
fov0,3013,11178.478431372549,12886.643137254901,70.28410324847002,10.304280777351249,-0.433037047102627,510,0.989194524150026,1,0.39393738860360644
fov0,3014,11160.890410958904,13140.260273972603,23.771829377663977,8.174935517262695,0.1674427764343217,146,0.9390093068786253,1,0.516957838729261
fov0,3015,11171.248210023867,4506.692124105012,45.13792782964904,14.242637684839243,-0.6116047732457561,419,0.9489136324179448,1,0.21426373625631
fov0,3016,11203.504564315353,5878.004979253112,151.97033721603864,15.196530808960784,-0.7297739300045536,1205,0.9949877696963776,1,0.0983158468831411
fov0,3017,11170.992831541218,4463.408602150537,42.31845177736338,9.708096353990417,0.08394478915267663,279,0.9733308789201107,1,0.37095783725645476
fov0,3018,11169.916317991632,4113.384937238494,33.7672188209111,10.683112069370532,0.2325102709657058,239,0.9486341262252929,1,0.12691157900651076
fov0,3019,11186.260029717681,3977.372956909361,44.89773632080676,34.675318368252455,-0.38334096117919675,673,0.6352364160603513,1,
fov0,3020,11176.992647058823,12931.591911764706,41.329127927734525,10.087970822776478,-0.25425933097884285,272,0.969752923958166,1,0.5342577426113062
fov0,3021,11188.689903846154,7325.350961538462,62.71697278708929,10.427168002847022,-0.21971757612980367,416,0.9860823692388494,1,0.10034794215327299
fov0,3022,11170.706896551725,5985.137931034483,16.13615008380988,10.386372866833057,-0.8919163602988461,116,0.7653022693559756,1,
fov0,3023,11176.2375,6148.966666666666,41.68343156632264,8.109947908459056,-0.9069922703183433,240,0.980890526364209,1,0.20360675872787481
fov0,3024,11178.677835051547,4073.1958762886597,32.203465133967,22.026283261927254,0.0019788671343781558,388,0.729507830134919,1,
fov0,3025,11178.586538461539,4884.485576923077,32.32521473524382,8.532496427128205,0.407781650093844,208,0.964534196782188,1,0.6188681876013968
fov0,3026,11225.150167384027,5602.147776183644,191.41815785814538,41.58643670890541,-0.6474555897774873,2091,0.9761150170035783,1,0.46961082220780304
fov0,3027,11187.857142857143,3837.1003401360545,82.2785127558275,20.08054046945778,-0.72946041642934,588,0.9697612142503179,1,0.44035428442907454
fov0,3028,11216.550151975684,13109.9726443769,135.9635999336402,18.647784858331114,-0.9359948688351151,987,0.9905499061914625,1,0.3871663775774149
fov0,3029,11197.01168224299,5003.8317757009345,39.01700692251396,22.07428982643147,-0.44336853254630193,428,0.8245694698882022,1,
fov0,3030,11187.165714285715,5564.925714285714,30.340156301672394,9.779210418352564,1.143095679046631,175,0.9466310942930357,1,0.7796429947307413
fov0,3031,11189.51798561151,12813.388489208633,16.6419473938424,13.129943394931736,0.1303057874620845,139,0.6144358746648387,1,
fov0,3032,11261.827457762405,6328.297193029134,213.3939361634645,192.7829068636305,-1.2735683388849783,7517,0.4287709425763515,0,
fov0,3033,11337.214033850494,4680.430535966149,324.2947026241393,26.967467098890054,-0.1330775571500846,2836,0.9965364348110388,1,0.16833082463323426
fov0,3034,11236.594161958568,5815.619585687382,146.68783682826734,16.878064359978957,-0.45972213227586395,1062,0.9933584159233229,1,0.08243898881229206
fov0,3036,11196.140939597315,8189.973154362416,22.766782014511822,9.169653057977635,-0.4574659578051283,149,0.9153036135939752,1,0.3341308723987607
fov0,3037,11223.792537313433,7418.602985074627,75.25638153444622,13.428001660138397,-0.2680976740010359,670,0.9839525948974577,1,0.11482081709568166
fov0,3038,11199.920212765957,5707.260638297872,19.672343199586418,13.642141040817902,-0.7935378229863232,188,0.7204874005973059,1,
fov0,3039,11212.788265306122,12768.198979591836,63.16295367298552,12.427285735141512,-0.6533952917964505,392,0.9804537703226304,1,0.10909033661491407
fov0,3043,11209.741758241758,4786.0,33.48791611942659,8.293922858560677,-1.143497599479604,182,0.9688446753162908,1,0.49620032844818573
fov0,3044,11245.093290441177,12961.483455882353,131.95761392108466,54.94121536956473,-1.0695455725443532,2176,0.9092021199288325,1,0.2367575007190769
fov0,3045,11215.594059405941,5550.544554455446,17.930155090226567,7.593612761535481,-0.2909558265799407,101,0.9058910951140766,1,0.3701711003251954
fov0,3046,11227.635265700483,4513.224637681159,45.48711565265407,14.217969955558056,-0.3593318076585821,414,0.9498942783536886,1,0.15991192724354888
fov0,3048,11223.400921658986,4470.165898617512,29.189448692213674,11.91234690409663,-0.3211191446954839,217,0.9129351970482764,1,0.17085670885502618
fov0,3049,11222.213675213676,4906.794871794872,18.156030612518546,8.626985744031487,-0.2700707314381103,117,0.8799004157016038,1,0.47976951013582214
fov0,3050,11231.147679324895,4279.7594936708865,26.142252707208403,15.114756467764435,-0.6755604709753444,237,0.8159138805171672,1,
fov0,3051,11285.239614243323,7655.679525222552,141.7407043662705,41.52531838465497,0.7125882852749443,1348,0.9561226193359087,1,0.3039959861288792
fov0,3052,11264.787621359223,4739.709951456311,90.59054399977363,14.28503802368524,-0.3279481290042671,824,0.987488991058769,1,0.21227687853801674
fov0,3053,11273.26923076923,5631.032051282052,95.37394004274611,23.33105066122672,-0.32075561123124713,780,0.96961723398595,1,0.10275603874307453
fov0,3054,11241.449152542373,5993.5847457627115,31.39450544737479,11.914594594116942,-0.030313058400317425,236,0.9251867748141261,1,0.26398764726297574
fov0,3055,11254.831804281346,7444.792048929664,60.18792668109349,7.703993476101273,-0.055348310195362474,327,0.9917742989433359,1,0.1259682800044291
fov0,3056,11242.367647058823,6434.970588235294,24.368985952081065,7.559928813638098,-0.8084520333010968,136,0.9506623575153046,1,0.06114139606447113
fov0,3057,11268.767004341535,12832.96960926194,98.15201914025045,16.580844296536302,-0.5334290208283011,691,0.9856280097017365,1,0.10476703108779471
fov0,3058,11255.532258064517,5675.758064516129,50.06191772265162,8.945692466295247,-0.3497134430710785,310,0.983904958499164,1,0.211688067175131
fov0,3059,11257.01592356688,3948.1305732484075,43.372611783904325,10.280998773494874,-0.4581912250387302,314,0.9715001449406419,1,0.5036339140912468
fov0,3060,11248.775,4572.05,20.423895477483722,7.555207488314711,-0.05963228727590699,120,0.9290636097411983,1,0.13998110221847415
fov0,3061,11259.354362416107,5009.405369127517,56.90933117949683,32.134403315150266,0.39351514921904895,745,0.8253238600179761,1,
fov0,3062,11278.118307149727,4865.57871112536,165.35836094747634,81.79964147198997,-1.2847115864473195,3119,0.8690746202449819,1,0.79709935578414
fov0,3064,11285.042328042327,4479.955908289242,70.54045113574043,12.797120254450025,0.1448780021442944,567,0.9834065653258937,1,0.2691617112308475
fov0,3065,11279.785163776492,13006.439306358381,102.16921448599524,36.504692042872136,-1.2841669644487839,1038,0.9339910523826503,1,0.7343462811180649
fov0,3066,11271.127118644068,13209.084745762711,85.60847965877777,41.27503257335105,-1.4706013977320138,944,0.8760957262568347,1,0.43947533283185913
fov0,3067,11272.391003460207,13541.234429065744,107.67872487583581,25.670010849079063,1.5373379326898433,1156,0.9711684118585411,1,0.9719326431919871
fov0,3068,11289.145328719724,4290.250865051903,69.19970040703461,17.944393020611578,0.22002753673951328,578,0.9657932929842892,1,0.32208706007821186
fov0,3069,11260.634615384615,5608.7692307692305,14.395485404666935,9.857304381430215,-1.4911077102314423,104,0.7287783214145246,1,
fov0,3070,11281.853368560105,6573.7661822985465,80.32802190765418,33.41524394077802,-0.6800958044983008,757,0.9093715221223949,1,0.07348244377008765
fov0,3071,11274.952380952382,3988.2337662337663,27.847395211087374,14.390707829224432,-0.8423635013364664,231,0.8561240669447192,1,
fov0,3072,11298.469879518072,4553.295180722892,88.72945713563504,14.174051278183748,-0.26061171815501444,498,0.9871583784113327,1,0.1158069643820688
fov0,3073,11318.778597785978,13941.013705851345,122.15150012242236,35.616524748752404,-0.028088607399351283,1897,0.9565474684093346,1,0.42914054290236137
fov0,3076,11282.503546099291,12897.737588652482,28.8992904143792,12.856490212779436,-0.7457213904908228,282,0.895594074892001,1,0.279104484425131
fov0,3079,11293.115789473684,3889.7,42.14169877691747,21.218204039086494,-0.8596660117084135,570,0.8639971795762984,1,
fov0,3080,11317.743338008415,5529.60402057036,116.18866520409998,59.21098124175544,1.5342498695835212,2139,0.8604051284229739,1,
fov0,3081,11297.381215469613,13739.886187845304,49.67785330057568,32.1528889937959,0.7406476595257556,905,0.7622966228487202,1,
fov0,3082,11376.994940978078,6636.034288926363,266.18164085086255,20.41746878307355,-0.48376184990977256,1779,0.9970538297928209,1,0.10627390571400318
fov0,3083,11321.051406926406,4058.5546536796537,96.1335877961556,91.73989639331243,-0.812789358750898,1848,0.2988631496671496,1,
fov0,3084,11292.941747572815,7402.52427184466,17.062972563134434,8.029979340858455,-0.4911624958678276,103,0.8823421512462356,1,0.1689806743574404
fov0,3085,11356.168275862068,7494.61448275862,169.08790784174107,14.70046084890486,-0.11235221451141385,1450,0.9962135712010299,1,0.1231616108350426
fov0,3086,11315.05580357143,4516.165178571428,56.563913174612345,14.454418547042277,-0.25616795693933864,448,0.9667981279092024,1,0.13807210000628953
fov0,3087,11298.298850574713,8219.3908045977,27.536377680277273,9.076398679108216,-1.329835536339534,174,0.9441154899210593,1,0.505592950014871
fov0,3088,11302.862068965518,4425.681034482759,22.27275653505095,13.95284013953282,-0.5555204407427001,232,0.7794590163029452,1,
fov0,3089,11298.478260869566,4961.51304347826,19.547123458686436,7.654758853870457,0.9261759471680772,115,0.9201332624073036,1,0.8189990303233922
fov0,3090,11308.975609756097,3942.2195121951218,34.40143175081763,9.805674356789414,0.3286742096869366,246,0.9585165711099873,1,0.2850114750870779
fov0,3091,11308.799126637554,5661.628820960698,43.77702891186978,22.174110763961192,-1.1842271825429285,458,0.8622259296675848,1,
fov0,3092,11305.337142857143,13890.011428571428,23.55112160728622,19.985235816238273,0.029065675711885175,350,0.529051761453836,1,
fov0,3093,11314.795128939828,8054.679083094556,59.46792787397037,52.135785984296284,-0.78333097637546,698,0.48102976220772536,1,
fov0,3094,11306.83238095238,13118.798095238095,49.02187515749717,18.677556372604858,-1.35835790153564,525,0.9245731718817545,1,0.6721518686518448
fov0,3095,11323.37912087912,7963.058379120879,113.64202157383319,47.05881729075013,-0.9533503297001996,1456,0.9102327701465652,1,0.42167073164742624
fov0,3096,11324.786155747837,3856.690976514215,95.55110968167264,32.78891181393446,0.5549296724150024,809,0.9392785197428916,1,0.43494058105284966
fov0,3097,11333.330125634857,13423.455493183641,197.2560782925274,60.198513729270964,-1.3677404811665548,3741,0.9522948416341842,0,1.0114918604256562
fov0,3098,11311.515625,12923.8828125,19.995659502573936,9.00416393923526,0.10618186317535004,128,0.8928743328810583,1,0.6212384502118949
fov0,3099,11347.66452991453,12888.041132478633,97.5304573022396,64.49905026135355,1.461736922738595,1872,0.7501020154710946,1,
fov0,3100,11332.51509054326,4442.830985915493,58.47288414288784,13.831784668127112,-0.5810350051933013,497,0.9716192175597398,1,0.21519390584651246
fov0,3101,11315.130434782608,5819.195652173913,20.698946189032238,8.747800354179256,-0.5224054123885679,138,0.9063067125355654,1,0.2949083334546203
fov0,3102,11316.414285714285,12947.228571428572,22.84111724166455,7.997403653270896,-1.3545889515522682,140,0.9367004091088609,1,0.7714301717139871
fov0,3103,11320.780415430267,4995.919881305638,49.26044999183909,10.541414586206693,-1.4969800166979939,337,0.9768350910753856,1,0.8026001722383052
fov0,3104,11327.092391304348,5695.163043478261,31.415344194892654,8.123576842944848,-0.5666852694639413,184,0.9659881667086835,1,0.18650469641843104
fov0,3105,11320.423076923076,4790.721153846154,15.903008617100998,9.384202248228354,-0.7879781893175091,104,0.8073376596307316,1,
fov0,3106,11357.282012195123,6194.356707317073,91.79071849809257,20.967095087924168,-0.3347801571695397,656,0.9735620235592335,1,0.39365682101905375
fov0,3107,11335.859296482413,3797.4095477386936,50.77565014950544,13.525288356464067,0.7066434779990584,398,0.9638698828337703,1,0.5361059944998252
fov0,3108,11334.539249146757,4178.508532423209,47.46326037175917,8.97882205320017,-0.6148869008540913,293,0.9819435523725122,1,0.371290336315072
fov0,3109,11345.808777429467,7031.257053291536,55.165082499051216,8.399819840415983,-0.3324948613489175,319,0.9883394004681941,1,0.10500679004239591
fov0,3110,11345.213852813853,13878.642424242424,67.78583503669336,52.76490412988403,1.2085403730357098,1155,0.6277611174364343,1,
fov0,3111,11337.01304347826,6918.926086956521,36.86407555916206,8.397322087103321,-0.6749748924984695,230,0.9737099386608107,1,0.1666780111617601
fov0,3112,11338.68168168168,12811.45945945946,37.79136723164925,13.861277406405533,-0.24847773003753443,333,0.9303060415992885,1,0.4482789096740555
fov0,3113,11334.338983050848,5865.152542372882,20.55511369502068,7.471199028104608,-0.5008760714074783,118,0.9316052987129004,1,0.2668046375129561
fov0,3114,11352.0385344283,13252.591914087176,100.3015838781232,38.326513737144985,-1.1410173705326883,1583,0.924115711712155,0,0.11502920329930982
fov0,3115,11339.1,8099.7,23.15896666674634,7.285440792698568,-0.30141125403109487,130,0.9492296326271393,1,0.39673568219221456
fov0,3117,11448.037464876677,8193.29004058695,326.4361348259266,31.2221195991596,-0.4588625253303153,3203,0.9954154683256702,1,0.30444825957837246
fov0,3118,11343.6484375,13145.3046875,15.941221001490726,12.426366418089843,-1.357136464163568,128,0.6263878127349872,1,
fov0,3119,11352.181818181818,4937.525974025974,28.742019742516895,7.682377155729025,-0.10835066344091382,154,0.9636168811503775,1,0.4511069630694697
fov0,3120,11343.823529411764,13706.064171122995,34.49360694797177,7.3681764703687405,-1.416697400159882,187,0.9769190365322594,1,1.0084732994472643
fov0,3121,11350.064285714287,4700.128571428571,24.55493248999905,7.592032921489258,-0.4355489697195643,140,0.9510016981233037,1,0.11263436486737269
fov0,3122,11571.324381625442,7361.8358068315665,505.5919806179587,68.43577236878902,-0.11236454733729516,4245,0.9907967957739772,1,0.2607029149759511
fov0,3123,11394.639359267734,13736.59771167048,142.09899960603377,52.61366741733826,-0.9608200323087859,2185,0.9289279056426454,1,0.1544039255788036
fov0,3124,11461.659702878365,6891.273444753946,282.6570548958648,25.488605443877354,-0.5164585884672691,2154,0.995925933919695,1,0.10400542538546419
fov0,3125,11353.271002710027,13005.764227642276,54.98404915940594,9.491766690023235,1.2934559538355235,369,0.9849871560681612,1,0.9241174305783063
fov0,3126,11382.8606271777,4020.602787456446,88.31121572640669,13.293570724919443,0.04950665175349476,574,0.9886052977341964,1,0.328894072526077
fov0,3127,11606.566160520608,7400.305314533623,551.151782711276,85.78637437304042,-0.163251192267341,5532,0.9878123828787575,1,0.23934198651397395
fov0,3128,11353.264957264957,4741.1623931623935,19.132569545176025,7.947882177354076,-0.2485116694942569,117,0.9096337724045516,1,0.4145257332637443
fov0,3129,11362.358056265984,4989.97442455243,50.91645698163701,21.190887125482543,-0.6097974697165833,391,0.909277969110759,1,0.4728677590726123
fov0,3131,11371.91935483871,4269.141935483871,53.55026456607531,8.26774932803391,0.41566551072412306,310,0.9880096219142027,1,0.3807629871599038
fov0,3132,11362.236994219653,4631.306358381503,29.99654262478657,7.959661803009072,-0.6903707787650933,173,0.9641514279269325,1,0.21729044673048584
fov0,3133,11835.66694843618,6096.351298568805,1312.0777177894809,226.98373244451813,-0.6145743768292802,34307,0.9849225890652433,-3,0.27420979726172207
fov0,3134,11358.867469879518,13551.05421686747,20.883280466462708,12.027841513303448,-0.8583199414791897,166,0.8174810040202838,1,
fov0,3135,11402.680513595165,6580.614048338369,151.87338724735764,34.85617922727996,-0.5673274242617526,1324,0.9733067408819802,1,0.06894630386574728
fov0,3136,11399.058588548602,7533.982689747004,95.70145437233543,17.158154747357436,0.08958532008227886,751,0.9837965702697422,1,0.22082194317246934
fov0,3137,11369.622685185184,3768.891203703704,45.16369033740616,25.792543630501104,0.86976615619114,432,0.8208872733890473,1,
fov0,3138,11359.315384615385,5721.815384615385,20.430045789119458,8.905458637909879,-1.111568868431445,130,0.8999950657515664,1,0.353485780802623
fov0,3139,11504.403458213257,6818.258405379443,381.6781934971817,35.43520937980754,-0.4446821215991218,3123,0.995680990194655,1,0.1194340146466718
fov0,3140,11363.927083333334,5822.21875,59.784361640435364,13.482559430656908,-1.5422232972045524,480,0.9742385763171958,1,0.5107926997699201
fov0,3141,11413.262277951933,13811.288401253918,139.2668972863078,25.929431305340643,-0.6464293886563135,957,0.9825146724161109,1,0.15755468199586842
fov0,3142,11415.18439386902,5639.925220622387,133.88409384379057,50.08348576023031,-0.4763723905436141,2153,0.92739606481537,1,0.17576329185190617
fov0,3144,11372.384955752212,6152.33628318584,26.040241323029157,14.043853446305837,0.37095604600253634,226,0.8421050758432024,1,
fov0,3145,11409.160412757974,4080.640712945591,112.23290426716517,33.49587304206277,-0.5430187048498701,1066,0.9544253745256982,1,0.43328929065518795
fov0,3146,11427.114106583072,4333.4532915360505,190.4183298200751,19.63208966166403,-0.4901973952453699,1595,0.9946710177087362,1,0.5507290759246883
fov0,3147,11372.07100591716,8080.100591715976,22.89809421128898,11.814259383801307,-0.9657323768535399,169,0.8566190243640938,1,
fov0,3148,11395.138413685847,7835.485225505443,158.70361452911595,50.1556564982032,-1.511329990865698,1929,0.9487480360427055,1,0.8851801380547129
fov0,3149,11380.77049180328,4818.245901639344,39.20707472108248,10.35429472250844,1.3700144282368938,305,0.9644973545013285,1,0.9193330805595749
fov0,3150,11386.815068493152,5705.828767123287,29.08076496936548,6.926594728919191,-0.17670101092570986,146,0.971219864372261,1,0.2734019528146764
fov0,3151,11857.837366124553,4607.417532725109,1052.6232185081851,115.35979829902261,0.12548186879723514,12605,0.993976581590424,1,0.3242075460204632
fov0,3152,11389.746835443038,12925.759493670887,16.81479460426519,14.75093875091013,0.14889649029673035,158,0.4800163782155168,1,
fov0,3153,11387.763736263736,8138.571428571428,34.70614210320436,7.81117361959434,-1.1864387889036325,182,0.9743435134194202,1,0.49863567413304993
fov0,3154,11470.234169653524,4721.52608522501,160.7415799362517,58.68349378142757,-0.045038397715261795,2511,0.9309762539344028,1,0.2274901782122341
fov0,3155,11399.624277456647,13794.395953757225,57.03905769737322,9.505618483754763,-0.9807930555412766,346,0.986015937858359,1,0.27699102157837596
fov0,3156,11416.602926829268,12863.323414634146,139.10343736950531,43.16462443952642,1.4477582494148868,2050,0.9506367427615376,1,0.5449755320420252
fov0,3157,11396.959183673469,4783.663265306122,32.94489522395666,9.457591674514772,-0.5337670315830936,196,0.9579086918183767,1,0.4838439506980141
fov0,3158,11407.021778584392,7248.696914700545,59.09832972512404,14.784381630653199,-0.6632673238501331,551,0.9682030089890196,1,0.1657234586133623
fov0,3159,11398.90404040404,7950.732323232323,31.787828061095272,8.216627586473752,0.4798988476505953,198,0.9660156852269256,1,0.6152680203691708
fov0,3161,11397.318181818182,13580.811188811189,36.6377833055852,10.379516046216306,-1.0391138864261529,286,0.9590310811279038,1,1.0660090102144673
fov0,3162,11393.955284552845,13623.162601626016,33.019968806774244,10.29755543659657,1.3686277518499779,246,0.9501285825112985,1,0.9207754523301163
fov0,3163,11426.566878980891,4445.243312101911,66.67163127251351,27.397422420261424,-0.37882193436412087,785,0.9116665680532758,1,0.08435547692458527
fov0,3164,11407.172932330826,13032.954887218046,174.03248793327296,23.049834568686773,1.353825226927381,2128,0.9911902779856547,1,0.9162691269511258
fov0,3165,11393.954128440368,3981.6422018348626,17.524042486231444,8.197129240561924,1.0712517360895117,109,0.8838530107639987,1,0.6994263688363309
fov0,3166,11407.751213592233,4903.39927184466,41.22279345270253,30.128116499872576,1.1615469748245053,824,0.6825267393422683,1,
fov0,3167,11610.546386511904,5777.801745318987,431.6712666809961,116.30519495816505,-0.35650794260619023,11803,0.9630199728661072,0,0.2160603744134991
fov0,3169,11414.084415584415,7100.902597402597,42.31242109060559,17.099888781927643,-0.36030953327779286,308,0.9146997839845444,1,0.11617709933895873
fov0,3170,11402.404332129963,13894.119133574008,25.06658898381165,20.67978735746501,-0.14578244059762044,277,0.5651413792096948,1,
fov0,3171,11403.921686746988,6158.656626506024,32.315729035289344,7.19257534905953,-0.9178135459918508,166,0.9749162630106666,1,0.26699227130091424
fov0,3173,11409.813829787234,4847.909574468085,32.19651225781519,8.483856209174139,-0.3911802635193381,188,0.9646587576054281,1,0.45081669206726693
fov0,3174,11470.439153439154,12883.352733686066,322.70952813782856,41.79359375396369,1.2812269778124867,3969,0.9915783252228465,1,0.8985116788467246
fov0,3175,11423.246987951807,8145.237951807229,54.57549318464767,10.911243954061323,-0.7520231854680385,332,0.9798103118088991,1,0.33315774170883283
fov0,3177,11420.17277486911,4813.397905759162,34.404977528372385,8.471000122981065,-0.6737457558642269,191,0.9692153941936205,1,0.532219870233567
fov0,3178,11417.049438202248,13533.056179775282,68.76057637965862,14.685972924943748,1.4456792482401317,445,0.9769252942625978,1,1.3267800407851609
fov0,3179,11421.248730964468,4512.842639593909,32.49008931563464,7.9275210168388455,-0.42175229515925833,197,0.9697757023417988,1,0.0696720755947018
fov0,3180,11444.151368760064,13834.88727858293,101.95771900962225,9.519647301967572,-0.822361564643923,621,0.9956316128613326,1,0.23562771985379652
fov0,3181,11425.460122699387,6413.78527607362,31.113900302065343,7.238028518839787,-0.8044300419593157,163,0.9725652959130833,1,0.11691257642029436
fov0,3182,11421.948387096774,13919.6,16.953589344499076,12.699465023223162,-0.7162833066404996,155,0.6624881986908827,1,
fov0,3183,11437.937209302325,4988.9139534883725,40.24787814581544,18.397706247976938,-0.18564352059334813,430,0.8894101855382291,1,0.3092810745700567
fov0,3184,11455.466666666667,3794.3012345679012,94.32899904495754,87.25847746837277,0.15161073918815499,1620,0.3798598974095012,0,
fov0,3186,11433.39953271028,12973.974299065421,58.75427939362158,10.040384179838219,1.230509714630753,428,0.9852905109800012,1,0.5866919732648929
fov0,3187,11453.698898408813,5701.258261933905,87.8029843659499,17.37372810570755,-0.45973718560834737,817,0.9802279224056962,1,0.19462278003043051
fov0,3188,11462.972826086956,8095.317934782609,90.42047693353258,15.742063517147656,0.38736002129535785,736,0.9847282543752638,1,0.542173209240754
fov0,3190,11473.99371534196,4874.999260628466,100.68137390210862,50.01905416774297,-0.16804341899951847,2705,0.867861945074867,1,0.3244922230078246
fov0,3191,11447.923186344238,13207.687055476528,92.153884619454,14.3429909929463,-1.3768325991896155,703,0.9878135697713778,1,0.09519683505352033
fov0,3192,11445.05421686747,3870.909638554217,27.917240390922984,8.084904269834274,-0.8329285259139564,166,0.957146988483632,1,0.5897465817427695
fov0,3193,11464.720930232557,4349.081395348837,58.18157963215314,21.892296351305482,-0.2158304464830147,688,0.9265078702682549,1,0.46119523523859357
fov0,3194,11449.02380952381,4387.008928571428,26.616856099954685,16.887844510652712,-0.5377345581405559,336,0.7729398452172901,1,
fov0,3195,11444.865384615385,13265.201923076924,16.54797677390111,8.439322069818267,-1.2088005713624586,104,0.8601796349838289,1,
fov0,3196,11739.063689379987,4503.689533456108,603.9427074247659,40.935461011002374,-0.17273839067770064,6516,0.9977002662390418,1,0.11102139864539477
fov0,3198,11454.408759124088,5663.656934306569,22.72031375347921,8.439839659550465,-0.4493626723767874,137,0.9284462833355657,1,0.1961959784695223
fov0,3199,11451.078125,13542.66875,49.911226376990925,8.418206477318364,-1.36007575071628,320,0.9856736754050297,1,0.9781635568156725
fov0,3200,11448.856540084389,13639.464135021097,40.94739060620628,8.150958415188365,1.4322359715731,237,0.9799874488497996,1,0.9090843796042726
fov0,3201,11463.589371980675,6747.106280193237,50.21603303176508,13.872885792199328,-0.8465375538963316,414,0.9610817666687707,1,0.17637731029100262
fov0,3203,11527.422209695604,3981.778748590755,195.5392759408767,93.3669024630377,-0.3387802216050522,3548,0.8786403693856157,1,0.484222881470504
fov0,3204,11465.265168539327,13461.350561797753,70.2104991410946,10.773098535008817,-1.245336940549445,445,0.9881579673214578,1,0.933828839253088
fov0,3205,11472.022123893805,4818.716814159292,21.06738644988429,13.941976687583418,-0.04221880432349029,226,0.7496980231261704,1,
fov0,3207,11476.823529411764,4469.158823529412,26.329361168745102,8.686936855627925,-0.26997944111327615,170,0.94400419562351,1,0.08460638923172412
fov0,3208,11510.200621118012,4423.580745341615,105.19756783054899,42.524415442403615,-0.13535999983315605,1610,0.9146556800533416,1,0.15562297527257793
fov0,3209,11478.95588235294,13066.441176470587,41.522383595725614,12.180716777819695,-1.1116214427785864,340,0.95600418592351,1,0.8553250511953352
fov0,3210,11528.09956879655,5023.049392395139,111.89080548301044,105.8802488593452,-0.7328679540754964,2551,0.3233426721359723,1,
fov0,3211,11512.469325153374,3297.8680981595094,97.79913863994767,25.660682754722895,0.48225430095378247,652,0.9649642267302169,1,0.3162297663123477
fov0,3212,11496.398753894082,13818.719626168224,71.36135512043275,13.105064206590765,-1.0408694677613632,642,0.9829928721713019,1,0.29856873244169213
fov0,3213,11484.503759398496,13699.582706766918,32.071883125452544,12.716946580643512,-1.233555403601566,266,0.9180287298397202,1,0.9874630022413099
fov0,3214,11866.537456710614,5599.894100492132,806.9585528383573,87.217903372618,-0.14865971077513052,16459,0.99414195428657,0,0.2151851068742116
fov0,3215,11484.25641025641,5722.179487179487,21.292216709947414,7.491118257262328,-1.184688623541512,117,0.9360660737294528,1,0.4186700418510293
fov0,3216,11509.282857142856,6060.38380952381,63.88976639699918,44.21565868150527,-0.3022049685306395,1050,0.7218383748722297,1,
fov0,3217,11491.248351648352,7887.2967032967035,36.85155027872263,19.30731093288127,-1.4057610796289701,455,0.8517666965890217,1,
fov0,3218,11496.306595365419,13227.93404634581,89.65557571634734,10.854623434569023,-1.1563836426470806,561,0.9926439408464082,1,0.139767233529345
fov0,3219,11489.65811965812,13537.880341880342,22.1573816738469,7.289668566353231,-1.176819228677023,117,0.9443316508175317,1,0.9103260911546113
fov0,3220,11495.084615384616,13767.476923076923,25.70389209125641,6.770007997345582,0.06337450565891473,130,0.9646909245635661,1,0.5117208648881475
fov0,3221,11500.623762376237,3878.3366336633662,37.76474733779108,14.538101251655064,-0.9131112113582479,303,0.9229312242761883,1,0.6117671307768465
fov0,3222,11519.99017681729,3699.9390962671905,75.59469527991351,15.646073659774837,-0.14310893388344653,509,0.9783466191565106,1,0.3555531214931539
fov0,3224,11492.568965517241,13170.603448275862,20.46695502216103,7.494449435073161,-1.4483387973965132,116,0.9305467331925915,1,0.09114260138546942
fov0,3225,11518.667638483965,3264.0,56.05945256362267,9.891043529377246,0.5118482565960224,343,0.9843116729543864,1,0.30372441851974336
fov0,3226,11528.573938506588,12748.966325036603,98.66134414062236,39.33816151933998,-1.1766035777252979,1366,0.917073108281231,1,0.9035649021140161
fov0,3227,11522.176764076978,13501.68496079829,185.95905959836165,24.914275577831408,1.3417759322502714,1403,0.9909844134894245,1,1.1276987911526746
fov0,3228,11508.314285714287,13295.555102040817,38.78384404490539,9.151600959260216,-1.2620455016391732,245,0.9717617348036562,1,0.09723208754075875
fov0,3229,11515.429563492064,4914.0,55.23827380746429,26.180443669027174,-1.3311425183614003,1008,0.8805491869567968,1,0.7664058397135368
fov0,3230,11508.365853658537,8070.756097560976,19.054450464220114,8.805784337134664,-0.06948238487697031,123,0.8868080579262132,1,0.3588343082542855
fov0,3231,11509.957264957266,5881.290598290599,19.825716873908775,7.692035467704702,-0.48538689383136263,117,0.9216666493599883,1,0.3524571319674866
fov0,3233,11519.9921875,4967.578125,21.32219841888141,7.961797647098992,-0.005566267215500457,128,0.9276687616241351,1,0.4058316444320349
fov0,3234,11554.023320895523,4356.5307835820895,103.39778320242682,27.763821581602052,0.40983174360964064,1072,0.9632755951823188,1,0.410853219296365
fov0,3235,11536.489082969432,7503.257641921397,54.135940076646875,19.478579379911764,-0.5021914236633928,458,0.9330261181697864,1,0.32959506206418276
fov0,3236,11531.8,7968.506666666667,38.14708136260843,8.212695129633751,0.30926220409156163,225,0.976550102768566,1,0.40117865700470967
fov0,3237,11518.803191489362,13242.313829787234,32.18930747829794,7.53670064646094,-1.5657222431039897,188,0.9722036672088211,1,0.13902244064245733
fov0,3238,11520.868217054263,13631.62015503876,25.42831292362867,6.918726934490536,1.3623019623726307,129,0.962272505232877,1,1.1347313301417974
fov0,3239,11546.673443456162,8092.430749682338,68.62656853463034,19.52748569410953,-0.46086568580103454,787,0.9586620845608615,1,0.322696255587721
fov0,3240,11568.098360655738,4470.806352459016,103.42736964895573,14.1817763744318,-0.021931510163660833,976,0.9905546905346305,1,0.1080700063916414
fov0,3241,11536.746246246246,12805.12012012012,64.27691992045946,16.72090969230994,-0.9944194161184371,666,0.9655712789699121,1,0.845086019417221
fov0,3242,11526.441314553991,13096.25352112676,33.581685575423634,8.846848875580548,-1.2786869229475704,213,0.964675054192034,1,0.6615214917511955
fov0,3243,11541.397913561848,12892.912071535022,81.85094807529052,33.059591940685785,-1.4951556285597647,1342,0.9148031750523707,0,1.2259952790402107
fov0,3244,11601.156798959011,8034.338321405335,162.05729412092077,21.238548432647463,-0.34257187595248717,1537,0.9913749931863559,1,0.2878495931257859
fov0,3245,11608.351687388988,7598.439431616341,174.90098589819078,62.639568037761414,0.5566198393057343,2815,0.9336667361351089,1,0.5087635196024342
fov0,3246,11537.335616438357,4282.027397260274,41.44055621591874,15.385112703408724,1.495896993455884,292,0.9285299946913984,1,0.6856689554116814
fov0,3247,11544.249508840865,3913.559921414538,38.4207262250017,22.76911898643111,-1.2575715132956689,509,0.8054778057093365,1,
fov0,3248,11549.50641025641,5699.58547008547,48.609639872486355,14.005886584444106,-0.3348322862161331,468,0.9575913581610727,1,0.21989470087923743
fov0,3249,11544.098214285714,4613.5,34.074837478838006,9.420780968480422,0.6664520533716214,224,0.9610216144997616,1,0.24787420074145128
fov0,3250,11541.842105263158,3850.5789473684213,17.82791734165006,8.804907576099325,-0.912517337432535,114,0.8695282952423762,1,0.6123234083924838
fov0,3251,11557.776268115942,4869.654891304348,68.62843320974808,46.7730853671582,-1.5190845734160776,1104,0.7317800059864542,1,
fov0,3252,11620.993868792151,7017.841201716738,219.80352557107605,50.91219348721648,0.06959643184327535,1631,0.9728049310657529,1,0.19751269682606074
fov0,3253,11559.678861788618,4938.174796747968,35.685291019482044,18.611953315805337,1.2954394917694823,492,0.8532157563456784,1,
fov0,3254,11591.039156626506,6731.743975903614,92.84741502998607,10.483256879976416,-0.5371879683472687,664,0.9936053965008775,1,0.20326713677203767
fov0,3255,11569.259541984733,4284.8702290076335,20.06337626216312,8.576060087820347,-0.33227837546839284,131,0.9040397003803589,1,0.6300691364792174
fov0,3256,11571.36974789916,13651.14705882353,24.589903737418368,14.179989592497947,0.38789980517283523,238,0.8169849349701312,1,
fov0,3257,11571.072,6536.136,22.110896589534917,7.466818064402893,-0.5554986055980147,125,0.9412543114010195,1,0.16015434311555923
fov0,3258,11577.714285714286,3775.516883116883,63.596972147187756,9.030117499525925,-1.0575241279482885,385,0.9898681295583323,1,0.6214692943350291
fov0,3259,11633.20134228188,4409.734124935468,167.9498613395452,27.341430840769227,-0.29163791966481306,1937,0.986659882473571,1,0.44026584385246337
fov0,3260,11591.274418604651,3833.632558139535,51.46655866199416,13.287355471441655,-0.10260696662966419,430,0.9660982886067624,1,0.5657120343120574
fov0,3261,11578.40837696335,7254.350785340314,33.718533746940345,7.997007201520138,-0.7838113900813254,191,0.9714682890044055,1,0.23165334987552885
fov0,3262,11592.378947368421,4910.981052631579,48.72594747122073,17.234504778008436,0.8995360133697268,475,0.9353578559833133,1,0.8783377935167458
fov0,3263,11639.869401225837,4720.263083451202,164.66209022063933,60.63196333045481,0.19418878228232256,2121,0.9297384771677933,1,0.35498218551642746
fov0,3264,11594.105882352942,4654.803921568628,39.133352904041864,9.608303629591894,0.16501036275444386,255,0.9693896949644067,1,0.34564231808422624
fov0,3265,11590.354545454546,4395.395454545454,24.02778859325965,13.024703297149559,-0.12562639020645822,220,0.8403344113311888,1,
fov0,3266,11599.929032258064,7971.4,52.35453073515838,8.310192715489729,-0.8797192671717224,310,0.9873221568760253,1,0.3900739458885206
fov0,3267,11592.19642857143,4309.714285714285,16.687986241065513,9.312921291040219,-0.28724899459473735,112,0.829799645706822,1,
fov0,3268,11626.633333333333,7864.6392857142855,73.2450537005259,23.713681375332655,-0.11939158733919834,840,0.9461398815200083,1,0.27904945691374017
fov0,3269,11751.588748164464,6331.847191629956,436.97327271610317,283.29704316386506,-0.7139276485182884,10896,0.761370827254077,1,
fov0,3270,11605.48523206751,5955.485232067511,40.029687095947246,8.777433132730026,-1.0896058949035348,237,0.9756635242405751,1,0.2949047650784677
fov0,3271,11604.729559748428,3407.9150943396226,50.75748038504393,15.052200343386966,1.3839407539741526,318,0.95501690298176,1,0.33094056316285364
fov0,3272,11605.72619047619,3894.468253968254,33.900165959696125,10.518671091476243,1.3944410871452149,252,0.9506439848060039,1,0.914272495476632
fov0,3273,11616.9,5712.545454545455,37.658282505270414,8.61640987208843,-0.14686417846356348,220,0.9734722350745597,1,0.2799834386594525
fov0,3274,11619.157004830919,6488.83574879227,52.238416806127134,12.548765055760938,-0.48741881083112965,414,0.970718222814397,1,0.16388556006416022
fov0,3275,11606.614130434782,8094.369565217391,25.836837346587753,10.573707914632632,-1.343738728800704,184,0.9124225996918309,1,0.43195248248963497
fov0,3276,11642.182631578948,5870.495263157894,111.43917637700743,63.33623843115518,-0.3585555087944373,1900,0.8227882447238267,0,
fov0,3277,11610.075949367088,4322.96835443038,24.553716511689018,8.991929200923941,1.2303844183473442,158,0.9305304265838885,1,0.6149780309104157
fov0,3279,11638.805680119582,5049.209267563528,103.56659606804158,38.051464147017654,0.9609850086363754,1338,0.930058846787695,1,0.5542085798480504
fov0,3280,11619.180392156863,4883.172549019608,42.64316933781577,17.065914269582574,-1.4170286025778074,510,0.9164266184655928,1,0.8699203606203291
fov0,3281,11628.538461538461,3947.042735042735,29.932932813136528,12.79426198534545,0.24844397086364514,234,0.904047996950633,1,0.39410909437233516
fov0,3282,11642.96333078686,5127.692895339954,66.68731747768538,55.90785520367631,-1.0613177871901731,1309,0.5451198355338702,1,
fov0,3283,11648.940027894003,8137.097629009763,85.19862688922592,13.244060042142337,-0.6585064121805296,717,0.9878438845254239,1,0.19966077510716346
fov0,3284,11626.896774193548,4825.167741935484,27.48130880460722,7.464467156053339,0.8683652068855705,155,0.962404641015589,1,0.6377793726344951
fov0,3285,11692.608923884514,6985.965879265092,169.55927503469405,12.875548513346358,-0.07448701694885528,1143,0.9971127406610518,1,0.15542758302579032
fov0,3286,11627.621359223302,7202.291262135922,18.22674475531554,7.3404433739721044,-0.6349690965315534,103,0.9153191495353198,1,0.17785322625311112
fov0,3287,11647.777777777777,4259.513002364066,65.37495425361365,8.805681233580152,-0.46237930683796974,423,0.9908871023884458,1,0.6506882535211029
fov0,3288,11693.061746987953,6746.161897590361,207.8186217538471,23.378248130375248,-0.4472712991184671,1328,0.9936524584193671,1,0.17557621036749788
fov0,3289,11659.99801192843,8048.55069582505,87.69485149150653,11.432456526442886,-0.48701009672098683,503,0.9914658936569736,1,0.24218766321494595
fov0,3291,11672.606936416185,4941.263005780347,90.5601729381142,17.30361434498214,-0.1876750987014218,692,0.9815758069021869,1,0.5189270153321324
fov0,3292,11653.922287390029,4009.3548387096776,76.94654205051837,27.960665625478637,-0.06895742806051704,682,0.9316418679651485,1,0.19316131455249055
fov0,3293,11640.801886792453,6645.698113207547,18.374463283226117,7.5379870844128085,-0.07301077718927644,106,0.9119764425479284,1,0.30600526423395574
fov0,3294,11667.787878787878,1888.926997245179,90.41280932664625,15.077841431110011,0.6773575711508738,726,0.985996391509231,1,0.7595357546460209
fov0,3296,11649.962085308056,3412.3649289099526,36.04966732105474,8.18925664765334,1.0034983703096938,211,0.9738560646448418,1,0.2086504022700998
fov0,3297,11651.073578595318,4321.501672240803,25.708099808510205,22.478460490657817,0.4053794258108689,299,0.48525497601894935,1,
fov0,3298,11663.479713603818,3960.653937947494,50.548069427238204,18.509135255085617,-0.7263577475380775,419,0.930548373124878,1,0.6216603210173374
fov0,3299,11673.262376237624,1701.1584158415842,56.02392250825755,15.621406403007219,-0.2027687629833748,606,0.9603391494512034,1,0.5151110751554836
fov0,3300,11703.78434637802,6788.860949208993,111.16665964274003,40.1493600094476,0.11777589201826295,1201,0.932502437247185,1,0.2867455643379831
fov0,3301,11711.070637505816,5243.095579339228,416.7663331718686,133.49774729883376,-1.4621316869543568,10745,0.9473100842914585,1,0.7480537407029022
fov0,3302,11660.43137254902,4622.143790849673,24.229553583514342,9.757836595961164,0.7151437569218001,153,0.9153212109041517,1,0.324403947049581
fov0,3303,11669.186813186812,4440.534798534799,43.3088444987811,10.327987480861616,0.1773940397809949,273,0.971149142423609,1,0.15960261682094717
fov0,3305,11701.651254953766,4478.060766182299,115.2411307017223,11.072589570018968,0.01848037757324551,757,0.9953734293553759,1,0.09937161976209244
fov0,3306,11690.647819063004,7787.258481421648,90.97627750169612,15.343301481590107,-0.37951298869736394,619,0.9856757138666495,1,0.4816695263508701
fov0,3307,11723.290400972053,5014.77035236938,126.22204988142681,37.26066950816953,0.35620528701848236,1646,0.9554356767491041,1,0.3214601184919049
fov0,3308,11668.006451612904,6524.412903225806,24.63001782459784,9.120069423464754,-0.951789758349076,155,0.9289191161862395,1,0.2758978727287488
fov0,3309,11692.588688946016,3869.483290488432,73.82622474687658,11.466520824133694,-0.09920559911750035,389,0.9878645687489753,1,0.5030462635724113
fov0,3310,11673.442477876106,4089.1548672566373,30.035514500904586,12.16615209800376,-0.29843524320723397,226,0.9142905979066628,1,0.18538971794055753
fov0,3311,11674.152709359605,3814.8522167487686,32.368272524651395,8.612395624092036,1.04260359183623,203,0.9639522658682208,1,0.6684665994966016
fov0,3312,11671.704402515723,5049.188679245283,20.31278098884546,11.865679668548605,-1.2114947871221442,159,0.8116468323007092,1,
fov0,3313,11686.582142857143,1639.5964285714285,47.24654335986701,8.181441027037973,-0.44556751901379316,280,0.9848928528269865,1,0.5593586153035196
fov0,3314,11673.872641509433,3128.745283018868,37.602563147973385,12.84723770643268,1.199478533688338,212,0.93982414633524,1,0.6333916688021825
fov0,3315,11702.337474120082,4282.482401656314,83.2857222024856,9.349262724079322,-0.22341926334447554,483,0.9936794001778106,1,0.38870670715655414
fov0,3316,11680.466666666667,7989.225925925926,20.658174868908937,17.207819636067125,-1.2116514796023368,270,0.5533050570904688,1,
fov0,3317,11679.115151515152,1566.490909090909,29.530811749195543,7.582042874196566,-1.529999629657288,165,0.9664777889414015,1,0.525040921618024
fov0,3318,11708.684322033898,4803.254237288135,71.3085706586991,10.558223000793776,-0.04250806395268348,472,0.9889778006260381,1,0.4199729915662885
fov0,3319,11684.295212765957,7909.20744680851,31.704039885830596,18.268815567331945,1.5263735099613047,376,0.8172876533806288,1,
fov0,3320,11748.876807712908,7236.998393144081,180.54265195468028,43.21814452273144,-0.20910834147743285,1867,0.9709261701887282,0,0.19358170960170923
fov0,3321,11697.93031358885,6593.926829268293,44.190554287784906,10.127076661725988,-0.6816515965794983,287,0.9733868012076334,1,0.1762560682759237
fov0,3322,11697.004651162792,5254.325581395349,27.215520056345888,11.513409785695714,0.22533603447822279,215,0.9061083285059509,1,0.43877253928590915
fov0,3323,11712.074074074075,1747.457586618877,96.15447487239386,22.114012298381777,-0.9260282351211997,837,0.9731943570838277,1,0.5571885051312612
fov0,3325,11702.423076923076,6935.326923076923,31.14377156128797,9.435570463926958,0.17582193561219256,208,0.9530006860825584,1,0.08609029816416085
fov0,3326,11701.40206185567,5058.871134020618,28.90575169466383,9.565681541850768,-0.5539257071864088,194,0.9436565046937624,1,0.5217240252836509
fov0,3327,11721.46225614928,6519.008481764207,75.053398433453,44.59971715839549,-1.0002621335506594,1179,0.8042879144094192,1,
fov0,3328,11814.178742741731,6286.664731128503,358.31751279186335,59.63112578626771,-0.13227213504402216,3961,0.9860549949072988,1,0.22778118485972498
fov0,3329,11730.79658119658,3973.8,83.92622835847527,10.21657642559487,-0.1757366362501963,585,0.9925629051127012,1,0.18927890866987565
fov0,3330,11712.636363636364,4235.179063360882,34.051800535164524,19.472531735036423,-0.5160456417262753,363,0.8203580042259643,1,
fov0,3331,11715.294478527607,7298.131901840491,50.74595372374533,11.469543480324777,-0.8066705686722698,326,0.9741229220041128,1,0.3013450034127197
fov0,3332,11704.27358490566,7719.726415094339,19.29725358768631,7.1963103941541124,-0.764676170596572,106,0.9278639454370959,1,0.6473242503307003
fov0,3333,11716.778350515464,4103.18556701031,23.72203402501289,12.463978673743718,-0.5010448234013605,194,0.8508443728133486,1,
fov0,3334,11715.62385321101,4688.155963302752,31.52273052768719,10.853244911408476,1.3297231566126315,218,0.9388600490763821,1,0.566308250300989
fov0,3335,11738.119127516778,5328.337248322147,68.13162543160196,22.18548726390002,-0.011062980506494607,596,0.945498359581294,1,0.3681098354108404
fov0,3336,11767.66723356009,4398.242630385487,117.89851800282902,30.981838723578523,-0.22015583269202213,1764,0.9648547007480159,1,0.1577583007820412
fov0,3337,11721.037267080745,4935.223602484472,21.542234644551176,11.787112580004962,-1.4044174767943254,161,0.8370261107602198,1,
fov0,3338,11722.635294117646,5879.84705882353,26.235888248907518,8.933702466679463,-0.4741880690674654,170,0.9402392359616767,1,0.3053402244467086
fov0,3339,11726.516949152543,1622.865617433414,80.43703807161003,19.353498239367333,-1.5665360590732909,826,0.9706232867795003,1,0.8559442304022425
fov0,3340,11726.490384615385,3064.8076923076924,20.442707488112323,7.683812649177872,0.8000112194902499,104,0.9266721615531627,1,0.4881221198888301
fov0,3341,11739.0,3810.1181102362207,32.50419644119199,17.385227615715962,0.6240392022659974,381,0.8449400516217972,1,
fov0,3342,11763.233333333334,4746.086274509804,107.68671661013342,23.836873709350844,0.18836632415230542,1020,0.9751935474698311,1,0.3068248897267291
fov0,3343,11816.343790012805,3903.4244558258642,234.38060627132654,16.350826894286282,-0.4562887514216255,1562,0.9975636736454092,1,0.3368612809774395
fov0,3344,11785.543681085666,1766.994062765055,133.0058041111998,36.4626762771956,-0.565039696549515,1179,0.9616887973680118,1,0.25996763279081403
fov0,3346,11915.765164031154,6790.157422704744,464.4018264999005,64.61830558474541,-0.5135300679867384,4237,0.9902722859089049,1,0.14191339341360779
fov0,3347,11753.700336700336,1851.1851851851852,42.5987712854854,10.027854797010335,-0.18721296955737812,297,0.9718979834260495,1,0.28293835801083456
fov0,3349,11808.455948895395,4947.73143465531,133.38118636641272,109.74820257894665,-0.5919323199291444,3757,0.568307558034364,1,
fov0,3350,11759.42369020501,4674.733485193622,50.68615163228195,16.446741726579663,-0.14046015744366153,439,0.9458918854255471,1,0.45324463654223907
fov0,3351,11749.545816733067,1683.434262948207,34.54682405350048,13.324328323201046,1.1401809673170589,251,0.9226288707919703,1,0.9971971411364389
fov0,3352,11792.253164556962,4456.410337552743,103.78074830488609,35.15074921962367,0.016487044497834787,948,0.9408936926075252,1,0.10455476952784792
fov0,3353,11771.988977955913,4129.571142284569,67.67070587107332,65.12881838503054,-0.9935275309073011,998,0.2715036762860101,1,
fov0,3354,11792.252380952381,7763.077922077922,222.69560160002428,63.115021879350486,-0.8644355639338382,2310,0.9589976951562842,1,0.5860662390152444
fov0,3356,11826.85996343693,5912.703473491773,194.3098968334629,46.32180239981443,-0.038852976791083585,2735,0.9711691690851681,0,0.2505904921905631
fov0,3357,11751.59223300971,7735.57281553398,18.562165718766632,7.310174524657644,1.4262901007151867,103,0.9191870626841612,1,1.084327890816159
fov0,3358,11761.785,5959.405,35.293084478235464,7.827783084126346,-0.7575685202304846,200,0.9750936178248584,1,0.35892132698745083
fov0,3359,11757.313559322034,7059.745762711865,17.44678180915044,8.87497716135076,-0.029821578640702538,118,0.8609506467885946,1,
fov0,3360,11759.09604519774,3141.0790960451977,26.177706736409277,10.05941551976725,-0.9993736816125571,177,0.9232190378724354,1,0.8607090251984337
fov0,3361,11761.758992805755,3707.089928057554,31.489824798166044,14.379035094228414,-1.5284355696399425,278,0.8896593661939174,1,0.8792768882756177
fov0,3362,11800.570012391574,1698.104089219331,112.91750101432612,22.79444948589907,-0.7145878729648708,807,0.9794127022062982,1,0.6226251916879046
fov0,3363,11770.867109634552,3088.451827242525,35.12543229106596,19.449498452181675,-0.6358556222485703,301,0.8327058768404648,1,
fov0,3364,11772.882096069869,3117.196506550218,25.818716699660985,12.800582777749232,0.2239789181538802,229,0.8684441843164873,1,0.4230006686948886
fov0,3365,11788.847965738758,3821.0792291220555,58.99914030675365,12.866033444499765,0.41499780518632245,467,0.9759327861102518,1,0.28645088066217267
fov0,3367,11816.425149700599,5431.174850299401,115.2965174577569,33.2366240938594,-0.05753524848635562,1670,0.9575489136432812,1,0.18529802323405198
fov0,3368,11785.089147286822,5666.368217054263,36.984286799734846,12.482768990984333,0.29105891808256773,258,0.9413199809913063,1,0.3304790865112584
fov0,3369,11938.389007698888,6356.4670658682635,416.9505849941625,36.85853009350861,-0.5872573023855638,4676,0.9960850356690225,1,0.13085673064508235
fov0,3371,11803.836206896553,6750.185344827586,69.15246609812488,9.250850124678214,-0.28665431228092975,464,0.99101177123706,1,0.13559748473546182
fov0,3372,11783.472972972973,7072.75,26.386593942442985,7.755087243803121,0.3789890058963022,148,0.9558353891446298,1,0.3058333689723503
fov0,3373,11784.3567251462,5824.9473684210525,26.10303018708267,9.092860023913381,0.4440505816204837,171,0.937366396712146,1,0.41702889038137964
fov0,3374,11793.921367521367,5231.046153846154,44.6461472847242,33.943096792553305,0.2937825208231947,585,0.6496079858859863,1,
fov0,3375,11795.907738095239,7139.541666666667,51.15026948832128,11.351956207198768,-0.3866866674936914,336,0.9750618134400746,1,0.21646965777112895
fov0,3377,11812.963265306122,5762.487755102041,76.20952285201298,9.272459987261437,0.10771591456712334,490,0.9925705314662556,1,0.3297184500178507
fov0,3378,11850.476454293628,4212.130886426593,177.5057541171859,16.862172814779125,-0.2335012985995252,1444,0.9954777422468397,1,0.17798799140775995
fov0,3379,11790.245614035088,1618.622807017544,17.844595106814225,8.28520380821175,0.20491136309683577,114,0.8856792195710139,1,0.5571325253879957
fov0,3381,11818.707777777778,5077.844444444445,90.97888043183441,27.7680245421765,0.4937874812330658,900,0.9522838009153551,1,0.2518400841145048
fov0,3382,11794.408695652173,4312.221739130435,31.73209477146861,9.657490837605206,-0.7194268090003331,230,0.952562008904915,1,0.24352670105330992
fov0,3383,11810.15625,7167.524305555556,50.44611360842065,8.216554440155884,-0.3570295360488598,288,0.986646241836359,1,0.23770981458878696
fov0,3385,11808.97435897436,4343.034188034188,38.7101332451789,8.523007846045502,-0.03046054152253919,234,0.9754603635867659,1,0.1896132878304898
fov0,3386,11837.460933888118,4839.018955154877,98.84332166636042,72.72738317894499,0.5852158012362895,2163,0.677215757304622,0,
fov0,3388,11809.47290640394,6781.458128078818,35.221008518278836,7.511723071207563,-0.5176361962632079,203,0.9769924404889683,1,0.16993918612658088
fov0,3389,11807.089005235603,1594.4816753926702,26.39820502652601,9.756594153787253,-1.0573015823503533,191,0.929193708637779,1,0.6537038130159852
fov0,3390,11829.295724465559,3636.669833729216,91.63889760665991,47.74422566737426,-0.7043037316432802,842,0.8535542785105583,1,
fov0,3391,11826.884097035041,1562.4204851752022,43.4401908867273,12.38109042011286,0.36722395158280596,371,0.9585231631474446,1,0.41795296409983684
fov0,3392,11816.78947368421,3881.1263157894737,25.27278936161229,11.095072470201975,0.46580139126282716,190,0.8984809148208242,1,0.31460641835454534
fov0,3393,11831.447115384615,5126.721153846154,51.08240783055939,12.660915404166392,-0.21187046502255388,416,0.968797715157019,1,0.3572591674357476
fov0,3394,11829.182648401826,5722.5388127853885,47.910894794429446,12.18154819984479,-0.24761419424213033,438,0.9671374156994883,1,0.24254362379541203
fov0,3395,11826.410199556542,7307.29933481153,45.15231847346997,15.452894996952049,0.22573265892719696,451,0.9396128484938199,1,0.3236491126045845
fov0,3397,11821.467980295567,5258.004926108374,30.818891430101868,8.774786183234882,0.05551823313464883,203,0.9586104219858765,1,0.4548595508260709
fov0,3398,11819.5625,1802.2102272727273,26.155811968947628,10.53626893425625,-0.42927086293089883,176,0.9152761095687303,1,0.2177466183840314
fov0,3399,11844.960970464135,5182.537974683544,88.53586546966656,33.24278925184907,-0.1594646527440109,948,0.926833505315572,1,0.4100247186741675
fov0,3400,11824.079365079366,3777.2920634920633,29.742950917690365,18.42528893451494,-0.9513964339145037,315,0.7850091040708924,1,
fov0,3401,11819.412587412588,4260.181818181818,21.367544072916182,9.070467617584153,-0.2519838284769543,143,0.9054291408023991,1,0.18838969599446348
fov0,3402,11829.87159533074,1624.8599221789884,45.60282172615056,8.015029344791182,0.661850689457152,257,0.984433526168011,1,0.5671015182723245
fov0,3403,11828.81226993865,1935.9901840490797,79.67712245331228,20.476934466079086,-1.4127222758804563,815,0.9664116901282156,1,0.9727620933998379
fov0,3404,11853.651581508515,5838.961557177616,98.75996014389938,72.77632410844531,-0.8217271358241958,2055,0.6760005593539481,1,
fov0,3405,11829.330434782609,5004.191304347826,17.998889056311796,8.544693591919453,0.760535488994344,115,0.8801290557424655,1,0.42632286675908115
fov0,3406,11832.00847457627,4167.85593220339,23.093898138805297,6.989070450020316,-0.4691156799506785,118,0.9531058615680218,1,0.18844020561688132
fov0,3407,11851.939271255062,7653.665991902834,61.61788271600651,15.154796039842992,0.03940169831803404,494,0.9692830201445328,1,0.4138628234519632
fov0,3408,11844.30917874396,6098.512077294686,36.56412021602119,7.549321315071142,0.30722091504864374,207,0.9784533503705931,1,0.4245784810793835
fov0,3409,11854.910313901346,3834.7025411061286,37.63863738733474,32.041839074882525,-0.3509971870836426,669,0.52467635375547,1,
fov0,3410,11843.221476510067,5787.577181208054,25.340105993799035,8.559634575416121,-0.81814213425056,149,0.941221499605967,1,0.4176753863557409
fov0,3411,11859.451038575668,4700.557863501484,54.01702330437887,8.610486830451254,0.39364406334388713,337,0.9872135620560674,1,0.21522777418525893
fov0,3412,11848.573684210527,1826.3368421052633,26.942669023719798,10.775254237549548,0.3890148948394232,190,0.9165445102881818,1,0.5071034557859516
fov0,3413,11849.13475177305,3755.0425531914893,23.713403438607823,8.18710908635861,-0.12048263650369864,141,0.9385098778723788,1,0.5321142567396767
fov0,3414,11853.35,1427.3875,22.90956560404768,9.909051611220692,-0.004382948492541575,160,0.9016200197438408,1,0.4519798525155464
fov0,3415,11877.792349726777,7041.256830601093,64.78008181989078,11.548412766036986,-0.024646670212587107,549,0.9839814201236463,1,0.17292459298124313
fov0,3416,11919.531496062993,5701.169897032102,137.94501169330587,113.67233547678542,-0.7444435890562484,3302,0.5665302716056944,1,
fov0,3417,11861.455,7763.17,36.79646167752771,7.616141281136714,-0.9196829439700557,200,0.9783451186134979,1,0.8061677732394524
fov0,3418,11875.359063313097,5252.7337380745885,102.16797593687669,37.17163488119662,-1.559976682518192,1153,0.9314659021180267,1,0.7081192864099084
fov0,3420,11870.40074906367,7322.271535580524,42.90258539014154,20.52113525237,-0.4122831661702425,534,0.8781859899637712,1,0.28513511983730294
fov0,3421,11865.953846153847,4269.507692307692,39.9869592855667,10.262346214015812,-0.7996458869544827,260,0.9665064494601318,1,0.4229839154020424
fov0,3422,11913.579361406757,5480.664969921333,136.9481395897985,37.62528481941385,0.45936976962635984,2161,0.9615182362909753,1,0.3339529578516642
fov0,3423,11885.212569316081,4413.201478743068,73.55332843557255,13.607493210878268,0.30475273319062457,541,0.9827381944727888,1,0.14247681988901187
fov0,3424,11901.60696821516,7370.44315403423,107.48740966491987,68.57389054251799,-0.22560814757025727,1636,0.7700600785914304,0,
fov0,3425,11868.636363636364,3911.4285714285716,18.63600473757698,12.469523057263304,-0.5921470564298568,154,0.743164058896824,1,
fov0,3427,11890.383435582822,1771.0414110429447,47.86270762671366,29.556369214123137,0.3702921951898097,652,0.7865520623893469,1,
fov0,3428,11911.583333333334,2030.3048245614036,120.00450171661072,21.726640665872335,0.4968778189024015,1368,0.9834741601279541,1,0.5820645935203694
fov0,3429,11883.825688073395,1697.3715596330276,29.039584307284557,11.778855159810798,-0.06003016892439205,218,0.9140445682064063,1,0.25282000900162604
fov0,3430,11900.401376146789,5326.466743119266,76.07639449016636,20.96015611771576,0.11268625564737855,872,0.9612968919411568,1,0.5586370938340424
fov0,3431,11893.930543933055,1590.2133891213389,71.65194119349074,40.29948893388853,1.2434535654924859,1195,0.8268421731542727,0,
fov0,3432,11883.0,1891.4527027027027,49.361063365496044,8.239057185783501,1.184498360002701,296,0.9859714423455626,1,0.9732200213746459
fov0,3433,11881.134796238244,3694.777429467085,27.24781304799188,15.632034696405743,-1.1186838543331754,319,0.8190664265980939,1,
fov0,3434,11902.077079107505,4322.0162271805275,63.98764644418635,20.229642178315224,0.06902937444756686,493,0.9487094886019637,1,0.10051695897270517
fov0,3435,11881.903966597078,1411.471816283925,55.663698980913686,12.416143330533485,1.434286148375001,479,0.9748055448302336,1,0.9791534326329832
fov0,3437,11895.556603773584,1731.3333333333333,42.65642925132836,12.938509705535514,-0.1213894880833247,318,0.9528890407173457,1,0.22166918633341343
fov0,3438,11931.679584120982,4795.891304347826,131.24071343927585,15.427186070200646,-0.0008839401665227123,1058,0.9930671093883441,1,0.23246097170679025
fov0,3440,11891.55223880597,4354.393034825871,28.174977543905563,10.090813166149282,0.09411792721489846,201,0.9336648096738814,1,0.07263683970919686
fov0,3441,11898.172839506173,1824.3703703703704,35.725646302271876,12.394795173377512,-0.5388183676334695,243,0.9378858821916394,1,0.5039020677776986
fov0,3442,11900.07868852459,7508.55737704918,45.36012490077054,9.77513306666685,-0.33745462909305196,305,0.9765037130108613,1,0.26587595551819215
fov0,3443,11931.439587128112,5369.698239222829,101.19054107964256,61.34502121566855,-0.21153812524232307,1647,0.7952872677050846,1,
fov0,3445,11913.344357976654,4888.39299610895,59.623906790945696,27.682445399844003,-0.8101360539454115,514,0.8856862109626088,1,0.5045634111999604
fov0,3446,11894.68932038835,5762.601941747573,16.937172128302926,8.379599855911797,-0.6940536779381075,103,0.8690375691022317,1,0.2746813193235101
fov0,3447,11911.271428571428,6656.896428571428,51.06018649219369,7.553132089536941,-0.022014794446803407,280,0.9889984233934144,1,0.40988726258641905
fov0,3448,12110.243232268544,6416.572550081213,548.900136551447,40.90959801452085,-0.5474664640863826,7388,0.997218762290054,1,0.17125839106727983
fov0,3450,11896.790087463556,3752.5218658892127,52.84236488886397,9.483963920430577,-1.5052315628568709,343,0.983762256681414,1,0.5927973631015303
fov0,3451,11899.97619047619,4034.3253968253966,22.827732641334773,7.666728392515461,-0.950535646901376,126,0.9419149461232973,1,0.26617741096338604
fov0,3452,11912.167464114833,1499.4784688995214,32.79757173674791,8.511012029341103,-0.694202423543972,209,0.9657427622230673,1,0.45371204218787553
fov0,3453,11920.84857142857,7570.4685714285715,56.80785341296841,12.103574897713912,-0.7570116294168852,350,0.9770387576370533,1,0.345601911276807
fov0,3454,11932.404918032787,4941.141803278689,79.07655005150487,39.63298923312536,-1.041730748597005,1220,0.8653327752824722,1,
fov0,3455,11931.558465286236,1279.4652862362973,116.81937218189607,51.44461936698919,1.4613246161636921,1642,0.8978127229190496,1,0.8335183149445656
fov0,3456,11929.647142857142,5549.648571428572,69.98876128733382,17.237317952607825,-0.5585740580812877,700,0.9691969575253,1,0.33470332249365675
fov0,3457,11917.995283018869,7295.825471698113,28.7518430258588,11.950149317819859,0.10752666766491693,212,0.9095334527718548,1,0.1944183346657449
fov0,3458,11928.313432835821,1858.6204690831557,77.46968477320058,12.286382490363865,-1.0078396252348243,469,0.987343560921596,1,0.7688940417769362
fov0,3459,12043.669622797683,4987.726025777462,334.91418857134994,149.8205850781142,-0.05636903312345372,8457,0.8943638701116814,-1,0.154353724350518
fov0,3460,11920.960591133005,1533.1231527093596,35.11265288510243,8.38110732465912,-0.4405703262617361,203,0.9710953385581949,1,0.3646211162824598
fov0,3461,11920.609120521172,5289.938110749185,48.72940762424022,13.227434312110764,-0.751355814734166,307,0.9624534886464828,1,0.3679259989566485
fov0,3462,11926.604938271605,5777.824074074074,41.555880278806406,13.649687392289247,-0.10273599859296563,324,0.9445158483009163,1,0.25832247595399777
fov0,3463,11980.416093813183,1388.3671653861707,147.26466720035847,68.71363702749696,-0.5749720822903053,2473,0.8844686536145185,1,0.8054594024836064
fov0,3464,11946.950310559007,3683.103519668737,91.25059876029862,62.02122852733178,0.11561149647671382,966,0.7335085387314064,1,
fov0,3465,12001.474832962138,7219.507349665924,155.83047871752746,47.49737903997084,-0.40376787731988883,2245,0.9524158678997614,0,0.27828350717905564
fov0,3467,11939.755102040815,1715.7329931972788,63.00928470989279,32.08325420269513,1.0170638736256576,588,0.8606583012568234,1,
fov0,3468,11938.559420289856,5926.739130434783,45.731111744596625,11.61139213078487,-0.2947142570694902,345,0.9672289652261865,1,0.10905619135611415
fov0,3469,11929.528662420382,5132.076433121019,26.298618773124453,7.699506682335144,-0.9837985431414616,157,0.9561821948583455,1,0.7177209434007983
fov0,3470,12013.080959520239,6656.802098950525,304.84585476211487,34.38190810451495,-0.9670756567964229,3335,0.9936194649715295,1,0.2737412589002332
fov0,3471,12014.862097785206,4390.557041370665,193.86435887496978,36.84790961812706,-0.1484330918840394,2393,0.9817704301863643,1,0.1565886228769262
fov0,3472,11934.908396946565,7650.32824427481,22.051946866857016,7.89472957425174,0.3820914973592589,131,0.9337192804773046,1,0.36692670294182655
fov0,3473,11933.921568627451,4274.421568627451,16.881058574095267,7.817130154697995,0.4200246210230233,102,0.8863211425757044,1,0.4319863364758417
fov0,3474,11941.898550724638,4355.338164251208,32.51992131804643,8.858330940056124,-0.07176376932673707,207,0.9621849312953253,1,0.12862821945295458
fov0,3475,11991.147777777778,7035.286666666667,159.4370837266677,12.185276559615493,-0.296627459171921,900,0.9970751898548897,1,0.08399205694538345
fov0,3476,11955.493840985442,2110.2743561030234,62.35123033531122,35.0316667121372,1.5431905701243285,893,0.8272431822733421,1,
fov0,3477,11935.935714285713,4840.785714285715,19.082975521021865,10.139559039178092,1.0158683942831777,140,0.8471583096078448,1,
fov0,3478,11942.186046511628,4751.656976744186,28.16043656725667,8.27407619915416,-0.19103592180790083,172,0.9558610219331825,1,0.21858430394137252
fov0,3479,11987.258845437616,7604.020484171322,137.0122771777422,23.424716061368898,-0.1291705256738481,1611,0.9852765806302692,1,0.32490659230528257
fov0,3480,11939.663366336634,7685.574257425743,33.12300126469395,8.797786571974209,1.0733094060639903,202,0.9640806756305548,1,0.6207288030974903
fov0,3481,12068.367369125272,5368.411189162067,347.45643308459796,178.72026293537564,-0.8140073733776526,11958,0.8575699244615154,-2,
fov0,3482,11947.124137931034,1471.7793103448275,25.281147202161204,7.549595382215234,-0.734241487055004,145,0.954370372029507,1,0.6826576998497444
fov0,3483,11952.044036697247,1570.8477064220183,43.98860854609884,20.794102350362277,0.9646799110662391,545,0.8812150378051774,1,0.7057603824627241
fov0,3484,11984.114447592068,4012.531444759207,117.54902590740024,63.90696127499234,-0.25133255402840515,1765,0.839304128013017,1,
fov0,3485,11948.626086956521,4198.8,21.217217305212237,7.074487018292182,0.12774676829099846,115,0.942774354905119,1,0.2879374873217055
fov0,3486,11956.733009708738,1662.5631067961165,35.15768109159757,9.050837847814485,0.20334140046237928,206,0.9662954645032497,1,0.23609763795795483
fov0,3487,11956.43961352657,7206.792270531401,33.22316289870861,8.29843252794972,0.35079357913043374,207,0.9683029948849754,1,0.30981432606906045
fov0,3488,11958.631578947368,4319.789473684211,21.47865756069539,8.121071142258558,0.20322600900131202,133,0.9257649360241911,1,0.2519869202740832
fov0,3489,11977.718094157686,3552.233692569484,101.00987110987464,74.27893976113688,-1.402132212129677,1763,0.6776732231879015,0,
fov0,3490,12015.380713838447,4530.314026299311,203.15365208007657,48.02215050809975,0.49308279038378955,3194,0.971659862993081,1,0.2519259633072484
fov0,3491,11970.507874015748,1933.5669291338584,44.03166804157862,9.790209739746029,0.567482382429647,254,0.9749681107737966,1,0.49841623498896837
fov0,3492,11966.01593625498,5284.95219123506,37.175276708192875,11.915288651502589,-1.0896316119806433,251,0.9472429409540656,1,0.34280364824777065
fov0,3493,12061.241143567433,5767.837787445618,260.33844227074906,33.32027568826258,-0.4427148128643389,1609,0.9917756772794488,1,0.2224208103751714
fov0,3494,11991.848314606741,1626.939606741573,90.53711107891998,19.183867048990027,-0.10517328081946208,712,0.9772936210597787,1,0.3412472899846187
fov0,3495,11970.20618556701,4270.231958762886,29.441252742101984,9.647467084150662,-0.7323640586792256,194,0.9447869146954628,1,0.43210836200511193
fov0,3496,12044.452641910682,4804.212661540978,218.95206882294272,153.33665095086465,0.031194484087914517,6113,0.7138284206235127,1,
fov0,3497,11969.004184100419,6617.589958158996,41.034728387505865,7.8663236086709905,-1.2399473526871545,239,0.9814537309623608,1,0.3795016195904884
fov0,3498,11976.296052631578,6201.575657894737,43.861133465197234,9.769538003928592,-0.5765324132660937,304,0.9748783592152135,1,0.2351750847962199
fov0,3499,11974.261224489795,3898.8489795918367,32.35505485916434,9.847190872741631,-0.5969961257497451,245,0.9525609669728342,1,0.36221703866533
fov0,3500,12042.288250408783,1258.6416725064237,154.19897191493044,107.442332537808,0.09580809750298022,4281,0.7172875933613914,0,
fov0,3501,12240.038755997142,2146.328694409473,456.539332730171,344.18953442106016,-0.21740207535092815,29389,0.6569777956065369,1,
fov0,3502,12006.084444444445,5755.962962962963,85.96624806563922,19.47724227478928,-0.2582675779532558,675,0.9739952377922014,1,0.16330666704089078
fov0,3503,12000.637775960753,3821.8078495502864,110.49702104362349,69.73635358425472,-0.7134560361948569,1223,0.7756890859600175,1,
fov0,3504,11984.551928783383,1721.712166172107,46.96638434270944,9.889333914560517,0.5876476514302987,337,0.9775805139428903,1,0.30436809107035656
fov0,3506,11980.89947089947,1314.7513227513227,23.352164059904926,14.550092244180886,1.3809599920024447,189,0.7821640532665359,1,
fov0,3509,11981.45,5728.191666666667,19.48876595112497,8.561165648311425,0.32392008809407247,120,0.8983466735619159,1,0.3661435472002396
fov0,3510,11992.193333333333,4221.993333333333,36.268133049573365,11.88263871689377,-0.5217385480778618,300,0.9448050542545877,1,0.30498106807378433
fov0,3511,12034.31912568306,4690.148633879781,125.64946818890148,20.43737105487349,-0.13471423770108565,915,0.9866831921672797,1,0.18618842622921541
fov0,3512,12049.961264822134,6121.774308300395,152.03017361419236,50.03851445607014,-0.25663404097138554,2530,0.9442827319464192,0,0.21631561303410038
fov0,3513,11996.85436893204,1549.0711974110031,44.75212068103409,9.89976001775012,-0.48389138420462624,309,0.9752254704512432,1,0.5095824837623498
fov0,3515,12002.332252836304,5097.740680713128,56.0082839196882,19.23099617626736,1.2032802989364915,617,0.9392039239817884,1,0.855728836784193
fov0,3517,12037.622421524664,5650.090582959641,119.40613191879012,19.824433681696558,-0.2123611760496749,1115,0.9861215007279646,1,0.23413478112535527
fov0,3518,11993.293193717278,1796.3246073298428,24.032117130169034,11.688953278418762,1.3120676844367798,191,0.8737424725142948,1,0.7649159079289788
fov0,3519,11997.65019011407,7566.2851711026615,31.28244404133731,10.913653718169906,-0.9650559414028556,263,0.9371693731288963,1,0.3443947066866455
fov0,3520,11999.060606060606,5866.106060606061,22.031148427371313,7.81386040891178,-0.43017379325038807,132,0.9349902891585695,1,0.14021694246404984
fov0,3521,12006.287610619469,6825.216814159292,36.81827190786176,7.9868973439485345,-0.342785092238973,226,0.9761877074251468,1,0.06699446617572728
fov0,3522,12038.535830618892,4320.958469055375,99.0447088007622,32.44639471347191,0.31265878279002696,1228,0.944818793384993,0,0.4717314588462705
fov0,3523,12050.445229681978,7107.236749116608,136.94470656349276,11.415535102495147,-0.2192334072561237,849,0.9965196055386492,1,0.18228402963739357
fov0,3524,12028.810109289618,5520.5942622950815,80.88076261110223,17.268328219889497,0.12576376582772258,732,0.9769422926870934,1,0.19854168430845665
fov0,3525,12009.896551724138,2366.3076923076924,39.35300057359792,13.952558756794016,1.0214321541466447,377,0.9350375153645694,1,0.6791775102523404
fov0,3526,12008.28,1665.4633333333334,26.11679019132284,14.826913333236696,-0.72491488433064,300,0.8232246463829008,1,
fov0,3528,12009.535031847134,1484.9840764331211,35.824589478083915,17.601803990652183,0.8985434282703884,314,0.87097178860277,1,0.7253473675435944
fov0,3529,12014.621454993834,3668.186189889026,97.69862765093863,14.202604611805928,-1.3741187170353142,811,0.9893771280493627,1,0.6480764529862502
fov0,3530,12076.971053517334,5158.683608212723,153.53668144753183,84.02315690197517,0.20720261696826064,2971,0.8369683117630067,1,
fov0,3531,12085.168177829775,6942.22023983621,184.3278665137615,68.73130314910563,-0.4240624527358274,3419,0.9278814754042205,0,0.033443172258848824
fov0,3532,12159.152173913044,7016.156010230179,321.7342022241786,54.20025820868177,-0.4257459460711441,3128,0.9857080047993881,1,0.07233262770995907
fov0,3533,12016.972222222223,4096.1611111111115,27.440628650373984,9.023784649232894,-0.2207608498383134,180,0.9443830056526004,1,0.21636919926383794
fov0,3534,12026.72647702407,5212.12035010941,59.15068842826665,16.18341565872426,-0.7749790975581526,457,0.9618445860012773,1,0.7665667825847653
fov0,3535,12034.858166189111,7658.812320916905,68.35936511015151,22.866060944554377,-0.7077471961344379,698,0.9423965118401112,1,0.4725756202172439
fov0,3536,12078.165090283748,2345.322441960447,150.9921394734566,51.118697038005116,0.4646947279739961,2326,0.9409476687552998,1,0.30798433955584
fov0,3537,12073.572393822395,7380.746460746461,180.22993244514294,74.77421963248005,-0.8469505373884256,3108,0.9098750616117371,0,0.12050851333556901
fov0,3538,12041.228862973761,2117.8469387755104,86.28612941873212,18.90959033399876,-0.6417211102872776,686,0.9756912182289021,1,0.3288461927107776
fov0,3539,12031.78811881188,5277.883168316832,34.64996565069512,23.50503674281225,-0.2870903631120171,505,0.7347327217009312,1,
fov0,3541,12267.776092490454,6088.731120067883,623.286214011964,60.413850603727965,-0.5115299656668982,9428,0.9952914014861326,1,0.18147122681945071
fov0,3542,12113.18734096692,1660.2436386768447,242.16582558175674,87.83600314952494,-0.3091479244730908,3144,0.9319020047216954,1,0.5727564556956102
fov0,3545,12049.783417935701,6378.027072758037,95.51748160438373,8.776626175202988,-0.8427292318062479,591,0.9957696230554024,1,0.14991520955591206
fov0,3546,12046.874659400544,6856.348773841962,61.50999313737026,9.05336489250285,-0.38733150032784613,367,0.9891089406929919,1,0.04928717200158417
fov0,3547,12028.20359281437,1566.7425149700598,22.95898679856774,13.574341398206688,-0.8621060155888165,167,0.8064934313887885,1,
fov0,3549,12044.91472868217,2202.284237726098,50.651767071642915,12.161588082191052,-0.5470979908871264,387,0.9707476774384576,1,0.473803191173606
fov0,3550,12044.761224489795,1450.522448979592,74.1271084623108,57.283883811558866,-1.475255720750253,980,0.6346750243491323,1,
fov0,3551,12047.25,4200.061111111111,49.130890037520615,9.58855231404003,-0.1541748371854043,360,0.9807707383424036,1,0.18095731328100484
fov0,3552,12045.750677506776,7536.89972899729,44.294916181087366,14.025627400207009,0.07596294751054779,369,0.9485451455514615,1,0.42783120234353905
fov0,3553,12038.090733590734,2410.7181467181467,59.34508317615321,11.896660114334438,1.2397050699551002,518,0.979700698880263,1,0.7887083553643596
fov0,3554,12120.725365543547,1175.2888323797415,188.76964305478353,88.63262497080731,0.27027220305037025,4719,0.8829176048647848,-2,0.33107134793258153
fov0,3556,12045.56345177665,4474.644670050761,32.20242624322174,8.60441324590616,0.075557809459165,197,0.9636417412033097,1,0.3051047976382269
fov0,3557,12041.6015625,1766.04296875,38.783760469210634,11.475532396746116,1.141750181496004,256,0.9552235735509156,1,0.6873874099575747
fov0,3558,12060.53531598513,5862.011152416357,45.2471995177706,8.97248134590895,-0.030854230627640693,269,0.9801415437923514,1,0.1677841240234957
fov0,3559,12173.889734998476,5688.848918671946,272.88580001191576,56.69037827895762,-0.15431949819545643,3283,0.9781832367779112,1,0.2279645438263939
fov0,3561,12059.91111111111,5486.646464646465,34.643938053630116,24.401991702109523,-0.5585845198682824,495,0.7098375633273386,1,
fov0,3562,12065.504482477587,2257.043194784026,99.17229911124176,24.322945565350725,-1.2690038515635895,1227,0.969457473097506,1,0.8337135303321781
fov0,3563,12069.42061281337,7311.813370473537,93.62158327530847,21.778945071641356,-1.0155107088697501,1077,0.9725659334482338,1,0.4697500784901486
fov0,3564,12077.349794238684,5015.227709190672,73.19972154518774,16.325260543682433,0.006280327081441951,729,0.9748130608198861,1,0.16784185592830814
fov0,3565,12054.452702702703,4724.7972972972975,18.205227669356507,11.57283598953673,-0.39232902232140937,148,0.7719464875327402,1,
fov0,3566,12086.354938271605,3806.1922398589063,130.4724649977544,83.78270874022743,-1.1415548052328919,2268,0.7665801948731342,0,
fov0,3567,12062.986934673367,5262.295477386935,87.9306673244246,22.0604949885896,1.5371351100648776,995,0.9680168709622154,1,1.0720711120625228
fov0,3568,12061.330188679245,1897.504716981132,27.093340973878608,12.878917004571344,-0.4848325628248294,212,0.8797948401192086,1,0.5264634544480103
fov0,3569,12061.466292134832,3638.370786516854,25.47267308055377,9.18861482099893,1.1662034133002281,178,0.9326724527917484,1,1.1632313509256678
fov0,3571,12075.764705882353,2046.7029411764706,44.56763096878904,12.774711716873046,-0.8189001202911667,340,0.9580393998274366,1,0.14670132130874441
fov0,3572,12261.04757355751,4444.467902178067,393.79962352792677,73.78728005059548,0.3279822280327959,5234,0.9822889030525703,0,0.10870633543941868
fov0,3573,12082.306332842416,7574.20029455081,50.41777595272919,21.052679060066065,-0.6966975376815983,679,0.9086472333630118,1,0.22009299505762875
fov0,3574,12092.956896551725,1480.2471264367816,63.4124439677914,23.966785434043782,-0.24343245532344931,696,0.9258256719392339,0,0.7459791988115552
fov0,3576,12079.438202247191,1557.1629213483145,67.16221974608065,14.746340609844111,1.562477964817692,534,0.9755983163865024,1,0.7446053740412727
fov0,3577,12090.83464566929,3482.8228346456694,44.50907629062909,10.23438377998043,-0.8190961729091961,254,0.9732049833725854,1,0.7317734249715192
fov0,3578,12103.568281938326,1777.979074889868,84.14052924211849,47.08272641206454,1.4454926353008335,908,0.8287814040773056,1,
fov0,3579,12099.203747072599,1928.96018735363,54.23579273555827,18.35149885108105,-0.4032184646260537,427,0.9410149129303199,1,0.15575520192817202
fov0,3580,12092.426229508197,4226.629508196721,39.505635516153234,11.549969270330692,-0.19602545643444208,305,0.9563075475865188,1,0.3127135550113099
fov0,3581,12086.725190839694,7501.946564885497,23.061523974813344,7.6594928665775734,-1.0221391920497662,131,0.9432325684865316,1,0.31999262266055345
fov0,3582,12089.121495327103,4913.177570093458,17.163371790723275,8.248786499427494,0.24141408094031727,107,0.8769376938149279,1,0.23047147699913056
fov0,3583,12116.302452316077,2291.123524069028,81.97972807547721,18.045045890948927,0.39738522838837104,1101,0.9754737144947704,1,0.5228392788006059
fov0,3584,12120.615912208505,4767.240054869684,100.31177437383592,12.50160857562344,0.24922016043405398,729,0.9922035975549199,1,0.23927252536914842
fov0,3585,12113.580498866213,6759.8231292517,70.79239667078707,11.689682924335438,-0.527360002301716,441,0.9862724379555639,1,0.1309125097707886
fov0,3586,12093.258426966293,4298.8707865168535,23.378475475806667,11.08795090010432,-1.1852848477187057,178,0.8803738837603373,1,0.5952954198135103
fov0,3590,12100.569306930693,4942.811881188119,30.81875741615232,8.680051574372532,-0.4163439924184829,202,0.9595177006840664,1,0.21539849905547545
fov0,3591,12132.696774193548,4290.0670967741935,107.12134350816933,26.40226809246173,0.370831189237869,775,0.9691502537857539,1,0.5921221151940159
fov0,3592,12229.296110952244,7507.273663139834,271.43109122363586,104.80337640242941,-0.26010047131218295,6994,0.9224510219156237,0,0.30511191920379055
fov0,3593,12292.520231213874,4970.619767515721,459.142506879762,198.74261626918965,-0.9516437776506601,15743,0.9014630506952119,-4,0.30680899976962245
fov0,3594,12099.14393939394,4846.424242424242,17.641129179257945,11.048267141371383,0.19937802850671069,132,0.7795990814221531,1,
fov0,3595,12142.817454545455,4152.602909090909,149.67317826818112,52.30215019766993,-0.20823427161801425,1375,0.9369578591254806,1,0.33912006191957556
fov0,3596,12263.262716763005,6792.674277456647,450.74209513831113,30.11114247425861,-0.3624854201661881,3460,0.9977661522049505,1,0.14063195367577305
fov0,3598,12107.244186046511,5495.0058139534885,26.80818884592482,8.490428198620599,-0.0449823168971887,172,0.9485223336196553,1,0.2741735500774154
fov0,3599,12107.630434782608,1530.3532608695652,22.00270366905322,11.84515849763366,0.17100541132924305,184,0.842721265782038,1,
fov0,3600,12106.054455445545,1699.0445544554455,25.018156484818338,12.726862701386942,-0.8410171448929293,202,0.8609408607829975,1,
fov0,3601,12130.667332667334,2411.2937062937062,79.83724181869779,22.836752623285406,-0.31154073499640356,1001,0.9582172742681394,1,0.5216248621727231
fov0,3602,12106.447368421053,5622.070175438596,20.591505100266815,7.535189685925951,0.5186229152415086,114,0.9306396999987225,1,0.5324222775942761
fov0,3603,12117.112840466925,5434.937743190661,32.08532706793498,13.974737285443416,0.27386966969284054,257,0.9001649450717776,1,0.2707581757779466
fov0,3604,12110.520599250936,2484.243445692884,52.07434902570999,15.74076080981562,-1.3867614297002855,534,0.9532208431331334,1,0.9091486114317313
fov0,3605,12173.873684210526,4620.176842105263,197.02592452943293,25.45460215366593,0.48671136386130776,1900,0.9916193143778008,1,0.17746509737402585
fov0,3607,12178.202942668697,1347.3442415017757,160.30362371346664,99.50785245303182,0.7107570211900053,3942,0.7840116417631083,1,
fov0,3608,12133.067017082785,3515.5124835742445,59.280050817937315,53.17428178450198,-0.005424200535285546,761,0.44202793341949903,0,
fov0,3609,12120.419540229885,5044.528735632184,27.10348982416104,8.762322754072617,-0.455141473067532,174,0.9462994918755266,1,0.44185670435061236
fov0,3610,12120.125,3682.2720588235293,21.576771221892045,8.433643023130129,-0.8747666341404018,136,0.9204472623273598,1,0.5397937849617712
fov0,3611,12133.12048192771,6593.668674698795,54.28019501427665,9.262409704706053,-0.7721408563693235,332,0.9853333224530803,1,0.20925807937455004
fov0,3612,12138.36862745098,1277.9019607843138,68.44179874930803,14.016658931295936,-0.9662496086198784,510,0.9788045184330351,1,0.6886598535140204
fov0,3613,12213.571612074502,6948.604367373154,246.77232667902018,22.523404480339064,-0.4066424144890189,1557,0.9958259996170085,1,0.043786715921200425
fov0,3614,12130.622641509433,1571.8427672955975,23.5822415979382,9.526997679456537,0.8436671444095706,159,0.9147632531725984,1,0.6456610830654418
fov0,3616,12154.581643543223,4726.218783351121,72.80339021766238,46.09587996413511,0.8275962501900449,937,0.7740244738997658,1,
fov0,3617,12192.410612760581,5442.130764371446,185.36762085216222,19.091765491894478,-0.5948535343790076,1583,0.9946819701773273,1,0.3884289688385044
fov0,3618,12133.756097560976,1388.0439024390244,34.156009023543035,8.023988684003557,1.026488303024163,205,0.9720142907398459,1,0.7308340989434408
fov0,3619,12139.613372093023,6331.462209302325,49.67962079229231,14.661602572522932,-0.6683782513665764,344,0.9554592451712122,1,0.1961228997745187
fov0,3620,12143.850318471337,7466.716560509554,49.23629858369965,11.786977162008201,-0.45352211518201874,314,0.9709219917615567,1,0.22300588110410483
fov0,3621,12152.37978410206,3614.0107948969576,97.51901474498011,35.710193133442864,-1.3576926481079412,1019,0.9305412932517639,1,0.24809061940511679
fov0,3622,12139.0,5218.790697674419,22.133452933823897,14.768131699823277,0.3606909014958991,215,0.7448506192770965,1,
fov0,3623,12140.858585858587,3462.8838383838383,26.607627091662778,10.79203474018367,0.3723965683411929,198,0.9140509905986186,1,0.607632930586543
fov0,3624,12136.42372881356,4370.892655367232,28.741986858745367,8.458229882278394,-1.0238543496216426,177,0.9557188413303733,1,0.49663562837392833
fov0,3625,12142.492012779552,1767.7859424920127,61.05346221466168,17.9515507098747,-1.1207440709504026,626,0.9557961850720283,1,0.647843669559512
fov0,3626,12327.93787446505,5551.474536376605,327.50447484138033,244.76115560565785,-0.27219631208043404,14020,0.6644282091661751,0,
fov0,3628,12148.202380952382,4176.706349206349,31.479010465063855,11.780615878232268,-0.7087868097816703,252,0.9273330245993673,1,0.5230212072605698
fov0,3629,12150.786407766991,7166.174757281553,34.922284333069925,8.098419661126831,-0.627480763954166,206,0.972740027600393,1,0.13483080487036558
fov0,3630,12159.811934900543,2489.007233273056,57.10369110926454,24.380303468623275,-1.460603039547573,553,0.9042762043708703,1,0.7290565554552455
fov0,3631,12159.166023166023,4569.2277992278,27.15684007857308,18.667978608516172,0.38731495459638954,259,0.7262662555039785,1,
fov0,3632,12198.846473029045,1982.8563278008298,160.72854755422344,38.09695057019841,-0.6499158920752434,1928,0.9715031462160277,1,0.09207958657010476
fov0,3633,12161.621908127208,2270.703180212014,21.04744298198126,17.365966945264564,0.261295130295117,283,0.5650060233376838,1,
fov0,3634,12166.762114537445,5355.651982378855,29.841840452085293,10.533568629274548,0.5850756187104956,227,0.9356309204369105,1,0.40574916454026916
fov0,3635,12162.698148148149,1498.3166666666666,65.87715585606753,15.301812527635036,1.5332364887762966,540,0.9726494441240695,1,0.7546453385281485
fov0,3636,12170.952173913043,6492.9,35.87532663813532,8.57088055146696,-0.42231414193043065,230,0.971042357649353,1,0.3032892952179142
fov0,3637,12173.668539325843,1575.4073033707866,48.23232293504804,11.059361669859715,0.6109709206555799,356,0.9733573122373326,1,0.6316790804056157
fov0,3638,12165.77966101695,4267.881355932203,18.17741864806954,9.284748732220933,0.10170424393298533,118,0.8597086201111357,1,
fov0,3639,12173.879888268157,2227.0977653631285,45.21422205120147,11.497139676614555,0.9258858058885319,358,0.967130252187093,1,0.6913624389362657
fov0,3640,12175.277777777777,4868.065843621399,41.55446275253752,20.560581366826412,-0.2813337349983133,486,0.8690146477269963,1,0.16610365131786034
fov0,3641,12172.035326086956,5929.225543478261,30.8907096366758,17.41737511978167,-0.32660482121453666,368,0.8258849856944989,1,
fov0,3642,12217.70278637771,1260.6176470588234,121.9305255769152,16.844748166301727,0.25133430366580095,1292,0.99041126464248,1,0.3549380740387929
fov0,3643,12188.136243386243,6062.716931216931,89.38521349322991,13.964649796421615,-0.7858033446855905,756,0.9877207067119403,1,0.18466209915678494
fov0,3644,12169.098484848484,2440.6969696969695,19.684047696718014,8.745833166149263,0.8858891732775616,132,0.8958727559534927,1,0.9866665356446189
fov0,3645,12188.522580645162,3477.036559139785,60.903009457790986,12.682318696215463,0.5574838364089212,465,0.9780781923308676,1,0.649433124660751
fov0,3646,12176.687651331718,2676.089588377724,62.28890942023004,8.67438608562492,1.2616535108786922,413,0.9902557784791175,1,0.7542881731654978
fov0,3647,12194.381564844587,5536.586280814577,80.13635138631498,29.638254804504655,-0.9222274360398376,933,0.9290923477141688,1,0.33025056541706305
fov0,3648,12183.449367088608,2567.0443037974683,28.09190867738915,8.638306769041717,0.08744215109421269,158,0.9515475648152832,1,0.5172637606594411
fov0,3649,12184.934065934065,2602.934065934066,26.478350054058584,9.848838663663578,0.42103368223472365,182,0.9282494917019293,1,0.5033290371608097
fov0,3650,12213.184983677911,4308.942328618063,79.73174614431215,30.71398923197649,-0.5892554002472784,919,0.9228262021608095,1,0.5421251028385091
fov0,3651,12263.986784140969,6836.742290748899,209.08132999226254,16.71624250268235,-0.23913665023128813,1362,0.9967988021974252,1,0.1731227693030074
fov0,3652,12221.766245487364,5315.081227436823,99.55715630488956,29.59143002936662,-0.48492779444044926,1108,0.9548057341519607,1,0.3818850007422717
fov0,3653,12202.834751773049,1832.468085106383,58.16061323897433,53.99037674494541,1.1175287151256068,1410,0.37183727271721845,1,
fov0,3655,12195.741610738254,1753.741610738255,45.5328075243417,9.836726427041084,-0.26261321192735654,298,0.9763853946654764,1,0.5450590948305528
fov0,3657,12182.522222222222,1616.0,29.92009426017871,8.484106212645685,-1.5277689897058537,180,0.9589548494963877,1,0.8545717393199541
fov0,3658,12187.586666666666,1881.7466666666667,25.787046285959455,8.266471735686016,-0.7877223088872433,150,0.9472259002965857,1,0.15196206497091652
fov0,3659,12186.142156862745,3523.220588235294,34.92973609129627,9.51303985124561,1.4087197733281975,204,0.9621988505122755,1,1.05224374833333
fov0,3660,12189.011904761905,5656.678571428572,22.58544857823192,9.916522667603497,-0.6947759221355831,168,0.8984543761720973,1,0.3742153118982561
fov0,3661,12197.384848484848,1166.7121212121212,32.04176260527892,17.232264518145907,0.3068323851360163,330,0.8430683792988463,1,
fov0,3662,12417.157818765036,5138.861694734029,573.4945359140257,223.70093359128987,-0.4424344657500202,18705,0.9207867421999035,1,0.27544798204074195
fov0,3663,12214.039072039071,5126.20757020757,67.06962175982716,38.47216021883695,-0.6631577622595629,819,0.8191248406088768,1,
fov0,3666,12196.104,2371.04,45.664593163384936,15.785466160022136,-0.9772717933814383,375,0.9383514136636455,1,0.8691765155881708
fov0,3667,12403.512864592287,2557.6478138788607,475.63154236404455,178.0572265752641,0.5629165043974784,17451,0.9272836143768427,1,0.5190405715947265
fov0,3668,12192.325301204819,3639.9698795180725,24.558917477947006,9.835765546237742,-0.9927009901432587,166,0.916298198567803,1,0.18411974744318668
fov0,3669,12200.514563106795,1424.1019417475727,32.121303175913894,9.210261345179442,-0.6183213644166707,206,0.9580103147695138,1,0.7176402134827974
fov0,3670,12430.981859167025,5352.477672820954,489.3811129879464,103.91196111465786,-0.23630419605295677,9316,0.9771972791987067,-1,0.15017919590153206
fov0,3671,12215.629611883085,2284.1638715860086,123.40556276632392,39.42847160649924,1.5432816409720698,2087,0.9475851984235854,1,0.717477781878211
fov0,3672,12199.39175257732,7402.618556701031,31.076992727665633,8.480049802572017,-0.9828450150168323,194,0.9620502688717174,1,0.4400992983546084
fov0,3673,12206.633064516129,4736.080645161291,25.982935811310664,15.747493790225054,0.281423584557111,248,0.7954108461246032,1,
fov0,3674,12198.704819277109,1701.2048192771085,22.48007342195992,10.110367532047821,-1.5693704238052806,166,0.8931555058757531,1,0.7864211154958185
fov0,3675,12222.266791044776,2533.1417910447763,77.86526345315887,11.100084439768228,-0.6882992286199824,536,0.9897868787542682,1,0.3970876579501789
fov0,3677,12348.63165608207,7358.5587037941705,326.32024705157147,70.02070211238748,-0.6554502326865532,6141,0.9767071544994224,1,0.3347630349736462
fov0,3678,12215.198275862069,5477.232758620689,18.551463803774183,8.3378514164386,-0.19492036716841482,116,0.8933083097394163,1,0.24104553803611262
fov0,3679,12224.83962264151,4484.235849056604,45.69268529628267,10.177493902563628,0.6883377456216871,318,0.9748783600248655,1,0.17509506064804659
fov0,3680,12222.281007751939,4840.350775193799,36.33494107222133,19.461281308641087,-1.120488432218485,516,0.8444668037506219,1,
fov0,3681,12337.134518439905,6429.4608649509155,289.16978959310717,46.98733677397041,-0.4974201597073771,3769,0.9867101120333556,1,0.1460150753335838
fov0,3682,12239.77012987013,1314.8545454545454,65.02935321992992,24.76118224342439,-0.18808693746775831,770,0.9246700650437304,1,0.2679508306193806
fov0,3684,12222.638655462184,5994.941176470588,20.407138675616117,7.749817542181638,-0.47661490163560155,119,0.925084994564441,1,0.09196753284823708
fov0,3685,12243.5925058548,4784.15925058548,55.45772944579179,11.006944386333066,-0.4486820314507134,427,0.9801060545276641,1,0.2995585747272043
fov0,3686,12232.795454545454,4584.073863636364,26.166297666842436,10.984491823706374,0.49861334217593484,176,0.9076187571890434,1,0.0964797300878834
fov0,3687,12282.015446608462,1222.0218267293485,126.97373591366123,43.02355527744433,0.38982914464914314,2978,0.9408446510406381,1,0.23275396494600278
fov0,3688,12227.483516483517,3568.6813186813188,24.340570767716553,11.343569704636145,-1.4659740196750999,182,0.884766029329054,1,0.7336286586820489
fov0,3689,12230.938596491229,3660.0263157894738,19.14246637387433,8.075510682555157,-0.5788332344714472,114,0.9066592872173886,1,0.3213743781797158
fov0,3690,12230.818181818182,4177.787878787879,23.885763517544426,7.665957446493895,0.7802375657170719,132,0.9470986698846052,1,0.5073107812888369
fov0,3691,12235.235164835165,2383.7406593406595,38.43759960700779,16.591566686268617,1.1086046817942359,455,0.9020414614691056,1,0.5365721482740596
fov0,3694,12351.375721532273,5945.721882106,348.7647401170455,72.40787700213662,-0.6257108254110055,5717,0.9782111738106417,1,0.06854641663615053
fov0,3695,12268.844508880029,2585.891627401232,163.3412454707194,42.040722221426286,-0.9949103143005149,2759,0.9663103463238335,1,0.5015797530475753
fov0,3697,12280.45643939394,1590.4368686868686,119.23041918348761,34.14693268661561,0.074003410791075,1584,0.9581117928850662,1,0.5666274154429102
fov0,3698,12260.175732217573,6631.194560669456,82.53721567023494,7.740420950014884,-0.49782612329035114,478,0.9955928524453451,1,0.26724511151394603
fov0,3699,12241.666666666666,7371.0,26.57965495237095,8.691542266680248,0.5239325746917675,159,0.9450244021364782,1,0.648615020995736
fov0,3700,12244.797297297297,7407.8378378378375,37.54820572490942,12.805194513105878,-0.8213607557125159,296,0.9400511577556295,1,0.3708541968364044
fov0,3701,12254.27245508982,6446.290419161676,47.69841187458828,9.18608642647395,0.04566768442417188,334,0.9812799340523553,1,0.4290255947885965
fov0,3702,12254.172304439746,1499.7304439746301,87.1711847111357,40.83591969949502,-1.4670957256263766,946,0.8834864927298319,1,1.1300991929374966
fov0,3703,12262.095637583892,4218.298657718121,63.87987218453057,16.53032151095751,-0.37221516560226764,596,0.9659384340042787,1,0.4393539212540153
fov0,3704,12272.173076923076,2998.9314903846152,104.89908364450729,81.45794678416995,0.8547107006309466,1664,0.6300725096502892,1,
fov0,3705,12253.680327868853,6596.893442622951,41.55955682321216,7.624569607868357,-0.09023454227657651,244,0.9830269364107577,1,0.3796647661236043
fov0,3706,12264.661476355248,2684.21107266436,79.55119650419708,45.886722492184234,0.8862190067399465,1734,0.8168712679427271,1,
fov0,3707,12282.645622602024,1741.488315312173,185.42912685705545,49.5046285324902,1.2563542690430933,2867,0.9637039221382581,1,0.8691977041584702
fov0,3708,12247.730263157895,4160.2828947368425,27.76253562871017,7.65418126326119,0.5742362968422454,152,0.9612432122775777,1,0.28033297587764927
fov0,3709,12246.384615384615,4855.038461538462,18.91583096858144,7.218621650382361,0.06787718507036951,104,0.9243201281697585,1,0.3075611300537152
fov0,3710,12252.664,4557.392,22.752507776523462,7.343734055590479,0.20933591543662639,125,0.9464788229446176,1,0.1589296758441872
fov0,3711,12256.701570680629,4129.335078534032,30.930962575419652,11.334593040928258,0.05219206613797358,191,0.9304384860945014,1,0.30896848977158897
fov0,3712,12450.2336523126,4608.694477671452,396.8485725814906,116.41412520376869,0.029401181083166975,10032,0.9560061989923284,-2,0.25417321938431825
fov0,3713,12258.920765027322,2424.2131147540986,40.99464470700617,13.442041169763542,0.9777314660860359,366,0.9447133083542243,1,0.5340743988755524
fov0,3714,12248.328,6520.024,21.022142659768875,7.655779385034912,-1.478108403056214,125,0.9313297822671497,1,0.651293987479828
fov0,3715,12271.798122065728,2865.5586854460093,59.173742958415986,13.057310586288457,0.36610688062535324,426,0.9753506663112907,1,0.3806755603171023
fov0,3716,12286.819569743235,2748.2317834836917,85.13948330140403,23.01585760166468,-0.39896658588903977,1441,0.9627673910175332,1,0.21555330181473542
fov0,3717,12260.560209424084,4371.759162303665,25.19109859596856,10.604922857491845,0.37973074218001596,191,0.9070703957765059,1,0.2584701912357804
fov0,3718,12314.290674202664,5721.157448526444,202.59908145079584,42.16654965274841,-0.5048412781816715,2477,0.9781015893661998,0,0.15448355211913298
fov0,3719,12330.055164319248,1396.642899061033,155.644986078528,74.30858122809552,-0.10824214812968683,3408,0.8786732938771215,-1,0.2458083290585973
fov0,3720,12336.918108108108,2367.835945945946,166.06951059900777,59.528192271546786,0.13146503836840923,3700,0.933547593923672,1,0.5530309796307943
fov0,3721,12292.585735963581,4289.230652503794,84.48795848159104,14.943585272893557,0.4551122924808623,659,0.9842337961506384,1,0.34082914976940976
fov0,3722,12294.045112781954,1343.9285714285713,89.91859774192545,21.152868967706553,-0.31515854787128783,798,0.9719361888001785,1,0.2768293134514955
fov0,3723,12316.648757016841,7168.709703287891,145.81954553845665,20.945882150633352,-0.4445620977979365,1247,0.9896296458651525,1,0.1920535707491186
fov0,3724,12315.285714285714,7011.091994692614,106.64390995667434,67.15224800416183,-0.25921010527424554,2261,0.7768492156844635,1,
fov0,3725,12394.188335358445,6617.511543134872,257.27545373931264,74.32961578429544,-0.5425639185313427,4115,0.9573560688534447,0,0.07693098550615972
fov0,3726,12279.28805620609,3552.814988290398,60.53592791280273,12.124226423255553,-1.1316096645300617,427,0.9797383941185638,1,0.6818112021023053
fov0,3727,12283.76017130621,5510.458244111349,50.59514938851076,13.496792385601768,-0.33969955485811926,467,0.9637628248295832,1,0.16396462953802945
fov0,3728,12291.745762711864,5329.189048239896,64.14665929903569,29.99246465637439,0.5737222389115425,767,0.8839609036046441,1,0.43346978945623404
fov0,3729,12278.651408450703,2133.0598591549297,38.85406934393601,19.653885147411668,0.5912203577469903,568,0.8626281853145926,1,
fov0,3730,12292.175582990398,6507.159122085048,51.15282650379257,24.900217213489416,-0.28472967440405544,729,0.8735241198343895,1,0.3182478350060732
fov0,3731,12288.143149284253,1496.926380368098,42.371880543254115,23.290214748235368,-1.2155036647997322,489,0.8353871139195933,1,
fov0,3732,12330.379790940766,6695.979790940766,131.64194388030273,21.070395589437467,-0.37337678599428575,1435,0.9871075507081442,1,0.14261098402659755
fov0,3733,12300.162612035852,4337.923175416133,74.52666479325175,21.7268298330152,0.7339942938403395,781,0.9565613946353149,1,0.35808072060415014
fov0,3734,12283.192592592593,1631.2666666666667,19.94365045295851,9.272076907399835,1.0472183759953617,135,0.8853559873483531,1,0.4595079615150004
fov0,3735,12289.053278688525,2634.9180327868853,26.754020436051082,12.75509409781856,-0.1260482077819707,244,0.8790365999825427,1,0.2669976024770728
fov0,3736,12313.379581151832,5209.84947643979,82.51228953920598,32.27121335278469,0.6013807204974109,764,0.9203448063216775,1,0.5303722459242084
fov0,3737,12289.404878048781,7313.887804878049,32.81670298960531,8.929303676237929,-0.598603158085996,205,0.9622700244568483,1,0.3138733075677805
fov0,3738,12294.07217847769,6166.832020997375,60.28156206021705,25.214513223126612,-1.093631092123115,762,0.908318586292529,1,0.29322911436709276
fov0,3739,12337.467469879519,6353.773493975904,142.67017222623267,20.85494483922962,-0.5271349328536985,1660,0.9892586102937215,1,0.18722404730779546
fov0,3740,12293.195956454121,2425.062208398134,34.71437962351795,27.65409129896556,-1.477993533897989,643,0.6044833712586911,1,
fov0,3741,12293.306451612903,4386.387096774193,26.63522371700147,6.502127091407577,0.422094867944795,124,0.9697456334857821,1,0.08254669524729048
fov0,3742,12312.59718969555,4738.672131147541,63.00499246372723,14.802163320305814,0.3599335070751962,427,0.9720107554809327,1,0.22777642390934713
fov0,3743,12330.442580645162,3608.6382795698923,112.7836256848567,80.33264732109183,0.049513048802748705,2325,0.7019032951008373,0,
fov0,3744,12327.287846481877,5809.179957356077,102.00673900745623,65.91718094171239,0.5027811796804551,2345,0.7631645695371045,0,
fov0,3745,12291.472222222223,5852.740740740741,16.146929068777702,8.775175494967474,-1.4016532322984478,108,0.839436451380819,1,
fov0,3746,12295.958333333334,6756.744047619048,25.26179877551564,9.670959811127354,-0.8858594485495397,168,0.9238190483198556,1,0.2697561711668921
fov0,3748,12314.496957403651,2775.162271805274,77.46382169058126,11.060490995948117,-0.6870026790081627,493,0.9897540655281025,1,0.3533039387778914
fov0,3749,12305.521367521367,3509.628205128205,37.517468391756644,10.286413422602037,-0.3784634048129424,234,0.9616793489062483,1,0.5580410141410727
fov0,3751,12314.91640866873,7219.823529411765,53.332400486042296,10.686574898742343,-0.08545187171644394,323,0.9797189109056271,1,0.3142726080885035
fov0,3752,12310.371308016878,7083.864978902953,40.01345296443011,8.080020786872144,-0.36907628822722965,237,0.9793994195889685,1,0.15274594513458675
fov0,3753,12371.090346808041,2691.450408659156,143.34187055524075,107.47948182557431,-0.03358830166691487,4527,0.6616507237915529,1,
fov0,3754,12300.04,3648.46,15.406224111772897,9.340078084139737,-1.2512073265163617,100,0.7952714198318455,1,
fov0,3755,12313.28947368421,5876.872807017544,41.30098791316588,8.406183201527305,-0.6042169551952451,228,0.9790677379963729,1,0.1460426022264031
fov0,3756,12311.712,3055.248,20.19458791958845,8.971702779183685,0.5021755949060502,125,0.8958965486626678,1,0.6745752188285229
fov0,3757,12323.252525252525,5663.319865319865,44.702732620862605,9.979353465557946,-0.043293367770403185,297,0.9747639442492073,1,0.21471484311002856
fov0,3758,12416.651384083045,4435.561418685121,237.79110790783724,26.040161238311818,0.24714048140233444,2312,0.9939858529230912,1,0.40007495517142194
fov0,3759,12317.058035714286,1538.919642857143,50.547441811271064,14.459759126251983,1.4202194827898598,448,0.9582107748074354,1,0.9552589147348318
fov0,3760,12342.676855895197,1639.0160116448326,74.86860343220073,30.1770353634864,0.022676832567274343,687,0.9151706371870303,1,0.2744806069448675
fov0,3761,12339.790865384615,6600.680288461538,76.7163254600904,23.180748195335873,-0.5099633206574348,832,0.953256631563376,1,0.10541547231266751
fov0,3762,12370.883293365308,2777.898481215028,132.81297869840265,16.576076618441004,-0.4239660570730342,1251,0.9921809557180958,1,0.1635418874075073
fov0,3763,12361.065088757396,1688.6544378698225,108.96238426176717,22.94658719861272,-0.06741093402354688,845,0.9775740810083949,1,0.44081590512041313
fov0,3764,12318.700787401574,2614.755905511811,17.432237369384843,9.537278541732222,-0.7322839538481468,127,0.8370634506319491,1,
fov0,3765,12340.269896193771,1458.7826989619377,101.59257751031991,55.742216045948524,-0.6175199356954504,1445,0.8360298620760723,1,
fov0,3766,12322.361111111111,4165.101851851852,17.05243286117665,9.092075487481917,-0.09958322892422469,108,0.8459996318849825,1,
fov0,3767,12326.053846153845,4566.669230769231,17.842374159134692,10.505990586879301,-0.4349136610025105,130,0.8082624044273806,1,
fov0,3768,12344.391203703704,2632.171296296296,46.646469376731886,17.097862986089854,-0.23513129546932116,432,0.9304017355859088,1,0.2798309278312811
fov0,3769,12330.442622950819,4144.355191256831,24.204731664777846,11.98243896057626,0.7902181606125354,183,0.8688671579584404,1,0.29910766521737886
fov0,3770,12370.325794621027,6094.190709046455,157.0807827023036,22.26299420466276,-0.8456290962516203,1636,0.9899054119591576,1,0.20525113321441976
fov0,3771,12351.422155688622,1282.8263473053892,73.9960262245556,22.11909066924688,0.5187285845848126,668,0.9542773337761122,1,0.2653632362270081
fov0,3772,12380.771762208067,2950.791932059448,134.94285029571552,33.608346515180294,0.3715580203803627,942,0.9684890474693771,1,0.5390920407986274
fov0,3774,12353.101351351352,1830.75,80.39332594286141,12.637038270420028,1.1037907083709406,592,0.9875683568518555,1,0.5042796387232461
fov0,3776,12344.14184397163,3082.7624113475176,47.80307813687597,7.813122722551843,-1.3405056710941987,282,0.9865526257366677,1,0.6489124644265359
fov0,3777,12351.055084745763,6519.877118644068,31.87070322907991,10.549415295294642,-0.4895576620380002,236,0.9436284149374667,1,0.06143602517190025
fov0,3778,12347.268292682927,7595.008130081301,22.213471001051385,7.949689992740824,0.2154447157192024,123,0.9337687426505501,1,0.3646874067155523
fov0,3779,12370.27543859649,6204.754385964912,68.33931891718869,11.762883349074325,-0.15521307080753327,570,0.9850751721526764,1,0.3131588476368863
fov0,3780,12391.246244284781,3482.33442194644,155.9478633211447,28.70133987245538,-0.5749933954584676,1531,0.9829179201419391,1,0.2695668944897656
fov0,3781,12353.106463878326,5322.608365019011,28.998360112549886,13.81090436403826,-0.7208252193922993,263,0.8793017895623143,1,0.40538397625228567
fov0,3782,12378.130087789306,2846.2330407023146,67.95492328538573,37.727409446334306,-0.8140426299038248,1253,0.8317283084785104,1,
fov0,3783,12352.888198757764,4323.329192546584,22.64732801702008,11.704304534578256,-0.5923497676022947,161,0.8561017524595254,1,
fov0,3784,12369.947540983607,4971.609836065574,85.36250727013744,20.711176668265722,-0.9443996150398333,610,0.9701198639042337,1,0.1082909148457542
fov0,3785,12395.753335874952,2433.191383911552,109.0673209845043,77.03864032928784,-0.6300939369053199,2623,0.7078724680666268,1,
fov0,3787,12372.826424870465,5285.191709844559,52.90522688461307,10.49687996627698,0.11658010847619953,386,0.9801192874723569,1,0.3343285647128882
fov0,3788,12373.684772929653,3978.3045414069456,72.01748411188024,62.473733531692936,-1.2946112375634018,1123,0.4974719038034289,0,
fov0,3789,12370.700772200773,1573.0791505791506,54.19108429436741,31.25462309192854,-0.2841974877535601,518,0.8169218089860858,1,
fov0,3790,12359.20979020979,1328.5664335664335,22.894585735719158,8.594203928988486,0.37173457354425743,143,0.926870395290761,1,0.2546084220266517
fov0,3791,12418.524295432459,4287.15306122449,137.82668817149147,73.39403957881873,-0.2558862597788198,2058,0.8464239406697712,1,
fov0,3792,12367.718045112782,7442.4699248120305,38.456832260227365,11.666894632706862,-0.04605796536171409,266,0.9528708049203454,1,0.30583477903729867
fov0,3793,12364.106666666667,4464.233333333334,26.22999940484668,9.138962869650689,0.1096204157343303,150,0.9373398466768947,1,0.31235760831046594
fov0,3794,12371.040609137055,5230.05076142132,43.38136214725046,18.274276892110944,-0.8531780215255782,394,0.9069458667013517,1,0.48303878069610706
fov0,3795,12376.3908045977,1483.7343550447,72.8608568843015,31.595280647865923,-0.6563875710256781,783,0.9010868751514342,1,0.7654792206400737
fov0,3796,12365.466850828729,7233.57182320442,58.365509526281905,11.553253910958585,-1.0270777867279715,362,0.9802128061252406,1,0.3126278174995722
fov0,3797,12393.797427652733,1740.400857449089,78.45786487527191,34.054677978376354,0.25851847247646703,933,0.9008885257259625,1,0.36433451953960555
fov0,3799,12418.937763219466,6786.474029012635,181.64751797084352,41.16390125693381,-0.428164092169976,2137,0.9739846090187494,1,0.17110114033890741
fov0,3801,12385.731914893617,4774.544680851064,57.65450003028177,18.711759984142144,0.6196980204534746,470,0.9458685889568695,1,0.312455496010603
fov0,3802,12391.341595662278,2063.5213013168086,73.00454671756451,23.96363610251062,-0.6810086867143103,1291,0.9445913899287885,1,0.6349209405116013
fov0,3803,12463.683579335793,7374.809963099631,257.07373219041267,34.104590347849076,-0.4923941896917431,2168,0.9911609845034869,1,0.2256916213376303
fov0,3804,12407.498300475867,2323.613188307274,85.77911634463936,47.323731722631145,0.27268115917386526,1471,0.8340473097664646,1,
fov0,3805,12388.161157024793,4688.545454545455,40.34584532335816,18.175331477111186,0.20670165058411832,484,0.8927823290017829,1,0.1705692295425026
fov0,3806,12420.896511627907,1307.9122093023257,199.93546129999422,105.70786300402226,-1.5262791627432262,5160,0.8488025764902365,1,
fov0,3807,12385.466666666667,4078.137777777778,29.330296459301792,12.613175982872066,-0.1006210598590838,225,0.9028102363680471,1,0.5112609092764814
fov0,3808,12383.526570048309,3079.014492753623,21.31037402096563,12.707720220798981,-0.060254910097507795,207,0.8027496792867864,1,
fov0,3809,12444.251793868232,6074.057403783431,165.24197451579838,18.234696092320522,-0.6899148201908379,1533,0.9938926256563719,1,0.1764102141328663
fov0,3811,12441.088957055215,5439.501533742331,117.72239348897912,34.1154447003791,-0.25586725622713186,1304,0.9570885256815448,1,0.12924433831365872
fov0,3812,12424.172214824679,3539.1491344873502,106.88733124753897,69.81352971095728,0.7859514186389235,2253,0.757227991085832,0,
fov0,3813,12390.676258992806,4239.726618705036,18.200959072683872,11.283615802523654,-0.42220478733131667,139,0.7846443032368388,1,
fov0,3814,12434.721881390593,5283.393319700068,94.50866250589326,79.8818600323698,-0.6208745654132884,1467,0.5343976266801443,1,
fov0,3815,12393.216666666667,4160.375,20.902582024334063,7.638561400652741,0.5745305904210182,120,0.9308363657649328,1,0.5469231528089192
fov0,3816,12391.646706586826,1510.3892215568862,21.001448144097637,11.2042931693367,1.2685121542406146,167,0.8457994467865988,1,
fov0,3817,12402.553903345724,3121.1338289962823,33.53360741995595,18.053941126923945,0.12026001536232257,269,0.8426999469661587,1,
fov0,3818,12396.953488372093,5420.732558139535,27.769400722240245,8.613535612654413,-0.2708003747092001,172,0.9506775773602444,1,0.12780409321121658
fov0,3819,12400.008695652174,3678.582608695652,18.872948026827046,8.16230206079721,-0.327304191642684,115,0.9016402356620407,1,0.2199632582788031
fov0,3821,12533.463817514421,6831.142108023073,289.16323856927227,85.50963538937422,-0.07662874581360948,3814,0.9552765015924717,1,0.2106003291207621
fov0,3822,12411.800711743772,1596.7651245551601,43.410444889243486,10.065666847388306,0.4034629403622827,281,0.9727463049529469,1,0.40877715749824717
fov0,3823,12402.447204968945,5808.608695652174,20.342965980824342,11.136294655901988,-1.1137747537881,161,0.8368532526983915,1,
fov0,3824,12409.016901408451,3026.9887323943663,29.251850522027492,22.814533106386186,-0.5441917039819489,355,0.6258609046737337,1,
fov0,3825,12408.40655737705,5025.688524590164,32.9986529091417,14.350422844800175,-1.0832385071577384,305,0.9004888735786932,1,0.19712743150821638
fov0,3826,12419.318584070796,6297.16371681416,36.37743605583566,8.889248699867808,-0.22130193157099928,226,0.9696841782103247,1,0.21397056229377515
fov0,3827,12421.55357142857,7058.183035714285,37.75528169477456,8.108172846167234,-0.03168196604161031,224,0.9766677353889635,1,0.3321240254820469
fov0,3828,12434.775444264944,7235.424878836833,72.67794504731646,19.101924130203475,-0.6343895677400259,619,0.964842234232822,1,0.26353616276008474
fov0,3829,12417.296052631578,5234.809210526316,23.851855020813943,8.401067297293999,-0.03242855133107135,152,0.9359177573520153,1,0.4115513889914218
fov0,3830,12475.48869193154,1455.9535452322739,131.2376728777166,79.77168500495851,0.33929914226789093,3272,0.794058490454722,1,
fov0,3831,12418.76582278481,2242.012658227848,23.909952422708106,10.01726411588297,-0.3329056868657696,158,0.9080056469573025,1,0.4861863074149821
fov0,3832,12417.238095238095,1477.008658008658,31.38281462307929,11.569978268382332,1.4641399494677896,231,0.929559382418316,1,0.9000546821418977
fov0,3833,12431.850439882697,2847.8035190615838,52.1291663776248,9.925364546988918,0.17089356791548643,341,0.9817067025746333,1,0.23866693024524196
fov0,3834,12439.664335664336,6475.403263403264,69.62229497162683,10.46362983584495,-0.3555522564332542,429,0.988641747660562,1,0.06985393269023073
fov0,3835,12424.0091954023,4226.972413793103,42.5550818549517,15.2355749421683,0.8694968729960466,435,0.9337138765535535,1,0.7578339954111067
fov0,3836,12439.709064327486,2089.3011695906434,71.91302168067469,16.963792184563506,-0.015128694029056478,684,0.9717789883868669,1,0.35207063974072406
fov0,3838,12433.383627608348,4344.040128410915,64.90184080664282,20.995981690945545,-0.9445042682523583,623,0.9462269259708037,1,0.601199883498995
fov0,3840,12480.64117338921,2780.379256155055,161.4257181337167,28.096396331163227,-0.3586669643614947,1909,0.9847365425336341,1,0.1569919702418155
fov0,3841,12431.467065868263,5177.314371257485,47.9927829263713,11.87477711512173,-0.9116738416967719,334,0.9689061826355252,1,0.25732464565232144
fov0,3842,12512.607938991005,5800.945639421197,166.83926929178867,105.13630744597323,-0.009322946499601978,5114,0.7764610587792183,0,
fov0,3843,12464.054748603352,1340.0106145251398,98.4562098033418,64.29061867127128,-1.5528858919172548,1790,0.7573691720147944,1,
fov0,3844,12428.219827586207,4168.564655172414,35.03654041322975,11.384233155047367,-1.474040368708291,232,0.945739931347601,1,0.9644950095555083
fov0,3845,12464.664295874822,3104.312944523471,97.46695007802414,36.02028326908098,-0.8591009142346668,1406,0.9292052487553574,1,0.16474630410357224
fov0,3846,12472.637735849057,1530.343396226415,107.02737435241129,24.38542553078489,0.23395380181355108,1060,0.9736979103772446,1,0.48036181642555265
fov0,3847,12435.128755364807,1713.0858369098712,25.505989535285952,12.769884369557385,-0.6726076746438989,233,0.865642755252436,1,
fov0,3849,12432.966386554623,4848.512605042017,18.39181140228548,8.920167757718971,-0.22992522038138197,119,0.8745099524638947,1,0.3979014884710397
fov0,3850,12442.682926829268,7141.756097560976,44.810718905092635,12.704588547363956,-0.7853998815416234,369,0.9589672899120116,1,0.20181789949983572
fov0,3852,12447.192468619247,3066.192468619247,56.851817247594475,14.717112896770224,-0.9174083865967005,478,0.9659127232342929,1,0.13015669400600077
fov0,3853,12441.67217630854,1678.206611570248,28.62875919431268,28.15516653584509,1.1875674303060313,363,0.18113929041478272,1,
fov0,3854,12438.186567164179,1563.7089552238806,20.373164718348658,9.562418099596723,-1.1720791163696989,134,0.8830050893086945,1,0.9462360137956966
fov0,3855,12557.224756474221,1772.7666904252792,373.99122227818964,111.01096072388373,0.985064359609801,8418,0.9549310479620093,0,0.326342903739995
fov0,3856,12469.755670103094,2720.046391752577,108.04977017014237,34.47828915199474,-0.31576021478121,970,0.9477222738532736,1,0.12670892340025694
fov0,3857,12455.127090301003,5215.785953177257,66.93423319453922,21.99287393874371,-1.1464694744303576,598,0.9444780987954537,1,0.28991914047285916
fov0,3858,12492.770730367929,2341.8831685886876,278.65385839842526,121.8267247347681,-1.3965399435574417,7284,0.8993656035448233,1,0.5028811900204079
fov0,3859,12454.041666666666,4393.78125,46.116670115839604,18.76235596388991,0.0701066582187703,480,0.9134970198392947,1,0.4475067434051131
fov0,3860,12449.10593220339,4039.1271186440677,39.09501415867424,8.566158040014159,0.9223640877071804,236,0.9756998786438602,1,0.44047452698589196
fov0,3861,12493.870046620046,4783.012237762237,148.89437858018695,42.95300519973677,-0.15628634568611913,1716,0.9574860126857431,1,0.2677060294809189
fov0,3862,12462.525830258302,6996.7933579335795,72.42137517399732,22.0903957167802,0.35941100426347306,542,0.9523440531051808,1,0.4201745938648233
fov0,3863,12472.835487661574,1753.9024676850763,75.82095711302908,21.600644248910125,-0.2959568347692536,851,0.9585601699414741,1,0.5803637576508619
fov0,3864,12585.49736247174,7250.1767143933685,312.53815183745917,106.02765948261113,-0.4320144613232756,7962,0.9406972997980182,-1,0.23603744564007093
fov0,3865,12446.723684210527,4471.94298245614,27.7545622556441,11.185365694979174,1.2915013211960942,228,0.9151955816482032,1,0.6428843445595338
fov0,3866,12470.258267716536,4853.952755905511,44.917276491074546,27.185102783095065,0.23058079072629672,635,0.7960537107771938,1,
fov0,3867,12454.415841584158,5726.811881188119,16.674314204111884,8.709877268185023,-0.6767612865395475,101,0.8527293780651736,1,
fov0,3868,12482.737341772152,7157.319620253164,93.86344972675711,42.15756698078643,-0.9960587371365794,948,0.893462800394831,1,0.3462954764245026
fov0,3869,12461.67638483965,6654.131195335277,31.439874244198855,14.844486986923334,-0.7919577365579678,343,0.8815156614164847,1,0.14961691984021552
fov0,3870,12489.47385620915,4209.424836601307,96.18993095637975,30.041608654867435,0.3044961809165065,918,0.9499784280170902,1,0.6392310204549314
fov0,3871,12474.084388185654,3913.8101265822784,38.92858532486778,12.262640923132528,-0.28579497326905107,237,0.9490905068545484,1,0.5533338581510107
fov0,3872,12504.132644956315,3161.5091342335186,100.75322043722223,42.25901357558371,-0.7574594910975093,1259,0.9077872675036508,1,0.28681458990144765
fov0,3873,12470.372549019608,5519.495098039216,33.032779007426,8.421886232731191,-0.031203140453186916,204,0.9669528069787354,1,0.10605091123916335
fov0,3874,12465.783216783217,5316.0,20.65204870192563,11.780616411970467,-0.9657793990272592,143,0.8213439253247498,1,
fov0,3875,12483.19168591224,4963.939953810624,58.87239814239804,13.808330066008894,-0.5381095186430369,433,0.9721048393778147,1,0.279285682559529
fov0,3876,12477.326876513318,1906.4213075060534,51.81161995205709,10.765120601366204,0.8713232948203521,413,0.9781768040789253,1,0.3054119418630371
fov0,3877,12466.813953488372,2184.860465116279,18.85279712599099,8.988435861251533,1.1833108049889718,129,0.8790284326418552,1,0.6269965046511142
fov0,3878,12480.430034129693,6236.136518771331,43.70728377472313,11.46592656234332,0.3002262920228289,293,0.9649770114330246,1,0.38059723643728444
fov0,3879,12501.773039889958,6201.276478679505,97.59189722310596,15.220433057875882,0.04258675623962428,727,0.9877633704226265,1,0.37043226610867486
fov0,3880,12476.622641509433,2746.801886792453,16.065994517353925,9.092610241365803,-0.6405303886424504,106,0.8244369744896518,1,
fov0,3881,12507.50686378036,5034.5818373812035,78.1675704951427,29.101426459049545,-0.5665017819530768,947,0.9281142923006234,1,0.2023358367088277
fov0,3882,12512.566854990584,4268.470809792843,88.33052584957088,55.292939327489705,0.9899668821808516,1062,0.7798409583292178,1,
fov0,3883,12511.041758241758,5626.007692307692,93.69260521803736,27.448030042734146,-0.03814095374888063,910,0.9561252069425801,1,0.0952052106319036
fov0,3884,12480.912621359223,5472.194174757282,16.577774426572983,8.352985190906788,-0.3858442110902352,103,0.8637815403211996,1,
fov0,3885,12497.26567944251,3471.544425087108,104.57501740803718,52.495285139259586,1.3962210206410695,1148,0.8648752438542804,1,
fov0,3886,12486.806666666667,4067.0,23.026155830849024,8.864805123389889,1.336258269077017,150,0.922921371099258,1,0.7105418628748643
fov0,3888,12501.5525,5195.095,54.05733996782613,17.86436384545691,-1.016881780758222,400,0.9438162717171427,1,0.24992452897861622
fov0,3889,12641.602763385146,6582.510732790525,349.3798825525001,99.06085572180007,-0.2617767256074641,4053,0.958962370353075,1,0.12469963719313257
fov0,3890,12494.20190023753,1809.1567695961996,40.46687101914344,15.533573041905408,1.1467093240041628,421,0.9233917156561358,1,0.3758183653682546
fov0,3891,12513.666666666666,2214.660280970626,71.87489121914834,29.149024010339787,0.03609777605861184,783,0.91407186300528,1,0.46810014718195425
fov0,3892,12513.043076923077,2968.452307692308,78.22016978745681,58.57970666113197,-1.107586875094235,975,0.6626740443050826,1,
fov0,3893,12552.074270557028,7168.510167992927,181.77279121748413,39.76289300194817,-0.6572770167762185,2262,0.9757808201814203,1,0.25214004814303165
fov0,3894,12520.182235834609,4154.546707503829,65.87682061929989,21.46195364152609,-0.04855520949924372,653,0.9454424505471737,1,0.5571829813661217
fov0,3895,12502.596638655463,4988.941176470588,42.27816945968053,10.847235763585726,-0.8875630289045914,238,0.9665261172737971,1,0.2845137051326677
fov0,3897,12515.134032634032,5249.494172494173,121.95565727659346,18.335212804204627,-0.9680301560097673,858,0.988633855351481,1,0.23884533023999868
fov0,3898,12507.284375,1618.509375,41.29178083041614,12.427530863082927,0.5358111606189263,320,0.9536340395967144,1,0.44113832471143494
fov0,3899,12515.401287553648,4697.929184549356,52.19710706376892,19.9539843863126,0.6966203512001907,466,0.9240459476207303,1,0.6809685801931361
fov0,3900,12504.600550964187,3802.8126721763088,23.506706873836283,19.66554182208523,-0.6475977848523027,363,0.5478252275041273,1,
fov0,3901,12540.688760806916,4517.330451488953,119.48353697925069,17.723112714422623,-0.33129488490513015,1041,0.9889377705221822,1,0.5511102143990539
fov0,3903,12626.044301012176,5453.7165908757515,336.9118330590796,79.61191270304317,0.25385733081222606,6817,0.971680403114112,-1,0.37509841786029746
fov0,3904,12507.176,4825.688,20.75822486243823,8.470358939292442,0.2853317784595543,125,0.9129603290032976,1,0.4730516726305124
fov0,3905,12504.568,4898.912,34.39126603202519,10.971368771236786,-1.4710688068981979,250,0.9477492841128948,1,0.6875005481024754
fov0,3906,12514.50193050193,5994.822393822394,39.81895857800379,9.127148964693554,-0.22432685646836845,259,0.9733755441111428,1,0.2468038054346419
fov0,3907,12536.749183006536,6285.798202614379,91.20781893567711,44.88706063479194,-0.82349888793785,1224,0.8705157889647148,1,0.6085002232343455
fov0,3908,12530.475247524753,5901.295792079208,50.9772812048033,26.76642979938316,-0.22433603577431638,808,0.8510615998376151,1,
fov0,3909,12549.57998289136,7094.736526946108,101.25483475517211,23.079378499320367,-0.5753263268833706,1169,0.9736766795293893,1,0.12205572531489856
fov0,3910,12518.852631578948,7230.133333333333,30.906052693848974,13.649296006088502,0.2619408428891034,285,0.8971931944291605,1,0.48169664897471837
fov0,3911,12569.130434782608,4448.686498855835,142.39429186025419,78.36662749761766,0.25901666131264295,2622,0.8349343845714683,1,
fov0,3912,12518.241573033707,6978.112359550561,31.29879961392353,9.491095206252067,-0.49045443736458183,178,0.952913735644049,1,0.21907476132243592
fov0,3913,12518.607142857143,6080.9375,19.426771102630358,7.497435155688994,-0.3573425496653706,112,0.9225267455163723,1,0.21416619080691934
fov0,3914,12530.69129287599,4351.712401055409,47.764978102717684,12.708486168092278,-0.7371202843901307,379,0.9639556837594239,1,0.34240039737142125
fov0,3915,12595.002886002885,1567.2893217893218,141.1717308422445,89.10235091288116,-0.2060471107579668,4158,0.7756503505461433,0,
fov0,3916,12528.067510548522,1869.6582278481012,41.229536890010955,8.079111422833302,0.8699804048154648,237,0.9806129978972518,1,0.300960406591387
fov0,3917,12526.555891238671,6907.7643504531725,40.64924170921915,22.217948413952016,-1.4273912704174323,331,0.8374087249072558,1,
fov0,3918,12532.996254681648,3495.5205992509364,40.891543036790324,11.282305823838684,-0.4322741300107654,267,0.9611840349191109,1,0.36346213529418486
fov0,3919,12613.980616302188,6094.9020874751495,282.27803271543274,33.34336339714779,-0.6643439516249282,2012,0.9929990406239488,1,0.2791847014536503
fov0,3920,12549.673343605547,5560.950693374422,76.16431222039836,11.82304965687497,-0.29956818952173675,649,0.9878782254812688,1,0.15770701023425027
fov0,3921,12543.664516129033,6022.88064516129,45.7857692115192,29.14893521344934,-0.1544204458186737,620,0.7711632520112828,1,
fov0,3922,12633.218666666668,6325.124333333333,254.7979469872265,40.98489757059662,-0.6509815194286706,3000,0.9869784494122518,0,0.505074442783326
fov0,3923,12540.433121019109,4926.9331210191085,36.34229521958792,13.732157719745377,-0.03346016539634279,314,0.9258643379052178,1,0.45650098705765196
fov0,3924,12545.634028892457,3012.2889245585875,57.53460082519571,18.740063720705127,-0.6662958276528474,623,0.9454669148093436,1,0.2394844607197753
fov0,3926,12558.620789220404,2356.0182868142447,68.06043960170581,31.209246661127317,-0.5712400398056159,1039,0.8886676081204041,1,0.30306973674733684
fov0,3927,12530.586206896553,4078.9655172413795,27.685348597371966,8.296494312032063,1.4502801760459194,174,0.9540426250724958,1,0.832011066011961
fov0,3928,12547.87643678161,6992.7844827586205,53.66242719235297,9.87276058404228,-0.6777910834399222,348,0.9829301711949056,1,0.2739921471042515
fov0,3929,12566.742354419774,2435.262253875157,154.48123480500496,61.031076890726894,-1.1100318217161709,2387,0.9186505307653511,1,0.3377712629351942
fov0,3930,12558.780185758515,4100.9303405572755,72.56025849768125,24.531087501400123,-0.91427353216639,646,0.9411177943301161,1,0.6228407103692483
fov0,3931,12542.75,4688.298913043478,29.27986936595208,8.46468960680922,-0.6240097751753568,184,0.9573001473127966,1,0.5872139959209656
fov0,3932,12542.008130081302,3222.3252032520327,20.950358476176934,8.191252940739917,-0.16507664734483854,123,0.9203975157803315,1,0.27807261398857386
fov0,3933,12543.177419354839,4038.9032258064517,20.153574506092152,8.18452199509309,-0.345619563975786,124,0.9138252172669195,1,0.6651203960959013
fov0,3934,12548.676855895197,6704.069868995633,35.87253532245275,11.042084620118358,-0.5888926632543594,229,0.9514464074573876,1,0.24678877504898383
fov0,3935,12557.527815468115,1503.2550881953866,56.9301250358545,18.302068436090334,0.649814021031123,737,0.9469153440838913,1,0.5104139065468276
fov0,3936,12618.959246681074,1649.6338376041988,195.3828725771583,70.56176332279715,0.2389522214490892,3239,0.932509244556861,0,0.3018318748595582
fov0,3938,12576.580594679186,3397.965571205008,105.43351043095899,72.38866887622326,1.2125775811661514,1917,0.7270531065913363,1,
fov0,3939,12551.447368421053,6163.244360902256,23.275299002826262,15.628121531380492,1.373888046247681,266,0.7410528974948333,1,
fov0,3940,12568.535714285714,3056.0394736842104,48.01140101330895,23.106224871514836,-1.4653638363715709,532,0.8765749481115177,1,0.26894977349774707
fov0,3941,12575.779816513761,6080.177370030581,54.350216775809606,24.436986708790524,-1.0724139908456594,654,0.8932195456283344,1,0.38586797390869765
fov0,3942,12569.75909090909,2241.1,32.659912753131586,10.818572175500359,0.07032991890467652,220,0.943543280826401,1,0.4793973579630856
fov0,3943,12572.011450381679,3192.2175572519086,36.5046862826372,11.002758601419957,0.16170189830504234,262,0.9534956608165378,1,0.3277030774136757
fov0,3944,12585.870441458734,4393.457773512476,85.57586661230138,43.159102432174826,1.1175172986355202,1042,0.8635067324505978,1,
fov0,3945,12629.907638746672,5682.999180831456,210.54976043807036,75.88474931313945,-0.7590724528317061,4883,0.9327930560290842,0,0.2955053854115195
fov0,3946,12632.523891966759,4889.31959833795,225.33055687201104,79.34505650138814,0.49890168677533864,2888,0.9359520900625292,1,0.3650020604910456
fov0,3948,12571.498817966904,2507.48463356974,30.609576268585066,17.973855917202375,-0.45767782309839605,423,0.8094439500045307,1,
fov0,3949,12583.71346375144,5863.912543153049,67.67012481367453,37.92469521255306,-1.028440172573412,869,0.828198524558017,1,
fov0,3950,12585.645645645645,5605.486486486487,57.443211742507394,9.232139388921086,-0.2642918389450553,333,0.9870004200631581,1,0.18895325068782765
fov0,3952,12572.892857142857,6243.138888888889,35.23524326089011,10.937829334561545,1.14671315173064,252,0.9505985332225496,1,0.6535337206270299
fov0,3953,12570.907630522088,4146.152610441767,34.788372190792,11.022747892071882,-1.4074610134997305,249,0.9484751590296828,1,0.8203535855171068
fov0,3954,12574.383720930233,3107.1162790697676,36.50500670561637,11.371385503274421,-1.089266168919238,258,0.9502454706167734,1,0.35314392796316385
fov0,3955,12591.93572778828,4727.222117202268,83.85804532344133,41.03059376898602,-1.4885070228004007,1058,0.8721232162998738,1,0.9779818410085693
fov0,3956,12646.378535170414,6193.630891950689,178.62602573815502,53.67069140884904,0.13858091744136045,2758,0.9537931540058592,1,0.3835268252635209
fov0,3957,12578.560344827587,4658.353448275862,19.453973699550424,8.44676869293205,1.112788478851937,116,0.9008201307019255,1,0.9122756359531318
fov0,3958,12584.078651685393,4010.1535580524346,37.20642171207675,12.154434143269274,-1.182773076648913,267,0.9451364885600521,1,0.7958639301998949
fov0,3959,12590.414012738853,5383.475583864119,38.25307791264786,19.18589604465842,-0.43378873409337865,471,0.8651276771689373,1,
fov0,3960,12599.622905027933,6474.262569832402,59.71150621211174,12.89780058962231,-0.4445702608047102,358,0.976392936375003,1,0.20042823268095422
fov0,3961,12586.28085106383,2017.9829787234044,30.9057460083417,11.33897906711357,0.8471031347110556,235,0.930264716203694,1,0.4387253875515139
fov0,3962,12604.152249134948,5521.63321799308,64.1662403049173,15.714715098178972,-0.30182682800525146,578,0.9695467574623435,1,0.19936865574370632
fov0,3963,12596.782608695652,3234.121739130435,43.2348171074672,16.700453450414358,-0.5915883664539313,345,0.9223843959841789,1,0.3721368401688085
fov0,3964,12582.22794117647,3478.470588235294,21.462236760701096,8.960577180105133,-1.5381120489963482,136,0.9086749247277078,1,0.4033438206099434
fov0,3965,12603.950413223141,4794.535537190082,60.306292741227686,22.76412874570501,0.4723793686146842,605,0.926019701738193,1,0.5482313502937574
fov0,3967,12604.089353612168,3141.3821292775665,38.71852112130097,26.906001655437496,0.7101150593260332,526,0.719093870556559,1,
fov0,3968,12621.535844471446,4312.187120291616,96.6960696296863,14.677129623329275,0.04118690852847381,823,0.9884133484629339,1,0.45759130819720756
fov0,3969,12602.274447949527,6894.318611987382,48.77343624588779,9.20571916223979,-0.5242800345185502,317,0.9820262234109782,1,0.11988611679134704
fov0,3972,12613.651685393259,5894.375601926164,96.62374844950985,12.827771202162085,-1.02982901859815,623,0.991148210874767,1,0.37238350455552177
fov0,3973,12635.255026455026,6922.972486772487,124.57096373117844,20.370900576791502,-0.42770833918745516,945,0.9865386133529342,1,0.1188564168686205
fov0,3974,12616.59521218716,4656.252448313384,65.60094805974414,31.788601644458637,-0.7201182298151874,919,0.8747495303443513,1,0.5070854816958345
fov0,3975,12632.966216216217,6258.096846846847,94.014857882501,49.354685833133736,-0.9355958310551011,888,0.851122660753649,1,
fov0,3976,12622.518404907976,7035.700920245399,64.12247274792668,57.86000229093949,0.9189107005833482,1304,0.43103377688633515,1,
fov0,3977,12626.487967914438,4218.870320855615,79.48474327150373,22.4704304947357,0.17407008350615658,748,0.9592080297789237,1,0.4360781396380005
fov0,3978,12601.623456790123,5130.66049382716,26.328220229636898,9.053799816330908,-0.8590507761827936,162,0.9390128868947372,1,0.26514800545110934
fov0,3979,12619.41230068337,4123.44874715262,59.53180669113193,16.022174179207934,-0.6925229028800428,439,0.9631020796930727,1,0.31254623120166675
fov0,3980,12628.926946107784,4523.530538922156,78.24600928884384,18.28256375842546,-0.43431699225909653,835,0.9723195904731969,1,0.36424531427070284
fov0,3981,12610.315492957747,5811.915492957746,26.363150455752262,22.706423924833107,1.0797666296451867,355,0.5081068837373334,1,
fov0,3982,12620.80505952381,1716.299107142857,78.10692878821756,18.02066579774041,1.1387079131020554,672,0.97302068594315,1,0.4317124722118319
fov0,3983,12632.277142857143,4277.634285714285,55.91095422138455,29.331051841621242,0.021958523740245386,700,0.8513470143546878,1,
fov0,3984,12700.015559545183,6500.815679233991,223.99003018599393,17.34371974396448,-0.41349290410558204,1671,0.9969977313848648,1,0.24603881840890848
fov0,3985,12701.835267478064,6799.459666006227,173.5869188103738,109.47542870071673,-0.23987633378044992,3533,0.776054091848485,1,
fov0,3986,12654.07537248028,4072.6441717791413,115.57329355421133,16.240399107501943,0.25721134411553365,1141,0.9900777911768135,1,0.2956026301791926
fov0,3989,12621.380073800738,5990.878228782288,42.168292885483716,12.83713601251794,-0.07983886410869281,271,0.952535903585422,1,0.37501747068572516
fov0,3990,12663.224672419303,1940.4483860658356,125.96944954278435,99.82263893409994,-0.08352434026151831,3129,0.6099559741050299,1,
fov0,3992,12623.480446927375,6712.039106145251,49.14331795462424,12.424018213334191,0.16198722732248663,358,0.9675154345900869,1,0.25515850216968416
fov0,3993,12614.353846153846,3708.846153846154,22.092924331356063,7.8826434189325285,-0.6928727372044369,130,0.934182732125534,1,0.15530950200903235
fov0,3994,12633.056818181818,6960.360795454545,58.62522821099397,8.923564799888181,-0.393554706113729,352,0.9883476006260125,1,0.11515488895375585
fov0,3995,12629.74931880109,3992.193460490463,43.275053673571634,21.463054683714912,-0.44074474854086937,367,0.8683406290890714,1,0.30422165531429046
fov0,3996,12624.608058608059,5033.3003663003665,27.745911376082258,14.499437588247417,0.6531733353243645,273,0.8525907144172077,1,
fov0,3998,12636.149059334299,3360.985528219971,63.248518364072694,26.94145600582445,-0.9528383989616189,691,0.904741123644234,1,0.29204051161937006
fov0,3999,12630.60891089109,5151.163366336634,33.324297808284776,8.469112023050254,-0.4719027632476331,202,0.9671668505431759,1,0.19742003674422667
fov0,4000,12633.475452196382,4375.423772609819,28.94430029608484,22.723499447813452,-0.15407863676514952,387,0.6193983977028216,1,
fov0,4001,12640.825335892514,5609.151631477927,49.87992187146776,23.82947195345979,0.1215085322235656,521,0.8785030415951163,1,0.36156803454731895
fov0,4002,12631.61935483871,3824.541935483871,28.542929940342635,7.497951545041115,-0.40030125479057493,155,0.9648801962442115,1,0.2654219259691576
fov0,4003,12640.847972972973,3858.1722972972975,42.63338851034493,12.131406700707421,-0.08044377565389554,296,0.9586606714552316,1,0.20151485805237657
fov0,4004,12650.125,3183.882692307692,73.42102358811074,14.00516534071735,0.6079538568398724,520,0.9816383710090955,1,0.5654740451713188
fov0,4005,12635.699633699634,5109.454212454212,31.14592750070661,11.420048487820798,-0.33069219052877113,273,0.930353963287711,1,0.18110407413679852
fov0,4006,12767.528014557993,5337.143664399961,279.3813143726124,194.54446127595466,0.31929414839580905,10441,0.717711795523468,0,
fov0,4007,12638.0625,5557.390625,40.949435658308275,12.166133856573774,-0.872586771481144,256,0.954845940361094,1,0.3546446642542555
fov0,4008,12640.672199170125,4958.178423236514,30.35193961247269,11.448605551840002,-0.4687420273811938,241,0.9261337865333158,1,0.3228814958086938
fov0,4009,12677.400980392156,3261.843137254902,124.99901860906806,66.30314124247167,-0.26398672210950064,2040,0.8477291805960647,1,
fov0,4010,12661.133771929824,5834.820175438596,69.28635913521359,11.584936945898184,-0.5376070022589511,456,0.9859223682642935,1,0.29249947917903074
fov0,4011,12642.636363636364,6987.860606060606,21.38754798583588,10.43424509373176,-0.5804584635111062,165,0.8729188572724882,1,0.17165907585767018
fov0,4012,12645.720994475138,6463.3950276243095,29.35759092265821,18.22094564989504,-1.2313267647467396,362,0.7840835068993817,1,
fov0,4013,12643.872,2423.744,21.56262718413433,8.758903408419991,-0.8655047471813909,125,0.9137808116567268,1,0.17521117947571463
fov0,4014,12639.56462585034,4342.700680272109,20.352332533691794,9.466551271227113,-1.4956866781465337,147,0.8852405577899467,1,0.7496927584046776
fov0,4015,12660.629098360656,4724.395491803279,62.817911427307315,14.154640094828133,0.49744526347823226,488,0.9742829420525297,1,0.6282421300433804
fov0,4016,12698.16945712836,3943.6732623033995,135.58092025195083,63.10468714747995,-0.3189423453552772,1971,0.8850798088840328,1,0.2763052618856457
fov0,4017,12648.216494845361,4019.340206185567,27.918803569290084,10.73583860813897,0.21364693583621214,194,0.9231091968610853,1,0.40802623444758623
fov0,4018,12757.422990879366,7065.725176389606,337.2554724410661,115.07240515110355,-0.7659936414310796,5811,0.9399898214789562,1,0.2153323314408861
fov0,4020,12667.70028409091,4675.063920454545,58.04821332221346,25.014405143961284,-0.3264612763243818,704,0.9023879203899624,1,0.5157263056868973
fov0,4021,12697.182247721903,5937.653729328384,141.91888051978657,88.22444549616942,0.36857377278634557,2963,0.7832919340509216,1,
fov0,4022,12651.864942528735,5800.017241379311,31.846728382396343,19.73082306242232,-0.9149058708607342,348,0.7849526718104466,1,
fov0,4023,12653.25,6403.060810810811,23.35971309676626,8.348477058351172,0.2385128323381093,148,0.9339560709574685,1,0.4187524248755919
fov0,4024,12653.14785992218,3638.2217898832687,36.44290485240596,9.49583219549095,-1.2065106124740377,257,0.9654556649961926,1,0.25805837821974803
fov0,4025,12674.755852842809,7057.334448160535,85.36194924284075,24.691519395055682,-0.8454915408927208,598,0.9572515535418071,1,0.24000754616214248
fov0,4026,12673.04609929078,5110.882978723404,40.96579226911146,11.017283921977596,-0.03996687830909404,282,0.9631573157957957,1,0.24356850445795705
fov0,4027,12659.495327102804,4801.542056074766,16.685354983086064,8.271118533393453,1.4534576746819756,107,0.8684873835292635,1,0.5356838525766319
fov0,4028,12704.212903225807,4143.3135483870965,114.38003786858903,12.003345537374573,0.173193877833048,775,0.994478274225037,1,0.26505261366176636
fov0,4029,12695.754163890739,1810.6822118587609,106.36783865616574,55.41813353837395,-0.5916472052905262,1501,0.8535538669449824,1,
fov0,4030,12663.347826086956,2212.8347826086956,20.815231334958103,7.2307747084442235,1.4935793435802835,115,0.9377248076705109,1,0.7292820569124212
fov0,4031,12718.38634046891,5034.789500509684,130.22811532079461,86.8673024557416,-0.9209109811022974,3924,0.7450223143156489,0,
fov0,4032,12689.990196078432,5542.842320261438,75.21640545167314,67.6450863887583,-0.9310996486172413,1224,0.4372509781265202,1,
fov0,4034,12678.756838905774,4013.352583586626,31.479082054861657,17.001477761098908,0.03677024186225868,329,0.8416084833729615,1,
fov0,4035,12675.608490566037,2016.4905660377358,22.97900572607185,14.414421549273007,1.114020816371975,212,0.7787885248568948,1,
fov0,4036,12710.31378600823,7005.805555555556,76.31735080853056,36.96222288483315,0.0051704856302699255,972,0.8748894525559027,1,0.28709312782981805
fov0,4037,12684.967845659165,4174.864951768489,43.0068046278123,13.72339190096717,-0.37525745772054,311,0.9477216727929239,1,0.32864153984140027
fov0,4038,12690.324840764331,4421.070063694267,50.00493543471584,9.532080789804992,0.31183556897239345,314,0.9816633579015602,1,0.4879636769843133
fov0,4039,12675.710280373833,3054.2616822429904,32.440719353756016,9.580078773757958,-1.5645092944272077,214,0.9554013936066171,1,0.6001077729095705
fov0,4040,12763.886873350924,4443.382915567282,235.96380306398794,56.819390900383546,0.6723979287350187,3032,0.9705754860637943,1,0.2597586283367116
fov0,4041,12687.653992395437,4336.9087452471485,25.126358006884793,16.456922008358,0.061020301032823236,263,0.7556579405675349,1,
fov0,4042,12684.967741935483,3882.3064516129034,21.613910285061866,7.651499059692342,0.567374737125705,124,0.9352423608088271,1,0.37967774821749506
fov0,4043,12703.694623655914,4235.651612903226,60.576094398305926,11.886811319399664,0.6452038281936597,465,0.9805580137306399,1,0.3557579998329275
fov0,4044,12688.29012345679,6373.469135802469,26.670616069248567,8.535052148778332,-0.821082986410231,162,0.9474117801500899,1,0.34594098003808066
fov0,4045,12816.446542171147,1753.8102811409808,337.8592790522866,121.44347469180472,0.8130126057509522,9746,0.9331643956687107,-1,0.62757366649729
fov0,4046,12725.753076923076,4044.889230769231,72.47258273307165,39.15011315797319,-0.4049763817655223,1300,0.8415329105932118,1,
fov0,4047,12748.855002675227,4848.088282504013,135.98757908664996,44.938268890466425,0.7030185387769852,1869,0.9438204780514975,1,0.5069763540034593
fov0,4048,12716.606848446418,5761.424857324033,141.09894458228,39.95551573864311,-1.3624452209095845,1577,0.9590686281028132,1,0.5114327041495452
fov0,4049,12752.995601173021,6731.586021505376,145.9277933357941,63.190463826916314,0.26232959618499324,2046,0.9013816438993641,1,0.5002596938869572
fov0,4050,12712.843675417662,1621.5298329355608,65.98146777230328,21.830276199427363,0.18176101791149607,838,0.9436817222028943,1,0.2895103188128486
fov0,4051,12693.573426573426,3647.055944055944,24.377750011669807,7.980405207829014,-0.8495296774118001,143,0.944898201571966,1,0.12609648346368937
fov0,4052,12747.752542372882,4295.345423728813,123.20384307607361,93.7594983350795,0.6729215347416803,2950,0.6487387988925494,0,
fov0,4053,12704.062801932367,4465.077294685991,48.61146601567409,20.969117126277258,0.7757643126157784,414,0.9021791489315433,1,0.39646990209044963
fov0,4054,12724.99634369287,6931.745886654479,87.30978997639063,11.874268883342012,0.010702885373925492,547,0.9907086210406548,1,0.303040027138389
fov0,4056,12707.793333333333,5394.833333333333,34.28639652286728,18.597720055278085,-0.3939978556365263,300,0.8401057110048593,1,
fov0,4057,12706.129151291512,6641.49446494465,30.7266404923073,13.06035920782438,-0.3748821150758053,271,0.9051698619918437,1,0.21862015756566153
fov0,4058,12701.01224489796,2691.526530612245,37.71077282016667,8.491428648610913,1.5390206202693315,245,0.9743189156301276,1,1.0663522646651515
fov0,4059,12803.013533448784,2035.1457250978128,373.780969550161,179.2519875117351,1.2569506014640262,15591,0.8775067733897666,-2,0.30337753121531
fov0,4060,12778.484165651644,6295.997563946406,152.41945159474776,44.83234128270186,-0.47556287955096505,1642,0.9557629836111662,1,0.1783031615185255
fov0,4061,12811.234550561798,6429.899344569289,266.01560774585414,29.242409739472098,-0.3100955800999916,2136,0.993939616920467,1,0.22200771797303925
fov0,4062,12717.025806451613,7068.6322580645165,48.92792618969645,12.092643392056933,-0.496966615036644,310,0.968976677856997,1,0.16825533451823177
fov0,4063,12810.28232430788,4542.7751749315485,242.0873754222377,32.56167004395748,0.09323124943294285,3287,0.9909130788708157,1,0.1923521654652386
fov0,4064,12723.42372881356,3997.3502824858756,22.814266885868147,11.781719604671155,-0.27106063815769876,177,0.856336075772891,1,
fov0,4065,12721.67,6127.61,18.14965157409516,7.145218522826662,-0.12420687194979639,100,0.9192460468054823,1,0.20339310891442136
fov0,4066,12724.299270072992,3836.5182481751826,23.29974479538763,7.721733558563024,-0.34666287347496094,137,0.9434873627634538,1,0.28260522508027536
fov0,4067,12724.259036144578,4109.740963855422,18.02637303799611,11.969299465875327,-0.21965713175957516,166,0.7477430273236122,1,
fov0,4068,12736.0175879397,4738.271356783919,48.71015622460189,16.721390965510658,-0.3847239851938444,398,0.9392318489575534,1,0.273261872793657
fov0,4069,12721.277227722772,6977.6138613861385,16.123925174066937,8.244274473021953,-1.1738171310704102,101,0.8593981827302822,1,
fov0,4070,12727.172413793103,1854.816091954023,27.08587078493415,8.905943877504784,0.591054438161994,174,0.9443981681291175,1,0.5409858091157836
fov0,4071,12721.238938053097,2889.6548672566373,19.98394557554246,7.389272781238917,-1.5174344275323088,113,0.9291271209768339,1,1.1572741827123638
fov0,4073,12740.965608465609,5848.145502645502,44.25153614848695,13.793813271346396,-0.37782131063055663,378,0.950176048971829,1,0.32201515535808967
fov0,4074,12739.08510638298,6886.267477203647,38.86136233380436,13.541297939790581,-0.5310665927488821,329,0.9373268314971143,1,0.17675628541884428
fov0,4075,12730.681818181818,4932.427272727273,17.84359787143636,8.492333837687754,-1.0744017314509322,110,0.8794822446241546,1,0.6195049589987959
fov0,4076,12742.3676092545,1763.9100257069408,46.52373033948682,16.164845133251,0.028259115450609867,389,0.9376971169863393,1,0.41728176628708613
fov0,4077,12748.825980392157,3645.323529411765,68.09726908397396,10.624367625497332,-0.5834500408373213,408,0.9877542866401205,1,0.17784818098413666
fov0,4078,12750.622471910112,5443.916853932585,68.47981134787412,11.272652781462753,-0.35214610382461825,445,0.9863582662906406,1,0.17088509072121974
fov0,4079,12940.981446980282,5398.503027480205,551.6149042769275,121.80491687211722,-0.9288680276363297,12882,0.9753156813584111,-2,0.5662955322926014
fov0,4080,12753.205513784462,4776.478696741855,59.274577470263864,10.019371024465354,0.11045226459547644,399,0.9856103591471108,1,0.3879405025899928
fov0,4082,12758.459844559586,4229.743523316062,73.68304383366986,23.242140363319162,0.16734613290406342,772,0.9489475038042363,1,0.21185377719324194
fov0,4083,12752.895140664961,4180.260869565217,46.91055026072689,13.073760876571058,-0.08511381005807235,391,0.9603795078373422,1,0.19254269911724903
fov0,4084,12750.581560283688,4492.9609929078015,31.71689836019362,15.690483364846893,-0.1324222757651434,282,0.8690614119901747,1,0.3279503570408776
fov0,4085,12762.054487179486,5404.241452991453,67.83764920466214,27.731241839069504,-0.6144274019912523,936,0.9126292078443323,1,0.2748527868647742
fov0,4086,12752.556650246306,3914.4433497536947,34.35358190685936,9.212576800144198,0.05182500133489617,203,0.9633717943970893,1,0.18760305843415148
fov0,4087,12748.00352112676,5589.883802816901,34.685021973824625,10.918420076899421,1.0094819027579969,284,0.9491620891729512,1,0.6133586349706164
fov0,4088,12813.558039552881,5711.90928632846,181.83892600578613,117.78505349241958,0.18924252522495924,4652,0.7618581570645098,1,
fov0,4090,12745.070175438597,2865.2105263157896,23.737996665486204,6.5050803829224355,1.2606265484563521,114,0.9617192577055633,1,0.958329733081919
fov0,4091,12778.481818181817,5624.262337662338,95.46721848008836,19.62161221045511,-0.2344917070817396,770,0.9786502991953008,1,0.31837062133789584
fov0,4092,12752.554838709677,6356.670967741936,25.208684375492705,8.68257341876788,-0.01874849613012334,155,0.9388127841211633,1,0.2459042927617141
fov0,4094,12760.816,5140.424,42.031187630485356,11.214684764670599,0.04501320290605231,250,0.9637468867092363,1,0.4789771911676259
fov0,4095,12757.159827213824,1816.7105831533477,64.62728152458061,12.810030860490945,-1.3003512230852825,463,0.9801587713589245,1,0.8243621709466138
fov0,4096,12856.533992583436,4851.810465595385,227.6092349434792,66.55557060941892,0.5058285966247869,4854,0.9562925712168078,-1,0.47643109570811626
fov0,4097,12836.851710056151,6114.162327718223,220.22715345493907,75.53124613666456,-0.08339710144167936,3918,0.9393464579755775,1,0.15236333431499718
fov0,4098,12784.36563876652,3888.9129955947137,80.39874855264998,19.355735163128543,0.01917567170254115,908,0.9705879743068925,1,0.4252564020853529
fov0,4099,12760.407942238267,4001.9638989169675,26.7061962547903,14.894874686457543,-0.5972991393332738,277,0.830021737001542,1,
fov0,4100,12760.841463414634,5802.219512195122,26.312066296868878,8.297199489014561,0.11102467870885863,164,0.9489793585027418,1,0.5082048161536975
fov0,4101,12773.928374655647,4586.606060606061,49.09268183874163,20.23537043560994,-0.35225151785995995,726,0.9110992206875766,1,0.1560834954675777
fov0,4102,12765.267195767196,6186.2671957671955,30.328349905805386,24.77543019626791,-1.2794438577718854,378,0.576769931155167,1,
fov0,4103,12766.098958333334,5551.609375,33.21597210688714,7.589539295419556,-0.3992849281668873,192,0.9735461055253587,1,0.3589260257959786
fov0,4104,12778.548013245034,6532.7522075055185,157.44622255321863,32.387126757335515,-1.1342331633889606,1812,0.9786145121979383,1,0.35749890513518495
fov0,4106,12836.551362683438,6364.703004891684,177.91939041773793,17.579929383180396,-0.19252881908779126,1431,0.9951064772693857,1,0.18014059866234491
fov0,4107,12781.824046920821,4717.947214076246,45.148859028552515,10.888240971971813,0.021191424233969827,341,0.9704845882580133,1,0.19947643324465392
fov0,4108,12764.036036036036,5361.783783783784,15.705012942268457,9.824038255337742,-1.275343667696402,111,0.7801959536093338,1,
fov0,4110,12862.873254117156,3895.405044819679,329.954112921893,54.292654825014964,-0.9766947340138934,4797,0.9863693976346218,1,0.8147210195592528
fov0,4111,12780.519841269841,3765.9880952380954,32.935347728382624,11.124847869923402,-0.7182027174596376,252,0.9412256779785128,1,0.4991387515113848
fov0,4112,12770.653465346535,5055.564356435643,17.80703504318463,7.55252716527422,-1.4475667989910257,101,0.9056005427084176,1,0.8391647505881467
fov0,4113,12804.154779969651,6872.204855842185,87.20051420157345,26.76926796925975,-0.5360904331316692,659,0.9517142860198962,1,0.14848335681063995
fov0,4114,12780.771428571428,3820.114285714286,30.34640051395604,9.447278861523298,-0.7336463754257903,210,0.950306893934867,1,0.521796934328614
fov0,4115,12789.86217662801,2698.8621766280107,146.83370966072292,29.330495118367995,-1.550900976742674,2242,0.9798462540357757,1,1.2333445898376136
fov0,4116,12782.700729927008,4150.671532846715,28.756788441950473,18.98494173107437,-1.2808281438408726,274,0.7510987122167129,1,
fov0,4117,12787.567398119123,6008.413793103448,49.93218842992558,9.044752233407655,-0.772574554369029,319,0.9834571886726592,1,0.24024306257000438
fov0,4118,12781.25113122172,4390.945701357466,34.27408020665856,20.318180709053568,-1.4654445800566032,442,0.8053388464853002,1,
fov0,4119,12858.935254445125,5066.548743102391,274.7740547507084,123.37589257288681,1.182789620142244,8155,0.8935274735437195,-1,0.9345957166216836
fov0,4120,12782.148148148148,4679.851851851852,18.80323876667308,7.588658100991457,-0.46573877825120125,108,0.9149432583833698,1,0.1917908846429861
fov0,4121,12783.550387596899,5586.069767441861,21.239944347646258,8.191632972877628,-0.18192942787072153,129,0.9226363274514281,1,0.3056197185713318
fov0,4122,12802.438957475995,3526.662551440329,66.98019496146668,28.732094185314192,-0.5172804714573724,729,0.9033215724284592,1,0.382755789442123
fov0,4123,12804.359667359668,4199.48024948025,68.66062215700022,11.156443822055818,0.530126659214475,481,0.9867107196950735,1,0.29735343578196555
fov0,4124,12786.197604790419,6943.209580838324,29.363551163833122,7.42058575829735,-0.981054621315475,167,0.9675409775081193,1,0.3007383488562912
fov0,4125,12808.90519187359,6216.794582392777,66.40880607649777,11.046977620718591,-0.1585447822859219,443,0.9860670946259202,1,0.08328067559841716
fov0,4126,12863.187988482106,5988.954339777869,207.54219716721425,39.968977130207065,-0.9063160999684823,2431,0.9812808029317154,1,0.13069453048303276
fov0,4127,12814.653992395437,6072.931558935361,84.31083187059563,8.136968261361726,-0.6714080996530818,526,0.9953318655392711,1,0.21074311047302452
fov0,4129,12820.776295133437,3017.0274725274726,150.46336867440576,30.541932374054056,1.1168711998535397,1274,0.9791816742580497,1,0.9414563167752454
fov0,4130,12801.199494949495,2499.2954545454545,49.73168270479746,11.835531451102,-1.1161034914613617,396,0.9712681551058134,1,0.661331179293657
fov0,4131,12798.352,6970.248,18.111304616796772,9.14363806575894,-0.4585504220007575,125,0.8632023759706996,1,
fov0,4133,13098.588099502487,4747.958288557214,661.7753207242171,339.3844718371221,0.2934409493496946,25125,0.8584845537369051,0,
fov0,4134,12824.33257403189,6906.277904328018,72.26103948178248,8.517013893493433,-0.4689705485094365,439,0.993029682909904,1,0.1730996160130837
fov0,4135,12805.325892857143,4277.660714285715,18.94219727480818,15.45530047952655,-1.5157579364991167,224,0.5781660907908261,1,
fov0,4136,12897.383752244164,6163.216337522442,227.82745302276106,23.3710003505893,-0.21891029258768654,2228,0.9947245493931784,1,0.29128202788195223
fov0,4138,12819.024590163934,6601.267759562841,43.55918951678485,16.342568805075576,-0.614998936233091,366,0.9269516788620124,1,0.22341059276260075
fov0,4139,12818.07512315271,3319.1600985221676,138.524044038774,11.841633786185277,-1.3830249120017624,812,0.9963395158970741,1,0.7388429312768681
fov0,4141,12809.105263157895,2808.3333333333335,17.873762447516548,8.63966019655903,-1.3736870121346094,114,0.8754155474422205,1,1.1264741615328047
fov0,4142,12819.12641815235,3849.1199351701785,57.46165170364509,22.44214867482057,1.1741316197297893,617,0.9205780208839252,1,0.9811741335049416
fov0,4143,12821.481894150418,4148.398328690808,38.159650716688446,15.52369744555415,-0.3317877613275508,359,0.9135131443368678,1,0.26286525914864944
fov0,4144,12851.829523809523,3756.693333333333,71.36737485871849,37.86367156482923,-0.590736669377532,1050,0.8476561784418029,0,
fov0,4145,12852.599267399268,2834.177655677656,212.2554247736911,49.13771323923257,1.0807734739528234,2730,0.9728342508230713,1,0.6193364082688743
fov0,4146,12819.857142857143,3663.1127819548874,23.643291613406447,7.33198116775509,-0.671681392747915,133,0.9507012343779799,1,0.1671469907635515
fov0,4147,12823.912751677852,4378.174496644296,16.662626520625135,13.277734423734463,-1.3685278465538462,149,0.6041676539187956,1,
fov0,4148,12854.31981981982,2692.042042042042,247.5176725123972,28.932416176086804,1.247936524279957,2664,0.9931448316588237,1,0.9594799697933462
fov0,4149,12825.47899159664,4774.571428571428,17.768164919005265,9.002441737897255,1.0587845370346882,119,0.862145182434664,1,
fov0,4150,12829.77703826955,2545.1064891846922,56.65634070228068,15.921522343750706,1.4627986169275722,601,0.9597021316057791,1,1.2006180712906929
fov0,4151,12838.45038167939,3571.1908396946565,39.45314094345154,8.844030438917416,-0.7816721064153247,262,0.9745511061328477,1,0.1844985515180514
fov0,4152,12829.772277227723,6940.831683168317,16.642815533171163,7.954761725835569,-0.9236900581909901,101,0.8783763177825124,1,0.17731614591596917
fov0,4154,12852.570149253732,2310.4776119402986,53.65122285087275,19.530071976882404,-0.24269833352738426,670,0.931391467674131,1,0.7339343803110242
fov0,4155,12889.576187538556,4241.690931523751,146.95981583356482,39.01197297917743,0.12803458182128316,1621,0.9641218362727908,0,0.34728334291475754
fov0,4156,12954.020458553792,5772.777248677248,281.4883887570088,86.88570603896001,-0.8177910415390093,5670,0.9511707075298365,-1,0.24981174366579592
fov0,4157,12842.699548192772,2411.140813253012,163.55663860133774,15.674222224092176,-1.525274679500266,1328,0.9953973680095344,1,0.9877441869559136
fov0,4158,12850.009523809524,7015.291428571429,58.54522795503425,16.62868261490172,-1.027716089082295,525,0.9588149811756561,1,0.10996284378533579
fov0,4159,12841.11888111888,5635.461538461538,22.336580386544284,8.795388166592634,-0.023855291407560313,143,0.9192106710487503,1,0.26291074423490685
fov0,4160,12863.208645054032,1913.1812136325852,87.73021271233935,36.880476564248596,0.3609489719214759,1203,0.9073457695182265,1,0.5730122072846802
fov0,4161,12934.9013653484,4162.329802259887,191.06023703168123,69.48768281586744,-0.10224220913239952,4248,0.9315180261858136,1,0.1791355518685723
fov0,4162,12853.375478927202,3451.3333333333335,70.09953573920143,25.51474874432715,0.899618567825677,522,0.9314072112762214,1,0.9173341800245948
fov0,4163,12851.584415584415,4388.967532467533,24.78366978532682,8.104984757476009,0.13279869433965963,154,0.9450142192146803,1,0.3489516711903856
fov0,4164,12863.369519832986,5600.876826722339,41.11002394578203,19.726677532131767,0.017407383980115185,479,0.8773501113141513,1,0.27674916639499714
fov0,4165,12944.927170077628,6513.12420606916,207.38587982799984,130.57903890173552,0.14601752602347812,7085,0.7768847188628499,-2,
fov0,4166,12849.118466898955,4095.595818815331,27.486404945258343,14.51134226849609,1.5541436905531718,287,0.8492778341858321,1,
fov0,4167,12847.415584415585,5252.376623376624,26.45783867309193,7.68126497471972,-1.1972727764487303,154,0.9569293304319603,1,0.6797690450306428
fov0,4168,12998.950654582075,6344.309566968782,298.02158682119983,86.96611945232068,-0.7002484198531775,4965,0.956475855337603,1,0.15896330052575922
fov0,4169,12851.832618025752,6776.416309012876,37.40722509076315,10.892456760123066,-1.4164626695507738,233,0.9566664871638489,1,0.5065094067436479
fov0,4170,12852.043596730246,3376.6621253405992,52.37785295342495,10.451940975748386,-1.3946448476259308,367,0.9798878769965778,1,0.9377347707152224
fov0,4171,12859.724867724868,2256.645502645503,24.457477679293607,13.507057973774355,0.5560442788745604,189,0.8336672921586846,1,
fov0,4172,12868.971428571429,6907.5371428571425,55.44701042987381,11.539480663413881,-0.5458511312574745,350,0.9781038800930388,1,0.16859298843686077
fov0,4173,12865.33962264151,3820.6927223719676,53.7313567165198,14.732115628922806,-1.2349447093858037,371,0.9616781137233229,1,0.8757728080550807
fov0,4174,12860.0,1817.457627118644,18.134571041108835,8.728880314249833,-0.26873097216493164,118,0.8765343994787703,1,0.4122430604781127
fov0,4175,12893.333673469388,6268.317857142857,105.45194882537454,53.664783226384486,-0.589471802820852,1960,0.8608240383799157,-1,
fov0,4176,12968.47934648582,6692.26849568434,233.71481214573149,63.16400223135534,-0.19260009773744538,3244,0.9627870917539187,1,0.18356719516889478
fov0,4177,12879.16029143898,6650.3879781420765,56.78463674701764,14.362236796677065,-0.35375741120635396,549,0.9674859688110001,1,0.12784034621943452
fov0,4178,12966.359295385064,1987.1369922841752,236.21768168112607,143.3967887819706,1.0529890565692228,6869,0.7946609049111526,-1,
fov0,4179,12871.005235602095,4501.267015706806,23.221851141478986,11.287867429245871,0.008489069005455048,191,0.8739097655161754,1,0.13673123280334787
fov0,4180,12932.03840877915,5958.996799268404,192.94907105521088,43.4479051279781,-1.0780926690288988,2187,0.9743176194076141,1,0.1694737614389379
fov0,4182,12876.07572815534,3300.557281553398,64.35261924215453,13.800591870318687,-1.2955141481093915,515,0.9767343787586542,1,0.7143082912225139
fov0,4183,12874.353448275862,3200.612068965517,19.501725682348837,7.76154326871914,1.1337371498029658,116,0.9173886086759888,1,0.8774606608581695
fov0,4184,12883.140215716487,2959.3143297380584,107.95485016165,21.357685928656146,1.267964291485571,649,0.9802345162700811,1,0.28649519575623983
fov0,4185,12895.986842105263,2243.4333881578946,78.85358683187374,33.28325286942621,1.3761934945026502,1216,0.9065542722350327,1,0.4066992560501839
fov0,4186,13267.063829126213,6807.5761242718445,849.3031200309443,412.2289473269708,-1.0061716537476402,64375,0.8743070891998731,-11,0.25036361081791514
fov0,4187,12886.166666666666,5273.359848484848,34.53245903934874,10.59841057290323,1.1347544487561894,264,0.9517380415311735,1,0.933543713292949
fov0,4188,12897.740863787376,2183.0,33.068389242297236,21.045084456610027,0.36137289926964217,301,0.7713501955161459,1,
fov0,4189,12888.96992481203,4291.733082706767,35.75988005445474,11.367473153701935,1.3982306009744747,266,0.9481298054760199,1,0.6370342867928327
fov0,4190,12889.676056338029,3385.3380281690143,27.257104341307194,6.889014099127642,-0.8942079398981984,142,0.9675337200098629,1,0.764587829263515
fov0,4191,12993.94890726521,6924.86503248671,212.8261127332594,63.05432399559851,-0.037682445814808674,3386,0.9551037451186402,0,0.4070907720924335
fov0,4192,12898.800492610837,6773.87684729064,57.0633951613539,11.821028157022344,-0.7756290976842666,406,0.9783079098511336,1,0.39624838617513225
fov0,4193,12893.335714285715,3714.8357142857144,23.276891529904628,7.7943068110151845,-0.01978960561219596,140,0.9422708399387129,1,0.423814536452628
fov0,4194,12934.810330578512,4365.338016528925,124.11036305553468,72.26077128213252,0.3800909415178534,2420,0.8130241557065598,0,
fov0,4196,12895.542105263157,3532.084210526316,25.35614715074423,9.844997380139693,-0.8251918329571428,190,0.9215462248322582,1,0.47390593589273805
fov0,4197,12893.095744680852,2034.4202127659576,26.86133801631234,11.381526266874085,1.4986017067659538,188,0.9057960065527336,1,0.3053174050192925
fov0,4198,12890.51923076923,2386.576923076923,25.912419610066607,6.620463248177923,1.5546529757157586,104,0.9668106869807026,1,0.9821590458280235
fov0,4199,12908.763157894737,2341.5885167464116,58.379836658789124,16.96990108882084,0.8166742311026506,418,0.9568200656373366,1,0.35923423477723
fov0,4200,12898.958837772398,2828.6997578692494,49.738252259019895,16.74730362329257,1.3295916607155411,413,0.9416088534337448,1,0.7418620699840327
fov0,4201,12916.803526448362,3747.5944584382873,71.04952110973537,7.94446234352009,-0.44342670910577925,397,0.9937289451758226,1,0.49209811790458546
fov0,4202,12921.653796653796,4500.482625482626,84.6915194813626,26.313974934373622,0.42173004456151136,777,0.950506792880897,1,0.15387549477573131
fov0,4204,12951.187223276407,6837.8273244781785,119.15485121942748,49.47374571991663,0.6142022032913442,1581,0.9097276623568854,1,0.673961535815056
fov0,4205,12908.685897435897,6863.173076923077,41.28116581383256,16.759606661689396,-1.0990322788604021,312,0.913878959487937,1,0.4836546530418652
fov0,4206,12904.82882882883,7031.90990990991,19.27478258924822,7.849447952574928,-0.6930940860220737,111,0.9133215181404194,1,0.39093229520672246
fov0,4207,12934.670329670329,5599.271062271062,138.97811054339442,12.58181789023265,-1.041153286264354,1092,0.9958936440862983,1,0.5080688387503078
fov0,4208,12906.102803738318,2474.9719626168226,39.43237758040741,12.392189444879126,-1.3294026959476752,321,0.9493355230289748,1,0.7362851402071566
fov0,4210,12930.265205724509,2620.1055456171734,212.0698394886006,29.42087092712908,1.3449790379118347,2236,0.9903299626141491,1,0.7205283451531798
fov0,4211,12927.160243407709,3317.2819472616634,37.71619483534785,30.991731694035064,-0.45494758434929167,493,0.569907483082593,1,
fov0,4212,12916.407643312103,3575.2611464968154,25.35347282181899,8.218312408554638,-0.1028933590542534,157,0.9460059099617925,1,0.3062543035794737
fov0,4213,12950.950850077279,5207.776816074189,141.3952318554347,90.34689499593149,-0.6299379845229902,3235,0.7692341006901525,0,
fov0,4215,12924.022471910112,2432.0898876404494,25.64256225952205,10.873442726739821,-0.7499216201371859,178,0.9056439973201549,1,0.7971486257789652
fov0,4217,12930.545,4423.615,29.251861680325064,9.802274645975293,0.33364235041272705,200,0.9421828615111533,1,0.098248807968961
fov0,4218,12931.335025380711,5687.944162436548,31.008516233747773,8.296337097736531,-0.016317056031397145,197,0.9635439011529925,1,0.32564580541859406
fov0,4219,12948.12652232747,2364.897158322057,149.11981235885443,21.003986395270225,1.25043068180383,1478,0.9900305080924291,1,0.8555668164753645
fov0,4220,12923.83510638298,3362.7074468085107,30.495699793511815,8.710191282373138,1.530304256603681,188,0.9583428601027483,1,1.3395399535558015
fov0,4221,12940.575113808802,2843.8376327769347,67.87444687010978,14.032518200599363,0.9443642019753627,659,0.9783954353057565,1,0.6348996540783491
fov0,4222,12942.29746070133,2476.1958887545343,97.41628916498856,20.9298515611716,-1.4702432068932112,827,0.9766471450060523,1,0.18796577110787166
fov0,4223,12958.897180762853,6194.8341625207295,82.20454118147885,10.6995721511207,-0.11245738264161217,603,0.9914932756618775,1,0.36618148891556235
fov0,4224,12938.242966751917,2206.33631713555,103.1872923885415,20.95621491216003,1.4995302445259155,782,0.9791602602328797,1,0.8014555409212817
fov0,4225,12956.769633507853,2983.673647469459,101.57005262415335,15.788109719839348,0.9458643976167871,1146,0.9878452411639134,1,0.5544861807946829
fov0,4226,12951.875379939209,2898.322188449848,46.46023405553421,9.52739865597642,0.19481281619202578,329,0.9787482180033013,1,0.48859818466336286
fov0,4227,13005.015832805573,3662.366054464851,180.09522075995315,18.81833403273282,-0.5699333779314537,1579,0.9945258296825327,1,0.09868619499277402
fov0,4228,12948.718217562255,3841.6500655307996,69.43724756644684,20.840130677999408,1.2449759248973102,763,0.953898627725483,1,1.0776537424992292
fov0,4229,12948.653631284917,6662.905027932961,34.77832863312881,7.34934965481131,0.01989419058862679,179,0.9774169732781525,1,0.26329354017435996
fov0,4230,12962.808487486398,3115.5990206746465,182.74032229578435,25.129635399389144,1.2534488487042221,1838,0.9904996084316734,1,0.4346922890934856
fov0,4232,12948.904761904761,4223.626984126984,26.004228617877477,14.619376735200458,1.5029013046245692,252,0.8270065498161999,1,
fov0,4233,12981.899490504864,2136.1259842519685,123.46548336264787,82.86785078035476,1.4436931877360764,2159,0.7412923040789835,1,
fov0,4234,12955.861224489796,6732.0775510204085,36.528691853282346,10.344736436762709,-0.5200587411388353,245,0.9590624025709646,1,0.18349644593213632
fov0,4235,12961.29411764706,6268.477508650519,33.10861406165389,13.402156897952393,-0.5568076391291253,289,0.9144080581846029,1,0.1490443648155345
fov0,4236,12958.722713864307,2607.510324483776,87.8090714836301,15.066967980427552,1.365454291825232,678,0.9851688265421195,1,0.7393056518876284
fov0,4237,12972.314465408805,4421.415094339623,50.10717699984351,10.163489760639376,0.05096818849833603,318,0.979212928128829,1,0.12772998212201464
fov0,4238,12977.822157434402,6023.5189504373175,53.21302469222991,12.4648471162047,-0.4931318729447403,343,0.9721777683287046,1,0.3325273777457584
fov0,4239,12965.076190476191,2290.6238095238095,55.12289513970133,12.607809574089133,1.27467013748094,420,0.9734918199256023,1,0.687213851488202
fov0,4240,13000.389147286822,3625.0279069767444,122.34007182821252,8.856307650618565,-0.49582393195804053,645,0.9973763371461514,1,0.1532589162878417
fov0,4241,13007.086513994911,3737.0312613595056,170.0115293884453,40.89091123102728,-0.9102203761488019,2751,0.9706445643995819,1,0.28485554879004094
fov0,4242,12967.755274261603,6955.405063291139,36.77743069289151,9.01508288790974,0.809710650438776,237,0.9694913779391933,1,0.73851340712577
fov0,4243,12965.94366197183,2221.6150234741785,28.09510872691817,11.003138748594987,1.3644095580345723,213,0.9201189795676755,1,0.7569700709032661
fov0,4244,13018.06374269006,4556.93567251462,117.77253835614688,41.55561034191714,0.09579652607550271,1710,0.9356812774528542,1,0.16877894015823697
fov0,4246,12972.474708171207,2343.9338521400778,25.165420262086077,18.853695831402426,-0.8875915767325249,257,0.6623544920164147,1,
fov0,4247,12967.535211267606,3409.049295774648,24.511636890982807,7.769193975960221,-0.9778903700194894,142,0.9484391030442139,1,1.061888037736935
fov0,4248,12973.334140435836,2537.326876513317,38.4484138777183,17.88274330684479,-1.4903212067802378,413,0.8852528740011336,1,0.7165389791683874
fov0,4249,12988.228295819936,3069.8327974276526,100.2345522721964,12.132611640712549,0.9575543084744463,622,0.9926473611523985,1,0.3492867921260727
fov0,4250,12994.660146699267,4453.929095354523,73.12751620350424,8.268879033324898,0.17102945296022273,409,0.9935864785384498,1,0.18387354946029463
fov0,4251,12976.15,2939.6125,19.526824829231053,13.34693268464802,0.07873756652318319,160,0.7299338281881281,1,
fov0,4252,12971.617834394905,6070.070063694267,27.407411108594818,7.4353686409707125,-1.3696420052070113,157,0.9624975307645753,1,0.5046996290854536
fov0,4253,12978.929535232384,2755.9820089955024,65.87521392067688,26.44730654190866,1.4222707988061123,667,0.91586961603619,1,0.7458407903515994
fov0,4254,12979.14153846154,2491.2184615384617,39.451186714399554,11.492192949052267,-1.3083922452610734,325,0.9566312720051997,1,0.6364306233267056
fov0,4255,13035.69220945083,4360.918901660281,132.09898091720683,45.810628986697125,0.2220103773776931,1566,0.93794273442923,1,0.4761778675198154
fov0,4256,12984.073968705548,4852.421052631579,60.33285543244401,20.778955227973867,1.4750815132244461,703,0.9388210632106028,1,0.48050053418765487
fov0,4257,13020.952868852459,5637.105532786885,106.27486059493904,34.00020646689155,-0.0796919418415997,976,0.9474421669069487,1,0.33125735606693385
fov0,4259,13022.36394557823,6775.886054421769,132.97178850308993,55.034555262764265,-0.7932630455549406,1764,0.9103307936605581,1,0.4105549599384552
fov0,4260,12991.232323232323,4499.559595959596,27.545382562020777,24.575264159744176,-0.7252974698875733,495,0.45169259497139097,1,
fov0,4261,12983.558974358974,5038.866666666667,30.88750216949755,8.580333191932391,1.4618728824172849,195,0.9606409452733594,1,0.8168248854912856
fov0,4262,12985.518018018018,5435.608108108108,34.077570483128504,10.036194297312857,-1.1154555759212919,222,0.9556483161132822,1,0.38904385795124347
fov0,4263,12998.582978723403,5842.8340425531915,46.61510459375091,7.278963792341128,-0.4870466544544487,235,0.9877333018581639,1,0.3059634107528597
fov0,4264,12988.699588477366,3444.38683127572,32.19404973641628,12.501244936225158,1.3952892299894473,243,0.9215291550295448,1,0.7516346223057127
fov0,4265,12989.338345864662,3595.8947368421054,24.904170826919163,7.869162551299871,-0.7060658608986,133,0.9487666176688527,1,0.17602572663321614
fov0,4266,12988.738095238095,5114.825396825397,31.860164312210287,12.738338940119254,-1.2013892577662637,252,0.9165935662483281,1,1.0392396031356421
fov0,4267,12999.03642384106,6263.933774834437,42.10818017229233,10.252531338129883,-0.7092233145607185,302,0.9699057293453217,1,0.19682598975171675
fov0,4268,12997.870229007634,2915.6437659033077,27.947757522322032,21.657807290510235,0.8725932266254229,393,0.6320360313720357,1,
fov0,4269,12992.4375,2665.589285714286,19.62348857660461,7.737667749801447,0.8372255783656302,112,0.9189790194859644,1,0.23451356284156308
fov0,4270,12996.078260869564,2415.568115942029,45.12719407890852,11.593679191810734,-1.4753367412794378,345,0.9664350275864018,1,0.70639629243998
fov0,4271,13046.697606253054,2638.895456765999,170.50443514132004,62.1692754249194,0.8084380959866044,2047,0.9311565264703324,1,0.2060449720950439
fov0,4272,12999.432,4243.392,20.922443406465963,7.924061704910492,-0.1906943908653421,125,0.9255051572548356,1,0.5233392113052676
fov0,4273,13000.653266331658,3043.1306532663316,28.75257070345239,9.281607733611862,0.8262398296379608,199,0.9464639030634904,1,0.16423424518184274
fov0,4274,13026.38782051282,6850.18108974359,72.10976087243274,13.41239130935378,-0.0337365016922125,624,0.9825498078517689,1,0.41916825285038134
fov0,4275,12997.825,2267.6916666666666,17.977358575278345,8.7561483662294,-1.43416818876961,120,0.8733655301082801,1,1.058079734676615
fov0,4277,13001.565096952909,2820.481994459834,49.311812653928484,10.89591195092862,-1.4474397547908184,361,0.975282991216537,1,1.310091487286275
fov0,4278,13026.18621633957,3271.329529895025,183.83831399582527,39.75299050896122,1.3970076317340065,2191,0.976340487848752,1,0.857854791752934
fov0,4280,13011.23180592992,2217.752021563342,36.450270596074574,16.083103314893968,0.21998356939836294,371,0.8973920243818979,1,0.6517060463333881
fov0,4281,13021.66078697422,2691.1370420624153,59.90859200466137,38.48648907558396,1.479957660194622,737,0.7663525945078893,1,
fov0,4282,13011.52538071066,2989.6624365482235,30.77505952234382,27.9825232962997,-1.0609675517461832,394,0.4162291258893074,1,
fov0,4283,13023.2277992278,5919.208494208494,55.75353017609038,16.73074085726059,-1.1315188330378747,518,0.9539127889938199,1,0.49665411892895456
fov0,4284,13048.034812454032,2310.175288060799,301.40375787521924,51.25626689260895,-1.5145614547296777,4079,0.985433970982336,1,1.0735485523491992
fov0,4285,13021.517326732674,2880.7450495049507,56.55837225617321,11.48165930864989,1.1870335018467044,404,0.979177602133642,1,0.9319778415989158
fov0,4286,13033.54247104247,5781.706563706563,61.054122851243825,16.677473539230675,-0.9967501734763878,518,0.9619689426705311,1,0.2136963512231864
fov0,4287,13023.301369863013,4926.1164383561645,24.05871089001415,8.122442783637538,0.37849637786157725,146,0.9412863591470001,1,0.4011785477259207
fov0,4288,13024.199513381995,2933.5839416058393,50.117243002675515,13.682848916920591,-1.1125675148402034,411,0.9620092677277138,1,0.971363053753895
fov0,4289,13050.9558573854,6005.573853989813,83.49987416081511,12.779132117125506,0.008070935783159155,589,0.9882194174358204,1,0.40288673136309655
fov0,4290,13063.222351571594,3063.088474970896,128.3961293011715,69.86472624672574,1.4981015620842015,1718,0.838998189911139,1,
fov0,4291,13066.362,2567.496,110.16655768180618,43.487016551394646,0.5250645889678882,1500,0.9187933756163003,1,0.5776592838833827
fov0,4292,13024.85657370518,3414.0996015936257,41.490435262122645,9.869272011321119,1.4942898068668653,251,0.9712973417694577,1,0.7856453220267945
fov0,4293,13097.525379037574,5451.899802241265,173.11159123226713,47.11755146186262,-0.014072834346398465,1517,0.9622462919361333,1,0.4632290048736755
fov0,4294,13080.166071428572,2922.794897959184,243.27452926121873,87.00237673456823,1.32285279792317,3920,0.933863196078967,1,0.664850109671723
fov0,4295,13032.036697247706,3512.2201834862385,19.121374911652385,7.406766222052203,-0.44298770824541617,109,0.921930506673006,1,0.8328629261405314
fov0,4296,13062.22004608295,6805.415898617512,82.20623225138222,22.955647923932943,-0.5394788604929444,868,0.9602199973478186,1,0.4805863977847256
fov0,4297,13050.005611672279,2139.702581369248,86.10343386274528,18.835739762170643,1.125976397711,891,0.9757793396375654,1,0.6879115203394626
fov0,4298,13041.025974025973,2944.909090909091,25.085055735002072,8.305815032619408,0.35986538666384343,154,0.94359352952475,1,0.5076296223188074
fov0,4299,13100.961224489796,5153.173469387755,205.31573053978397,54.09322733027737,0.5905826522587814,2940,0.9646693301458215,1,0.5492175792312686
fov0,4300,13086.167902899528,7244.124072825354,114.52867563935945,36.129584218323906,-0.5673812487579404,1483,0.9489378061964984,1,0.22347492094765328
fov0,4301,13050.743243243243,4285.627764127764,101.5376013665702,27.289755392508578,-1.512832169335333,814,0.9632057746880897,1,0.7133685109174521
fov0,4302,13053.887892376682,6970.829596412556,39.89581517024385,15.309627731324028,-0.6417149020492608,446,0.9234411003706308,1,0.6106571442473057
fov0,4303,13056.30749682338,2493.8653113087676,75.15647688031606,19.161540753047326,1.2255705984028904,787,0.9669528448730674,1,1.1614281380410192
fov0,4304,13069.804899387576,2807.041994750656,151.6325265330428,17.345947927256695,1.114789960124132,1143,0.993435386363454,1,0.6499804785998178
fov0,4306,13051.8671679198,4966.894736842105,25.87469956867968,19.69784859846942,-0.5187745017266863,399,0.6484252258982841,1,
fov0,4307,13050.229357798165,4807.155963302752,18.06138353350998,7.88248271071226,0.8007093896049965,109,0.8997394744490735,1,0.23174058293139896
fov0,4309,13071.373333333333,6656.72,86.4945221022427,33.763413240593394,1.3728444032708689,975,0.9206651842317738,1,0.8484897563864
fov0,4310,13062.11385199241,3522.483870967742,55.61011088223331,24.555293786447965,1.5311080526589829,527,0.8972308988921943,1,0.7467347055906893
fov0,4311,13058.917475728156,4455.101941747573,23.98725737126618,13.614182110469706,0.05381628544665535,206,0.8233327770545119,1,
fov0,4312,13055.417475728156,4491.417475728155,16.94316578720421,8.058797344632683,-0.4902142742589598,103,0.8796416312142648,1,0.300322348017235
fov0,4313,13069.888379204893,5932.4617737003055,56.600741823348585,16.637490216106446,-1.0073615505919014,654,0.9558224160917759,1,0.5132249527636359
fov0,4314,13073.052785923754,6405.1202346041055,53.06629202747482,10.054285726125928,-0.5049148976694505,341,0.9818871816394826,1,0.19924388997117964
fov0,4315,13059.24060150376,5513.466165413533,23.426729530746982,8.363196147878277,-0.9579746316846217,133,0.9341067705185689,1,0.5476200557007306
fov0,4316,13080.890020366598,3153.8839103869655,62.885158691313464,29.116746558566668,-0.4015212910246429,982,0.8863506533864661,1,0.7219164718728889
fov0,4317,13078.314903846154,5735.2620192307695,56.50557381296718,10.886319625584905,-0.354416736644632,416,0.9812657264868769,1,0.3018419102525648
fov0,4318,13092.343304843305,7080.356125356126,70.28514760049008,19.647402193655378,-0.42164339990896565,702,0.9601344943355176,1,0.16405492890688558
fov0,4319,13067.043209876543,5888.981481481482,23.091663689707147,9.628863703474666,0.35751466578998037,162,0.908913639375547,1,0.5994703710345104
fov0,4320,13093.221088435374,4934.812925170068,87.86166904449136,20.575860411783925,0.4275299502342545,588,0.9721921192147949,1,0.17657751036099853
fov0,4321,13083.162087912087,5585.370879120879,62.82599087812917,11.3170617638433,0.7873749352359714,364,0.9836421830804813,1,0.5980102265400056
fov0,4322,13105.559417040358,6703.051569506726,85.3057357599008,37.14205111800022,-0.2545554461554855,892,0.9002374776099316,1,0.4580249538501467
fov0,4323,13073.53237410072,6885.201438848921,44.59832994026628,9.934639207467043,1.2147633651195955,278,0.9748737503985017,1,0.9142170870517802
fov0,4325,13089.640151515152,5021.856060606061,46.83078430785907,7.575181867194115,-0.06478652677821402,264,0.9868307087827055,1,0.41781506003861857
fov0,4326,13103.741100323625,5970.040453074434,72.82471922942231,12.305922610257102,0.13500108141802786,618,0.9856194764635426,1,0.3257572288269497
fov0,4327,13111.496551724138,5409.985057471265,84.50113655038574,18.492499825099852,-0.04353073240767026,870,0.9757600371988707,1,0.3848705308465928
fov0,4328,13193.736472450291,3387.277475516866,698.3794977809531,55.80914395912832,-1.1781644633009625,10109,0.9968018945513842,1,0.14954266571602431
fov0,4329,13090.984251968504,5784.53280839895,59.27925132187427,12.490272824707096,-0.8347569756610739,381,0.9775502817579463,1,0.20576589857222033
fov0,4332,13122.700127064803,2729.2630241423126,92.16454854650256,57.71492938230832,1.259697225431535,1574,0.7796494885431511,1,
fov0,4334,13103.05315614618,4492.85049833887,39.04323696119657,10.98988824814368,0.11770498074614169,301,0.9595671106076398,1,0.1697663990097825
fov0,4336,13095.787878787878,6856.242424242424,18.35637883566551,10.388867687858864,-1.094204809147308,132,0.8244367577353179,1,
fov0,4338,13111.981536189069,4542.176514032496,52.0077115419441,41.492606127165786,0.44538350984426567,1354,0.6029004588489402,1,
fov0,4339,13157.553846153845,6409.123776223776,125.65354382334945,72.01649203844646,-0.8156145087292634,2860,0.8194606958719212,1,
fov0,4341,13125.12840466926,6865.153696498054,101.1974773760951,18.733872787879836,-1.0852489948684243,1028,0.9827155587107753,1,0.6562356146267351
fov0,4342,13119.197315436242,6609.21610738255,37.894635438943766,26.491804283207323,-0.09504882515715193,745,0.7150325610940721,1,
fov0,4343,13115.096397273612,5256.578383641675,92.5171564614225,17.710801703761508,1.3369564608183713,1027,0.9815057573971603,1,0.8735618978712631
fov0,4344,13139.12459651388,5531.834086507424,86.32829217221659,80.05878988240558,-0.9725633050481751,1549,0.374130561781644,1,
fov0,4345,13114.622641509433,7158.551886792453,33.02151958349795,8.774601229636165,0.07641854094098438,212,0.9640492214178262,1,0.30429213391206006
fov0,4346,13112.827731092437,3250.77731092437,23.715577706934145,14.512836722804144,1.350928495828662,238,0.7908935498920009,1,
fov0,4347,13124.373860182372,5356.726443768997,32.260861054917854,17.243054534346946,0.5201118204057292,329,0.8451758391548305,1,
fov0,4348,13134.723830734967,2959.487750556793,76.5018328531261,32.43759948193765,0.8808720765823619,898,0.9056571560780875,1,0.18773696441555113
fov0,4349,13117.627118644068,6488.0847457627115,20.64853363701924,7.58523494547709,-0.07389530949408116,118,0.930082854250898,1,0.35233056810390334
fov0,4350,13124.455056179775,5817.640449438202,29.90274903217639,8.39175098991321,-0.3424843891023334,178,0.9598146320395847,1,0.2249647883914344
fov0,4351,13137.01167315175,4433.138780804151,60.046925787676884,32.907555432225976,0.8495870046430882,771,0.836458255279179,1,
fov0,4352,13138.350083752093,6536.234505862647,76.79803480123879,14.467832490286684,-0.8298589649795453,597,0.9820946697290056,1,0.23893340762978574
fov0,4353,13126.66985645933,6649.918660287081,23.114217148875042,15.372813095875161,0.026062790727037558,209,0.746771748102725,1,
fov0,4354,13125.44,2783.1415384615384,45.16554383827352,11.416727791343332,1.4227010731149192,325,0.9675250467102804,1,0.7296597409916579
fov0,4355,13146.152941176471,5697.541176470589,61.346464580862865,14.750729371558265,-0.344654697458929,425,0.9706616389264823,1,0.23923004309134463
fov0,4356,13131.331428571428,5023.4971428571425,27.747096794476384,8.367170485112517,0.08866246002907065,175,0.9534499832258535,1,0.16193940226696266
fov0,4357,13139.061425061425,4348.648648648648,57.78662742531876,13.772346526663053,-0.5437524039943594,407,0.9711839781313003,1,0.4299430968599626
fov0,4358,13171.185069984447,6272.105754276828,127.73305256901527,27.488904252058237,-0.12970732424262743,1286,0.9765687012737403,1,0.24241056778603617
fov0,4359,13170.264056939503,2916.219928825623,190.62022265620357,19.405834023270298,1.0615964174787829,1405,0.9948045120933795,1,0.19343888943577928
fov0,4361,13187.306870229007,3112.21927480916,241.7030869659663,94.48974934361294,1.1796690155796548,5240,0.9204190739072656,1,0.9242721178055681
fov0,4362,13147.843137254902,5857.394957983193,54.74052976318634,9.345048721987537,-0.620464854262766,357,0.9853203890729849,1,0.25993361664013503
fov0,4363,13148.317016317016,6115.675990675991,40.28784399770893,30.813191001100357,0.8269430151438614,429,0.6442368923654758,1,
fov0,4364,13188.88960657663,7397.402818555491,120.26040532178442,38.64281725362719,-0.2519907733132482,1703,0.946968575406014,1,0.0923983937358989
fov0,4365,13141.253731343284,3386.688699360341,57.046436858336776,13.282954177386605,-1.1038448107541594,469,0.9725139572789985,1,0.13865467936120535
fov0,4366,13163.462962962964,7069.363636363636,73.00654640399662,15.679045179279143,-0.2753350003064813,594,0.9766663736096611,1,0.15364921952575858
fov0,4367,13167.755555555555,2829.697119341564,88.39325707956115,44.57156859812286,0.8406854896481724,1215,0.8635625517760607,0,
fov0,4368,13181.22770817981,4533.377302873987,104.88326403431599,23.022498712425136,0.4147584833261576,1357,0.975611165087163,1,0.2124764229863156
fov0,4369,13147.365671641792,7794.835820895522,25.692654662176057,7.240251761837255,0.4781010399142984,134,0.959472462872494,1,0.3222921610850476
fov0,4370,13147.491228070176,6319.850877192983,17.31337815902717,9.109205403741669,-0.29811727784984016,114,0.8503999449382622,1,
fov0,4372,13144.275167785236,3234.469798657718,25.090394568185474,7.645527006448718,-1.5206454322775296,149,0.9524422079348946,1,0.8365239219897902
fov0,4373,13160.003472222223,6631.194444444444,39.41682779585612,11.194626677567037,0.08125003620996046,288,0.9588224195645528,1,0.41504995924497823
fov0,4374,13160.143092105263,3426.190789473684,87.88959636504377,11.85253219436635,-1.1597013248893664,608,0.9908650637307029,1,0.14581217383461853
fov0,4375,13159.833898305085,6586.271186440678,32.598542310150265,14.559346023548107,-0.35038041606342873,295,0.894720908875803,1,0.20609557993303482
fov0,4376,13155.874371859296,6020.165829145729,28.412609852640244,11.014423532691074,-0.43707270229751927,199,0.9218025627048544,1,0.3059049590260989
fov0,4377,13155.744386873921,5267.488773747841,61.66139031940549,14.761545938748931,1.518618986470019,579,0.9709217900302892,1,0.9487872254542382
fov0,4379,13188.291273584906,5896.968160377359,91.93775746068032,15.51626028973471,-0.5829206535503662,848,0.9856556003947796,1,0.31229405786485076
fov0,4380,13178.538461538461,5316.15649867374,69.0189775280865,11.770898962983468,-0.5646176754528841,377,0.9853497445603064,1,0.581231124921616
fov0,4381,13159.37,5727.6,19.40133652659768,7.0737359988697985,-1.256814838293315,100,0.9311640633970666,1,0.4805489190594499
fov0,4384,13172.872586872587,3318.2664092664095,40.275495181317766,13.939567916036303,-0.6028018258487596,259,0.9381956222014868,1,0.2649354048156525
fov0,4385,13173.800904977375,6673.466063348416,33.69409099909694,10.466123745247293,-0.8069939169742085,221,0.9505335414795465,1,0.615140053973059
fov0,4386,13214.82486732373,7200.081880212282,98.08797156537979,44.0557770040187,-0.26042010203896754,1319,0.8934585973308974,1,0.1756371102932354
fov0,4387,13172.024,5395.152,21.186910178829837,7.9044264228466785,-1.1666505805676877,125,0.9277989122041841,1,0.541337674470167
fov0,4388,13175.052173913044,6495.347826086957,19.24573584434964,8.013343527755785,-1.0577696036220794,115,0.909195344681133,1,0.4222858229036631
fov0,4389,13210.682539682539,6176.37037037037,74.88364589416987,25.784157336560146,0.4475902028618581,756,0.9388512719949249,1,0.39999848680104716
fov0,4390,13203.81300813008,6515.09349593496,73.3800825386038,29.429400974095984,-0.5847002694103208,738,0.9160542625675859,1,0.33855738348121467
fov0,4391,13195.682445759368,4349.471400394477,63.46305551646383,20.219638232402854,-1.1125637597779088,507,0.9478876199357844,1,0.5045433470231606
fov0,4392,13193.605,5731.39,31.720908116818183,8.43646775874705,-0.07516195770052272,200,0.9639842825557401,1,0.31849001987559616
fov0,4393,13202.018087855296,6006.537467700258,39.01348353227597,14.981055857270468,-0.46755990253133656,387,0.9233343912477344,1,0.28858644264682193
fov0,4394,13232.907470288625,5560.876061120543,104.00004592909119,31.320483883882826,-0.42694135629581975,1178,0.9535741390463468,1,0.45244069233039386
fov0,4395,13195.082352941177,7123.8901960784315,28.889190622775704,12.725746154161332,-0.7573828888085397,255,0.8977516309364066,1,0.28364678815627914
fov0,4396,13211.572438162544,7259.339222614841,54.96899049331273,15.40653435777942,-0.06314647541556745,566,0.9599192148478453,1,0.22285255521870917
fov0,4397,13196.57911392405,3357.6139240506327,48.34934844125436,11.921995130526593,-1.3227385934233158,316,0.9691223726256762,1,0.19584851726343222
fov0,4398,13201.57142857143,3250.7987012987014,40.312447513062196,12.648904537445679,-0.7533246247623138,308,0.9494984625558476,1,0.26412112405513766
fov0,4399,13206.36569579288,4604.074433656958,45.32942062772737,12.131921934661152,-0.34971334464136383,309,0.9635192537606154,1,0.3406761116925912
fov0,4400,13206.539130434783,3012.604347826087,39.98077778562327,25.3946159488149,-0.3545079272841916,460,0.7723718447103853,1,
fov0,4401,13207.1,5945.5842105263155,43.31533791507188,11.465859472193996,0.5704558379463337,380,0.9643289746596029,1,0.5003688246497282
fov0,4402,13212.526639344262,4455.475409836065,50.850835106676115,16.04525562853471,0.5091305321406439,488,0.9489136946875031,1,0.5802932607601565
fov0,4403,13253.174392935982,5825.115894039735,159.98418257665801,9.869680274072211,-0.3057862997481435,906,0.9980952591965623,1,0.14665473460314574
fov0,4404,13202.655462184874,5677.319327731092,20.22639959036317,7.8301670064274935,-0.44924178825518135,119,0.9220267836366691,1,0.23294666693371124
fov0,4405,13233.585365853658,6466.362601626016,77.05480782848815,32.178739465270965,0.21087478263551623,615,0.9086270829954775,1,0.5812384931573852
fov0,4406,13208.81045751634,5211.934640522876,27.378687508984605,8.646257161793548,0.14701691491234523,153,0.9488249572261384,1,0.5329542031133222
fov0,4407,13203.219696969696,5260.530303030303,20.490374111815616,8.791871369793634,-1.3360240177347638,132,0.9032696983628339,1,0.8626564758558994
fov0,4408,13208.286549707602,6131.233918128655,27.06714647861245,8.91605945278378,-0.6698869848823273,171,0.9441886455074696,1,0.4329575928919297
fov0,4409,13265.71612766857,4225.881843162122,163.85215849241143,95.24684710563032,0.3973079635497756,4731,0.8136911193744142,1,
fov0,4410,13221.988416988417,5109.025096525096,58.514394113157046,23.86883765939217,0.2598006301351167,518,0.9130203771269861,1,0.1973784864327012
fov0,4411,13240.345505617977,5159.331460674157,73.79778675423506,33.267974856460285,-0.3138552116134305,712,0.8926254441742039,1,0.3260257581261409
fov0,4412,13238.31485148515,2965.0547854785477,127.46656753988752,38.89764558141538,1.1347745550228383,1515,0.952301225552818,1,0.12439927014539093
fov0,4413,13465.657745947983,6225.016584998115,590.9982020098053,73.78521735205345,-0.48879384516735336,10612,0.9921758217191122,0,0.10310749169148722
fov0,4414,13251.69414726243,5013.283196979232,96.16891844259935,72.0265768960618,0.8050788244030402,1589,0.662616342802301,0,
fov0,4415,13234.02,5455.433333333333,42.718445428860385,12.898200482898112,0.3162790338585383,300,0.9533284646940348,1,0.45433581751756114
fov0,4416,13224.140127388535,4922.547770700637,21.965096904483186,12.428102016368785,0.9316332273115937,157,0.8245346994943299,1,
fov0,4417,13243.188311688311,6048.707792207792,56.52238970708687,8.075146608562008,-0.04472864345436717,308,0.9897419919344251,1,0.13986897910073298
fov0,4418,13249.055309734513,5349.256637168141,62.53069009476483,12.923031288869813,-0.23615523329397325,452,0.9784113365295457,1,0.3813284796875532
fov0,4419,13479.344371456853,7184.9826329523985,668.6520965584109,212.87340174544798,-0.9135800538191351,22226,0.9479692258519894,-1,0.4462976003436947
fov0,4420,13237.708333333334,5242.208333333333,30.004267535818546,8.104836462475335,-0.35451788372280574,168,0.9628258815872731,1,0.2833005771171415
fov0,4422,13326.405057910955,7621.8817341408985,250.20899076314814,159.30068176071308,-0.44921539514680975,9411,0.7711359685733549,-1,
fov0,4423,13261.875346260387,6129.321329639889,69.54728362107898,15.925393890186196,0.28785573717798535,722,0.9734295819506393,1,0.3254407640270058
fov0,4424,13263.451866404715,4339.691552062868,80.61574180149626,63.29311419318103,-0.7757985430728469,1018,0.6193423682529191,1,
fov0,4426,13424.467805878332,4624.458236500342,401.96717671332516,74.06609613490474,0.5698644017084221,7315,0.9828777121146491,1,0.528559036241586
fov0,4427,13341.009206798866,5997.438385269122,227.34721710154037,14.097275831655313,-0.18707477488924695,1412,0.998075671651199,1,0.3158681203272367
fov0,4428,13257.572062084257,6934.90022172949,41.275599174822865,16.78197368706857,-1.0859289339308063,451,0.913613667895159,1,0.2906790924544083
fov0,4429,13266.385269121813,3062.0047214353162,82.91810092012835,33.38356718766486,1.5540189153211903,1059,0.9153720862555,1,0.2514346664597866
fov0,4430,13348.827812828602,7517.261566771819,204.95780030616942,55.4276863604713,-0.023681516181614806,3804,0.962738340515158,0,0.4793831755532409
fov0,4431,13257.80357142857,5969.5625,18.86137526836101,7.662345149504907,-0.19311184266819742,112,0.9137640571433705,1,0.36543174186306415
fov0,4432,13262.513513513513,5771.445945945946,23.993178470970797,8.321699858815006,-0.19394199618419963,148,0.9379257629235297,1,0.10362254164438714
fov0,4433,13257.157480314962,6516.921259842519,20.320096095416133,8.083183231955521,-1.5423539574060614,127,0.9174753794507543,1,0.5672863718315225
fov0,4434,13264.80487804878,7151.970731707317,25.661861569034503,13.135212154696635,-0.8239493982427901,205,0.8590704659002789,1,
fov0,4435,13266.285714285714,4553.835714285714,23.107077278008955,8.013160098872563,0.21282868747509426,140,0.9379450917040485,1,0.1979062601221786
fov0,4436,13277.118644067798,4382.3785310734465,56.659402492159025,9.613254038064873,-0.7079851234070538,354,0.9855013801071374,1,0.565988196570575
fov0,4437,13268.50279329609,5738.469273743017,22.94613498006779,11.99936659392378,-0.4330827014343135,179,0.8523717740915714,1,
fov0,4438,13271.694158075601,6180.731958762886,32.55396893139652,18.647714887094537,-0.9019460383237514,291,0.8196779578373153,1,
fov0,4440,13267.47619047619,5509.034013605442,21.8217527708802,9.169669821427934,0.8123598257279333,147,0.9074279252808521,1,0.4939902589596805
fov0,4441,13276.343331547938,7786.849491162292,157.4406816961287,26.856959827922076,1.4544773044631119,1867,0.9853430292650845,1,0.7875066719202594
fov0,4442,13300.05033557047,6088.8836689038035,69.60990203105511,18.2157956725583,-0.004765118425304401,894,0.9651536140215721,1,0.16615572784425328
fov0,4443,13304.427152317881,5867.8399558498895,71.54669631705313,26.42230923644388,0.0889117974550409,906,0.9293095986698214,1,0.3959950488376429
fov0,4444,13286.94761904762,5298.207142857143,55.11674598412256,11.096313216424315,-0.6145228330416825,420,0.97952474400129,1,0.2339317592361988
fov0,4445,13353.472352389877,7206.433770696657,203.19251260763082,96.92837387566469,-0.14136986332439724,6402,0.8788884818206675,0,0.23856246509734252
fov0,4446,13287.755395683453,6728.151079136691,35.995416815081285,11.115495133507435,-0.09948527751235448,278,0.9511259987065923,1,0.2938249323958489
fov0,4447,13283.47628458498,6801.579051383399,39.01404940296458,21.551860976365393,-1.4481065373188071,506,0.8335706799028428,1,
fov0,4448,13409.84741925747,5237.804255961364,234.9215670872711,122.12690299159182,0.08928598521901267,6626,0.8542499787189513,1,
fov0,4449,13315.102820746133,7475.10737033667,105.07768444537628,21.239501703067752,-0.2893409568084333,1099,0.9793584065735473,1,0.3627441069362187
fov0,4450,13303.647519582246,6387.971279373368,60.360721768308146,12.24606069357088,-0.08779178348372312,383,0.979203341949216,1,0.47922058696478415
fov0,4451,13294.241007194245,4956.161870503597,47.43085662518893,8.874087447216327,0.9242774678869721,278,0.9823417794306192,1,0.5533463998666178
fov0,4452,13323.920634920634,5535.632804232804,86.04154241243285,29.17482709304163,-0.30379518008973266,945,0.9407581251397864,1,0.37075934746880507
fov0,4454,13430.437730222768,7910.3713383616905,321.4599293362484,151.8737674383531,0.037998565783716645,11402,0.8813574345708538,0,0.3537261750919736
fov0,4455,13327.228956228957,7020.8855218855215,93.86260048985166,18.75605565889112,-0.25617888400372485,891,0.9798316861750928,1,0.2543482361457117
fov0,4456,13298.20812182741,4279.05076142132,21.431391415974222,14.148658931435293,-0.9679332361934837,197,0.7511040256605451,1,
fov0,4457,13309.507911392406,5730.985759493671,39.66474299658802,31.782410833969237,-0.44703072869122523,632,0.5982947443680764,1,
fov0,4460,13323.64267352185,5616.620822622108,79.76089911879328,13.688590121965087,0.6555706909358263,778,0.9851631690597273,1,0.4738989237602897
fov0,4461,13409.427499563775,7731.256848717501,226.27478316981674,110.78087577716919,-0.6014817261400415,5731,0.8719552391034446,-1,0.6096275066981015
fov0,4462,13314.36866359447,7998.5161290322585,46.46693668937638,16.69873623413876,0.5379187061405529,434,0.9331958774875853,1,0.42052018840145333
fov0,4463,13383.593654434251,7043.262996941896,189.16895595820193,35.86672240536249,-0.24508976641086588,2616,0.9818611215300237,0,0.22640323103682097
fov0,4464,13318.109404990402,4418.136276391555,60.19272316457871,17.605454644773513,-0.6167803509760078,521,0.9562701818701249,1,0.6102342988272148
fov0,4465,13320.713426853707,5150.018036072144,61.261583485411336,14.84913440444144,0.7620384284383634,499,0.9701791428172616,1,0.5026071494462151
fov0,4466,13349.46661237785,5396.262214983713,131.38453473571434,16.925466947870763,-0.28983390061940223,1228,0.9916674872023947,1,0.09316105357589548
fov0,4467,13313.182352941176,4311.282352941176,29.49534340396907,7.554082594777499,-0.13486175175700854,170,0.9666473728917025,1,0.27055232656487144
fov0,4468,13418.32020646148,6139.653603517492,308.0804756516685,83.73342729210714,-0.5103642808663105,5231,0.9623563693300683,1,0.09633144557714743
fov0,4469,13350.00963762529,7112.961063993832,153.03282734581282,47.11814930257831,-0.5648451040077749,2594,0.9514201168308132,1,0.17650525062747396
fov0,4470,13314.2700729927,6131.715328467153,23.913976473627528,7.688819570349779,-0.5283390115964041,137,0.9469028182926458,1,0.24978290664763236
fov0,4472,13376.455625990491,5480.92472266244,147.55779664515228,32.143411194968095,-0.12393951012239379,1262,0.9759853711051408,1,0.24752928243677907
fov0,4473,13354.258711721224,7274.718057022175,84.55418996583677,31.425565061322917,-0.488904004006104,947,0.9283681830925823,1,0.17451126405473952
fov0,4474,13339.91982182628,4986.489977728285,68.75140534415617,11.913176058518227,-0.1957101953477317,449,0.9848727743454615,1,0.40587979013275666
fov0,4475,13349.108766233767,6645.189935064935,85.66801217614908,39.70857158816761,-0.3414368473177487,1232,0.8860880778657588,1,0.31734360194777345
fov0,4477,13320.4525,5919.4275,60.19134517778932,9.064312753221744,-1.3998723048671142,400,0.988596055585406,1,0.6391824836608081
fov0,4478,13322.965986394558,5100.374149659864,19.100429485879147,10.324841402732863,-1.2152885869877383,147,0.8413083841054968,1,
fov0,4479,13353.96626984127,4934.553571428572,77.12255500705257,9.33417121754476,0.121817622126493,504,0.992648804970527,1,0.3242324424485804
fov0,4480,13352.648421052632,4500.048421052632,59.80811544139873,13.07296870369629,-0.2133710793319571,475,0.9758186171080483,1,0.5066879071117408
fov0,4481,13351.732710280374,6508.21308411215,68.04978526239321,12.03236088058953,-0.5814753773136035,535,0.9842437391817097,1,0.30939657174392005
fov0,4482,13369.422514619882,5703.554824561404,81.45485073518533,34.85145556437335,-0.0678394945498187,1368,0.9038439558596408,1,0.4136389660616096
fov0,4483,13380.578582434515,4221.19876733436,108.12651566851463,34.80803089168416,0.041192182230804515,1298,0.9467670532919092,1,0.19910403822440312
fov0,4484,13352.729007633588,6038.732824427481,33.2625200525073,12.316029877121997,-0.28826105181794587,262,0.9289251769519142,1,0.09866039631939058
fov0,4485,13373.876383763838,6609.428044280443,75.25313924962293,15.244237369475607,-0.11132725638712203,542,0.9792672108061404,1,0.21361328732279067
fov0,4486,13367.80831408776,5821.937644341801,50.608626467586,14.871317378139672,-0.14925264032634888,433,0.9558517128488785,1,0.33903260894977044
fov0,4487,13371.183189655172,5156.047413793103,66.67111710081957,10.46222757186188,0.3247540627278694,464,0.9876108502569089,1,0.3337379386961507
fov0,4488,13381.419263456091,4311.240793201133,67.36126098850897,9.447074618001208,-0.09631073376065948,353,0.9901168428940841,1,0.29323199943729056
fov0,4489,13362.941605839416,7709.605839416058,19.988107515694715,9.416991259722929,0.16683156830241597,137,0.8820639421989704,1,0.3977254135417785
fov0,4490,13417.841487279844,5881.954990215264,173.65590698675413,16.620326084355813,-0.21951592074973997,1533,0.9954094159653003,1,0.39869993082288574
fov0,4491,13423.072601240423,7396.70047427946,175.18093042766824,72.47281801986414,-0.5586729163957521,2741,0.9104120516644476,1,0.6437287208153547
fov0,4492,13363.908450704226,4391.838028169014,23.339772823114888,8.170525333913385,1.4425984336448394,142,0.9367240058740642,1,0.8817231027106919
fov0,4493,13367.008503401361,4794.318027210885,60.241299994818554,15.190592885109961,1.3894837424489541,588,0.9676849210623589,1,0.5834701672759935
fov0,4494,13370.977099236641,4269.916030534351,21.473530753214813,7.9973190274875074,0.4636804748564214,131,0.928061557712155,1,0.23669495976190072
fov0,4496,13386.741935483871,5313.459677419355,51.24611296192839,17.684579017136915,-0.23471167740402618,372,0.9385691834758064,1,0.10164825608693447
fov0,4497,13381.27397260274,4664.821917808219,23.379409133540864,8.207683801043698,-0.49496425162235236,146,0.9363512268579183,1,0.6252590600449087
fov0,4499,13414.037219101123,7824.262640449439,88.14584921801976,41.26324431587718,-0.30175686151732356,1424,0.8836624453685377,1,0.24274591942714477
fov0,4500,13386.843434343435,5053.444444444444,33.365580026119375,7.910708578272188,-0.8002725519839019,198,0.971487227697628,1,0.524145049862004
fov0,4501,13412.53501180173,6466.454760031471,133.06331533894917,21.833273640413875,-1.1949329710447467,1271,0.9864467292891429,1,0.35175823288071795
fov0,4502,13390.815533980582,5546.436893203883,33.53803531738148,8.115057614818866,-0.3332394706745404,206,0.9702847781127597,1,0.32487660028539095
fov0,4503,13385.351254480287,4194.060931899641,22.34690053851182,16.830648527725362,-1.4340371764276698,279,0.6578447073327789,1,
fov0,4504,13383.149253731342,5743.8432835820895,21.109551545452824,8.814598553025904,-1.4479043294413205,134,0.908647301942522,1,0.6570237509292296
fov0,4505,13397.002155172413,5009.275862068966,53.579893503415725,17.188952800258814,0.7609101791384139,464,0.9471436520370751,1,0.544251138456801
fov0,4506,13389.507936507936,4339.857142857143,20.064886577298857,8.405955615196715,-0.8298204594477636,126,0.9080145617110884,1,0.7735920450960467
fov0,4508,13436.26049382716,4859.522222222222,114.82190246538437,92.68053487596961,-0.55769469971581,2430,0.590322156533649,1,
fov0,4509,13549.93999371662,6877.6295947219605,318.2954327561767,245.7733951895902,-0.42371121810203694,15915,0.6354342824001344,-3,
fov0,4512,13404.863354037267,4383.3540372670805,26.437357372858663,8.091352024483042,0.6266327187370542,161,0.9520130223091062,1,0.4560257227485722
fov0,4513,13420.15625,5768.583333333333,53.95385149729161,14.972647477887564,0.1523005411522361,480,0.96072320833984,1,0.4112526246098689
fov0,4514,13445.140990371388,8051.976616231087,94.62717299566154,34.24181659147658,-0.1027799326963258,1454,0.9322323358487024,1,0.3746491787697838
fov0,4515,13479.30968992248,6296.113565891473,208.33316677381032,58.049033376300024,-0.7149490075963111,2580,0.9603969033176774,1,0.586161605607742
fov0,4516,13439.761904761905,6051.245714285715,69.19077038128268,10.273519785538245,-0.19674390602284758,525,0.9889152497270043,1,0.11607270443775991
fov0,4517,13417.758426966293,5152.404494382023,21.88328056167061,11.392768723584792,-0.8181576632455431,178,0.8537914278307525,1,
fov0,4518,13459.01323042999,5350.2039691289965,108.2850021842354,18.935644826577544,-0.36895336301477455,907,0.9845917828680194,1,0.18549469426674853
fov0,4519,13477.76369168357,5910.266734279919,153.4772364347655,10.018855982468635,-0.16099407688040263,986,0.997867044752566,1,0.28831679139174937
fov0,4520,13416.356435643564,6859.818481848185,36.58725357549764,12.400937444922194,-1.4163135407537453,303,0.9408074623017295,1,0.358925670050029
fov0,4521,13422.82991202346,4505.727272727273,46.63603931146845,16.26003544925939,-1.223866924859806,341,0.9372499616201784,1,0.8821514045161772
fov0,4522,13418.441441441442,6967.2342342342345,17.845221257294153,8.95247972963158,-0.8675890741542004,111,0.8650568833003549,1,
fov0,4523,13424.487951807228,6016.879518072289,30.433120200805718,7.227808823653686,-0.5265003977855041,166,0.9713879982524908,1,0.1609157298725718
fov0,4524,13475.858630952382,6529.84375,165.3477005418459,26.275534774353172,-0.46579419346249024,1344,0.9872929447690331,1,0.2003101596745183
fov0,4525,13425.230508474577,4806.220338983051,36.92209250648186,12.866456756853317,1.452404950094501,295,0.9373177675236325,1,0.39581567470720747
fov0,4527,13434.346863468634,6508.490774907749,38.04724443128843,12.668975551163879,-0.6861782765697699,271,0.9429338512472893,1,0.1529520508479742
fov0,4528,13507.588715953307,4591.730350194553,185.1981176786005,32.803064726440454,0.5286019317326054,2570,0.9841885108396402,0,0.16531031641558255
fov0,4529,13444.966386554623,5051.859943977591,50.429501045316364,11.604893428759798,-0.22827912029815078,357,0.9731619950472138,1,0.32794164082515076
fov0,4530,13436.821176470588,5591.738823529412,54.92657833772429,22.337089853275334,0.4830312633156024,425,0.9135743299654161,1,0.5061257654062247
fov0,4531,13438.035856573706,4258.629482071713,40.79241920854196,8.512966039884823,0.6782795322949724,251,0.9779818628467589,1,0.5614393814576759
fov0,4532,13458.92119089317,4743.618213660246,73.16796776147066,10.701954628399793,0.22787061172504353,571,0.9892453601411004,1,0.4543409891463076
fov0,4533,13468.468948035488,4961.71989860583,73.19954597647843,38.060629256261336,0.2715521873712994,789,0.8541923287379382,1,
fov0,4534,13463.38519212746,5654.3889409559515,93.98228096220083,24.736482619389133,-0.5789091841469349,1067,0.9647402865580252,1,0.2774579353132349
fov0,4535,13449.422535211268,4363.852112676056,34.75100208811094,13.146228320609227,0.4937861407804561,284,0.925683941552152,1,0.5812781777311131
fov0,4536,13474.147838214783,6441.919107391911,92.89402336877615,18.332828732010434,-0.4496490027206113,717,0.980332676450737,1,0.20940979899393344
fov0,4537,13462.244666666667,7471.826,91.36349691060508,42.22056246058401,1.1109529104975886,1500,0.8868193231938789,1,0.514362822128119
fov0,4538,13549.188426590148,5955.09756097561,257.819243998029,79.31418486361102,-0.188053958126275,4182,0.9515044918911487,0,0.28259803912539194
fov0,4539,13450.925531914894,6980.010638297872,16.881812268186554,14.927450199328435,-0.40563504418264007,188,0.4670466333835062,1,
fov0,4540,13497.71204620462,5103.585808580858,137.46936994542958,31.50402222496704,0.26539732009252365,1212,0.9733861285488817,1,0.12943685598185706
fov0,4541,13475.645220588236,5151.047794117647,62.51396516891794,16.67635374845902,0.18565702548429255,544,0.9637624222686622,1,0.049104782225326674
fov0,4542,13467.268398268398,6402.571428571428,35.55796290204933,11.027261796076951,-0.30660199753760586,231,0.9506971789867845,1,0.2671800131895892
fov0,4543,13582.230894308943,5428.789837398374,293.8809524714109,40.65628369087675,-0.19632248175531947,2460,0.9903844193368878,1,0.24603105566679573
fov0,4544,13500.03343166175,5679.280235988201,98.97086102327242,17.304993645108425,-0.40293507090219816,1017,0.9845951931962266,1,0.09788438337181642
fov0,4545,13503.3683138054,7805.096281202242,129.92552636075453,49.75151275029031,0.4179412981037287,1963,0.9237801349981902,1,0.46049076237572684
fov0,4546,13466.807407407407,4894.1407407407405,24.647952956127256,7.800134059194045,0.8490189783015486,135,0.9486052749425067,1,0.37771562895673383
fov0,4547,13472.262589928057,5523.992805755395,29.10538628937995,18.491367680290853,0.7237314018458042,278,0.7722452086742435,1,
fov0,4548,13484.850439882697,7301.948680351906,46.576967776819004,31.346958218593777,-0.42936115726631735,682,0.7396296089958637,1,
fov0,4549,13509.532,6463.163,112.31743389267248,22.26496251434407,-0.7138131299492451,1000,0.9801550322467094,1,0.2435992185956122
fov0,4550,13481.145739910315,7561.29596412556,75.29440014056985,17.597602860633195,1.4020623756703783,446,0.9723045974231942,1,0.796073921476432
fov0,4551,13489.153716216217,5486.856418918919,54.58975999447577,16.34117438551345,-0.2273229748060752,592,0.9541449269286072,1,0.2078779987244101
fov0,4552,13658.928873082907,4996.616136919315,416.9951602740692,141.46467916503428,-0.17814821839173553,8998,0.940697054857987,0,0.2817221412073716
fov0,4553,13478.296296296296,8084.388888888889,17.896966634292614,8.184453518258007,1.0147614865529124,108,0.8893075889282013,1,0.6086975314584064
fov0,4554,13494.26597582038,4521.084628670121,60.2326872635244,28.52383866888555,1.043584637747487,579,0.8807611383459053,1,0.6578844475677121
fov0,4555,13516.507660878447,5374.974463738508,69.99225713035783,25.62322357798058,-0.5680878114419103,979,0.9305808087917761,1,0.13764135837620906
fov0,4556,13488.612403100775,4318.550387596899,32.51075169588276,12.0046064441234,-1.3195952729648095,258,0.9293299623854111,1,0.9390718626281754
fov0,4557,13502.600547195623,7995.225718194254,49.747545171520166,22.656832023068386,-0.855494991179049,731,0.890268433887498,1,0.81398761948056
fov0,4558,13529.40466101695,7416.347457627118,191.272797800669,84.45220464424779,1.3817210767460313,3304,0.8972477062487663,1,0.8853068632009816
fov0,4559,13541.395054945055,6743.39010989011,183.91981841196207,33.82692177582281,-1.0192556496840797,1820,0.9829408202164435,1,0.4675422658926852
fov0,4560,13506.579505300353,5806.929328621908,45.347590887783724,8.648297171324222,0.0747895385397504,283,0.9816461720534221,1,0.3549427914126198
fov0,4561,13497.733333333334,4801.16,23.449519902572742,8.910628778472026,0.6529034064257443,150,0.9249897937002045,1,0.3448527932576767
fov0,4562,13513.683890577508,7606.130699088146,44.71841734525616,14.860511445921501,-0.17223899177148108,329,0.9431691628197493,1,0.43343504734194305
fov0,4563,13511.220735785953,4923.488294314381,39.946111840493465,11.474908498676792,-0.37110780535573146,299,0.9578527334991817,1,0.5137285961872774
fov0,4564,13529.397540983606,5199.079918032787,65.34628742224857,16.545588496122804,0.2800818818408356,488,0.9674143212267179,1,0.17380519542778244
fov0,4565,13513.121621621622,4762.881756756757,30.02514952696936,17.544623311209,-0.14846053650578467,296,0.8115154794597896,1,
fov0,4566,13515.017699115044,4856.5353982300885,34.637334316952796,8.404587459702823,0.22335115505638778,226,0.9701150669957077,1,0.27867685430962585
fov0,4567,13529.71921641791,4261.9664179104475,72.487089295512,31.480849784820396,0.6045209022601997,1072,0.9007702382427725,1,0.5162060758891144
fov0,4568,13576.135913591359,7516.6444644464445,155.4576649025097,16.63589463100957,-0.15807095037827537,1111,0.9942576882459185,1,0.5150474290581172
fov0,4569,13553.91983122363,5721.111814345992,99.98337195962836,15.017896917488226,-0.43389847164310746,948,0.9886550332963063,1,0.383242233911503
fov0,4570,13523.456896551725,5237.206896551724,20.445227112449828,7.62270615210538,0.32861187234468975,116,0.9278974628946667,1,0.18419971950486505
fov0,4571,13520.294478527607,5835.963190184049,25.829457934452126,10.049900193895118,-1.2880584931811878,163,0.9212011128804029,1,0.6251424978834491
fov0,4572,13539.96505376344,4422.6505376344085,45.457172717936686,12.862168028806698,0.0021145914384995985,372,0.9591342648458457,1,0.24543733909483048
fov0,4573,13617.587886990357,8012.013364912875,230.79008263355627,117.74055179244819,0.1381283054392284,5911,0.8600777603293371,1,
fov0,4574,13732.955129984271,8130.712184290869,395.2799685618072,112.35037105376843,0.25598691624666714,10809,0.9587561657423034,-2,0.5099396342567475
fov0,4575,13551.02729528536,5510.657568238214,60.592906998187665,10.865344796100139,-0.29034079295359083,403,0.9837913270033681,1,0.21558290869385585
fov0,4576,13566.778998778998,5755.3626373626375,100.38520181472434,24.48440601350316,-0.301452646489885,819,0.9697992460260079,1,0.3907442807278746
fov0,4577,13533.965789473685,6389.655263157894,23.90537497834953,21.088340112387858,-1.511700447917547,380,0.4709518179423952,1,
fov0,4578,13548.688836104513,4376.543942992874,54.35229049979403,11.153070067792518,-0.1188836848550807,421,0.9787201390502268,1,0.3931963979494186
fov0,4579,13592.190657769304,7183.439148395297,156.5007209211275,98.53709485443518,-0.9216149416343032,3147,0.7768974942754858,1,
fov0,4580,13539.793010752688,7865.387096774193,51.3540785956724,11.616557726637541,-0.9335128055166287,372,0.9740796806056545,1,0.8285387741326729
fov0,4581,13549.853448275862,5821.120689655172,38.48881848748208,13.03971460677889,0.1788533070906633,348,0.9408611961191783,1,0.4583912461599618
fov0,4582,13546.902714932126,5599.882352941177,59.26154698555343,18.320037315761716,-0.7497139966775238,442,0.9510169646629257,1,0.2747166053717737
fov0,4583,13560.056768558952,4765.779475982533,51.322839440725936,16.013130185918683,-0.2949385913384689,458,0.9500795148635882,1,0.39425905142191314
fov0,4584,13561.685714285713,6872.642857142857,54.39897728521821,17.07329472513414,-0.1410814594561371,490,0.9494715109316435,1,0.41096531246627027
fov0,4585,13548.978102189782,4342.248175182482,23.385213098460863,7.807445140574085,0.44891157347602517,137,0.942621794410704,1,0.469798520921278
fov0,4586,13567.466,4542.878,65.82296005520195,10.94318461743605,0.3849591690628399,500,0.9860833351761927,1,0.17927359604957033
fov0,4587,13563.006711409396,5569.0704697986575,51.01701972044169,8.960893718551285,-0.20204981661275478,298,0.9844535387757626,1,0.35367817060492635
fov0,4588,13558.420062695925,7554.360501567398,50.676141151617905,8.886135114821716,-0.8656575153187404,319,0.9845058999422379,1,0.6590725356158471
fov0,4590,13576.447080291971,6535.344890510949,106.52268891949093,47.34981776470823,1.008668532152811,1096,0.8957766032189395,1,0.6690888253511617
fov0,4591,13575.300366300366,7352.124542124542,71.14941585850735,16.598117481776487,-0.46644761287685504,546,0.9724083186891733,1,0.5304780865892754
fov0,4592,13563.10502283105,7777.684931506849,30.263126896656352,10.171332695422068,0.5139149310531038,219,0.9418275349947608,1,0.45943762397231525
fov0,4593,13614.942098092642,6344.302111716621,255.2709940586401,102.90447486377872,1.5673939367295715,5872,0.9151477633161196,0,1.003000641554409
fov0,4594,13568.404958677685,7648.396694214876,36.065550982054695,11.151196487457446,0.04316821912061034,242,0.9509994856379441,1,0.42870154810659755
fov0,4595,13566.035353535353,5664.393939393939,30.86918302171712,10.089729970960722,-0.36946275323984806,198,0.9450746879005801,1,0.297007685745111
fov0,4596,13578.609345794392,4322.179439252336,89.03138598953616,16.73172703060931,0.7147314311883294,535,0.982182298481505,1,0.31609882272003204
fov0,4597,13566.677852348994,5142.644295302013,22.14915316104406,10.321603766693759,0.1320863443675917,149,0.8847823798749248,1,0.14053765546631783
fov0,4598,13570.47435897436,5230.474358974359,23.58079651607092,9.37136237560068,-0.39085629916750597,156,0.9176389886305724,1,0.3384266274643183
fov0,4599,13571.83908045977,7876.896551724138,29.79804537907684,16.88581629719055,1.2220792821649105,261,0.8239412021811988,1,
fov0,4600,13569.728813559323,6442.525423728814,18.58273059602227,8.76067038863371,0.09385777052682721,118,0.8818973364051841,1,0.37264299145399904
fov0,4602,13579.412280701754,6621.140350877193,36.49026628837568,8.874627857238863,-0.2644010683813245,228,0.9699748241189157,1,0.36360155977918024
fov0,4603,13599.61876247505,5316.54491017964,72.75147211358662,27.394276775172145,-0.4724968402387592,501,0.9263979166539399,1,0.36992386246028636
fov0,4604,13588.679629629629,4247.718518518518,56.46334213872384,14.135966008441232,-0.11998977737372549,540,0.9681537127170616,1,0.30410560179850077
fov0,4605,13609.630896226416,4299.16037735849,83.52737790789215,19.101539802210684,0.34545971940107556,848,0.973500244033437,1,0.16792775153593312
fov0,4606,13611.44968220339,4805.197563559322,79.58935109773748,44.35944105260462,-0.0598193959070514,1888,0.830274983751779,1,
fov0,4608,13582.762237762237,5471.916083916084,27.802770315127923,7.253838210222491,-1.0554782677071866,143,0.9653649045165497,1,0.5137861510900954
fov0,4609,13587.016203703704,7414.3125,52.36186338619759,13.537398360008227,-1.2994444484735768,432,0.9660017684678197,1,0.7753108142874722
fov0,4610,13642.220279720279,7705.1783216783215,164.2930596985669,86.68548620347723,-0.51682786075855,4004,0.8494760404944897,-1,
fov0,4611,13587.615819209039,4599.983050847458,23.15712900134642,11.243700902058945,0.14169498009642384,177,0.8742147283139483,1,0.26151688533307743
fov0,4612,13614.824212271973,5223.124378109453,67.53661401574342,23.9861930972448,0.37807790728230384,603,0.9348061505335563,1,0.2620674304174347
fov0,4613,13585.365,5626.9375,62.909995856562155,10.47369664098272,-1.492651820260594,400,0.9860436491250517,1,0.5870430607343027
fov0,4614,13626.396489416624,7572.9710893133715,103.29862741869029,65.81710467519211,-0.4866733073550159,1937,0.7707367499834621,1,
fov0,4615,13636.628698224851,4643.450443786982,84.95660214467601,26.925942108913727,0.4099819376496757,1352,0.9484463895333171,1,0.49990344100207595
fov0,4616,13611.791938997821,4868.9618736383445,68.75267097176433,20.284396534311405,0.7830080220127908,918,0.9554866605836817,1,0.4575455451632662
fov0,4617,13598.568493150686,5782.842465753424,22.835085740237353,8.459679525977705,-0.8053251554610135,146,0.928845038012869,1,0.6598811383831078
fov0,4619,13607.017441860466,7381.843023255814,35.54586803351319,6.505742787431146,0.016949889436551947,172,0.9831084672098359,1,0.47322396328850497
fov0,4620,13603.5,5881.358208955224,23.06246707137386,7.694408518551903,-0.061539970974394,134,0.9427029102823974,1,0.3320276997787225
fov0,4621,13606.12658227848,6513.9282700421945,35.448305507086864,10.859616254278235,-0.5673488232456324,237,0.951918691864172,1,0.43527417828065806
fov0,4622,13640.124720893142,6685.779585326954,146.3178653203909,72.18940578568811,0.3837298498259708,3135,0.8698173731824359,1,0.45370011421568607
fov0,4623,13600.462264150943,7850.018867924528,16.50281452412044,8.757010715420186,0.2982463656734944,106,0.8475989274231706,1,
fov0,4625,13659.451461988305,5571.252631578947,157.87121439651682,39.468571990102504,-0.12007928777090239,1710,0.9682445798328444,1,0.35334720276994214
fov0,4626,13627.981981981982,6053.466216216216,68.5230697679895,10.454002793363191,-0.0067520261939043305,444,0.9882939327453237,1,0.37581353258597533
fov0,4627,13611.8612716763,7940.934971098266,48.163684729162355,22.288688129187516,1.5400098672136608,692,0.8864786045310215,1,1.0674022867055473
fov0,4628,13614.16402116402,5481.608465608466,29.503455240517955,9.484960844427555,0.092299966969935,189,0.9469141818426737,1,0.3121765607856737
fov0,4630,13647.119081779054,5992.228120516499,95.9775607253261,14.732823003863565,-0.41397081057598334,697,0.9881482148773807,1,0.18659364738518597
fov0,4632,13640.559259259258,6801.253086419753,86.84978258456076,21.411077382602326,-0.5854715245649885,810,0.9691351589759996,1,0.33462674203173315
fov0,4633,13644.12443438914,5647.599547511312,81.59906267002805,18.575302877891293,-0.0662055153841468,884,0.9737450978991712,1,0.46510868227769325
fov0,4635,13652.516930022573,5362.638826185102,94.00864289674382,35.48876766717198,-0.6828791349746449,886,0.9260073943757928,1,0.3937738739786796
fov0,4636,13623.819620253165,4735.537974683544,39.90956429411067,12.167584131096145,-1.318014843285558,316,0.9523911251534074,1,0.9863366957289698
fov0,4637,13641.407194244604,5840.753956834533,69.71767492778751,15.427429706648613,-0.4925108427573066,695,0.9752093317431539,1,0.3589650527421983
fov0,4638,13634.980916030534,4473.270992366412,48.045919387351994,29.42133443822008,0.48624312745912557,524,0.7905800915244231,1,
fov0,4639,13650.261363636364,5512.399621212121,69.38284732770656,19.76321049057663,0.2025521170714086,528,0.9585742173355043,1,0.3483739396980289
fov0,4640,13624.603351955308,5722.882681564246,28.008332425158816,8.974965856108263,1.0916641023156153,179,0.947269106337977,1,0.7094609236088711
fov0,4642,13645.95865633075,6618.519379844961,70.98862976256476,9.401313948939213,-0.09929403140987991,387,0.9911918150244482,1,0.18717871203188272
fov0,4643,13630.8,7472.935135135135,27.771652086358312,8.847410346073914,-0.24145837619196336,185,0.9478969765265626,1,0.42373798556244
fov0,4644,13707.844021914276,6546.513051885272,189.38762969837686,57.06887683102743,0.2927512839876186,3103,0.9535187444545601,0,0.3647283936783134
fov0,4645,13642.7325,7180.43,45.6923553875253,17.932801207287376,0.59924193780843,400,0.9197655302600853,1,0.5070237863045022
fov0,4646,13679.9323583181,5130.744972577697,157.03379485160508,15.050346590324434,-0.5228815315075546,1094,0.9953966126478201,1,0.34511536993743613
fov0,4648,13655.730487804878,5276.203658536585,82.82731436596544,18.300884461631632,0.7170809568284716,820,0.9752846185919908,1,0.46966992702302557
fov0,4649,13648.537593984962,6587.971804511279,44.610308588693236,20.70100604971368,-0.4817884640227904,532,0.8858137944473382,1,0.2237174092300962
fov0,4650,13667.277777777777,4346.375730994152,80.07184550705907,31.618343710658905,0.04967507056196419,684,0.918734996402041,1,0.28683096375780526
fov0,4651,13645.164383561643,5770.938356164384,40.285893515683796,12.483641463568683,0.6596072228872887,292,0.950776899144544,1,0.5283414673028425
fov0,4652,13726.16486135182,6475.933275563259,188.8066048582482,88.98183989735865,0.14954504328712093,4616,0.8819806426810031,0,0.3210275863895048
fov0,4653,13642.20284697509,5066.91103202847,27.2506604728579,14.702414517847403,-0.9851015700315514,281,0.8419695351387244,1,
fov0,4654,13644.846511627908,7270.279069767442,31.073503065459025,9.412286309896746,-0.6045196147307258,215,0.9530210947283471,1,0.46015188859033146
fov0,4655,13649.418367346938,7237.4795918367345,28.956842020088775,8.957966116813843,-0.0252380246097791,196,0.9509463751906119,1,0.31832794952876325
fov0,4656,13643.147186147185,7408.290043290043,32.83027302644575,9.197921677089784,-1.2516596664241195,231,0.9599516086137916,1,0.43582451410122314
fov0,4657,13682.364351245085,4276.823066841415,84.41256468410668,16.674791194489927,0.08339413976041693,763,0.9802949868289166,1,0.24463115626090684
fov0,4659,13659.895161290322,7374.274193548387,29.089915729884677,13.242574245640792,-0.0674142471499642,248,0.8903743742541702,1,0.4015480618303226
fov0,4660,13798.271536871123,5105.676085458304,363.3661623460826,87.38844912344936,-0.48608313884453375,4353,0.9706498973374798,1,0.2800512482369669
fov0,4661,13977.353921568627,5369.8133333333335,756.9124794690357,31.70053936888892,-0.2481470057848909,5100,0.9991225900700696,1,0.025855924309572585
fov0,4662,13670.190871369294,7947.031120331951,52.174987483757135,13.747956222334226,0.5614873466262272,482,0.9646601967435926,1,0.5637092179946831
fov0,4663,13660.275747508305,4721.036544850498,46.524363436629244,9.635886183858274,1.231326618764656,301,0.9783166369891143,1,0.7744628083302159
fov0,4666,13675.266666666666,6644.609523809524,46.2764446978524,26.403084396961923,-0.05779068014633659,420,0.8212619836256961,1,
fov0,4667,13672.155778894472,7076.475711892797,38.93689670503888,26.352896183012728,-0.5933486370888807,597,0.7361573867860114,1,
fov0,4668,13661.843137254902,4396.323529411765,15.833588191725674,8.923071591126364,0.773859606464037,102,0.8260796736233585,1,
fov0,4670,13666.756944444445,5219.486111111111,24.141346079285224,7.868530592029924,-0.24085933260315204,144,0.9453918816397556,1,0.29442917205403923
fov0,4671,13683.0866807611,5245.365750528541,39.92877245178774,30.5736414090408,0.1662947598995526,473,0.6431925009221654,1,
fov0,4672,13708.492831541218,6197.57945041816,77.63143447557982,46.67047367600985,-0.08409402184611181,1674,0.7991135621897688,0,
fov0,4673,13685.608919382505,4873.140651801029,58.189951582567666,19.452088369304224,0.04653075730561049,583,0.9424716678816958,1,0.20312773519409125
fov0,4675,13693.8459563543,7747.537869062901,89.73450482627412,25.797353491802877,-0.5114954392538725,779,0.9577850419463668,1,0.3519254844137513
fov0,4676,13675.656804733728,7288.355029585799,26.925001435675288,9.986728678795131,0.6466288864497958,169,0.9286691672566816,1,0.4771667240930405
fov0,4677,13699.800785083415,4698.729146221786,89.54471752235807,33.37880764826742,0.925634294863212,1019,0.9279272567229092,1,0.5886008581277726
fov0,4678,13707.453400503779,6063.973551637279,91.01632305955816,39.42998293698966,-0.31383285765773306,1588,0.9012887799403866,1,0.2906671334102153
fov0,4679,13699.01688555347,5700.3808630394,73.42027513370297,9.575258391589747,-0.35413586397983116,533,0.9914592192736362,1,0.44821410773298376
fov0,4680,13744.241470979176,6704.99158174568,206.2041128548451,88.06979676752596,-0.9914039580782802,4514,0.9042043499438207,1,0.4994300616333285
fov0,4681,13700.791596638655,6847.004201680672,61.094566192298544,48.24241097316796,1.5653228081756356,1190,0.6135767956093586,1,
fov0,4683,13784.840106951871,5624.7513368983955,250.89104471965024,28.633900655437884,-0.43915533237919463,1870,0.9934659585674479,1,0.05038850932412726
fov0,4684,13702.257918552035,7116.31221719457,71.43678840741305,17.795761872043077,-0.18000572124971662,663,0.9684746806211887,1,0.28732956445214725
fov0,4685,13712.50594530321,7245.376337693222,95.46863939080191,62.55309430123245,-0.6139882615127945,1682,0.7554369161150006,0,
fov0,4686,13691.713004484305,5063.793721973094,24.537474088143856,14.027639826932466,-0.46146540227842026,223,0.820475068700749,1,
fov0,4687,13733.187140115164,5324.474088291747,104.80158486179364,22.52818894194528,-0.19294089817421492,1042,0.9766227691611176,1,0.26044570642152404
fov0,4688,13695.31794871795,5745.6051282051285,30.498027743480247,8.578692164177381,-0.2383010351036535,195,0.9596237516566059,1,0.42646662876235064
fov0,4689,13751.292246520874,6607.91351888668,145.97368044814382,39.586777301958584,-0.04324909355691304,2012,0.962525497862439,1,0.40891196267954855
fov0,4691,13762.75374732334,6275.085959008871,142.45971396976196,108.0314331781073,0.42606253788871384,3269,0.6518711952714062,0,
fov0,4692,13703.902597402597,7428.676406926407,81.67411029950887,20.98478009749007,-1.093554290877518,924,0.9664291987983931,1,0.4303295357763021
fov0,4693,13697.08988764045,6486.816479400749,29.712795095831087,12.07042406741138,-0.888397612701084,267,0.9137679390249964,1,0.4138871372630229
fov0,4694,13734.406184118061,5958.226282501757,95.76422307857133,26.23672871420766,0.16064371736692776,1423,0.9617376299677124,1,0.2800136346497094
fov0,4695,13718.636809815951,5796.068711656441,63.70766737331012,51.028451785726425,0.8815996959328712,815,0.5986935335311612,1,
fov0,4696,13713.758190327613,4827.127925117004,39.711728534301585,27.96905376011117,-1.2650995034265193,641,0.7099003827284183,1,
fov0,4697,13704.70634920635,7350.015873015873,21.468494993179895,7.647346182160203,-0.40995712826125297,126,0.934404975291876,1,0.34063456696081595
fov0,4698,13706.912280701754,5500.2350877192985,31.28645811093551,21.02019052981967,-0.37401715936364843,285,0.7406761102689091,1,
fov0,4699,13708.694063926941,4258.488584474886,25.3821103980814,12.675164516625246,-0.8365678596764834,219,0.8663865571505467,1,0.4705336038439645
fov0,4700,13781.734160958904,4828.733732876713,198.77650550352266,72.09705318283875,0.3743159875273896,2336,0.9319043604948843,1,0.17600806927700022
fov0,4701,13738.322528363047,5869.888168557536,91.65445215055055,15.954823386047657,-0.5033245992756559,617,0.9847322534068059,1,0.20360868037604674
fov0,4702,13731.195652173914,7930.44384057971,62.22095942563037,14.568359406010964,-0.25362610302405,552,0.97220310743945,1,0.3535202152825281
fov0,4703,13734.710199004976,6941.016169154229,67.30273831210559,30.93981392518631,0.186623452449994,804,0.8880685395857741,1,0.36409891385638504
fov0,4704,13724.156097560975,8061.168292682927,60.482681389872674,21.661864560141293,1.5328146327991168,820,0.933664109642618,1,0.7500839105932292
fov0,4705,13824.912681912681,4446.181288981289,283.8674809904055,34.02170013304285,0.5523927213877611,2405,0.9927919335713905,1,0.15129891769645612
fov0,4706,13726.610738255034,5243.644295302013,30.38771272835213,14.137526309474445,-0.32300050373303496,298,0.8851855004340248,1,0.3133014738966592
fov0,4707,13751.777304964538,5516.753191489362,93.64614248276251,23.239287895624987,-0.5162560028542281,1410,0.9687188911980116,1,0.21433027628548934
fov0,4708,13738.892996108949,4438.651750972763,74.35142767884449,14.0908092441922,0.570671862303049,514,0.9818775702739799,1,0.27043711351406124
fov0,4710,13729.885416666666,7193.270833333333,30.699871569059436,9.081163935368286,-0.6918529096276241,192,0.9552484624520206,1,0.38589892864624337
fov0,4711,13724.382550335571,7898.208053691275,23.00148442697481,9.625450350233558,-1.2771893691005816,149,0.9082302361523222,1,0.7101828071803695
fov0,4712,13747.288683602772,4635.766743648961,67.52602112588893,9.823862454168397,0.5384535650842844,433,0.9893608074675875,1,0.13502781876877473
fov0,4715,13735.948424068767,6375.902578796562,25.37060704272368,17.811181020237296,0.2917169461752147,349,0.7121375116676496,1,
fov0,4716,13780.281345565749,4735.712538226299,175.80361822706718,40.206040444939724,0.8271520470972301,1962,0.9734972792708838,1,0.16206061039481107
fov0,4717,13767.19638648861,5229.44776119403,84.99707254242396,36.102361588769575,0.35897669466632737,1273,0.9053114858602298,1,0.29770891453302806
fov0,4718,13793.800872093023,5695.0254360465115,157.72353755953912,17.090769597181627,-0.27991937550627993,1376,0.994111824965535,1,0.1232009272868621
fov0,4719,13956.588673329414,7508.1294336664705,558.6281834942271,66.08712249593312,-0.7829660513464971,10206,0.9929775996910665,-1,0.6699037286921545
fov0,4721,13745.313725490196,5030.735294117647,17.91462549824561,7.6988484752140485,0.24225018762650577,102,0.9029469011628061,1,0.289891815058015
fov0,4722,13747.354609929078,5898.929078014185,23.547316605410195,8.218570787181566,-0.3476459323019214,141,0.9371139098031057,1,0.3790526635714449
fov0,4723,13756.247422680412,6804.1752577319585,39.312622496887194,15.718814986890928,0.09760856036667187,291,0.9165843306064946,1,0.5077129135791822
fov0,4724,13769.220532319392,7375.441064638783,63.790118809726565,13.414506824185292,0.0971053455964144,526,0.9776387729526276,1,0.44128758584793126
fov0,4725,13763.09065934066,4907.002747252747,49.201305665366995,12.890958741882036,0.01429091682140071,364,0.9650666777745469,1,0.1267244942909857
fov0,4726,13765.10450819672,8194.182377049181,71.31960242677823,19.658248150040965,0.5140433139342354,488,0.9612620918860847,1,0.44026695660857157
fov0,4727,13794.090675791274,6811.247219846022,141.2065304342233,30.619491993221153,-0.9982502353744196,1169,0.976206736048044,1,0.3484807011253144
fov0,4728,13752.6,7079.408,20.756119289793066,7.92313624948355,0.34874421629934277,125,0.92427581441604,1,0.3651441285202899
fov0,4729,13755.550264550264,7160.814814814815,31.504373204694996,8.058427749071159,-0.5949051101093117,189,0.9667330075818034,1,0.25888716486942637
fov0,4730,13756.921787709498,7038.033519553072,25.27254493627379,10.387919804372785,0.02079822120583779,179,0.9116192193534454,1,0.1777026021512269
fov0,4731,13800.734317343173,4881.686346863468,130.30910154828,12.044941141947001,0.1429294242296481,813,0.9957188494126299,1,0.40589001731566243
fov0,4732,13750.423357664233,6098.591240875912,19.688163480244683,9.504673412377377,-1.4091702286098078,137,0.8757522576864961,1,0.46098016880273857
fov0,4733,14188.945287241979,5409.754207079499,802.3743238970109,67.23650294502829,-0.15803750661003121,12063,0.9964828523175674,1,0.18734892394350283
fov0,4734,13858.358981162111,5359.747147784558,275.5265034854098,29.44211122715892,-0.16223499560327365,3769,0.994274331012807,0,0.1323444546912829
fov0,4735,13765.277936962751,6750.495702005731,34.25386654689638,19.647413950944223,1.5263126137235241,349,0.8191478895670765,1,
fov0,4737,13863.211212516297,5532.069100391134,210.30483442223115,64.14245174151421,-0.2808545137151741,3835,0.9523531468306212,1,0.3065084356854526
fov0,4738,13863.695243804956,6208.573741007194,204.27702130895486,94.85571630032592,0.6728189512788797,5004,0.8856525987593349,0,0.5494104192888439
fov0,4739,13778.873134328358,8027.475124378109,52.25230503870062,17.941761645936317,0.607816640601276,402,0.9392010005803054,1,0.4934168764993977
fov0,4740,13809.012670565302,5775.941520467836,123.65814267951639,19.783778346711085,0.13773691158823068,1026,0.9871190125163386,1,0.2109196393497178
fov0,4741,13768.211920529802,8072.64238410596,22.079952383158442,9.43936651562695,-0.9980583109889841,151,0.9040113460059662,1,0.9806919882314072
fov0,4742,13803.742157612854,13619.720734506504,90.71576980602346,40.39894008185553,-0.6923605715048671,1307,0.8953638458032839,1,0.37290460185377766
fov0,4743,13800.789838337183,5824.228637413395,91.77359707651891,24.755787427895395,-0.058243477000559395,866,0.9629308192989088,1,0.17661069735009555
fov0,4744,13768.936507936507,6416.920634920635,23.720462462258478,13.046509751134126,1.3004615004714353,189,0.835157563724132,1,
fov0,4745,13769.885714285714,7994.057142857143,16.900457031684454,8.497562340202618,0.5525251860914964,105,0.864402344729904,1,
fov0,4747,13769.728346456694,13427.322834645669,36.616234656706766,10.334252496229073,-1.275154032931673,254,0.95934634851428,1,0.5711315279716904
fov0,4748,13778.192893401016,6127.299492385787,30.51691185075801,8.632797790522492,-0.09541143872814781,197,0.9591536290275247,1,0.44334261992167784
fov0,4749,13773.177570093458,7339.5373831775705,34.618358008665886,9.366643973590051,-1.0146790040518225,214,0.9627006704623263,1,0.39822326347016274
fov0,4750,13786.888475836431,7958.74721189591,41.93421792412548,11.11492561134018,0.2757584625746659,269,0.9642329574317732,1,0.4329638060431042
fov0,4751,13796.381406436234,6874.280095351609,86.37067341855301,27.566878764923803,-1.1366997961133096,839,0.947697670020369,1,0.49304056401054425
fov0,4752,13857.105648535566,7108.448744769875,149.62957079559493,38.44739115313585,-0.24645019354545378,1912,0.9664245687058397,0,0.2917477262363278
fov0,4753,13821.855967078189,7900.354497354498,111.61581956133459,48.14285345024099,-0.16827407868773572,1701,0.9021959361311697,1,0.2994059636074325
fov0,4754,13824.765762004175,7239.251356993737,110.99427649138727,55.92937860962721,-0.5315653239302374,2395,0.8637653481245237,0,
fov0,4756,13803.638606676343,6388.795355587808,54.224692454007,27.775482056240154,1.0151729610504427,689,0.8588486680925843,1,
fov0,4757,13800.849726775956,7083.136612021858,45.84191539795523,10.969449385443959,-0.5762880156244756,366,0.9709484790185469,1,0.32046589751846305
fov0,4758,13790.157894736842,4826.12030075188,14.47638338550478,11.821961046828152,0.3862028467446841,133,0.5771505848568962,1,
fov0,4759,13821.665293511844,5323.447991761071,89.47475615487052,17.786227511616342,-0.17822008179921245,971,0.9800431503814118,1,0.13919724598473138
fov0,4760,13799.85806451613,4609.18064516129,27.270944654057143,7.678593712434478,0.7432937451731289,155,0.9595416169001406,1,0.10752706096365239
fov0,4761,13850.94106372784,6937.376137997125,98.6734997188256,74.46496796990546,-0.21409697568174946,2087,0.6561157725683872,1,
fov0,4763,13821.305,7702.446666666667,68.28987955824348,29.273852476390736,-0.7018092580351267,600,0.9034609326920023,1,0.20287431985878543
fov0,4765,13825.88493150685,6051.193150684931,107.85608615461403,15.456116223797721,-0.8954770623217497,730,0.9896788413305405,1,0.2877872487869176
fov0,4766,13819.199164345404,6716.286908077995,63.65044777101169,19.15412422448177,-0.8691448834763098,718,0.9536472480584438,1,0.41360095881689174
fov0,4767,13824.72918660287,13395.34066985646,92.20481202181954,18.453931007354186,0.9142370961204166,1045,0.9797671765445929,1,1.1080987322976599
fov0,4768,13853.164719626167,5634.0432242990655,131.53894940370222,8.644247707957764,-0.4849277759962852,856,0.9978383502665757,1,0.21081360077623856
fov0,4769,13861.214156079855,8253.274954627948,115.48748907398202,44.36091358144992,-0.013043557956727809,1102,0.923283684302882,1,0.34281152905993817
fov0,4770,13815.146666666667,7337.08,24.39567464874235,8.147258065647943,-0.3555629350797085,150,0.9425861061601749,1,0.2539020070050665
fov0,4773,13827.291525423729,6864.389830508475,48.78257427481272,9.727543418432278,-0.36497825033132913,295,0.9799169367423287,1,0.27555815285509655
fov0,4774,13830.492631578947,4711.322105263158,51.828841619445114,12.84337900019718,0.47770648685034356,475,0.9688102619125563,1,0.2298256717394347
fov0,4775,13831.892177589853,6357.427061310782,53.20664304156028,14.20045916851105,-0.6421082226636121,473,0.9637262792778207,1,0.6645581897188256
fov0,4776,13822.545023696683,4804.682464454976,26.1641287434342,13.218946217672388,-0.16219938768247102,211,0.8629837593805249,1,
fov0,4777,13992.802958579881,5178.999802761341,430.93141997233806,38.24848343553574,-0.18535620421989735,5070,0.9960532465553782,1,0.10226020425187607
fov0,4778,13840.544554455446,8014.302805280528,94.29575973713158,55.554441999837906,1.1563340847848675,1212,0.8080229504882535,1,
fov0,4779,13837.926070038911,7031.1089494163425,47.58330760735731,8.27652606197403,-0.0086748811983538,257,0.9847566771701904,1,0.3273806675230204
fov0,4780,13854.028955532574,6502.918304033092,104.70450387224717,77.7812721297302,-0.7091886533733797,1934,0.6694416682219945,1,
fov0,4781,13834.142144638405,4316.4463840399,37.05004522215083,14.572963211578065,-0.24232774099921414,401,0.9193965671405071,1,0.43642239901227553
fov0,4782,13884.082196029776,7779.982320099256,125.46302648834542,77.52190279309127,-0.313652886579654,3224,0.7862673509812022,0,
fov0,4783,13861.823529411764,5834.149732620321,90.47611112954388,15.294515670977006,-0.4541584306877556,748,0.9856083690979917,1,0.5515392736623733
fov0,4784,13828.610169491525,7428.661016949152,15.625028702836257,11.491867427060722,0.37780604360126313,118,0.6775484262242493,1,
fov0,4785,13854.686520376175,6683.0,77.40084088312967,16.7927126826602,0.5723828333065221,638,0.9761809937157425,1,0.6901263437734253
fov0,4786,13832.60103626943,8092.808290155441,29.03735236879954,8.80637803668358,1.1999696148582164,193,0.9529022551050617,1,0.5963138155745575
fov0,4787,13866.523870967741,6796.825806451613,105.6289228232306,12.57944765760744,-0.4308768161906091,775,0.9928833507157427,1,0.1917781918828187
fov0,4788,13864.499245852187,5740.509803921569,78.83231291505729,13.788929499803057,-0.24776059183513544,663,0.9845835929763452,1,0.2776427507381156
fov0,4789,13867.26756649464,7451.978562921794,114.57539841607225,71.94573712608263,-1.50283281895732,2519,0.7782669540626812,0,
fov0,4790,13967.705754220367,6399.242693773825,347.9123664317285,177.03686836889437,-0.9880029368636895,11018,0.8608523796977451,-1,
fov0,4791,13836.049504950495,13573.584158415842,16.23198805123315,8.387504268800015,-1.3496296891089303,101,0.8561503074074199,1,
fov0,4792,13885.594515181196,5131.440744368267,153.50630314511724,13.034863092662496,-0.5804735401625515,1021,0.9963882680296945,1,0.1502063210706627
fov0,4793,13846.79347826087,6107.959239130435,37.937107952317184,18.599365650367883,-0.9504364570343498,368,0.8715715029446501,1,0.29966238791772953
fov0,4794,13874.610581092802,6747.499566348656,105.50520695316258,33.66022468185327,-0.16606012198778816,1153,0.9477417502441527,1,0.33562390096730027
fov0,4795,13872.222490931075,7288.946191051995,100.72020247309014,42.743466201640594,-0.9798523762305512,1654,0.9054849950063864,1,0.43728516741044604
fov0,4796,13852.628465804066,7352.889094269871,46.37340992877406,22.231926686486712,-0.3067797869724737,541,0.8775904587490193,1,0.3183341483824775
fov0,4797,13867.960079840319,4944.343313373253,62.360417286644186,10.598721669929034,0.34556155363271807,501,0.9854511136490925,1,0.5183029817494916
fov0,4798,13854.131868131868,5883.010989010989,32.12730737021633,7.742839668636383,0.2670367806628678,182,0.970523889784905,1,0.3946567286681542
fov0,4799,13894.544050862853,5977.848319709356,115.49587818835177,19.53290994464024,0.4230923977597153,1101,0.9855951005151105,1,0.36938978965898617
fov0,4800,13848.075949367088,5921.867088607595,22.94565885428177,10.487256997094903,1.042514760468542,158,0.8894422654831051,1,0.33520429019020986
fov0,4801,13850.349112426036,6631.710059171598,30.188592506033828,7.480461889529512,-1.2561518972822734,169,0.9688135085483108,1,0.495233972379837
fov0,4802,13983.342289529393,4923.564728871519,302.6410724893222,140.28571913024467,-0.7318456789195389,6141,0.886076899809092,1,0.5677766235832398
fov0,4803,13869.773502947564,13579.606267452684,206.86700200280404,43.96305641846252,-1.5277164003299557,3223,0.9771570522275681,-1,0.23062640909526175
fov0,4804,13871.04118616145,13356.48270181219,64.62937013750731,26.28862234168842,-1.1261907092147327,607,0.9135351976605036,1,0.5234143188948449
fov0,4806,13867.519642857143,4285.658928571429,38.99294507773041,22.638713669598776,-0.4057448319072299,560,0.8141997402625044,1,
fov0,4807,13932.243992206106,13615.017319766182,259.57127382464256,126.3544072803983,-1.4595315375827758,4619,0.8735239530905629,1,0.577853194689378
fov0,4808,13869.378917378917,7050.581196581196,50.93218095487879,9.476929737208089,-1.164209039146512,351,0.9825365691934863,1,0.4348891245909325
fov0,4809,13869.085836909871,4568.068669527897,38.34639671988219,8.236056455560185,0.9991546360256749,233,0.9766623556998005,1,0.15890785131355992
fov0,4810,13868.279279279279,7972.54954954955,14.244182308811245,11.764804790935477,-1.336468895818841,111,0.5637616447925985,1,
fov0,4811,13873.525423728814,6588.928813559322,38.21794553080361,12.808985079048584,-0.8828973258055159,295,0.9421625427718117,1,0.3779835697873662
fov0,4813,13881.750588235294,6856.308235294117,36.69154828307762,20.35718155816191,-0.6371710395981053,425,0.831970835453525,1,
fov0,4814,13872.339130434782,7999.626086956522,14.113618986308502,10.8169724657509,0.7490952332708539,115,0.6423387073056789,1,
fov0,4815,13878.183279742765,4393.890675241158,24.569112860199834,16.893931425362368,-0.33503007911623617,311,0.7260816193586304,1,
fov0,4816,13915.119492158326,8100.145631067961,113.0372794113726,27.148384868112537,0.6527220189459221,1339,0.9707303590466025,1,0.3076205424493606
fov0,4817,14014.898747123498,5646.425722321657,331.28033652959044,41.110861576178046,-0.2619236257323238,3911,0.9922701045194227,1,0.47336232468091866
fov0,4818,13989.032798941022,8255.592292984262,417.9295949277381,124.78940550684389,0.8380657383640312,6799,0.9543816252398547,-1,0.6653179037290314
fov0,4819,13883.122807017544,6449.789473684211,55.60647704365319,12.567286224514424,1.3552089639450648,399,0.9741263737789781,1,1.117068669855392
fov0,4820,13882.111111111111,4918.282051282052,16.440934776069053,9.37461496124812,0.8973304343473041,117,0.8215061652322735,1,
fov0,4821,13889.775229357798,6621.738532110092,40.652565056578474,7.434038113534717,-0.7135217154352796,218,0.983137544244877,1,0.35374082688963887
fov0,4822,13911.119587628866,4543.567010309278,84.49680931663616,12.993451700798952,0.6292507391863187,485,0.9881059729187375,1,0.17417635363894882
fov0,4823,13902.306188925082,5936.895765472313,58.01949773584939,7.396551203510758,0.2319949693150314,307,0.9918406414693872,1,0.3663394941701168
fov0,4824,13896.324840764331,6119.5605095541405,40.744448136025554,11.274359055128128,-0.2488413048701176,314,0.9609537351095523,1,0.26879996833784614
fov0,4825,14002.19099177133,14095.593871805977,253.0930818670264,136.56142436033562,-0.2374923066022213,9236,0.8419407680958947,-2,
fov0,4826,14096.712597977961,5270.792457116892,459.1044985304232,81.84656004949491,-0.28061236861459066,8803,0.983980819443088,1,0.10655915539202548
fov0,4827,13886.303418803418,5868.918803418804,32.600461542449686,11.074292778626894,1.437227524579298,234,0.9405347737977781,1,0.6797365927828467
fov0,4829,13895.451923076924,4841.651442307692,49.01737462298683,18.90789335372091,0.7852798811873827,416,0.9226081151745724,1,0.6911536255228381
fov0,4830,13890.082758620689,4866.827586206897,25.577380601714122,7.449969707445764,-1.4460324731658674,145,0.9566403389270317,1,0.8389670182118676
fov0,4831,13899.157088122605,8035.24521072797,29.056900454675777,21.307693850264585,-0.5287538874134727,261,0.6798952458668387,1,
fov0,4832,13922.86230248307,6639.1331828442435,96.10449804185275,21.677653850943646,-0.873005387397644,886,0.9742284993411643,1,0.10572391173266021
fov0,4833,13906.275229357798,5564.399082568807,34.39092984422554,9.33372025564953,0.3058367471784002,218,0.9624664640449135,1,0.30900798662301704
fov0,4834,13909.688311688311,13643.188311688311,29.14777332407057,16.017030816564404,0.6347886177756561,308,0.8354862841352715,1,
fov0,4835,13904.09589041096,5785.940639269406,33.98165770751112,8.681190901986826,-1.2370486599425494,219,0.966817785660286,1,0.4696843263565491
fov0,4836,13909.438914027149,7994.497737556561,30.334164311973232,10.802859185494158,-0.18091961661475126,221,0.9344370074171596,1,0.3743868393531727
fov0,4838,13910.781954887218,7364.390977443609,22.872159548623273,7.581382059532117,0.5086086314705249,133,0.9434665683521494,1,0.545046159432501
fov0,4839,13922.852017937219,4396.654708520179,38.740108978815606,22.15345468253165,0.9495607974933297,446,0.8203595796980798,1,
fov0,4841,13928.802318486882,4309.322147651007,123.28027568396413,28.084424397105384,-1.4262879932046237,1639,0.9737057090990932,1,0.642863866224758
fov0,4842,13944.840840840841,6887.885885885886,101.7849032932154,60.74954865819912,-1.238469590329038,2331,0.8023584722436053,0,
fov0,4843,13921.313588850175,4740.268292682927,41.500905673442375,10.595931634605533,0.7885935203531874,287,0.966857113043713,1,0.4046613265528619
fov0,4844,13953.11802853437,5872.243839169909,103.41318014319974,15.228834235272469,-0.07610786257301193,771,0.9890975160382329,1,0.4311117583532997
fov0,4845,13920.793103448275,4804.674876847291,30.53138018735839,10.06386128644534,-0.7054336401716302,203,0.9441124557204547,1,0.6491580525467295
fov0,4846,13918.42578125,13577.80859375,29.63437130102404,13.012195094863612,-1.4662511339959665,256,0.8984424389853777,1,0.44361756318340595
fov0,4847,13925.964285714286,5149.698660714285,28.919923321955192,20.035337308044756,-0.7020340371091315,448,0.7211425885856988,1,
fov0,4848,13920.723076923077,13913.546153846153,24.358311327299745,7.617544801900949,-0.6877744235855573,130,0.9498424684345665,1,0.2933344551450303
fov0,4849,13919.619047619048,4962.304761904762,20.95361692193369,7.258148694354015,1.269675480555344,105,0.9380901504999266,1,0.9646838019958344
fov0,4850,13939.265027322404,5754.75956284153,50.465628708861104,10.43019718018162,0.07632976344604751,366,0.9784087574878356,1,0.39956581606782277
fov0,4851,13936.650924024641,8070.498973305955,51.80787364476867,15.527371630430931,0.743909501096746,487,0.95403014868302,1,0.5344799407577892
fov0,4852,13925.61,7837.38,15.14479326663698,8.942663859881309,-1.2854779724701668,100,0.8070538984309658,1,
fov0,4853,13944.423005565863,5796.083487940631,59.70310935102833,12.871286730195798,-0.7754395319835743,539,0.9764843684751141,1,0.330262473659869
fov0,4854,14125.683850237496,7171.371332774518,429.83595473866876,199.79181226657457,-0.5589099170517724,14316,0.8854107398927474,1,0.47456730387601426
fov0,4855,14046.700648607402,7656.620908050362,284.99083580460723,237.46169379070807,-0.07515038296468136,13105,0.5529330003174251,0,
fov0,4856,13936.134551495017,4691.722591362126,65.28331327170342,15.309322738902651,1.2232384387396276,602,0.972114694116755,1,0.31081375551495766
fov0,4857,13938.10460251046,6172.535564853557,34.1026425594691,11.199719309829238,-0.3894104881135422,239,0.9445345492343427,1,0.36660001070401593
fov0,4858,13952.278873239437,5717.140845070423,58.505411936095015,9.83727369323959,-0.06811117519158372,355,0.9857626194051167,1,0.4011781468879674
fov0,4860,13987.814232902034,6104.01663585952,113.32336969321267,27.164869423713807,0.288797128889682,1082,0.9708442662462242,1,0.2032171792530839
fov0,4861,13981.193769470405,7128.532710280374,130.4257711743635,30.696210805190947,-0.5238525970587529,1605,0.9719097452680777,1,0.1806104806926736
fov0,4862,13937.053691275169,7973.939597315436,22.106512965528147,9.83639322554235,-1.00452320747418,149,0.8955531590228918,1,0.5492984910773787
fov0,4863,13935.753676470587,13303.150735294117,38.60458203445209,9.911319605677184,-1.5604893592359876,272,0.9664806510595645,1,0.5196004096488557
fov0,4865,13948.421818181818,4460.454545454545,37.822483083438115,9.495922997177635,0.9529227573082212,275,0.9679700838547518,1,0.4386983070766277
fov0,4866,13963.360703812317,5026.460410557184,59.36052760814843,11.085557755741995,-0.35964775737736426,341,0.9824075367269559,1,0.4771558155167563
fov0,4867,13945.290076335878,8016.6488549618325,19.797663584309102,8.629821592728774,-0.06235343547574587,131,0.8999946153668087,1,0.33463661548147994
fov0,4868,13969.284810126583,7044.939873417721,86.98576665759926,17.931962690129797,-0.4550791552491148,948,0.9785207730032435,1,0.4196065451842779
fov0,4869,13961.610837438424,8254.9039408867,50.15467593204021,13.686379903230856,0.1815580541407205,406,0.9620471062646507,1,0.4137388515191133
fov0,4870,13983.800645682002,4645.573849878934,160.44992266387598,29.600949509085684,0.702546493667854,1239,0.9828349252031812,1,0.3924798396997604
fov0,4871,13969.179802955665,13234.672413793103,44.4854926106203,19.02160498755386,0.2567544350485988,406,0.9039722170237208,1,0.6372314745821148
fov0,4872,13963.555555555555,4778.51282051282,34.10486492507889,9.676088501962088,0.6135311980251037,234,0.9589084177946525,1,0.5247023222883453
fov0,4873,13978.684788577704,6681.978583196046,119.69967812302565,40.32207079800763,-0.9536688121206784,1821,0.9415546351005114,0,0.12438399456471425
fov0,4874,14060.771255060728,5110.656882591094,294.1521684085464,29.877159460018934,-0.1500780809781826,2964,0.994828351859271,1,0.14669795627780985
fov0,4875,13976.639324487334,13403.308805790108,115.4118697303019,19.19127357327853,-1.2223664316116758,829,0.9860777188488041,1,0.21927283273611228
fov0,4876,13958.217557251908,13490.851145038168,34.48680528496933,14.749523311493554,-1.1472296936904334,262,0.9039273740998461,1,0.40124596402496326
fov0,4877,13961.337209302326,5579.517441860465,30.566280702832415,7.774084783265262,0.7496270946921085,172,0.9671160969649968,1,0.4592012980523791
fov0,4878,13970.053719008265,6134.49173553719,41.270412231669,8.34454489661991,0.3469810087277096,242,0.9793459131516908,1,0.24533525798572461
fov0,4879,13992.879492600423,5209.750528541226,83.82142955541434,8.665005096811614,-0.1968073586098366,473,0.9946424966573372,1,0.032615685860657
fov0,4880,13987.040263543191,6972.289897510981,66.4430865887452,48.524267279614605,-1.3674851659617395,1366,0.6831123918378557,0,
fov0,4881,14004.190371991248,7306.702407002188,149.727415954501,37.79701504951645,-0.5525407989974686,1828,0.9676128526254932,1,0.29566696653509295
fov0,4882,13964.25892857143,5825.544642857143,13.831302686307643,11.42761891922391,0.8972528612734388,112,0.5633560753264455,1,
fov0,4883,14042.339034587609,6005.220828582288,173.3702526720209,69.15024808024083,0.36419710772409997,2631,0.9170123613151004,1,0.19550787433455719
fov0,4884,13972.409574468085,6253.760638297872,30.550011163551595,8.133875053408707,0.20711323854220967,188,0.9639045999346124,1,0.35718707546698425
fov0,4885,14042.237114754098,8077.184262295082,209.14370585974012,142.2861976462636,0.5113204087274722,7625,0.7329083180764145,0,
fov0,4886,13996.745205479452,4303.049315068493,84.5710723559172,17.88283565374095,0.06028480673730003,730,0.9773880935019517,1,0.3881992294772783
fov0,4887,14046.215505913273,5909.76544021025,195.66059881622908,38.155852909454275,0.10186855741567602,1522,0.9808011732049249,1,0.15771190242758754
fov0,4888,13979.126394052044,6537.780669144981,46.87213163419497,8.748462333396438,-0.8338376080779947,269,0.9824273702713334,1,0.11410413069930786
fov0,4889,13979.878980891719,13906.816878980891,34.10876940842436,24.298029445517727,-0.3939090907485747,628,0.70180512188796,1,
fov0,4890,13998.391557496361,5785.391557496361,69.14944639835328,14.583130880647296,-0.21195561860654885,687,0.9775091625112655,1,0.16899928253290336
fov0,4891,14023.875981161695,4356.173469387755,127.28565946567609,44.78107282740019,-0.2616896860523735,1274,0.9360693493938481,1,0.16862995322520044
fov0,4892,14000.802941176471,13539.360784313725,94.23830562002853,31.120237248448884,0.27821063586901096,1020,0.9439007875160361,1,0.6467608958821469
fov0,4893,14021.647628267183,4439.996127783156,137.65187480216832,28.885989925682036,-0.10166205187556229,1033,0.9777339914538223,1,0.29389402734202075
fov0,4894,13987.004273504273,6051.384615384615,37.362506069063066,8.336968511247912,0.09724476566199042,234,0.9747870269487825,1,0.11568979132415638
fov0,4895,13975.128440366972,8004.174311926606,15.995084676337628,9.909397146773266,-1.2750299306646766,109,0.7849748382221058,1,
fov0,4896,13978.960396039603,4698.742574257426,17.38412070711785,7.6504082003949865,0.3783101437018242,101,0.897958447185928,1,0.40959497393145494
fov0,4897,14019.753093694755,5492.115497937537,103.32546830318746,27.34764854195145,-0.2952538728466117,1697,0.96433772388963,1,0.2655890197648366
fov0,4898,14005.905478627334,13779.862733293197,83.94812303054547,45.58064422678225,1.1147699170942085,1661,0.8397572398792718,1,
fov0,4899,14000.524096385541,13472.665662650603,40.27543317746833,13.55382405871619,-0.42934335391220574,332,0.9416733438895489,1,0.3504613698407042
fov0,4900,14031.933693138011,4038.9676175790287,110.64082825945938,99.41305169934027,0.10099996904759984,2594,0.43893156789207516,0,
fov0,4901,14010.351689612015,6186.461827284105,53.52192937205784,44.07888072681211,-0.05289122130729034,799,0.5672193842180234,1,
fov0,4902,14018.068554396423,4403.414307004471,71.38257787092743,17.55776967801789,-0.1439333532521097,671,0.9692781634249173,1,0.2948567053335943
fov0,4903,14116.7513321492,5538.631819335194,261.06187094298,27.95198375018404,-0.12540396652147737,3941,0.9942514480296154,1,0.21648473904888937
fov0,4904,14011.481259370315,7962.860569715142,75.83748451768969,17.82825078779197,-0.5521543024272356,667,0.9719748295023091,1,0.3313324976060432
fov0,4906,13994.552631578947,4813.728070175439,18.472245998611857,8.456570548754033,0.09429417313959369,114,0.8890558661874529,1,0.4236103571049871
fov0,4907,14016.71348762969,7825.1053471668,112.49205206779112,61.44290020114425,-1.5564330788825493,2506,0.8376562968230828,0,
fov0,4908,14006.069672131147,6750.963114754099,42.58517616328797,8.17292959281428,-0.582538702177748,244,0.9814106533874303,1,0.16174134233922433
fov0,4909,14035.807067812799,13299.748806112702,140.36490262425616,20.362454770611503,-0.720631477714898,1047,0.9894216883030408,1,0.3814937010362486
fov0,4910,14028.506456241033,13665.153515064563,92.35536452033547,33.19119666107093,0.06302776961244057,1394,0.933189114712236,1,0.5024038424213673
fov0,4911,14002.866828087168,13282.917675544793,55.169378290448485,10.973699564317315,-1.2092034573171655,413,0.9800179135838065,1,0.49176366820314066
fov0,4912,14004.243902439024,5727.1890243902435,22.64908316614058,10.280596080313686,-0.36711338498323903,164,0.891048644193193,1,0.44736839714253573
fov0,4913,14004.882113821139,8274.077235772358,28.381714629594406,12.726560905518587,-0.9296888105317145,246,0.8938294682518653,1,0.539571382458355
fov0,4914,14033.90625,4518.485416666666,82.89067100978922,10.489326246353773,0.14095400682545317,480,0.9919609811141599,1,0.2709717166054996
fov0,4915,14010.796052631578,7362.361842105263,19.837968820162953,10.568566850742265,0.45636416121873946,152,0.8462761968444175,1,
fov0,4916,14010.295302013423,5685.523489932886,21.4188923873337,9.55317798501106,1.3335034573342566,149,0.8950247713577314,1,0.7793033017331206
fov0,4917,14020.18373493976,13722.132530120482,36.112641325877505,13.510212870707312,0.564764543680603,332,0.9273830785715987,1,0.6347889473050171
fov0,4918,14022.228615863141,13402.0,71.84811085310497,27.879076285037772,-1.5591392866173137,643,0.9216475996434224,1,0.3648039136905701
fov0,4920,14042.580115036977,13173.28430566968,97.76723970030164,41.91500526845843,-0.7269689763400099,1217,0.9034362772474046,1,0.3806600844187915
fov0,4921,14029.84365781711,4732.150442477876,61.30458651932936,7.940992089935249,-0.9243499037270206,339,0.9915750581309545,1,0.5647406526172514
fov0,4922,14034.951747088186,6475.269550748752,84.7525872518882,12.475820642894087,-1.1297775567689796,601,0.9891063274568038,1,0.11633953279720081
fov0,4923,14023.538461538461,5844.3538461538465,22.388400412816242,7.745584753162739,-0.3916097455818995,130,0.9382477184222322,1,0.18073862066184682
fov0,4924,14025.240384615385,13614.673076923076,15.68684178698508,9.168293741733747,0.02201119515112953,104,0.8114242575708872,1,
fov0,4925,14086.39707536558,4935.521372328459,170.2401511553127,53.79048910062237,-0.022448972626438184,1778,0.9487697513153293,1,0.20036041917904066
fov0,4926,14059.556916426513,7887.339337175793,101.39959709993109,43.435033332154724,-0.9527522729512973,1388,0.9036104905552773,1,0.18194680856926176
fov0,4927,14108.34201736807,5380.800935203741,230.55929393959167,10.839319058143825,-0.24162543013505358,1497,0.9988942704654656,1,0.02377513172445339
fov0,4928,14031.86,4610.046666666667,25.263067416158506,7.982625734400891,-0.65012967243374,150,0.9487658284678264,1,0.48825566153037253
fov0,4929,14057.033576642336,4570.175182481752,65.79400219293294,16.075939636273798,0.1537803144403161,685,0.9696902617487194,1,0.268809984316714
fov0,4930,14074.806996086105,6618.79843444227,214.07319193179003,70.97491165725255,-1.167274231109222,4088,0.94343938108111,0,0.13926585210548006
fov0,4931,14041.857740585774,6560.976987447699,38.31998793170494,22.702722564369555,-0.8825700998149529,478,0.8056063455309368,1,
fov0,4932,14053.058620689655,13758.151724137932,49.124595091421185,19.064477432943065,-0.5438704277035339,580,0.921623937088564,1,0.3343043827345912
fov0,4933,14044.098958333334,14023.817708333334,26.811823863742795,11.801316298507134,0.05799479792498597,192,0.8979225779980148,1,0.5474494683327156
fov0,4934,14047.796232876712,13503.205479452055,59.20179503183062,18.980145827719603,-0.9952865497813029,584,0.9472143869122832,1,0.37889253366818565
fov0,4935,14081.39660657476,5000.983032873807,85.09011453096686,26.142797447639435,0.23389843096876398,943,0.9516331603455871,1,0.22265591827978118
fov0,4936,14048.32536764706,13600.9375,65.61262223190997,19.669874141663136,-1.315052255064972,544,0.9540058591488114,1,0.5778323004868916
fov0,4937,14079.717630853995,5679.889807162534,93.32302440092927,14.005857937519023,-0.1880120298059427,726,0.9886739561721554,1,0.38417678889545503
fov0,4938,14207.73234440503,5708.889068042567,397.2295937010116,20.442274198963045,-0.09357006365655336,3101,0.998674947585893,1,0.21088191688920674
fov0,4939,14044.417721518987,5765.101265822785,21.47483714634482,11.30820202283894,-0.8200552982057132,158,0.8501260922349786,1,
fov0,4941,14065.466216216217,7108.931081081081,82.44916903558199,20.79103878564391,-0.6975882556899774,740,0.9676834812007971,1,0.44389025481697747
fov0,4942,14055.44385026738,13227.491978609625,35.07448027822878,8.287413993946698,-0.04379915858437573,187,0.9716849020177017,1,0.38293260224350467
fov0,4943,14076.71652173913,4470.393043478261,87.90104156167394,13.325647490111496,-0.5590247682136129,575,0.9884421878964459,1,0.2900300893782928
fov0,4945,14063.35775862069,5193.896551724138,41.216907411531295,7.500520237526007,-0.2844571926076351,232,0.9833028273418788,1,0.047154021311235014
fov0,4946,14069.817901234568,5949.308641975309,53.21728054368162,8.115807678005728,-0.13041574418257276,324,0.9883029707306903,1,0.1617578213236373
fov0,4947,14052.192,13792.064,19.016812047870868,8.97694266083689,-0.8346861491468787,125,0.8815701848677824,1,0.4018455347530773
fov0,4948,14050.760797342193,13827.498338870431,36.01643349568158,11.829940792134021,-1.5699640258327436,301,0.9445180451578703,1,0.6468822023297113
fov0,4949,14144.103208036293,8295.00421257291,204.23641491934706,141.6457951082289,0.10238161025921114,6172,0.7204196670466776,-1,
fov0,4951,14097.994594594595,6139.644594594594,104.81714344116452,21.937357817373083,-0.23859987376930353,740,0.9778532536118545,1,0.22814975173962
fov0,4952,14068.838274932614,5829.350404312669,31.631900925617675,28.519524594399506,-0.2446024964563663,371,0.43255737626658736,1,
fov0,4953,14195.386391088445,6819.368272715072,370.54180861897265,79.15607198748765,-0.8154629150590843,7451,0.9769162821516744,1,0.09295499250996124
fov0,4954,14093.991896272286,4326.56564019449,85.60426045262,12.086241447228486,0.2967313077988347,617,0.9899828902959021,1,0.2187386802556525
fov0,4955,14067.679611650485,6092.339805825242,18.536467504462006,7.198758693085256,-0.11209226683558421,103,0.9215091887126832,1,0.1672180544435938
fov0,4956,14073.102857142858,4612.4,28.332481036580013,8.069950556558792,0.1939556261812596,175,0.9585779417350364,1,0.24692710072465712
fov0,4957,14069.779116465863,13394.020080321285,39.33793755334795,11.064461843817913,-1.3684558419050705,249,0.9596295644645708,1,0.17816624113876622
fov0,4958,14069.100961538461,6514.120192307692,34.928554577456396,8.425346268553856,-1.175589884165157,208,0.97047131047081,1,0.13204869110544237
fov0,4959,14078.490384615385,13520.41826923077,34.717799513275914,8.446020941073007,-0.419283658016716,208,0.9699570083122846,1,0.31827466501667484
fov0,4960,14072.056140350876,7999.238596491228,46.364679920063374,8.710998295578907,-1.3546253245476338,285,0.9821919809840012,1,0.2660595973484873
fov0,4961,14220.244326241134,5807.5225177304965,322.1480004241777,121.03146723111573,0.01345783440070812,5640,0.9267407560719225,0,0.10715828824136621
fov0,4962,14078.039130434783,4781.360869565217,34.774011807930336,10.8266567312642,-0.8671237045883439,230,0.9502974950604595,1,0.5951641841730003
fov0,4964,14075.969696969696,7953.878787878788,26.25227133465563,8.614223295015826,-1.3694653366455307,165,0.9446317090068074,1,0.27230101300867104
fov0,4965,14088.234251968504,13791.614173228347,36.90189373185989,18.194008754146267,-0.8319005831036795,508,0.8700081927474752,1,0.26725227681512187
fov0,4966,14084.898148148148,13230.157407407407,17.357927067947035,9.43158356017316,0.16758621502279272,108,0.839500531991242,1,
fov0,4967,14098.9475,8185.945,62.03778113744345,8.97447555808504,-0.835858121758887,400,0.9894812095365794,1,0.4365588729905569
fov0,4968,14089.064516129032,7032.9112903225805,20.31005715950418,7.972900030066331,1.0451570934305559,124,0.9197267339998965,1,0.860951913614337
fov0,4969,14147.372549019608,5463.146405228758,145.15584317196218,21.520545920067047,-0.21938454579892577,1530,0.9889486853563589,1,0.034320748299398164
fov0,4970,14103.064245810056,6253.117318435754,58.89854427840083,9.611115839275094,-0.9966460187908394,358,0.9865961701112288,1,0.3494365458645485
fov0,4971,14101.425992779783,13719.974729241878,40.809946858458645,11.55972671990459,-1.1696052525411362,277,0.9590438698540958,1,0.708702136564483
fov0,4974,14113.793427230046,5819.435054773083,53.57767255879821,32.98580060880404,1.0690027909249435,639,0.7880094167461312,1,
fov0,4975,14104.986301369863,7913.86301369863,26.240683820783946,8.645212813234968,-0.8323575273501297,146,0.9441701039006735,1,0.19434685039935928
fov0,4976,14137.737377406465,6688.941155103524,109.41275356769047,84.42528025338574,1.1612970707145207,2753,0.6360814370976023,0,
fov0,4977,14107.585,7059.045,33.93535563348495,8.532504792199152,-0.9545703962658793,200,0.9678744264394292,1,0.5286178066599123
fov0,4978,14109.894117647058,7297.382352941177,26.63173032575561,8.87280000871411,-0.3221849281041859,170,0.9428680144149817,1,0.15182539556088676
fov0,4979,14114.355371900827,13180.322314049587,34.373783513611656,10.85211789794238,0.20761261154379815,242,0.9488560133278877,1,0.37604740159813826
fov0,4980,14112.28,13326.968,24.034702714136778,7.1019913716552985,-1.5431345554870972,125,0.9553461277454526,1,0.2917087634066754
fov0,4981,14133.816842105263,4804.082105263158,65.20571204831467,10.19225616835434,0.6899142648563197,475,0.9877081640334544,1,0.41566717889581895
fov0,4982,14267.618547929666,13747.35129514086,496.72484826539943,155.12366626762687,-0.5815162506341972,10578,0.9499858503230363,-1,0.32078721235634877
fov0,4983,14137.481149012567,13213.369838420107,73.71515985696767,12.355428672336995,-0.829721608899061,557,0.9858533096566066,1,0.5035894948215291
fov0,4984,14132.140243902439,8210.100609756097,45.03646451377612,14.103146807775078,-0.6330636472725842,328,0.9497038402596033,1,0.4625022832049412
fov0,4985,14142.295662100456,13380.47602739726,90.60043231368176,46.85953385189967,-1.3411372731592874,876,0.8558579636411985,1,
fov0,4986,14178.349816849817,4867.539377289378,125.44228561447838,16.51886594318717,0.1342543573765281,1092,0.9912916139028072,1,0.21295094150254495
fov0,4987,14128.233082706767,7985.93984962406,22.243222370089057,8.197508571826601,-0.8902335393400668,133,0.9296120445622904,1,0.20718884101819748
fov0,4988,14129.569892473119,13587.440860215054,28.06001720238425,14.150226627754593,-1.181764443104505,279,0.8635376812777447,1,
fov0,4989,14125.732954545454,7426.897727272727,29.814525544997693,8.082768913159613,1.5044608381644955,176,0.9625507061103544,1,0.9177878218323599
fov0,4990,14136.72049689441,4498.689440993789,28.054190858464974,19.8010685731126,-1.2085496764242274,322,0.708396212020288,1,
fov0,4991,14136.4,6187.8,19.624146824926328,8.557530188798372,0.09705702053670619,130,0.8999120452897769,1,0.3636742134869882
fov0,4993,14141.614130434782,5668.828804347826,30.26340969112824,21.417506019905122,-1.142101098828633,368,0.7065100528977923,1,
fov0,4994,14134.689655172413,13621.068965517241,20.17034206757282,11.618453178712098,1.464558854856798,174,0.8174379494040996,1,
fov0,4995,14137.496062992126,4408.464566929134,19.500624385029422,8.61356497216465,0.129762151915126,127,0.8971592973833075,1,0.3343017905454164
fov0,4996,14174.229310344828,4989.6,102.49242163055395,40.42445620308896,-0.2433452136856608,1160,0.9189328147154762,1,0.24303660762900725
fov0,4997,14152.943514644352,7336.200836820084,51.354089588356594,19.270871944526093,-0.3601709559189704,478,0.9269216722338467,1,0.5068588839959713
fov0,4998,14152.136465324385,4728.474272930649,45.77256177296175,15.044759708851759,0.6545727454902839,447,0.9444395668775727,1,0.4543628244468693
fov0,4999,14142.254901960785,8259.816993464052,25.956455524647755,8.163806617119748,-0.39157498358910053,153,0.9492510734017053,1,0.43084149207983774
fov0,5001,14143.18652849741,6761.616580310881,24.68534587380922,13.36434328698398,0.8993863230361387,193,0.8407730545814462,1,
fov0,5002,14145.757009345794,7012.323987538941,27.70611412188023,17.696366077494396,-1.5492131469234276,321,0.7694417422085194,1,
fov0,5003,14147.144859813085,13749.61214953271,26.709721757080434,11.89822643173303,-0.11421423370390663,214,0.8952997225784982,1,0.39613150885640447
fov0,5004,14178.683916083915,4593.499300699301,83.36739972745659,25.019680331537266,0.16676628320780246,715,0.9539035066402959,1,0.4582343598843825
fov0,5005,14148.938650306749,5739.300613496933,20.978370917349096,10.8179297638174,-0.04289199227911099,163,0.8567869049795915,1,
fov0,5006,14143.624277456647,13668.43352601156,30.9576460723052,7.576200655546486,1.3657302670072504,173,0.9695917904185781,1,0.9513095780391788
fov0,5007,14184.531829170024,4349.067687348912,125.990092329938,45.2321368200465,0.7733519254138922,1241,0.9333323887068241,1,0.314590566180817
fov0,5008,14144.764150943396,13507.547169811322,16.626508969849937,8.564495566579522,-1.2061021278160642,106,0.8571235544043577,1,
fov0,5009,14152.043859649122,5127.517543859649,19.90948100432802,7.831426997035278,0.27132955144991816,114,0.9193881049960746,1,0.34290933276346847
fov0,5010,14152.621359223302,6343.077669902913,18.954532137618394,7.0810390100003575,-0.8405705344279003,103,0.9275978604354669,1,0.4560806207465726
fov0,5011,14195.409764125068,13062.563357103676,93.23186464603116,43.28780952138002,-0.69572091202287,1823,0.8856765620088757,0,0.18190294694142634
fov0,5012,14156.97037037037,13452.014814814815,24.128802219123873,7.570288706336702,-1.1166488177046503,135,0.9495073122320719,1,0.20474954710280754
fov0,5013,14165.060686015831,6532.960422163588,34.56249043584616,15.620478361009106,-0.7755559212012466,379,0.8920438455920996,1,0.17204937231937834
fov0,5014,14167.361216730038,13309.6463878327,40.88391809475548,9.721923425030635,-0.7998172869477637,263,0.9713157713018422,1,0.7298831922680566
fov0,5015,14173.43,5218.56,33.60008235647623,10.33143095790777,0.13546408327898588,200,0.9515537970571738,1,0.30041828067286097
fov0,5016,14170.41475826972,13716.732824427481,42.63451130290403,13.998250048211858,-0.8489511965922153,393,0.9445625825262205,1,0.6650363555750595
fov0,5017,14164.166666666666,4536.644927536232,23.340899922424942,7.970152557519157,-1.0065122876525454,138,0.9398936788076114,1,0.6736094067307778
fov0,5018,14182.038106235566,8146.68129330254,97.067661732259,48.954697736890466,1.2693743012443253,1732,0.8635076093785564,0,
fov0,5019,14167.485148514852,4373.653465346535,16.191180453626227,7.972724161284656,-0.1489881615018735,101,0.8703624943917326,1,0.39624396414517793
fov0,5020,14178.106382978724,4927.428191489362,34.814861550963215,17.938491964374716,0.2377001509796682,376,0.8570376041194739,1,
fov0,5021,14169.359133126934,7887.312693498452,45.84312578935708,10.208637966915227,-1.3782529805498067,323,0.9748901442164206,1,0.2217608199956877
fov0,5022,14171.18134715026,13137.735751295337,24.891232121535445,20.011544000385218,-0.6021484763998893,386,0.5946839727356386,1,
fov0,5024,14170.673267326732,5646.6732673267325,16.278074773176307,8.251266177421524,-0.19023987506488527,101,0.8620081151086166,1,
fov0,5025,14171.87012987013,7471.5,23.468682570870595,8.736572654892676,0.6079450577957292,154,0.928126423255589,1,0.6073611269627871
fov0,5026,14175.787564766839,4632.658031088083,28.409930781860346,9.58316720478618,0.2223653921134891,193,0.9413909364398181,1,0.35568230242226684
fov0,5027,14227.686283815852,5033.971523493118,162.11387794326913,57.31208599389156,-0.12334233227940149,2107,0.9354232647473804,1,0.15805273405280976
fov0,5028,14171.17543859649,4659.953216374269,25.520255961920856,9.010821552491958,1.548729842617749,171,0.9355912184775327,1,0.6699199291022531
fov0,5029,14267.480633147114,6500.794320297951,371.156768532767,203.8050134969164,0.8074627841193847,10740,0.8357516441899688,1,
fov0,5030,14185.9575,6180.8975,56.7338896048369,12.271461620613078,-0.5985071732400701,400,0.9763272556362516,1,0.37451708920564347
fov0,5031,14200.913644214163,7742.282815198619,167.64662759529008,56.57031511503591,-1.197538331558711,2316,0.9413478141963285,1,0.1863393417396487
fov0,5032,14179.179487179486,13540.542735042734,19.556108183039626,16.536577828379418,-1.1390219168908229,234,0.5338224946831832,1,
fov0,5033,14223.422284644195,5746.667602996255,90.43773942751515,24.252207625669875,0.11050941567258084,1068,0.9633730862856218,1,0.14242940339338495
fov0,5034,14190.644104803494,5897.558951965066,36.14027297435827,19.510365884167104,0.23619915767269015,458,0.8417605341542581,1,
fov0,5035,14201.01002004008,13326.588176352705,124.69789589601122,19.208176440324507,-1.223823555457596,998,0.9880649718291645,1,0.8552469127557597
fov0,5036,14188.06914893617,13269.393617021276,28.03304732252597,9.59261876501506,0.7074860600357018,188,0.9396309066155608,1,0.7530752030637156
fov0,5037,14205.148535564853,6663.241631799163,60.48497409415465,21.970986405427976,-0.5893506277699875,956,0.9316928703880041,1,0.1904590635495956
fov0,5038,14199.29393939394,13577.41212121212,54.56272419685101,8.108178178793775,-0.6407101892923808,330,0.9888969525909962,1,0.2943205967989359
fov0,5039,14191.569306930693,13672.069306930693,29.85832150649462,9.288031032121944,0.3875366740895032,202,0.9503869703449163,1,0.42915973630644816
fov0,5040,14192.369942196532,13800.248554913294,28.238398543554332,9.065827363799329,0.4705596145060076,173,0.9470635722244405,1,0.4421861152377918
fov0,5041,14196.285907859079,4435.926829268293,67.75250349687441,23.534990347540102,1.0362863046365198,738,0.9377292258511501,1,0.6292668066699323
fov0,5042,14236.43507751938,5668.789728682171,134.40615082428548,17.2602776242604,-0.041089429592481054,1032,0.991720025940845,1,0.19949177184108094
fov0,5044,14197.189003436426,7825.2474226804125,50.24547235619121,7.729060124718112,-1.1143778063234748,291,0.9880979511911283,1,0.11127430511900543
fov0,5045,14220.821631878558,6201.034155597723,61.63739229811977,15.356626701653017,-0.47169732036300777,527,0.9684662833558058,1,0.3467450568071174
fov0,5046,14202.211538461539,13420.589743589744,29.89994622348295,7.054343451126425,-0.7906054323061278,156,0.9717696535836201,1,0.6005349017857016
fov0,5047,14255.923076923076,4767.534188034188,160.21288433147836,23.882161433265107,0.6182940934940785,1170,0.9888273731987577,1,0.2860849158937752
fov0,5048,14205.90625,4915.959821428572,29.669273117612104,9.892092441774972,0.5822821036158979,224,0.9427812160465537,1,0.3409203033283218
fov0,5049,14204.0,7534.51282051282,22.33620449827155,6.94772091711357,-0.7521792984953964,117,0.9503928965839051,1,0.8471169296031588
fov0,5050,14235.082917082917,13862.305694305694,95.02987089912897,29.00105353635903,0.2958678831522286,1001,0.9522952331491616,1,0.39996653523967274
fov0,5051,14209.779310344828,7279.303448275862,21.06009534658071,9.753469759020902,-0.830387373827475,145,0.8862926481404849,1,0.7368730203893792
fov0,5052,14239.0478515625,5135.982421875,73.12336670766317,38.03588484755446,0.09493664150008574,1024,0.8540685480080477,1,
fov0,5053,14216.765676567657,5192.224422442244,39.836372495470485,12.025256035442766,-0.9018909073558998,303,0.9533502883593135,1,0.4567659114225159
fov0,5054,14211.857142857143,8071.811688311688,25.275705468541688,7.982814119377298,-0.985494766436926,154,0.948815951309156,1,0.36293463488731675
fov0,5055,14214.744360902256,6284.699248120301,23.229532479535884,7.581221503662695,0.6722348348204598,133,0.9452450853445791,1,0.7069790226506656
fov0,5056,14217.561728395061,5609.407407407408,28.875312709349092,8.804791209872613,0.716171440859726,162,0.9523765168656104,1,0.3546579437947335
fov0,5057,14226.708520179372,5982.90134529148,39.26074065257793,9.006388069194793,0.07663251915483912,223,0.9733323902574673,1,0.36915029409271055
fov0,5058,14251.872622001654,13133.358147229115,104.80200648351531,19.713268781932737,-0.8926560914392333,1209,0.9821498608732182,1,0.29972610178468884
fov0,5059,14223.08743169399,4658.043715846995,28.07038118868285,9.027537998538955,-0.09811578860941429,183,0.9468743689143563,1,0.41991771744821604
fov0,5060,14220.63358778626,5961.519083969466,20.606857893488986,8.448159146023968,1.2798195727616097,131,0.9120997572896136,1,0.7041795517497447
fov0,5061,14223.488888888889,7945.177777777778,21.152689672071777,13.700383562531554,1.4739032378123296,180,0.7619040537122658,1,
fov0,5062,14243.785091197462,8274.157811260904,106.6645192588969,30.77870647846773,1.165576097219965,1261,0.9574629651215334,1,0.9093365767598487
fov0,5063,14236.89306930693,13492.681188118811,54.06077256741622,29.162499707107806,-0.8478024208828161,505,0.842024556325777,1,
fov0,5065,14231.941580756014,13808.068728522338,35.675583638041346,12.090247962356312,-0.520646140376519,291,0.9408244943003086,1,0.3324945739552843
fov0,5066,14234.67223382046,7397.402922755741,58.834622383779624,15.928585337440984,-1.001339192096878,479,0.962653944264722,1,0.4607641129298762
fov0,5067,14243.444444444445,5911.5015015015015,48.19167373166077,12.387618984007378,0.005776962932018343,333,0.9663983851791934,1,0.36779503113964057
fov0,5068,14233.575539568345,4965.424460431655,20.676164379220143,9.316031744418188,-0.3891053844513543,139,0.8927417766316831,1,0.31518250557596683
fov0,5069,14246.858490566037,4832.767924528302,54.4618756084307,13.866114521080307,0.5164407403189164,530,0.9670458669415687,1,0.1611978559167922
fov0,5070,14234.567099567099,13347.675324675325,80.76841441339684,10.340680764687198,1.549524393696961,462,0.991770454295091,1,1.2528323770801213
fov0,5071,14241.17094017094,13543.327635327636,39.63893867493602,11.705538687967827,-0.611958475030973,351,0.9554033308587819,1,0.45051554609953554
fov0,5072,14242.215246636772,8110.90134529148,34.28989152583211,11.024088739430157,-0.18212031235769344,223,0.9469106814736642,1,0.46899217329084436
fov0,5073,14264.538181818181,4620.056363636364,76.8070058778457,19.320047571453383,-0.17652845395631195,550,0.9678468583413562,1,0.13520364551519862
fov0,5074,14250.87890625,4410.173828125,77.14041292853261,10.576264208225751,-0.9736468624864815,512,0.990556649207695,1,0.8562646875315377
fov0,5075,14310.23090430202,5329.669885864793,176.24780556984817,11.958527004831922,-0.22915351094801048,1139,0.9976954897116227,1,0.021949180828409232
fov0,5076,14271.6463878327,5589.653992395437,91.77871197930472,15.193437467603696,0.033574047308522634,789,0.9862023643040659,1,0.2907162626693923
fov0,5077,14243.213178294574,6349.453488372093,22.543900402658313,16.08899570533867,1.092083907198841,258,0.7004779893279498,1,
fov0,5078,14298.30946472882,7270.249202410493,284.51577307988254,50.12536666297155,-0.9413986799134264,2821,0.984358358632322,1,0.7753559826110955
fov0,5079,14272.655310621243,13801.58517034068,121.06040182298105,25.69228556022331,-0.861165006081741,998,0.9772203956396882,1,0.32503844178063585
fov0,5080,14249.358024691359,7451.390946502058,34.74646643039672,10.757594140793278,-0.20367431774254094,243,0.9508660628086038,1,0.5265675809716568
fov0,5081,14245.91017964072,7236.469061876248,42.33455959187161,21.050266511932858,1.2772840807923453,501,0.867615337283272,1,0.9215529594498844
fov0,5082,14263.476964769648,13621.777777777777,69.81098657628533,9.848797568853753,-0.06998964780473418,369,0.9899984772532445,1,0.3181775619335155
fov0,5083,14245.371929824561,13720.922807017543,28.634243302027958,15.820136689142158,-1.3618652287300608,285,0.833519442304677,1,
fov0,5084,14354.476452767833,5227.648581657945,228.10071151930842,47.74401790688655,-0.19505081147417072,3631,0.9778490939021395,0,0.15108282508882603
fov0,5085,14300.09409594096,12994.423431734318,154.51263748790066,31.1911227975764,-0.22838787701190236,1084,0.9794127833648458,1,0.33687150845449026
fov0,5086,14356.324502438381,4464.157769869514,381.041143238272,138.2356077375988,-0.7511710991851515,7587,0.9318732810538936,0,0.5910208053463804
fov0,5087,14250.046242774566,4358.768786127168,25.67591708971118,8.929843373700633,0.2739301907864253,173,0.9375722254137422,1,0.3620970894239777
fov0,5088,14246.030973451327,8047.54424778761,33.90464647672207,9.35362061710992,-1.3672496802121277,226,0.961192028576133,1,0.7228414576314391
fov0,5089,14250.268876611419,7733.508287292818,57.68090122751804,16.157113650645623,-1.3193907751642278,543,0.9599673209525033,1,0.27506264533633484
fov0,5090,14310.867420250981,7850.875562793371,306.66007104700134,177.02561478191637,-1.5105675436397847,10439,0.8165534363279922,1,
fov0,5091,14268.912735849057,8153.452830188679,55.319091087972765,20.27125402382049,0.09854530336295375,424,0.9304407844322794,1,0.3955417588239628
fov0,5092,14270.833333333334,6855.9135021097045,76.48488317659154,11.073811112081176,-0.7667626126200274,474,0.989463239989422,1,0.07663779996561493
fov0,5093,14261.153846153846,4935.571428571428,38.42124921727032,9.637724796078832,0.3988605370129073,273,0.9680276256818833,1,0.2739385564048929
fov0,5094,14264.190769230769,6074.8123076923075,49.76865089732817,9.536491902198838,0.3643548400662884,325,0.9814698866651823,1,0.34215980212413505
fov0,5095,14275.58627858628,4713.130977130977,67.02350855402302,10.897576444220553,-0.07975919703113633,481,0.9866931661803527,1,0.1764232943559287
fov0,5096,14263.190476190477,13579.89947089947,33.220647524186475,7.6196509119117195,-0.6871171887397025,189,0.973340504100735,1,0.161541834479965
fov0,5097,14278.110671936758,5631.571146245059,77.34770011903694,29.28605343902957,0.15274302321457828,506,0.9255486823448497,1,0.20344246830654278
fov0,5098,14287.421974522293,6188.210589171975,128.17080957737323,79.0771833786367,1.0041821075249342,2512,0.7869888783276717,0,
fov0,5099,14286.02455357143,8243.166294642857,67.74904381274607,42.96456958466004,1.0165043340804847,896,0.7731917254828905,1,
fov0,5100,14273.534109816972,5522.910149750416,48.57812812181388,18.920915530018647,-0.8973072796086118,601,0.9210287756116312,1,0.5289417483770377
fov0,5101,14323.354468297553,13324.776834747878,294.8850076316363,57.17190012919495,-1.0351601616110657,4006,0.9810255238025073,0,0.6587316533650741
fov0,5103,14278.859824780977,7387.712140175219,87.30076581332817,19.99110992306993,-1.3163848494207542,799,0.97342848511909,1,0.35086185493871724
fov0,5104,14270.438547486034,7678.58938547486,46.94595199351348,14.969650962789425,-1.4266472061250015,358,0.9477984952605946,1,0.31629658177939607
fov0,5105,14319.590932509016,13872.575991756827,129.96400355221064,35.42900628761224,-0.42775785615951123,1941,0.9621256698517011,1,0.29925541805484573
fov0,5106,14273.229074889869,13065.19383259912,32.6270583061582,11.785489396012133,-1.212672222416603,227,0.932481294703892,1,0.32440168203518205
fov0,5107,14284.576,5924.264,40.01847228765244,11.098212638186078,-0.7264162367090232,250,0.9607755198811264,1,0.6613575951013279
fov0,5108,14343.65730172666,5913.146327187592,174.3139302179669,102.25935854026062,-0.4917241987519844,3417,0.8098485193159168,1,
fov0,5109,14277.726775956284,8015.595628415301,22.663079242053758,11.565699805621994,0.7959567844441351,183,0.8599773330389332,1,
fov0,5110,14283.146401985112,7241.535980148883,40.65407370762109,15.75728626566059,1.1726112833052302,403,0.9218300695911449,1,0.8762727032243761
fov0,5111,14283.72156196944,8070.307300509337,53.685265341788906,21.953570094776875,-1.361333277798247,589,0.9125652986168132,1,0.7207063626129131
fov0,5112,14313.16875,5737.478125,72.53438952676596,15.257753921510957,-0.39001881132326754,640,0.9776257136575808,1,0.2358068250585572
fov0,5113,14407.188320209974,5068.306102362205,265.0299117230418,54.54207377555677,-0.43024822483934133,3048,0.9785949317530814,1,0.13170888990043708
fov0,5114,14296.39393939394,4991.645454545454,43.682571788158654,10.491809391367205,-0.32819383879671854,330,0.9707276372587793,1,0.25918554729536714
fov0,5115,14305.507246376812,5438.729468599034,61.495570788865,18.16746858605347,-0.22379244101630222,621,0.9553652328971737,1,0.1700465415704023
fov0,5116,14287.716814159292,7724.557522123894,19.014550097708057,7.815077613806936,-0.5037782598448791,113,0.9116330314447948,1,0.34910006832376445
fov0,5117,14474.910071942446,6899.281837687745,710.5591542207835,139.2713816669048,-0.7595472783614436,15846,0.9806033927649759,1,0.2777379426825183
fov0,5118,14309.351111111111,7430.1925925925925,65.65527822560624,31.53689178486359,-0.7338728030026096,675,0.8770820747263373,1,0.54950068891552
fov0,5119,14311.46794871795,4325.892628205128,58.96450094408603,17.02447903663398,0.09037098744723643,624,0.9574123091657347,1,0.36804289627569375
fov0,5120,14375.336624203821,13819.56847133758,170.1646627473534,79.07716215439673,-0.24887563476867552,3140,0.8854631184691097,1,0.3006125971729241
fov0,5121,14340.206205559147,13424.018745959922,150.41548125178807,25.83997956420964,-0.6751080581064586,1547,0.9851334723024953,1,0.5055709251246652
fov0,5123,14348.861626248217,4914.250356633381,182.05580674863796,25.950578127511964,0.2664388881215571,1402,0.989788770706189,1,0.08527917552021269
fov0,5124,14292.598214285714,7494.129464285715,27.534284775223536,11.266794094230693,1.3065807151664954,224,0.9124485474958074,1,1.018160888502098
fov0,5125,14297.822916666666,13552.328125,29.279698255060193,9.141018054070754,-0.8570683139785283,192,0.9500175642084909,1,0.5127439344835392
fov0,5126,14292.0,4647.361111111111,16.2641759976311,8.584081526948019,1.4889186034665154,108,0.8493744357266128,1,
fov0,5127,14303.002463054187,4855.3866995073895,28.93500010422766,20.08697060909237,-0.22789944271154827,406,0.7197723772160113,1,
fov0,5128,14314.254117647059,4396.44,65.37790183841769,10.96214169376501,0.7821272792345223,425,0.9858425822814751,1,0.49263588067488334
fov0,5129,14317.118143459915,7318.786919831224,65.65689165536202,15.202265539658084,-0.7751216211407429,474,0.9728251347634927,1,0.5119171018042813
fov0,5130,14317.250847457628,13197.430508474576,48.60104785751635,10.407942990160208,0.21394069888767778,295,0.9768006580338571,1,0.5549407091976983
fov0,5131,14302.989932885906,13297.46644295302,41.62399615125709,12.182634946337696,-0.9855003909787268,298,0.9562095362683467,1,0.7037521585458195
fov0,5132,14406.050234301782,6366.746391752577,218.7284812445911,179.77497138552357,0.4926976647445672,5335,0.5696183933380322,1,
fov0,5133,14339.600078339208,6486.458676067372,192.04564116848647,35.76549922154125,1.0082849291401588,2553,0.9825053480719044,1,0.8921965342906992
fov0,5134,14303.873786407767,5267.223300970873,15.166247838791358,9.213761470191184,-0.8587187929960469,103,0.7943062679052848,1,
fov0,5135,14311.464480874318,13066.896174863388,31.624114773891637,7.55065043407247,-0.6250340966080383,183,0.9710780107000685,1,0.19027364314563963
fov0,5136,14340.683636363636,5064.350909090909,93.52340957047193,10.071576624451003,-0.41484689640886174,550,0.9941844749792814,1,0.2131643450110537
fov0,5138,14357.8321299639,4983.206678700361,128.07464734041014,26.58973304846191,0.36975229495652934,1108,0.9782114207671726,1,0.2306320848432398
fov0,5139,14393.720077220078,5505.426640926641,253.42031149916818,22.53583416828977,-0.15539265646062925,2072,0.9960381722181233,1,0.06781267487870798
fov0,5141,14422.987365465606,7297.508656995788,286.11862150024706,34.80695648784694,-0.4257294687794947,2137,0.9925727907932891,1,0.11380744074996046
fov0,5142,14340.493559718969,7531.535128805621,144.22375569581988,19.94684545514377,-1.1231542292085572,1708,0.9903897048121101,1,0.6609012803765477
fov0,5143,14347.416914830255,8230.813579511614,156.3653740948704,69.52624644292548,-1.3705447641273285,1679,0.8957095369784098,1,0.507523926674913
fov0,5144,14314.714285714286,13535.24630541872,33.706157379665434,10.700694837578903,1.1715419566958003,203,0.948268305512967,1,0.9576851200743056
fov0,5145,14325.56,4816.175,27.005537041571497,12.17839764075347,0.01148494219959682,200,0.8925445223776394,1,0.1563313527144092
fov0,5146,14325.17610062893,7683.8490566037735,32.181606779947984,7.090550926762162,-0.5989911592494747,159,0.975425547708539,1,0.3326098082216785
fov0,5147,14345.55632183908,8152.57816091954,91.07554218537801,35.73585227982573,0.3322772752083587,870,0.919804933006414,1,0.5186479582220874
fov0,5148,14336.484782608695,13553.858695652174,66.78943646585485,12.100851600849815,-0.8093228514679983,460,0.9834501131094465,1,0.49874792847322835
fov0,5149,14384.843800322062,6065.897745571659,148.58025592733188,19.463011505072203,0.20557758852793065,1242,0.9913832593279713,1,0.3512744990652746
fov0,5150,14325.339805825242,6785.4320388349515,35.72039690303062,7.586127689205999,-0.9900994383103173,206,0.977188190435907,1,0.12646315466457586
fov0,5152,14332.237903225807,4773.0887096774195,37.025097664807525,9.397032173568912,-0.04777153207921411,248,0.9672562766431343,1,0.187919699168407
fov0,5153,14326.251322751323,6691.642857142857,29.65654035676451,18.49064077314134,-1.1438735902648844,378,0.7818290542023787,1,
fov0,5154,14335.384328358208,8075.268656716418,59.459859141209115,26.306876886771885,1.242289154404405,536,0.8968026148936364,1,1.0332227298545595
fov0,5155,14324.97,13796.85,19.140726082367603,7.0864804409362785,-1.2580506156335391,100,0.9289399240815622,1,0.38103782149323434
fov0,5156,14364.856399583767,4868.319458896983,102.32747991633298,24.401050259004872,0.14263033968103248,961,0.9711522253364683,1,0.1312147554495757
fov0,5157,14345.316860465116,5022.537790697675,52.883925609065905,8.73036612352057,-0.09284881669147897,344,0.9862792695421498,1,0.15432669305249583
fov0,5158,14337.100917431193,5137.988532110092,44.21192041150207,24.68821606672689,-0.8825174492254163,436,0.8295675828215887,1,
fov0,5160,14351.513245033113,5272.201986754967,51.153716207503145,8.085184580581666,-0.29027009749047644,302,0.9874300471926492,1,0.06239631148961954
fov0,5161,14339.613259668507,13495.397790055249,23.951448103195332,12.510766390052849,-1.1424138447382288,181,0.8527381569249233,1,
fov0,5163,14345.888070692194,13762.640648011782,46.612462248609596,28.416816371032095,-1.2437052691650552,679,0.7926784998828565,0,
fov0,5164,14392.79304245283,7990.6303066037735,173.23475443476585,82.90514384602017,-0.8383960880402663,3392,0.8780488139078675,1,0.5672705890371107
fov0,5166,14398.699798522499,7355.372733378106,155.90785289198507,39.90488221550732,-0.390925558778031,1489,0.9666895675258949,1,0.10467081610389167
fov0,5167,14387.206823027718,7268.382729211087,105.12146165789956,19.475704319755458,-0.49464257327552535,938,0.9826879219197819,1,0.20934725753297725
fov0,5168,14450.148267373603,7632.271444802121,296.48120551145666,240.4081283232446,-0.6832494503557597,10562,0.5852243867572713,1,
fov0,5169,14351.204225352112,5624.387323943662,23.225163616658016,8.35498772062768,-0.3885494672013933,142,0.9330531300515303,1,0.21995544310301088
fov0,5170,14363.427272727273,5564.572727272727,47.07772001383585,14.40888586246357,-0.153671544313874,330,0.9520103205008115,1,0.08884312806755991
fov0,5172,14361.138576779027,6189.501872659176,38.04551381923152,10.11725785803794,0.03176056090888537,267,0.9639936878065386,1,0.334376027117818
fov0,5173,14356.59677419355,5748.204301075269,28.09568990438378,10.043321435425673,-0.5951461598323434,186,0.9339252325471963,1,0.25018105023058046
fov0,5174,14360.648,8122.016,32.536915820395066,10.64192411627357,-0.38992499597266767,250,0.9449993153804128,1,0.5224902174037889
fov0,5175,14371.052361396303,6307.122176591376,71.5873394435599,21.44581316018597,-0.575240698493825,974,0.9540725960437324,1,0.7262296937707171
fov0,5176,14379.42403628118,7402.321995464853,75.87096347478372,8.784900371579269,-0.5163070977660298,441,0.993274021476034,1,0.222488728622193
fov0,5177,14479.7734375,4649.934709821428,307.2858018301103,48.63875046980595,0.41841637291800665,5376,0.9873934580117267,-1,0.49061834426789147
fov0,5178,14363.68778280543,12952.244343891403,37.30446525454145,7.965845594291186,-0.9148094308643656,221,0.9769351998461125,1,0.2896112914048628
fov0,5179,14364.736842105263,7111.8708133971295,29.80128292695089,10.252382485376007,-0.7594276426912612,209,0.9389605363420045,1,0.21604039121654225
fov0,5180,14395.464920486436,6200.885874649205,152.97472484949614,44.024127582791664,1.2046242776800833,1069,0.957694459935626,1,0.6124272036940286
fov0,5181,14367.197802197803,5959.478021978022,28.097487678760825,10.466412847950727,0.6123614104281037,182,0.9280307825189763,1,0.4551181430455516
fov0,5182,14367.18018018018,4807.27027027027,20.404172525520796,7.459170633876955,-0.3281340596030616,111,0.9307835171370192,1,0.16246583455725083
fov0,5183,14364.956756756757,13572.513513513513,16.948782776839888,15.19149750910135,-0.6156779350067388,185,0.44341200832780375,1,
fov0,5184,14365.687943262412,4350.468085106383,26.98987154866093,7.841568516355148,1.0341349977324659,141,0.9568636208148735,1,0.6822218329731092
fov0,5185,14383.205365402406,7207.3450508788155,126.33643604108697,17.990328013179905,-1.1083691683847843,1081,0.9898091715042757,1,0.3695416749946301
fov0,5186,14372.350364963504,6443.656934306569,25.826372527166065,15.396872929416748,-1.0528656236499068,274,0.802859249024292,1,
fov0,5187,14373.268292682927,7735.235772357723,20.231910568724878,8.23700150784147,0.1473418211630288,123,0.913370580202947,1,0.4898186540185031
fov0,5188,14543.075305484512,4272.897982381358,374.12825732739276,15.62737769982396,-0.21240745417769857,3519,0.9991272481926048,1,0.3475488055365383
fov0,5189,14372.982456140351,4726.964912280701,19.65142978906134,8.072490652661868,-0.2459207667859279,114,0.9117327463350255,1,0.28419150068091265
fov0,5190,14426.33425034388,5470.618982118294,141.69795038045712,9.652063741589423,-0.1926645313922097,727,0.9976773279966148,1,0.0617652961476596
fov0,5191,14376.785714285714,4957.0,20.663590849451094,7.131111266861471,-0.00341828640714362,112,0.9385640346971643,1,0.14994090633099694
fov0,5193,14413.984658298466,13748.182008368201,114.92117216781868,35.23420957305655,-0.10550314121239768,1434,0.9518401955492545,1,0.3760361786920104
fov0,5194,14380.887323943662,5767.633802816901,27.709643115474453,11.779096989038116,-1.0794535735351478,213,0.9051510065824303,1,0.43780873023853106
fov0,5196,14447.309843400448,5992.023489932886,149.30118659670546,60.180303846091206,-0.23753175078161803,1788,0.9151648011190374,1,0.5039531623421866
fov0,5197,14401.272517321016,7880.279445727483,57.488366865176886,12.534427759633557,-0.1028153690534206,433,0.9759411381951625,1,0.402631035705587
fov0,5198,14457.457456541628,5627.956999085087,169.32455189254452,11.72790703431018,-0.1537537247322262,1093,0.9975984426136144,1,0.1411840522963593
fov0,5199,14401.355987055016,5131.199029126214,69.98132551939668,19.927812149586334,-0.7905668407802279,618,0.9585991408967884,1,0.3609395872366148
fov0,5200,14623.984547461368,6980.279801324504,633.5578053984286,206.84060271800695,-0.47399141131539574,16308,0.9452059361530449,-3,0.385631882331909
fov0,5201,14484.534446764092,6305.973643006263,469.3832903748479,58.01283205771155,1.2539635058759795,3832,0.9923329026560173,1,0.5250621951388379
fov0,5202,14413.875634517766,5305.071065989848,64.23199909523424,9.439800586843102,-0.17641555221056132,394,0.9891418205651995,1,0.04793408477780391
fov0,5203,14475.096893491123,7402.2682445759365,249.5113262414367,64.49114837171004,-0.8143674519155698,4056,0.9660193323697931,1,0.37351943321281483
fov0,5204,14438.272727272728,5691.328369905956,135.74277499100234,21.900588211115235,0.22609446037416406,1276,0.9868990645446909,1,0.2147619864902559
fov0,5205,14405.525252525253,8274.198653198653,51.955781284451646,7.944819806222063,-0.8623239947929332,297,0.98823934038272,1,0.36449294348899974
fov0,5206,14402.770833333334,4827.798611111111,27.382550429242865,14.66045554139876,-0.8882986947537994,288,0.8446023759028165,1,
fov0,5207,14437.131713554987,5408.580562659847,101.6730190905673,18.945767624365985,0.03331620626473972,782,0.9824852880228792,1,0.09624586846962019
fov0,5208,14406.248532289628,4429.324853228963,37.11633640947931,19.357746027042015,-0.6138121586215587,511,0.8532253188438957,1,
fov0,5210,14412.398351648351,5562.67032967033,31.713777614325505,15.835076672632974,-0.10862710260512778,364,0.8664221303637226,1,0.0579286236210009
fov0,5211,14404.528846153846,8213.317307692309,15.616299612446806,9.05789090228656,-0.5667847110966711,104,0.8145965435862458,1,
fov0,5212,14410.003846153846,6630.180769230769,43.790319912152476,7.886221996365404,-1.0960332856873445,260,0.983650039593052,1,0.5484201019396728
fov0,5213,14405.921182266009,7831.738916256158,33.476516091288616,8.1140170435728,-1.127183775581737,203,0.9701815493142494,1,0.5001444272116324
fov0,5214,14421.672473867597,8093.133275261324,85.95573408814147,49.734711423255966,-1.2319803594071106,1148,0.8156054789006907,1,
fov0,5215,14489.768581081082,5831.941441441441,250.3706259016269,28.180373311758338,0.3180097209689779,1776,0.9936455379712722,1,0.1786108638550533
fov0,5216,14412.452747252748,7525.048351648352,42.5787134134288,16.37150532598979,-0.826417305051768,455,0.9231250891791556,1,0.6472536298748273
fov0,5217,14411.812227074235,4341.628820960698,32.746935160554926,11.909990878057343,-0.7839161052840607,229,0.9315169630480841,1,0.6385164373038386
fov0,5218,14432.23604368932,13289.598907766991,103.38027880865181,48.97655534273442,-1.3806268400221673,1648,0.88065860507519,1,0.7913099537463094
fov0,5219,14413.981481481482,5957.902777777777,29.533058097458255,14.427760616059674,1.4086046737358138,216,0.8725475583513327,1,0.6163425762149065
fov0,5220,14419.944649446494,5599.8007380073805,35.4268381537349,10.685207214165102,0.10917826044434119,271,0.9534303273795321,1,0.16458191648287562
fov0,5221,14429.778032036613,5767.350114416476,45.64041247493578,14.860663061311374,0.04974549298939998,437,0.9455065174569446,1,0.3155702062056837
fov0,5222,14418.274052478135,13384.460641399417,42.891406476546614,19.516575187968343,-1.3959099333589449,343,0.8904797000665635,1,0.20849726583937858
fov0,5223,14422.996296296296,12915.374074074074,28.85111500122939,13.881374557993405,-0.029719270339701977,270,0.8766447390687518,1,0.36490123628552945
fov0,5224,14438.775,6772.897916666667,76.8176098365428,17.061987464035536,-0.8679928877436899,480,0.9750215306101974,1,0.24323802141925824
fov0,5225,14450.16081081081,5731.52027027027,98.21953141577298,19.915105336462773,-0.039328939553413426,740,0.9792282242915219,1,0.17476691841366568
fov0,5226,14443.226356589148,13599.888372093023,75.82666359822467,21.0253872803492,-0.6438241636112741,645,0.9607885086282084,1,0.239951624643424
fov0,5227,14429.633540372672,5857.037267080746,24.265528230568393,9.3633124952841,0.2741408753473751,161,0.9225536288401849,1,0.3527952321340086
fov0,5228,14478.68660647103,8012.79683972912,116.61335019480678,69.48507202566348,-0.597289890287253,2658,0.8030893371598122,1,
fov0,5229,14451.838899803537,4977.577603143419,62.983063056847726,18.359468858604473,-0.3771018545164734,509,0.956571283445551,1,0.40002728553281863
fov0,5230,14444.214470284238,13494.472868217053,64.47091967733077,11.856737963708067,-0.5009752710507747,387,0.982943402768851,1,0.5544588598824932
fov0,5231,14465.473559589582,5196.7198105761645,67.59177102887888,29.37316661464568,0.4414106551616208,1267,0.9006394114807823,1,0.4056097466169137
fov0,5232,14453.122180451128,7213.776315789473,66.9172645672295,16.536666908786778,-0.0035799072356449847,532,0.9689846078279016,1,0.32720070489414704
fov0,5233,14472.118042226488,5326.332053742803,97.80561583286472,23.709646765164134,-0.09914713199653051,1042,0.9701723970421487,1,0.04301274357906446
fov0,5234,14436.048484848485,13040.484848484848,28.09879692666604,7.695214466854004,-0.9736848548790303,165,0.9617687773706948,1,0.257510637734511
fov0,5236,14442.595482546201,8213.248459958932,40.37679065567585,20.168033267673607,-1.3283286459440447,487,0.8663163664539058,1,0.4909910876975619
fov0,5237,14440.414201183432,8159.733727810651,19.427946771725292,15.801309610533458,0.23920879760107386,169,0.581804246593043,1,
fov0,5238,14495.266614542612,5107.713057075841,123.16673970193627,26.17227887128939,-0.24680711622030815,1279,0.9771622200568262,1,0.22637713252148986
fov0,5239,14463.11988011988,7730.771228771228,91.20579225710864,24.593489684561646,-0.9632306649409682,1001,0.9629588659136402,1,0.37304283454569803
fov0,5240,14467.55119047619,7500.670238095238,61.185687531032826,23.602185505355017,-0.387649219024638,840,0.922604669863771,1,0.37543137413648703
fov0,5241,14454.439473684211,13654.905263157894,30.182304328969916,22.17312206159838,-1.2245505909849077,380,0.6784573398712714,1,
fov0,5242,14495.3,7859.296,132.9695764745761,62.78945354254856,-0.6977464553188668,2500,0.8814865276030721,0,0.24908931073528381
fov0,5244,14453.051813471502,4734.248704663212,30.12619595422924,8.929279400280548,-1.3498252612754822,193,0.9550651816610274,1,0.829269377889687
fov0,5245,14493.489943269728,12924.789582258896,115.95482281239771,66.61840933836167,-0.10206720094103273,1939,0.8184902737809695,1,
fov0,5246,14503.870522388059,7059.951119402985,159.93781873886428,72.53396264178278,-0.7570442055404017,2680,0.8912493983735693,0,0.450684784385691
fov0,5247,14474.169435215947,6110.378737541529,48.69607232162132,9.491975674310948,0.6120345321395785,301,0.9808185840245728,1,0.21842826370648818
fov0,5248,14471.540935672514,6568.368421052632,49.764989810153295,11.37178120669901,-0.609873824144016,342,0.9735416439388475,1,0.16545275869277046
fov0,5249,14484.669703872438,13800.918754745633,76.53077538298497,53.47679745278864,-1.0254007542256875,1317,0.7153542278402928,1,
fov0,5251,14473.856707317073,13717.814024390244,36.83835121481307,17.4720770500456,0.850263849244326,328,0.880368444461983,1,0.5547717612224234
fov0,5252,14489.281045751633,7792.858387799564,56.88029452342722,16.24423990099983,-0.0575349415955024,459,0.9583529592521491,1,0.430996945391542
fov0,5253,14472.299270072992,4933.0,24.34828290373337,7.475874688352281,0.5439702750119674,137,0.9516969032391526,1,0.5558463863031979
fov0,5254,14470.71794871795,5782.820512820513,18.277540332224238,8.481632745284095,0.6011514528192501,117,0.8858107226454277,1,0.2729642698612538
fov0,5255,14485.184210526315,13196.556220095694,84.74799100911991,16.467390293106348,-1.1313787547104837,836,0.9809401543830093,1,0.8861743877743133
fov0,5256,14482.051502145923,5758.8583690987125,34.78013601120836,9.160713109424954,-0.029498193235758415,233,0.9646896472687383,1,0.18111752605075718
fov0,5257,14580.478749718912,13197.70339554756,466.76025137883914,57.099342056063584,-1.1211110667137694,4447,0.9924893335954681,1,0.5838397881937448
fov0,5258,14486.605351170569,5662.421404682274,48.23650086217882,9.795246024233206,-0.4754254539578868,299,0.9791648255487176,1,0.2654647533520325
fov0,5259,14491.668555240793,5913.731822474032,72.52607919940296,40.511203941565,-1.0442931583018096,1059,0.8294544900450077,1,
fov0,5261,14565.142167011732,6672.808488612836,244.37228489372407,54.04745228377898,-0.7866384942199905,2898,0.9752356092430694,1,0.11212764783941873
fov0,5262,14478.823943661971,7305.556338028169,24.479877665711165,8.339123768515863,-0.27386256426584893,142,0.9401893905795665,1,0.15850188280334013
fov0,5263,14566.533333333333,5787.912048192771,227.9500026821971,25.33948044524293,-0.21159212795853802,2490,0.9938022489571355,1,0.17924244582288412
fov0,5264,14504.701164294955,13110.699870633895,96.4582868850954,21.402867803608004,-0.6963798808038719,773,0.975072320838203,1,0.509754798728093
fov0,5265,14484.354838709678,13285.967741935483,34.66881826152787,11.364231849082087,-0.09845090377403162,279,0.9447492102107362,1,0.6355474207080845
fov0,5266,14492.515957446809,7627.526595744681,51.917339739677274,29.866012423726342,-0.07214993085103145,752,0.8179700281614778,1,
fov0,5267,14483.8,7918.482758620689,34.71876217106726,11.789125782748837,-0.9086909120314336,290,0.9405841580969005,1,0.27068322227168096
fov0,5268,14502.416666666666,13642.17808219178,72.02824608614317,24.14128883977208,0.11433640594439172,876,0.9421597343165575,1,0.37379485587268424
fov0,5269,14645.849708879185,5187.388161086851,395.3881365858287,75.17605117024155,-0.22035887662840237,8244,0.9817584799486534,1,0.05451050594225751
fov0,5270,14492.715502555366,13425.553662691653,70.13310808661268,21.151499999035455,-1.1823485986694564,587,0.9534374603837253,1,0.6749765696354051
fov0,5271,14568.454844961241,6588.0742248062015,281.8216860923298,83.78346608051339,-0.8578966177744135,5160,0.9547864605946662,1,0.1789428930933206
fov0,5272,14485.868263473054,7455.62874251497,23.057686267933995,11.3345002664026,0.5420655748006851,167,0.8708372464470516,1,0.7292896470188135
fov0,5275,14493.08982035928,6176.520958083833,28.349570375953117,8.94282571231847,0.1527773120319719,167,0.9489427417095755,1,0.5775997257200154
fov0,5276,14491.435582822085,13692.576687116565,25.016171073226445,9.597738620065796,-0.0992237929314473,163,0.9234738482747512,1,0.29299009586046615
fov0,5277,14488.383458646616,4896.413533834587,23.52424275393941,7.997329605755189,-1.3843480355854632,133,0.9404394653485882,1,0.7760853286177745
fov0,5278,14514.913888888888,5291.322222222222,65.1110333969714,8.223010268734447,-0.044194961511983454,360,0.9919930952896281,1,0.05903587919143646
fov0,5279,14924.986507739426,5359.224153629666,792.1632009103297,84.88915957307461,-0.1046461552677178,12081,0.994241659313812,1,0.15558828825279084
fov0,5280,14492.796238244515,13242.172413793103,34.146751729993206,16.941181216560704,1.5024981614129969,319,0.8682490314985891,1,1.251389962641645
fov0,5281,14516.272602739726,6065.043835616439,74.89822242815784,22.478137668608124,0.42206754968618193,730,0.9539027858299203,1,0.49563512453174463
fov0,5282,14505.347457627118,7133.682203389831,27.632908426080633,12.306547009337457,-0.5276873961379551,236,0.8953524019863789,1,0.2541852432381469
fov0,5283,14504.675977653631,13748.77094972067,19.62178598906611,12.604747131061444,-0.31453598099204017,179,0.7663818303220257,1,
fov0,5285,14602.57784172662,4316.3835971223025,249.06310955900636,32.146457356343895,-0.3594772377293711,3475,0.9916355467618667,1,0.1470667431227695
fov0,5286,14509.768518518518,5537.981481481482,16.679695466060526,8.736838145355312,-0.17799638354586866,108,0.8518407727048669,1,
fov0,5287,14532.843325339729,7934.820943245404,91.34373344140069,56.16327546672947,1.1227855239883477,1251,0.7886391166922908,1,
fov0,5288,14511.814285714287,4797.007142857143,24.783821378421017,7.63139019116886,0.811496505073073,140,0.9514128279080638,1,0.9254371172240431
fov0,5289,14511.927835051547,7446.113402061856,28.8131481301035,10.300035412640444,-1.1668085168550668,194,0.933921973491811,1,0.47773291983867755
fov0,5291,14578.11302847282,5663.352890422778,167.04154388973532,11.37466449276749,-0.24001106378411102,1159,0.9976788536279002,1,0.1110983069598605
fov0,5292,14600.637968411273,13745.577733044287,204.5711118652923,123.15866857897929,-0.04642916893695636,6458,0.7984708065745303,1,
fov0,5293,14540.565789473685,5361.412280701755,84.09681193255932,19.08495769666768,-0.15450823726475252,912,0.9739086659519315,1,0.057143777917317305
fov0,5294,14528.093913043478,5957.9147826086955,53.19773892728148,37.59468922218792,1.046185069737762,575,0.7075161989446687,1,
fov0,5295,14545.766929133859,4752.414173228346,86.70465164341822,15.217887097586967,0.059574550753466876,635,0.9844769210064473,1,0.5038982232067785
fov0,5296,14524.098901098901,6982.794871794872,32.525556863336256,12.75114661262924,-0.7135433495152291,273,0.919950434306252,1,0.45564383667722047
fov0,5297,14521.948924731183,13491.244623655914,39.92333147240566,16.6394215335274,1.4051229869985193,372,0.9090053732042814,1,0.9975271119673409
fov0,5298,14533.996453900709,13604.982269503545,32.714625996785095,15.508055578147856,-0.8153633592050529,282,0.8805030748569117,1,0.4918959804445064
fov0,5300,14528.92561983471,5074.06611570248,16.579668508163476,11.035514456460982,-1.1568168477950092,121,0.7463039908932674,1,
fov0,5301,14535.452830188678,12898.216981132075,33.78672979749385,9.231206126938835,-0.23055867810103003,212,0.9619516096658812,1,0.5085966583832838
fov0,5302,14541.539792387543,5882.851211072664,37.974701729047545,11.232333715486309,-0.23658381003053183,289,0.9552546482860963,1,0.27799453328123414
fov0,5303,14538.672131147541,12984.680327868853,37.49792135660599,10.344558870909445,-0.6744320056886736,244,0.9611948999014066,1,0.565611322515712
fov0,5304,14585.508935508935,5481.319347319347,134.28734349359374,17.48816220001136,-0.07819504211423474,1287,0.9914838876349868,1,0.07166602063676897
fov0,5305,14586.28331936295,5721.5549036043585,148.72907087748297,26.210905453551266,0.08880193242917017,1193,0.9843485579310732,1,0.17327332178295346
fov0,5306,14543.347517730497,6884.762411347518,37.89083647949131,10.487518625675225,0.06365236558153424,282,0.960932606541823,1,0.3140699994772395
fov0,5307,14544.019572953737,13400.131672597865,65.60148231793886,18.599115835640436,-0.8914763741364121,562,0.9589672988984117,1,0.6131407800770895
fov0,5308,14599.814374107567,7089.301761066159,170.4073064613912,47.355867547618026,-0.17702824802382705,2101,0.9606105575231173,1,0.4321644376630585
fov0,5309,14548.62331838565,7179.982062780269,56.61680068350255,11.892368440643088,-0.5942467710411854,446,0.9776906092051462,1,0.34448014393243703
fov0,5310,14534.449541284404,7487.844036697248,19.551577995698885,7.499443149598276,-1.1565466272703633,109,0.9235108628790083,1,0.4739250027599294
fov0,5311,14582.681731381286,7749.86887332909,134.53744901547313,51.91249301000651,-0.8307294302922971,1571,0.9225577430537756,1,0.25833654099077874
fov0,5312,14544.285714285714,4803.9047619047615,26.87134969484186,12.405194162991283,-1.0975634932390295,210,0.8870614719926103,1,0.6453512468856648
fov0,5313,14546.951219512195,13670.321951219512,26.318189164241996,12.398969873174513,-0.7521533212528213,205,0.8820702518671514,1,0.2937459606629519
fov0,5314,14596.554541503694,7369.044763146458,132.56250658727592,58.48523269274263,-0.2253156759868297,2301,0.8974137921201756,1,0.30241648891805395
fov0,5315,14552.878151260504,6331.214285714285,39.23475249708825,8.286757636793359,0.8646404061859599,238,0.9774407866195748,1,0.22227653042369538
fov0,5316,14864.491912166914,13184.834258029226,953.4847844738425,140.65020526178975,-0.6814428418966137,12797,0.9890603039334369,1,0.20957422259297168
fov0,5317,14658.595453434367,7408.532143730139,260.8065523756833,73.26420692656629,-0.21671895278585748,4091,0.9597329499495079,0,0.08957667119166272
fov0,5318,14549.334763948498,13208.184549356223,38.20459127034917,8.075446174008452,-1.1887606750968336,233,0.9774053176459041,1,0.8998834543042329
fov0,5319,14581.58448275862,5824.075862068966,83.51839254371392,12.75780090165769,0.12033069317106039,580,0.9882641838527381,1,0.14638210518765118
fov0,5320,14551.5445026178,6150.61780104712,22.568961233230382,11.912455344939302,0.14300059636445386,191,0.8493533298501639,1,
fov0,5321,14647.343386243387,7803.63721340388,173.91779256510216,137.04535797202223,-0.41741280399031455,5670,0.6156889458380839,-2,
fov0,5323,14565.006237006237,13583.66528066528,58.19014853821284,14.176386952420865,0.8408739070565261,481,0.9698703178476075,1,0.6323788389988377
fov0,5324,14556.918918918918,7133.157657657658,21.701137977872246,17.243854615442153,1.39849185107686,222,0.6071254336727296,1,
fov0,5325,14560.643216080402,6375.718592964824,33.98125753818849,7.888706338829477,0.5949464367677557,199,0.9726802966759335,1,0.20672963289799268
fov0,5326,14586.086340206186,7256.113402061856,101.98254374318807,22.398422832305755,0.46623122988690163,776,0.9755832497016694,1,0.6277183333006933
fov0,5327,14575.012891344382,12792.386740331493,62.31778559921905,16.903753785323683,-0.2283271821050785,543,0.9625086823322615,1,0.550280452997425
fov0,5330,14560.445414847161,13157.174672489084,34.145135962160616,8.809584799849384,1.1999419899275177,229,0.9661438239286911,1,1.016096424336076
fov0,5331,14561.656387665198,5057.030837004405,23.538242499905003,15.147821821176931,-0.7228688643397005,227,0.7654117237379512,1,
fov0,5332,14629.918940609952,5576.321027287319,208.85495563188206,17.72714064755369,-0.30093789701769397,1246,0.9963913718917997,1,0.09575271073510545
fov0,5333,14574.636085626911,6482.058103975535,45.04939016923443,12.205690389022356,-0.27990144810417816,327,0.9625961836382373,1,0.3242554502674551
fov0,5334,14612.954943679599,5688.14142678348,128.08923156426616,13.509751959060912,-0.2328952692570071,799,0.9944223355836604,1,0.16179648332291593
fov0,5335,14561.39,5160.3,15.924960609328814,8.272969816899227,-0.8992357398048489,100,0.8544722527769737,1,
fov0,5336,14588.580037664784,5515.612052730697,75.99315137487113,12.66217891909027,-0.06395443801804206,531,0.98602073933786,1,0.07647612580518098
fov0,5337,14582.81797752809,13291.83370786517,51.20107660994974,33.40730423767711,-0.3124981437851694,445,0.7578122376302212,1,
fov0,5338,14580.611428571428,6195.488571428571,72.11321939461347,32.909239973283654,-1.0932154944836585,1050,0.8897977103988647,0,0.5040552678544571
fov0,5339,14590.540570175439,7874.644736842105,83.6145960582955,22.252756668501966,-0.3976566696099036,912,0.9639358121590769,1,0.472079994310485
fov0,5340,14586.672380952381,12969.421904761904,94.96225276963021,44.50212836185987,-1.1380490964918641,1050,0.8833947251652214,1,0.7090177642644857
fov0,5341,14574.780701754386,5912.754385964912,18.514161127841863,7.915114962713299,0.05818027546856367,114,0.9040074024851157,1,0.35317359337610865
fov0,5342,14582.8515625,6290.21875,41.69605643379572,8.649896751246382,0.5617345368116713,256,0.9782453687706598,1,0.3918804013417644
fov0,5343,14578.620689655172,13119.0,26.331901917320476,8.760291839714641,-0.15283542920855275,174,0.9430371665930676,1,0.48153681238954754
fov0,5344,14677.204938271605,6852.3362962962965,232.7314377387611,34.41785818926889,-0.21615983133866915,2025,0.9890043261602792,1,0.26116684275007235
fov0,5345,14574.092715231787,7701.258278145695,22.622159712475334,9.926213741854951,-1.3453807530319704,151,0.8985931709980817,1,0.40130977153907227
fov0,5346,14709.12909632572,5255.845084409136,302.8112038229075,22.54601988017891,-0.20664260963258646,3021,0.9972243222412143,1,0.07656233274526024
fov0,5347,14601.063917525773,5318.503092783505,62.10680175841089,17.422561076842904,-0.19615783874699783,485,0.9598464815028377,1,0.0426763673205545
fov0,5348,14591.231121281464,7919.068649885584,60.675964282603104,13.978269476648142,-0.4426205765724286,437,0.9731017540310595,1,0.4782818962612427
fov0,5351,14593.385878489327,13654.627257799671,40.90817468541499,20.326349499781657,-0.30553255896941356,609,0.8678207189376342,1,0.3524835711494838
fov0,5352,14627.005813953489,6893.100290697675,126.90156922138208,9.540246498119643,-0.022879530026507267,688,0.9971701061179477,1,0.21292068429693356
fov0,5353,14591.404984423676,7032.8348909657325,35.64495556707462,12.97768786427568,0.9337996715104532,321,0.9313668846124974,1,0.7411353809014595
fov0,5354,14593.538587848932,7139.96223316913,51.62299086687948,19.102664575504985,-1.3655649825133815,609,0.9290151046253919,1,0.3713405190569283
fov0,5355,14592.299242424242,4972.003787878788,31.94054906518908,13.950296901241861,-0.6347553239118022,264,0.8995789402195453,1,0.6303611861890881
fov0,5357,14594.566666666668,5055.195238095238,18.902576637861145,15.906637687672513,1.5123868683761315,210,0.5402472720401214,1,
fov0,5358,14593.356643356643,6362.888111888112,20.835431324704267,10.052262828707674,0.17583679350601042,143,0.8759179865380202,1,0.3465347078451011
fov0,5359,14596.676470588236,7213.867647058823,33.26823289334421,13.568094643867157,-1.0122056073286747,272,0.9130537008008562,1,0.39464988699339804
fov0,5360,14596.214285714286,12901.418367346938,53.08090845953853,16.288481098678623,1.4743216062804785,490,0.9517542173588204,1,1.0209461781915727
fov0,5361,14593.25,6140.838541666667,27.219281318131657,9.422152469754357,-1.4182560368109447,192,0.9381764947695737,1,0.6320377208039971
fov0,5362,14650.557768924304,13588.481629039397,152.87875150968327,57.17785395392151,-0.5056852369079384,2259,0.9274255356995653,1,0.39583920515602244
fov0,5363,14606.0625,5976.632352941177,30.19697665755966,13.376003550575621,-0.09044034871446631,272,0.8965421812155916,1,0.28164956430837895
fov0,5364,14600.40322580645,7295.790322580645,16.432264376440294,10.24687158937394,0.23753165391804204,124,0.7817575934056672,1,
fov0,5365,14614.48177496038,12829.695721077655,70.588014952906,19.25599028962405,-0.6905041098759437,631,0.9620724545270143,1,0.6163140833106368
fov0,5366,14602.808641975309,5919.728395061728,26.9078710415419,7.914842151204191,-1.0819521056424253,162,0.9557605041378028,1,0.5513380104499359
fov0,5367,14610.135646687697,13252.731861198738,46.400428385474896,9.309451148647147,-0.887962485130679,317,0.9796664999861059,1,0.12187423699988514
fov0,5368,14611.36551724138,6257.4689655172415,23.2810183060081,8.094682783788087,0.20462732564115219,145,0.9376078667747622,1,0.3215661350833036
fov0,5369,14678.401496259352,4551.274781795511,336.1558262352411,165.66475899152297,-1.3047096816776456,6416,0.870130532551465,1,0.9263876664274384
fov0,5370,14616.037234042553,4931.031914893617,33.95113364356311,9.660465752677563,1.2259886050921365,188,0.9586640796802801,1,0.8000646434723748
fov0,5371,14620.390501319262,6481.46437994723,27.734001724414235,19.041568897892116,-0.6886528897044857,379,0.7270556948354333,1,
fov0,5372,14674.671428571428,7460.626050420168,148.4813423511564,20.289381142781398,0.08864599083398801,1190,0.9906199429419033,1,0.36009884794361546
fov0,5373,14612.984,13016.832,16.610393718408893,10.269524843898195,-1.0999389789830998,125,0.7859744595451246,1,
fov0,5374,14628.859778597785,13518.038130381305,53.67788609163625,30.03990495563282,-1.4243546341322437,813,0.8287406979924519,1,
fov0,5375,14627.253623188406,5600.525362318841,39.920790875411754,11.612759610459571,-0.05590026877697341,276,0.9567549750241535,1,0.09050579330115953
fov0,5376,14621.72340425532,6158.262411347518,22.383862767626947,8.224593671308009,-0.3675657262362546,141,0.9300495730854365,1,0.3802909253916351
fov0,5377,14624.758293838862,13454.450236966824,33.18696121453654,9.160085036211285,-0.2577277119235597,211,0.9611534496140155,1,0.30139834747913963
fov0,5378,14638.897832817338,4694.882352941177,54.72040834446701,15.932147966832467,-0.35497556832182764,646,0.956675741092539,1,0.35849060762684487
fov0,5379,14770.520493434142,5332.826900119379,360.77737095644574,29.63644821289447,-0.21804982829765981,2513,0.996620299254761,1,0.16871977218441905
fov0,5380,14675.460389610389,13641.633766233766,163.65853433468294,18.819960760570133,-0.768424934546159,1540,0.9933660368040389,1,0.20152918342589962
fov0,5381,14641.399239543725,6015.57794676806,42.733883563459756,9.073654561019506,0.29120519293408,263,0.9771981777102873,1,0.2717358161379237
fov0,5382,14638.543909348442,13212.634560906516,51.93823496348618,9.667710860182966,-1.0334734600747448,353,0.9825234948233968,1,0.64886095086161
fov0,5383,14639.190476190477,4850.041666666667,30.039523842511308,7.287933092890061,0.16652819883519582,168,0.9701235352934419,1,0.22055795018728777
fov0,5384,14649.037950664137,6112.127134724858,46.42214436331945,24.071304795074347,0.7197249763522807,527,0.8550590404691027,1,
fov0,5385,14643.333333333334,6297.551282051282,50.43213119541224,10.026159657316486,-0.8835783666914893,312,0.980039067299591,1,0.5456909567632655
fov0,5386,14665.6375,4889.5125,76.02573635634607,11.298189153223914,-0.04547707868781682,480,0.9888958744032434,1,0.2639618866879096
fov0,5387,14654.96956521739,4774.70652173913,53.6404669029127,11.713371434472341,-0.28181906543660656,460,0.9758664537221718,1,0.22875514821391624
fov0,5388,14643.782122905028,12850.245810055865,33.21270311687734,7.592638805815332,0.004581755732180159,179,0.9735189171513889,1,0.5860085494649248
fov0,5389,14649.32593457944,13269.221962616823,88.29849097409688,33.026337171015484,-1.155622751697408,856,0.9274163647161449,1,0.3583057342482497
fov0,5390,14654.941176470587,5101.444852941177,46.59361326131018,8.387070136227136,-0.023275531075917087,272,0.9836657471477894,1,0.43298135228987294
fov0,5391,14664.444924406047,5862.330453563715,61.55904632695286,12.486414675877064,0.2787156114386384,463,0.9792126425044466,1,0.3430743283616915
fov0,5392,14639.888888888889,7192.009259259259,18.270273478646633,7.72190611434645,-1.0937446431625253,108,0.9062936239626629,1,0.5025954011251705
fov0,5393,14660.001639344262,6225.7213114754095,55.95299522388747,15.391926749283503,0.22910537533796171,610,0.9614194133815396,1,0.3505421309685427
fov0,5394,14649.774390243903,5889.143292682927,43.227883430411865,13.870915441942365,-0.7078677585610279,328,0.9471202326713684,1,0.3999549920266496
fov0,5395,14644.110576923076,5013.115384615385,29.20862245718082,10.298694330986967,-1.2846718186487942,208,0.9357775701700137,1,0.6988699637049859
fov0,5397,14677.031290743154,5976.13037809648,73.71362872174768,26.778832464886413,-0.4345139740949379,767,0.9316792410656121,1,0.30759841981747643
fov0,5398,14673.340983606557,7273.373770491803,60.12018853259909,24.077166912820598,-0.28248173167049967,610,0.9163038003994602,1,0.34745282139719663
fov0,5399,14650.978527607362,7886.361963190184,38.56671700316004,14.409494068803845,1.3946939398154587,326,0.9275797936407166,1,0.9974674594519606
fov0,5400,14661.676724137931,7617.810344827586,41.85733001821143,10.034033043059035,-0.6331020043220518,232,0.9708421043466807,1,0.31659458230627746
fov0,5401,14651.583333333334,4924.674242424242,21.761675173626926,8.15099235516787,0.889595593678347,132,0.9272038049127379,1,0.5679560748364998
fov0,5402,14672.776951672862,7221.0,58.3570597385089,25.22861170549602,0.1422062296349691,538,0.901722820839937,1,0.4433955143658934
fov0,5403,14679.715824357912,4597.930405965203,126.38459318254709,37.441199182417925,0.8519070905887401,1207,0.9551110126315173,1,0.8132467109556387
fov0,5404,14659.24647887324,5051.169014084507,30.26497290311405,24.598398461724432,0.24308226263673954,284,0.5825876253193117,1,
fov0,5406,14686.124535315985,7157.520446096654,86.91749394555778,62.07533488369824,0.46975854423961333,1076,0.6999550577923193,1,
fov0,5407,14665.948453608247,5929.927835051546,34.25929338437795,15.926044623957402,0.4803030332368811,291,0.8853800690553355,1,0.5965918167349304
fov0,5408,14662.256756756757,12907.797297297297,27.931932181582237,12.051145217507509,-0.7133860705259727,222,0.9021383390452278,1,0.5853633993322778
fov0,5409,14711.089666951324,6061.65243381725,148.57012631585098,18.62916180158124,-0.1669026603585473,1171,0.992107567814623,1,0.16529756840162713
fov0,5410,14665.575221238938,5313.522123893806,26.579171937562222,13.627070246413657,0.23935287935256103,226,0.8585694247140461,1,
fov0,5411,14667.36170212766,5703.914893617021,24.648059961656298,11.913167932395057,-0.33373166043593755,188,0.8754377665787856,1,0.2082226945289563
fov0,5412,14669.25136612022,5829.879781420765,26.467589041076373,10.024856880046594,-0.1981345879881762,183,0.9254950388299845,1,0.21865197938503378
fov0,5413,14686.534722222223,13468.02662037037,76.36168325352128,26.828531634566605,0.06769166512066489,864,0.936249817627593,1,0.3278718517839735
fov0,5414,14669.325203252032,6266.292682926829,20.131198435451267,7.942717197923387,-0.38031720481152803,123,0.9188754787616188,1,0.3404307258693242
fov0,5415,14670.8202247191,13111.719101123595,35.859100697475405,6.776308551857955,-0.957222276571153,178,0.9819827841958219,1,0.8402458145657107
fov0,5416,14681.088311688312,13532.267532467533,44.018672472756016,19.53420625025007,0.2589741971027382,385,0.8961402687369656,1,0.40970233190713784
fov0,5417,14667.08362369338,12808.825783972125,40.86671986603228,10.506515682163347,-1.5237306901819323,287,0.9663868744315979,1,0.6028537913667427
fov0,5418,14691.503546099291,5498.877068557919,53.95808857478267,15.830333755089619,-0.2566945241550207,423,0.9559952836506826,1,0.1846769994956681
fov0,5419,14684.55652173913,6479.811594202899,49.51930491026097,10.47767611749719,0.3325779146154435,345,0.9773590142650722,1,0.3691183616246397
fov0,5420,14677.453237410073,5738.201438848921,22.926201821882646,8.13244705508878,0.31950126436729304,139,0.9349715065686216,1,0.3380688198198319
fov0,5421,14685.014792899408,6611.713017751479,47.73976416560189,15.635517733809166,-0.5237447042337714,338,0.9448457697482067,1,0.5613415116085901
fov0,5422,14677.393700787401,6433.078740157481,18.309660480159668,9.48786844490944,0.24735206678743987,127,0.8552660087564605,1,
fov0,5423,14679.193925233645,13154.177570093458,44.26223332291467,19.39483709835623,1.5535236975344426,428,0.8988871207944867,1,1.0840069349072732
fov0,5424,14678.421428571428,4983.571428571428,23.54843386779157,7.987811961060882,-1.0211210333701648,140,0.9407114766932707,1,0.7634829106714183
fov0,5425,14691.398950131234,7058.784776902887,34.2951018085607,16.47145813486351,-0.10435864042738682,381,0.8771119278075853,1,0.41910047834216685
fov0,5427,14687.751295336788,5899.709844559586,26.67595415963588,10.971691126286292,-0.5224270532676281,193,0.9115022119308993,1,0.4057272438601992
fov0,5428,14694.097902097903,12755.653846153846,43.248143935075554,9.879142642214713,-0.4716625436049684,286,0.9735605072481278,1,0.29953829017132116
fov0,5430,14692.046931407942,5611.545126353791,35.18776382449503,11.523904951090804,-0.1320141548309023,277,0.9448520426529897,1,0.06912429293396528
fov0,5432,14697.771186440677,7639.724576271186,38.933806006513215,8.83016050939535,0.06768523569080186,236,0.97394151312392,1,0.3931039268992964
fov0,5433,14711.203180212015,6007.432862190813,52.588237603255706,17.354516985936602,-0.2558425437876912,566,0.9439782824140627,1,0.18761174076836526
fov0,5434,14693.695238095239,4840.952380952381,17.88537086077939,7.6470167504363245,0.2642266414543554,105,0.9039883585548925,1,0.08156416461132854
fov0,5435,14711.443526170799,13053.471074380166,68.89439640652321,17.70306624484143,-0.8169272845862304,726,0.9664221855825311,1,0.7834306909238544
fov0,5436,14695.178743961353,13502.734299516907,29.652328854767354,10.075421282455896,-1.0817055157548565,207,0.9405030810923275,1,0.5080154251301116
fov0,5437,14695.522522522522,4770.603603603604,18.259082463284905,7.8667344894317015,0.2950081426954972,111,0.9024285568425406,1,0.26785242518673424
fov0,5438,14730.579040852575,6160.531971580817,146.0286788991556,91.65654629706108,-1.3840262314800693,2252,0.7784865625396643,1,
fov0,5439,14699.602112676057,6550.084507042254,36.118880105831394,14.017757222744459,0.32270739007106425,284,0.9216170372456267,1,0.3971726357036102
fov0,5440,14769.181011097411,13683.453020961775,177.44261914392607,84.69694883269928,-0.16668963698334488,4055,0.8787294315645275,1,0.250867835456943
fov0,5441,14743.152738904439,5040.792483006797,118.23179189428332,83.11029208252641,-0.2273228082586004,2501,0.7112455051063908,1,
fov0,5443,14698.15037593985,6385.436090225564,18.03098920982572,10.618002838575473,0.2083605795875583,133,0.8082239594842913,1,
fov0,5444,14716.23798076923,5763.0432692307695,52.508443176442825,14.846793661279017,-0.613537270347381,416,0.9591934631949081,1,0.2883818999981445
fov0,5445,14702.563492063493,13437.801587301587,23.69319129561246,16.46647059875239,-1.5362413360433074,252,0.719021866474506,1,
fov0,5446,14894.017367844195,7309.18261529382,680.1773759672211,346.6403529477331,1.4201636755486842,23722,0.8603923117666541,0,
fov0,5447,14718.625292740047,13335.060889929742,51.954525293796266,14.083888592945588,0.2466519941993924,427,0.9625565180881552,1,0.5440134005405874
fov0,5448,14713.724489795919,7678.867346938776,28.08065565020675,10.5143788932421,0.14869826084448634,196,0.9272531845446027,1,0.4249709045715045
fov0,5449,14710.701863354037,5467.074534161491,19.020631233919786,12.436529562871206,1.3440266114872494,161,0.7566292036378325,1,
fov0,5450,14721.752727272727,4973.105454545454,43.04362326267595,9.105207876287556,-0.27499791643435045,275,0.9773705485675178,1,0.4492739744583636
fov0,5451,14737.367758186398,4230.816120906801,63.09876473920359,11.685300868438386,-0.03769909221285719,397,0.9827026129144976,1,0.23952045539713068
fov0,5452,14749.01625320787,13497.33875106929,81.6124963410297,44.331821433187606,-0.732768042465719,1169,0.8396040212593516,1,
fov0,5453,14718.611510791367,4881.064748201439,22.731962015689618,8.381149664544964,0.2701025585005538,139,0.9295506205126794,1,0.17573493933033082
fov0,5454,14755.095966620305,5443.642559109875,99.84385592859896,17.445653481506042,0.3761914151701147,719,0.9846164985571152,1,0.1988469177191751
fov0,5455,14718.650793650793,13183.248677248677,28.864462991377255,9.394785649807552,1.1225955594062351,189,0.9455491607194649,1,0.8363898559619509
fov0,5457,14819.599879117559,5865.394378966455,253.1106233500635,93.01260741770867,0.5221395411245039,3309,0.9300321802506412,1,0.2495770246187231
fov0,5459,14779.197006277162,6344.166586190247,142.1055197016444,59.62827243057541,-0.23644063694481016,2071,0.9077065258472122,1,0.43000959256823224
fov0,5460,14723.645161290322,5298.612903225807,21.727970231869367,7.910753000626526,-0.13132712487490567,124,0.9313670745855862,1,0.06433973255529496
fov0,5461,14814.790508149568,7743.617609459891,210.51377064274422,118.04018216397297,-0.31314393534476653,6258,0.8280025866316244,0,
fov0,5463,14747.01913875598,5887.593301435407,67.43924384798235,17.63589908695369,0.45335370683813736,627,0.9652013193231215,1,0.2590009952774821
fov0,5464,14723.028776978417,6793.992805755395,23.229511529478028,8.400164671914688,0.7373603058261055,139,0.9323270980586038,1,0.536799287232842
fov0,5465,14739.625609756098,13380.717073170732,73.19911829520072,20.5719385296639,-0.8085136609373629,820,0.9596958218843559,1,0.4844630250060568
fov0,5466,14749.64245810056,4731.420856610801,77.3537170064014,16.30048025951077,-0.33090143017158397,537,0.9775450527427207,1,0.27954639759916367
fov0,5467,14754.204238921002,5695.215799614643,77.67089779976985,14.913244067618699,-0.15613761049508793,519,0.9813938382325296,1,0.1712219119766097
fov0,5468,14754.431407942238,7368.998194945849,84.15248638471873,11.6644707765587,-0.0413984325376782,554,0.9903468867695816,1,0.30465648856695976
fov0,5469,14727.110236220473,12601.708661417322,23.95454660492463,7.840765750123837,-1.0382149171999433,127,0.9449140773483902,1,0.5300513545317542
fov0,5470,14886.25125337447,4238.85692248361,384.18695755951234,50.74698937923735,-0.3906509805929299,5186,0.9912378194477012,1,0.1029356096922856
fov0,5471,14730.27397260274,6482.0,24.562928928930127,7.955951425056091,-0.5541151411424506,146,0.9460910609644001,1,0.5995682227915782
fov0,5472,14776.193402620876,4609.268413917759,125.08195428958935,63.65929526598742,1.00809487556327,2213,0.8608015921418493,1,
fov0,5473,14740.06976744186,7584.581395348837,34.88204865098095,8.319671764281571,-0.3393084477289493,215,0.9711403628219286,1,0.2926254012898743
fov0,5474,14738.893470790377,13004.539518900343,35.11801348862494,13.272313437701019,1.1205071697135718,291,0.9258322825277343,1,0.9220540490008745
fov0,5475,14798.111603545527,13539.959709911362,188.12140026426417,69.13602224613446,-0.764990267687576,2482,0.9300205643891957,1,0.2790817196995682
fov0,5476,14756.810240963856,13111.965863453815,68.00799338015817,44.47286957195562,-0.01405265682283112,996,0.7565499424031398,0,
fov0,5477,14739.59375,7540.1484375,23.827178573223634,7.755475303114088,-1.2773729166377126,128,0.9455459602116507,1,0.5573508233711908
fov0,5478,14759.19955654102,12943.337028824833,98.9996281794458,22.186629643073896,-1.2620857586218541,902,0.9745642664240343,1,0.6575824369628025
fov0,5479,14836.515737580585,7247.031854379978,247.58025825318833,77.56293687834584,-0.314982367382397,2637,0.9496594795581033,1,0.4713515244108324
fov0,5480,14747.857142857143,13652.08424908425,28.968747996607668,13.005131569021136,-0.7018117230799374,273,0.8935636064265895,1,0.20019762440782704
fov0,5481,14753.988593155893,13306.368821292775,34.39924878444421,13.616272203237669,-0.28870783710774545,263,0.9183235851526672,1,0.4653759691919781
fov0,5482,14770.889150943396,13752.451650943396,65.58627320785149,18.014123658494288,-0.143235984662836,848,0.9615405489184586,1,0.2135647341035096
fov0,5483,14748.946524064171,7685.096256684492,22.59799861204284,13.909662264737419,-1.5637725582008983,187,0.7881163526775676,1,
fov0,5484,14778.591851322373,5974.115796997856,92.92471752566888,76.76654188804214,-1.4093103538926939,1399,0.5635009455771217,1,
fov0,5486,14782.8330134357,6251.412667946257,89.85352221367272,15.814998428483518,-0.34041060219392527,521,0.9843886174105195,1,0.37351459705044066
fov0,5487,14768.676886792453,12853.377358490567,54.89427669435234,10.589677006991005,-0.7040917750694822,424,0.9812163760572242,1,0.25461674243048316
fov0,5488,14760.693121693123,13427.111111111111,32.42399866630786,9.275107004610115,0.5740498009041337,189,0.9582126471332522,1,0.6902952505423495
fov0,5489,14812.834532374101,6751.577501635055,158.32749295688885,16.621088851844394,-0.5082171539241508,1529,0.9944744208856064,1,0.4599454811511748
fov0,5490,14780.316455696202,4949.167932489451,76.56739474112362,53.99266970802114,-1.1119246503986895,1185,0.7090429485553276,1,
fov0,5491,14768.08076923077,5306.565384615385,37.820996630291845,9.284364966241094,0.08966461245975037,260,0.9694012087777737,1,0.1399600620615433
fov0,5492,14763.930769230768,5595.207692307692,20.79864092168238,8.099599870329383,-0.09417000619742501,130,0.9210563672836533,1,0.21034963067294848
fov0,5493,14792.892177589853,4230.966173361522,73.40497804671212,13.09534138634273,-0.561316239081262,473,0.9839583114245934,1,0.14104534818867878
fov0,5494,14904.944444444445,4333.256335282651,360.9211159934388,114.2579017644869,-0.579745150552749,6156,0.948568130545191,0,0.28453282664932233
fov0,5495,14794.487077534792,13239.353876739562,65.72496093231153,16.454664440105407,-0.3031649221091094,503,0.9681537451597783,1,0.5004847570318361
fov0,5496,14770.52868852459,4537.491803278688,35.37880160495861,11.313632690766667,1.4940143974612319,244,0.947489918080355,1,1.1120179610110548
fov0,5497,14771.089385474861,6525.17877094972,28.840671723317268,8.557459014420296,1.3417958623719455,179,0.9549660869426122,1,0.8941023507591604
fov0,5498,14843.59631391201,12510.06837098692,192.36096542849359,41.644310606478264,-0.4291925363240881,1682,0.9762847372173376,1,0.42787715801811993
fov0,5499,14780.130050505051,13297.84090909091,84.80333856193504,18.122507294449818,1.416630672529223,792,0.9768992473283983,1,0.8962327061900813
fov0,5500,14927.206598984772,7636.559644670051,333.81367240971184,119.07145352280156,-0.07795972792768299,7880,0.9342188506269062,-1,0.526155417638437
fov0,5501,14795.979411764705,4809.370588235294,48.68003857946885,13.993369770524975,-0.08668350216204045,340,0.9577938405369953,1,0.3954424142218633
fov0,5502,14788.609375,6172.23828125,26.314546708451942,14.00918548713936,-0.35328554734162904,256,0.846509138699849,1,
fov0,5503,14797.937777777777,5649.355555555556,34.32693362616722,9.106973487186348,-0.11047958198885634,225,0.9641656095726295,1,0.20245939710111638
fov0,5504,14794.879032258064,5507.508064516129,23.969048619426438,7.036163805622407,0.06894128045152677,124,0.9559430856467238,1,0.2708607005863522
fov0,5505,14797.955223880597,6024.149253731343,30.52770497999352,8.708038091301585,0.21752373644500683,201,0.9584530484211218,1,0.21479787778555898
fov0,5506,14799.698650674663,6631.004497751124,32.52327334596299,26.513963888584332,-0.15906994064472058,667,0.5791366480203818,1,
fov0,5507,14807.451117318436,13408.38966480447,141.97690369812094,35.863515222734804,-1.486906158892491,1432,0.9675705186538281,1,0.5965913356268975
fov0,5508,14800.288235294118,5789.747058823529,26.50619522137325,8.491405527215521,-0.2346167578080641,170,0.9472973931698833,1,0.21948410620054826
fov0,5509,14808.488215488216,4866.319865319865,40.629521009775864,10.065446689814147,-0.4634595072579176,297,0.9688272519687368,1,0.30294881188325085
fov0,5510,14809.850068775791,13152.6492434663,71.56052221506879,19.078606321256967,-1.095036163563886,727,0.9638050553194909,1,0.6415324211443398
fov0,5511,14810.369811320756,5896.060377358491,35.78549667793401,10.404137336761234,0.1602219928940478,265,0.956803268296446,1,0.17065420451345273
fov0,5512,14812.984162895928,4527.649321266968,41.75506061486514,17.104161500057106,-0.7171226868438644,442,0.912251366870462,1,0.9021456917449758
fov0,5513,14824.531390134529,13014.156950672646,59.52396487857651,14.673846945652816,-0.46870256817737094,446,0.969137707891775,1,0.45347590523091047
fov0,5514,14810.823834196892,13073.445595854922,30.284956187688074,8.931391239336824,-0.16282824653315522,193,0.9555244761043077,1,0.43570101871805406
fov0,5515,14844.767045454546,5052.522727272727,94.88581461598929,22.214236465384207,-0.014634711170117175,1056,0.9722087994690489,1,0.09771827767197386
fov0,5518,14813.57142857143,12572.75630252101,19.233990928653274,8.244981996125283,0.8100733550655286,119,0.9034624446301144,1,0.6353483904085471
fov0,5519,14823.119170984455,5441.295336787564,32.712709235910346,9.023107421639144,0.3854749811346117,193,0.9612067787945874,1,0.1309426798339921
fov0,5520,14831.551369863013,5576.878424657534,60.24847533911577,22.080954143371407,-0.9185776725296636,584,0.9304187839100112,1,0.42888062767144963
fov0,5521,14829.281837160752,4679.747390396659,41.74242221738818,19.862906928340013,-1.223383780851311,479,0.8795293628499344,1,0.8225083831302329
fov0,5522,14825.087108013937,4594.641114982578,46.41690501341922,9.689225112507334,-1.163548182480811,287,0.9779704341585226,1,0.9416141881289395
fov0,5524,14828.035714285714,6002.928571428572,19.053496069026146,8.053710122128724,0.7054230743792098,112,0.9062746284376504,1,0.21928361930764237
fov0,5525,14863.590998043053,4433.3786692759295,114.61011960883017,34.15785573268478,0.37160546078822043,1022,0.954554864493484,1,0.40692693251727863
fov0,5527,14835.340807174887,6158.641255605381,33.65930706332905,9.60165563028816,-0.7837161076169568,223,0.9584501570917932,1,0.4671596004939881
fov0,5528,14835.78612716763,7449.260115606937,25.560638056656526,9.85478621308628,0.014238871029691439,173,0.9226888700400223,1,0.5952733190623835
fov0,5529,14970.953999075358,5017.368238557559,269.7385598000254,55.9865641432593,0.08652007981215831,4326,0.978222580940891,0,0.23082030604813789
fov0,5530,14833.82062780269,6290.134529147982,31.198723345728773,13.485297148643733,1.082012824782479,223,0.9017592050445732,1,0.7899993229991632
fov0,5531,14831.879807692309,6525.9807692307695,62.56552268657256,9.888369592834614,-1.3301254509214593,416,0.9874313949107583,1,0.94265726136937
fov0,5532,14833.495495495496,6027.198198198198,15.792756891912632,9.613034647920449,-1.0155758985321048,111,0.7934012728584597,1,
fov0,5533,14847.831758034026,4959.971644612477,39.59872309483343,20.020900021377145,-0.15887459787813338,529,0.8627711830480261,1,
fov0,5534,14837.408536585366,13737.073170731708,18.829508028207595,11.299076936227477,-0.3840783032393203,164,0.7999453417940526,1,
fov0,5535,14868.39970501475,6818.1312684365785,93.18227673715286,13.240283998964117,-0.5163649942875822,678,0.9898537206562098,1,0.3013952060335989
fov0,5536,14941.07138069705,6302.007707774799,294.37098380290246,41.72025597828594,0.43240043919763993,2984,0.9899058115156831,1,0.5389694880063506
fov0,5537,14843.547738693467,13439.100502512563,31.341085160357647,9.380328697416505,-0.525359481768485,199,0.9541596404736833,1,0.410582349249186
fov0,5538,14841.239669421488,6059.6859504132235,19.461748295026798,8.145339888140384,0.6861316772539836,121,0.9082026320467218,1,0.49677998633144277
fov0,5539,14975.170556852285,13543.878209403134,521.5467048489288,158.68792983563787,-0.6501334882457455,11996,0.9525877218726634,-1,0.2413581472053337
fov0,5540,14916.23829681275,5131.397908366534,166.90176633871954,78.8414868196542,0.08944824741260074,4016,0.8813936118867521,1,0.049726268498456495
fov0,5541,14845.108695652174,7317.45652173913,29.98130371652417,8.456408306497027,-1.2390231108057874,184,0.9593979261889016,1,0.4969739602409936
fov0,5542,14852.392045454546,13270.875,43.597329795224354,11.189280769912376,-0.9533909709968607,352,0.9665042526893483,1,0.6223572908937341
fov0,5543,14871.723566878982,4867.857324840765,88.9010805188786,44.49687440737997,-1.1323188994707554,785,0.8657242867582046,1,
fov0,5544,14850.102803738318,5480.336448598131,19.33445259047939,7.149445474456822,0.00523575083056642,107,0.9291203383345998,1,0.11252539940030369
fov0,5545,14859.919413919413,4562.479853479854,78.91855434758084,22.960931408860255,1.4671706508946398,819,0.9567398857048413,1,0.927826149054401
fov0,5546,14861.597855227881,4192.206434316354,53.06272034982078,11.128089347814072,-0.6823925464379385,373,0.9777623919394642,1,0.2094044973885087
fov0,5547,14860.737827715357,6675.9625468164795,38.163933689741526,9.956206855894123,0.5248582469455777,267,0.9653712383622044,1,0.7215166844025201
fov0,5548,14878.17254174397,5966.745825602969,74.30222298566399,26.01355234127376,0.6385575106809512,539,0.9367105996715729,1,0.2343150477943778
fov0,5549,14858.819277108434,4704.048192771084,27.102412675074692,9.026505832016559,0.4870760418092213,166,0.9429085508305207,1,0.7480369424847175
fov0,5550,14917.468161434977,5192.569506726458,150.67511963270627,10.83442480054557,0.00824958518509878,1115,0.9974114229287434,1,0.06742645674292315
fov0,5551,14858.311377245509,6113.7784431137725,26.52818846830641,8.517819864451653,0.2907831091006606,167,0.9470501697805884,1,0.543804598220695
fov0,5552,14862.776902887139,13401.175853018372,31.276867734361684,19.024897213768924,-0.7154343589393548,381,0.7937273216020367,1,
fov0,5553,14962.238431026884,5810.9012780960775,240.94148503986014,37.38865300742411,-0.09595106848671907,2269,0.9878866334453223,1,0.10238485011017644
fov0,5554,14867.85436893204,12584.077669902912,30.219930504629062,8.867391023218547,-0.41595160860198316,206,0.955981000716073,1,0.4231139811031746
fov0,5555,14867.836448598131,7453.392523364486,22.603272416523133,14.599731800582834,-0.23400228504351106,214,0.7634116147131762,1,
fov0,5556,14864.387978142076,6353.043715846995,45.14953141227612,10.60770599039162,-1.3267168606677127,366,0.9720084019942771,1,1.0124305401217832
fov0,5557,14875.325301204819,6537.234079173838,58.442837917479125,18.883075837316984,-0.9505600851889017,581,0.946363690617646,1,0.7965697433928851
fov0,5558,14862.61313868613,4730.4525547445255,25.058018070597644,7.329633065796872,-1.5608261004168484,137,0.956263535706373,1,1.0080461247941035
fov0,5559,14890.72572815534,5578.57281553398,63.460008395306026,12.836729278367457,-0.12161263068054158,412,0.9793276031924046,1,0.20726387753428932
fov0,5560,14884.391534391534,6009.272486772486,57.02819611908912,13.319681570427978,-0.02016356109458516,378,0.9723416498706177,1,0.4228308227211872
fov0,5562,14952.466371681416,6823.879646017699,348.2578831524623,33.32477051503708,-0.9725391874257646,3390,0.9954111905970636,1,0.4016220449956724
fov0,5563,14894.288667687595,12919.339203675345,100.2250713027726,19.31902906280817,-1.136885520472448,1306,0.9812466308382821,1,0.2422641812340923
fov0,5564,14887.968299711816,5751.962536023055,29.877573360570224,27.623985627764196,-0.43687390724947406,347,0.38100591962525554,1,
fov0,5566,14908.77793493635,6440.4045261669025,142.402246671625,36.36764890130081,1.1862644287315047,1414,0.9668389736650921,1,1.0542065412342567
fov0,5567,14919.14253647587,5540.20202020202,96.77364835661461,22.88206439942161,-0.08973745323286896,891,0.9716438205087462,1,0.07070339298742477
fov0,5568,14880.089655172414,6165.979310344827,24.128216782256168,7.96439753870858,-0.7984927794004105,145,0.9439507044048489,1,0.34932715679258747
fov0,5569,14886.23448275862,5785.324137931035,26.52321154401555,7.665408560056621,-0.014724651004959424,145,0.9573268158053484,1,0.16139182590177165
fov0,5570,14956.0,5664.622559652928,208.10429861044247,17.507991414104097,-0.30889109214875515,1383,0.9964547155654346,1,0.3393109858807213
fov0,5571,14892.360377358491,4491.8792452830185,59.7141547956077,16.65088155617123,1.061165611523862,530,0.9603366656518241,1,0.5454524848829165
fov0,5572,14894.48085106383,5439.868085106383,39.163618129345934,7.8974221538185665,0.21379467968345797,235,0.979457231592703,1,0.10772587968488197
fov0,5573,14892.577272727272,12776.918181818182,30.69716283238248,12.641551413547678,0.09996230039663556,220,0.911267482416745,1,0.48654941494019255
fov0,5574,14900.713114754099,5932.96174863388,40.54798555121019,13.141780667297668,0.017918306095354653,366,0.9460213188286678,1,0.21011418324565942
fov0,5575,14889.130434782608,13293.72463768116,30.937369424043467,10.44713181520979,-1.2423637553590388,207,0.9412586423252903,1,0.7224300726186412
fov0,5576,14892.063829787234,4398.5787234042555,22.64353432440371,15.548128675632874,-1.4326985958423961,235,0.7269904144650985,1,
fov0,5577,14888.829411764706,6067.682352941177,25.298452585748617,9.115084604920808,-1.2039422965836384,170,0.9328356901895565,1,0.7332491253550585
fov0,5578,14899.556978233035,6642.750320102433,79.88976023818276,23.94077464908848,-1.383444639027042,781,0.9540420924494744,1,0.5202997832380017
fov0,5579,14900.028169014084,13592.964788732394,35.02012622634375,13.51610100682874,-0.9648677633084147,284,0.9225187053136654,1,0.1539740406545205
fov0,5580,14901.59409594096,7663.269372693727,51.09541461448197,17.183625562634404,-1.498064295077977,542,0.9417532489667403,1,0.6627258923207934
fov0,5581,14916.679653679654,13050.506493506493,58.12411636226582,14.403458811395168,-0.6727681641785687,462,0.9688098772832902,1,0.4794433007443169
fov0,5582,14965.018637157833,12502.884100174724,157.9963326735244,26.167766590373272,-0.378882885756359,1717,0.986189204816687,1,0.2926665559291398
fov0,5583,14923.48526863085,12989.071057192374,73.29904303252057,24.396167008784513,-0.6226779846746342,577,0.94298662167892,1,0.47898143808404964
fov0,5584,15003.761342155009,13262.445179584121,281.17467320656493,23.18175653784217,-0.721345275701087,2116,0.9965955246862612,1,0.4361893826647467
fov0,5585,14908.815705128205,13444.09935897436,81.50136685415974,13.476671837276971,-1.2370828490710828,624,0.9862340847494598,1,0.49572234166997103
fov0,5586,14901.211009174312,7445.357798165138,20.62834279422299,6.9628589952654485,-1.5438314340261847,109,0.9413117390696458,1,0.6612056070775493
fov0,5587,14914.954802259886,12603.274011299434,41.05251407090306,12.298064837440862,0.7501189004854261,354,0.9540746051627939,1,0.4062681135369946
fov0,5588,14909.959349593495,4700.360433604336,41.82595919599126,18.02336881644416,1.5660964973206166,369,0.902393256595048,1,1.0850954757656621
fov0,5589,14907.90909090909,6042.611570247934,14.800271394416951,11.279722459838899,-1.4966832847847136,121,0.6474246874636305,1,
fov0,5590,14926.747422680412,6942.072164948454,51.43524201613703,12.772089195453395,0.5067100136361644,388,0.9686796022399665,1,0.5667722887954065
fov0,5591,14969.083291520321,7014.607124937281,127.6651814709898,47.36579535276866,0.8768471333044694,1993,0.9286265664308393,0,0.6311423462107019
fov0,5592,14914.784615384615,5496.007692307692,19.048929361631664,10.316291200817478,0.2810436892075233,130,0.8406569251948129,1,
fov0,5593,14984.744449925998,5723.813024173655,192.24547084396534,28.924270334197672,-0.2463631758060114,2027,0.9886168759339893,1,0.1329925389190396
fov0,5594,14956.306306306305,4149.236236236236,93.17042735649225,15.729205286270005,-0.2508816739688311,999,0.9856465786380583,1,0.1991184173872537
fov0,5595,14923.019900497513,12851.194029850747,35.81174076996351,7.486975612848611,-0.6771855743910797,201,0.9779017821303255,1,0.5204768451085544
fov0,5596,14922.702702702703,4542.4324324324325,22.44369128696468,9.099093606989065,0.08256863285973283,148,0.9141310764127459,1,0.478373936218148
fov0,5597,14928.046332046331,5774.57915057915,38.136696614978085,9.494881169816958,0.25653852962314183,259,0.9685112793429104,1,0.2011351848387355
fov0,5598,14944.405646359584,5965.601783060922,62.824238797503305,18.257974324887687,0.4042944327372312,673,0.9568385813132542,1,0.2528683493859539
fov0,5599,14919.344262295082,13083.95081967213,18.499402903080565,9.13116159733369,1.1648459773402198,122,0.8696934557815419,1,0.7947394711664564
fov0,5600,14942.086419753086,4488.8747795414465,40.33210070648741,27.4197682746606,0.4189593045269702,567,0.7333514353947862,1,
fov0,5601,14929.257894736842,5873.873684210526,23.167719796776275,12.33738212284954,-0.8434091017682643,190,0.8464144881781638,1,
fov0,5602,14944.373493975903,7081.014457831326,58.55016884753336,10.7655859640483,-0.773016646323918,415,0.9829506773079094,1,0.739925242499211
fov0,5603,14939.984555984556,7727.127413127413,38.03310251079902,10.430846706939054,-0.5202858321103686,259,0.9616564186324377,1,0.3193739613847007
fov0,5604,14991.849287169043,5894.8141547861505,122.39379320842293,51.13808787687847,0.02343096874053735,1964,0.9085316566893921,1,0.14455661943883832
fov0,5605,14941.819512195121,4837.89756097561,36.26830201725772,7.474129954501121,0.04531070470424914,205,0.9785353891260629,1,0.23959873185096212
fov0,5606,14945.614849187936,13460.329466357309,38.94685560563737,19.890120601707146,-0.1739065952920569,431,0.8597595717123787,1,
fov0,5607,14937.008333333333,5467.15,19.229500321386745,8.058031580066102,0.10748228912111484,120,0.9079653314566953,1,0.07710149310245008
fov0,5608,14940.83152173913,5070.065217391304,28.37206012237938,8.656718506487241,0.2382036482561512,184,0.9523157686607738,1,0.10060510093189898
fov0,5609,14947.740648379053,13393.294264339153,39.08435052563391,15.153635397521318,-0.18865614676585543,401,0.9217788007638364,1,0.34214335179347916
fov0,5610,14940.935064935065,4441.775974025974,28.754734769687797,19.90323885637514,0.800648634574144,308,0.7217320306983492,1,
fov0,5611,14939.113636363636,6080.318181818182,20.70531060270374,8.47867377535041,-0.023030480328572012,132,0.912313388840595,1,0.44852754476088075
fov0,5612,14943.751351351351,5692.27027027027,30.286172586601058,8.167540282243197,-0.18679322653484054,185,0.9629503187040227,1,0.3251517444462721
fov0,5613,14939.295238095237,6034.628571428571,16.028119971865383,8.662576513110546,0.0583786160259159,105,0.8413689565286515,1,
fov0,5614,14970.894948335246,4679.090700344432,106.673994743813,53.27481567881915,1.225824890408782,1742,0.8663616874828786,1,0.39903030560180475
fov0,5616,14949.43795620438,13073.226277372263,21.969113463608238,8.237967032502956,-0.16593828010128445,137,0.9270331060345423,1,0.3814561445235136
fov0,5619,14969.157142857142,4934.682142857143,42.97862673581276,18.301374182418783,-0.6855559971052656,560,0.9048055373424789,1,0.5410849860658143
fov0,5620,14978.76171352075,12450.378848728245,53.83169729289894,29.58487354755571,0.22794014623733538,747,0.8354404921730112,1,
fov0,5621,15007.910822510823,4902.938528138528,121.04427014064655,25.92984195379251,0.5626351430258243,1155,0.9767859118157186,1,0.3683382717377544
fov0,5622,14962.331683168317,6902.678217821782,29.025202640345857,11.776041237300069,-0.9619896905225802,202,0.9139983972566181,1,0.6859704120572964
fov0,5623,14996.926174496644,6100.86577181208,92.38958393972682,49.11133809060837,-0.9360675809302376,1192,0.8470156766453013,1,
fov0,5624,14971.026515151516,13651.117424242424,43.27964962428882,8.126130918046755,-0.5850677213603335,264,0.9822151847306589,1,0.2431189501116441
fov0,5626,14987.505910165484,4806.108747044917,59.600714331176384,13.889468077613426,0.1398927728372022,423,0.9724666774147646,1,0.43689558339943246
fov0,5627,14976.704819277109,6705.051204819277,43.90732873739682,16.3990028091071,-0.6766646494851248,332,0.9276337052011381,1,0.5951521462521593
fov0,5628,14968.070175438597,6067.707602339181,17.630718547174656,12.848779892333145,-0.8150172508648423,171,0.6847560779598988,1,
fov0,5629,14980.678025034771,7262.799026425591,151.78552569853414,15.129511145714407,1.3052029296738994,1438,0.9950198565742264,1,0.9563255843483517
fov0,5630,14980.607547169811,4762.313207547169,42.120411777706,9.240356617759426,-0.282994578473573,265,0.9756395937188725,1,0.6114681138007759
fov0,5631,14969.762331838565,12732.910313901346,35.18849843524627,9.518538370183741,1.1036709350655627,223,0.9627195792649553,1,0.8600311226869976
fov0,5632,14998.44179389313,7563.582061068702,59.207192620600786,34.641828966341,-0.5898081551600575,1048,0.8109648008229928,1,
fov0,5633,14984.676731793961,6034.094138543517,47.33442866576513,20.8152753507711,1.2906633305118342,563,0.8981206346094203,1,0.7116307169134942
fov0,5634,14985.125448028673,4509.612903225807,33.90862336082438,12.105289864310357,0.027196473689482185,279,0.9341053833465174,1,0.28432988702572076
fov0,5635,14996.468152866242,5414.019108280255,52.080856083176705,8.924056975591805,-0.0781569795274715,314,0.9852102123199306,1,0.08930596610095091
fov0,5636,15203.540735979432,5444.266752370239,505.7182857605532,61.53500727668343,-0.03732164470598647,6223,0.9925695741638356,1,0.1788266096660707
fov0,5637,14978.264705882353,7124.725490196079,17.45224985088682,7.540350365795552,-0.9452928514570514,102,0.9018467487277373,1,0.7254930219101497
fov0,5638,14981.432432432432,4597.5513513513515,31.29079746045789,8.097577223407056,0.9677946461678829,185,0.9659350490128376,1,0.289052862118575
fov0,5639,15041.562756732086,4879.54860794158,194.0452498828046,39.968719705046595,0.7474419110823757,2191,0.9785569835178266,1,0.5993233809718829
fov0,5640,14998.660637381568,13587.118863049096,88.2649966166622,31.591824118073585,-1.2748215245519787,1161,0.9337521831553761,1,0.39854804391889553
fov0,5641,15006.355179704016,6272.274841437632,71.91429755991632,12.902258781111977,-0.5414264652390307,473,0.9837740999925484,1,0.4530994024769243
fov0,5642,15004.072639225182,5537.05569007264,59.866500929623506,12.89119043996971,0.08647819101411702,413,0.9765408373631054,1,0.2701828030724896
fov0,5643,14986.939655172413,12900.948275862069,50.05141982077322,12.099028377443307,-1.2667664201773847,348,0.9703430599909646,1,0.22073819980458875
fov0,5644,14998.452631578948,13426.628070175439,44.105072674687875,12.382869644645304,0.24025802747777938,285,0.9597784748158005,1,0.4131747887801221
fov0,5645,14999.275210084033,13468.95168067227,47.064445979017265,13.917813256624624,-0.858182501619633,476,0.9552752200763097,1,0.29651537301209097
fov0,5646,15027.736760124611,7436.795950155763,114.2424986752801,18.468073470484807,-0.1890054524743912,642,0.9868470440361433,1,0.4027318591044733
fov0,5647,14997.213622291021,5946.950464396285,37.76817866903196,15.113694149615007,-0.3949227745879455,323,0.9164409019552766,1,0.48896614623655243
fov0,5648,14990.773333333333,4400.6466666666665,24.399508745439213,8.127591940975702,-1.121254625143497,150,0.9428898314539373,1,0.671620417633498
fov0,5649,14997.284444444444,5600.177777777778,33.965429582578636,10.319261299372108,1.0283524425112607,225,0.952730535971075,1,0.5078509009244373
fov0,5650,15037.187446259673,6859.979363714531,111.5253071135685,34.337100226969,-0.5430978209837828,1163,0.9514231988034483,1,0.554748574678141
fov0,5651,15002.583011583012,12659.814671814673,44.12024126105487,8.1890850548676,0.8039749967608208,259,0.9826238046579656,1,0.7182449543102584
fov0,5652,15071.12622682661,5122.570065430752,180.6898457460374,56.788093872996704,-0.05967350326655637,3668,0.9493287041437937,0,0.11458696994938912
fov0,5653,15011.757575757576,4576.717171717171,45.041245518333874,13.622694485850873,0.3413216239506236,297,0.9531654648418695,1,0.24026683780434996
fov0,5654,15002.32075471698,7518.327044025157,18.265036287605078,12.808685874344919,1.2572656827249582,159,0.7128977212213602,1,
fov0,5655,15026.49569707401,4315.9655765920825,68.24526337688339,26.20829222807393,-0.827304778064336,581,0.923320227124328,1,0.5510834171512051
fov0,5656,15107.354931605472,5974.097192224622,218.02575893422113,62.15182488853108,-0.16101913014078303,2778,0.9585077621584762,1,0.1595720038528616
fov0,5657,15045.786036036036,4968.1509009009005,107.40667535563004,14.535674702970717,0.004952365344729074,888,0.9908001620917855,1,0.2900167987277431
fov0,5658,15068.997101449275,6146.61231884058,146.91080551639743,25.66549410341857,-0.44219479735258205,1380,0.9846214960644877,1,0.4295688156331593
fov0,5659,15035.770642201835,5503.029051987767,81.68077067560583,13.030505403657756,0.006751815587008582,654,0.9871931362440185,1,0.2942903210356151
fov0,5660,15011.525423728814,4542.525423728814,19.980498370630134,8.369416750460555,0.6609530511444032,118,0.9080419316695285,1,0.20356991705447747
fov0,5661,15057.416129032257,6437.677419354839,147.41092241061853,84.34709440171585,-1.110159963959182,2170,0.8201209077967339,1,
fov0,5662,15082.010403120936,4150.5726918075425,154.1154966228322,101.15968262952732,0.8044153501462501,3845,0.7544228065248773,0,
fov0,5663,15041.657596371882,6217.231292517007,71.89266424712193,9.983938615476669,0.004637680143348883,441,0.9903102209441478,1,0.38304085842676167
fov0,5664,15024.162601626016,4428.273712737127,45.165929144897305,14.985441559111598,1.2484694686402205,369,0.9433545341253615,1,0.9723996359517632
fov0,5667,15021.276422764227,6965.1869918699185,17.01741930507552,9.791703868662747,-1.0697944945278963,123,0.8178770694882814,1,
fov0,5668,15033.862676056338,12536.144366197183,40.071935712183254,12.141152900354603,-0.68204822490316,284,0.9529956626801959,1,0.6993558999313372
fov0,5669,15086.26899128269,5251.486924034869,170.6608628049791,30.247808076220643,0.2814930243486135,1606,0.9841677897577974,1,0.15897854476176182
fov0,5671,15052.230946882217,13593.288683602772,68.76878758390448,15.945985375053436,-0.018086903737091767,433,0.9727448186435068,1,0.5467343007959969
fov0,5672,15035.382978723404,4521.109929078014,38.216590862460805,11.25029290514247,0.9160764818974575,282,0.9556877024362324,1,0.3748044284800024
fov0,5673,15033.125,6019.461956521739,20.22817432891908,13.482032403291274,-0.7046751670084046,184,0.7455070538034739,1,
fov0,5674,15033.531578947368,5583.489473684211,23.75213210025069,11.856491340073035,0.5798792442844701,190,0.8665006896438426,1,0.36064391904571036
fov0,5675,15032.633663366336,12733.422442244224,53.270797895923465,8.025848948349173,-1.3080738097895641,303,0.9885854365769456,1,0.9408701428576237
fov0,5676,15134.39786654562,6530.832501134816,248.6502668539434,143.61756519433118,-0.41740114502493664,4406,0.816327987267755,1,
fov0,5678,15039.447058823529,12633.388235294118,27.63045604718657,8.3388681578439,0.6538355491071429,170,0.9533713001558991,1,0.7409265889369355
fov0,5679,15039.33613445378,7389.218487394958,19.112996740694854,8.182011684027366,0.08068112289774543,119,0.9037378693202105,1,0.1089712138798052
fov0,5680,15046.489451476793,13406.839662447257,41.022023064917526,8.210567862163865,-0.5649030231729867,237,0.9797652170024603,1,0.43544738357150087
fov0,5681,15071.210653753027,7477.122276029056,88.28403829253446,40.72159285932157,0.027159056693761112,826,0.8872668002621961,1,0.11557822801934657
fov0,5682,15054.435028248588,13439.391713747646,63.320385787977315,14.243198074343653,-0.5919626253661814,531,0.9743729431350212,1,0.24850398186903339
fov0,5683,15054.888461538461,5298.830769230769,43.420982219411314,8.185791277647592,0.04018365152986928,260,0.9820690513657296,1,0.09608014531108366
fov0,5684,15065.666146645866,12731.171606864275,85.37889891788174,22.87745343070136,-1.11459305255234,641,0.9634322413082794,1,0.8575536791214657
fov0,5685,15103.375263824399,7534.267201350781,144.01873940459612,55.63070140147785,-0.22084239592609933,2369,0.9223840632530048,0,0.38647635458159085
fov0,5687,15117.789993823348,6052.466954910438,191.6420360491479,23.2545675238995,-0.5335408552973842,1619,0.9926105424596087,1,0.32335020056918234
fov0,5688,15054.868421052632,6959.506578947368,78.34983320915954,11.84585078750736,1.3175335026567105,456,0.9885044489018138,1,0.9498563233191593
fov0,5689,15068.051075268817,6041.817204301075,53.511703683743576,10.992016532902074,-0.3676643412071845,372,0.9786753135466685,1,0.4250101921315941
fov0,5690,15056.465838509317,12978.07142857143,51.46360216682551,8.118291939361779,-1.2500000528639432,322,0.9874793654708878,1,0.6697850578543173
fov0,5691,15081.463302752294,5853.685779816514,75.83078599242916,8.253926146442408,0.02754873516385839,436,0.9940585542601191,1,0.20277976203175324
fov0,5692,15068.261904761905,4483.478835978836,32.866822727338224,25.896018987956964,0.401118736441792,378,0.6157934997413612,1,
fov0,5693,15058.213675213676,4636.213675213675,21.367317015435233,7.420967157578348,0.9279954198607804,117,0.9377523796805679,1,0.31477277112401575
fov0,5694,15060.198198198199,13351.144144144144,19.656977545587456,7.368848652874294,0.8961254837244684,111,0.9270766168725312,1,0.8638325972714553
fov0,5695,15078.928825622776,6702.482206405694,81.59618463413051,13.253000230754733,-0.9285258445820711,562,0.9867214169699529,1,0.5483398305257615
fov0,5696,15080.714285714286,5737.487394957983,63.01181347595079,11.997240943926778,-0.697801164906044,476,0.9817072369418375,1,0.33707523037465376
fov0,5697,15106.49415515409,4757.334750265675,96.82878149736607,24.055823774951346,-0.20794618091090553,941,0.9686481310619199,1,0.3267001706538436
fov0,5698,15064.940789473685,6655.776315789473,26.515012521773663,7.786127314667651,1.2366225608304269,152,0.9559130781021831,1,1.0976573361745383
fov0,5699,15083.044859813084,13146.041121495327,59.398005295187886,12.442201054279481,-0.6856474600285918,535,0.9778147102312187,1,0.10729698903573809
fov0,5700,15074.58549222798,5889.194300518135,28.026594218539397,19.638347139702248,-0.18032472394570292,386,0.7134520875034017,1,
fov0,5701,15096.079365079366,4279.13258636788,103.00932673132304,18.83115836516088,-0.9616102767962152,1071,0.9831482192620064,1,0.5467004545353626
fov0,5702,15081.774451097805,13544.283433133733,47.92368723674005,28.212186765371456,1.3718772148368792,501,0.8083590149195831,1,
fov0,5703,15090.988123515439,4530.482185273159,43.03550638723046,15.355010099592112,-0.11451314209796973,421,0.9341813160951082,1,0.4116617250661111
fov0,5704,15079.185714285713,13364.07142857143,34.165832876337284,9.082978020260216,-1.065112923340253,210,0.9640144771282024,1,0.5196892642700484
fov0,5705,15079.72641509434,4417.202830188679,26.861762212205345,12.861574513156018,-1.5642501628721635,212,0.8779207011395305,1,0.9173921177202672
fov0,5707,15081.532786885246,4804.4672131147545,20.580165768330243,7.6241258925743605,-1.4403441011185616,122,0.9288484654939285,1,0.8397866569499914
fov0,5708,15094.77659574468,5621.141843971631,42.97092778370439,9.028491036900176,-0.5637888557747027,282,0.9776784057386863,1,0.3276853971743756
fov0,5709,15097.621399176955,4694.9670781893,31.058335840099826,12.567475640152438,-0.1447756854120513,243,0.9144756270066138,1,0.42366628956365876
fov0,5711,15095.4,7211.572222222222,30.977886009654295,9.030467529699871,-1.0279821593217238,180,0.9565667582292131,1,0.6256138904250229
fov0,5712,15093.296610169491,7394.3983050847455,20.945968771077457,8.17800230765828,0.3503342081639772,118,0.9206312456639538,1,0.3030429043841517
fov0,5713,15114.310904872389,4862.308584686775,59.77169374079396,12.777434987166044,0.13493530912463766,431,0.9768838727649948,1,0.4430579390239592
fov0,5714,15096.770408163266,4329.5459183673465,25.67087048975726,10.814138907071676,-1.4949901228753755,196,0.9069394099315837,1,0.6754777189829565
fov0,5715,15131.54887218045,6737.978696741855,145.78724762570215,27.671504307064886,-1.0978068921664397,1596,0.9818213358798689,1,0.7420658418551881
fov0,5716,15150.382304390889,7191.618686034995,255.9208031395071,87.16143815514005,-1.0092347672933073,3029,0.940215638666149,1,0.6415027789815589
fov0,5717,15103.717791411043,7340.300613496933,25.069107850268765,8.709914682783229,-0.12349370505790513,163,0.9377036373454254,1,0.40321020862107493
fov0,5718,15115.046199701937,5006.251862891208,43.06498327671796,24.614593747332464,0.15012585304248927,671,0.8205542605057342,1,
fov0,5719,15105.217105263158,5043.9276315789475,27.793439365185446,7.366527369369967,-0.1241824859844001,152,0.964235893050482,1,0.4207181508793799
fov0,5720,15103.315315315316,6222.984984984985,54.285491373432286,8.746430596194369,-1.125447914279339,333,0.9869349670501188,1,0.7950900706181379
fov0,5721,15114.470588235294,6606.420814479638,126.34486490487159,15.5831253756065,-1.1042169477407906,884,0.9923647177402201,1,0.5911429992064794
fov0,5722,15107.864583333334,12929.952380952382,69.69040247405539,25.20088858976853,-1.5399079657915755,672,0.9323286613134487,1,0.9872898110657609
fov0,5724,15141.797891036907,5589.27065026362,100.3165587233811,8.898552969246985,0.01117391208138862,569,0.9960579658749295,1,0.30740031883522684
fov0,5725,15132.803680981595,13359.774028629858,100.08966392437843,25.033224279887392,-1.038775415549243,978,0.9682179482210297,1,0.5458985623901986
fov0,5726,15161.90303430079,5707.668865435357,134.61527222992638,31.48833015882574,0.33662009376046353,1516,0.9722574104429638,1,0.5402906699856116
fov0,5727,15111.952229299362,13587.283439490446,24.585260411503086,21.689199955145583,0.4887329195074063,314,0.4708685459504749,1,
fov0,5728,15110.875,6290.0234375,24.24441182371382,7.058661789579218,0.761331821160674,128,0.9566786547009606,1,0.614303125206192
fov0,5729,15112.060606060606,6987.733333333334,26.868823553756283,8.745392773234368,-1.0453573480393004,165,0.9455472840997954,1,0.6252561341022719
fov0,5730,15149.593503937007,7594.415354330708,111.80364832935945,25.828110055499877,-0.17582467297537172,1016,0.9729506342158459,1,0.3723430112808543
fov0,5731,15287.955114300017,3859.410645753379,454.57603450233023,198.7482931363851,-0.08920488420707674,5993,0.8993561268573765,1,0.487969872428321
fov0,5732,15135.982142857143,4385.649553571428,73.31643172254468,50.132845149814514,-1.0797873633087594,896,0.7296813849701396,1,
fov0,5733,15117.960591133005,13166.251231527094,34.8651904841226,8.343282811160774,-0.8421415543190593,203,0.9709453761464679,1,0.13621059210804584
fov0,5734,15130.192771084337,4904.682730923695,49.09633957072979,18.19315534417258,0.543062891294188,498,0.9288084025283591,1,0.28044405344249074
fov0,5735,15143.415426251691,5880.584573748309,65.84286527280464,31.46888370098872,-0.09684234022563869,739,0.8783929414683516,1,0.34801899117771046
fov0,5736,15116.722488038278,13520.818181818182,26.651611711038615,12.036918175382459,1.5574645206771323,209,0.8922005625345548,1,1.1102441902855789
fov0,5737,15119.305785123966,13222.140495867769,21.246501834105295,7.544734723603373,-0.917127633144533,121,0.9348264989036982,1,0.22442622824716543
fov0,5738,15151.359673024523,5296.566757493188,62.38050464223082,8.920640231902816,-0.19325138838858746,367,0.9897221601782945,1,0.1891926190374791
fov0,5739,15141.454545454546,5550.27027027027,44.32436781519264,12.76882815777364,-0.5025699079288243,407,0.9576072669984855,1,0.15534815887515507
fov0,5740,15144.138349514564,13467.114077669903,63.28620196597541,40.079198742921065,-0.9997373838214219,824,0.7739057879296469,1,
fov0,5741,15181.198170731708,5831.5707317073175,107.6874284778644,43.79761757483094,-0.31346671472981075,1640,0.9135570567616843,1,0.47540947595165634
fov0,5742,15129.061538461538,12540.2,24.803014100685925,10.651936253988998,1.2520714974645446,195,0.9030852325675268,1,0.7229603742576586
fov0,5744,15150.350806451614,7478.455645161291,65.24113746964362,14.983213513200381,-0.005386828149132474,496,0.9732711594889345,1,0.3400061469138384
fov0,5745,15137.4,6429.0,33.9533240135962,9.506799161032939,-1.0941582222877628,215,0.960001130145244,1,0.49672949642506353
fov0,5746,15213.339137316976,4515.325286901464,187.62294176624474,73.84519187047566,0.5625807976892124,2527,0.9192891043798012,1,0.4537584845451714
fov0,5747,15161.823637477037,5004.428658909982,128.32348939209695,52.85104466775462,1.5467191204203599,1633,0.9112480774270147,0,0.708641019242614
fov0,5748,15153.407947019867,7343.980132450331,63.954845923817366,19.86534202625141,0.45933189931836416,755,0.9505357691028915,1,0.36246633416681545
fov0,5749,15140.866013071896,13557.90522875817,28.554280172244514,15.832866285734191,-0.988585149700766,306,0.832194972641993,1,
fov0,5750,15143.035555555556,7423.8422222222225,52.89788797101327,19.053358637432495,1.2890818223191358,450,0.9328784662676031,1,0.5498767004548908
fov0,5751,15149.016826923076,12954.506009615385,88.57253238686451,17.654195795164046,1.3384225736231463,832,0.9799346426055247,1,1.111749002014959
fov0,5752,15145.15909090909,6160.872727272727,37.70151728801067,8.594110464597273,1.0679114916890475,220,0.9736725310555917,1,0.8854934401434126
fov0,5753,15174.823315118398,4315.284760170006,98.6853192453055,52.46007360606365,0.6227248167396743,1647,0.8470021647839645,0,
fov0,5754,15182.751091703056,4778.244541484716,87.49486465729954,22.38928080520701,0.0516018158860014,687,0.9667052403457002,1,0.5027036232529773
fov0,5755,15173.793714746173,7215.797743755036,149.48745296493237,34.220148527140346,-1.019018333810902,1241,0.9734460559145008,1,0.45095743231984653
fov0,5756,15164.697513812154,13178.040055248619,61.733399897497904,15.795845965028182,-0.6531356238129512,724,0.966710680926832,1,0.5041647436373733
fov0,5757,15189.102040816326,6266.018838304552,211.70957463052204,64.0633468567682,1.2176106047013753,1911,0.9531175979174803,1,0.5981785189049426
fov0,5758,15332.243880729862,4220.708245915189,500.9733631653695,171.51139787742522,0.494724918932014,15729,0.9395701937586304,-1,0.3075349983976404
fov0,5759,15181.579433853263,13508.362796071635,145.64029806765456,53.328061366222606,-1.3581941560119561,1731,0.9305508012322137,1,0.8854967026427081
fov0,5760,15163.761160714286,4452.569196428572,54.700910882597285,12.165508720998101,0.7494695775893722,448,0.9749553976653593,1,0.585744828815838
fov0,5761,15173.035781544257,13073.412429378532,59.24830980980965,13.732830988404855,-0.36149963864076834,531,0.9727671946630472,1,0.4545514055964042
fov0,5762,15196.724291272929,7297.023346303502,111.19398486538908,43.0814752414626,0.01447390713587712,1799,0.9218931158804725,1,0.4906948647779274
fov0,5763,15201.63807106599,12813.033502538072,145.2419921524864,46.82554433097506,-0.9685972839282055,1970,0.9466046397707601,1,0.5874737813226559
fov0,5764,15165.656,6056.76,21.145444335490012,8.172588809838249,-0.6319949801413349,125,0.9222918925555732,1,0.36719839004595434
fov0,5765,15182.454664914587,4566.194480946124,54.758390897684066,24.872714569276443,0.8021099485249285,761,0.8908862150161398,1,0.2511517966090643
fov0,5766,15173.817283950617,5655.150617283951,35.682023458642824,16.356816715916487,-0.83899213564651,405,0.888743432061128,1,0.6964277429883245
fov0,5767,15210.852459016394,5142.215573770492,110.3214624903798,24.760183243732587,-0.03146050804538699,1220,0.9744886734896862,1,0.09741270328843
fov0,5768,15171.922480620155,6407.341085271318,26.049568359248862,7.579373968598426,-0.41112584777350747,129,0.9567353170901713,1,0.2920352232287637
fov0,5769,15175.485865724382,12671.044169611307,52.94376285366781,31.358260862304885,1.4566070705386942,566,0.8057220928030532,1,
fov0,5770,15187.936479128857,13366.976406533575,51.24345133942451,22.569811507960658,-0.6760164807299035,551,0.8977806525399472,1,0.27160878871976524
fov0,5771,15192.852672750978,4672.149934810952,59.45265505368321,38.72097219191524,-1.4087073479503274,767,0.7588281663479465,1,
fov0,5772,15177.650602409638,4728.27108433735,24.587217820907544,18.931771250418386,-0.7025969358560349,332,0.6380628543381641,1,
fov0,5773,15180.260355029586,6618.94674556213,59.36827361438455,27.60767069250901,-0.820029209187955,507,0.8852980859528357,1,0.8110256437029533
fov0,5774,15195.338487972509,13287.960481099657,59.7678697115161,16.004894093689014,-0.09434190936850129,582,0.9634789027732337,1,0.27835771112596913
fov0,5776,15271.40565085772,6788.006458123108,286.02915915832824,98.29809285064013,0.7749136687763095,4955,0.9390924617127099,1,0.5063836042939165
fov0,5777,15190.853146853147,4428.675990675991,51.67926464845924,15.925611748696234,0.7674200637830084,429,0.9513337318431196,1,0.503892001994782
fov0,5778,15237.738795180723,5094.993253012049,147.81535817142503,34.538008324251486,-0.10893267724837614,2075,0.972319224589686,1,0.05077887369387984
fov0,5780,15267.371261115602,4355.670573969281,226.38454146104488,104.54087494120502,0.9992838020076881,4948,0.8869921446826616,0,0.6352417309831717
fov0,5781,15213.683291770574,7368.365336658354,93.16359232398887,21.89607458253825,-0.7867197366370193,802,0.9719885437570308,1,0.43446722703194307
fov0,5782,15214.685344827587,5246.058189655172,72.42228320802496,15.457241553997367,0.3476728756080578,464,0.9769578954501231,1,0.2650996816992699
fov0,5783,15191.45588235294,6055.470588235294,23.758061905896515,7.575741859237509,0.689939821702025,136,0.9477983386023145,1,0.5371074510330925
fov0,5784,15201.764084507042,4378.0739436619715,43.411836509610396,19.27300066960222,1.0672798957720475,568,0.8960479548327488,1,0.5812014342874238
fov0,5785,15218.486928104576,4926.718954248366,62.38900393713746,15.064759324264166,0.3363816380099013,612,0.9704095349254934,1,0.25727779602080575
fov0,5787,15195.416129032257,7098.2193548387095,30.387296196855843,18.069064890447592,1.206309913849564,310,0.8040027177263888,1,
fov0,5789,15200.236245954693,7542.0097087378645,30.396244475243297,16.505437972391707,-1.2825945047866707,309,0.8397267980064084,1,
fov0,5790,15200.96017699115,5905.8185840707965,31.291698966753216,11.76592138453474,-0.843502686001069,226,0.9266165174661362,1,0.6801302089801078
fov0,5791,15229.34386852086,5018.212389380531,68.34527559937887,20.550419462564864,0.014780828256231017,791,0.953723415057168,1,0.39528266046544885
fov0,5792,15214.076923076924,12516.325174825175,49.40994392904944,10.331750750732573,-0.01443144111953005,286,0.9778936942236799,1,0.5186000225134321
fov0,5793,15211.864048338368,6448.960725075529,42.67572819701441,18.02439278587969,-0.7755706424447809,331,0.9064295667990176,1,0.5895219210635133
fov0,5794,15211.984280532044,12934.11608222491,84.59355790683306,33.887581869823094,1.1344927410027983,827,0.91625613137879,1,0.888510233540107
fov0,5795,15261.731170768084,12960.45115585384,210.0601749533813,33.67021722796506,-0.8409047839874039,2682,0.9870702187778463,1,0.7621066837999829
fov0,5796,15208.551369863013,7410.811643835616,27.56820457951178,15.443688465312329,-1.4477083065242944,292,0.8283578708858541,1,
fov0,5797,15226.140845070422,5543.982394366197,55.31167761834436,7.038138886722809,-0.4299860255730707,284,0.9918713068825181,1,0.24230030538736674
fov0,5798,15212.844,5668.2,38.55589881907862,12.2048060309442,1.5231260560128907,250,0.9485763775953943,1,0.9718624208189145
fov0,5799,15239.348643006264,13511.463465553235,79.3430901935795,20.17010441490026,-0.4720205684358988,958,0.9671480599278887,1,0.5709548077659895
fov0,5800,15210.4140625,13090.1484375,24.372442759768695,7.0276831741903685,1.3369501475495533,128,0.9575264470264169,1,1.0549082875551785
fov0,5801,15226.844186046512,13393.416279069768,46.77745861135785,12.544300244371971,-0.013159252769870422,430,0.963371670380023,1,0.17768470327004177
fov0,5802,15221.387234042553,5616.276595744681,24.770832820758105,15.389676061539953,-0.8876039083667818,235,0.7835869451803948,1,
fov0,5803,15226.202380952382,6393.988095238095,30.782699726555176,12.767376253990198,0.2659553794898288,252,0.9099316782768101,1,0.3962265159238605
fov0,5804,15272.062244062245,5334.86895986896,121.68572340896787,14.937456004558753,-0.20836161356684121,1221,0.9924370817524077,1,0.3177655545989452
fov0,5805,15224.240625,13341.453125,26.98301649339897,18.788434166182107,-1.1811628190955192,320,0.7177451243903853,1,
fov0,5806,15225.202797202797,6002.566433566433,23.97667690540673,8.19509324874239,-0.05729592782378923,143,0.9397747637638172,1,0.2493126472417163
fov0,5807,15225.066115702479,4731.022038567493,36.881765508389805,18.27278237794001,1.371890675304089,363,0.8686409179498134,1,0.5233583544149188
fov0,5808,15218.567307692309,7036.177884615385,61.47268956066988,8.770078755220835,-1.5689056406817852,416,0.9897708512862421,1,0.7800797430448202
fov0,5809,15221.759197324414,6956.401337792642,47.08218695120535,8.176371179022082,-1.4684524209615744,299,0.9848053739825597,1,0.2758777461567338
fov0,5810,15263.504927536233,6258.831884057971,177.9395394623673,27.884874943883297,1.1501030380527997,1725,0.98764468775161,1,0.7681947461399948
fov0,5811,15380.728213977567,7331.967860224331,271.94640231825747,94.61258746230499,-0.4113887936389438,4636,0.9375283260045522,1,0.3047258375394824
fov0,5812,15263.887668497255,7515.1158262606095,118.75892013969376,71.92642129440168,-0.7289917921582616,2003,0.7957306379342649,1,
fov0,5813,15243.168205128206,4868.379487179487,98.4786601020998,22.189226596423573,1.2917496503570998,975,0.9742847783924244,1,0.47316541686313485
fov0,5814,15241.870333988212,4628.929273084479,67.61395902863119,12.505855534267058,1.1320985635163958,509,0.9827461119515541,1,0.19386891467473724
fov0,5815,15231.827004219409,5858.316455696203,32.56421326856984,9.8788730155674,1.051188391203732,237,0.9528741308792199,1,0.5962248574004809
fov0,5816,15237.777777777777,6661.7037037037035,35.7584025940075,8.581329211856378,0.7064131701099384,189,0.9707776403646572,1,0.4362243966510774
fov0,5817,15265.988751406074,13313.420697412823,82.88825466543564,18.482574773185323,-0.17349554842281092,889,0.9748226008634728,1,0.42769300198412513
fov0,5819,15254.986928104576,5186.967320261438,50.95334784836439,10.439895764238452,-0.03870125652322146,306,0.9787847417034478,1,0.13113532579802475
fov0,5820,15251.760330578512,13455.154958677685,42.90136400094253,17.488256927780245,-0.1539589094556592,484,0.9131432950933492,1,0.31336604211369257
fov0,5821,15241.474452554745,4978.78102189781,22.421842599480232,8.136703072018562,0.3504375583126214,137,0.9318312794400513,1,0.12359235155496545
fov0,5822,15308.218657159834,5737.046939988117,213.11272454527463,57.6357838460674,-0.050172027985981096,1683,0.9627347504936979,1,0.5070258363859257
fov0,5823,15248.9875,5470.61875,26.333326145889515,8.217530595879259,0.2953962709902383,160,0.950062984308684,1,0.40702682788897854
fov0,5824,15255.350340136054,13274.091836734693,45.367883028072754,10.749306529510447,-0.1505823961352045,294,0.9715251433897789,1,0.42171948597964576
fov0,5825,15244.477386934674,7106.718592964824,28.940331490719124,10.658522572914864,1.3436329327854233,199,0.9297097606181506,1,1.2041074724158973
fov0,5826,15254.6038647343,13372.888888888889,28.872422148223805,9.675086831683261,-0.15541846945969426,207,0.9421833288836442,1,0.13499742709838566
fov0,5827,15255.10119047619,5507.125,29.58862302489525,7.438928049738586,-0.21145041124311476,168,0.9678802211694698,1,0.2506455372960086
fov0,5828,15249.960264900663,6635.960264900662,24.37183670579744,8.272038904953531,1.443463691117326,151,0.9406386257993508,1,0.668851834943863
fov0,5829,15262.695380774032,4468.784019975031,66.96259864854795,26.574213562569934,-1.2150826804925257,801,0.9178827908112326,1,0.832916599635242
fov0,5830,15256.4388185654,5911.303797468355,21.87796665058676,15.784528230316427,1.4906135420468534,237,0.6924346626188981,1,
fov0,5831,15254.708913649025,6982.731197771588,113.72438372905454,14.59602197073439,-1.5130733986056755,718,0.9917295055294089,1,0.3704277387823299
fov0,5832,15261.564766839378,5045.870466321244,28.88905178324708,9.832222526682576,0.013609084268158654,193,0.9403009064598796,1,0.10290057985166147
fov0,5833,15273.97312326228,5626.154772937905,100.66663898005991,32.320707678511006,-0.8932487089257172,1079,0.9470565773746801,1,0.6161956523588717
fov0,5834,15272.75956284153,7194.76320582878,46.33775713259115,35.628563420359015,1.2369424350922142,549,0.6393830195058465,1,
fov0,5835,15278.649063032368,6630.023850085179,66.74684859593098,31.750886564506292,0.9091360223928318,587,0.8796123634300248,1,0.47660043436205674
fov0,5836,15268.576335877862,7412.679389312977,36.551200399215325,10.873882515603096,-0.09850586608234387,262,0.954722667263206,1,0.5215646735614345
fov0,5837,15263.424581005587,7076.988826815643,30.45455448915259,8.52746198022952,-0.4552174178832503,179,0.9599982117091934,1,0.5913831278693665
fov0,5838,15261.47,6365.12,17.386361790439032,7.88096591110262,0.14273417460614324,100,0.8913659670395637,1,0.37598066611467845
fov0,5839,15262.547445255474,6680.605839416058,23.81437560693404,7.600641746248924,0.3454405602543482,137,0.9477002012222823,1,0.43387990695118517
fov0,5840,15263.896341463415,7554.201219512195,19.590043327178076,13.600420136904628,0.933587201724728,164,0.7197323321392,1,
fov0,5841,15279.503320053122,5850.2084993359895,78.44781871789195,18.33728340464378,0.880718743468696,753,0.9722964090849082,1,0.22232942476045406
fov0,5842,15262.554794520547,7339.897260273972,23.13474213988331,8.769010605069125,-1.3800106230697955,146,0.9253799708215857,1,0.6764806232329307
fov0,5843,15286.35652173913,5005.465217391305,39.154783112426834,19.36148933934882,0.21595826789453343,460,0.8691856332690008,1,0.08255644588651226
fov0,5844,15297.777777777777,4649.688225538972,69.04015384795923,20.04341901553174,0.7699887933769994,603,0.9569310193512846,1,0.27958661995281575
fov0,5845,15312.051569506726,4589.557174887892,86.04640795748566,33.09439845585506,0.5808760415667082,892,0.9230787333065058,1,0.24797093450421717
fov0,5846,15284.665979381443,6466.439175257732,57.07143384374125,12.185546381853912,1.2839154628422915,485,0.9769400185358502,1,0.9746799416112808
fov0,5847,15312.825537634408,13428.439516129032,141.1870118871053,76.90536285534284,1.5357418806854237,3720,0.8386273049473805,0,
fov0,5848,15289.334437086092,13208.046357615895,29.98717839942655,16.44350586585927,-0.7843083484992568,302,0.8362481326129452,1,
fov0,5849,15294.456953642384,6344.871964679912,50.13596944297738,14.518919838105655,-0.7105323688850469,453,0.9571505202620574,1,0.3369898815053945
fov0,5850,15301.857482185273,5281.135391923991,48.89205384635713,14.964680684352642,-0.386370248351186,421,0.952007104572521,1,0.20492238768918689
fov0,5851,15307.304347826086,5972.23273657289,63.80165302228595,8.677386947115767,0.22910362193808945,391,0.9907080579589157,1,0.2289816078079899
fov0,5852,15285.457627118643,13351.169491525423,15.081092085247489,11.304915287757341,-0.4378075341761834,118,0.6618814469890912,1,
fov0,5853,15452.274701411508,5651.098534201954,336.43471611545516,108.5023297294887,-0.5173268682289999,3684,0.9465673030231867,0,0.23063243876727935
fov0,5854,15296.76923076923,12869.141700404858,33.62433805266955,10.924278794455034,-0.10446047151803971,247,0.9457511202527447,1,0.4554269722083154
fov0,5855,15298.58407079646,6068.371681415929,35.89571897884497,9.169327907693804,-0.21171020497089277,226,0.9668239865230234,1,0.5640113130161304
fov0,5856,15303.323424494649,5121.89774078478,45.58935171149227,30.77559852628182,0.6328014723262415,841,0.7377618132929536,1,
fov0,5857,15294.443365695794,4967.320388349514,22.672172732884178,20.11022824757557,0.5396559685350999,309,0.4617684881791667,1,
fov0,5859,15289.659574468085,13240.691489361701,26.544767627736398,9.183607320319869,1.5351951114779074,188,0.9382467688040896,1,0.7298943416380819
fov0,5860,15293.511111111111,5802.057777777778,32.8127423214137,11.319093913715813,1.5056634205801493,225,0.9386172709676731,1,0.5301686011714648
fov0,5861,15299.344262295082,12454.672131147541,21.6356889428866,7.396415434465869,1.463127638124545,122,0.9397502401518845,1,0.9863397085330854
fov0,5862,15318.382848392037,13129.673813169984,55.02233853680743,36.09878947380542,0.02256623381889943,653,0.7546955587952573,1,
fov0,5863,15311.71174863388,5905.005464480874,52.64974337368226,21.22549452547523,1.027339615749436,732,0.915136000091393,1,0.30957581690904984
fov0,5864,15310.470099667775,13034.694352159468,114.19560894854881,21.427930099169497,-1.1553761199562675,602,0.9822374234993569,1,0.8726511943791383
fov0,5865,15309.294685990339,4859.898550724638,33.73186754591166,8.610085557031965,0.7963659178269707,207,0.9668748825343355,1,0.2736079408252861
fov0,5866,15307.317307692309,4498.221153846154,13.541602838905314,11.438832372426647,0.5169802433118766,104,0.535212024797415,1,
fov0,5867,15344.625,5834.921961325967,96.31680547380209,46.882203578551106,0.28930303570315186,1448,0.8735413284542439,1,0.3966800213736689
fov0,5868,15367.628850855746,4537.389731051345,155.7269621241827,44.84821206562319,0.2531040126431565,2045,0.9576326355846959,1,0.30074037604765747
fov0,5869,15314.406091370558,5533.4517766497465,51.34292693736169,14.138892653471771,-1.0301070941726604,394,0.9613350222281085,1,0.41918537156897046
fov0,5870,15344.548387096775,7462.340725806452,162.46306663355978,83.06252078681804,-1.4500169800529912,3472,0.8594200407283282,1,
fov0,5871,15334.693730729701,7075.175745118191,105.7548865569875,31.454455428657567,-0.4780372602516196,973,0.9547442774230986,1,0.46490784120428935
fov0,5872,15381.71875,5623.185810810811,181.40212674361786,35.30299886305874,-0.13097402137628905,1184,0.9808803381375428,1,0.3615819717047207
fov0,5873,15337.462992125984,4463.890551181103,107.23938024033068,35.4904358804059,0.5244466745487657,1270,0.943649720386489,1,0.47819814572668756
fov0,5874,15315.8125,6976.321428571428,18.456506065387046,15.652442796285323,0.13106918834230738,224,0.529881287014385,1,
fov0,5875,15438.933932346723,5173.493657505285,295.98705162510544,10.612563317029982,-0.039215225420427276,1892,0.9993570091187295,1,0.037556040884844086
fov0,5876,15356.088830584707,6545.316341829085,211.30224851056064,41.12059982891034,-1.02072412920215,2668,0.9808815740620832,1,1.0498732535827857
fov0,5877,15330.156028368794,12418.42730496454,41.20576362728158,20.105245640126462,0.25054598721469856,564,0.8728865951044634,1,0.5688449609220839
fov0,5878,15326.599483204134,6492.49354005168,64.34088576590902,14.264334740817448,-1.1796673388830388,387,0.9751150614827809,1,0.910794923731916
fov0,5879,15320.646840148698,13514.914498141265,22.22123968074035,16.18985555280327,1.0217810212449536,269,0.6849652763888137,1,
fov0,5880,15342.81690140845,6408.644366197183,79.27776914299538,19.51299571864457,-0.679003243356113,568,0.9692356770503234,1,0.5185560423236079
fov0,5881,15404.343018213356,7196.065915004337,231.74272574078628,105.67255624163073,0.22490097203577034,4612,0.8899844770067167,1,0.4098073214444831
fov0,5883,15554.716971218402,13264.245548485025,566.9128613823784,213.62148821616256,-0.4913189857536037,17129,0.9262883813930687,-2,0.3403974823666126
fov0,5884,15330.17719568567,6171.721109399075,70.73517863979232,19.842258723176666,1.2739659018659355,649,0.9598497240260537,1,0.8021719584902555
fov0,5885,15337.423387096775,4690.685483870968,35.85308617610559,10.988655080258354,-0.1179128921261217,248,0.9518734946875416,1,0.2411198765185147
fov0,5886,15355.64303178484,4763.089242053789,80.89658913579252,24.443759517987388,0.22546831233300474,818,0.9532570428199423,1,0.14455162264476992
fov0,5887,15356.735334242838,12853.338335607094,66.03224080579373,33.10588470756324,0.100776276484855,733,0.8652391292987955,1,
fov0,5888,15366.788519637463,5095.941993957704,118.03673998988339,48.024933563645675,-0.3221044368444695,1655,0.9134886180772824,1,0.1558889813622608
fov0,5889,15343.821693907876,4929.576523031204,61.425296519834355,31.368311751021615,-1.0728930403861956,673,0.8597743317348476,1,
fov0,5890,15356.221193415638,5055.052469135802,66.37102377836074,25.445872529358734,0.11825036527879594,972,0.9235872607024673,1,0.21323512480881307
fov0,5891,15347.33471933472,6287.072765072765,81.15687288157075,11.690777581178104,-1.0771502640675654,481,0.989570177328167,1,0.5784254889052458
fov0,5892,15343.058823529413,7028.388235294117,27.128392169114168,25.54870426999848,1.4877155699833173,340,0.336257906662933,1,
fov0,5893,15353.720620842572,4833.59645232816,47.23751770299369,13.385290954564706,0.3460838473029084,451,0.9590131882963203,1,0.14460533305399845
fov0,5894,15350.644295302014,12816.919463087248,42.720415019827065,12.082727776709888,-0.8076901022154082,298,0.9591692747139253,1,0.4172940379506279
fov0,5895,15374.672554347826,5552.635869565217,93.67737977565987,28.983402479086397,-0.8746761472600046,736,0.9509333006889513,1,0.2803434029666195
fov0,5896,15351.012903225806,5995.38064516129,23.370196490593187,8.854565085813745,0.4930083479038535,155,0.9254446697343168,1,0.360688955316317
fov0,5897,15356.90785907859,5939.444444444444,41.539334149481284,13.798800585388886,0.4528671558806276,369,0.9432137701460355,1,0.33524229629279556
fov0,5898,15376.333598409543,6752.11013916501,276.67571750660187,36.46089004006277,1.4125404456014214,2515,0.9912787167817204,1,0.7392085741431458
fov0,5899,15362.262762762763,6111.6336336336335,81.39611766718328,13.306591487428797,1.2037565575986098,666,0.9865467417661276,1,0.7790786119024299
fov0,5900,15391.181244364292,5260.700631199278,91.41678281522609,30.904294207548528,-0.0961653753838682,1109,0.9411248085350487,1,0.284354138050825
fov0,5901,15354.941747572815,12698.04854368932,34.530935876956484,8.647809319308465,-1.0261671482993955,206,0.9681330083229897,1,0.5113696131495391
fov0,5902,15356.595041322315,4443.735537190083,19.593328493188995,8.094170100509134,-0.22329941717570922,121,0.9106818247454861,1,0.3609030102016923
fov0,5903,15354.223776223776,5360.188811188811,24.50488626596992,7.685181754609987,-1.336426156753809,143,0.9495491228813633,1,0.5602393901453607
fov0,5904,15381.874135546335,5001.015214384509,91.28246578823074,14.988830994815629,-0.5980585845169941,723,0.9864266116554916,1,0.3187877405326163
fov0,5905,15375.301221166892,12423.815468113975,76.5221981934152,20.493928590271796,-0.7916164358526334,737,0.9634698611006305,1,0.6300488242056386
fov0,5907,15391.144212523719,5305.796963946869,58.96492158110976,13.236914195096023,-0.25535227463692933,527,0.9744768656149331,1,0.3631174635835788
fov0,5908,15485.890129259695,5128.894829612221,277.5608928804108,9.805338723963212,-0.09246158672669036,1702,0.9993758137236519,1,0.060423604415338374
fov0,5909,15374.945283018867,6199.5622641509435,51.26530707192564,14.668148651959921,-1.568510635823085,530,0.9581931002471504,1,1.0702141731715071
fov0,5910,15436.721358664365,6685.833045480714,199.84344573675213,21.989148709295833,0.8268423943575149,1737,0.9939280591919687,1,0.5785297099972774
fov0,5911,15376.298591549295,4620.112676056338,59.66603057617303,13.5730655387035,1.313534860660439,355,0.9737818252417675,1,0.6769222645839194
fov0,5912,15376.57142857143,7270.775510204082,17.350225402890235,13.554127348579916,-1.3018075278755286,147,0.624271366908227,1,
fov0,5913,15394.36403508772,5383.0,50.12197715514243,12.952695645919512,-0.0233709853976514,456,0.9660317314511316,1,0.36214943900455676
fov0,5914,15380.03947368421,4690.4473684210525,22.233800410833926,10.068681189602202,-0.21664059190139248,152,0.8915843277960994,1,0.39898785041158974
fov0,5915,15414.098425196851,5973.284776902887,119.61483117319578,22.62195797834386,-0.737300191180888,762,0.9819533376025553,1,0.49859547196004256
fov0,5916,15380.612244897959,6310.3877551020405,30.844567939822625,13.37730617130189,-1.2064397518015224,245,0.9010570627671217,1,0.2927847374392006
fov0,5918,15404.31409001957,13293.281800391389,69.81134317202428,56.36924795891151,0.17602914873254089,1022,0.5899344641717882,1,
fov0,5919,15418.839530332682,4429.058708414873,90.53577910248296,29.479026164918075,0.5323226070940118,1022,0.9455054169199268,1,0.2028544677190302
fov0,5920,15411.277906081601,6394.241724403387,125.38464183661559,25.174017429252476,-1.123635040504205,1299,0.9796375189334218,1,0.618959651883974
fov0,5921,15383.671875,7094.5,22.270425333963303,7.733401528070655,-0.5929339244501503,128,0.9377726547099925,1,0.21775420388844985
fov0,5922,15386.08396946565,6083.164122137405,33.951847677287475,15.245923120888081,1.3359489805941538,262,0.8935089105277337,1,0.7471542867255382
fov0,5923,15410.364197530864,4814.30658436214,67.2705993836952,10.540690735347784,0.1454451676024989,486,0.9876476912222064,1,0.0580633816830628
fov0,5924,15417.190031152648,5205.271028037383,73.26371072814891,12.654880748160009,-0.1344964065458064,642,0.9849691155136739,1,0.04101892730486534
fov0,5925,15389.91791044776,4934.223880597015,18.750800676478015,10.055328678297624,-1.119330449772851,134,0.8440520256720404,1,
fov0,5926,15401.685258964144,4660.5697211155375,34.543551333815884,13.22185107249331,-0.2370493862782519,251,0.9238482768357529,1,0.43436851101226187
fov0,5927,15397.005714285715,12448.26857142857,26.273430680134197,10.206059799095529,-1.150002744797641,175,0.9214674658321251,1,0.5728133099794781
fov0,5928,15399.61344537815,5427.73949579832,20.132955627763888,7.712977898492858,-0.4109389590513777,119,0.9237059969830069,1,0.26098503401511525
fov0,5929,15399.083333333334,13239.028846153846,31.517021212347483,13.57747476428265,1.2079772626838556,312,0.9024483059250894,1,0.6145061880162009
fov0,5931,15405.225806451614,6957.314516129032,23.160886359315256,7.247733340595438,-0.5798051590209716,124,0.9497762323380553,1,0.2557313658756776
fov0,5933,15407.00578034682,7059.028901734104,29.55148238066668,8.842359358373649,-0.8330366013248657,173,0.9541845232535691,1,0.1245836717499733
fov0,5934,15424.4225,4850.4875,52.69048299361254,11.771762905352277,0.06857113145174457,400,0.974723769929678,1,0.18449429514045546
fov0,5935,15442.525802519302,7109.247866720845,104.39381202344528,72.25335038339729,1.2322187177646258,2461,0.7217796468643556,0,
fov0,5936,15500.464415584416,7419.885454545454,237.40680348549353,66.32040870703987,-0.31467314039366967,3850,0.9601883419888935,1,0.14692569059802618
fov0,5937,15472.255652173913,12407.377739130436,157.55423901597553,65.01727534601942,0.5273421306310431,2875,0.9108824206447012,1,0.65042816628321
fov0,5938,15465.622461170848,5492.250896057348,149.6089762132912,13.987801854488845,-0.05012644830819427,837,0.9956196797526955,1,0.24551315094597148
fov0,5939,15408.534161490683,12672.285714285714,20.727096237393308,11.912489559056066,1.096391833121755,161,0.8183429109791683,1,
fov0,5940,15458.899883585565,5460.043073341094,127.34249940039757,16.142713371663547,-0.12380595792458633,859,0.9919326354073857,1,0.17009830546125218
fov0,5941,15437.085750315258,6811.141235813367,172.82651978143826,64.35093105196844,-1.2055804030846844,2379,0.9280947624312434,1,0.9345432454381691
fov0,5942,15436.039145907473,13156.508896797153,60.11514493738658,14.485032348622104,-0.26872944035379104,562,0.9705363400599947,1,0.4100633377411759
fov0,5943,15415.972727272727,6569.627272727273,21.29598293662461,7.283295958506133,1.465829423009527,110,0.9396987593311896,1,0.8705597960310504
fov0,5944,15438.125,12481.645454545454,61.38908535533431,9.963152819841307,-0.5614638071504683,440,0.9867422529170811,1,0.612930734793165
fov0,5945,15421.518134715026,13409.658031088084,34.78072274576183,18.01467753116168,-1.4992517757392654,386,0.8554108559181914,1,
fov0,5946,15430.010344827586,4480.7827586206895,39.21432815226696,11.435742475807249,0.6293239669561176,290,0.9565337849347457,1,0.3529581823392821
fov0,5947,15426.241935483871,12899.225806451614,37.01511415701398,10.836018882077207,0.6678702552781156,248,0.9561903062182953,1,0.6328999914075876
fov0,5948,15426.064903846154,6159.692307692308,29.175847169903932,22.8236394578481,1.5581836209484834,416,0.6229287825519934,1,
fov0,5949,15434.628834355828,7391.193251533742,45.28982424351079,9.913397869226953,-0.6228993993245292,326,0.9757499960850299,1,0.24848870017559072
fov0,5950,15463.244953627933,12812.528641571194,142.84985956672057,59.452159749826194,-1.0657724998784093,1833,0.9092793482490074,1,0.6721448510688138
fov0,5951,15438.522613065326,6253.479899497487,41.561796661839544,19.683919414128166,-0.045631537093221146,398,0.8807367853700466,1,0.6602432946412271
fov0,5952,15457.749163879598,4371.016722408027,90.99373447119632,45.99736813292226,-0.40658688718008035,1196,0.8628263771769369,1,
fov0,5953,15434.032863849765,13366.384976525822,25.586898652202986,16.31992237752983,1.2080036603342605,213,0.7701826576731086,1,
fov0,5954,15439.586206896553,5865.076628352491,29.169713857996832,13.798605978366293,-0.08974512869799511,261,0.8810379230770271,1,0.5514567199500875
fov0,5955,15436.916256157636,6045.406403940887,58.158653104032325,17.274328956939197,-1.0741464011606732,406,0.954871013105906,1,0.8983637304158338
fov0,5956,15437.983412322275,6311.248815165877,43.35903467327616,17.29871704763403,-1.183672748229436,422,0.9169663575590047,1,0.2934791884501033
fov0,5957,15478.338039867109,5098.883720930233,102.60854657094627,20.3812411444666,-0.12529833213273442,1204,0.9800743413094076,1,0.054374741686063814
fov0,5958,15440.078125,6919.3203125,21.875737061698143,7.588667221254757,0.40595407670005407,128,0.9379025607736873,1,0.641387652229311
fov0,5959,15448.672413793103,13255.423645320197,30.293936387194414,22.085684930175425,0.7172535081847412,406,0.684464288884722,1,
fov0,5960,15445.876623376624,5407.415584415585,32.69874690772494,12.799882169525521,-0.43604194749302483,308,0.9201999296125767,1,0.14019571764462388
fov0,5961,15440.209302325582,6515.906976744186,66.23087704587904,12.657157900692194,1.4523643076065964,430,0.9815692876387042,1,1.0757357940606298
fov0,5962,15583.189049980923,5025.347577260588,308.3161052698018,95.60056497707241,0.020893525450922483,5242,0.9507126818295942,1,0.060054472736023747
fov0,5963,15472.044329896908,12657.49587628866,118.57221930984514,12.615290215851376,0.9725520333422454,970,0.9943241246146196,1,0.6699217136437104
fov0,5964,15457.321022727272,4762.951704545455,46.066885956314195,13.320230361483352,0.10839790372271924,352,0.9572838656476266,1,0.11544755899285583
fov0,5965,15450.40108401084,5261.09756097561,32.63631416097688,19.157982210485837,0.3709732410778117,369,0.809576583170515,1,
fov0,5966,15447.276995305165,5799.55868544601,26.22004152145448,12.394017631443106,-0.835279157265699,213,0.8812274262884393,1,0.6601339549780008
fov0,5967,15461.350852272728,4606.758522727273,56.25090727664676,39.1924294917957,-0.14368867274983183,704,0.7173207808863965,1,
fov0,5968,15476.916430594902,5561.810198300283,92.88265367897533,73.37857554815352,1.4546754222103415,2118,0.6130890968686286,1,
fov0,5969,15506.867505551443,5349.065877128053,152.50238615238376,18.13490329067568,-0.2964554231755584,1351,0.9929043734569012,1,0.289286108155265
fov0,5970,15457.732804232804,5305.962962962963,39.83831201034618,13.703538925646859,-1.1836798847529726,378,0.938977376300271,1,0.42642953620955976
fov0,5971,15475.922298152367,6298.842065299924,406.4899749892273,45.78572271434145,-1.4644215395151081,3951,0.9936362288743573,1,0.7824615625890179
fov0,5973,15456.707692307693,12522.184615384615,15.929432312200312,11.786660916482711,0.3929672782260934,130,0.6726841462371316,1,
fov0,5974,15474.160714285714,4703.627232142857,67.86681577347785,12.435325845596736,0.5374791953525019,448,0.9830698273733837,1,0.5738334498246709
fov0,5975,15503.788588149231,12578.013167520117,145.31656477601337,29.178095943128437,0.6527884467790457,1367,0.9796343313454866,1,0.6038156129744751
fov0,5976,15465.299727520436,5758.239782016349,43.930868060418625,11.808392806879384,-1.2677907244197155,367,0.9631974395791978,1,0.40080353544047126
fov0,5977,15579.704237146207,6922.6812929157595,313.0931196066715,236.27085835356763,0.10735008549033197,11942,0.6561454308553004,1,
fov0,5979,15468.194092827005,13183.084388185654,26.73753413356266,18.79400378881577,-1.3625094232285784,237,0.7112816215523465,1,
fov0,5980,15474.331428571428,4886.342857142857,31.548561342524316,7.601405863031607,-0.09247717371200422,175,0.9705392613419802,1,0.16169920317641845
fov0,5981,15497.447344734474,6526.909090909091,139.56186027229816,16.4494435182926,-0.88673416493345,1111,0.9930296407218158,1,0.9567535859463645
fov0,5982,15472.660633484164,13101.746606334842,32.33253247534221,11.572698098282398,-0.520523927742493,221,0.9337494324434451,1,0.559713261581628
fov0,5983,15485.559036144577,4844.320481927711,54.736996091125064,11.814356667730332,-0.5915431295218111,415,0.9764290543872046,1,0.310531353711377
fov0,5984,15471.474226804125,5241.541237113402,19.265826727339125,15.153046778315842,0.506606574325995,194,0.6175589396698955,1,
fov0,5985,15470.343347639486,12995.30042918455,43.79344952612699,9.862837160946993,1.4614117244610387,233,0.9743096424381859,1,0.6656736151813015
fov0,5986,15496.49175257732,4523.739175257732,68.31791993164957,29.66425679909777,-0.4267793909957665,970,0.9008121503909642,1,0.35283231778906243
fov0,5987,15475.891304347826,4735.478260869565,22.81453315631411,8.42678019373255,0.19254918880340646,138,0.9292863140758286,1,0.44267091417936844
fov0,5988,15491.174647887325,13376.90985915493,59.34030318948355,10.05242390404635,-0.6144682741151781,355,0.985546869522154,1,0.5341747716359854
fov0,5989,15491.568181818182,4642.595454545454,50.72487775288929,11.761388014550715,-0.2655052567117705,440,0.9727476725948566,1,0.2987936808083629
fov0,5990,15500.487489911218,12851.188861985473,91.03905178864953,47.755217323834394,1.1891760292524074,1239,0.8513750232246973,1,
fov0,5991,15477.661016949152,4465.949152542373,15.523839620766559,10.728307674572434,-1.2036926904437624,118,0.7227725713477614,1,
fov0,5992,15491.185483870968,4800.903225806452,40.08774837037859,9.429595946206438,0.2522225492816468,248,0.9719412140304161,1,0.4970136031137145
fov0,5993,15486.622009569379,13133.172248803829,24.605507772083055,12.973274539470452,-0.3849864717115306,209,0.8497096892998672,1,
fov0,5994,15525.575386597939,4424.688144329897,94.57404957072967,50.82006959667418,0.8699477701276647,1552,0.8433545973092111,1,
fov0,5995,15496.437947494034,12492.23508353222,82.24138548154805,31.13049889730464,1.5423657217543267,838,0.925590677433545,1,0.9184418621047966
fov0,5996,15493.55612244898,4928.071428571428,32.49870899834418,8.316926888852187,0.06412689088992969,196,0.9666991265770699,1,0.31401996444687147
fov0,5997,15543.80421686747,12745.549866131192,173.5417950014685,90.7152041400663,1.4065752729589713,2988,0.8524993516126885,1,
fov0,5999,15488.564705882352,12613.041176470588,24.38509069272498,9.742704608272192,-1.4000694476261524,170,0.9167178090010926,1,1.0695673587198706
fov0,6000,15530.866760168303,5896.540906965872,184.22618109954865,68.15190395455336,-1.4925592420379632,2139,0.9290572243361495,1,1.04897297345649
fov0,6001,15502.23552631579,5277.840789473684,64.81418699024587,29.10121417017655,-0.9047046446025556,760,0.8935345149548943,1,0.2606794260955102
fov0,6002,15534.49912891986,4586.8771777003485,89.85892830490538,39.24340095688416,0.09276936525739943,1148,0.89959635528009,1,0.20344694908074296
fov0,6003,15494.091836734693,5872.0544217687075,48.343606025595484,8.682954400137946,1.3929167641068612,294,0.9837380495642338,1,1.1876573441531832
fov0,6004,15509.284188034188,13168.536324786324,40.508607910720286,27.908199028273028,0.35911460070446977,468,0.7248137125428861,1,
fov0,6005,15506.058823529413,5381.155080213904,30.034280709698443,12.989679268149388,-0.6506546958726422,187,0.9016362834511458,1,0.17125592210473375
fov0,6006,15499.622881355932,6380.796610169492,37.655113324493406,9.063008167782495,1.3098024928975072,236,0.9706033660485707,1,1.294616617209587
fov0,6007,15507.086230876217,6099.009735744089,110.6191975725884,10.06799055301426,1.5359056679336398,719,0.9958495346352907,1,1.1031430153139508
fov0,6008,15538.58413926499,4952.967117988394,65.44401422870793,11.439131066310447,-0.1504060765737894,517,0.984605270193138,1,0.07020142890269071
fov0,6009,15534.40031152648,6684.03660436137,82.44093846697946,40.270073543432055,1.5146337493579458,1284,0.8725796819511457,1,0.7145404291265511
fov0,6010,15524.136842105263,7352.708270676691,45.44659750322897,24.87577363296327,1.4384161108524642,665,0.8368954790807135,1,
fov0,6011,15530.130841121496,7029.785046728972,66.56091138569053,8.941979053050591,-0.809853217380148,428,0.9909349185017122,1,0.35288043494715
fov0,6012,15568.017710049424,7298.9546952224055,101.8160962493771,88.91445756970816,-0.4523347324413599,2428,0.4872099294656694,1,
fov0,6015,15525.095427435388,4728.147117296223,53.49032929015163,24.591178778683464,-1.541146734366775,503,0.8880580662923154,1,0.8643654356966346
fov0,6016,15534.55206286837,5414.168958742633,48.072874101633744,24.469933232722003,-0.1073111199221471,509,0.8607561821038942,1,
fov0,6017,15529.396984924622,13121.587939698493,30.57459377348146,9.016800857046034,0.3355448560330462,199,0.9555245561233157,1,0.4492937908935413
fov0,6018,15542.387951807228,6178.368674698795,55.0235645117919,24.7083796368103,-0.324355332091761,415,0.8935061914481768,1,0.6818437045816375
fov0,6019,15529.6394485684,6285.104984093319,95.34182750832069,14.516816040545262,-1.5529292457987165,943,0.9883403618126057,1,0.783814769324864
fov0,6020,15540.70314637483,13376.861833105335,49.14438094338876,23.528678143236323,0.35200930763800414,731,0.8779423319059037,1,0.5394854048759188
fov0,6021,15589.08251324754,5453.27441332324,141.5356606924937,71.76162844289748,-0.44690021026037735,2642,0.8619333845804339,1,
fov0,6022,15533.674603174602,5201.214285714285,19.390839929853428,9.809850666562888,0.16491355672692637,126,0.8625913857484214,1,
fov0,6023,15529.41884816754,6016.90052356021,32.23014593767819,8.443905711365087,-1.496664273337998,191,0.9650711795197858,1,1.0708776053552118
fov0,6024,15569.902540302883,6322.1055202735715,380.0377912466399,44.27807006250327,-1.3323858008821257,4094,0.9931895596743331,1,0.9799109209044036
fov0,6025,15634.47813247082,12548.433413022078,323.46523593204483,118.49378740911361,0.8123744677698411,7111,0.9304864978453864,1,0.2984740094421031
fov0,6027,15555.394213381554,12988.647377938518,78.12728850210388,13.029034102084214,0.795296952595608,553,0.9859963745446124,1,0.6983061275509557
fov0,6028,15541.53038674033,12644.325966850829,30.136590436869575,8.058784098605843,-0.19907462759494401,181,0.9635832238414253,1,0.5935975418142888
fov0,6030,15537.73275862069,13063.155172413793,20.868758327204954,8.505662425728664,0.01626262866125571,116,0.9131700623841019,1,0.37240953241928143
fov0,6031,15538.121212121212,4146.689393939394,20.05810582333078,9.705499731166396,1.1391522527666267,132,0.875140326943931,1,0.8079873134975305
fov0,6032,15544.27868852459,5745.065573770492,28.72659068998235,8.858723181207187,-0.6103396588830541,183,0.951263059049892,1,0.4899428726429786
fov0,6033,15645.158842794759,5202.702783842795,229.08458739513566,70.42393621652126,-0.041306449681865864,3664,0.9515756891135764,1,0.17756000328807667
fov0,6034,15602.791122715405,4526.366405570061,138.48731366767066,60.2392249044355,0.3351627015755271,2298,0.9004400683255502,1,0.26558080606309825
fov0,6035,15549.349514563106,5101.582524271845,16.100102924705496,8.615004380769745,0.7178623162847426,103,0.8447950470425427,1,
fov0,6036,15550.089285714286,13032.223214285714,17.232292938071474,8.716678154875035,-1.0319925598992419,112,0.8626308904512857,1,
fov0,6037,15552.910447761195,4706.164179104478,20.54059910671034,9.21883315802054,0.5434991607606665,134,0.8936270382849334,1,0.6558833484803102
fov0,6038,15554.811764705883,4642.870588235294,21.167115299592712,11.415706329483724,1.101921900338415,170,0.8421052123150973,1,
fov0,6039,15559.232653061224,4850.236734693877,33.138813697748034,12.084361990403536,-0.9737961343359598,245,0.9311411904646396,1,0.42606704726778677
fov0,6041,15605.211989100817,4363.748773841962,156.07650124012,113.77360354916993,0.31283169717861564,3670,0.6845557663343377,-1,
fov0,6042,15563.147826086957,6549.991304347826,35.14919694631937,9.064530438079998,-0.898894534555617,230,0.9661750131558795,1,0.698166015063518
fov0,6045,15615.880869565217,5244.811304347826,122.53395282180253,21.316184533507307,-0.21512653564269824,1150,0.9847524626540376,1,0.19123413970989595
fov0,6046,15587.094922737308,5370.653421633554,63.75960664396612,24.762754122533003,-0.5339249003276566,453,0.9215006431550685,1,0.146197195202901
fov0,6047,15568.984126984127,5707.587301587301,21.550200092308174,8.025913070636225,-0.4129328068841449,126,0.9280608068180429,1,0.4938291395997207
fov0,6048,15578.859701492538,4763.817910447761,54.42937349887648,9.870245017076604,-1.0101986342264715,335,0.9834203856759768,1,0.5915098672409786
fov0,6049,15576.6796875,5302.5703125,24.715792613603757,7.265252394537303,-0.1464668622423316,128,0.9558202359246201,1,0.21418106411528712
fov0,6050,15578.511111111111,7097.427777777778,23.745950743008184,14.309280286687194,-0.4675205465943079,180,0.7980443245147825,1,
fov0,6051,15570.961538461539,12697.451923076924,20.00020341017332,7.206331428966999,1.2490138981951526,104,0.9328315009334005,1,0.4778657146375504
fov0,6052,15596.22205954124,4151.502196193265,101.82082162713876,48.900838441804545,-1.3402357016518653,2049,0.8771241849996376,1,0.9124819146687283
fov0,6054,15616.717520215634,4672.4242587601075,102.45112353514034,59.48320898065029,-0.5207229918882889,1855,0.814188342966456,0,
fov0,6055,15590.211068211069,6857.406692406693,102.82259530856436,17.692068471821194,-1.2843254628912961,777,0.9850857704328053,1,0.9976667920372364
fov0,6056,15585.385012919896,6037.876830318691,79.2549114079976,25.588671301778007,1.4989062696680433,1161,0.9464448806299232,1,1.0686737659125058
fov0,6057,15581.190990990992,6710.586486486486,113.19945249231486,14.671615847617796,1.556682304645823,1110,0.9915652405025714,1,0.8494967954244226
fov0,6058,15617.672960725076,12671.743957703928,115.41081310363286,28.159682296563396,0.5312628424623836,1324,0.9697764440211099,1,0.2735905056954436
fov0,6059,15616.842939481268,12613.942363112392,89.53399827926422,20.484598362287866,0.2666025076013133,694,0.9734754997950882,1,0.31123739532389955
fov0,6060,15613.555737704917,4946.772131147541,92.85172394329153,12.458382418980442,-0.13908599043062542,610,0.9909576492250276,1,0.23533090393366884
fov0,6061,15585.931623931623,13098.07264957265,29.316488376268264,12.711445178522585,-1.0891994157657907,234,0.9011084774664792,1,0.5335762099128023
fov0,6062,15591.817927170869,6471.677871148459,45.56578903557823,14.37550082972508,1.021132133682881,357,0.9489292658744186,1,0.7783760658674916
fov0,6063,15592.938502673796,4615.176470588235,37.25384049242481,13.242254106195329,-0.36022559396555104,374,0.9346914532293443,1,0.3076584641744966
fov0,6064,15580.906779661016,7039.35593220339,21.30422863649431,7.21329290781847,-1.4880572130103615,118,0.9409357985312026,1,0.33184332596078003
fov0,6065,15583.317757009347,13225.485981308411,20.305773420745115,6.944431829400495,-1.1575433965278648,107,0.9397025093843452,1,0.48719483443399164
fov0,6066,15604.487603305784,5089.484297520661,51.79943231029324,16.549625202632363,-0.01892705336743766,605,0.9475881856670428,1,0.1795112434463421
fov0,6067,15625.099415204679,5147.87134502924,82.30455406684685,33.37181090357422,-0.6738408524748456,684,0.9141095194609705,1,0.295491011101564
fov0,6068,15602.783333333333,4872.0,24.88925860178143,13.102854889437227,0.09202982145478968,180,0.850208462120065,1,
fov0,6069,15611.490304709141,7062.5069252077565,37.028056742293884,30.82073932422265,1.3159956924232985,722,0.5542326790325515,1,
fov0,6070,15609.52140077821,4580.498054474709,23.920775418662018,16.572186456323305,-0.5939316675207116,257,0.7211348709663413,1,
fov0,6071,15606.876160990712,5802.538699690403,55.15509706931772,8.325356550258025,1.2114438487090025,323,0.988542244349197,1,1.0806115940925818
fov0,6072,15608.869047619048,4402.630952380952,22.76413442358729,10.258919587869915,0.6374970833337178,168,0.8926949018433137,1,0.39111195627645945
fov0,6073,15748.438137412775,4439.294685990338,330.77405101826037,105.20104089461108,-0.21080466691869149,7452,0.9480756103293002,1,0.3437528926176318
fov0,6074,15606.372093023256,6340.474418604651,25.303106663612983,13.015968778809713,-1.374896238564462,215,0.8575491695136432,1,
fov0,6075,15608.788944723618,6781.08040201005,52.14711151630604,10.90218300955239,-1.2431394559244717,398,0.9779015532196568,1,0.9956308790203542
fov0,6076,15619.0122029544,4294.061657032756,103.02409203655795,30.277928538365114,1.3472791948248286,1557,0.9558387163215324,1,0.7636886624859544
fov0,6077,15638.59286367795,7279.863677950595,65.53413454542746,51.50389878095743,1.2134530167409043,1093,0.6183415407276622,1,
fov0,6078,15652.086387434554,6864.909685863874,89.57121108262278,26.394005422402568,-0.5993364377310034,764,0.955598879420293,1,0.5671609746626858
fov0,6079,15645.604519774011,7094.079096045198,81.61142312711482,28.64276646414229,-0.5781031007085519,708,0.9363885165809978,1,0.5967535785524416
fov0,6080,15620.354354354355,6299.714714714714,35.68463304597815,13.136550628226358,1.5514267414592273,333,0.9297746989891253,1,1.286935862748682
fov0,6081,15624.226851851852,6180.12037037037,30.960644464852198,12.043668393295144,-1.307176436209773,216,0.9212380585156678,1,1.035235362336957
fov0,6082,15636.435416666667,4226.054166666667,42.48040425090507,16.164825211678952,0.24072686970372334,480,0.9247709299432163,1,0.5460567642203614
fov0,6083,15621.85352112676,6109.76338028169,43.37659883604999,12.258391979061502,-1.5501902423816012,355,0.9592367216157016,1,1.1283178494252013
fov0,6084,15621.688073394496,6541.651376146789,19.687892398088724,7.696371093086823,1.0838309023417898,109,0.9204250865860945,1,0.986221340393897
fov0,6085,15648.131260794473,4029.6459412780655,65.09325092508496,28.437855839349698,-0.7176316223544308,579,0.8995204211751594,1,0.6641877047122542
fov0,6086,15653.162995594714,5944.805800293686,251.73063394214222,66.69556360185985,1.3683116140729814,2724,0.9642626625340331,1,0.8822167207252084
fov0,6088,15626.128712871287,5279.950495049505,17.087228913412655,7.686914907852304,-0.08155126333125971,101,0.8930974926138622,1,0.21920268859394382
fov0,6089,15639.282608695652,12910.321256038647,70.96967133605287,9.106443060531856,-0.9936058493673428,414,0.9917335178375738,1,0.5177881503047036
fov0,6090,15681.191609267376,6273.934877896055,275.41868843153196,64.9135718442909,-1.3718275993943707,3194,0.9718281650016481,1,1.0308607441716024
fov0,6091,15647.563701923076,4743.639423076923,65.45983309102434,28.528320547411926,0.6930144773676916,832,0.9000366879076127,1,0.6051848701296979
fov0,6092,15636.923588039866,4830.996677740864,31.20839576746545,14.72952978597795,0.14600998549580563,301,0.8816128382623236,1,0.35634270578385985
fov0,6093,15633.808743169398,5364.890710382514,27.20492007851467,9.318358019752983,-0.6343883908446923,183,0.9395088112614293,1,0.12617851140454772
fov0,6094,15652.870641169853,7340.424071991001,82.6775164730915,21.390070270520553,-0.7814235722154171,889,0.9659531917892801,1,0.6001355062081178
fov0,6095,15637.6,6417.229268292683,27.93223595392358,10.75849752404296,0.33177622173865723,205,0.9228480553614565,1,0.6843795719704461
fov0,6096,15649.609657947685,5547.247484909457,49.98158377462543,21.04992846892154,0.5062731978339792,497,0.9069892881895273,1,0.6261589912089519
fov0,6097,15635.33116883117,4190.214285714285,19.25484783105248,11.43055030633971,1.4718907896569762,154,0.8047268069275746,1,
fov0,6098,15656.234352256186,5379.91557496361,83.44125298736132,28.07454796350598,-0.943968103894491,687,0.9416981696562567,1,0.24222442248792994
fov0,6100,15658.532038834952,4085.7359223300973,48.15972537130918,26.4567405693519,-0.5305941011332164,515,0.8355896833118732,1,
fov0,6101,15646.252707581227,6638.747292418772,45.92149106305527,8.505031306695281,1.2163883522217793,277,0.9826993264298369,1,0.9257144136249138
fov0,6103,15666.997336884155,5305.91344873502,98.60919691665599,23.375697269157477,-0.9447552169878006,751,0.9714964931312257,1,0.230225068824039
fov0,6104,15646.482051282052,7127.389743589743,33.59153539777833,7.8905242887548015,-1.0599546471529853,195,0.972020458337374,1,0.6805281561680948
fov0,6105,15732.7234375,4593.619270833334,185.43145889157208,77.87659675692333,0.16745234331256387,1920,0.907535624450266,1,0.372295967952658
fov0,6106,15684.332061068702,5735.808396946565,146.25607558100634,35.056763599045055,-1.1154457692268025,1310,0.9708483868731268,1,0.616231932231638
fov0,6107,15693.835558678848,5088.357695010541,137.018625994558,24.003417672437816,-0.013486082991884987,1423,0.9845357801756478,1,0.1814301348895161
fov0,6108,15665.349494949494,13164.846464646465,52.193998978316856,14.99091994282083,-0.09928893183928147,495,0.9578660229225872,1,0.49365717435893414
fov0,6109,15656.527896995709,6217.596566523605,157.2931776222095,17.5587116281354,1.5303122689306385,932,0.9937497862977271,1,1.273419321300178
fov0,6110,15652.154761904761,6584.755952380952,26.478395419029983,8.8660040198873,-1.324478972685554,168,0.942275293287851,1,0.9139283124258669
fov0,6112,15658.90990990991,4157.714714714714,21.726176060713907,19.57523587940096,0.578508360847651,333,0.43382374704186094,1,
fov0,6114,15662.487055016181,6510.4514563106795,91.31592993639474,11.951413431420029,-1.330093862042506,618,0.9913982398461407,1,0.9393195726639018
fov0,6115,15663.25968992248,6108.3010335917315,74.08216582119616,15.678665180410293,1.5337848275947192,774,0.9773479383499529,1,1.04830791359039
fov0,6116,15681.887559808612,6631.717703349283,61.14975236185398,11.400319340214383,-0.3379804466006084,418,0.9824677156916225,1,0.601762000872545
fov0,6117,15668.621118012423,4842.900621118012,24.894341468336357,8.600348110263688,-0.019682317475529437,161,0.9384283161835837,1,0.41756736488045837
fov0,6118,15821.18552983599,3992.4234616726767,390.9656297013986,206.19415746308476,0.3959098620492531,17194,0.8496188851010416,-2,
fov0,6119,15841.977783030017,4317.758804065233,530.0407719196113,93.2255582770293,0.1030614278914692,8462,0.9844109440230251,1,0.15548647031063978
fov0,6120,15681.954337899544,5488.667808219178,102.09795713975659,16.201300502877665,1.2619936958017133,876,0.9873294407641874,1,0.651543936148785
fov0,6121,15684.75720164609,7285.724279835391,42.4577784635993,7.864105302274357,-0.4669269647802829,243,0.9826967447845415,1,0.586524303479958
fov0,6122,15692.437799043062,4698.124401913876,67.36160683774649,10.162276891926211,-0.4990595449985496,418,0.9885549001491806,1,0.3989103226046279
fov0,6123,15712.866790009251,5470.104532839963,160.96725924587614,27.648286556122414,1.1150996610078148,1081,0.9851382280692941,1,0.6045895230457506
fov0,6124,15675.972972972973,7256.54954954955,16.68294362066337,8.73676856530275,-0.7448766649739446,111,0.851906038354844,1,
fov0,6126,15752.14427480916,12742.094147582697,211.09247672050904,99.52915262597473,0.2748021395468886,3930,0.881868467808183,1,0.42745011828718266
fov0,6127,15711.331746031747,13125.604761904762,84.30257178366247,44.913216826868265,-0.4774093042433326,1260,0.8462650435732321,1,
fov0,6128,15737.553028855342,6446.970762468947,212.51480806037242,118.30599495979321,1.1926010790581685,5233,0.8307167641653765,1,
fov0,6129,15700.550125313282,7007.56015037594,100.5069732566476,22.15834135462308,-0.9489181449787729,798,0.9753947252877218,1,0.2139705549749466
fov0,6131,15722.680991217065,7197.599749058971,229.7543899148238,84.79809130579251,1.5432493310856867,3188,0.9293970399033794,1,1.2335160344634852
fov0,6132,15735.068992009834,5923.419330055316,299.730425773924,126.46092513505151,1.4992657416512118,6508,0.9066351389414278,0,1.0932219271074408
fov0,6133,15705.21975582686,4929.534961154273,54.68282342158239,26.804796941798504,-0.5435949957065966,901,0.8716174184612644,1,0.39293981354554686
fov0,6134,15786.343163538873,4697.93655049151,262.1159745268421,22.577086976765,-0.392457459085993,2238,0.9962835644842448,1,0.11630561899371032
fov0,6135,15699.26511627907,5117.939534883721,33.222424645568125,9.091727610601449,-0.3105796162930447,215,0.961825818356949,1,0.13304852483613366
fov0,6137,15720.113020833332,4203.6015625,92.96079743232235,34.12495258620324,0.7303991752541382,1920,0.9301855414546993,1,0.2257270584301194
fov0,6138,15710.432960893855,4555.82122905028,47.876178725463575,11.74795790438667,0.25995984732704014,358,0.9694264379283203,1,0.3708088306898252
fov0,6139,15705.16,5365.905,43.18212560684247,20.21360997137522,-0.8634652107442026,400,0.883674801479104,1,0.19505293723891506
fov0,6140,15710.17730496454,5583.458628841608,57.61328082558456,10.307784268551385,-0.8047999008781775,423,0.9838648373698979,1,0.7915244222665788
fov0,6141,15742.837656903766,5006.185774058577,134.58598556943014,27.05509860915964,0.8642113899990029,1195,0.9795861861883639,1,0.767082972526938
fov0,6142,15700.297520661157,12860.537190082645,15.124150037580229,11.038782412703082,1.0917076382464692,121,0.6835775706567191,1,
fov0,6143,15720.724731182796,4764.8494623655915,49.23889198973939,15.08013020653549,-0.41999510934199563,465,0.9519464200993673,1,0.437160067588809
fov0,6144,15759.023243801654,4147.263946280992,152.9385042000234,32.421751113802706,0.3436174172986734,1936,0.9772713847307286,1,0.1051138251189502
fov0,6147,15726.340494092374,13040.757250268529,63.7873899025997,23.773037715261143,-0.7551105420021414,931,0.927955179804218,1,0.19467047793240708
fov0,6148,15721.653846153846,5850.942307692308,39.38566290226507,8.908029507236966,-0.6893850288482996,260,0.9740868191451415,1,0.8950902833564208
fov0,6149,15719.248484848486,4842.59393939394,27.301142953999594,8.263299613008757,-0.5255913724846265,165,0.9530946864914205,1,0.3517293659521578
fov0,6151,15719.828358208955,6593.261194029851,38.425635026948406,13.9935016677866,-0.9569237997471937,268,0.9313321039208139,1,0.5799099760333271
fov0,6152,15730.518518518518,5148.061728395061,43.59835629740346,14.844239380356747,-0.0615246952695014,324,0.9402528298247571,1,0.16196718391087275
fov0,6153,15747.76370510397,5305.78449905482,84.2630575118786,47.05083020485902,1.128496903138931,1587,0.8295851104711977,1,
fov0,6154,15726.76724137931,5386.560344827586,26.86381853756264,12.098581802952655,-0.1264676511332317,232,0.8928434445361974,1,0.4338018889383415
fov0,6155,15720.625954198473,5653.87786259542,22.386796874439558,8.236200387151838,-1.3943860332942468,131,0.9298636324594203,1,0.5023928402923512
fov0,6156,15722.869565217392,4801.182608695653,23.38495497636777,6.542759301607564,-1.5513976385699195,115,0.9600626862797207,1,0.5499872008922438
fov0,6157,15821.731010752688,12966.308903225807,304.01583059110027,183.18418959222822,-1.4019151975703068,11625,0.7980824983771583,-2,
fov0,6158,15724.266055045871,5722.926605504587,19.876262763446526,7.140131719656903,-1.4156478371678793,109,0.9332494110707018,1,0.2488933272907404
fov0,6159,15871.053033922599,6732.636725593247,335.85434552546565,109.35785396800131,-0.33252635819322496,6279,0.9455038373319767,-1,0.33343367998419926
fov0,6162,15739.895604395604,4101.417582417583,20.829527633047725,11.658201192649596,0.8077184024616377,182,0.8286980757384228,1,
fov0,6163,15738.022421524664,6858.053811659192,31.057438347054138,10.642582237396471,1.4328777058054731,223,0.9394543128560519,1,1.1411799063737824
fov0,6164,15737.35294117647,7174.9607843137255,16.2586087587731,8.326237459583758,-1.1352087198956795,102,0.858918357240872,1,
fov0,6165,15742.105220883534,6243.493975903614,174.18861797236588,10.982198753837372,-1.5472426855256782,1245,0.9980105121889556,1,0.7899050175101808
fov0,6166,15763.98773006135,6917.311349693252,78.6035748760287,23.635746575109508,-0.9642453618072464,652,0.9537201767452804,1,0.6268737987882974
fov0,6167,15789.024137931034,4527.962068965518,131.5725613905014,46.33514851678559,0.01903598843134576,1450,0.9359382254313883,1,0.49332699337176683
fov0,6168,15748.448888888888,5232.968888888889,35.246650660519684,8.641932650243039,-1.286990243018907,225,0.9694764348558612,1,0.6578975125653579
fov0,6169,15840.971469622331,5541.0301724137935,220.74511064040544,84.8585923151593,-0.6212188171760313,4872,0.9231587676880505,1,0.49199577489030755
fov0,6170,15772.822580645161,5197.470967741935,50.402335395402766,24.18458001104335,0.49343045640557437,620,0.8773611850635684,1,0.5315541327960784
fov0,6172,15753.653333333334,13216.755555555555,27.837465644434683,12.327789357607298,-1.2694304746276794,225,0.8965962889053181,1,0.354356161869969
fov0,6173,15771.182539682539,4883.484126984127,51.48211705532368,11.820369163239489,0.005017285700697884,378,0.9732847323618621,1,0.4134655373503383
fov0,6174,15781.567300380228,4943.892775665399,98.07565189026758,37.23864831085801,-0.9762712808365389,1315,0.9251125065277309,1,0.5771315242569832
fov0,6175,15765.232620320856,7180.585561497326,45.40300543905755,15.781299376370336,-0.9857121522937019,374,0.9376493290380098,1,0.6587106659598649
fov0,6176,15764.09765625,5108.0390625,27.481588784092732,14.147359327765145,-0.044078830711998467,256,0.8573138579154925,1,
fov0,6177,15768.056224899598,4192.092369477911,37.29604143221841,10.702950036729673,0.3293656052052304,249,0.9579387260453749,1,0.14283263760344656
fov0,6178,15759.782945736433,4772.46511627907,18.040031728000926,10.448149567118147,0.5738905257134939,129,0.8152105556584038,1,
fov0,6179,15764.950943396227,7144.403773584906,34.452038348525065,12.590301008206872,-0.5932925966511889,265,0.9308332096709792,1,0.5912713775798146
fov0,6180,15764.041666666666,6117.879166666667,28.56332118372763,14.54448214041991,-1.509106261102716,240,0.8606474131218935,1,
fov0,6181,15765.830065359478,5380.084967320261,20.050836136193123,12.586984000646313,-1.4863455508156873,153,0.7784121358134116,1,
fov0,6182,15779.096109839817,4811.926773455378,64.87812983574788,14.014856105681979,-1.1498098713681764,437,0.9763893393870746,1,0.39208612600308823
fov0,6183,15773.173333333334,6983.702222222222,33.312892253460305,9.612756433643497,-0.23561182132296885,225,0.9574619209380528,1,0.38900438705314744
fov0,6184,16002.41104895105,6472.911981351981,596.0409459164738,256.87338450895726,0.7687913754394365,21450,0.9023681641361869,-4,0.7449532668443337
fov0,6185,15788.551505546751,5148.212361331221,64.25939131067328,14.382203131864896,-0.27929203969466243,631,0.9746316909935513,1,0.3282087023938647
fov0,6186,15781.564019448946,12828.014586709887,61.64271604846173,17.039079812667875,-1.1066788705242332,617,0.9610378635128922,1,0.5435835167008621
fov0,6187,15776.235294117647,7059.235294117647,48.052748910207015,9.199016441309237,-1.2296477075539498,289,0.9815051372187786,1,0.4153412567949896
fov0,6188,15793.039647577092,7083.226872246696,67.18112699595157,13.92987153587221,-0.7607484120226187,454,0.9782672496503545,1,0.33373959888509913
fov0,6190,15778.91304347826,5275.634782608696,21.214254880827465,7.957239363139076,-0.17426977138546781,115,0.926988694653545,1,0.4027505854765148
fov0,6191,15789.222457627118,6848.252118644068,54.80905113145343,15.322182098397494,-0.9525815042838974,472,0.9601294789138735,1,0.623130059904975
fov0,6192,15828.338047445255,5239.186131386861,120.04659273050736,75.74141077016114,-1.3764096112130746,2192,0.7758369565599313,1,
fov0,6193,15972.89435431538,6868.893056456846,432.3535418419178,252.3085429713997,-0.9368787425394979,15410,0.8120628617199576,0,
fov0,6194,15787.756756756757,6147.9527027027025,41.53081067451482,15.549175647915616,-0.9167482914974381,296,0.9272669067915846,1,0.27909540088190143
fov0,6195,15787.18918918919,6948.360360360361,28.77867933048844,14.321352790113087,-0.8628043910688925,222,0.8673850490542464,1,0.5959172032493031
fov0,6196,15841.799731783638,13112.321859633437,150.61026988654152,29.150292726008573,-0.6670869764619013,2237,0.9810908382207095,1,0.23333711780990746
fov0,6197,15836.250212044106,4837.086513994911,91.67968456107951,40.05201019263127,-0.39141864551738836,1179,0.8995251498180503,1,0.19884268986015394
fov0,6198,15818.708843537415,5027.707482993197,105.91986989220106,17.726032044556703,-0.9454881575718712,735,0.9858970013983753,1,0.28465370230815024
fov0,6199,15794.632352941177,6014.323529411765,23.69960903154161,7.66331883895639,-1.0269852158700972,136,0.9462787147929979,1,0.6559270077268308
fov0,6201,15809.598540145986,5099.6423357664235,48.055407945082315,8.473729554062436,-0.5313969701755115,274,0.9843306631115939,1,0.2958701709759349
fov0,6202,15801.556291390729,6692.430463576159,24.853873633640283,8.277349620410403,-0.20482055609694658,151,0.9429124783263767,1,0.37258243188967355
fov0,6203,15805.502304147465,4734.230414746544,31.074997735179526,9.19236551825437,-0.258755898704456,217,0.9552460954434888,1,0.27287509463014353
fov0,6204,15804.932409012132,7200.977469670711,72.56093963599918,15.116659552056154,-1.5135009993470816,577,0.9780584783983405,1,0.5724173945183889
fov0,6205,15844.485515920516,5735.706966722528,182.67036177240084,94.69006600972124,-1.134628900903178,4177,0.8551589968622342,1,
fov0,6206,15809.663484486873,6988.2124105011935,41.91748977320696,26.97561551871498,-1.5567332929799371,419,0.7654117975434835,1,
fov0,6207,15809.648,6865.748,25.596333392345045,17.26050951936014,-0.750444854563805,250,0.7384253445423986,1,
fov0,6208,15805.829931972788,4490.482993197279,22.191994047778827,9.835399187109287,-1.4739515263575103,147,0.8964248198475249,1,0.6595390819681775
fov0,6209,15835.083881578947,4003.4802631578946,69.87661074940841,12.565970614116065,0.38890258046443543,608,0.9836975469133425,1,0.3268561072269024
fov0,6210,15837.975047984644,7144.134357005758,71.50907856313982,23.711220770139786,0.3216491602564297,521,0.9434259235579542,1,0.5796175125323878
fov0,6211,15808.91935483871,6058.666666666667,26.491350895198554,11.179072098675055,-1.5122031238766729,186,0.9066007148422406,1,0.20231436856116064
fov0,6212,15886.411412908048,4234.863692997757,213.26904607748844,72.07779386113795,-0.06107126972401974,4013,0.9411581388599195,1,0.18771283558060453
fov0,6213,15811.449152542373,4602.313559322034,19.116987927771216,8.375358676164051,-1.1987140741885214,118,0.8989209843027443,1,0.5156623057818613
fov0,6216,15897.447649918962,4923.813614262561,170.07236564529424,70.19211769590257,-0.003819013349326636,3085,0.910858345201708,1,0.17836531409086306
fov0,6217,15837.663366336634,4574.067326732673,57.45829245867782,14.443386762967673,-0.3988275089318363,505,0.9678906368949437,1,0.35812082235763615
fov0,6218,15831.136783733826,6151.280961182994,69.09901361407836,14.884912051150485,-1.2581737387983747,541,0.976522760504822,1,0.533600898904905
fov0,6219,15842.490784982936,6630.843686006826,92.05039683915558,45.50141266422619,-1.4781559712205297,1465,0.8692858148682137,1,0.4997960899825095
fov0,6220,15823.57142857143,7113.587301587301,18.65150521442837,9.46742104393006,-0.6923411007201367,126,0.8615954722620323,1,
fov0,6222,15839.82334384858,7188.141955835962,53.772065318708556,9.393368045703276,-0.6477838994832298,317,0.984623727623316,1,0.33600886897193166
fov0,6223,15843.285347043702,5358.0437017994855,47.91357719115824,10.633628174470791,0.3942929707624489,389,0.9750618025964932,1,0.5617182732335437
fov0,6224,15838.630434782608,4617.913043478261,41.8477898273539,9.266959492489072,-0.6835661293496851,276,0.9751729946135405,1,0.42341387966697036
fov0,6225,15848.050161812298,4727.152103559871,60.091438359703794,15.743089106372961,-0.8242369375251309,618,0.9650717934725851,1,0.5777777816940877
fov0,6226,15841.778350515464,4481.855670103093,30.095460848410845,9.276373160154437,-0.06703097080942132,194,0.9513113360106498,1,0.3637987758964112
fov0,6227,15837.63973063973,6035.710437710438,84.09574778244567,14.679130035442054,-1.5312781201676202,594,0.9846478535999926,1,0.8774982932331212
fov0,6228,15847.656862745098,5311.712418300654,49.84980000364897,9.450218881775669,0.5926034330516778,306,0.9818664637090532,1,0.4098912516311564
fov0,6229,15849.896774193548,4194.058064516129,32.92908947370006,12.711906585344028,0.21558245145441393,310,0.9224825394119999,1,0.12910767961540362
fov0,6230,15866.37032842582,5121.1392978482445,107.82367783605142,65.10177088296844,-1.3309641734327209,1766,0.7971510622135826,1,
fov0,6231,15846.063636363637,4972.318181818182,18.507148973347658,8.051024195549594,-0.08645092790987116,110,0.9004196351678679,1,0.49233849782466327
fov0,6232,15852.932384341637,7086.056939501779,40.99958692726515,12.446810150523465,-0.1585678627712143,281,0.9528047439216741,1,0.3524449758804377
fov0,6233,15847.740384615385,5470.0192307692305,18.00723468620831,7.526963493281275,-1.5244616876198767,104,0.908448575126332,1,0.9158035597664004
fov0,6234,15857.39667896679,5883.474169741698,53.54690634357178,15.722727771943916,-1.3172679136458272,542,0.9559205869650992,1,0.9964692451565025
fov0,6235,15880.325203252032,4776.808130081301,73.37787430781553,17.096424285390363,-0.5031960377908814,615,0.9724787607322758,1,0.646220300464958
fov0,6239,15877.275862068966,7042.727011494253,62.337515227321205,19.131519495204117,-0.65559657358351,696,0.9517410625672997,1,0.3105074855397981
fov0,6240,15985.515663185959,4479.690291046434,269.00585934622393,89.12675271309124,0.04343526693164713,4501,0.9435187964491223,1,0.3977129962633655
fov0,6241,15877.980066445183,5215.946843853821,42.577205410195866,10.723671121998764,-0.5967891914268715,301,0.9677626032202824,1,0.6434157839254613
fov0,6242,15892.504592422503,12895.799081515499,70.33456390866701,44.36999893592159,-1.4930186767682354,1742,0.775911293696542,1,
fov0,6243,15868.881656804733,5021.98224852071,32.05683544872686,8.79012355190077,-1.5034145456317545,169,0.9616714498420311,1,0.476718668449712
fov0,6245,15893.944393801276,6559.561531449407,75.12752229425425,43.737684986600776,-1.2297770816478624,1097,0.813060461850151,1,
fov0,6246,15886.50909090909,6893.768831168831,40.37094144589025,22.967641545970828,-0.8699926689999211,385,0.822396202812175,1,
fov0,6247,15901.65812591508,7102.452415812591,91.49807800708896,54.195236915969296,-1.0654260402982387,1366,0.8057100782151854,1,
fov0,6248,15884.70982142857,5351.299107142857,24.645438711376872,14.049735951810737,-0.4887561554176972,224,0.8215930097373858,1,
fov0,6249,15885.285714285714,4986.142857142857,25.82858036848588,11.115218368693334,-0.6702694156854327,189,0.9026641583796052,1,0.28737443384963834
fov0,6251,15903.65687919463,4564.501677852349,116.9450585306524,45.87636287856343,-1.4742362093028007,1192,0.9198416443681496,1,0.6401910861606067
fov0,6252,15897.416309012875,4823.01287553648,27.083086661052896,12.545755831481161,-0.2910619686621762,233,0.8862369868139437,1,0.3918189653154228
fov0,6253,15898.027027027027,4853.664864864865,31.650318639956946,7.721850300523877,-0.20462532252966203,185,0.9697818091232108,1,0.37219777597792614
fov0,6254,15888.168539325843,6284.157303370786,32.528864361637304,7.0750472458005556,1.5125017731640256,178,0.9760601890317105,1,0.23518742095755382
fov0,6255,15900.696394686907,4706.787476280835,51.94344502915347,17.745614801335773,1.351071099912416,527,0.9398333002505815,1,0.9919316571201948
fov0,6256,15916.671840354767,5306.788248337029,80.79937672856455,38.718500429748374,1.3964050530544374,902,0.8777095265734387,1,0.7817923998593787
fov0,6257,15904.0546875,5022.3125,21.947354914036982,7.521852213038799,-0.7141284976230777,128,0.9394366887131197,1,0.29069191410778844
fov0,6258,15925.267950963222,5181.593695271454,49.46183303640083,42.75331044606008,-0.25994563016348843,571,0.502856837033804,1,
fov0,6259,15925.581658291458,6905.785175879397,78.59525491041381,19.778449308607144,-1.0138910642703323,796,0.9678184622361796,1,0.09919226368346208
fov0,6260,15912.074534161491,4657.770186335404,25.784522294807378,8.903256353875383,0.6936979533708248,161,0.9384943463274891,1,0.8324776170384588
fov0,6261,15918.51779935275,5053.906148867314,33.678433745541405,21.873990759488297,0.8123814451331334,309,0.7603654457640171,1,
fov0,6262,15920.199074074075,6060.6712962962965,34.7824170270224,10.796359604528343,0.2846728812203813,216,0.9506070018319221,1,0.5999679309168949
fov0,6263,15948.6462585034,4284.65306122449,95.09228219687168,9.433220867633157,-0.028702460431939615,588,0.9950674456081618,1,0.169007287398755
fov0,6264,15920.740963855422,6271.042168674699,28.947421912880255,7.785073439533381,0.9149810974749296,166,0.9631573781230629,1,0.23888998572014025
fov0,6265,15918.685714285713,4793.5371428571425,23.546744823435983,11.39798407057371,1.2561322678913391,175,0.8750360591891149,1,0.8168325257384705
fov0,6266,15930.222857142857,6212.965714285714,49.274260543766296,14.78027915658795,0.8154680917314256,350,0.9539519588232858,1,0.6311536545254071
fov0,6267,15932.292576419213,4399.842794759826,38.71551464322936,7.951202675673634,-0.1776204476031207,229,0.9786833341111352,1,0.10063999684527068
fov0,6268,15941.95443645084,5129.131894484412,62.992777210849646,20.377760928295494,-0.34988090454992854,834,0.9462303546379345,1,0.3425078282553892
fov0,6269,15943.326951399116,5599.108983799705,74.86003372724461,17.579312998881022,-0.528450691318775,679,0.9720366774179036,1,0.37428581800896
fov0,6270,15944.32400932401,4983.027972027972,43.64925431329772,15.049770354260566,-0.1369340705261485,429,0.9386803189779714,1,0.237335648155656
fov0,6271,15931.854545454546,5091.063636363637,23.411992888837915,15.857972228121698,0.8507691788119787,220,0.7356664632797727,1,
fov0,6272,15934.888888888889,4248.929824561404,27.05160805452253,8.807474338649177,0.6166109379397037,171,0.9455143467152335,1,0.2850701123128967
fov0,6275,15937.59649122807,6506.818713450292,28.62264718974436,8.234801271840672,-1.0754733756362052,171,0.9577198910566803,1,0.764677650407814
fov0,6276,15938.417391304349,5981.107246376811,54.40460773177136,8.702269808050938,1.4297519110516241,345,0.9871243645064353,1,0.6892920705601341
fov0,6277,15955.974710221286,4697.307692307692,102.40791754361622,39.52909900404522,-1.3210897240004509,949,0.9225002398319195,1,0.9394797168163616
fov0,6278,15956.17864476386,4795.422997946612,46.39434435979314,19.134087990955184,-0.49103319962940206,487,0.9109925290939349,1,0.4402518969044067
fov0,6279,16040.660821329517,5709.188691062002,444.86989269915097,151.17383407173406,-1.0950534275325108,11177,0.9404919979755498,-2,0.38371688883805916
fov0,6283,15962.910514541387,6274.680089485459,36.59767355406365,27.363473337473657,1.36245229763432,447,0.6640553586643118,1,
fov0,6284,15967.939226519336,5197.046961325967,40.369955808282796,14.36100922172326,-0.37842036546179536,362,0.9345868376133308,1,0.1590775848758967
fov0,6285,15976.255555555555,4621.246031746032,48.96624929392969,31.408637501517987,0.10210883981917449,630,0.7671778740575618,1,
fov0,6286,15981.017191977078,4852.444126074499,85.42966580791206,14.645321058409317,-0.582816231302983,698,0.9851960717475112,1,0.47959757475585013
fov0,6287,15968.345588235294,6580.988970588235,46.53637990690189,8.148231440645532,-0.5886590129587114,272,0.9845517570812028,1,0.7127762458777533
fov0,6288,15969.046417759839,6014.667003027245,154.12657709162036,16.087828519269653,1.4444466473417237,991,0.994537422636915,1,0.2909757782704428
fov0,6289,15960.37009063444,6131.892749244713,95.82404903566122,16.463223894358084,1.5423561539450177,662,0.9851306619346378,1,0.8557817787601464
fov0,6290,15962.88202247191,5880.1741573033705,26.1949583361428,11.89624565711971,-1.4355837577282524,178,0.8909290250038697,1,0.7238658045731204
fov0,6291,15964.072398190045,6330.226244343891,63.229813624839494,9.246843274533607,1.5401269359780014,442,0.9892488710726134,1,0.19024525916113139
fov0,6292,16064.31381066507,4167.1461953265425,308.4291225197383,147.32261546159413,0.07187935914618106,6676,0.8785476660882148,1,0.47680050305380833
fov0,6293,15983.353395061727,5006.358024691358,43.756546575259776,21.848116787877387,-0.6526197719493426,648,0.8664229413600634,1,0.15183621977616518
fov0,6294,15974.75167785235,4026.48322147651,22.306864962358052,9.355931508642955,1.0618439465383342,149,0.9077925877159934,1,0.6636185446512818
fov0,6295,16029.804629629629,4562.575925925926,137.74694047716778,25.494727761593584,0.28545035110621064,1080,0.9827227408683062,1,0.5275947720339136
fov0,6296,15993.113578680202,6187.105329949239,195.9138194555903,30.80214513220488,-1.4974421796756194,1576,0.9875631370319101,1,1.3320549810402886
fov0,6297,15991.379310344828,5226.927203065134,42.873576366072356,8.677618077812452,-0.6422319272876055,261,0.9793029057753618,1,0.24537084813570037
fov0,6298,16014.993710691824,4718.254716981132,82.64234998622887,21.70692712945156,0.3090420928196836,636,0.9648881636308837,1,0.5131052281097921
fov0,6299,15994.512315270937,4751.26354679803,35.37855557329117,17.795575065236594,-0.6997811017133836,406,0.8642837523038186,1,
fov0,6300,16000.35593220339,5105.622881355932,44.27644945788795,16.295116208756273,-0.6186891446564537,472,0.9298134290462399,1,0.4114725679270183
fov0,6301,16008.15206185567,4894.855670103093,40.98307945592569,29.71849744039896,0.04232796128297982,776,0.6886007680313683,1,
fov0,6302,16102.336084516342,4933.637834268736,218.49614635821857,60.61682169164541,-0.27931231468280115,3029,0.9607465991779074,1,0.1200874731922061
fov0,6303,16018.872628726287,5061.170731707317,50.04041447510791,15.156297036784734,-0.5104996811199859,369,0.953028343784708,1,0.3777779064231251
fov0,6304,15999.871641791045,6048.325373134328,47.958283263394826,9.243192906270052,1.5180973428009463,335,0.981251036220047,1,0.34171785137004645
fov0,6305,16029.255136986301,4020.8334760273974,108.29816478807861,41.36591277908242,1.1064371883208721,2336,0.924177536770536,1,0.8441026668669915
fov0,6306,16012.018450184501,4442.542435424354,28.390925193260205,15.787871966666827,1.1659409703704473,271,0.8311229666991624,1,
fov0,6307,16004.533653846154,6605.913461538462,34.33453832648022,8.58003022930939,1.4227211080296673,208,0.96827293554306,1,1.0139943270993612
fov0,6308,16027.9763130793,4657.908341915551,67.5924584936582,19.87390191009664,-0.806491221283552,971,0.9557975959656287,1,0.41208123509878125
fov0,6309,16013.734693877552,5939.852040816327,32.712971894371066,8.683628841853983,-1.0778829149347458,196,0.9641248762617514,1,1.0847574972952962
fov0,6310,16012.904458598727,4380.579617834395,18.059375349334978,11.543604270381291,-1.4787111094730654,157,0.7690381726805077,1,
fov0,6311,16017.674107142857,6240.6875,36.35939430328585,8.681906735945383,1.3091304205139673,224,0.971073618653631,1,0.7132845426507384
fov0,6312,16021.145945945946,5989.254054054054,43.041346870556545,13.968063520114745,1.38155858931881,370,0.9458765576733907,1,0.6161114337573194
fov0,6313,16024.997474747475,6514.638888888889,63.06841158667763,14.793052176457303,-1.0577718387564456,396,0.9721026940503545,1,0.7578535836138673
fov0,6314,16032.929032258064,5297.5451612903225,53.77744426704621,11.195724203732844,-0.7419554186350716,310,0.9780892021018853,1,0.41600960904039086
fov0,6315,16024.725490196079,6096.5392156862745,15.984779489946275,8.809623703330287,0.5307460721354972,102,0.8344221950104304,1,
fov0,6316,16133.47539503386,5359.3422121896165,225.49958716156968,28.745233039280873,-0.033031799233612685,2215,0.9918419702209722,1,0.2533029912094908
fov0,6317,16036.748953974895,4983.284518828452,29.338681757272642,11.19477953586135,-0.37163113166121314,239,0.9243396819919025,1,0.10057477456893864
fov0,6319,16038.351515151515,4843.521212121213,23.906285448439817,11.014419257343496,-0.1993618424689803,165,0.8875386885736174,1,0.11444078573578484
fov0,6320,16054.053333333333,6297.648888888889,75.74745115569529,31.751496342042852,1.1738452425263037,675,0.9079051006968436,1,0.10174584862317086
fov0,6321,16035.175510204082,6563.081632653061,36.26063553140686,11.37251837759465,1.3155716896761036,245,0.9495444040670723,1,0.7733572825148477
fov0,6322,16040.61975308642,5131.367901234568,37.71129550551505,14.627098354183296,0.9835788948045184,405,0.9217138869555551,1,0.6179285188072376
fov0,6323,16041.883620689656,6120.879310344828,35.449636153792675,8.560801801191994,0.9363100606787588,232,0.9704028223090481,1,0.6436760108062038
fov0,6324,16057.52808988764,5218.961797752809,52.40327044934591,17.169889084725604,0.15711195197917016,445,0.9447994542147117,1,0.2254891039244962
fov0,6325,16044.121621621622,4691.986486486487,21.522693284230286,9.188360830014618,0.19907115202227743,148,0.9042917525812187,1,0.45505565179967594
fov0,6326,16104.33121289228,5979.072519083969,159.9353618741755,70.29759304337179,0.7252409143632317,2358,0.8982242284240126,1,0.5065766132530933
fov0,6327,16049.263736263736,6089.978021978022,21.8804619626646,15.145939124760757,0.02965159920986257,182,0.7216933086233464,1,
fov0,6329,16052.260563380281,5410.612676056338,24.337648091245487,7.567212044224951,0.2538524606376607,142,0.9504340630541402,1,0.39081217254692796
fov0,6330,16068.911764705883,5178.748366013072,51.839255511090464,18.745587300020592,-0.14744136792276863,612,0.9323294964805255,1,0.39003243132967497
fov0,6331,16120.593220338984,4410.09778357236,167.98636572163306,32.690193462964494,-0.23873741941655072,1534,0.9808826289713707,1,0.16188180509063044
fov0,6334,16078.663007683865,6064.6608122941825,117.49756399516363,34.0049635818839,0.9498242741534966,911,0.9572052462751237,1,0.1807912724111891
fov0,6335,16056.834586466166,4764.563909774436,21.927730748377428,7.880359009088906,-0.23739516699547794,133,0.9331918140587808,1,0.36769118279782925
fov0,6336,16068.367647058823,5683.338235294118,51.6607140757544,14.628775444655021,0.4305881433430481,544,0.9590696690407189,1,0.7057558274580159
fov0,6337,16100.330634278003,4814.39608636977,130.47943293434395,49.27224789363761,-0.2740532656002225,1482,0.925958766375509,1,0.2631312885304383
fov0,6338,16166.842737896493,5011.415692821369,236.66083779505578,30.868040508843215,0.15841992551045347,2995,0.9914573163233928,1,0.1459531450368974
fov0,6340,16123.889845874886,4237.375793291025,178.1726400120876,52.05202185946845,-0.34406581330396546,2206,0.9563744213087936,1,0.15459269267025208
fov0,6341,16077.793528505394,4869.7858243451465,51.02626419773469,22.193882797040118,-0.43491328962482867,649,0.9004545190770923,1,0.10346272845067421
fov0,6342,16064.3,5849.706451612903,42.892388277712705,12.272383391951774,-1.2577911206301147,310,0.9581937010447918,1,0.11521500285589856
fov0,6343,16066.746606334842,5452.085972850678,31.28875084504237,9.50135335025096,-0.8442516975611201,221,0.9527783076843754,1,0.3456898625830622
fov0,6345,16100.04468412943,4511.392912172573,84.53824019356288,18.98368301015591,-0.303041858830493,649,0.974460875317495,1,0.32576716294754465
fov0,6346,16166.33606557377,4647.798155737705,237.8468790334332,55.420340708079465,0.004814318623604594,2928,0.9724747021816562,1,0.3985383431708199
fov0,6347,16082.734634146342,6200.789268292683,122.64697576910731,18.09080502418619,1.2698482849499253,1025,0.989061598369884,1,0.26833072327118074
fov0,6348,16135.419665809768,5065.8001285347045,139.2993690937617,28.85051256882108,0.1304915944524311,1556,0.9783173273561315,1,0.2809285876886492
fov0,6349,16091.871012482663,4714.933425797503,59.35027364655997,26.488290549395444,-1.249879570981103,721,0.8948811922563888,1,0.688457577483901
fov0,6350,16105.64553314121,6283.121037463977,57.26660538759734,47.87589118236276,-0.40303130712349206,694,0.5487025950912789,1,
fov0,6351,16092.682352941176,5243.511764705882,30.179164579359412,7.4912658045367735,0.23739317761226564,170,0.9687020425989334,1,0.2783400109429696
fov0,6352,16092.824242424242,5415.609090909091,33.60908320627402,16.80834967447393,-1.068536716198528,330,0.8659599773290062,1,
fov0,6353,16089.148148148148,6016.0952380952385,29.414093290087624,8.651238394228523,1.336364242165079,189,0.9557688632897723,1,0.18674084943032976
fov0,6354,16093.792899408283,4780.786982248521,27.76458998689301,11.371062667830914,0.6780756032066749,169,0.9122864624836389,1,0.6771566013569947
fov0,6355,16101.242307692308,5824.665384615385,42.352703648279245,29.338513516158894,1.1849298809441229,520,0.7212077935822804,1,
fov0,6356,16096.735849056604,5121.962264150943,26.875436860967767,12.686569929633572,0.8085646848942893,212,0.8815713790445823,1,0.375985301217437
fov0,6357,16098.388489208633,6157.856115107914,16.366816387309655,13.860559391864802,1.5650682989369415,139,0.5318005882137126,1,
fov0,6358,16106.5,6340.522448979592,63.22727031105062,11.914754238486221,1.2367303830381788,490,0.9820840748176737,1,0.9674847850589359
fov0,6359,16164.713358070501,5896.17501546073,185.6072514537104,89.47290177364893,-1.1842126456077635,3234,0.8761409626648068,1,0.7944141399103994
fov0,6360,16115.703571428572,5682.382142857143,40.06664550137608,9.517279660943622,-1.1333456169300709,280,0.971378681319798,1,0.3964508231010586
fov0,6361,16125.835820895523,6209.217247097844,59.07609584051659,19.63006017312099,1.2405990961798383,603,0.9431792684844749,1,0.7614389338399544
fov0,6363,16120.18918918919,5464.425675675676,24.279941416453646,8.381873941675217,-0.029981391450324527,148,0.938522509300159,1,0.3380309991790019
fov0,6364,16136.037639877924,4047.086469989827,79.61287991546236,32.1854849758216,-1.3069879683945862,983,0.914637549401592,1,0.783538584189698
fov0,6365,16122.290909090909,4868.418181818181,18.110611983657932,9.251979356177673,-0.38948198032755654,110,0.859664181558988,1,
fov0,6366,16208.584287143016,6410.425825091676,377.52199739906837,125.9728481497159,-1.47275002914767,8999,0.9426851782460628,0,1.096862107297538
fov0,6367,16137.024752475247,5205.797029702971,27.600772382696224,12.516274314897585,-0.11743665691377939,202,0.8912687374822216,1,0.22795385065774568
fov0,6368,16131.331428571428,4615.5085714285715,28.58968991320631,9.00298805575212,-1.4046588512836948,175,0.9491237557897182,1,0.5699298072347355
fov0,6369,16156.97435897436,5408.732905982906,76.75281624057182,10.267711619199714,-0.6457516880127143,468,0.9910115479371163,1,0.22294572572706042
fov0,6370,16146.994444444445,6125.269444444444,40.080055573512496,14.597729725042324,0.29775681311598895,360,0.9313151654995371,1,0.33340952229883597
fov0,6371,16151.773755656108,4547.461538461538,46.7548185910816,18.624764223656538,0.06297695370802904,442,0.9172336562540935,1,0.3936169755767849
fov0,6372,16138.077702702703,5728.39527027027,43.33056525216452,14.570453891875692,-1.0781312182878717,296,0.9417682202318398,1,0.38070405879458724
fov0,6373,16142.233333333334,5447.916666666667,21.25715731042082,7.444307054687308,-0.7829934734177089,120,0.9366740596103865,1,0.20476507885377573
fov0,6374,16150.993993993994,4699.546546546547,40.89692815058285,13.101384111484046,-0.3884926914452844,333,0.9472988147324207,1,0.23858003356133478
fov0,6375,16235.116104868914,4312.569823434992,195.37857827571483,27.730267845674092,0.04568580938665548,1869,0.9898765602484716,1,0.4261053216129963
fov0,6376,16158.835180055401,6304.234072022161,69.31260094523424,20.281481493923998,0.7417216284467963,722,0.956232216626159,1,0.5927275389042436
fov0,6377,16187.704520396914,4514.505512679162,102.6328773594496,52.37542816522724,0.8013570187564023,1814,0.8599856426754832,1,
fov0,6378,16153.592814371257,4826.580838323353,29.192382352793715,7.953052612062676,-0.6912343458531581,167,0.9621739379523362,1,0.38351395643808783
fov0,6379,16177.696156635244,5808.0319071791155,103.73736816376173,27.153375092088734,-0.8796364249566332,1379,0.9651353983262689,1,0.14567433394335788
fov0,6380,16350.722669083494,5743.65197688909,463.8985297227668,115.52851540692298,0.07967687997790163,8827,0.968493629248648,-1,0.4595818397988871
fov0,6381,16166.933085501858,4076.6524163568774,63.20585639913634,14.166698388300594,-1.015644230759253,538,0.9745579102680539,1,0.46344466964452485
fov0,6382,16157.925925925925,4739.990740740741,19.428742337575517,7.487618952138174,-0.5054000106146449,108,0.9227543022413358,1,0.3044514625413585
fov0,6383,16167.92857142857,5307.025974025974,44.44501948160667,10.28564871424696,-0.11320493861601737,308,0.972852961702449,1,0.256040784221273
fov0,6384,16164.09793814433,6196.128865979382,30.823157343432158,9.060414882197497,0.25084107960169194,194,0.9558213188065534,1,0.5115393481263342
fov0,6386,16156.338624338625,6649.592592592592,28.71539690034796,9.190181421832143,-1.4976829321911806,189,0.9474027866233083,1,1.044719088483227
fov0,6387,16163.796747967479,5478.918699186992,22.76275568489691,7.139775424813545,-0.4979588667246302,123,0.9495352248501655,1,0.1662094099114564
fov0,6388,16178.022093023255,6254.2046511627905,69.66314250097886,29.833121950518183,-1.4810180668906323,860,0.9036611081831022,1,1.1967240054761525
fov0,6389,16167.836477987421,4247.0,27.086100056717793,7.738062851311789,-0.544907851610521,159,0.9583239045796589,1,0.5298041663861058
fov0,6390,16189.19570405728,4848.0262529832935,57.682207411139366,11.236903385953068,-0.40799103378043305,419,0.9808415748120741,1,0.27667328397902985
fov0,6391,16186.075916230366,4027.259162303665,45.91279901408034,11.424226633774742,0.3515815669820628,382,0.9685486031411942,1,0.5672830595627573
fov0,6392,16178.413978494624,5264.209677419355,24.6503306279696,12.885417900654431,0.31298316538130594,186,0.852499526942977,1,
fov0,6393,16187.790303030302,6076.041212121212,72.71302484605067,16.979072824294455,1.1475692559631676,825,0.9723548812555269,1,0.24917839591275562
fov0,6394,16224.285714285714,4717.647186147186,132.1674932586647,25.438945420752546,-0.3689520429173701,1386,0.9813018666715643,1,0.4264641296953076
fov0,6395,16201.577685088634,6135.272158498436,67.31616906293947,23.799351983457136,0.7042745964299322,959,0.9354171980076321,1,0.23116725364662682
fov0,6396,16227.16238317757,4358.970794392523,114.49026760272388,13.60563035999315,0.17228268547721895,856,0.9929138282535224,1,0.3783941334406926
fov0,6397,16236.033307513555,4222.146398140976,111.75648012086478,25.057886049737714,-0.4749404548772588,1291,0.974538865932148,1,0.6803371881920016
fov0,6398,16197.445945945947,4800.560810810811,23.61558859898998,8.461882993821268,-0.21789439151214518,148,0.9335997203927967,1,0.3415469371044651
fov0,6399,16255.617930204573,4135.380264741276,157.6178094893301,44.36264490357854,-0.0865983209973478,1662,0.9595738244960772,1,0.2545911432042339
fov0,6400,16199.550505050505,5231.747474747474,28.156216419475594,9.722653809051208,-0.9106742604586023,198,0.9384882793416116,1,0.6860621005894427
fov0,6401,16212.565217391304,5120.881642512078,35.29857837157577,17.229295135875915,0.403278860307627,414,0.8727867766057299,1,0.41018969372168823
fov0,6402,16259.538766270514,4967.0418788907755,123.64943060612593,54.44680837396493,-0.13905566173711828,1767,0.8978349947566959,1,0.2791608074041839
fov0,6403,16375.177271759949,5463.676952543095,309.2395481862503,98.35392059569563,0.18328440790271386,4699,0.9480736347053853,1,0.06456684952398235
fov0,6404,16222.616847826086,4897.35597826087,38.65226000684687,19.63958592016311,-1.1689394488725753,368,0.8612923973093486,1,
fov0,6405,16235.226086956522,4416.110144927537,58.9652731044831,19.604731107755544,0.15520083793506634,690,0.9431105626179972,1,0.3083710908656059
fov0,6406,16216.645161290322,4769.217741935484,23.48129679364055,7.294544991497602,-1.4522452480899344,124,0.9505232543015326,1,0.7633777828317133
fov0,6407,16285.524397244546,5564.5123421354765,144.11923756830336,108.73527556745522,-0.34062031943440646,3484,0.6563214964324974,1,
fov0,6408,16232.679166666667,5588.570833333333,42.965014759419326,15.179381338973961,-0.9237326739449191,480,0.9355114722015202,1,0.6995788225075569
fov0,6409,16253.933200398804,4459.507477567298,120.377013034641,42.98904716375719,-0.5804066856058376,1003,0.9340584866795458,1,0.5933836049241534
fov0,6411,16251.99040767386,5204.99520383693,57.80097284487747,19.276484850592194,1.1907171191626658,417,0.9427509537748061,1,0.6753094132859107
fov0,6412,16270.496168582375,4077.116858237548,75.36385654491232,11.840312648015772,-0.2287633431804942,522,0.9875813266429094,1,0.3136580001008131
fov0,6413,16263.241379310344,4595.96394984326,67.18923940735732,23.197417423844964,0.6704048742477242,638,0.9385089345351058,1,0.3534669871898798
fov0,6414,16250.442857142858,4749.464285714285,44.47463524961726,9.615011807926377,0.9415525963196542,280,0.9763511105146258,1,0.8485769896429657
fov0,6416,16257.43949044586,4546.624203821656,25.16907381326376,8.622047552073282,0.49615319503442584,157,0.939494075471287,1,0.21302016342158875
fov0,6417,16339.985078466683,4822.934139439156,179.91589479172765,167.786787989915,0.4542433861574041,3887,0.3609515389636988,1,
fov0,6419,16268.970588235294,4915.75,22.70197598374609,7.841479359415692,0.8972145195122676,136,0.9384520452448283,1,0.5774973059436768
fov0,6420,16276.704834605598,4510.29262086514,54.34306043737957,21.067602389260244,1.0837261054684808,393,0.9217949134226562,1,0.5504709146362505
fov0,6421,16294.714946070879,4660.583975346687,65.71067983404994,21.371977698271394,-0.4299255011436328,649,0.9456302682950938,1,0.3253412716553557
fov0,6422,16270.258333333333,4262.9875,34.28838788924419,10.209612048405889,1.4792081139790036,240,0.9546416553746154,1,0.6300196990910517
fov0,6423,16290.736585365854,5268.9951219512195,48.99817753266801,16.509560333796873,0.44942512875491913,410,0.9415252854216728,1,0.4480020298874861
fov0,6426,16319.869047619048,5466.497835497836,90.33451464055015,23.376981506604626,0.28975902753127836,924,0.9659356475203272,1,0.31673373164622104
fov0,6427,16303.32319391635,4570.733840304182,38.666430403210796,9.252877563145232,-0.09581803955351995,263,0.9709456732990792,1,0.3905508675383654
fov0,6428,16306.693815987934,4477.449472096531,59.60041431751658,19.599750972312563,0.4985873319223313,663,0.9443812630974187,1,0.3281739887304819
fov0,6429,16323.744356314826,4699.71018913972,124.08910247079596,38.24455625489102,-0.7105123753658714,1639,0.9513208161502409,1,0.47430156938224505
fov0,6430,16301.946273830155,4243.637781629116,63.694678946701806,15.575504966585813,1.377446479722792,577,0.9696407566608799,1,0.5361911082044851
fov0,6431,16306.137931034482,4366.4689655172415,31.676549657862676,18.63381122471446,-0.6513024188947909,435,0.808677273831362,1,
fov0,6432,16317.327536231884,5029.976811594202,30.789771194051863,18.61816106238542,0.9964266552852756,345,0.796463530170015,1,
fov0,6433,16315.883495145632,4164.9902912621355,33.22942416937932,9.076497321401305,-1.0020089813286899,206,0.9619724780450049,1,0.5032953765728072
fov0,6434,16322.493212669684,4286.62443438914,29.17826852490881,12.109608150818627,0.796010570986321,221,0.9098116135602766,1,0.34026916780597294
fov0,6435,16322.014814814815,4198.718518518518,20.19666177232799,9.298821261221741,0.08094038987753945,135,0.8877044311349077,1,0.4302271278428757
fov0,6436,16318.19512195122,5707.09756097561,23.47786023234084,10.712625014943228,1.552713455508254,164,0.8898330460484556,1,0.8642427559033252
fov0,6437,16381.27181898325,4065.0517190714077,133.967158163606,100.32100059367113,-0.010052511515701757,3403,0.6627421038279415,1,
fov0,6438,16331.746606334842,4447.638009049774,24.28704359694745,14.423215841801646,0.7779302563643902,221,0.8045649860461151,1,
fov0,6439,16336.180487804879,4224.8439024390245,30.159168677941725,9.577988210439893,-0.2258823340581908,205,0.948231044296152,1,0.427120251333025
fov0,6440,16361.807610993657,4411.260042283298,54.58084673888749,12.648823279306946,0.12254292781974074,473,0.9727766355959112,1,0.36363851881351567
fov0,6441,16346.915841584158,4725.8861386138615,29.713023173003247,9.47658166551141,0.11087701714960058,202,0.9477759267562768,1,0.32702437918811567
fov0,6442,16369.549668874171,4323.377483443709,114.58871114288607,31.10403683668482,0.7373761369892771,906,0.9624551736070951,1,0.24853201156024343
fov0,6443,16372.488571428572,5708.73,79.20501983232205,17.664873963235184,0.0737469815348221,700,0.9748122214745132,1,0.4618454831668659
fov0,6445,16384.68458781362,4937.480286738351,101.24187892644339,14.543515553730717,-0.24959187461730842,837,0.9896283837745878,1,0.3516396171212981
fov0,6446,16376.803986710964,4194.646179401993,60.92400950877729,19.919091981353244,0.1978956761443296,602,0.9450417113819953,1,0.3216926596013716
fov0,6447,16378.650707290533,5222.528835690969,165.9293815583823,37.7136492722745,1.1532406899933951,1838,0.9738277367886531,1,0.5528141851174511
fov0,6448,16409.4228133817,4535.195485691253,189.50556156473456,66.71641836866877,-0.4975878086488306,2481,0.9359792391858012,1,0.31336289654029464
fov0,6449,16374.606770833334,4229.106770833333,34.310796165579745,15.452490612739936,0.04709399206863782,384,0.8928429357814985,1,0.07907648463704656
fov0,6450,16369.985250737464,4374.8436578171095,25.40746333140964,17.894187144882288,-0.007947679784302643,339,0.7099137607050933,1,
fov0,6451,16375.218068535825,4459.323987538941,39.80150209078697,12.807394966146768,0.03323878418920255,321,0.9468138878251774,1,0.3893721226098262
fov0,6452,16375.639705882353,5072.89705882353,40.41301958246341,14.338763264816565,0.985386426308136,272,0.9349401201569447,1,0.33687369338954226
fov0,6453,16429.327896995706,5139.194849785407,140.01157425400808,26.65295193238019,0.22627337835391093,1165,0.9817138698843562,1,0.31668430437744277
fov0,6454,16379.235632183909,5676.097701149425,27.23968280254152,9.785866842901372,0.3441255844658557,174,0.9332412082263954,1,0.31680585193792693
fov0,6455,16422.192782526115,5356.889838556505,107.7240946489576,31.436928591644374,0.1111357067956268,1053,0.9564707533093247,1,0.21249376412956492
fov0,6456,16466.486363636363,4721.628977272727,217.40627154152975,21.087875722047507,0.16739039238043252,1760,0.9952846202313768,1,0.2750356158109171
fov0,6457,16434.221198156683,5595.362903225807,96.47798260042242,22.90640315251498,0.29794315388063336,868,0.9714055733512075,1,0.2217557584103989
fov0,6458,16406.306532663315,4010.668341708543,33.14045336414296,7.860259684043144,-0.37819861750320366,199,0.9714656700299584,1,0.4880033957638847
fov0,6459,16427.881081081083,5016.394594594594,74.13027157814336,27.07113871558056,0.4804524725866763,555,0.9309356274824853,1,0.2426464069853329
fov0,6460,16447.44884792627,4226.836866359447,113.24955977331537,17.086536500204897,0.08767287291132585,1085,0.9885528361920727,1,0.33163186513650106
fov0,6461,16417.537313432837,4479.358208955224,30.91102425562846,8.505511863678871,-0.04392367591776264,201,0.9613981284764793,1,0.551805119069715
fov0,6462,16415.363636363636,4174.62210338681,34.43181026936812,22.047346691033066,1.4644261482385341,561,0.7681089868374033,1,
fov0,6463,16407.93288590604,4423.0,27.799293559682077,7.786563071187949,1.514890515080855,149,0.9599710276803476,1,0.7008972165252391
fov0,6464,16422.757225433525,4764.248554913294,44.299297804045885,17.292760145167627,0.3431468980537247,346,0.9206614743053426,1,0.34538911601137195
fov0,6465,16436.877805486285,5404.73566084788,69.45249063669499,12.828122316356964,-0.009103588587516628,401,0.9827942789233914,1,0.0637543455191093
fov0,6466,16427.479452054795,5066.433789954338,37.19019015042566,10.923147159542662,0.5495304739557275,219,0.9558944380506427,1,0.17796431932346074
fov0,6467,16426.75806451613,4133.677419354839,35.18339741967338,14.608591997904712,0.22136998849452688,310,0.9097243800976824,1,0.13279855707621266
fov0,6469,16464.57555847569,4621.316688567674,93.43055063610159,27.55867102295689,-0.5482197725840408,761,0.9555082936618922,1,0.5870758486063307
fov0,6470,16445.47859922179,5285.614785992218,59.134750119608164,22.899190266052695,-0.7265537531413591,514,0.921980017013924,1,0.5808426224563665
fov0,6471,16457.828625235405,4967.082862523541,79.3995235734035,13.767312787005944,0.09400500605616696,531,0.984852733155177,1,0.2816763156834368
fov0,6472,16436.82,4442.395,20.512156827931307,12.924264863672176,0.46504825432755525,200,0.7765316080588506,1,
fov0,6473,16451.50200803213,4183.879518072289,37.10139569361711,9.336690927033086,-0.2655251007535782,249,0.9678174341566048,1,0.2982286149105673
fov0,6474,16469.998507462686,5197.06119402985,107.61757762131381,65.43692433007476,-0.8686257223456828,1340,0.7938983321430646,1,
fov0,6475,16450.50354609929,4360.943262411348,22.250384032537102,9.150625714725075,0.3763453062022199,141,0.9115194443207654,1,0.3476647623876409
fov0,6476,16450.227424749162,3992.879598662207,33.75790681861253,13.724465514369141,1.15925292019041,299,0.9136260489305031,1,0.547988990951507
fov0,6478,16511.139779005523,4096.877900552487,129.72123382819152,52.375657198609574,0.058046633780991994,1810,0.9148669432072598,1,0.3481027695084564
fov0,6479,16478.296296296296,4900.929146537842,50.97615220644894,44.513021428590505,1.5108268215305807,621,0.4873393598456983,1,
fov0,6480,16473.026936026938,4538.195286195286,39.15292601405881,12.367097763594048,-1.537294145114744,297,0.9488036431366741,1,1.0855140104646321
fov0,6481,16597.46824179196,4863.823105247008,303.16639968405474,111.26458624962468,0.4495558931699075,6518,0.9302176651844553,1,0.2025831149763381
fov0,6482,16497.8474148802,4332.950819672131,77.75306075527673,18.507007991697588,-0.28915337252297973,793,0.9712595457850766,1,0.3780183889323221
fov0,6483,16480.555555555555,4033.0409356725145,29.003843529753553,8.68616164532251,0.5688005193025235,171,0.9541015977943172,1,0.31888662837852044
fov0,6484,16519.003725782415,4498.7786885245905,143.0288511475422,38.47808418849353,1.0268599328808388,1342,0.9631336870868402,1,0.6807289877843012
fov0,6485,16497.53488372093,4699.409302325582,56.23161274725426,12.92316250539435,-0.5016375431033423,430,0.9732330960159631,1,0.3919477205248686
fov0,6486,16487.286821705427,5690.240310077519,19.857295344195073,8.63234261775402,1.1472172519150894,129,0.9005661735484346,1,0.43523834785440235
fov0,6487,16502.526119402984,5384.317164179104,45.848568564730144,9.261797473663679,0.07840892589641514,268,0.9793837823601785,1,0.07069255604295954
fov0,6488,16586.897641746113,4406.395885599599,209.3061218595841,61.329157725744984,0.1969940779102275,1993,0.9561088333843665,1,0.25721169902038604
fov0,6489,16514.767932489453,4188.107594936709,54.16130947388084,13.041452516465768,-1.1855633907328769,474,0.9705774638285727,1,0.7268485675914282
fov0,6490,16551.775427995974,4986.856998992951,122.46778893721167,75.59482162368394,0.5688879191233938,1986,0.7867569648127875,1,
fov0,6491,16533.836393989983,5723.754590984975,82.11598713458235,19.076862948077718,0.43142568324473785,599,0.9726403478487206,1,0.5735979534412242
fov0,6492,16510.411042944786,4570.98773006135,26.57606397627187,8.30188076865217,1.4572709168903866,163,0.9499566108200332,1,0.9205981013730936
fov0,6493,16575.78918735124,5235.336960217613,111.86566058765268,82.97161465987193,0.0870786020030172,2941,0.6707233280232959,0,
fov0,6494,16683.450904837267,5917.055872841121,411.5706757666626,156.63570924243396,0.561743085842423,14533,0.9247478585997949,1,0.1924053178478523
fov0,6495,16550.78313253012,5379.6325301204815,82.91016485483291,27.40686213830694,0.06773907939101875,664,0.9437846492089341,1,0.08142114221666004
fov0,6496,16559.172106824924,4292.185459940652,62.39513264547211,34.188099261769835,1.003944921503642,674,0.8365248772206282,1,
fov0,6497,16562.756465517243,4166.5657327586205,63.16764547690734,45.782124254552436,-0.9345265741160426,928,0.688989061227429,0,
fov0,6498,16554.112994350282,4232.802259887006,27.245838369272967,10.282915167888367,0.9212765443825816,177,0.9260453217746373,1,0.7074296927047576
fov0,6499,16559.208695652174,4665.121739130434,18.371544287008646,8.500906735807407,0.6361406494333732,115,0.8865037528447763,1,0.7060572400052088
fov0,6500,16689.79630875709,5202.162549264635,434.79053392464994,149.12784754141006,1.005327855545054,10403,0.9393398590850368,1,0.2111110606074069
fov0,6501,16569.503067484664,5807.312883435583,22.4334042287721,11.17777968178681,0.9610526596835406,163,0.8670248041038864,1,0.625942993432543
fov0,6502,16585.879901960783,4467.078431372549,48.1674469471663,11.775648326102148,0.2407954169985974,408,0.9696560577684405,1,0.25937659881874586
fov0,6503,16569.420168067227,5762.327731092437,14.701175787104205,12.616028744065877,-0.8436292224017248,119,0.5133746263942678,1,
fov0,6505,16578.12424242424,4581.506060606061,26.627457951399908,21.38345455235899,1.2695750514007131,330,0.5958977627125956,1,
fov0,6506,16589.422330097088,4524.878640776699,65.2294370038235,12.283544469919232,0.8365073574561683,412,0.9821090833326385,1,0.2000801777302852
fov0,6507,16631.25971622455,5536.5798889574335,110.17414748643696,46.1734210832098,0.6331893520394462,1621,0.9079424441214059,0,0.29912239717590106
fov0,6508,16606.962845010617,5651.450106157113,118.8780948387105,22.69983967971336,1.3392114017801147,942,0.981599654008254,1,0.7634283088433109
fov0,6509,16623.926829268294,4282.087906504065,96.40860718271439,92.55255823037459,-1.37065225682421,1968,0.2799894968128583,1,
fov0,6510,16602.09252669039,5410.437722419929,48.765589955018505,7.78236316688807,0.34508414348218464,281,0.9871838383853663,1,0.2803608646510433
fov0,6512,16598.80528846154,5768.108173076923,50.65416453139858,12.8413493527731,-1.4783639858924975,416,0.9673327032419977,1,1.183093754262588
fov0,6513,16611.52380952381,5444.184523809524,28.511764406423428,8.020907639840164,0.2198295543577576,168,0.9596142403168134,1,0.3128846316011941
fov0,6514,16620.628048780487,4767.8536585365855,43.4217321363904,13.985947155460957,1.0865912246540703,328,0.9467071616029896,1,0.22049062990528506
fov0,6515,16678.971548998947,5404.520021074815,207.5224456875329,16.47388319428986,0.6242540293446549,1898,0.9968441406278349,1,0.22703945540400133
fov0,6516,16662.78637413395,4488.055427251732,95.46086501312774,16.430567560991463,0.5597481153688241,866,0.9850762762547997,1,0.12310945167856555
fov0,6517,16680.90660592255,5351.608200455581,149.61151429391842,29.7510480758611,0.6436078109725338,1317,0.9800288541644211,1,0.15172931665507602
fov0,6518,16667.035612535612,5693.18660968661,139.10038438315289,63.04431277834358,1.086443893625983,2106,0.891394174028681,1,0.6561477053217871
fov0,6519,16644.126373626375,4544.82967032967,23.473559328675584,10.11623579541732,0.42080224169016106,182,0.9023695936707293,1,0.5026245946156498
fov0,6520,16649.160714285714,5789.0625,32.739508602506326,15.93084016312852,1.0154450870129392,336,0.8736283680495214,1,0.6238531173903035
fov0,6521,16649.06557377049,4607.813114754098,39.2107911172143,11.366229003622054,-1.5097310796858114,305,0.9570645070455809,1,0.9340546483661183
fov0,6523,16669.257751937985,5468.4321705426355,56.666361789515,28.327063210036176,1.3877205177762928,516,0.8660877253879554,1,0.49631582438269417
fov0,6524,16686.05389908257,4767.547018348624,77.49398641728475,35.20183266703301,0.803410569796964,872,0.890873008797416,1,0.31604994917437584
fov0,6526,16683.432432432433,5023.627027027027,28.08893821391072,9.318351865965374,0.06780946574533037,185,0.9433692599792476,1,0.16454503465243295
fov0,6527,16685.716417910447,4205.338308457712,34.43848351441896,7.750286475521884,0.9300833550136817,201,0.9743478481381277,1,0.41892730013312135
fov0,6528,16695.97435897436,4987.393162393162,21.997720729095946,7.097089079569849,0.3454933499264763,117,0.9465257134164394,1,0.28181323144512277
fov0,6529,16721.077496274218,5796.235469448584,74.88791596087181,28.760330489301406,1.0148667749324287,671,0.9233143721006619,1,0.14930346299584693
fov0,6530,16719.85380116959,4152.356725146199,40.85248843298383,21.3835815871569,0.4987899833662736,342,0.8520662202128405,1,
fov0,6531,16741.27377892031,5515.137532133676,86.2256760020836,19.273462423813033,0.19394386401657135,778,0.9746985471073671,1,0.5591114378941632
fov0,6532,16805.525600835947,4453.329153605016,228.9101304915424,19.189879065726355,0.6084104779101898,1914,0.9964799446061241,1,0.1575473742880057
fov0,6533,16721.04469273743,4226.865921787709,29.974857488626775,8.124970378674195,0.5168653524461978,179,0.9625625893951101,1,0.335423766127675
fov0,6534,16722.557746478873,4829.447887323944,36.030162253872284,14.594844124204462,0.7883516088157707,355,0.9142843676503722,1,0.23797715457058818
fov0,6535,16724.26451612903,4267.470967741935,22.827183536380286,9.948557789859686,-0.693725368513805,155,0.900033537029741,1,0.7742367125752515
fov0,6536,16723.930555555555,4508.305555555556,25.850087861097027,7.42232165889705,0.7715558956575002,144,0.9578917870172717,1,0.16140555338276397
fov0,6537,16723.21052631579,4538.2807017543855,17.162129333481488,8.812883663390862,0.6923405897609638,114,0.8580850514987639,1,
fov0,6538,16737.030690537085,4661.726342710997,59.39235254382267,11.77322526179773,-1.159345304501798,391,0.980155943385941,1,0.5776546040439722
fov0,6539,16731.872180451126,4301.699248120301,23.265130517262257,7.4350997726346915,0.90959246469867,133,0.947558872546639,1,0.43133730302495593
fov0,6540,16773.113577023498,5097.750652741514,157.13284141573513,41.96873182402415,0.6422880885136477,1532,0.963671375438577,1,0.2717459118418565
fov0,6541,16742.821428571428,5625.125,29.150033055217754,8.239922401274894,0.8040237934772702,168,0.9592163832830767,1,0.6069069284667794
fov0,6542,16777.85324232082,4760.4493742889645,84.51753167803322,36.550535062999764,0.04221442923852329,879,0.9016526469768984,1,0.27846097610544895
fov0,6544,16751.678787878787,4934.515151515152,40.89780221530501,20.87814846714169,1.200909616411224,330,0.8598803595445274,1,
fov0,6545,16763.603515625,4622.115234375,68.7846036676122,12.369847903539384,0.5092702266985404,512,0.9836968722247749,1,0.45671959959984054
fov0,6546,16745.965217391305,5470.713043478261,14.845403939497528,10.61167068147044,-0.11479524353273539,115,0.6993168212285069,1,
fov0,6547,16756.70810810811,5730.9081081081085,31.41223172639141,7.706113731105745,0.5952155591157064,185,0.9694416339564208,1,0.2697329913972635
fov0,6549,16772.439175257732,4702.593814432989,50.44520629465194,13.189996000647099,-0.16528107669216052,485,0.965211131188518,1,0.30494568436012304
fov0,6550,16756.456310679612,4850.116504854369,14.4831531260442,9.74880018319978,-0.0960164810533398,103,0.7395395504842551,1,
fov0,6551,16789.61839708561,5029.206739526412,85.17037309679127,33.14744812407248,-0.088046874718481,1098,0.9211575487603074,1,0.414114514718835
fov0,6552,16764.92176870748,4348.397959183673,33.22077810271814,13.040220689308562,1.0145389713978348,294,0.9197383195969567,1,0.49918821106126604
fov0,6553,16766.266304347828,5420.630434782609,30.289880465279442,8.234797736558674,0.958678610678273,184,0.962335032511172,1,0.32467903452960645
fov0,6554,16814.723697148474,4260.66273352999,135.74318128463693,19.133078616721956,0.4187223439642609,1017,0.9900166347828673,1,0.3109412739297158
fov0,6555,16778.81313131313,5199.732323232323,26.852633196619678,10.443626866027351,0.3351007702784057,198,0.921269946746994,1,0.2594478233944799
fov0,6556,16784.09907120743,5765.35294117647,52.06677315259918,14.0539679564424,1.4337147469927563,323,0.9628821888622849,1,0.2861375555175482
fov0,6557,16799.73752711497,4870.540130151844,74.87953395168738,10.807978007223602,1.0457718104385758,461,0.9895284132889043,1,0.29834354522298584
fov0,6558,16789.429824561405,4925.587719298245,33.65562650211954,9.463246632167818,1.3202514060552222,228,0.9596554155180269,1,0.5287736164370989
fov0,6559,16798.26277372263,6037.0559610705595,47.02514774889081,13.339522464018845,0.7090596909359669,411,0.9589225995921298,1,0.5474914078725526
fov0,6560,16829.715271389145,5562.172493100276,168.6709293590975,74.39753957715841,1.3692753571375165,2174,0.897467305877028,1,0.8478836004524611
fov0,6561,16801.475409836065,5865.269320843091,31.756740716317488,22.703817444946797,1.2225696320471053,427,0.6991969748450095,1,
fov0,6562,16803.76020408163,4035.637755102041,38.31141783887576,7.130802273186838,0.2237260574020856,196,0.9825256299489329,1,0.3316287644661166
fov0,6563,16811.11149825784,5458.094076655052,48.06314282565681,11.848259015993587,0.06094389707350789,287,0.9691391169605073,1,0.5363326615925632
fov0,6564,16795.0262345679,5570.009259259259,70.5304604719382,13.580479231396518,-1.5306078680938078,648,0.9812876113528175,1,1.2570618039916237
fov0,6565,16834.905405405407,4307.9984984984985,82.67608654818528,13.833160941826796,0.1761812654081262,666,0.9859030553968648,1,0.2886237552108946
fov0,6566,16818.904761904763,4992.065162907268,57.34535618605315,18.705977687888648,0.10995051990684254,399,0.9453012438853606,1,0.3393831642677116
fov0,6568,16835.288164665522,4567.955403087479,80.07434619174299,11.314665557930493,0.27600442918017637,583,0.9899665366891126,1,0.13122265106007663
fov0,6569,16852.91897106109,4671.042122186495,136.08937848709016,95.22344193324156,0.8565714419947722,3110,0.7144245164442419,1,
fov0,6570,16835.942720763724,4537.453460620525,64.72338081549547,11.633203893235809,0.3000466659381447,419,0.9837146502440961,1,0.12095829442739157
fov0,6571,16818.811881188118,5200.242574257426,33.872015104625895,7.9360492454386495,0.970079172509274,202,0.972165509237329,1,0.3196427439145972
fov0,6573,16831.564459930312,4746.167247386759,30.627693237042056,12.772263976045933,-0.20568394366377102,287,0.908898757689478,1,0.2695000283063356
fov0,6574,16833.702564102565,5423.24358974359,38.59010016063405,20.9009464087691,1.0316442054683823,390,0.8406271785041497,1,
fov0,6575,16861.61565338924,5870.853249475891,149.20005834670692,59.58798621881256,0.7812091326311096,1431,0.9167841162994929,1,0.6099977484453267
fov0,6576,16915.374153498873,6022.695635816403,177.98080150834215,136.80103187792676,-0.03817517673811283,5316,0.6396959901532249,1,
fov0,6577,16859.119195046438,5315.753095975232,81.7529221145714,63.767185329516565,0.29657167538779367,1292,0.6257809458321684,1,
fov0,6578,16868.58401639344,5126.43237704918,50.282651012586676,12.805994355177411,-0.025793678857181025,488,0.9670253401562093,1,0.4033433104362881
fov0,6579,16952.275060386473,5112.618357487922,357.4374683455084,28.92272412540149,0.8490416284008365,3312,0.9967208530006996,1,0.22959493998164726
fov0,6580,16862.721126760563,5804.5352112676055,53.43386797867915,11.374167023192731,1.3581030924814523,355,0.9770817555163356,1,0.24253372731155995
fov0,6581,16874.365546218487,4815.714285714285,39.99005410373064,8.205769860495764,0.5209763172748045,238,0.9787210542740029,1,0.22428096766840336
fov0,6582,16869.10559006211,4137.403726708075,28.896343681561934,7.310596640848171,-0.8716264915070863,161,0.9674678921466617,1,0.6136466515962304
fov0,6583,16888.115318416523,4107.886402753873,65.02404242924916,14.575057056484674,0.453772169278546,581,0.9745549462239181,1,0.3382516762521811
fov0,6584,16876.666666666668,5626.75799086758,29.83784731046966,10.080581945643146,1.3761710490173202,219,0.9412015880801504,1,1.2155927374307218
fov0,6585,16897.72,4560.989333333333,45.490747352751946,11.165289286160354,0.6077052035947825,375,0.969411559662468,1,0.17891614823922328
fov0,6586,16918.091978609627,5149.863101604278,84.56941425742525,36.68962639507579,0.6062984175749369,935,0.9009897496746517,1,0.19875378956622505
fov0,6587,16889.83987915408,5395.85498489426,46.15809622724155,12.085074370066277,1.4986837085986329,331,0.9651169478606542,1,0.41083486870241986
fov0,6588,16921.181981981983,4291.783783783784,86.5892247292371,9.947492890737006,0.3586557785005607,555,0.9933792125251365,1,0.051452662351203264
fov0,6589,16965.629441624365,4816.839467005077,224.67586061711043,24.358283422687926,0.5443658392118316,1576,0.9941056983675796,1,0.084281422986232
fov0,6590,16899.762376237624,4159.069306930693,20.858805954641802,6.3720628860617285,0.313074514919353,101,0.9521967264102646,1,0.29964055757915586
fov0,6591,16936.694594594595,5245.35,121.95771092031639,13.63261425677075,0.8093944033460772,740,0.9937328107708822,1,0.11560681791005858
fov0,6593,16932.54085603113,4369.628404669261,79.95490466070072,11.818855910060666,0.30055731377174605,514,0.989014426774887,1,0.08993297353323754
fov0,6594,16936.694164989938,4587.655935613682,50.53371757581593,30.06242709707256,-0.16383837695047676,497,0.8038009135503134,1,
fov0,6595,16925.867816091955,4724.264367816092,30.108048612240363,7.621326224058353,0.5499370687090996,174,0.9674316137113532,1,0.20213624792103652
fov0,6596,16934.02572347267,5396.858520900321,100.7701483365422,39.58006050497452,1.2717134582165386,933,0.9196343234315452,1,0.25498664517604547
fov0,6597,16924.07438016529,5949.669421487603,21.072621914960287,7.531211249694129,0.6602483215518503,121,0.9339540237793131,1,0.663291573408259
fov0,6599,16937.161458333332,5483.471354166667,41.12793537487591,12.922049699330815,0.7676251924417762,384,0.9493596109444344,1,0.22633783448284467
fov0,6600,16956.560839532413,5848.947662061637,230.3547785131451,62.85062465945955,1.501771427070506,3764,0.9620586517324528,0,1.017046129118397
fov0,6602,16992.415048543688,4869.265776699029,125.12856254435712,10.324120436445286,0.7115287990612954,824,0.9965903936896786,1,0.10424294185625595
fov0,6603,16969.864559819413,5589.6365688487585,61.66403683804372,10.58118194522326,-1.428608339212355,443,0.9851677427270137,1,1.120957449395454
fov0,6604,16984.449886963073,5420.6767143933685,114.28130939427426,30.71318554757333,1.2807231267966108,1327,0.9632097612036276,1,0.2664281376127736
fov0,6605,16979.40740740741,5516.4047619047615,52.969982915022186,16.367285329090905,1.2925842660542333,378,0.9510647329740621,1,0.6987233258451171
fov0,6606,16985.60237388724,4715.86646884273,53.324866348418546,8.53304018864382,0.8361400133416869,337,0.9871137873391079,1,0.1526241662432351
fov0,6607,16977.779874213837,5000.396226415094,25.088064122260885,8.702269808116677,0.9816628927628521,159,0.9379136151807235,1,0.6466097088447111
fov0,6608,16985.35950413223,4944.842975206611,26.74851682404357,14.036725195576995,0.5404541092862938,242,0.8512462243904717,1,
fov0,6609,16994.94,4639.53,56.37261072144306,12.92968524166942,1.1622285418412672,300,0.9733413973232299,1,0.3136602348692117
fov0,6610,16984.46120689655,5890.674568965517,50.19764367646316,12.355177818010835,-1.474208316719977,464,0.9692366643146585,1,0.7747037620912789
fov0,6611,16997.09929078014,5689.482269503546,18.07833637583577,10.777751230193385,0.78501996309214,141,0.802858660061437,1,
fov0,6612,17113.64581557866,6018.367990455088,280.8302439090959,68.28120039372897,-0.36323805857460273,5867,0.9699910859526124,1,0.13808754365207718
fov0,6613,16997.244680851065,5630.973404255319,36.365863415335824,6.86972045204756,-1.3305710171099234,188,0.9819952241344115,1,1.166692480920157
fov0,6614,17013.41726618705,5819.249400479616,66.42262214876624,11.368899774352853,1.4458036171538409,417,0.985243236456983,1,0.987710950128512
fov0,6615,17016.28971962617,6020.261682242991,15.813584708464202,9.20261698763625,1.1438266591813997,107,0.8132290310909495,1,
fov0,6616,17019.035087719298,4965.184210526316,18.59601510024657,9.061832916400485,0.520114790198406,114,0.8732347821323129,1,0.5470464530796838
fov0,6618,17029.876811594204,5931.613526570049,36.96739386423087,17.413872788000496,-0.6666252918978538,414,0.8821009945614928,1,0.28115590154127784
fov0,6619,17029.28679245283,5473.51320754717,39.65842324172094,9.801237742313317,0.9310404493643855,265,0.9689794294157061,1,0.1784381963984438
fov0,6620,17033.019287833828,5866.394658753709,85.48285071414038,20.921789716310393,-1.1761619941910335,674,0.9695866272298855,1,0.6742718693796642
fov0,6621,17038.691771269176,5049.364016736402,68.55318027672539,40.90327479083172,-1.3451997912830886,717,0.8024905146280304,1,
fov0,6622,17032.924324324325,5368.491891891892,30.41450101898398,8.02903773669829,0.4146315606642036,185,0.9645261943207231,1,0.37777635487278644
fov0,6623,17083.504916136495,5967.322151532678,173.91576432101266,62.4729992931047,-0.4180999973724674,1729,0.9332551696189332,1,0.26852101227488395
fov0,6624,17044.96615720524,5303.893013100436,133.90977700101826,13.032905352096131,1.190444930999179,916,0.995252553999036,1,0.2328229090144469
fov0,6625,17057.30079681275,5471.754980079681,138.38594579887967,17.35605215995377,1.2769822800039532,1004,0.9921040223869049,1,0.13591086243789988
fov0,6626,17062.676038606798,5678.882920688208,143.23493190670666,52.42083430375477,1.4192896978918894,2383,0.9306235014765827,1,0.6954182165951838
fov0,6627,17050.852173913045,5904.565217391304,18.621385410826555,8.34423822884038,-1.4022547471841653,115,0.8939835625574792,1,0.25044624722707803
fov0,6628,17068.325657894737,4395.184210526316,43.497361965894726,10.120470701291085,0.4262101369634025,304,0.9725560746880202,1,0.1267904196120064
fov0,6629,17064.899159663866,4917.252100840336,16.481122562491098,10.325773229898086,-0.13864286478760052,119,0.7794043523984586,1,
fov0,6631,17075.578616352203,5236.861635220126,58.68507810687084,7.650119386550903,1.42571417832255,318,0.9914668778210743,1,0.5411504324726081
fov0,6632,17099.53363914373,4480.007645259939,100.60669018736859,13.089187776121628,0.9031306349627161,654,0.9915005417659213,1,0.20218667896448342
fov0,6633,17079.225092250923,5811.09594095941,45.75484385958883,10.053793303182397,0.9931879089942601,271,0.9755603234461379,1,0.819503343948321
fov0,6634,17089.52975495916,5094.677946324387,102.53154842638851,45.84365372173172,-1.5454062336826613,857,0.8944752122203596,1,1.0693449105744761
fov0,6635,17085.211155378485,5914.254980079681,31.161842128354223,12.982316968957006,-0.7649736322966822,251,0.9090855797640098,1,0.2099399918748115
fov0,6636,17101.705336426916,5159.252900232019,47.31581012250303,16.101438024388084,-0.44096076696176095,431,0.9403179308149818,1,0.6859579021512302
fov0,6637,17141.928251121077,4230.223094170404,160.8012997423473,25.530788200474582,0.6174893079391459,1784,0.9873152306416192,1,0.13506030211415673
fov0,6638,17111.236804564905,5422.64907275321,63.409785344728675,20.62477708623164,0.858308496268705,701,0.9456240271797477,1,0.447264319679024
fov0,6639,17115.782462057337,5219.70826306914,42.907546221120995,32.07548965977402,0.5776946221988833,593,0.6642067587715864,0,
fov0,6640,17099.813793103447,5495.041379310344,24.430792626360986,7.809084054117583,1.300872008961165,145,0.9475387080042859,1,0.15183324142195262
fov0,6641,17124.291666666668,4452.822916666667,57.87553776820368,9.021785530167486,0.32921743955300253,384,0.9877755996908476,1,0.2464915151938803
fov0,6642,17111.041533546326,5566.7140575079875,74.65199050693244,17.77836836269793,1.4896702261694499,626,0.9712283962936374,1,0.21347173625077145
fov0,6643,17124.174405436013,5754.984144960363,91.46758143391476,21.126902312070435,1.3034880719295852,883,0.9729592242019395,1,0.10888471183706523
fov0,6644,17136.484400656813,5123.080459770115,86.71090078489587,10.428687906115238,0.9815815304072972,609,0.9927412634888876,1,0.9214935948856323
fov0,6645,17144.256513026052,4810.154308617234,79.97778450895359,8.645546496907551,0.6218494043483436,499,0.9941400960587083,1,0.17198081124996828
fov0,6646,17159.869475847892,4950.594552929086,95.33224178373756,66.51143871694943,0.3936814317135793,1946,0.7164091206748481,1,
fov0,6647,17129.477941176472,4993.375,48.76171161174172,8.111867917351606,1.041760335917439,272,0.9860655355210515,1,0.6677085610691489
fov0,6648,17138.682890855456,5703.615044247787,79.90850859154166,17.039468411993372,1.022292785671665,678,0.9770004539488136,1,0.13702156519244654
fov0,6649,17143.875,5290.709183673469,54.948281944767736,9.744776865905752,0.9357557038224792,392,0.9841488302420256,1,0.17219647887806203
fov0,6650,17139.114035087718,5567.605263157895,18.043568709901496,8.518837635633133,0.6876175054453378,114,0.8815310856933379,1,0.31820235340352593
fov0,6651,17144.06842105263,5169.11052631579,31.25677206275405,8.335507315784538,0.45386333210067353,190,0.9637855611532641,1,0.5632874505834434
fov0,6652,17145.79069767442,5400.3488372093025,24.314905525249813,9.430172277280665,0.41783492639958136,172,0.921728801921007,1,0.41317475147689087
fov0,6654,17168.951515151515,5260.242424242424,27.77798172289041,8.147860141351448,0.474076446713549,165,0.9560140697338781,1,0.29719962622607576
fov0,6655,17177.3223880597,5420.101492537314,46.25831036147815,13.244905923661646,-0.7651319186587766,335,0.9581325866912097,1,0.7091819230280999
fov0,6656,17183.86170212766,5915.4609929078015,25.588282475798128,15.067750125266203,1.1517516251501205,282,0.808239776135961,1,
fov0,6657,17193.175704989153,5346.765726681128,55.44303416539743,14.516780234932806,1.0163597735767065,461,0.9651133703258787,1,0.4729707117340889
fov0,6658,17199.08521303258,5561.318295739348,85.73864050174413,45.45256117440998,1.2902537713339244,1197,0.8479168464112403,1,
fov0,6659,17232.927304964538,5332.44414893617,131.7121573149249,15.955615423248046,0.8144215447080265,1128,0.9926354274254194,1,0.4082221328371329
fov0,6661,17260.91102911029,4337.876998769988,275.8361012022751,16.40389044373758,1.0169908825790048,2439,0.9982301110823567,1,0.257905562526527
fov0,6663,17215.565476190477,5759.318452380952,45.56937053543135,12.760741447601829,1.2730399054400343,336,0.9599915656060312,1,0.9119544982879417
fov0,6664,17238.948833034112,5913.466786355476,127.82663821600627,45.95482325883887,-1.5505796594981913,1114,0.9331416287353312,1,0.8970085165902797
fov0,6665,17241.85076923077,4931.850769230769,77.56166100227398,18.047947693328197,0.6365577476445524,650,0.9725505720079611,1,0.5182965751336889
fov0,6666,17227.19801980198,5509.702970297029,18.407134098271644,7.16770690443291,0.15047826715506413,101,0.9210694633938641,1,0.4372275639212514
fov0,6667,17239.018633540374,6008.223602484472,46.35749242214075,10.794108373536407,-0.1426805864186512,322,0.9725138690830657,1,0.3644918208305805
fov0,6668,17239.41568627451,5164.341176470588,41.473944007428955,9.363598769971453,-1.2317026542729121,255,0.9741804860149853,1,0.9623999779545354
fov0,6669,17251.210110584518,5533.314375987362,99.28034741552602,14.200777526195061,1.246326364485741,633,0.9897173207171818,1,0.37475015477343143
fov0,6671,17262.4061302682,4423.065134099616,46.00681581809195,8.179455864664668,0.7296082796742817,261,0.984068827493574,1,0.1347256753067178
fov0,6673,17263.493333333332,6062.057777777778,33.733809784159014,17.479968172817735,-0.8772788441695111,450,0.8552754912171154,1,
fov0,6675,17294.228723404256,5431.382978723404,45.52557089751978,15.219817876778212,0.2601880115472774,376,0.9424618885152891,1,0.40698235519626397
fov0,6676,17298.088050314465,5920.344339622641,59.24808434377406,24.38414927123514,-0.004885997243046865,636,0.9113826088539388,1,0.6117468728879396
fov0,6677,17300.00676818951,4667.529610829103,99.76929772328293,11.018583732839158,0.8580029682783527,591,0.9938827234877757,1,0.16654580324933163
fov0,6678,17318.033183856503,5059.400896860987,121.1622249184543,16.90245418777075,0.8103496376953822,1115,0.9902216945474694,1,0.5254654818865592
fov0,6679,17293.57251908397,5817.706106870229,37.18460132547023,9.360852994228695,-1.3191083123547547,262,0.967794891843425,1,1.040159527760292
fov0,6681,17301.008928571428,4810.219642857143,78.18493174903614,15.32133428044873,1.2993270489583268,560,0.9806113401241685,1,0.6828422221788243
fov0,6682,17303.18493150685,5493.989726027397,48.78775817740926,7.991451858166537,1.1541842946532888,292,0.986493510058195,1,0.33694408377250196
fov0,6683,17308.56862745098,6057.191176470588,17.16671611888681,15.221778821938292,1.1956462062426645,204,0.4623394590706553,1,
fov0,6684,17421.26174589936,5961.963858771198,251.01904115980267,112.54199978848331,-0.0614928648622872,7194,0.8938628560752786,-1,0.5310461934516615
fov0,6685,17406.661936560933,4546.718141346689,258.6712130159032,40.55695057077281,0.8615345026151939,3594,0.9876320306359593,1,0.1293941346972181
fov0,6686,17324.706319702604,5588.832713754647,31.367726429197987,14.184921271502983,1.5015924833713354,269,0.8919095283971238,1,0.6181566819646558
fov0,6687,17330.457875457876,5757.247252747253,56.26387103013751,17.10665606137804,-1.281082746123585,546,0.9526581962285317,1,0.9149715014621612
fov0,6688,17336.50721153846,4927.375,48.40491052657281,13.009698933962708,0.8473018009137596,416,0.9632048971974094,1,0.5447866783347163
fov0,6689,17340.575250836122,5634.652173913043,71.38759152892662,16.23714804607109,-0.8548496340743896,598,0.9737896283906534,1,0.8261524931035952
fov0,6690,17341.237918215615,4881.698884758364,40.2393976358555,12.593571344923788,-1.2740013580702265,269,0.9497642644480092,1,1.0979431853990513
fov0,6691,17343.48888888889,5715.548148148148,18.7398237299069,10.270883626434767,1.4550418874085604,135,0.8364272787928435,1,
fov0,6692,17358.83024691358,5694.163580246914,48.47687529952642,9.344816193800634,0.6096545693335191,324,0.9812442571677309,1,0.626732651085091
fov0,6693,17376.261363636364,5819.538961038961,76.99080996375959,14.310081690795966,0.4846188328126658,616,0.9825748366031984,1,0.5727492032060989
fov0,6694,17363.355072463768,5877.826086956522,31.808632932188676,13.572121035010655,1.3561471558915106,276,0.9044024626625914,1,0.8024709879308911
fov0,6695,17396.248441674088,5524.706144256456,71.09875385756408,58.25636194877778,0.8291226521715395,1123,0.5732614992268297,0,
fov0,6696,17378.443223443224,4988.791208791209,50.72497759631068,8.059332791166286,0.8509658263028043,273,0.9872974304980624,1,0.5340364839312957
fov0,6698,17375.450216450216,5774.1558441558445,29.30232535645393,10.687696718286185,1.3074940771906547,231,0.9311098564038507,1,0.6809924268553329
fov0,6699,17379.0223880597,5137.858208955224,24.393063546193687,7.264169533188025,1.3051535000407612,134,0.9546293680312106,1,0.6708713097684194
fov0,6700,17383.69398907104,5668.147540983607,30.409893901243947,8.315728426831543,0.8890484103370103,183,0.9618848823084185,1,0.4745172224296876
fov0,6701,17385.652482269503,5199.801418439716,22.914299378595075,8.543754802063841,0.7444962290812633,141,0.9278888546518289,1,0.5194588053708288
fov0,6703,17388.35135135135,5476.186186186186,46.36724484489055,10.592329538597813,1.1910047312614291,333,0.9735570008226525,1,0.2633941208453202
fov0,6704,17404.52049180328,5310.549180327869,38.1159042040808,12.47100122002527,1.0500513536667906,244,0.9449598577599807,1,0.2486897083124046
fov0,6705,17407.26873385013,5770.498708010336,66.23243392042176,10.393082357898946,1.3178529204343925,387,0.9876115837645539,1,0.6840486956469912
fov0,6706,17423.157423971377,5374.441860465116,36.3879154788301,23.252490387797305,-1.1359096288873343,559,0.7691927530800962,1,
fov0,6707,17432.710462287105,5891.457420924574,44.467309682501984,17.145817161329177,0.625127114243593,411,0.9226733566700993,1,0.5852532366480949
fov0,6708,17431.426284751473,5439.870261162595,102.54495644114652,28.035849260294487,1.5524747292059082,1187,0.9619002702067752,1,0.5984248076953298
fov0,6710,17440.930622009568,5757.027511961723,114.83383859883443,18.41441880324613,1.512555100561583,836,0.9870590699462687,1,0.10480033589435177
fov0,6711,17442.123376623378,4643.636363636364,28.30220168752528,8.877383999917289,0.4190984448903036,154,0.9495340152532659,1,0.3404219809143984
fov0,6712,17468.5,5473.665,34.14850114194007,9.847043706560726,1.5250516391481164,200,0.9575222273093713,1,0.5903342065737739
fov0,6713,17473.437185929648,5714.939698492462,32.01178770635796,8.585866444294515,1.218007315089715,199,0.9633606020282199,1,0.12368995748366106
fov0,6714,17499.000756429654,4711.673222390317,144.44669514141103,20.634353513429023,1.0954550196616881,1322,0.9897442065695334,1,0.405170291972671
fov0,6716,17482.31592039801,5547.937810945274,42.84185477888493,19.742907078852927,-0.8104427632414899,402,0.8874872755806358,1,1.0983261607774453
fov0,6717,17483.788617886177,4829.90243902439,19.510294836878508,8.232982431301249,-0.32122121011622246,123,0.9066044667065555,1,0.6947954816615498
fov0,6718,17506.986682808718,5748.800242130751,88.55797320398528,18.94714263959157,1.417621406445592,826,0.976844206490398,1,0.7138719382246886
fov0,6719,17508.218978102188,4791.540145985401,19.774857510706763,9.316101003499364,1.4232642376620035,137,0.8820753359284478,1,0.5534762971985315
fov0,6720,17508.467065868263,5581.796407185629,27.032907987913575,8.054604894143859,1.3853017909049754,167,0.9545797461942611,1,0.930578791011036
fov0,6721,17516.67816091954,5487.9655172413795,48.48329310184186,10.187538110565738,1.4299825006896472,261,0.9776745902636118,1,0.625072791056555
fov0,6722,17528.14342629482,4980.422310756972,71.97692715484605,15.588707566773877,1.2528372262652296,502,0.9762650441841259,1,0.49487654322503216
fov0,6723,17541.5749235474,5912.111111111111,96.49703863359828,40.502117812668345,-1.4855035360512854,981,0.9076518106232428,1,1.155329173503362
fov0,6724,17534.66853932584,4908.36797752809,44.88892275366719,17.723963649974653,0.561673334343751,356,0.9187496928495723,1,0.4073905721083675
fov0,6726,17554.125791855204,4826.336651583711,63.422346794117075,52.08050710253182,-1.484645631838592,1105,0.5706841382339178,1,
fov0,6728,17547.0,4955.305555555556,48.52405731220857,8.668578719907115,1.055059425231068,288,0.9839136013947855,1,0.4222916580188627
fov0,6729,17557.659498207886,5784.372759856631,30.007394645900526,14.790092010231088,-1.4275496542127073,279,0.8700964030180013,1,0.9344667961066268
fov0,6730,17568.598187311178,5455.513595166163,44.26626920351505,19.353962155663428,0.3250318068880177,331,0.8993560804492547,1,0.503675614992449
fov0,6731,17571.13145539906,5011.892018779343,33.96297423957892,10.021891531652553,0.7203080528668957,213,0.9554716670042397,1,0.34836731991043174
fov0,6732,17583.075391180653,6005.25746799431,42.70260424515316,23.000934399246,0.1813236693485836,703,0.8425419569780163,1,
fov0,6734,17588.30166880616,5879.2734274711165,119.7948879170561,27.768917760623633,1.4913475250454789,779,0.9727625451258284,1,1.2717270445796955
fov0,6735,17589.10280373832,5138.616822429906,34.62101737733315,8.215982670121068,1.3377475457833017,214,0.9714334858735106,1,0.17590088957476183
fov0,6736,17613.743061772606,5760.6481647269475,123.96227153944471,29.44015973317357,0.9833892363565172,1117,0.9713892736765818,1,1.121602238542563
fov0,6737,17614.064245810056,5558.829608938548,47.06392389780904,10.811155263888441,-0.7930784424446379,358,0.9732586125956479,1,0.7947033803392864
fov0,6738,17617.648745519713,5376.673835125448,41.304048163832505,9.632965128697942,0.7095988868563322,279,0.9724237945309672,1,0.3127983159744944
fov0,6739,17613.377272727274,5614.995454545455,32.15398735535309,12.460400997542664,-0.6852052065557783,220,0.9218601481984198,1,0.7677567477756428
fov0,6740,17616.1858974359,4952.275641025641,25.52699883749694,8.161112488098357,-0.5129582839656258,156,0.9475170867563376,1,0.7181787857551746
fov0,6741,17648.03903654485,5685.379568106312,107.92342515179413,43.98261646888889,0.523081871035914,1204,0.9131894086155822,1,0.6535820498557766
fov0,6742,17694.026966848094,5877.965239980208,469.948613092887,79.4457104001306,-1.369094008981926,8084,0.985607148868995,1,0.9912124994817659
fov0,6743,17668.229500320307,5545.227738629084,274.53677712819484,90.94356674662606,1.2312011325723196,6244,0.943538855641492,1,0.7538607625853065
fov0,6744,17614.76818181818,5298.122727272727,34.96492617997045,8.717194182722992,1.5011614496476826,220,0.9684230804426028,1,0.3741704700119047
fov0,6745,17633.25925925926,5918.910331384016,58.86991118614964,26.007324463233246,1.349253672638055,513,0.897125301754223,1,1.2019039510669753
fov0,6746,17635.751515151514,5831.951515151515,39.45221798092735,11.067834855022312,-1.4198105209424419,330,0.9598430047251203,1,0.945809643100032
fov0,6747,17647.128099173555,4954.028925619835,23.630521063365546,22.656622361637883,-0.5376102226116423,242,0.2841278369315494,1,
fov0,6749,17645.911504424777,5749.061946902655,19.313793039295504,8.063546661458558,-1.174633668632245,113,0.908676017185573,1,0.6907687500506964
fov0,6750,17679.63179916318,5746.062761506276,36.76869043926887,9.332909305352391,-0.987094724010058,239,0.9672494702296545,1,0.6317561932300022
