fov,label,centroid-0,centroid-1,major_axis_length,minor_axis_length,orientation,area,eccentricity,euler_number,alignment_score
fov0,1,895.8418410041841,13984.732217573222,79.040203386656,48.307270936254,0.5269770553010397,1195,0.7914967202629204,0,
fov0,2,1038.448120300752,13956.554135338345,138.80603591536467,41.75669415701911,-0.15619197970524537,1330,0.9536785215882491,1,0.26326411499508584
fov0,3,1013.3115942028985,13608.08695652174,22.215284255323322,9.237339792514469,-0.9619312219100739,138,0.909451456826278,1,0.3288766429088715
fov0,4,1060.8942731277532,13926.093979441997,90.19544044755139,15.891836372381725,0.009582431251535403,681,0.9843555785967282,1,0.32855915117580264
fov0,5,1223.8348676639816,13549.548906789412,98.76961451837266,83.27107882344905,-0.04376793017765773,1738,0.5377819426338757,1,
fov0,6,1229.760907504363,13794.129144851659,80.19644466055195,10.43243389506582,-0.7892497319759084,573,0.9915027156875161,1,0.2824383320720593
fov0,7,1332.6698795180723,13495.29638554217,54.328319077242966,12.399873089785526,-1.2900838363169067,415,0.9736049974625767,1,0.5684967906915642
fov0,8,1478.3248635027298,13508.217135657287,284.7144243073195,84.49111180733647,0.05234002901506724,4762,0.9549529028031244,1,0.3691316076202807
fov0,9,1440.9373531714957,13705.150352388411,101.06742593831001,18.115922152717225,-0.33358676102496015,1277,0.9838043025972919,1,0.29512360555018524
fov0,10,1481.8487394957983,13483.033613445377,19.867994181397727,9.183726826317903,0.015858793301560196,119,0.8867562982511512,1,0.3555978759672621
fov0,11,1820.4967525195968,13807.542889137738,747.5672767589193,51.503120151912924,-0.09148404264335988,8930,0.9976239653196626,0,0.11235763536965428
fov0,12,1640.90756302521,13510.46218487395,34.91788954310063,9.486472543187059,-0.42490005507961964,238,0.9623878033123425,1,0.2714437733307041
fov0,13,1994.5861244019138,13051.818181818182,58.9340722275124,52.399854497328725,-0.09871494938947432,836,0.4576612192499018,1,
fov0,14,2039.3731466227348,13442.961285008238,148.15469843903426,76.44084031569214,-0.5729331929362186,2428,0.8566169778378533,1,
fov0,15,2228.862485875706,12926.680677966102,453.50996497732126,80.96299364340669,-0.7767352277308915,8850,0.9839353252488495,-1,0.10908635156690548
fov0,16,2207.2855133614626,13154.366150961088,174.53872958673128,54.15617500110842,-0.8920176200035674,2133,0.9506446560797052,1,0.19258893335454094
fov0,17,2297.4129930394433,13019.380178985748,103.25402881253554,84.80758783624825,-0.5698343836792984,3017,0.5704260752286293,0,
fov0,18,2307.519699812383,13389.17166979362,61.98887444985814,44.93649072175699,-0.41714364609446025,1066,0.688841285822991,1,
fov0,19,2305.746803069054,13069.184143222506,30.0367031706672,17.60385478305948,-0.22613696833323427,391,0.8102545446938074,1,
fov0,21,2374.2334905660377,13321.584905660377,52.126037926458785,11.852945398710066,-0.578899276361119,424,0.9738037475488174,1,0.1791392672969374
fov0,22,2468.743966421826,12939.329485834207,90.92027256661348,57.160058174893884,-0.5842685117552118,1906,0.7776614250245514,-1,
fov0,23,2633.7045184304397,12794.752080856124,79.69920000997607,37.77418447084517,-1.0786713490556692,1682,0.8805467015723365,1,0.4534151415495608
fov0,24,2698.665573770492,12726.02568306011,82.1551456231723,40.14669570321348,-0.5603956830616122,1830,0.8724691035498656,1,0.25430168212511495
fov0,25,2859.730536130536,12770.286868686868,407.35985990536636,95.9892348131819,-0.24225671114896474,12870,0.9718410346153004,-2,0.24763755300312593
fov0,26,2767.7575938058367,12730.004169148302,65.79370475450287,54.58788332090682,-0.19271038501370202,1679,0.5582356158150085,1,
fov0,27,2763.6450980392156,12826.627450980392,48.7127257174202,18.70543252449221,-0.22323124577957043,510,0.9233352624546414,1,0.25125468437919773
fov0,28,2986.0598337950137,12689.645637119114,420.10492904052126,140.68628539829726,0.18203788253713704,14440,0.942259475746451,0,0.24057451340500038
fov0,29,2982.9744136460554,12540.996801705756,98.13659424842324,26.392234529072645,0.007278115784795364,938,0.9631586996548452,1,0.1710622535792375
fov0,30,4781.678679982631,10562.37603126357,119.24284613249725,97.20491290539798,0.6230860980957332,2303,0.5792014560038896,1,
fov0,31,4793.189440993789,10449.211180124224,51.13482912058437,11.284733871775405,1.299667419123202,322,0.9753449390150861,1,1.0996939019452676
fov0,32,4825.281827016521,10343.116618075801,80.15802784528023,26.309531772334513,-1.1377956806546519,1029,0.9446010314005999,1,0.8778547671721993
fov0,33,4859.6724361748165,10386.77066205106,189.7365857373553,36.15989626827629,-1.2808714264408216,2311,0.9816717725348797,1,0.9310946534973309
fov0,34,4864.701219512195,10565.957317073171,34.364351425759075,18.85696435816103,-0.4686587610461172,328,0.8359955497096393,1,
fov0,36,4895.914473684211,10519.901315789473,42.786699936014756,11.15791824716264,-0.9189009259319516,304,0.9653982387829537,1,0.6048061754869613
fov0,37,4896.504065040651,9628.723577235773,18.6930533277181,9.426512361569289,0.6036656908283001,123,0.8635408452735704,1,
fov0,38,4942.672609400324,9736.837925445705,353.14143370533367,56.20645688866325,-1.5146125683777505,5553,0.9872525887925316,0,0.7335138812223719
fov0,39,5031.277663512958,9927.675442204854,452.00775799616724,37.15164379403288,-1.1897517598133147,4862,0.9966164730455496,1,0.6500434818178263
fov0,40,4982.852233676976,9928.168384879726,40.765599451401044,9.978086009835064,1.3762552198832145,291,0.9695818507260489,1,1.3522119725179225
fov0,41,5030.088195386703,9488.780189959294,46.065325841120845,23.491851144064093,-1.042426342284564,737,0.8601932564703092,1,
fov0,42,5103.9435561548835,9771.780581776151,483.4253495065505,75.30138621487806,-1.4510536027220493,5191,0.9877939332181377,1,0.7100891074868536
fov0,44,5178.077166350411,9517.228969006957,83.87921029525599,50.81443481300209,1.3414014470229603,1581,0.7956132534220423,1,
fov0,45,5260.8518309859155,10647.695211267606,139.10505307563878,51.93812800231559,-0.05191470923059954,1775,0.9276811396021297,1,0.24914552890420913
fov0,46,5297.253059099193,11283.429054933611,158.90138329421333,113.42392590343046,-0.42124257904764156,3841,0.7003488382949099,0,
fov0,47,5305.2078137988365,11738.79467996675,102.90737698492117,47.70623644444892,-0.8615637697809421,1203,0.886052858349728,1,0.4768108538611899
fov0,48,5306.418677859391,11799.460650577124,114.74948587726749,15.610585564299525,-0.937296173190656,953,0.9907032669174362,1,0.25524414580251126
fov0,49,5293.5327868852455,11212.688524590163,16.405227600270976,9.933583743604744,-0.12975114891093703,122,0.7958351749265627,1,
fov0,50,5374.221307256819,11426.637502144451,186.87246735087103,166.14167587803595,-0.566234925908486,5829,0.45778196024723283,0,
fov0,51,5318.522253521127,11601.107042253521,102.87882862776311,55.048177506986804,-1.4455787218375153,1775,0.8448027850787027,0,
fov0,52,5350.2819548872185,10399.76894158473,117.74740922270504,81.35298087871682,0.43106111262298075,3458,0.7229398195848746,0,
fov0,53,5387.855183946488,10493.876588628762,137.61238860727047,65.99151484432593,0.1160430074502886,2990,0.8775165667236968,0,0.36095477107891
fov0,54,5396.919321039397,11151.498323554066,160.89208429256402,89.06264310134564,-0.7543080504636389,4772,0.8328125163132666,-1,
fov0,55,5374.040907069809,11944.335260115608,160.50754074866637,57.27371016678982,-1.4665289456204307,2249,0.9341698029708929,1,0.3863003164413075
fov0,56,5375.5098591549295,12546.109859154929,56.84870641085023,10.620021148787682,-0.5587177586018085,355,0.9823956802980125,1,0.3360640258937687
fov0,57,5385.012422360249,12497.111801242236,30.116670089931386,7.278906451755848,-1.0522624131030376,161,0.9703534449629264,1,0.283999890273571
fov0,58,5490.562199036918,10764.686195826645,264.6560383960459,145.74377330385272,0.5009525694829776,7476,0.834708997777061,1,
fov0,59,5421.346153846154,8637.094871794872,92.01637554815387,20.078112184753067,0.6843573871791735,780,0.9759037353044512,1,0.9019725616958055
fov0,60,5493.699046637465,8578.901442927081,175.9405126382089,115.39558713540613,-0.24683831698187725,7762,0.7548665349326932,-1,
fov0,61,5446.02338009352,10423.587174348697,77.20822368801498,30.915268832470087,-0.15657929702709683,1497,0.916334257482405,1,0.30216213032243344
fov0,62,5456.526060885609,9393.454566420663,165.96498994650676,104.90226864589319,1.460712735266383,4336,0.7749074740316607,0,
fov0,63,5469.229624838293,12055.195989650712,104.154306916131,85.88150549111575,-1.1091256219268335,3092,0.5657740967395236,-1,
fov0,64,5443.981651376147,12235.270642201835,27.17279345329523,12.663011578090552,-0.15522568929178118,218,0.8847752251440525,1,0.5024342958592621
fov0,65,5450.102083333333,11631.872916666667,32.426526911596994,22.280676535866686,0.8139170058692158,480,0.7265509059602924,1,
fov0,67,5463.614503816794,8162.874045801526,48.34069675251198,15.830075512464317,-1.1846934194712473,524,0.9448619527503069,1,0.6215616001831773
fov0,68,5477.052552552553,11531.654654654654,57.055207072027784,37.18115962153967,-0.9861870039047052,666,0.7585027191201559,1,
fov0,69,5490.619179986102,9194.941626129257,73.07249558191964,64.42570946698152,-1.0778424101552468,1439,0.471869528225502,0,
fov0,70,5477.3,10858.26,25.882846967266232,7.958850390335516,-0.9140727306159602,150,0.9515496420725174,1,0.16109994176584796
fov0,71,5533.313032258065,11010.90141935484,157.05663685594917,119.75848580139251,-1.0945917931384308,3875,0.646967201725112,0,
fov0,72,5483.404081632653,12270.293877551021,38.894892616875765,8.729561130217343,-1.3180010685328625,245,0.9744879605670717,1,0.35542538691078407
fov0,73,5508.195221843003,9548.993174061434,97.05663240355186,48.97488649950764,-1.0806007324147207,1465,0.863352592172088,1,
fov0,74,5495.923428571428,9919.357714285714,56.635134317094504,35.34377048460361,-1.2735166199260235,875,0.7813757394361179,1,
fov0,75,5559.515050167224,8743.387123745819,166.70181839319687,101.3173725274966,-0.2523243515403871,5980,0.7941084777177841,-2,
fov0,76,5560.939494613914,10039.016611295681,343.71648654663795,168.03506452254257,-1.4914401789489975,9933,0.8723527592291531,0,0.962416339732137
fov0,77,5541.558620689655,8126.744827586207,64.82449701396483,50.745322911084116,-0.11477408510016161,1015,0.622259667144686,1,
fov0,78,5601.215731370745,11531.483900643974,113.94389226741795,75.87444333840388,-1.4219103899314127,2174,0.7460472347618955,0,
fov0,79,5600.2200956937795,10755.16985645933,47.18860522946783,14.70926509251674,-0.5109299473185542,418,0.9501765569041992,1,0.3101096320750848
fov0,80,5803.536314400778,10498.475628384947,547.0501250718538,76.82181668753668,-0.564797135482779,7201,0.9900907216436781,1,0.17215296214619863
fov0,81,5652.555299539171,11352.50460829493,66.8087897060495,15.971805207545849,0.8018500996164382,434,0.9710029696791842,1,0.6668354066771615
fov0,82,5644.469367588933,10893.721343873518,132.04782556485063,14.184963042641371,-1.3057063994947373,1012,0.9942134158178852,1,0.21999438391019557
fov0,83,5688.017950635752,8878.409498878085,138.53333655698037,68.87008788679346,-0.6849054056491933,2674,0.8676718920141554,1,0.2483623418270662
fov0,84,5659.688251618872,9611.58741905643,148.21048716105105,12.908850800357817,-1.4640937126977416,1081,0.9961997401067102,1,0.7043050388795341
fov0,85,5777.190041249263,10576.476428992339,313.78749540284423,67.58958444506331,-0.517861369226366,3394,0.9765260735540704,1,0.17088086586303616
fov0,86,5693.104527938343,11164.54816955684,163.85615956706283,76.2702515304404,1.238820694873578,2076,0.8850632572183222,1,0.8386138070254446
fov0,87,5684.3975481611205,10901.525394045535,137.14962361395382,29.26565375600965,-1.213927115270756,1142,0.9769682184688392,1,0.18702650781474026
fov0,88,5674.421216848674,9989.884555382216,44.091637881902805,19.590390698382965,-0.5607577129244707,641,0.8958727125430319,1,0.6427003337928916
fov0,89,5694.6024518388795,10080.102451838879,110.16561531606192,51.772977969628705,-0.8329548435427412,1142,0.8826899098852081,1,0.7121392620773573
fov0,90,5697.8877551020405,9599.258503401361,49.698115073690005,10.63222828888521,-0.9710234279302737,294,0.9768476245773076,1,0.5955975383908486
fov0,91,5714.4254021075985,9231.970049916805,121.78445462206625,49.799303981082545,1.3687270063172092,1803,0.9125731607493406,0,1.1965975139562108
fov0,92,5726.20808678501,9424.013806706114,183.94241600138056,9.003759253501817,-1.1567247344675673,1014,0.9988012893760183,1,0.6620548519491082
fov0,93,5725.017213114754,10914.595901639344,182.18670108995008,32.41996377711077,-1.0112188755236018,1220,0.9840396889537584,1,0.5572946593029562
fov0,94,5735.535759897829,9779.033205619413,107.00282049891621,60.17172691130651,-0.5079537620102148,1566,0.826907635852313,1,
fov0,95,5714.688811188811,10135.839160839161,48.20690862483058,19.77790692875015,0.7187610743593718,572,0.9119635578760616,1,0.6542116487173241
fov0,96,5750.9791755206115,10746.779005524862,138.1055696688649,90.02341593809304,-0.7469412323645143,2353,0.758352280995848,0,
fov0,97,5743.221180880974,10246.422680412372,149.88236550009006,32.072533738079194,-0.78868131028864,1067,0.9768370110240856,1,0.3773275079916101
fov0,98,5732.270992366412,10471.339694656488,42.96440028048092,8.274911110436053,-1.144506772102769,262,0.9812774991491812,1,0.2502821373206376
fov0,99,5744.662525879917,10938.302277432713,82.9598844119154,9.653452569026326,-1.0876593506466796,483,0.9932067639549811,1,0.5726549778804394
fov0,100,6222.740205966663,7402.574583289096,1586.6549547403702,80.01072659059378,-0.8297609182550995,18838,0.9987277343395339,1,0.11183451300853715
fov0,101,5794.873316498317,8004.212962962963,201.42558617447418,54.878715020132894,-0.5161171591781579,2376,0.9621695005966121,1,0.48646193578776725
fov0,102,5773.987238979118,10276.281902552204,104.16143496237446,14.891354766601394,-0.763091206678298,862,0.9897278623483795,1,0.37134369886083396
fov0,103,5751.74,8211.76,43.00275181790233,13.563190483359639,1.154359983073958,400,0.9489578716572886,1,0.9201246270338828
fov0,104,5811.709509658247,8930.855497771174,160.89025825779188,102.14643721343239,-0.635940858615061,2692,0.7726085629831513,1,
fov0,105,5763.14401622718,10096.653144016227,66.9218014506859,11.209722802532577,1.4471242675278864,493,0.9858712607655574,1,0.9604585598531837
fov0,106,5773.386920980926,8461.678474114442,42.088320107296454,12.290786477418147,-1.516357333529993,367,0.9564110859863768,1,0.7909055231358817
fov0,107,5776.67791411043,9262.377300613496,51.29436794225747,8.780520229281539,-1.4209122657533881,326,0.9852399398883603,1,0.7512954850341154
fov0,108,5805.922573609597,11222.362050163576,77.69231719699802,21.937371505576408,-1.2269494441328117,917,0.959307877213927,1,0.8985004738170624
fov0,109,5798.32,7856.64,37.575971490894894,13.62795043952397,-0.4741390475811114,300,0.9319148051037053,1,0.16361412722354216
fov0,110,5825.008830022075,8479.011037527594,133.03025561092977,9.7658454016744,-0.9906038772155424,906,0.9973017937331412,1,0.2921532530215526
fov0,111,5826.126213592233,10292.330097087379,50.97127873621255,9.128089966059814,-0.859217903591723,309,0.9838339676519445,1,0.3960345391295137
fov0,112,5827.519337016574,9305.806629834255,29.206766089395767,8.665439475751226,-0.42810994607779224,181,0.9549729506094335,1,0.5618482260029
fov0,113,5829.113636363636,11259.681818181818,38.41083663844437,8.949316921577795,-0.8174122755890884,220,0.9724792799460852,1,0.7258563386696005
fov0,114,5844.351485148515,10319.997524752474,67.9765188755168,12.717349018880801,-0.7866900384187443,404,0.9823438359475666,1,0.05866090138620508
fov0,115,5847.976744186047,8375.446756425948,76.82784390055414,16.695523583229708,-0.7932152240608381,817,0.9761024521939315,1,0.6407644159564949
fov0,116,5978.533535743859,7735.060447143252,394.19598666527673,16.816924324168575,-0.6630284072627713,3623,0.9990895911200629,1,0.10256576021703742
fov0,117,5896.034829202947,8546.149028801072,174.53430840159467,98.84716205511727,-0.21985616142675243,2986,0.8241661888293049,1,
fov0,118,5883.136143410853,11067.473352713178,143.9868803465488,62.136426374939646,0.37088626821067233,2064,0.9020927126023548,1,0.6499902589138654
fov0,119,5927.611713030747,8660.242752562226,181.07152970993403,68.89369362456242,-0.07537761406577138,3415,0.9247900621293291,0,0.3115361498155449
fov0,120,5884.208510638298,10984.868085106384,47.434118074299,16.650364747522737,1.187776512859122,470,0.9363676406168456,1,1.0139242783681786
fov0,121,5914.919835560123,9091.605344295991,74.9861592954833,44.825137641834736,-0.7024594214848716,973,0.8016610787607195,0,
fov0,122,5913.600245499181,8229.773731587562,207.93465443995404,48.87218906248528,-1.4517310636156642,2444,0.971986596573839,1,1.037347588193189
fov0,123,5930.91329068941,10231.217484008528,84.39138548340725,56.708711431534525,-0.6055683317127829,1407,0.7405758721632083,1,
fov0,124,5922.58947368421,9657.505263157895,47.17552995082749,9.803533192439026,1.2923790842731744,285,0.9781692718953476,1,1.2131768909304885
fov0,125,5965.6740506329115,8832.889240506329,104.1163160564643,14.524457011681042,-0.2477478130707544,632,0.9902217585950197,1,0.3003554358254719
fov0,126,5933.996527777777,9305.861111111111,48.28465562708474,9.451917882252625,-0.9809353033978189,288,0.9806530191041783,1,0.5996239391024364
fov0,127,6001.339773798303,7859.174363807729,252.71237619735965,22.030540331915162,-0.8606371393088659,2122,0.9961928957464121,1,0.11795015974199799
fov0,128,5935.745967741936,9502.900537634408,60.75764281292695,23.980856495798893,-1.4956076733824266,744,0.9188113599719997,1,0.7139188088490093
fov0,129,5944.587242026267,8238.294559099437,86.80116765955148,17.7036897719111,1.567658488417397,533,0.978979886029074,1,1.1566643835597403
fov0,130,5969.757166947724,9856.536256323778,79.71019510865034,15.756950571398184,-0.48078194020604664,593,0.9802670121692572,1,0.689426809328319
fov0,131,5961.070512820513,8797.39423076923,42.82211493858336,9.936089466996417,-0.07122751056362082,312,0.9727082171295464,1,0.3581276137498087
fov0,132,5961.437106918239,9943.314465408805,37.495632692363195,14.2856509551518,0.5312424220895394,318,0.9245770717786037,1,0.48822864273059374
fov0,134,5979.540350877193,9891.501754385965,49.41524303253853,8.263358535914934,-0.5855375477039669,285,0.9859191210625463,1,0.7335348443711472
fov0,135,5970.867816091954,10297.270114942528,45.96668818147373,23.23311306053961,1.2512864335658263,348,0.8628654471151805,1,
fov0,136,5970.047619047619,9530.281746031746,35.35713499354585,11.560536134882701,-1.4478416344208864,252,0.9450365414260692,1,0.9689395079830387
fov0,137,6045.907027498909,7864.026625927542,286.0584888470278,25.09462231915454,-0.9655565839700215,2291,0.9961446871103615,1,0.16010173378834
fov0,138,6016.379174852652,8745.93123772102,65.03685507211793,12.009345549132538,-0.903332045569769,509,0.9828035049239894,1,0.3455449894398403
fov0,139,6021.775,9283.254166666668,38.26663098857168,9.914030882544258,1.252604184050374,240,0.9658564818216089,1,1.1862192369538076
fov0,140,6054.2391505078485,9119.379501385041,87.09913431002717,44.560215292565495,-1.1209740030118303,1083,0.8592217042847295,1,
fov0,141,6063.659090909091,9985.913636363637,27.302939200817228,22.29854734003578,0.8517980176059844,220,0.5770502037805475,1,
fov0,142,6084.374350086655,10434.259965337955,59.28584484991419,26.611921584712942,-0.9874134362781056,577,0.8935946600251022,1,0.26836868834003
fov0,143,6117.266055045871,10267.874617737003,56.24621976881402,8.78941949659623,-0.5833629734638681,327,0.9877148738867856,1,0.42803711229635616
fov0,144,6115.634730538922,10316.68263473054,29.08138278996397,8.233854274040366,-0.7403513815805934,167,0.9590811113720109,1,0.4663047939577507
fov0,145,6113.946428571428,9864.125,33.20080839061651,9.833418435515489,1.3700778980355675,224,0.9551321133544358,1,0.8209938450482673
fov0,146,6142.120959332638,9054.474452554745,60.816199913921494,47.9171418357871,-1.044100554874018,959,0.6158019885877486,1,
fov0,147,6130.525925925926,8802.691358024691,44.67050335104284,13.643027730598165,-1.223838288731181,405,0.9522194441940751,1,0.6644768122622311
fov0,148,6137.883116883117,7839.285714285715,27.359750910028175,8.627792394553571,-0.7084603763897549,154,0.9489767116336226,1,0.11551066130680547
fov0,149,6153.738372093023,10574.736434108527,53.14552385697146,21.25768734771685,-0.2141829225802162,516,0.916519427240955,1,0.2805867302531884
fov0,150,6173.081264108352,8831.338600451467,73.25506207202031,16.903111631697662,1.190168935753792,443,0.9730146706186001,1,1.0455230960109043
fov0,151,6169.376404494382,10331.387640449439,28.366001272255236,9.763608857520568,-0.3032593053825454,178,0.9388959486258357,1,0.4005137301686672
fov0,152,6203.568047337278,10542.692307692309,30.95119805315133,7.453772165048527,-0.8281774946843413,169,0.970568956387554,1,0.20700210615947978
fov0,153,6221.458607095927,10380.50985545335,82.81569476622725,41.90085363376884,-0.531247102843622,761,0.8625610168489825,1,
fov0,154,6253.086593970494,9852.094932649134,139.80747297122423,105.17002413116447,-0.8055450105620752,3118,0.6588789902758283,0,
fov0,155,6228.085714285714,8600.164285714285,25.77155583880777,7.048228280363163,1.5270291425179057,140,0.9618752271910814,1,0.7711302629031667
fov0,156,6270.436802973978,9780.492565055762,49.87316198674986,16.263877392327206,-0.3124010556449241,538,0.9453336241888035,1,0.49056901091646526
fov0,157,6260.265625,8279.703125,31.359389045510245,8.137341264749718,-1.3744578508238454,192,0.9657467080117959,1,1.2567154069792508
fov0,158,6281.934755332497,8848.614805520703,73.40732729230695,30.70397348181801,-0.7977359581804776,797,0.9083234295777035,1,0.6343337227074848
fov0,159,6274.155555555555,10199.372222222222,32.861695233471174,8.115453857963146,1.0491480097739232,180,0.9690262207388521,1,0.8603773972683609
fov0,160,6373.305878797038,6697.55130723893,218.71788807535356,78.19186232604785,-0.44838178760965686,6617,0.9339127579738443,1,0.217138894511136
fov0,161,6328.75234375,8946.2140625,76.79962989862638,29.115972343043698,-0.6340990277536132,1280,0.9253491343758228,1,0.6030028777864375
fov0,162,6318.957317073171,7791.871951219512,27.729422919522243,7.799768706778757,-1.0579787808624213,164,0.9596253532025314,1,0.18371002607382694
fov0,163,6324.209003215434,9889.581993569132,33.24431175359348,13.324647420881192,0.6402314331894324,311,0.9161612678117091,1,0.3576717592218429
fov0,164,6355.860583016477,8470.678073510773,82.54858357736497,23.25775424367602,1.4871311047474414,789,0.9594889514898197,1,0.8107604662142742
fov0,165,6375.322649572649,9898.168803418803,60.77713260125694,12.904042847498088,-0.022692476381528104,468,0.9772007578482603,1,0.47513488311186125
fov0,166,6381.98987463838,8320.226133076181,107.14667752274312,59.53322253304805,-1.4617817356120701,2074,0.831433952147905,1,
fov0,167,6436.513605442177,6486.108276643991,188.56473370344787,32.94954024357342,-0.3817958394144112,1764,0.9846148570519359,0,0.2619810399700209
fov0,168,6462.519706922688,6737.82592218292,405.395140081463,45.99810283590055,-1.0156470718613906,3958,0.9935420099487159,1,0.2855997252961809
fov0,169,6380.360480640855,8823.914552736982,57.91751285749402,22.211777815835426,0.7115560082047189,749,0.9235379248730907,1,0.5366144373848962
fov0,170,6414.443864229765,6414.3968668407315,56.462387359649654,14.763501566398325,-1.0975465534381734,383,0.9652102543991317,1,0.21677535318467064
fov0,171,6426.473333333333,8764.9,42.41796316966517,22.54700079791929,0.09112800788100435,450,0.8470308744680815,1,
fov0,172,6424.933333333333,7270.690196078432,44.26105119101906,7.606732857103584,-0.6646344731096552,255,0.985121270861533,1,0.1392372239481696
fov0,173,6437.61716937355,8728.09512761021,52.32609819711149,17.193862910666134,0.1735403759536361,431,0.9444724619072721,1,0.4819914279211693
fov0,174,6446.111538461539,7797.648076923077,78.70039998510647,17.337516206762633,-0.44942206382928307,520,0.9754326877893033,1,0.22186438629418967
fov0,175,6453.69756097561,6574.447967479675,66.58411939294866,57.692944620600294,-1.1092119206455304,1230,0.4992342880257822,0,
fov0,176,6523.203170874926,6309.935995302408,210.70146505089122,28.469593786257704,-0.8070104994286916,1703,0.9908294926246233,1,0.09726252299829766
fov0,177,6494.010526315789,6309.642105263158,47.76715061576394,7.778223607877101,-0.7609543617042591,285,0.9866531083283313,1,0.10317604208416889
fov0,178,6577.815054633752,6354.14447592068,211.94374774007204,34.10820458904405,-0.8929487207706376,2471,0.9869657478310905,1,0.13260575329986984
fov0,179,6564.043040293041,7418.722527472528,166.34644086259036,17.859323284458597,-0.7388074926088272,1092,0.99421997243164,1,0.1253165274403426
fov0,180,6562.957286432161,7223.236180904522,63.39751279980287,8.462421129592617,-1.1651542268667783,398,0.9910512497185685,1,0.22228279913386467
fov0,181,6588.848011363636,7091.232954545455,109.70366798321635,14.756479960047796,-0.6701462341723629,704,0.9909119397746122,1,0.24224275316342214
fov0,182,6584.5570291777185,6684.8753315649865,25.050369381229217,19.18244195976265,-0.44620364006772945,377,0.643132570211345,1,
fov0,183,6599.292307692308,7216.9794871794875,34.80668947979788,7.691655224550207,-0.8286578522834689,195,0.9752778644498062,1,0.15447420024731454
fov0,184,6620.365384615385,6262.7307692307695,21.07090385710756,6.594723908215927,-0.5673394129560001,104,0.9497604609048317,1,0.11314786260203763
fov0,185,6626.444444444444,7042.037037037037,16.644596943207212,8.797987299766154,1.3805533457575712,108,0.8488840068406858,1,
fov0,186,6659.448516579407,6576.668411867365,76.02037401750506,12.262183713590613,-0.36622153112978106,573,0.9869052116273812,1,0.16619436390585066
fov0,187,6647.700729927007,6991.489051094891,53.07832581575299,11.16698996101581,-1.4458659621270147,274,0.977618181309342,1,0.2988778473532662
fov0,188,6673.491289198606,6532.836236933798,94.67179082246105,11.216561950433073,-0.6159416442252811,574,0.9929566302778969,1,0.08793711969146026
fov0,189,6693.932862190813,7014.554770318021,45.41559685926339,8.40597025962451,-0.9289992448126104,283,0.9827215845758798,1,0.31922217367808614
fov0,190,6704.581325301205,6439.198795180723,49.88721315006295,15.079631983035556,-0.50498059980794,332,0.9532209249906034,1,0.10450742079844019
fov0,191,6707.8572834645665,6909.693897637795,108.10195531487489,27.111617956992802,-0.9005847462645236,1016,0.9680397694903308,1,0.2136245909667998
fov0,192,6734.285714285715,6530.911051212938,65.61670802305458,11.177149109295986,-0.7701507822679465,371,0.9853853506402026,1,0.11725642606506023
fov0,193,6757.623448275862,6607.289655172413,118.13705876720385,15.984544536108846,-0.5884282746022599,725,0.9908039839077987,1,0.16891544219400198
fov0,194,6757.351674641149,6741.014354066986,121.38917464162539,76.6267724682473,-0.6373673147396222,1672,0.7755803861712078,1,
fov0,195,6745.3790849673205,6581.141612200436,69.6635112257902,9.22487747327185,-0.7749197741539131,459,0.9911936285791632,1,0.11914018065267963
fov0,196,6743.942211055276,7449.412060301507,71.50070623371056,8.972010168602852,-0.9752846606982459,398,0.99209596973615,1,0.14983363260520816
fov0,197,6746.585185185185,7309.824691358025,45.65666400563977,15.090409436584412,-1.2939932631144633,405,0.943799226855429,1,0.3917024681264324
fov0,198,6767.556930693069,7345.222772277228,47.84319377751666,13.969015955158142,-1.008298574258602,404,0.9564259543027922,1,0.16037412281644664
fov0,199,6771.2433460076045,6872.2015209125475,22.613530674566665,15.67167270312836,-0.8503489459765212,263,0.720916501852704,1,
fov0,200,6809.895161290323,6171.441687344914,112.63855810467729,25.298366467038814,-0.942176276048731,1612,0.9744515645623582,1,0.18861994850866165
fov0,201,6801.422222222222,6815.622222222222,28.499494784876124,10.331112400248676,-0.24409619600503712,180,0.9319831497857822,1,0.34307557667092087
fov0,202,6804.680672268908,7180.403361344538,35.11584880456737,11.584707970383025,0.20919286128001538,238,0.9440159893936851,1,0.7503871457414281
fov0,203,6805.973568281938,6847.180616740088,38.086091110651815,8.293103042156016,-0.9330077185172696,227,0.976005418035586,1,0.2148676890669782
fov0,204,6870.318740399385,6270.4838709677415,101.0823531137245,49.607151910089996,-0.7486961532437592,1302,0.8712949285794256,1,0.1174419895197871
fov0,205,6847.581818181819,6628.4,37.385283589804004,10.88956171666268,-1.1709579646126058,220,0.9566380353668495,1,0.4446364161536895
fov0,206,6864.481546572935,7227.244288224956,88.3254075629396,14.036466214205342,-1.4041205690598169,569,0.9872918415980417,1,0.41622911198548196
fov0,207,6889.990982867448,7258.767357980162,131.4934654188307,27.81308920035947,-1.4231856950624229,1109,0.9773743418731828,1,0.42233319471402186
fov0,208,6882.100877192983,7034.972222222223,74.47523373753684,48.46921079129737,-0.8589503434812219,684,0.7592408214056375,1,
fov0,209,6907.318481848185,6404.663366336634,102.49388889262205,11.882914490488515,-0.5016179726742183,606,0.9932564774152257,1,0.11173015073689392
fov0,210,6926.328125,6425.715625,52.83395628005505,8.32805507289857,-0.4980919269882085,320,0.9874987324017812,1,0.11147391759136333
fov0,211,6932.615811373093,6945.535367545076,68.46798260891259,45.12200195825825,-0.8351235256234751,721,0.7521224450447914,1,
fov0,212,7010.637314734089,6124.238012205754,98.87173784375454,51.80277100662239,-0.880570731278962,1147,0.8517557172343648,1,
fov0,213,7041.525749858517,5820.643463497453,230.352128891802,30.698774390185537,-0.7680292860922352,1767,0.991079916455668,1,0.7441009411101213
fov0,214,7003.597633136094,6626.668639053254,42.47128308095591,12.285907310822884,0.4122006489367569,338,0.95724584510556,1,0.7555153817635364
fov0,215,7021.013698630137,6872.893835616438,55.24544045110504,34.8700782400065,0.8987644609470435,584,0.77563254225845,1,
fov0,216,7061.641061452514,6520.7053072625695,96.16464322563007,14.652583790534765,-0.49175541418805196,716,0.9883235581840378,1,0.3786960104157624
fov0,217,7036.732673267326,6611.201320132013,31.58902736365649,13.444355585202462,-1.5209732907583213,303,0.9049104231753023,1,0.6603392971243909
fov0,218,7072.068767908309,6452.131805157593,50.07103156261333,15.39246104666275,-0.1293536915950405,349,0.9515763522445032,1,0.43374952393593397
fov0,219,7076.826923076923,6553.865384615385,30.809100411562103,9.141584249981761,-1.0273015679663644,208,0.9549654518072326,1,0.46158683323535493
fov0,220,7087.409610983982,5884.102974828375,88.63169867688345,31.384568995536608,1.2663425966913027,874,0.93520720423894,1,0.9597633767561722
fov0,221,7122.829954954955,5849.40990990991,98.71304379244248,13.53234874463733,1.3209145941987035,888,0.9905589077391067,1,0.9831719896292334
fov0,222,7184.396464646465,5727.156565656565,69.83097535848542,9.898497532642718,-0.6626169166574694,396,0.9899025775207656,1,0.8412777346494473
fov0,223,7275.8055682336835,5710.861250570516,206.9928594204327,60.23528262976616,-1.3558320666916772,2191,0.9567225231352426,1,0.9689507616749923
fov0,224,7267.288372093023,5618.060465116279,33.936834811941836,9.48241343362572,1.16301873213802,215,0.9601708369247021,1,0.841775421921772
fov0,225,7300.171023965142,5568.0424836601305,80.39741582506308,35.32017348497605,-0.12365895514717899,918,0.8983307563569478,1,0.560594996841426
fov0,226,7391.854349291976,5464.793661496966,240.05566165588587,18.290744153348165,0.03856574380859464,1483,0.9970930300146581,1,0.29567955144348285
fov0,227,7314.5464231354645,5755.90106544901,75.88083330340108,17.12598081072134,1.228436125465159,657,0.9741978408034981,1,0.869157790603949
fov0,228,7510.921328671328,5421.581818181819,429.5448734309735,9.520962227470614,-0.10955529220690642,2860,0.9997543210427187,1,0.24529540177112383
fov0,229,7341.915492957746,5274.885311871228,52.55999634627684,15.394063724401157,0.6702738518983088,497,0.9561475050471783,1,0.44750138452343896
fov0,230,7439.388721804511,5311.237030075188,207.53294530728368,102.28450226801084,-0.5813658312697466,5320,0.8701091309921961,1,0.37958255865808505
fov0,232,7562.9190751445085,5491.971098265896,29.98905615428653,7.66688589076392,-0.9444146742203697,173,0.9667677827258774,1,0.3766800053511655
fov0,233,7704.577343491223,5222.366346472342,188.45739368060543,57.876228238515026,-0.024939490001850525,3019,0.9516756026315416,0,0.1321619296303338
fov0,234,7700.120879120879,5050.916483516484,60.33518902794387,10.375203682310099,-0.22198531564852975,455,0.9851040352754208,1,0.18283070992982856
fov0,235,7692.901960784314,5433.8117647058825,40.794756058028696,8.65598026078621,-0.2550961190011012,255,0.9772298084224992,1,0.1764743919782733
fov0,236,7767.322580645161,5039.894009216589,37.00173640822944,8.339241854470755,0.33245614447104177,217,0.9742722451607005,1,0.1874341025177701
fov0,237,7782.859315589353,5465.707224334601,39.95903563118862,8.913923870017967,-0.29673877454519654,263,0.9748009295077785,1,0.09356491957977893
fov0,238,7865.117461746175,5326.498199819982,194.07307762567288,31.62629622874257,-0.26976113831027004,2222,0.986632551000949,0,0.10398156512833248
fov0,239,7873.7359700694815,5029.860502405131,185.47278597716527,38.67546312324598,0.11864137007153647,1871,0.9780173237508154,1,0.10942083701916513
fov0,240,7886.565543071161,4974.970037453183,43.0564422144472,8.713916721875178,0.04741061373085242,267,0.9793063302076113,1,0.10332896825715417
fov0,241,7908.86170212766,5746.936170212766,42.761270145204584,9.618784049630762,-0.7867585015571226,282,0.9743722716029131,1,0.5718047362903012
fov0,242,7928.776223776224,5380.125874125874,38.067795508768825,15.746472422846207,0.07420195083085745,429,0.9104392187358434,1,0.15885434068058432
fov0,243,7923.721962616823,5002.2546728971965,35.99164787708908,21.709413547405703,1.3454452008878068,428,0.7976056963486742,1,
fov0,244,7928.665338645418,5221.310756972111,36.18837606709602,9.86061247673087,-0.03867867238517396,251,0.962161417272771,1,0.09779932293177104
fov0,245,8011.096153846154,4871.5,179.36370131547028,23.96707977185145,-0.06181881860038508,2132,0.9910322636738007,1,0.11468312295292639
fov0,246,8410.066675021933,5206.022559217947,917.0266681874102,80.70547931535722,-0.2659023737742418,7979,0.9961197874925783,1,0.3221277364002696
fov0,247,7992.2625,5410.14375,59.79874468759833,7.679649001577459,-0.29336513327400404,320,0.9917192344244454,1,0.35228175100165665
fov0,248,7999.977859778598,5540.332103321033,47.82274913842503,15.435915603321124,1.0427153321789624,271,0.9464762409375054,1,0.7010813519289585
fov0,249,8087.539419087137,5195.95643153527,75.30018169635716,9.3676418852411,-0.16421903322853693,482,0.9922316519458434,1,0.18775707002060654
fov0,250,8093.98996350365,5764.379562043796,72.5320813024835,22.744261729355884,-0.5288733642940939,1096,0.9495633709383083,1,0.46812930208111375
fov0,251,8088.447115384615,5223.408653846154,36.40363450854749,7.543529176579931,-0.30538787301061315,208,0.9782945545804888,1,0.16218256509830417
fov0,252,8128.860759493671,5834.341772151899,32.60835550462489,12.801683558537693,0.09654634913016208,237,0.9197139945800912,1,0.3280437394279032
fov0,253,8198.335901386748,5659.631741140216,110.07456121133305,22.080351105072015,0.23189933673327626,649,0.9796743582743653,1,0.3578967210065705
fov0,254,8192.684340320591,5845.78914919852,69.40139039609214,37.864345056749976,1.0488348123859477,811,0.8380556095279134,1,
fov0,255,8209.372727272726,5240.172727272728,22.835953681802838,8.410002679095303,-0.8795341657404349,110,0.9297153124768494,1,0.32596208506904734
fov0,256,8296.709554140127,5568.705732484076,129.6842747505889,15.791722150639,-0.6329092089438165,785,0.9925582800887068,1,0.2718186274111631
fov0,257,8533.056689342404,5336.410430839002,519.5209153632895,26.448309878866866,-0.22425728707256093,4410,0.9987032942160405,1,0.29362024800790276
fov0,258,8337.192457737321,5588.651495448635,101.93086267938033,11.610955270013752,-0.6074168444275437,769,0.9934910608455845,1,0.24876098102684296
fov0,259,8379.532230462066,4961.248146035368,129.64273167148679,48.26495477716139,0.03583946284618511,1753,0.9281156447224137,0,0.3803222826545746
fov0,260,8360.475949367088,5424.658227848101,62.352496528306496,8.934041886149062,-0.18515904084509435,395,0.9896817831436676,1,0.15442279218576987
fov0,261,8376.542372881357,5530.5649717514125,30.33642927139993,9.142329657062096,-0.15006144311505518,177,0.9535089421083331,1,0.17260159543952566
fov0,262,8456.948,5664.3,45.211455391620866,7.573178815495921,-0.3320317773191819,250,0.9858710986670123,1,0.1175396122848224
fov0,263,8466.835570469799,5256.3489932885905,55.966544758889164,7.8523777029981305,-0.24022408098091458,298,0.9901083520948927,1,0.28951255954858685
fov0,264,8625.56979902227,5363.218902770233,413.84022084615714,27.29273821046424,-0.2331167381381158,3682,0.9978229328203785,1,0.04970208992725441
fov0,265,8643.568235853543,5081.094864479315,332.6643831855383,42.79531886472685,-0.26677239044683576,4206,0.991690823198402,1,0.320166838062445
fov0,266,8521.30459770115,7599.419540229885,40.04298984003696,13.698925625634715,-0.514430979888483,348,0.9396615621546601,1,0.1946537424574441
fov0,267,8515.786458333334,5204.473958333333,29.80512223961265,10.52762573230664,-1.3978576700889742,192,0.9355420562823283,1,0.5580868723465107
fov0,268,8536.42,5540.7825,47.22806305390263,25.63534201403598,-1.4191024805364005,400,0.8398626812607367,1,
fov0,269,8579.54525862069,7405.887931034483,59.37889608643243,38.922768919251375,0.02099301104824863,928,0.7551965981731156,1,
fov0,270,8579.414084507041,7550.084507042254,47.80258877416617,11.780558065929496,-0.9875749583520986,355,0.9691575816862218,1,0.3522768392490049
fov0,272,8616.646808510639,7451.355319148936,66.96261761786668,15.070627785359603,-0.29494027327412087,470,0.9743448336223928,1,0.21591311616702277
fov0,273,8628.564971751412,7293.502824858757,25.86215878741065,9.670664500845968,0.08664725063914928,177,0.9274565007997362,1,0.11892159435870638
fov0,274,8651.857519788919,7616.997361477573,56.61454193607532,9.261895290901704,-0.5621317417649757,379,0.986527469882682,1,0.2041128165352083
fov0,275,8688.35393258427,5216.8342696629215,57.325952629435484,8.546590373658145,-0.40558798151347686,356,0.9888239877734033,1,0.11049923596804341
fov0,276,8754.173225450533,7315.500183891137,206.33338130174482,32.19827151726794,0.2017431649126532,2719,0.9877491974765005,1,0.10979229851092076
fov0,277,8764.572249589492,7117.621510673235,97.41496259739642,51.401782416878085,0.509631235300894,1218,0.8494569181582549,1,
fov0,278,8763.12048192771,4700.518072289156,39.018662009881396,8.608701863196309,-0.32417154633573053,249,0.9753574931930044,1,0.21086821218505578
fov0,279,8765.758122743682,7638.379061371841,38.56179828976237,11.541399486442362,0.06169792401495377,277,0.9541602527230317,1,0.3170987297289392
fov0,280,8792.71891891892,5141.127027027027,65.88754932062116,8.203520870706049,-0.030309867939199438,370,0.992218615561296,1,0.12302975691529607
fov0,281,8783.619883040936,7412.754385964912,36.19481130690968,14.447043693453727,-0.07323674710992385,342,0.9168870263974999,1,0.10148829848045615
fov0,282,8786.409556313993,7043.600682593857,47.697804166952196,9.178461329146808,0.7196981240984708,293,0.9813108141548696,1,0.15585719287384403
fov0,283,8797.070945945947,5084.277027027027,39.80061977204564,11.157693347540423,0.2676157310729749,296,0.9599008589809239,1,0.18310410087473175
fov0,284,8794.141242937852,7556.242937853107,32.384410084014725,7.291977118784665,-0.2552898853433399,177,0.9743196375788549,1,0.15803579415303265
fov0,285,8801.94923857868,4712.659898477157,36.03938170893297,7.730352087631523,-0.7787357643537718,197,0.9767245693022386,1,0.3736001175310565
fov0,286,8812.905882352941,5318.105882352941,24.90746933574335,9.360890758217117,-0.33134824990129225,170,0.926689985494913,1,0.1294354533482752
fov0,287,8827.954861111111,7277.104166666667,43.09996524405275,9.911727402287022,-0.11794631976844522,288,0.9731975627188801,1,0.10713349118979211
fov0,288,8823.009478672986,7085.886255924171,33.341729545034966,10.233634010281316,0.8958381613618162,211,0.951731541128284,1,0.2272682212227112
fov0,289,8834.785087719298,5106.05701754386,35.955807817765184,8.584120057798794,-0.08258504694607297,228,0.9710833163939004,1,0.12566597825379033
fov0,290,8863.92936802974,8079.010408921933,141.14896981885232,47.35254708265993,-0.45636440477284484,1345,0.9420476045409157,1,0.6076143270552078
fov0,291,8873.88056930693,5314.618811881188,85.34458029212942,69.38325917910764,-0.537499679671339,1616,0.582294517588347,1,
fov0,292,8870.058823529413,5481.757080610022,95.75604042483523,20.88987472540468,0.029269737180878067,918,0.975913629896323,1,0.15246559908757276
fov0,293,8841.209302325582,7944.368217054263,32.36259325954181,12.54177711832507,0.29480658341806343,258,0.9218531780313451,1,0.5160669636194013
fov0,294,8859.104046242775,7360.815028901734,30.49855324227097,7.577479087254396,0.1592320736197461,173,0.968643767192743,1,0.10717378199499984
fov0,295,8866.0,5073.787037037037,36.388972925683504,8.615573628463782,0.06896307888599357,216,0.971567360338157,1,0.09296898716412028
fov0,296,9339.065673701765,4878.59089079303,968.3949501425599,86.49424447777989,-0.23896495473960827,17389,0.9960032393114803,1,0.040749470403150266
fov0,297,8918.003525264396,4768.594594594595,118.14545393498311,45.7940980344622,-0.31704392341078075,1702,0.9218243882987706,1,0.1538821623719398
fov0,298,8914.31854199683,6944.264659270998,75.4973648981955,11.306823047000155,0.4135461372630987,631,0.9887217013426235,1,0.10034945209380626
fov0,299,8925.63440860215,6906.998463901689,74.73084910805565,13.867500497639185,0.09384239899368224,651,0.9826318134175971,1,0.14483118837488468
fov0,300,9005.928774928774,5023.391452991453,256.3513561013692,12.79973965705628,-0.18795498695147628,1755,0.9987526969869253,1,0.08184579526967334
fov0,301,9097.21074512312,5071.9750559641825,437.50449348896865,27.10316320851384,-0.14878212099003146,3127,0.9980792881896697,1,0.04526294854869982
fov0,302,8966.6328125,7794.238636363636,117.68855730804691,63.98938906838446,-0.6051757025754833,1408,0.8392679651854748,1,
fov0,303,8948.19733924612,7063.341463414634,83.2129280181428,19.18385236889063,0.5213084101170492,451,0.9730630087544259,1,0.2588756905571536
fov0,304,8960.275538894095,5256.640112464855,92.7753043934431,27.956945487800724,0.028422167677718563,1067,0.9535166361077617,1,0.18011611265756824
fov0,305,8963.058823529413,5299.381461675579,68.34525172925373,10.905412478312599,-0.3867103453597835,561,0.9871876551949289,1,0.16319660430778438
fov0,306,8971.34490084986,5392.496458923512,89.94674895335352,60.17412488336344,-0.5123836025869521,1412,0.7432649065676579,1,
fov0,307,8964.549561699258,8195.378287255564,100.48274410116197,63.07630966716911,0.26542832635295743,1483,0.7784289240303905,1,
fov0,308,8971.132093933464,7995.988258317026,93.4085259795268,33.59430947682963,1.3433441280490284,1022,0.9330875589163932,1,0.9715370838820749
fov0,309,8969.536036036036,7032.45045045045,36.34421362846346,8.48380885012668,0.245830418146456,222,0.9723737470994683,1,0.19091128299820811
fov0,310,8980.127882599581,8145.836477987421,44.86972663440217,17.205299477200775,0.9037759558498684,477,0.9235616111858659,1,0.8185884879650815
fov0,311,9031.258485639686,6949.5176240208875,163.5189855504997,19.149746432584234,0.5519963103057226,1532,0.9931189220934303,1,0.17936709048859273
fov0,312,8990.632302405498,7261.405498281787,45.0052285936521,8.368032802659306,-0.06682700161982888,291,0.9825621072280117,1,0.17676446173179802
fov0,313,9001.72633744856,7879.240740740741,69.3525367068673,10.312867671726197,-0.6225757680048778,486,0.9888820385739855,1,0.5745975387060097
fov0,314,9010.077481840193,5180.847457627118,70.28348866281002,8.844371545421478,-0.08192015019624861,413,0.9920507356199495,1,0.14278689447062573
fov0,315,9020.847222222223,7106.003086419753,87.68907562346405,20.355011205365624,-0.3835471401905522,648,0.9726854617181903,1,0.3165600239090541
fov0,316,9016.951434878587,7921.119205298013,80.3114882059841,12.705815032870568,-1.0303056987402646,453,0.9874060167929284,1,0.7075630078553506
fov0,317,9022.21052631579,5209.7828947368425,49.610981962228784,8.073531395035493,-0.019446961426883187,304,0.9866695195671517,1,0.16210515524534622
fov0,318,9080.142501555694,6836.313627878034,166.74249116853872,42.31162721578416,-0.09493291055154911,1607,0.9672687040473572,1,0.20855609014234744
fov0,319,9047.87962962963,5269.668209876543,94.11614812479746,17.314361449023394,-0.5480040119898228,648,0.9829322293555897,1,0.2311505880137022
fov0,320,9028.090634441087,7965.126888217523,46.49095149295782,11.419624503432281,0.44486172679264674,331,0.9693633749495746,1,0.601595126685708
fov0,321,9030.801886792453,8152.443396226415,35.256697973811036,9.468077590856945,0.047552522783273835,212,0.9632666051842039,1,0.5679866444854832
fov0,322,9034.962389380531,8012.314159292036,63.51366293379549,9.567021222329158,-0.8465927939750971,452,0.9885903102332442,1,0.6495061172182578
fov0,323,9063.02245508982,6806.4056886227545,84.4114049062111,14.896900123913854,0.35023648985456085,668,0.9843042784227076,1,0.1501014792530536
fov0,324,9049.326359832636,7003.702928870292,37.679351129912575,8.847126392081863,0.11387550502736675,239,0.9720436081832278,1,0.19729305601684122
fov0,325,9066.361623616236,8121.09594095941,36.896184677179654,10.525851935282693,-1.3488897259085884,271,0.958443345094747,1,0.9527912599282029
fov0,326,9127.628609805239,4709.447280053727,106.12710704859319,53.8232065943899,-0.0806557984049848,1489,0.8618531246973723,1,
fov0,327,9108.96449704142,7660.458579881657,52.332142369260175,8.814852496045816,-0.10660958144825446,338,0.9857118220992335,1,0.3866723305277718
fov0,328,9126.888888888889,7917.060185185185,31.705160277998615,13.358639552884668,-0.2877776730664947,216,0.906902939338618,1,0.3074565480343743
fov0,329,9148.099605522682,4775.394477317554,64.49903308203085,32.32898200198801,-0.022168378938720867,1014,0.8653129150512207,1,
fov0,330,9153.071895424837,6609.511982570806,69.15596820030017,10.351500089743011,0.07192780978862574,459,0.9887339790490481,1,0.3399634066926947
fov0,331,9163.689217758985,7072.3488372093025,78.00786755496432,8.196780360150397,0.07679763264434859,473,0.9944641597725618,1,0.16797401059907133
fov0,332,9155.932989690722,7108.886597938144,32.66184906976783,7.656156375510325,-0.007974225884293525,194,0.9721386204058693,1,0.14136830859514185
fov0,333,9193.595394736842,4973.082236842105,86.57750117247433,9.326157767700659,-0.310704449552169,608,0.9941812352818554,1,0.07577577786732781
fov0,334,9223.955773955773,5087.714987714988,66.24359424197624,9.088058478711067,-0.12520511676750293,407,0.9905445424569003,1,0.0512922112581089
fov0,335,9266.155391120508,4643.101127554616,156.1996514874848,61.56394731486726,0.15611887152377976,2838,0.9190520138662064,0,0.3001159303964653
fov0,336,9266.952904238618,5249.485086342229,104.3357945361608,10.024136293331145,-0.3460213657704786,637,0.995374028472617,1,0.21657645516495544
fov0,337,9265.077448747152,7124.302961275626,73.03994189481705,9.88238695998297,-0.4037915321237753,439,0.9908045231827302,1,0.2119296490476849
fov0,338,9274.03745318352,5136.672284644194,82.64510582474816,8.617593060386058,-0.04424546531953363,534,0.9945487886592462,1,0.08955167285048458
fov0,339,9269.580729166666,6712.638020833333,55.55485207512004,12.987147739116628,1.3924606730401965,384,0.9722915354612195,1,0.7375278744445739
fov0,340,9331.939828080229,6574.354891526811,153.27562083734787,37.726162170268566,0.08175745483633885,2443,0.9692361066833008,1,0.3355911733807358
fov0,341,9307.391483516483,5375.006181318681,94.46077473645298,69.23868131064263,0.06918186343152348,1456,0.6802408049394192,1,
fov0,342,9315.6,5265.4875,41.50577059833557,7.7400585939863875,-0.28616119978488724,240,0.9824584714142865,1,0.19218283597450012
fov0,343,9339.394104803494,6681.681222707423,69.52077685849699,56.40782115197728,-0.23338460203256078,916,0.5845179665569066,1,
fov0,344,9338.189300411523,8074.945130315501,104.60730278517303,14.701394763081481,-1.16847312220784,729,0.9900751582261303,1,0.7479433840192042
fov0,345,9358.486631016043,5039.053475935829,93.97189677556136,10.235748326605371,-0.14916158181770314,561,0.9940501346286084,1,0.07060999253701121
fov0,346,9339.41883116883,4568.957792207792,45.23313401762643,15.034542265104603,-0.7621484498256156,308,0.9431459185487723,1,0.3178257341883472
fov0,347,9345.277078085643,7963.201511335013,39.97801281289799,22.726083794423175,-0.08574198422347928,397,0.8227077455627252,1,
fov0,348,9353.544267053701,7521.084179970972,88.7211669907402,23.05840216664189,-1.2201581250428926,689,0.9656362319456457,1,0.489232085693632
fov0,349,9364.569321533923,5166.185840707964,50.32703837196739,9.259253431223348,0.09604524359773829,339,0.9829296713278756,1,0.1327138266056389
fov0,350,9358.402255639097,7148.815789473684,46.40861713828657,8.373522809060889,-0.7854561162045032,266,0.9835877645346759,1,0.24530934540279253
fov0,351,9385.947976878613,7898.407514450867,35.03004456269153,16.21314612411392,0.28041231071472994,346,0.8864442196416408,1,0.46556961519356416
fov0,352,9397.490384615385,5260.576923076923,54.92852365002115,8.454530412794204,0.3325145243827059,312,0.9880835057834029,1,0.24735520072475117
fov0,353,9400.682186234817,7149.643724696356,89.37031590195389,7.955597747357942,-0.8342815765787902,494,0.9960299864899831,1,0.2651775869297812
fov0,354,9405.713333333333,6968.484444444444,57.34925273103185,11.942177617753165,0.025895697844905037,450,0.9780786155936733,1,0.25830681416970624
fov0,355,9431.912621359223,6891.828478964401,54.47745151443269,10.781869449195105,-0.09665290390866321,309,0.980219317168974,1,0.38581191291534156
fov0,356,9447.035580524345,6839.314606741573,79.75505063894536,10.714542071879086,-0.347961174580794,534,0.9909348752603268,1,0.48069366779689227
fov0,357,9428.847826086956,7092.5,44.938307562159366,9.901165361489708,-0.3898764749341221,276,0.9754258519668363,1,0.18149367678885464
fov0,358,9526.69821549582,4946.218658233567,242.1332177114666,75.28724090438513,-0.2185735896395554,4427,0.950431788423111,1,0.13594051418330522
fov0,359,9479.061606160616,6594.162816281628,155.64020893910978,62.323133291468466,-0.06064240840182805,1818,0.9163270021421612,1,0.3943871043230641
fov0,360,9483.370071684587,5243.38082437276,125.65092925012591,20.358587363865468,0.5225505013410342,1116,0.9867866592359082,1,0.32424710732446355
fov0,361,9497.265831134564,4669.370052770449,101.32186956576749,60.64649781333341,-0.4079813594859243,1516,0.8010832904833309,1,
fov0,362,9460.497630331754,7923.805687203791,33.82259554245607,9.672178879170817,1.28983224295841,211,0.9582391778487995,1,0.8505268819783051
fov0,363,9507.059620596207,5205.639566395664,37.39120111483724,13.702254088410694,-0.37752947442409285,369,0.9304351282161316,1,0.3741545792176178
fov0,364,9545.017667844522,6644.632508833923,127.56863857284756,11.111867515669926,0.33399880996071796,849,0.9961991353460303,1,0.20726417830837013
fov0,365,9547.37296620776,6816.6533166458075,85.14281643703661,51.324962186605376,0.6735392353896044,799,0.7978845821270993,1,
fov0,366,9616.030303030304,7055.424242424242,32.147861172479246,10.205188681719308,-0.23074913032560412,198,0.948276571930183,1,0.07347499333381528
fov0,367,9626.174041297934,6377.814159292036,49.6669189883695,13.308481361190323,-0.1509234705892962,339,0.9634315291153711,1,0.17120958380101747
fov0,368,9625.377637130801,6728.993670886076,34.62893729999661,27.299972178084758,-0.3074966291161415,474,0.6152177820265321,1,
fov0,369,9641.016897081414,6690.634408602151,50.254658539428064,17.021372901144215,0.3878339358172103,651,0.9408935602643267,1,0.26809976565647514
fov0,370,9686.457023060797,5205.309433962264,157.5153725002027,34.21868219054517,0.4598992866223881,2385,0.9761181612415966,0,0.5965214567469453
fov0,371,9706.878394811512,4536.770976895014,92.84131144713263,69.50347076115494,-1.1204410202639945,2467,0.6629919210860487,1,
fov0,372,9735.708180708181,5079.288156288157,121.31670261307602,12.806297778727544,-0.7335263704210585,819,0.9944128422346712,1,0.36884145750188896
fov0,373,9712.1,6928.208,41.21557518249112,7.875540513286834,-0.24826043841922432,250,0.9815741435614694,1,0.09515899615210596
fov0,374,9751.79343365253,7635.391244870041,114.7345519685512,13.307572106956657,-0.04190347689234308,731,0.9932508785426795,1,0.13575590456888453
fov0,375,9783.666105499438,7912.783389450056,121.74249751244588,57.38370623623415,-0.13259129323876967,1782,0.8819445757753949,1,0.3198176013919349
fov0,376,9791.33518390007,4656.853573907009,146.98563632931064,27.063131959020392,-0.44482493304339127,1441,0.9829035982144393,1,0.16397982405901065
fov0,377,9738.717791411043,5288.736196319019,24.32516447432672,9.52667433504397,-1.2733295751935902,163,0.9201191094511006,1,0.5625278484873547
fov0,378,9750.734693877552,5098.821428571428,41.19131060862215,14.594055900267987,-0.29094793991748913,392,0.9351320483114414,1,0.32903431281886214
fov0,379,9782.062283737025,7417.108996539792,94.11032651350412,8.308362861865074,-0.08522981307770909,578,0.9960954134456415,1,0.22921670815451897
fov0,380,9771.11570247934,7175.027548209367,61.17586503713602,9.32593973229024,-0.06598010645530443,363,0.9883119936531314,1,0.061790488710753454
fov0,381,9764.170103092783,17360.32474226804,33.32660009143794,8.077703904590614,-1.3585990925064746,194,0.9701813738435922,1,0.9944120715679059
fov0,382,9774.058823529413,6940.117647058823,21.510731019228015,7.384053050421696,-0.047445542292014024,119,0.9392356739715622,1,0.06959978604399598
fov0,383,9862.134387351778,7804.424505928854,178.45347571611748,14.27368630094104,-0.28250117240293976,1265,0.9967960290539273,1,0.35284126570128543
fov0,384,9817.300970873786,7993.868932038835,57.84545407227699,19.587608132852072,0.4548856151291562,412,0.9409233359816646,1,0.3347835431411363
fov0,385,9812.767346938776,6435.632653061224,30.48834215228713,12.724038643540922,0.31695306375464877,245,0.9087499081180066,1,0.1814518826279894
fov0,386,9833.772151898735,6928.022784810127,63.05938508002918,9.22031731328994,-0.009128672916957783,395,0.9892526267566827,1,0.07142939897837626
fov0,387,9844.582995951418,6881.512145748988,84.68502874791128,10.582686399920242,-0.0313123269066755,494,0.992161118210477,1,0.06957679779394188
fov0,388,9829.16231884058,17190.875362318842,49.06421716963785,9.10410106064885,-0.8248717026798464,345,0.9826339174733396,1,0.781766237540058
fov0,389,9840.985119047618,7967.535714285715,39.51713510452622,12.213992209469382,0.9742881475403664,336,0.9510357453996988,1,0.5480901250335832
fov0,390,9855.530789245448,4443.744145706852,59.294427207431696,51.87445590778584,0.0684748356549611,1153,0.4843718057661444,0,
fov0,391,9865.681818181818,7767.752840909091,63.86834351633404,7.903463331766386,-0.34175291592649754,352,0.9923139038205012,1,0.1937775233509644
fov0,392,9893.45652173913,6448.521739130435,90.61133855139836,14.989261273428994,-0.23335408148025782,598,0.9862225942266094,1,0.26990086903237553
fov0,393,9872.9793814433,17157.180412371134,32.547019541778354,8.15563942523194,-0.22327638535961367,194,0.9680958380656779,1,0.5957669222536277
fov0,394,9878.948148148149,16987.296296296296,57.61990287193119,9.825155427504422,-0.9887814926811331,405,0.9853547871639042,1,0.8357444603621316
fov0,395,9926.9422001243,4363.218769422001,106.06921224116144,35.04532559752168,-0.08442446302275879,1609,0.9438408125615027,1,0.19823905634520725
fov0,396,9875.054474708171,17054.9766536965,40.91819756032293,8.289213206018056,1.4805297927055248,257,0.9792656925593968,1,0.9499682779558074
fov0,397,9893.9392971246,17110.56549520767,46.31510046078291,17.729900539323605,1.128811305160149,626,0.9238269448352145,1,0.8005046677693498
fov0,398,9921.897129186604,6817.38995215311,60.53435842973003,9.482980922084,0.1408388114232195,418,0.9876534620297798,1,0.1456911579956085
fov0,399,9933.473607038122,6760.109970674487,101.88394727390504,22.603993378448383,-0.28785548176121944,682,0.9750784838436829,1,0.19694731769111082
fov0,400,9990.06225490196,6702.820588235294,176.67601519371445,32.0011764451077,-0.18120087323243914,2040,0.9834593184496917,1,0.1542416806316972
fov0,401,9946.58367071525,16815.543859649122,174.25906719180566,14.662156719863319,-1.2817939196165296,1482,0.996453943518063,1,0.14540375733870992
fov0,402,10065.35449347603,4504.990763817622,328.46405629135046,109.02980336854749,-0.037635254824847794,6821,0.9433010967381101,1,0.12672317994678745
fov0,403,9983.809278350516,7755.231958762886,93.04696194118422,11.234859212615527,0.33914841120651285,776,0.9926836830860495,1,0.40670566275897624
fov0,404,9990.42337164751,6976.9808429118775,86.99436729322623,8.250099691660509,-0.3905546684337506,522,0.9954930170737142,1,0.2053417506375162
fov0,405,10033.134317862166,6613.87482419128,172.84648370522382,31.585186874370045,0.3118473965873155,1422,0.9831621131519169,1,0.24099127662618097
fov0,406,10032.171890798787,4329.580384226491,142.74745290926694,74.8464966670949,-0.04558381089038386,1978,0.851516337861709,1,
fov0,407,10041.95885509839,7486.436493738819,74.48073013268049,16.99246576528834,-0.4714724722678641,559,0.9736269788344394,1,0.2965786168025189
fov0,408,10033.996441281139,16896.93119810202,56.741100997289045,20.637904864316894,-1.0771290872909525,843,0.9315081085821016,1,0.09294993170503488
fov0,410,10040.68439716312,16790.944444444445,51.106025511944665,23.140165545190822,-0.8236897456126451,846,0.8916185004756839,1,0.18003908970081992
fov0,412,10046.140255009108,16652.455373406192,30.382395041294618,23.192759276448246,-0.9212089116082389,549,0.6459711966897702,1,
fov0,413,10050.724590163934,7640.55737704918,21.278640464122454,18.275821069320394,-0.07366263416742215,305,0.5121751082916131,1,
fov0,414,10095.934602649008,16886.743653421632,221.13275763718258,42.52188619975454,-1.2558587658243863,3624,0.9813379078602692,1,0.12653672178219075
fov0,415,10094.385869565218,7584.459239130435,54.3667159730992,12.895195562358658,-0.9154187520334895,368,0.9714634854299987,1,0.4517673788752902
fov0,416,10113.377002827521,16456.78605089538,58.1955211428541,40.47407098819343,-0.8933713138217746,1061,0.7185412970399208,1,
fov0,418,10180.977367480644,6419.787969029184,166.27299661024531,40.6230322323936,-0.3667920241871117,1679,0.9696958535230519,1,0.28722094932988346
fov0,419,10132.490990990991,16395.846846846845,58.0674691448969,14.986167858736064,-0.7335662859229138,444,0.9661230188826507,1,0.5567359574834255
fov0,420,10151.528846153846,16640.041789940828,120.46019412914266,56.67444470010832,-1.0255708685622889,2704,0.8824091861444755,0,0.10786212381857091
fov0,421,10139.433962264151,6388.509433962264,18.523679189462495,7.783038897264565,-0.9835147994312213,106,0.9074467939207678,1,0.5184296706888132
fov0,422,10175.110236220473,16831.10920917494,169.22369329173446,54.02740488118972,-1.0640315541768368,2921,0.9476650758046079,0,0.10645441793952619
fov0,423,10172.204567078972,8031.909609895338,90.12938271735439,29.869565483092398,-0.3240635849517993,1051,0.9434876682318308,1,0.37535779896996685
fov0,424,10160.733031674208,7940.067873303167,59.57503516817178,15.585387071733795,-1.4403132216049248,442,0.9651738395594522,1,0.7689014565845641
fov0,425,10177.401515151516,6379.962121212121,17.326191871133577,11.713269728525258,-0.32228688375870135,132,0.7368611671464557,1,
fov0,426,10215.772027972029,6359.012587412587,99.34373451248344,23.054501001301087,0.31234702656440244,715,0.9726995666792682,1,0.39037463346762047
fov0,427,10205.104529616725,16493.594076655052,33.98270874598963,21.51658909253948,-1.2360506926029806,574,0.7740185989431749,1,
fov0,428,10218.135384615385,7332.950769230769,43.59468833354613,12.92518229142852,0.16410923553304899,325,0.9550374304236979,1,0.3203451961889042
fov0,429,10307.90883306321,7901.053484602918,185.68914527429837,71.48576842453535,0.5093019231061341,2468,0.9229267995594306,1,0.3630234689704785
fov0,430,10311.847846889952,7819.942583732058,178.9068415394666,15.719650504100262,-0.1298868656579055,1045,0.9961323912604455,1,0.2090135180601911
fov0,431,10255.718644067796,6326.9762711864405,25.224963246227162,17.746574204305276,0.8866093893577678,295,0.710663370305269,1,
fov0,432,10279.670363288718,16291.52619502868,163.31382474705572,50.79269132355661,-1.0931319409526352,2615,0.9504057201347096,1,0.6310416807935658
fov0,433,10273.040404040405,7957.063973063973,47.08733164448738,9.055646265445015,0.20136929972198722,297,0.9813330547629823,1,0.44551615885210444
fov0,434,10314.669253152279,7785.368574199806,124.77391303476446,11.65627713994368,-0.18328675223366492,1031,0.9956268658795573,1,0.2188243440339238
fov0,435,10537.192204301075,4655.5994623655915,654.4807864486997,44.30381727072788,-0.21447136965214936,5952,0.9977061929914111,1,0.025714534352078728
fov0,436,10304.101498637603,16821.57697547684,207.04752107263602,62.47250356211068,-1.3582887208447658,2936,0.9533933326350614,1,0.12000623027059466
fov0,437,10329.254409769335,4445.736092265943,91.03198592385436,43.412685274307606,-0.27779468898159904,1474,0.8789603529301291,0,0.07998878970149852
fov0,438,10335.668654173765,16071.200596252129,160.687697980205,38.48272540640079,1.3924197788647232,2348,0.9708994010285612,1,0.8428760435468728
fov0,439,10327.626373626374,16526.238095238095,19.32535484903525,17.98508670761875,-1.1524799829079722,273,0.36591782386274413,1,
fov0,440,10413.808007718282,7573.2725518572115,178.0998169845274,58.956421940965384,0.1662031724326948,2073,0.9436201524835722,1,0.16674942368611553
fov0,441,10365.581373471308,4505.300094073377,65.28160004129103,43.53489420043937,-0.0734712451542559,1063,0.7451664868049473,0,
fov0,442,10374.284080076262,16641.247855100097,58.819886804142804,24.330465749998922,-1.2078108825702698,1049,0.9104389206016704,1,0.07453529031663639
fov0,443,10386.49342681858,16152.751971954425,53.25294230839563,28.52730258614115,-1.3481533475960372,1141,0.8444119360211716,1,
fov0,444,10402.128755364807,6768.2639484978545,63.5618123383476,11.211245687886011,0.11214272840828095,466,0.9843215491912853,1,0.11407332890282766
fov0,445,10482.404945904173,6580.472179289026,256.8081096352447,69.81382070837628,-0.27099582070368183,2588,0.9623390475740221,1,0.11320176673977371
fov0,446,10386.951219512195,15774.642276422765,23.6099334551317,7.037482614653019,1.4434532151664494,123,0.9545430917165386,1,0.8789882051296163
fov0,447,10460.619121048574,4271.885505011565,160.19155248586793,80.33219367571708,-0.3541657955980614,2594,0.8651716476040427,1,
fov0,448,10455.141791044776,7921.766169154229,43.58804229636266,14.249395345543437,-0.5515999304783241,402,0.9450552498787547,1,0.4086525621614559
fov0,449,10478.41018251681,15919.474543707973,57.13714403060321,40.82547411190198,1.2000011575535445,1041,0.699617840184618,1,
fov0,450,10616.149852258337,4671.014774166315,346.54104141018166,22.878835000234485,-0.22041121772196226,2369,0.9978182625760033,1,0.08142361579533189
fov0,451,10498.26222826087,15857.997282608696,60.86163834470214,17.472953944291273,-0.8812391468055863,736,0.9579026961657293,1,0.9873956669055965
fov0,452,10496.518987341773,15647.68776371308,45.73397329731716,8.25864049100107,1.3389136555457906,237,0.9835603015648269,1,0.9713466532084899
fov0,453,10520.060591827149,16344.878816345703,131.85944401360163,39.650877589680746,-1.3189893618308857,2129,0.9537170032215974,1,0.9380137690528629
fov0,454,10522.295454545454,7033.022727272727,58.46705300236119,8.853280336870625,-0.10021132543346571,352,0.9884689939230105,1,0.07642371963629738
fov0,455,10524.893428063942,7300.392539964476,44.322843922826166,23.824998805817987,-0.5407814004205375,563,0.8432426050324898,1,
fov0,456,10537.48988764045,7154.968539325842,67.83538640150137,8.885107000406256,-0.10531152784385792,445,0.991384956072274,1,0.07341613023782258
fov0,457,10577.038718291054,4414.084112149532,112.00695434025594,59.5261489258585,-0.35154973867958195,1498,0.8470893660975476,0,
fov0,458,10557.705084745763,6967.0,48.12858637820099,9.884594085736678,0.10253480034610056,295,0.9786825455031044,1,0.07836818834195934
fov0,459,10655.76810990841,4765.465029142381,228.50770885286835,46.11353163936283,-0.2582420347996326,2402,0.9794261411786086,1,0.09362011471554355
fov0,460,10578.865296803653,7771.223744292238,66.71506474545048,8.678408191181765,0.3437398661186673,438,0.9915032801893308,1,0.26945745583537123
fov0,461,10642.828571428572,6470.075736961451,171.74077114178306,55.37891299219114,-0.47737158969917426,2205,0.946584313122987,1,0.11116055219908536
fov0,463,10625.183605565639,15577.89866908651,250.5641886610672,43.426978378399205,-1.1917311668368642,3306,0.9848661298612172,0,0.6581858247374773
fov0,464,10592.619402985074,7698.522388059701,24.252023677520917,7.404532083324979,0.1183348026059932,134,0.9522510747543096,1,0.21530124445729612
fov0,465,10633.907429015948,14789.137689614936,131.64416834980767,65.84121217731833,-1.2869809015604852,2571,0.8659414980770632,1,
fov0,466,10619.81181619256,7444.315098468272,61.248047562989655,12.02079801187304,-0.3713208353253924,457,0.9805510545062278,1,0.2634823833165588
fov0,467,10608.166735794277,15356.58481957694,266.75313928741963,15.279978631064308,-1.471699293287372,2411,0.9983580757935662,1,0.739187831777495
fov0,468,10621.246998284734,16152.238421955402,51.84960786360548,18.120525371253226,1.2622517229692043,583,0.9369429291122725,1,0.885386861602862
fov0,469,10687.648837615801,14833.243314105926,267.03161970848976,82.88117124024612,-1.3536037338292541,5721,0.9506126944098113,1,0.7107947839081512
fov0,470,10666.939349112426,6938.282544378698,112.7806544073124,10.930318267527488,-0.015222437909954537,676,0.9952925054712403,1,0.0509848721041235
fov0,471,10708.02691968226,7808.145631067961,125.9943091700696,114.48016429580441,-1.4592680418213018,2266,0.4176374221225012,1,
fov0,472,10820.440811258279,4558.086506622517,398.5437043555662,29.2620869491809,-0.10489876098697543,4832,0.9973009235632181,1,0.05236220767726719
fov0,473,10712.897496831432,14500.597750316856,320.0447975397621,100.41719178264876,-1.132840994478822,6312,0.9495023895059098,1,0.15892540469715727
fov0,474,10677.666019417476,15981.914563106797,46.48428604176749,24.219324737263793,-1.2150022862743233,515,0.8535433913203581,1,
fov0,475,10728.218973625026,15056.025352688612,261.4898250306283,90.19723000746927,-1.4357537185563445,4891,0.9386262408214011,1,0.7282090741454399
fov0,476,10743.347107438016,6647.748966942148,134.18358975733628,9.833832120702661,-0.3514397231584903,968,0.9973109363167746,1,0.06010725333892144
fov0,477,10707.989528795812,15428.052356020942,28.73422047687485,11.639232606607647,-0.5981095577438325,191,0.9142878038097146,1,0.589981583917847
fov0,479,10726.19642857143,7592.03125,44.14429424337619,23.66443442536905,0.41730745528536295,448,0.8441734962095482,1,
fov0,480,10756.780058651026,14055.668947539916,141.8432060160134,58.76422785372685,-1.4093833366045814,3069,0.9101449118992232,1,0.07042782262058796
fov0,481,10776.456848030019,7885.413696060037,82.01160526616734,52.898538038144196,0.6004830263119322,1066,0.7641717361504173,1,
fov0,482,10760.461325966851,7497.378453038674,31.698257977880374,20.317885845838934,1.4994888735264822,362,0.7675592549356933,1,
fov0,483,10787.499337748344,4894.02119205298,67.60145723335528,48.15022050084211,-0.062016820819109225,755,0.7019096273379662,1,
fov0,484,10776.571672354949,14857.12457337884,85.0480091877226,14.09550000379245,1.4740342049791924,586,0.9861701901621275,1,1.4210075084730536
fov0,485,10825.164546225615,15894.045801526718,96.80381793216283,30.076989688673745,0.13608302080243279,1179,0.9505078805780801,1,0.5869993819854064
fov0,486,10813.561643835616,4667.619863013699,57.507037136924055,7.906517549383475,-0.14650961027481443,292,0.9905034566020086,1,0.06651910890436305
fov0,487,10800.513636363636,14439.786363636364,25.52203739688999,13.928441222202288,-0.39504443799362915,220,0.8379534282292663,1,
fov0,488,10802.2,14846.695238095239,33.217906353612086,8.55941984039803,-1.5342870956297259,210,0.9662316798848474,1,0.7604896170993888
fov0,489,10824.49634369287,4305.597806215722,64.00478774906273,45.986504047164814,-0.026952967243305266,1094,0.695542064312845,0,
fov0,490,10840.807829181495,7056.463819691578,106.04231447084871,25.10959264484588,0.046926468747116624,843,0.9715612392978147,1,0.05258434626676068
fov0,491,10824.460140437835,14104.394878149526,115.65141745727793,39.649295288206716,-1.1591825091299586,2421,0.9393958213170925,0,0.14552154097950415
fov0,492,10827.252777777778,4817.715277777777,50.80673014525534,37.555604442394774,-0.4196124576613538,720,0.6735017562703441,1,
fov0,493,10834.76357827476,7150.821086261981,50.70202561517839,8.111859598597029,0.0814950526980411,313,0.9871184992458111,1,0.06562070060472709
fov0,494,10960.621019108281,4616.7503980891715,294.13338442487185,38.12595618314105,-0.08952317005397015,2512,0.9915635706307302,1,0.053527727032232755
fov0,495,10918.723295454545,6578.213920454546,246.544524882069,61.88537067613337,-0.30668218193915353,3520,0.967984252255773,-1,0.2701243072959624
fov0,496,10839.632183908046,4700.712643678161,29.64281362231931,7.649016825294285,0.09446809764798096,174,0.9661343675175589,1,0.09844614269302497
fov0,497,10845.482829670329,14361.740384615385,145.01046022727496,16.091899802367656,-1.3758398191297685,1456,0.9938236880034826,1,0.08755501290591662
fov0,498,10875.573876404495,13459.40786516854,205.90599700008906,40.854339180499196,-1.258166882918265,3560,0.9801185896993153,0,0.07996601838196599
fov0,499,10949.857061177816,6700.437392795883,202.98605897105432,22.610135226620592,-0.4425879566018767,1749,0.9937770357412614,1,0.23183899819790718
fov0,500,10990.95806451613,6804.411827956989,336.05505470519194,26.869664374207595,-0.4958345208587546,1860,0.9967983828111386,1,0.08935364330716836
fov0,501,10913.4112,13241.9348,196.1188380179363,49.09593049138036,-1.1105534527932104,2500,0.968158590966404,1,0.039626497876879906
fov0,502,11074.115052160954,4647.01520119225,461.9460064546891,35.49590905743244,-0.18343305288254558,3355,0.9970434402497611,1,0.07154669494782541
fov0,503,10894.252595155709,7003.76124567474,56.367719133629706,10.034537822049858,-0.14421449259835226,289,0.9840270090819448,1,0.14278601127466317
fov0,504,10902.85076142132,13766.553976311337,193.34260323935936,58.56633430358049,-1.34883500610499,2955,0.953017643714267,1,0.06577640806061776
fov0,505,10895.154022236757,13930.036952256376,200.42900831444135,23.859455289513654,-1.4950187781877873,3058,0.9928892283227752,1,0.09404758261664947
fov0,506,10894.38947368421,4702.621052631579,29.06924052177195,8.376776899347627,-0.058489744746258954,190,0.9575803650360396,1,0.04497322262238682
fov0,507,10913.547008547008,4033.102564102564,42.09665520706872,8.144606796267981,0.11896281232499033,234,0.9811054096610056,1,0.2517519375019141
fov0,508,10926.833551769332,4827.255570117955,70.50550644139561,32.45198541763206,-0.15364490519047003,763,0.8877759267237981,1,0.08215925828900955
fov0,509,10972.5142296369,6788.764474975466,158.1493694459682,11.504830593834631,-0.5293049460012855,1019,0.9973504552803631,1,0.06139143395560073
fov0,510,10912.209944751381,14266.403314917126,30.530102626015868,7.7379400579758535,-1.5004997494867416,181,0.9673477539768569,1,0.13122326337959792
fov0,511,10938.110019646365,8008.039292730845,83.07129157556442,11.02110418366775,0.733087028927913,509,0.9911602071985446,1,0.6671645916987525
fov0,512,10934.270700636942,7801.770700636943,57.519321742626275,9.43421218779168,-1.1870760620434198,314,0.986457322760746,1,0.8600874796526543
fov0,513,10935.641666666666,4011.6,20.584245504124365,7.836308181460496,1.0811563344687407,120,0.9247008866648018,1,0.5314711800269076
fov0,514,10953.5,6298.077294685991,46.3232599655563,14.046578639631964,-0.14552519920664359,414,0.9529175591278594,1,0.33740002854960377
fov0,515,10980.731203007519,4296.424812030075,72.53887102660141,10.17262260558483,0.10110178148841907,532,0.990117986180632,1,0.06892610939770759
fov0,516,10992.905547226386,4723.865067466267,106.82536338104576,9.930978317620056,-0.04252790635624794,667,0.9956694135911036,1,0.04654606780003629
fov0,517,10957.593406593407,7778.07326007326,40.896626250133984,9.673924458086251,1.072087188454772,273,0.9716203439512077,1,0.8400929891546998
fov0,518,10955.80790960452,7942.350282485876,28.03947851425919,8.704968287742394,1.2325928254965677,177,0.9505884037419681,1,0.8366729643963999
fov0,519,11010.233644859813,4085.853137516689,87.32171876016602,14.368620012979893,0.10681214708638524,749,0.9863690656682861,1,0.25359832301781854
fov0,520,11079.193033381713,4843.272859216256,231.3079927764496,21.12596570782633,0.004597773613327023,2067,0.9958204416312502,1,0.11416289941059735
fov0,521,10994.142857142857,7774.744897959184,31.82818612638291,8.415657684836134,-1.0191355693088255,196,0.9644106492232986,1,0.7921320092924975
fov0,522,11022.792016806723,4048.3109243697477,67.65298725300123,13.221861195169984,0.03861255540376649,476,0.9807163632495222,1,0.26694893358163757
fov0,523,11022.622448979591,7450.357142857143,33.700878740599144,7.772968244827034,0.0998383814879378,196,0.973037761909648,1,0.18294288660370117
fov0,524,11067.834905660377,6874.866745283019,117.45298708528266,11.669188360717376,-0.48346249927758245,848,0.995052351120294,1,0.09687842630090114
fov0,525,11032.184049079755,4149.699386503067,30.038282860252803,7.457581557414981,-0.16677208590593848,163,0.9686910684576894,1,0.1300076979277966
fov0,527,11050.59090909091,7441.463068181818,50.81430532831886,10.476274110976629,0.688026374065864,352,0.9785166496254717,1,0.38134648352099765
fov0,528,11050.070588235294,6584.229411764706,27.31364007777396,8.482977864682015,-1.354269767830012,170,0.9505483504449175,1,0.4428549077941748
fov0,529,11106.961589403974,13057.997792494481,112.99210008613201,72.35115832517982,-0.004240034399094676,2265,0.7681078399919928,1,
fov0,530,11076.165745856353,6313.867403314917,27.77587050755853,10.554831586667392,-0.6190898052547673,181,0.9249864746472094,1,0.23216587644839543
fov0,531,11100.798122065728,7683.206572769953,38.99319255304098,7.624943563016504,-0.26556239657036385,213,0.9806946288914788,1,0.4488827576439661
fov0,532,11102.930894308944,7109.219512195122,42.32309067292897,7.511919986846621,-0.004546581072472683,246,0.9841226270116742,1,0.1314691985940944
fov0,533,11123.091463414634,7467.118902439024,52.38377464821112,8.434516920110475,-0.1330282231726709,328,0.9869521353367194,1,0.21908206822751097
fov0,534,11116.846787479408,13128.632619439868,31.356564103483983,24.653583427429744,-0.5000785363258913,607,0.6179294206631878,1,
fov0,535,11173.405090137858,8092.700954400849,79.73556746193758,17.180423574505046,-0.10607312209323656,943,0.9765110114094537,1,0.2557634693620242
fov0,536,11215.106014918267,4363.412791620378,169.2952788730705,122.16965937507779,-0.320413504332301,6301,0.692272131002622,0,
fov0,537,11160.737668161435,4780.076233183857,42.30700954125073,17.01776971746778,-0.3773885020681813,446,0.9155322023585702,1,0.13597603973024835
fov0,538,11186.073170731708,6973.150776053215,72.33322427755961,8.428955176259667,-0.09899767465365188,451,0.9931872297391665,1,0.13970979528351732
fov0,539,11200.762376237624,6906.490099009901,93.66535270256568,9.67366849276907,-0.493416066873971,606,0.994652420781696,1,0.1853002195359111
fov0,540,11192.355,13123.668333333333,45.17422404588264,30.738353416233718,-1.356900824553341,600,0.7328037074516952,1,
fov0,541,11249.903916768666,6345.670746634027,173.36789456498144,114.55270610854755,-1.2983647827446894,3268,0.7506067080328629,1,
fov0,542,11236.935344827587,7442.625,37.031241345847974,9.121286418665873,0.05764955171403224,232,0.9691902648200565,1,0.08298769700579713
fov0,543,11252.241813602015,8092.337531486146,59.34259587022061,12.91593279326807,0.2508646778907745,397,0.9760268204563662,1,0.5127054883439771
fov0,544,11292.394714407503,4845.3273657289,88.3200809648547,56.68693561785924,0.5577148874229667,1173,0.7668426133568329,1,
fov0,546,11277.878975950349,13209.87742435997,91.68821449738617,42.95821112617606,-1.124053930145977,1289,0.8834502941266151,1,0.06626110394814846
fov0,547,11303.86783042394,4534.837073981713,91.79931109904018,31.552661678050683,-0.295680913201448,1203,0.9390745637000444,1,0.32614380249605773
fov0,548,11278.335812964931,13017.73219978746,82.55616493394409,15.247225574324982,-1.1656052942035524,941,0.9827969924696136,1,0.05864749369711123
fov0,549,11273.744755244756,6577.800699300699,34.167640063628994,13.442939553510225,-0.6271129226951809,286,0.919350004636152,1,0.1839711657039248
fov0,550,11298.056433408578,7540.613995485327,72.2834566122972,9.134492967224377,-0.18991162016215388,443,0.991983119448304,1,0.12884612857748026
fov0,551,11364.921397379912,6643.944978165939,183.38693311348214,13.944207735142006,-0.46836160190770804,1145,0.9971049903475226,1,0.16107583447963475
fov0,552,11315.782696177062,4043.7706237424545,64.75749563860285,11.113833507681147,-0.7186359989893945,497,0.9851628136365806,1,0.7106313482280315
fov0,554,11339.96314102564,4076.9791666666665,84.75801651991347,22.954776163003043,-0.5176317838996124,624,0.9626279803549445,1,0.620333982183059
fov0,555,11322.154589371981,7034.125603864734,36.53422596565202,7.405252732800588,-0.1000708927793458,207,0.9792422152794329,1,0.16169697429360483
fov0,556,11375.964376590331,4561.441051738761,146.248378252183,11.413765326595398,-0.355140421274174,1179,0.9969499385976173,1,0.315455371450811
fov0,557,11423.140384615384,6351.532692307693,191.3726295887022,91.14783490579167,-0.31205399889783103,3120,0.8792911843722979,1,0.3792068939243295
fov0,558,11328.85267857143,7959.566964285715,56.23077365933714,21.148345494193737,-0.522449372574554,448,0.9265794291396504,1,0.33803467926996966
fov0,559,11337.643642072213,13414.973626373627,171.88133723952814,56.735703081574314,-1.3854609201925479,3185,0.9439507006960434,0,0.11864099744861226
fov0,560,11354.976439790576,8009.2565445026175,58.65987721851704,9.832568085339963,-0.31021939827147144,382,0.9858516818730687,1,0.3432743226658243
fov0,561,11349.409257003654,12963.622411693057,46.14500267616859,26.50455323757107,-0.7852647092898166,821,0.8185920400718949,1,
fov0,562,11353.480492813142,12883.858316221766,53.01915170898852,32.0308112661566,-0.6383437771072594,487,0.7968807569438783,1,
fov0,563,11352.91592920354,13252.432743362831,84.11322700645098,23.409266118106117,-1.121574181402312,1130,0.9604922889288848,1,0.06694333210670096
fov0,564,11352.459390862945,3877.6979695431473,45.63642542336434,22.783761018072383,1.198486727117288,394,0.8664608165796972,1,0.7720279497170762
fov0,565,11375.41241685144,7402.388026607538,71.56302668580912,8.883933948793912,-0.04521834642649163,451,0.9922645383653644,1,0.06571196962438632
fov0,566,11413.84592445328,7365.56958250497,160.97186563360572,18.157878023482677,-0.07890720804709926,1006,0.9936175357809489,1,0.07866795583264953
fov0,567,11372.347607052896,4692.594458438287,65.21018035056403,9.454366454477901,-0.36443147875372645,397,0.9894341487465719,1,0.33009099456773233
fov0,568,11353.279761904761,4653.797619047619,25.919715027613766,8.678040998003526,-1.557465430614096,168,0.9422875619662481,1,0.6594917682914491
fov0,569,11392.363489499192,7530.127625201939,93.24985544615089,14.189669490641386,0.18704302849583562,619,0.9883546006341097,1,0.13623253120193654
fov0,570,11436.621212121212,6853.773386034256,230.37598991940303,23.862846879127382,-0.3299805490777355,1518,0.9946208987975808,1,0.10274894032917885
fov0,571,11378.361386138615,6175.549504950495,43.721423193012754,21.317297083771713,-1.4040996474129086,404,0.8730833528424431,1,0.38833754090918493
fov0,572,11403.78264604811,6471.326460481099,85.21101135204415,20.008342699734865,-0.43789430360666864,1164,0.9720414427042579,1,0.24667434419931006
fov0,573,11386.134762633998,6587.621745788668,60.94453387986677,18.583495968988093,-1.0765122718515203,653,0.9523764511602713,1,0.24821673928809743
fov0,574,11397.285171102661,7496.32319391635,44.125708961850556,8.150832520885874,0.013321529595830052,263,0.9827914807299948,1,0.07220453996829633
fov0,575,11394.474812433013,6421.18756698821,73.39941777582304,19.139797250088822,-1.1549015113210654,933,0.9654030502996692,1,0.28297241211428387
fov0,576,11876.20200610554,4605.583253379852,1009.6278917650037,109.19275369253266,0.1251599891217449,11465,0.9941344258912088,1,0.14551141876550924
fov0,577,11387.6015625,7878.90625,24.089699712052184,7.080303928550878,-1.5283587848089557,128,0.955831818244937,1,0.6930119924667424
fov0,578,11405.650176678446,4709.798586572439,43.42198369351171,9.081211490215225,0.022994841695472158,283,0.9778860155288384,1,0.40901670350649455
fov0,579,11462.048396173326,6890.914462577378,184.7204116749066,22.85020093502507,-0.5591510122480363,1777,0.9923194681840953,1,0.12943333216737943
fov0,580,11399.721115537848,13714.776892430278,32.090669622848765,11.231210911355028,-1.1882182808468458,251,0.9367557942148929,1,0.06766687294216882
fov0,581,11437.585751978891,1383.5540897097626,42.78868993071798,14.342694614502896,0.26003155316200594,379,0.942147612281315,1,0.3740576048923444
fov0,582,11437.76139978791,3812.9427359490987,77.82114032429035,37.816786166625604,1.2283521865888145,943,0.8739894480140292,1,0.7300960273965047
fov0,583,11473.370820668693,4744.477203647416,48.514692356766155,10.616014783436327,-0.14167124699625455,329,0.9757651042967282,1,0.3619919033765846
fov0,584,11495.926984126983,3758.7619047619046,108.08971523333878,45.25621320788538,-0.5088855948531158,945,0.9081286660866028,1,0.6290149203150377
fov0,585,11497.52233676976,4713.737113402062,88.0660375193423,11.178104695194758,-0.01757451948316947,582,0.991911847722596,1,0.10510919888120025
fov0,586,11553.489601386482,6345.353841709994,306.282495675367,35.26022111686789,-0.9300948425868536,3462,0.9933512212397569,1,0.2798528912259112
fov0,587,11565.125149940024,4453.314674130348,202.04094286619548,48.75968964982811,-0.1024269196546436,2501,0.9704416965570569,1,0.08040839659840747
fov0,588,11518.00709219858,3701.3297872340427,70.55051102249713,13.554383615378669,-0.08275166048153546,564,0.9813708322872873,1,0.4706136073892775
fov0,589,11523.9001996008,5830.700598802395,56.24639546212451,12.259457106618239,-0.5590063358059083,501,0.9759577319616372,1,0.31579287073699086
fov0,590,11527.302083333334,6928.777777777777,48.49790042686528,17.645682983418144,-0.4188181961388188,576,0.931459795212846,1,0.09835339291373305
fov0,591,11529.867847411444,4525.508174386921,61.35533588845512,26.905927013949842,-0.21073391228725408,734,0.898718367724202,1,0.11813908187745216
fov0,592,11537.582887700535,3305.4919786096257,31.983300873824625,7.939293174263918,-0.3349158784178783,187,0.9687004955905958,1,0.40482432958250614
fov0,593,11564.135838150289,3979.3554913294797,88.3618615786629,78.26922954408208,-0.7022799454158714,1384,0.4641040753706229,1,
fov0,594,11681.068920676204,7389.759427828349,370.4983830966307,21.39999983972164,-0.35676211114569634,2307,0.9983304955145326,1,0.1539096067563386
fov0,595,11578.360201511336,6788.39798488665,77.04741109683052,9.094139770157541,-0.613425347620132,397,0.9930096689610844,1,0.1804700054399893
fov0,596,11600.508690614137,6731.210892236385,96.27576979201916,12.899704794531345,-0.49780585490056706,863,0.9909830850462739,1,0.14393768299323192
fov0,597,11628.271628498727,4713.147582697201,168.3088647362785,35.35025183900711,0.1809487234654751,1572,0.9776945065267343,1,0.14183173112177488
fov0,598,11794.495241720593,4497.1459840121815,466.894806969503,21.934070279189957,-0.21588943406111513,5254,0.9988958954538925,1,0.17521995671747684
fov0,599,11617.654867256637,7594.397123893806,114.2802377721861,17.10886071657717,0.4699878164724032,904,0.9887299955720942,1,0.2573717710548119
fov0,600,11669.351108448172,7354.180347513481,229.42363876969316,16.406179614831952,-0.31437900895144255,1669,0.9974398530985565,1,0.13704077087570307
fov0,601,11604.703470031545,7024.015772870663,50.329161591641586,8.246974118972119,-0.11995891797913609,317,0.9864834792894194,1,0.13650626462197427
fov0,602,11674.91418685121,6758.465743944636,239.10453961877056,22.91496638669484,-0.512323956114325,1445,0.9953970795054378,1,0.18038695402204863
fov0,603,11678.290605794557,6988.123792800702,186.19642459912592,13.098232745414961,-0.028955080864696916,1139,0.9975226291453784,1,0.15892842738694296
fov0,604,11617.340836012861,7633.459807073955,53.26307931643491,8.037833820458305,0.17380145091015406,311,0.9885477855274196,1,0.15715303072331593
fov0,605,11610.389130434784,4045.3347826086956,32.3405096644338,20.313985652613066,-0.7361891679090586,460,0.7781098782443127,1,
fov0,606,11665.030680437425,6347.454131227218,230.30404150393653,148.4428360123394,-1.455801739389832,3292,0.7645608206767248,1,
fov0,607,11658.583333333334,7196.586904761904,93.3802454293931,12.2051005772011,-0.20745235954323787,840,0.991421536582817,1,0.1332842195776839
fov0,608,11666.195445920304,6627.9057558507275,95.15762571688792,36.35442551936659,-0.4569760307523595,1581,0.9241440238538077,1,0.13169703097006602
fov0,609,11692.66885585897,6148.528862772208,169.48460043102867,85.60551995229854,-0.8600116245794491,2893,0.8630648033172695,1,
fov0,610,11645.34375,3424.4134615384614,52.00362824982612,27.054728888215354,-1.3978347427504156,416,0.85401587395686,1,
fov0,611,11694.219240506329,3885.7483544303795,111.46782552822924,48.197371972154095,-0.04428809750725159,1975,0.9016875557061521,0,0.1553690903590726
fov0,612,11698.201248049922,6782.524180967239,81.34055601800866,32.2122268955769,0.06454918283609803,641,0.9182432642044963,1,0.26609524110182475
fov0,613,11708.892234548335,7251.966719492869,84.58581255817485,16.514038929428523,0.03566899229427541,631,0.9807566609514333,1,0.19323571036322262
fov0,614,11712.81725888325,6517.167512690356,44.900623798638584,21.98676216486564,-0.42892764985514825,591,0.8719044220046437,1,0.08377683219813852
fov0,615,11779.947512551347,6294.379735280694,233.92120946804192,64.14621893498227,-0.16962896018815582,2191,0.9616665654071115,1,0.19088721719320098
fov0,616,11716.221238938053,7227.761061946902,21.209282922216705,7.1699206444598085,0.09147752633401432,113,0.9411260759269726,1,0.24320594147709246
fov0,617,11758.187319884726,1723.5533141210374,115.39579665469674,17.975609158795574,-0.30653052698274535,694,0.987792797716655,1,0.3324376163106463
fov0,618,11723.891666666666,4695.616666666667,22.333502505555014,18.410389556230086,0.26838518654047616,240,0.5660956590258603,1,
fov0,619,11734.933673469388,3947.7295918367345,32.6993100709947,8.253911148305791,-0.08956353639114474,196,0.9676181558173133,1,0.16420693225836544
fov0,620,11839.655509065551,6349.456415620642,249.34543382338103,77.41762662762021,-0.5963062378754874,2868,0.9505787905310965,1,0.12085706774461578
fov0,621,11808.565535248043,6021.539425587467,160.5413270251543,40.2289428315369,-0.4983179349750468,1915,0.9680950943898557,1,0.09876952048550189
fov0,622,11792.712603062426,1764.1389870435808,114.0993902881099,27.418924950529025,-0.6748217397590963,849,0.9706968453638903,1,0.42490261539779756
fov0,623,11784.635313531353,4131.049504950495,74.96678686160804,34.633658252260815,-0.6183696279160206,606,0.8868868539610474,1,0.2679680526040555
fov0,624,11784.752515090544,6755.434607645875,77.84791859425448,10.991365390434323,-0.09111573464676444,497,0.9899824844226659,1,0.15536975226020763
fov0,625,11843.605437178545,6830.585598824394,199.4460784238228,25.445677276278886,-0.31635887004735125,1361,0.9918280597906852,1,0.24181633520149737
fov0,626,11778.744186046511,7149.587209302325,62.771081510714836,8.252936338590859,-0.5138405582260698,344,0.9913192575017208,1,0.2072656470055191
fov0,627,11790.497131931166,4437.422562141492,87.7259915187205,13.058803389502007,-0.2213567645934706,523,0.9888584317574766,1,0.10895869472208519
fov0,628,11798.993801652892,4032.4287190082646,60.44482751235744,29.074889184234785,0.09204804200477594,968,0.8767121784510374,1,0.2277761135634646
fov0,629,11792.74912891986,4414.606271777004,41.7767328726803,10.54397682276824,0.01465995973553565,287,0.9676259224064283,1,0.09177980134630685
fov0,630,11799.690690690692,7169.237237237237,55.46444720443024,8.053286770607654,-0.4121329261169082,333,0.9894027240740287,1,0.17719426626367166
fov0,631,11798.939890710382,7234.426229508197,25.325795023156466,10.467236893618477,-0.606736213775991,183,0.9105933830460586,1,0.24324459372876572
fov0,632,11801.597222222223,5916.270833333333,22.390755549079206,9.631908674131555,-0.4916443508317785,144,0.9027462537344939,1,0.23772019031405453
fov0,633,11826.924308588064,4836.130276564774,71.91074258332844,56.3857458368763,1.0618257152327526,1374,0.6206251491181547,0,
fov0,634,11833.464190981433,3646.3545534924847,84.52785217700799,56.071814473549885,-1.071873453682976,1131,0.7483065134737721,1,
fov0,635,11833.931677018634,1676.2670807453417,25.821079545904517,8.545454506017192,-0.2737754888251622,161,0.943648722717296,1,0.32922904488411886
fov0,636,11893.36,6388.6833734939755,195.1365116642535,23.566682315229965,-0.5564376806324334,2075,0.992680487572308,1,0.04975975281931905
fov0,637,11862.07213114754,4696.203278688525,51.723864340963004,9.209532473588368,0.3513273745550229,305,0.9840210972624466,1,0.17902810500819313
fov0,638,11892.842460615153,1931.3563390847712,76.30666901012614,38.70372467936279,0.6445646208933968,1333,0.8618208069558111,0,
fov0,639,11910.406779661016,5991.51445663011,87.11461759142152,23.06308744581241,-0.16876430505602916,1003,0.9643186830742536,1,0.2014093198511473
fov0,640,11921.146184738956,5709.1052208835345,91.28212503665429,34.69896888408266,0.3754447174842085,1245,0.9249335436451287,1,0.36433300752333764
fov0,641,11894.802139037432,3883.1256684491977,41.12811109988438,14.020819172242112,-0.43125660395303217,374,0.9400973940381483,1,0.1879243275177234
fov0,642,11890.25382262997,5907.914373088685,34.29127075893298,19.0736640451692,-1.3257690525438273,327,0.8310316994880618,1,
fov0,643,11933.963661581138,3722.3184466019416,162.71842945360675,98.10247119288829,-1.1771145457101868,3605,0.7978189470654428,0,
fov0,644,11963.66416184971,4812.460115606937,142.06579065244742,41.71717507626931,0.4973901752745462,1730,0.9559139681102655,1,0.6113331510507783
fov0,645,11915.510135135135,6639.839527027027,69.41081775124371,22.92220349508377,-0.9135365374958652,592,0.9438971235778574,1,0.39922243962328324
fov0,646,11945.728356890459,6050.641784452297,137.59132136170163,53.5837463581493,-0.7108125717230638,2264,0.9210512771735269,0,0.22615955915056718
fov0,647,12009.195839874412,6476.6903453689165,260.04792781442126,18.363962093782703,-0.5582603817691303,2548,0.997503460510432,1,0.16660967158383658
fov0,649,11930.592592592593,7376.3015873015875,31.75332590072502,9.086094983364333,-0.956149620448147,189,0.9581859560028857,1,0.6881308443987935
fov0,650,11952.025806451613,6282.776344086022,46.781582462717694,12.996172214169551,-0.374694876753481,465,0.9606373964249286,1,0.08467518726503782
fov0,651,11943.772853185596,5027.700831024931,40.82087842426311,15.398923745264721,-1.4007765793619356,361,0.9261189709494951,1,0.7685398562136999
fov0,652,11947.569124423962,4012.6359447004606,32.925811715847246,23.807559355847754,1.1885849167508535,434,0.6907781762447112,1,
fov0,653,11992.968886462882,5586.936135371179,127.30520322427448,37.84216398368049,-0.18343680886648944,1832,0.9547979914068937,0,0.36672105325239474
fov0,654,11963.171149144255,6615.069682151589,76.01439565342054,21.54301457909373,-1.1878338576159273,818,0.9589997142043819,1,0.4787498121869975
fov0,655,11981.205963302753,3555.7160550458716,98.87264749186123,70.80294157814807,-1.0292394943554453,2180,0.6979952236364668,0,
fov0,656,12042.570849029267,4550.6919733410605,298.9358942668665,40.53049269542006,0.5218173637569846,3451,0.9907660523274353,1,0.27479154304720876
fov0,657,11968.85376344086,6380.948387096774,57.83051783723456,14.045210133191489,-0.6271006635327889,465,0.9700592250000146,1,0.09675264164453502
fov0,658,11989.851184834124,6697.265402843602,131.60799246705383,20.823632853161243,-1.1538399204423693,1055,0.9874031343753162,1,0.4668997781504683
fov0,659,11967.291891891891,6109.810810810811,23.515191093242567,12.157409088175632,-0.7963005738968532,185,0.8559839768801175,1,
fov0,660,12000.717113402063,3830.539381443299,112.13498607602959,63.3900256840604,-0.9235796141410102,2425,0.824884670549509,0,
fov0,661,12014.42453662842,6294.813768755516,139.30909879374013,17.154526312291075,-0.35081049740707304,1133,0.9923893054283686,1,0.08740854933634873
fov0,662,12017.733043478262,4683.792173913043,93.63533915919415,41.22992509913979,0.0069495846777409866,1150,0.8978387480222132,1,0.2048180146030281
fov0,663,12079.450263620387,4774.715992970123,211.72231232232974,41.28097161426953,0.22372098660872053,2845,0.9808078238326445,0,0.5084467194208324
fov0,664,12019.74054054054,6739.389189189189,63.16709600895087,8.071041267578204,-0.5629045670735171,370,0.9918034549257517,1,0.37071712078272956
fov0,665,12025.344827586207,1876.8114942528737,60.2288318474858,15.368971089173883,-0.6110667423398795,435,0.9668945395555029,1,0.44148726513328795
fov0,666,12039.557586837294,6123.949725776965,87.31790121031874,43.074642364567396,-0.5460943775611776,1094,0.8698545599768294,1,0.15365780798171122
fov0,667,12016.986440677965,4816.389830508475,30.34267340887091,18.606531050979438,-0.6237101029188443,295,0.7899173642048106,1,
fov0,668,12039.585921325051,4022.4389233954453,67.03189037757123,10.539742381820618,-0.588426308686672,483,0.987561255855401,1,0.21469576235685478
fov0,669,12029.035019455252,4949.3822957198445,110.28201044476779,22.774540242550096,-1.5064249200500601,1028,0.9784441028421194,1,0.8104187790583849
fov0,670,12118.577420619366,6007.800078400627,225.9313257817392,47.15252491027695,-0.038303864276460514,2551,0.9779790876097038,1,0.30494999424992125
fov0,671,12033.49107142857,6693.910714285715,33.9436830179656,9.69449694058315,0.6011018307021069,224,0.9583473237493468,1,0.7844517209438312
fov0,672,12059.211009174312,4835.896788990825,82.62478248353493,16.473668306076963,-0.7867242320887795,872,0.9799223995565652,1,0.48848212344845465
fov0,673,12050.986046511627,6222.790697674419,39.09011745323847,7.256309786380824,-0.5066365527913412,215,0.9826196598552602,1,0.09144911803272425
fov0,674,12063.088172043012,7402.520430107527,63.75087000998912,13.565802212366336,0.2840043669900755,465,0.9770970864614406,1,0.5058538070546313
fov0,675,12063.639481707318,2387.279725609756,74.96112269899889,64.12229953545918,-1.4059810848351024,1312,0.5179557600607472,0,
fov0,676,12066.820618556701,4969.261855670103,41.4811447628706,20.911093363947973,0.40247758329611694,485,0.8636389837258607,1,
fov0,677,12083.392274678112,3806.8540772532187,132.96247836300947,72.19926953607325,-1.0640534716857848,2330,0.8397295646353609,0,
fov0,678,12102.213828425096,6956.0,116.40640186397106,14.30734936535602,-0.3718451283470248,781,0.9924179930443265,1,0.07393709021792526
fov0,679,12093.854952830188,2504.2806603773583,66.22282422600064,36.00808406599767,0.7153572606644354,848,0.8392528858245581,1,
fov0,680,12106.492239467849,6699.232815964523,50.17925472755272,15.169519176227508,-0.8857773503201007,451,0.95321074698266,1,0.39279196055989185
fov0,681,12180.9074933687,6107.437665782493,264.1544763538028,44.68185510533226,-0.8481396431331355,3016,0.9855902378081447,1,0.24981570520598073
fov0,682,12100.537878787878,7332.583333333333,35.26814741284925,11.579478234095472,1.4145800434266047,264,0.9445641892999225,1,0.9528011924316419
fov0,683,12108.8,1793.4,33.57071542251365,7.67200740351257,0.9339462698239683,190,0.9735362289822572,1,0.8607843576418919
fov0,684,12168.153088630259,7016.666069829902,152.90515180169896,32.876107051415445,-0.46717495811568416,1117,0.9766118897752329,1,0.08407139937761329
fov0,685,12132.505847953216,5972.93567251462,59.480735452530574,8.248262482203254,-0.3417050686171003,342,0.9903384824662568,1,0.338263134061859
fov0,686,12144.904761904761,3521.6111111111113,50.96884439419977,42.301286876281196,-0.5036694412709052,882,0.5578467061860535,1,
fov0,687,12134.960554371002,3635.9424307036247,55.537387659068784,42.86646057559189,-1.2860040206251175,938,0.6358062450648587,0,
fov0,688,12127.0,5008.6623931623935,29.760757515603327,11.078360362665949,0.935715938052698,234,0.9281335999600405,1,0.9992093683101726
fov0,689,12154.519076305221,4731.039156626506,62.70896911117511,44.58308226453991,0.12876505475164898,996,0.7032402916134155,1,
fov0,690,12139.637873754153,2455.8986710963454,48.82719383069878,40.217450934101265,1.3872655922054375,602,0.5670707267310827,0,
fov0,691,12148.56904400607,6334.742033383915,49.80331083767033,18.896747963044216,-0.20570504285005525,659,0.9252214535504328,1,0.15514691962966035
fov0,692,12137.188679245282,1769.2861635220127,32.58760193411431,14.139193652884378,-1.3944445485412436,318,0.9009694135464319,1,0.6986075757632426
fov0,693,12184.554443053818,6365.077596996245,127.7360020892199,10.367987329728438,-0.5199820616987609,799,0.9967004907353939,1,0.09156500320681839
fov0,694,12308.144904137234,6798.330171543895,398.04681438701317,64.84836546173517,-0.35053313339896836,4955,0.9866398721187007,1,0.06434980485927877
fov0,695,12169.947845804989,5075.1292517006805,72.46112410091403,12.390283349520383,-0.3231170107671918,441,0.9852723912113734,1,0.5116663208053426
fov0,696,12168.734857142857,5793.812571428572,69.35706278284069,46.25373608400658,1.1599296536556962,875,0.7451535382192203,1,
fov0,697,12184.390889830509,6607.176906779661,103.55298370057267,19.163088042506153,-0.6000251607072897,944,0.9827280005185152,1,0.3194294841468486
fov0,698,12175.189066059225,6397.512528473804,75.40200895362241,8.469371435819431,-0.6237285535943504,439,0.9936717610682627,1,0.10798840310372339
fov0,699,12189.384485666105,6962.839797639123,101.01070627300048,9.317191051610774,-0.5427931792041104,593,0.9957368372477771,1,0.1149966229806217
fov0,700,12194.195863746958,2696.397201946472,136.12955682435756,41.80431533616458,1.1269049805579312,1644,0.9516797910574412,1,0.1764484578475452
fov0,701,12200.230425055928,6153.017897091722,73.09975888543525,8.454650154556974,-0.3601512910636458,447,0.9932889707676983,1,0.16449767643729726
fov0,702,12243.09066183137,4653.292837715322,131.68321581027496,12.73069580269256,0.23425927281626316,1103,0.9953158393216682,1,0.201057521748067
fov0,703,12200.244019138756,2647.267942583732,35.30261068798456,8.114453599243674,1.1635987071147575,209,0.9732250733182063,1,0.2360678155780512
fov0,704,12212.446153846155,4584.7,24.183081819501798,7.221751978590479,-0.32587106873702354,130,0.9543695060590628,1,0.3847245832774861
fov0,705,12221.049621530698,5871.066442388562,104.33665958014578,33.95532684737171,-1.4946804944230199,1189,0.945562678642204,0,0.5639131153591029
fov0,706,12243.220116618077,4497.4810495626825,92.77591244470544,10.432099250632278,0.7809788823387238,686,0.993658057799924,1,0.3645041183865466
fov0,707,12252.488095238095,1361.767857142857,41.36071406267907,12.815472818556875,0.26665188053276767,336,0.9507865909405904,1,0.5164164302642863
fov0,708,12247.444444444445,6100.816425120773,32.08271332203212,9.960540983053274,-0.7326917234695253,207,0.9505850008935004,1,0.10712509704377533
fov0,709,12280.649704142012,2994.4059171597632,103.47185116516512,69.80480866557183,0.7837630337939752,1690,0.7381596446589322,1,
fov0,710,12328.214413875598,4929.818181818182,339.40849932146415,123.29236798620806,-1.3844988262630558,6688,0.9316891449762842,1,0.9133333061165428
fov0,711,12304.565062388592,6441.29055258467,151.40437607737132,21.421718530681062,-0.6541926015674889,1122,0.9899401443711416,1,0.03714795582639566
fov0,712,12277.351265822785,6513.280063291139,65.0900006626311,15.62655515500318,-0.6359299856307526,632,0.9707540646630713,1,0.09132852162119301
fov0,713,12450.941399548532,4611.13309255079,378.139145175888,111.03910823340107,0.04979614267258032,11075,0.9559141866510457,-1,0.38548060076731067
fov0,715,12278.110236220473,6586.055118110236,38.173797767956174,10.090847838476018,-0.2730487002951386,254,0.9644296534219476,1,0.15529847195852936
fov0,716,12338.350806451614,6048.092741935484,152.50116320529764,13.071448077780717,-0.5597425828167945,1240,0.9963198037651736,1,0.08955673589808294
fov0,717,12289.050632911392,1919.4525316455697,21.733389579466667,18.515485754741334,1.081798748153126,316,0.5236437685781908,1,
fov0,718,12350.811555555556,5123.596444444444,130.2518888589405,20.943192978507213,-0.04485558319889912,1125,0.9869886505030759,1,0.42139039288992713
fov0,719,12319.561797752809,3604.613483146067,73.72177851202257,66.83197673055614,-0.9554388877560872,1335,0.422113057378072,0,
fov0,720,12327.133764832794,5940.5329018338725,105.30870611426386,19.041865889039308,-0.7524542226674014,927,0.983516300955203,1,0.20593827973142187
fov0,721,12324.465648854963,6996.034351145038,45.78031101793387,7.658962998277771,-0.25936236835129317,262,0.9859063428564846,1,0.09102043303356178
fov0,722,12326.386167146975,6358.466858789626,46.03340133120183,11.473973609608374,-0.6012258234734832,347,0.9684383466354258,1,0.02635903562217578
fov0,724,12339.41902834008,5820.789473684211,47.48439001509008,30.51112555319297,-1.0089764052459689,494,0.7662432155132487,1,
fov0,725,12372.531894934335,2934.3663227016887,139.84999608605324,60.95077710526851,0.6126467970683919,2132,0.9000291673626737,1,0.19846459136602906
fov0,726,12373.411027568922,6095.411027568923,118.0719364939357,9.565895264786453,-0.7725236388374735,798,0.9967126776274937,1,0.13988611685319957
fov0,727,12341.330097087379,7021.0097087378645,18.92540546200194,7.138478896768251,-0.23244950396961214,103,0.9261357871303215,1,0.10188145114254477
fov0,728,12402.025101214575,6623.152226720647,138.84392512768858,24.16062567754015,-0.2281628462331676,1235,0.9847433836498519,1,0.12641439009366895
fov0,729,12354.327272727272,3513.1272727272726,28.26352897952477,8.243273149246926,-1.3687318000868187,165,0.9565227869188218,1,0.781253147403494
fov0,730,12374.583554376657,3978.0371352785146,59.50401332353677,50.52706983819869,-0.49838196921601613,754,0.5281723735874784,1,
fov0,731,12377.659793814433,6203.438144329897,32.25478962109101,8.004123937141802,-0.26381667330057773,194,0.9687208427765992,1,0.1922465907260798
fov0,732,12417.839721254355,5909.184668989547,110.91840944060854,21.847984931406696,-0.4522396246608505,1148,0.9804088171717958,1,0.12723592577077442
fov0,733,12384.20081967213,3528.3565573770493,35.21154531067177,13.01041768205558,-1.2126841004979987,244,0.9292335343416702,1,0.7077002445023253
fov0,734,12429.8808630394,5074.791744840525,72.69846749295851,25.833653566704932,-0.9516096226404568,1066,0.9347319951525485,1,0.5959452159717773
fov0,735,12434.131641554322,3548.153846153846,80.44287010820372,55.77776811650441,-1.4972977532953335,1261,0.7205686377866048,0,
fov0,736,12448.287190082645,6067.896694214876,80.92018395658009,9.976188343410348,-0.6862399500929562,484,0.9923713926968319,1,0.11961810312495698
fov0,737,12496.862433862434,5805.350198412699,143.50693126940615,94.47576550039254,0.07361134634870879,3024,0.7527242761584843,1,
fov0,738,12454.989380530973,5126.877876106195,64.28897494862494,21.810053145294827,0.3383434286936907,565,0.9406961482708377,1,0.6202533662355316
fov0,739,12456.865853658537,4792.085365853659,28.689473688559158,7.633195655560366,0.9286725015650885,164,0.963955755503796,1,0.6206740631863898
fov0,740,12490.496466431096,4799.148409893993,75.86997223285363,18.82452930465916,1.0678561594194236,566,0.9687304125838517,1,0.36624277271329614
fov0,741,12490.558583106267,6215.559945504087,77.91982067922144,34.16512290671284,-0.5217772920935365,734,0.8987482102880929,1,0.41580737560815045
fov0,742,12713.955739531923,4505.70784906862,644.6750702924072,33.92330791763656,0.07023187525321394,6281,0.9986145668090851,1,0.19121509616416194
fov0,743,12500.48742746615,3475.588007736944,73.22969566404134,49.7192982887057,1.303678661373536,1034,0.734184557130179,1,
fov0,744,12512.452481076534,2971.0201850294366,66.0791584775417,59.68708758620279,-1.2440942195361522,1189,0.42908006416313604,0,
fov0,745,12535.30930232558,6293.376744186046,55.350924521539746,11.076436355340277,-0.2910306824678528,430,0.9797728361176913,1,0.4662776090208665
fov0,746,12544.86,6606.0257142857145,64.65663860943505,9.47270008995422,-0.2517335985700856,350,0.9892095190821006,1,0.41620018109241214
fov0,747,12590.66075949367,5040.200632911393,88.84424311663585,55.11490757259197,0.31524144276112614,1580,0.7843217145398259,1,
fov0,748,12568.335375191424,3398.47932618683,68.06568112689513,35.01031467392668,0.6485104234803865,653,0.85757391557201,1,
fov0,749,12561.495283018869,4871.523584905661,35.43908289735562,7.947105577128189,0.7829901530229395,212,0.9745323565371343,1,0.19692366352097046
fov0,750,12565.193548387097,5450.511520737327,35.345425064899096,9.089310024709219,-0.6132904771722364,217,0.9663697393047845,1,0.5230816181103276
fov0,751,12565.141975308641,6729.740740740741,28.38604008106182,7.903442320759436,-0.5228579566964707,162,0.9604573701025273,1,0.2976575025491205
fov0,752,12577.256454388984,4774.879518072289,43.119381111133954,33.111177557840456,0.4983956383972525,581,0.6405751653024406,1,
fov0,753,12617.299625468166,5690.269662921349,101.88796771856198,62.614134014881486,-0.4814316639665039,1335,0.7888864091616218,1,
fov0,754,12641.145854145854,6327.370629370629,146.6778456700409,9.571980210559662,-0.5299766567943072,1001,0.9978683904211252,1,0.6040470245941815
fov0,755,12635.772426817752,6189.279508970727,118.86495039890879,35.55137766186207,0.5095585246086346,1059,0.9542247490659118,1,0.37845832493934617
fov0,756,12629.393075356416,6841.217922606925,75.19093524960823,8.779932060932358,0.2985560820505937,491,0.9931591611937777,1,0.3761614742564809
fov0,757,12618.685185185184,6199.009259259259,18.035512461534687,8.225065540419902,0.736352721954166,108,0.8899550047652283,1,0.42817100962940446
fov0,758,12676.716357775987,6795.7171635777595,115.02839238378141,17.960204893676817,-0.2376911501968267,1241,0.9877353854371432,1,0.24557775402845336
fov0,759,12672.304054054053,3262.9478764478763,85.26512250015934,59.65599855685252,0.016625222208129713,1036,0.7144828079131947,1,
fov0,760,12652.919847328245,3404.912213740458,35.81248902007228,13.653950923868003,0.8531214606097681,262,0.9244669167011969,1,0.7679262607176233
fov0,761,12669.359375,4781.25,20.830525191615763,8.032609413600351,0.06327994671926569,128,0.9226588493620476,1,0.3644999533360864
fov0,762,12674.31794871795,6255.492307692308,31.88529577736375,8.133928097778195,1.2297523732653153,195,0.9669147654743552,1,0.7339022398878045
fov0,763,12707.64483627204,5021.261964735517,86.62182245664694,15.144710144028082,-0.7508189071203577,794,0.9845973698712501,1,0.5366503978914995
fov0,764,12737.878974358975,6739.898461538462,142.70140584610192,54.09890009758359,0.2439864036733901,1950,0.9253534214578226,1,0.353583689017149
fov0,765,12721.994915254238,5311.740677966101,117.38793926419727,78.82569536774724,0.6983524816844573,2360,0.7410069156963092,1,
fov0,766,12717.510721247563,5054.612085769981,52.454293689459114,17.718207194158214,-0.8348667061065308,513,0.9412237507360884,1,0.5710077242257444
fov0,767,12721.08547008547,5778.264957264957,63.36709213446888,15.383881899891815,-1.1608299121499401,585,0.9700828773636623,1,0.14612098310997515
fov0,768,12753.861475409836,4850.890983606558,96.87031565437765,45.393855794507154,0.7725930987472494,1220,0.8834081274767112,1,0.208106914884981
fov0,769,12728.94837261504,6557.011223344557,112.04677736152883,21.382892875153495,1.390612364852426,891,0.9816213542549935,1,0.9619787108381103
fov0,770,12814.769680111265,4989.523226703755,197.77463260640414,40.82009318827168,0.6442495463179361,3595,0.9784683303522697,0,0.5487728920341138
fov0,771,12769.084175084176,4807.353535353535,95.91642616273708,18.325651648688872,0.37228182356082173,891,0.9815786453798582,1,0.16035852171478418
fov0,772,12844.360715589632,5516.04563709383,262.26802941174833,44.80657510497013,-0.32151128087947173,2739,0.9852983182661152,1,0.6246789283799421
fov0,773,12739.793103448275,6790.103448275862,19.060829598421893,8.25254587546066,-0.8410488093459692,116,0.9014139129733661,1,0.42875449017697514
fov0,774,12757.57276995305,5017.530516431925,32.30827364777883,10.332534655672656,-0.17303501066859825,213,0.9474814277285258,1,0.38193765791121687
fov0,775,12815.675654853621,5333.618644067797,178.7966926506984,66.66789164087618,1.085815408337674,2596,0.9278836635126956,1,0.9559838355093733
fov0,776,12769.489666136726,6530.497615262321,95.75790797851883,12.776603998237897,-1.2036171922127072,629,0.9910587653701588,1,0.7960124055499137
fov0,777,12854.67083439653,6005.559581525899,313.88742498724946,37.3667974521925,-0.8705534581703367,3919,0.9928888334950094,1,0.26313873843198216
fov0,779,13127.450010339124,4720.783808933003,815.4091504934607,276.8741320370117,0.19097486379493575,19344,0.9405871407348485,0,0.2621038305162052
fov0,780,12784.18857142857,6284.291428571429,31.869744691390196,7.467460421210242,-0.9517680388798283,175,0.9721614750979461,1,0.669837679492834
fov0,782,12813.651629072681,6447.62656641604,76.24697292700526,6.911580137969431,-0.6254159803157956,399,0.9958830613955771,1,0.5794195201393678
fov0,783,12832.176781002638,4860.792436235708,61.03919784738301,38.80446975260558,0.39358429295375624,1137,0.771911225449112,1,
fov0,784,12832.899895724713,5721.603753910324,83.24641120735095,66.49428342101476,-1.1819607115480317,959,0.6016437234651998,1,
fov0,785,12910.139341952854,2633.598722724854,804.9463148725002,186.22341316862452,1.30444571122412,31943,0.9728708570418771,-11,0.27687114982893835
fov0,786,12893.958700882116,6110.194466720129,181.52543826609414,61.41965217592272,-0.1583449040473416,2494,0.9410193082461252,1,0.33622163333305854
fov0,787,12873.745964912281,5112.867017543859,142.01727330525898,84.57508444085585,-0.9146947768881849,2850,0.8033354819313104,1,
fov0,790,12920.996572407883,6159.1088260497,172.55071220801213,20.225430454610155,-0.16821451229235868,1167,0.993106631420269,1,0.33195560277495706
fov0,791,12877.316973415132,4832.0081799591,64.76745005641092,13.375276880199156,0.6581838498392936,489,0.9784439986248953,1,0.16750639234591305
fov0,792,12865.276315789473,2272.3881578947367,25.440161516333557,8.03987529537886,0.4106605280391204,152,0.9487489215164628,1,0.3484742758782469
fov0,793,12908.483031674208,5609.414027149322,84.08429280702495,22.593160834825834,-0.745750739858908,884,0.9632248723747057,1,0.40641669992375207
fov0,794,12950.908805031446,6522.929245283019,174.30436136261093,38.5274920142055,0.31475452021682016,1908,0.9752657101571989,1,0.54536411153796
fov0,795,12891.314432989691,4698.275773195876,30.856872532119468,20.38756121540157,0.7090779197545548,388,0.7506379200180695,1,
fov0,796,12908.071672354949,5425.436860068259,50.4081086882298,8.515563780072204,-1.3204871025328135,293,0.9856276363456249,1,0.9492054043674941
fov0,797,12922.769801980197,5983.834158415842,52.23719823751232,11.23145685949574,-0.978016230200762,404,0.9766121131841585,1,0.21275908138096805
fov0,798,12917.158469945356,4726.497267759562,16.756820803341977,16.067087347751254,1.0513843134969127,183,0.2839514985382177,1,
fov0,799,12949.673913043478,5211.47423510467,73.97766869357845,67.6178162888113,0.01893158477593824,1242,0.40564635709700064,1,
fov0,800,12941.948497854077,2885.31330472103,47.466465396772655,14.736010036952747,0.6787796492851287,466,0.9505893948938013,1,0.239856114073895
fov0,801,12936.2734375,6541.9765625,21.554510505101035,8.54096006081805,-0.3270467710061878,128,0.9181429512687317,1,0.5135453785214784
fov0,802,12940.7461928934,5413.258883248731,45.65382993304467,15.175468555030447,1.4349282984982472,394,0.9431374592747914,1,1.1029000037335732
fov0,803,12966.25777331996,5795.0481444333,81.42979011887583,37.69955628609308,-0.9593022071037713,997,0.8863739091601838,1,0.059058733418653364
fov0,804,12966.806896551725,3046.8675862068967,85.90148080575581,13.898070684214066,1.1215004655872198,725,0.9868250766088142,1,0.14109979075869428
fov0,805,12984.2421185372,5705.641866330391,127.69172952459039,10.480923991409485,-0.9499818332531819,793,0.9966257524912147,1,0.4420172218805118
fov0,806,13004.155446756426,3185.453692370461,235.95233280739612,17.330346539409373,1.2520701436649964,2451,0.9972990107471229,1,0.1781175320484147
fov0,807,13018.476316954404,5285.291722000886,171.32351933611574,55.0061868273005,-1.5083591243417727,2259,0.9470567628558622,1,1.2613581566325447
fov0,808,13027.682876712328,5997.346575342466,90.98906683338286,53.348491545261076,0.2413072136548034,1460,0.8100812728770821,1,
fov0,809,13013.817663817665,5729.11396011396,57.67451884822691,18.64096671167066,-0.8768663388493005,702,0.9463273528225365,1,0.4225675757356503
fov0,810,13029.442561205273,5919.821092278719,60.28522982050654,18.148891729525523,-1.1800735120954127,531,0.9536082344809589,1,0.3629742632265018
fov0,811,13023.73,6106.9,16.354398175024418,8.246651461821216,-0.5725886339644826,100,0.8635596425215737,1,
fov0,812,13056.616822429907,6296.684579439252,57.35914645692594,9.771519940617283,-0.3846174280635627,428,0.9853824459847191,1,0.12849669427052463
fov0,813,13105.219696969696,5173.361742424242,223.02594694610363,88.39406368248629,0.7606998856051296,3168,0.9181038868399897,1,0.6180147879103125
fov0,814,13072.718676122931,5934.352245862884,53.03106909234486,11.239928080980162,-0.9728828196434725,423,0.9772805398446377,1,0.31042626151353747
fov0,815,13071.16504854369,5248.645631067961,29.851362670054876,10.687284184666535,0.1999444911586282,206,0.9337152106222564,1,0.5995866708084711
fov0,816,13083.959537572255,5584.06936416185,30.880749254784632,7.829754126222082,0.8047046078592439,173,0.9673227901084581,1,0.7681310020525057
fov0,817,13107.843537414967,5969.646258503401,46.714910836435905,8.289212462893053,0.010937071497468764,294,0.9841311623884796,1,0.44050063149067126
fov0,818,13161.995366348103,4877.905299739357,179.34427485800447,82.7405224033013,0.6631736801861291,3453,0.8872181048336064,1,0.39451559809911296
fov0,819,13139.959785522788,5532.713136729222,96.92669519646708,73.44302959693782,-0.28370546166228794,1492,0.6525829899074213,1,
fov0,820,13128.180375180375,5412.2467532467535,80.92634160168905,19.946563049106302,-0.06330457060397557,693,0.9691483860342076,1,0.6200267345333039
fov0,821,13117.806861499364,5264.303684879288,78.2187301743364,19.89838872978143,1.4457091724404836,787,0.9671006191937451,1,0.8222088548619089
fov0,822,13134.60774818402,6109.167070217918,39.483425609186064,17.624290342801036,-0.07391128536617994,413,0.8948475611807519,1,0.08242655187151575
fov0,823,13150.108742004264,5856.767590618337,63.0571604540256,9.937284395301079,-0.4017781222841126,469,0.9875043593215435,1,0.18010789064715732
fov0,824,13184.924467398321,6382.814073595869,188.14318403789278,24.85781746340306,-0.6484632596137434,1549,0.9912334881832724,1,0.16691923513284956
fov0,825,13178.696055684455,5907.997679814385,71.97445621391618,8.104303218039046,-0.5202888682840617,431,0.9936404300871213,1,0.3464920458358168
fov0,827,13174.296296296296,5298.648148148148,17.635624411660753,7.942340559224905,1.1835040047200083,108,0.892848181432186,1,0.609911359848911
fov0,828,13205.75352112676,5323.452464788732,70.41629622181013,18.220144434673948,-0.28523181834882394,568,0.9659445989295317,1,0.4901967241943548
fov0,829,13197.973799126637,5620.410480349345,41.70507802316375,7.730539232360006,-0.9577169374327786,229,0.9826702937410902,1,0.5606586096767684
fov0,830,13240.118046132971,6049.917232021709,120.95334229210178,9.144244556006065,-0.14069677513043616,737,0.997138117382818,1,0.22013222419210104
fov0,831,13339.514145141451,5680.4526445264455,351.624366047401,16.14643255213104,-0.374558025908285,2439,0.998945141114081,1,0.3227638702065137
fov0,833,13221.700673724736,5479.396535129933,85.93387014951014,58.99134520368381,-1.3262068788583947,1039,0.7271545948270562,1,
fov0,834,13225.98231511254,5951.8504823151125,61.15636720073243,13.826173286996777,0.6712734357598672,622,0.9741089589841694,1,0.44754852724351823
fov0,835,13239.856502242152,5122.410762331839,74.04048802378406,20.461566682739004,0.4256105479009759,1115,0.9610552068589628,1,0.34044666381856686
fov0,836,13262.920110192837,5823.953168044077,135.42507089791326,9.183229021612862,-0.3096779977872619,726,0.9976982253450667,1,0.16163760235323058
fov0,837,13295.202809482002,6008.627743634767,163.01766672922622,11.538452321868467,-0.15916890784170512,1139,0.9974919237131696,1,0.21226649828579996
fov0,838,13239.828125,5634.175,39.5707330223112,12.539714184421022,0.15074075390445177,320,0.9484610756199112,1,0.5497437047308458
fov0,839,13255.469409282701,5002.5780590717295,79.9968065197603,55.59036587240686,0.38981870492465714,948,0.7190993159843341,1,
fov0,840,13248.887566137566,5358.109788359789,66.99713466682593,40.956351047806784,-0.9982714704057224,756,0.7913873977479009,1,
fov0,841,13265.270175438596,6129.5228070175435,63.54536061695806,19.166043436440113,0.17975016517809292,570,0.9534307527144132,1,0.2536273355230284
fov0,842,13280.358490566037,4277.08427672956,74.76126482348998,32.421279555030445,-0.5970311464310515,795,0.901074588684911,1,0.33804722037374557
fov0,843,13288.454038997215,5301.8551532033425,56.40075481632608,9.252289804337565,-0.4773825312305554,359,0.9864527739374278,1,0.5014811784507461
fov0,844,13306.221978021978,5861.725274725275,64.11043156000231,29.001203087155208,0.2270758446630304,910,0.8918337801131933,1,0.23490766907053345
fov0,845,13283.952662721893,5372.656804733728,27.146936498006376,9.104867146925347,-1.56996465870827,169,0.9420786386181137,1,0.8681948894661237
fov0,846,13296.408653846154,6094.802884615385,33.32311446531682,8.4834374501405,-0.2547496288033658,208,0.9670514092662577,1,0.11555448306807344
fov0,847,13306.260273972603,5066.5388127853885,44.76315603402953,21.21495351709179,-0.12181997997287973,657,0.8805583019201422,1,0.17743496947228304
fov0,848,13308.496732026144,5328.669934640523,51.38564720321544,9.194739920077337,-0.2915539263306726,306,0.983860723659194,1,0.3230490036486627
fov0,849,13312.15612244898,6457.118367346939,55.11604876961792,42.72272810875579,0.2763480988858011,980,0.6317878576841152,1,
fov0,850,13409.024380879247,5239.731426377423,215.10255195220583,94.22028477067687,0.09786060999099462,5209,0.8989628147674926,0,0.2418284705097748
fov0,851,13323.102208748376,5574.691641403205,157.02087695817008,72.55650534635188,-1.5531384291429575,2309,0.886837254868144,1,0.8421077113800952
fov0,852,13348.22691292876,6299.489006156552,95.65754798104072,19.867512149814957,-0.3557957991918783,1137,0.9781938173309239,1,0.24081195641567613
fov0,853,13405.090887517797,5533.1663502610345,222.44417257480313,105.05174881991398,1.035209223501807,4214,0.881458661503237,1,0.8635136935051202
fov0,854,13372.066496163683,6153.332480818414,126.01465402049847,9.537756922677206,-0.3929380559613211,782,0.9971315735445545,1,0.15207606783797223
fov0,855,13347.024282560706,6033.099337748345,51.06120677656375,12.208037170275091,-0.30682283010360345,453,0.9709983114530494,1,0.0667010324794685
fov0,856,13365.373711340206,6190.582474226804,66.21408599334684,7.716021543114628,-0.46039129890411995,388,0.9931870054914899,1,0.17076028742060875
fov0,857,13397.585568326947,5787.015325670498,144.03561497554165,40.645824311666274,-0.34768417498155507,1566,0.9593576920124793,0,0.1812847168763435
fov0,858,13368.619047619048,5883.813492063492,39.13586448228638,8.731306381254445,-0.03203907252081275,252,0.9747950075251781,1,0.1255919193493126
fov0,859,13372.10267857143,6413.453869047619,53.16182406299651,22.388849550101767,-1.1535895500560602,672,0.9069932086554702,1,0.3327992970588089
fov0,860,13394.024330900244,4851.812652068126,58.2507341526539,12.705675720080036,-0.5996239693934854,411,0.9759218585424124,1,0.5676448036881188
fov0,861,13456.469208211143,5377.031524926686,178.27764165372454,26.363049129102663,-0.18290755058725494,1364,0.9890058551240849,1,0.12275642398664104
fov0,862,13415.523992322456,5326.694817658349,82.54481308552573,8.947829649494302,-0.3209529063759522,521,0.9941073954931815,1,0.12214124156841219
fov0,863,13425.989619377162,6251.889273356402,105.7661504287395,13.334465201126912,-0.2572313629456987,867,0.9920207153349517,1,0.16815235975637696
fov0,864,13405.203804347826,6018.448369565217,52.832946570874846,9.583427947903482,-0.1687167891520643,368,0.983411031811795,1,0.05962752772869294
fov0,865,13397.036036036036,5154.522522522522,17.852828259687602,8.23445128287458,-0.3662867601083242,111,0.8872750431668243,1,0.2749546398924136
fov0,866,13476.16847826087,5699.920807453416,209.4444647564839,12.243982067852963,-0.3412192235031252,1288,0.9982897912440103,1,0.12663450511488836
fov0,869,13488.12097902098,4701.257867132867,153.5213251485877,131.09294095399827,0.31163783772906656,5720,0.5204255567773902,0,
fov0,870,13484.350364963504,5911.470072992701,106.93706158218954,9.786868283434375,-0.1243295891287313,685,0.9958032483590995,1,0.14927787516027305
fov0,871,13507.619788425638,5322.235220908525,179.19620300498565,19.316297711502703,-0.52920790510538,1607,0.9941732378462899,1,0.1346303563035311
fov0,872,13478.152,5952.366,88.16781522367583,14.4583331917533,0.025478057485656926,500,0.9864625797609518,1,0.18644569250343282
fov0,873,13479.1,6291.383478260869,118.33091692710919,36.44151229930344,-0.8760998815066406,1150,0.9513984215456737,1,0.6035143906170876
fov0,874,13506.812001387443,5120.148456468956,122.11190575670571,50.1480036832297,0.18806216410961543,2883,0.911782914867939,-1,0.26190480649475234
fov0,875,13647.411183560562,4993.051274451689,414.4506705626846,131.32456827045846,-0.22794955162338656,10122,0.9484709257270882,0,0.18475961496677787
fov0,876,13472.55,5735.296153846154,44.180021344901306,8.688060793675305,-0.6572058554500824,260,0.9804734810080569,1,0.22082822329730548
fov0,877,13494.223577235773,6072.969512195122,68.89799139756099,10.172100716720449,-0.16540107458296527,492,0.9890411644470971,1,0.07324007070875187
fov0,878,13497.80487804878,4799.617886178862,22.117334109697843,7.494723346220631,0.2760178992979048,123,0.9408361000553206,1,0.3120059126923955
fov0,879,13542.302040816327,5552.360544217687,116.36097967000188,12.609704451046067,-0.2842959503496565,735,0.9941109429652469,1,0.3312621138329478
fov0,880,13551.544373284538,6026.178408051235,91.17856175144723,37.371903923133814,0.030133759921222428,1093,0.9121412538095982,1,0.2016109269461502
fov0,881,13557.873577749684,5515.494310998736,118.05014682768937,19.598050564014343,-0.19052044067864843,791,0.9861232910288572,1,0.3094646708774077
fov0,882,13608.379495659363,5401.043819760232,209.3038207255391,46.217664752850226,-0.335534606809626,2419,0.9753154495046642,1,0.07618116693371779
fov0,883,13661.168159889732,5966.288766368022,320.59849960504374,33.942193430411024,-0.10237745600503095,2902,0.9943798363405394,1,0.07605147772964443
fov0,884,13531.481481481482,5942.925925925926,17.708839082764513,8.46386869052424,-0.6788061855862693,108,0.8783892230798195,1,0.29804591713407164
fov0,885,13572.807046979866,6149.4295302013425,90.58326869962598,14.237073733759862,-0.05982636742346958,596,0.9875713843817578,1,0.06341515515370166
fov0,886,13570.536443148689,6177.425655976676,65.92011584159484,7.290119779993527,-0.21919056197915754,343,0.9938660897519581,1,0.3897900489717368
fov0,887,13574.386160714286,5820.017857142857,64.52001202969632,14.51447144176323,0.053217011214823126,448,0.9743678222165768,1,0.09960520128752637
fov0,888,14280.667585114807,5321.761298495645,1647.9707952320787,101.07692396003928,-0.21916412445412448,31575,0.9981172873782738,1,0.14788009485418793
fov0,889,13611.300455235205,5941.393019726859,108.11412423095896,12.044303742765134,-0.30077417352773667,659,0.9937752440342713,1,0.15583772670849655
fov0,890,13619.243998254038,6313.34264513313,238.872600310081,69.84318975946586,1.3016121011690645,2291,0.9563001477228328,1,0.9788199630250474
fov0,891,13594.76397515528,6382.9340062111805,103.66466498831068,30.112302477608672,-1.2227569262957272,1288,0.9568816766802201,1,0.7421072546536505
fov0,892,13591.305194805194,5885.883116883117,30.5645097354397,6.753395414502411,0.010347720537090347,154,0.9752838987496038,1,0.1914214396301447
fov0,893,13740.307638483964,5640.051428571429,353.4315731921054,147.87357520767205,-0.20617283212742574,8575,0.9082657303767292,1,0.3029994746398191
fov0,894,13611.279513888889,5340.873263888889,53.633649257155746,22.67725644337666,-0.2305410356559503,576,0.9062147588009587,1,0.08065983581236834
fov0,895,13617.705357142857,6120.004464285715,47.24493748279357,15.48356607734202,0.08055853433102557,448,0.944771552752654,1,0.10386175561497406
fov0,896,13659.844507845934,5142.879457917261,176.38980355668346,15.296337046396848,-0.5923231540933483,1402,0.9962328167624239,1,0.2513953074590668
fov0,897,13654.822530864198,5785.699074074074,103.24074644075093,19.07717633509243,0.04492196906595809,648,0.9827792704402406,1,0.11833081729022783
fov0,898,13859.342053478413,5109.5355943975,471.83721346262956,108.78581433780596,-0.335684664736339,8639,0.973058599406928,1,0.06632830164695527
fov0,899,13648.596091205212,4769.123778501628,34.49652794792184,15.310699926810445,1.002195849490827,307,0.8961094829169588,1,0.3984511192447566
fov0,900,13748.368963296845,4743.26593689633,134.79490254421458,48.43902786985191,0.3538572046321808,1553,0.9332014895711069,1,0.18571813979837473
fov0,901,13757.198296836983,5905.238442822384,111.96534614056088,20.194999617699406,0.04899556319360566,822,0.9835991433624727,1,0.15187368623532146
fov0,902,13739.791868344628,6548.618586640852,79.62680145413032,44.16638850771229,-0.514951019770656,1033,0.8320721778571085,1,
fov0,903,13747.803278688525,4795.5154826958105,87.99643020060213,11.794759821613107,0.17856666154082346,549,0.9909763551830161,1,0.23610137205853868
fov0,904,13717.596153846154,7252.942307692308,32.37213082234178,9.462360713983793,-1.3392569096712628,208,0.9563267992835005,1,0.594198520251541
fov0,905,13957.745729185399,5242.577953605467,528.353659726749,86.83323769624384,-0.24778624152313042,11122,0.9864026188936317,1,0.04468540524673887
fov0,906,13776.137382075472,4890.898584905661,135.50438345263814,33.28991085799875,0.04607333755437705,1696,0.9693524954809121,0,0.2623861885846105
fov0,907,13773.702037351442,5196.2665534804755,122.0460242966089,19.21772593107294,-0.1411458845685052,1178,0.9875248969980762,1,0.12766409153870334
fov0,909,13802.205479452055,6489.579206181946,240.95181035049362,68.52691000808444,0.24843523816149202,2847,0.9587054459640598,1,0.6860992877370243
fov0,910,13743.49292929293,5844.0585858585855,42.40108389612671,18.219742982179937,0.5168903330210736,495,0.9029717415858031,1,0.29326552145457213
fov0,911,13741.697916666666,6716.90625,32.51429523309542,8.853619469873937,-0.676665094524649,192,0.9622126050329846,1,0.2837062771057699
fov0,912,13760.022177419354,6260.620967741936,50.706453713167505,13.92841154217889,-0.0774118702360995,496,0.9615336533559118,1,0.4569904709034185
fov0,913,13783.788870703764,6166.597381342062,84.90825455147689,10.679452325641968,-0.3469016087417957,611,0.9920586191878538,1,0.2742780300404799
fov0,914,13824.394594594594,5804.291891891892,141.00534160745943,12.93245576999086,-0.225337671336554,1295,0.9957851989854005,1,0.24385820845753658
fov0,915,13794.080139372822,6284.836236933798,68.01356414803321,15.304330904760544,-1.2407934762370294,574,0.9743544209129794,1,0.8005990674223394
fov0,916,13826.467980295567,6020.591133004926,65.63595046366395,34.463506932515045,0.21153228492465806,812,0.8510586820891514,1,
fov0,917,13822.864130434782,7249.896739130435,67.58558173589107,12.214803672420588,-0.685153375930405,368,0.9835325811912016,1,0.6448220014511733
fov0,918,13860.772300469484,6114.9131455399065,117.31430131004912,18.63740358975869,0.03944724961857351,1278,0.9872999485123717,1,0.1276201331916436
fov0,919,13853.931672597864,6937.018505338078,66.34554901482909,58.62266130404759,-0.5021303831983464,1405,0.468250061460767,1,
fov0,920,13847.023281596452,7439.950110864745,69.15099355922659,44.5552376242851,1.325733068178293,902,0.7647575892650887,1,
fov0,921,13992.446468820435,5997.693463561232,307.45773920449085,50.696041702211055,0.2267332478035695,5324,0.9863123243096874,1,0.07951361392216666
fov0,922,13844.60396039604,7633.678217821782,28.063512857139553,10.246260742061589,-0.017496164898093528,202,0.9309645038551694,1,0.4847492169754125
fov0,923,13876.123800066203,6218.291294273419,134.91439398063213,84.89481951566395,0.9779648085709735,3021,0.7772033351757844,0,
fov0,924,13901.610465116279,7774.190568475452,131.62379528867015,43.49346922678178,-0.7467504319050334,1548,0.9438277920687737,1,0.5887065780943052
fov0,925,13856.566176470587,7350.598039215686,44.47670298117652,13.32957115167632,-0.7684264686428992,408,0.9540341784350584,1,0.6682949196960581
fov0,926,13854.140425531916,6566.4595744680855,27.361608992961038,16.58673703276739,-0.5640024217625346,235,0.7953086285553398,1,
fov0,927,13863.761316872427,7774.255144032922,39.80973882380979,8.069472017166433,-0.34767020563277895,243,0.9792406871961731,1,0.5177037276657274
fov0,928,13861.545454545454,7107.900826446281,36.73151091815274,12.69843729036939,-0.8064871280587211,242,0.9383415407937044,1,0.5474581357447804
fov0,929,13862.77027027027,7288.0878378378375,22.541287081179778,9.574929437283112,0.8082084888973722,148,0.905299908789803,1,0.7738344684955804
fov0,930,13976.150537634408,7502.5091714105,360.2299118929277,19.462475420154174,-0.7290851588327211,3162,0.9985394249066624,1,0.26350152774906066
fov0,931,13900.342532467532,5934.035714285715,72.40469001720405,12.15701729941098,0.27692501497702116,616,0.9858033974839249,1,0.15644201696656568
fov0,932,13927.031161473087,6349.474220963173,92.31602011299972,70.90006073504242,-0.4531952294507849,1765,0.6404322107332058,1,
fov0,933,13964.630125523012,5020.444351464435,150.49605510802343,18.77083170761216,-0.18099675440826712,1195,0.9921911732364501,1,0.2611035763164667
fov0,934,13942.877634262406,6894.438477226377,75.59377674770096,56.90945992166143,-1.530618805165192,1471,0.6582120234658965,0,
fov0,935,13992.229260089685,6110.446748878924,180.68201546383867,26.472459565182806,0.28963285065893285,1784,0.9892085846170963,1,0.23523564354461504
fov0,936,13938.329581993568,6182.710610932476,33.70112935344191,25.18736873039369,-0.5052026318330592,622,0.6644028732536834,1,
fov0,937,13953.295302013423,4995.519015659956,58.86346112959593,14.430600868423229,-0.30583038203369944,447,0.9694842014785383,1,0.23038133426047436
fov0,938,13936.661016949152,5574.872881355932,20.190932361397614,7.836810098536841,0.7333497461373435,118,0.9216024756391514,1,0.4305552874764162
fov0,939,13938.256880733945,7667.002621231979,87.33877862683725,13.51504379219161,-1.4051342942355958,763,0.9879547954022289,1,0.4719906933526132
fov0,940,13967.305865921788,7137.079608938548,81.31415652835707,17.000711999742492,-0.40550714186757253,716,0.9778997275816252,1,0.4771857045960364
fov0,941,14015.12606139778,5911.697583278903,183.90756830894406,17.360700479238844,-0.0143597601415292,1531,0.9955344386791817,1,0.19307676763896486
fov0,942,14001.96618357488,6635.452495974235,247.80044879822844,21.74135955133668,-1.0939315210462761,1863,0.9961436412406162,0,0.3668980467271023
fov0,943,13991.780555555555,4912.586666666667,136.71228200926606,70.78693498875946,-0.9013896614079702,1800,0.8555135859920642,1,
fov0,944,13967.842605156038,7252.781546811398,72.37399585140945,17.814612243298814,1.3117970783232482,737,0.9692326121756395,1,0.8484499239120361
fov0,945,14022.908987161198,7632.008559201141,290.4958343969107,83.70525680046852,-1.109898376822908,3505,0.9575864426738696,1,0.3160420667797361
fov0,946,13993.288329519452,5717.162471395881,69.68572177798538,8.915383943516613,-0.12264508859596335,437,0.9917822934403379,1,0.2159050115924889
fov0,947,13967.991902834008,6389.502024291498,32.97412554542904,9.760360361076565,-1.496079260354233,247,0.9551877591864713,1,0.5474035986723832
fov0,948,14021.719347581553,7259.986782902137,180.40951903943113,121.75088244255856,-1.0984793986907717,3556,0.7379472317960137,1,
fov0,949,13980.61301369863,6974.119863013699,38.33149387262376,16.63020503619618,-0.44216342782535933,292,0.9009840294022864,1,0.3016047312423243
fov0,950,13999.143333333333,6184.446666666667,54.965239690518274,37.478221575076645,0.34006824487953546,900,0.7314890894594199,0,
fov0,951,14028.720113851992,6337.685958254269,106.08045779104607,19.9033436870215,-0.5033945014781146,1054,0.9822407378940295,1,0.2560984351898603
fov0,952,14030.06701366298,4424.346128822382,113.90077285285719,56.80177579387727,-0.1381390905706335,1537,0.8667773851231104,0,0.26690998168956104
fov0,953,14038.403443113772,5139.421407185629,117.10264956988357,17.453185333283006,-0.15619239375375382,1336,0.9888309020802254,1,0.08215553512691391
fov0,954,14029.183271832719,6388.412054120541,111.38209095403498,20.045848714958886,-0.6591285450652355,813,0.983671419651725,1,0.332362124121454
fov0,955,14091.611391129032,7357.334677419355,286.0804854736137,26.591242770903595,-0.6789967843980023,1984,0.9956707575505276,1,0.6946086240382907
fov0,956,14032.275753768845,4047.331658291457,105.73694533485313,83.8438857062667,-0.1410171604147704,1592,0.6092894826125917,1,
fov0,957,14022.799113737075,7817.192023633678,79.93093974882399,24.9838009530798,1.3557863307551221,677,0.9498956048222531,1,1.1653089065121431
fov0,958,14073.002705139765,5943.8358881875565,142.85378259201997,13.50568883961035,0.03553381063901571,1109,0.9955208694941207,1,0.19650304720247241
fov0,959,14085.617363344052,5582.434083601286,157.00748140604412,18.601844397542845,-0.07308238311177366,1866,0.9929567444264831,1,0.2042897429600164
fov0,960,14037.552412645591,4939.853577371048,85.01956044615461,18.35695700824784,-1.2060207543949568,601,0.9764122710101782,1,0.4717514331090095
fov0,961,14026.115646258504,8087.659863945578,22.552598022390345,8.314131389870136,0.021746669951312546,147,0.929566232676874,1,0.5614865993601115
fov0,962,14082.876947040499,6603.57450674974,222.22125558780172,62.33057052298105,-1.1271260792775715,3852,0.9598573019574491,0,0.16296536720013044
fov0,963,14398.446827057183,5449.491283124128,800.6414098841213,45.53482421672092,-0.12642519050600123,5736,0.9983814249275617,1,0.029373558012801056
fov0,964,14054.935606060606,5534.659090909091,48.90877813620512,7.499866402994576,-0.10347943472201514,264,0.9881728723443239,1,0.21254360510900205
fov0,965,14270.03399647444,5698.0453286325865,499.6459625670498,22.509568363726864,-0.13139485119021943,3971,0.9989846866365132,1,0.05519592564939262
fov0,966,14079.147147147147,8134.816816816817,58.412892641680635,12.290754714795527,-0.1829261868397089,333,0.9776128712682659,1,0.4904500462882463
fov0,967,14064.21021021021,7869.84984984985,36.72076224796236,13.50858428894451,-1.2484428938610945,333,0.9298759644359789,1,0.6683141578881268
fov0,968,14098.90243902439,7160.2400513478815,93.04049116335788,17.52533205595169,-1.1349156209941702,779,0.982099587008809,1,0.8614531325783202
fov0,969,14120.740458015267,5680.288167938931,84.64908620910701,8.436776293810544,-0.1331426634157613,524,0.9950207825303805,1,0.01589245434236435
fov0,970,14121.46640701071,7662.737098344694,205.51496965058087,75.92943368559543,-1.5253449570781012,3081,0.929246880558624,1,0.7376280190789818
fov0,971,14100.535864978903,6134.818565400844,35.760111393472705,8.93344259874268,-0.5788470919737426,237,0.9682933653803695,1,0.2282175561173923
fov0,972,14131.490886998785,6683.543742405833,87.92617047380723,63.7684077158928,-1.0678281673520924,1646,0.6884861798043694,0,
fov0,973,14113.055555555555,6900.727598566308,43.77722229295769,19.358786877904464,-1.3594777575575019,558,0.8969108513633284,1,0.29257070094198306
fov0,974,14368.256959787892,5482.107158638974,558.8185846728909,20.01928961016219,-0.1378512978169272,4526,0.9993581034294317,1,0.0478656996288574
fov0,975,14131.409604519775,5099.655367231639,48.35603888287181,11.161942833777847,-0.4329527493661235,354,0.9729944965653229,1,0.28193234841886367
fov0,976,14132.71335504886,7174.032573289902,46.80810967875074,14.276293959636238,1.177050989493329,307,0.9523535788337383,1,1.1136670373082838
fov0,977,14172.196011396012,7192.637606837607,232.14646556175225,29.689427124844737,-1.2348887355403122,1755,0.9917882386383994,1,0.6195689995203166
fov0,978,14282.124698956382,5893.49959860851,325.5360460615174,38.59805961344188,-0.0030863286679605074,3737,0.9929459708259026,1,0.21305616634283436
fov0,979,14199.060344827587,6787.367456896552,243.26202477515363,20.817922244240528,-0.8650700662666344,1856,0.9963314581373245,1,0.15403282493934076
fov0,980,14200.905225125069,7125.717342968315,247.27384569252936,129.43053864524708,1.4354618734435058,3598,0.8520687056530007,1,
fov0,981,14152.211267605633,5995.140845070423,26.012489527309967,7.258446418748775,-0.6859222547237238,142,0.9602803580019479,1,0.3368883527176907
fov0,982,14300.18359375,5835.672230113636,335.8398149782025,39.64196563228876,0.005837592678971425,2816,0.9930090414286344,1,0.05427500352636744
fov0,983,14278.847496811224,6498.499760841837,335.32489645209233,210.895064386317,0.7039774463526206,12544,0.7774639164149376,0,
fov0,984,14226.21594068582,6816.899443929565,204.2458485772679,24.364485551228167,-0.8825781697627451,2158,0.9928594552682788,1,0.1468501610635503
fov0,985,14198.14184397163,6176.91134751773,47.74936972212622,8.112923707726106,-0.5703534602620851,282,0.985460204089641,1,0.39793935441395784
fov0,986,14192.414364640885,7778.232044198895,32.603253348912205,7.783277651955387,-1.0589143081625032,181,0.9710867149260715,1,0.1835397881156539
fov0,987,14190.678414096916,8136.185022026431,38.1518047316037,8.873036543305433,1.290344674542689,227,0.9725792130278471,1,0.9819334067864735
fov0,988,14258.345186470078,5669.627059843886,171.86307566501566,11.498745372891657,-0.15104882116999743,1153,0.9977592541344652,1,0.06224143233143838
fov0,989,14209.434482758621,6203.113793103448,47.96215019158897,9.44919686604396,-0.3189674973336898,290,0.9804007513546131,1,0.32847642237552777
fov0,990,14224.1975,5563.9575,63.2623847876298,9.403067105038945,0.04042879764439257,400,0.9888919773607745,1,0.0826131364617957
fov0,991,14233.467741935483,5070.416129032258,43.63442533707852,10.349286291895714,0.2978422472823619,310,0.9714653111870005,1,0.3061273778281003
fov0,992,14306.737173717373,5036.173717371737,145.76129817763768,13.259918719439883,-0.31972434046583725,1111,0.9958536249589148,1,0.15780313527825607
fov0,993,14359.86302404633,4461.53682487725,367.6015454320649,144.06157610677937,-0.7955514981840682,7943,0.9200095235128295,1,0.5150471914604462
fov0,994,14267.014423076924,7796.09375,47.38894180244858,12.329998249245227,-0.6156617077651171,416,0.9655581790445513,1,0.35317693120100785
fov0,995,14293.917839054586,6197.539110861002,95.17271765488813,72.51541240154788,-0.5938552997200478,1777,0.6476536508924994,1,
fov0,996,14288.244582043344,6109.735294117647,61.25179758008712,14.588569718390055,-0.06847257328919239,646,0.9712225643588787,1,0.30136766029150924
fov0,997,14269.170588235294,7111.358823529412,20.915854532725277,11.790382484519885,1.3931396048769034,170,0.825975844649162,1,
fov0,998,14290.289855072464,7150.061835748792,157.10310281463495,13.802750893995809,-1.3082930984452499,1035,0.9961330166950887,1,0.6330222508226263
fov0,999,14289.482921083627,7865.491166077739,140.7219339633395,35.01933416337586,-1.3346034966588558,1698,0.968540793827145,1,0.21738789035340905
fov0,1000,14322.646251319959,5068.423442449842,126.69943708753217,17.53257195071512,-0.3168334969961372,947,0.9903793140182852,1,0.15715501851788283
fov0,1001,14439.712659698025,5522.3849012775845,318.5899919987137,22.679198057356714,-0.0906843927399896,4305,0.9974630472671856,0,0.028557124553222703
fov0,1002,14278.216748768473,13423.300492610837,29.443747006451247,13.551303321882306,1.3155722547584352,203,0.8877925453063068,1,1.1262533207193997
fov0,1003,14319.765780730897,7925.765780730897,83.378191124005,11.557576801811392,-0.8906804550848101,602,0.9903461616456853,1,0.22865061604807443
fov0,1004,14328.52,13302.404081632652,128.52241790177152,16.149688868054383,-1.1719265285560019,1225,0.9920737982639829,1,0.6609895150656828
fov0,1005,14335.85866013072,7748.89705882353,105.99861325826373,42.97104476466212,-1.2801714311754766,1224,0.9141427164888121,1,0.17823643108645865
fov0,1006,14365.915098669115,7262.2478201009635,145.63749440583757,52.72467775343011,-0.8671800097659942,2179,0.932167682158902,1,0.27377410661762946
fov0,1007,14337.890821256038,6986.953623188406,106.95013639505272,16.93014074368496,-1.122361585151173,1035,0.9873911610530353,1,0.13452163575988457
fov0,1008,14404.120468851748,7600.506186238333,161.116650390811,123.45907369561353,-1.4631474360782124,4607,0.6425170919735543,0,
fov0,1009,14379.429693076374,6362.402569593148,129.83486911252322,73.02569034807972,-0.43256671439001926,1401,0.8268309418937615,1,
fov0,1010,14380.415094339623,6165.182675814751,176.57383747314208,14.3109829893935,0.9191230275740182,1166,0.9967101871998364,1,0.5523642447269317
fov0,1011,14341.284916201117,7854.916201117318,30.015925903771873,7.754727172828283,-1.532623964151549,179,0.9660503802482452,1,0.2911030353910658
fov0,1012,14446.415511427502,5753.551892094418,234.08581135710924,18.752177235957298,-0.05421812521440147,2669,0.9967861792168186,1,0.050528877982867385
fov0,1013,15040.243281471005,5074.58255284988,1550.879168978356,101.17695144643079,-0.11369154636683367,26159,0.9978697033092634,-1,0.16340387386832766
fov0,1014,14365.629063097515,6319.512428298279,67.57278766334352,12.199632118729896,-0.9424195890206973,523,0.983567531556215,1,1.0392546958660211
fov0,1015,14508.467315087084,6840.112870391315,576.2242304321193,78.3488062641949,-0.7465339189896087,4421,0.9907130507776652,1,0.2624684511800431
fov0,1016,14472.517644072099,4649.536430566133,271.59448309586577,39.46840558699775,0.4662623088407822,3939,0.9893845468710349,1,0.42369711594695686
fov0,1017,14514.31134654819,5559.093643198907,372.60348949951293,15.454636591914502,-0.18804031967275803,2926,0.9991394409592418,1,0.034877524350262666
fov0,1018,14390.975778546714,7757.480968858132,108.69720790951189,27.751780599390646,-1.275344196224449,867,0.9668585270283738,1,0.17764234282853403
fov0,1019,14416.568710359408,6066.877378435518,122.4927805319757,13.99960971973106,0.3354856723106891,946,0.9934475145460967,1,0.46040346260365383
fov0,1020,14471.98819907645,6283.095177013854,487.4022199165081,56.109072184500484,1.2359535736749583,3898,0.9933517517688474,1,0.8306061576346101
fov0,1021,14460.104809763101,5631.498205312276,199.33215863541344,14.061984772141004,-0.09892160923259624,1393,0.9975085633030891,1,0.04141960655446293
fov0,1022,14387.922077922078,6537.948051948052,19.118855041337447,12.75714071093707,0.592771412679732,154,0.7448298641150345,1,
fov0,1023,14413.392296718974,6002.178316690442,91.6792738877711,15.476349329320845,-0.496522509983037,701,0.9856486647440403,1,0.29340613953783556
fov0,1024,14461.841475095785,5050.98132183908,142.0409802354483,34.30578865658313,-0.254826326649154,2088,0.9703957521492187,0,0.14026113740285584
fov0,1025,14553.546889507892,6844.710306406685,352.30870300318753,36.08482699390944,-0.5747613464497695,3231,0.9947408442658024,1,0.1932428813673799
fov0,1026,14477.88071748879,7412.384753363229,106.35975601191977,16.69020779587826,-0.4361143554714296,1115,0.9876109661794674,1,0.27625272271212387
fov0,1027,14450.322751322752,7295.550264550265,26.699092344297153,11.585957781389741,-0.04036193972798883,189,0.9009390000660765,1,0.3917232972791462
fov0,1028,14465.581694915254,6376.656949152542,237.2139915163346,13.420006318740787,1.39245338655775,1475,0.9983984416883206,1,0.88949176152901
fov0,1029,14459.982630272953,13165.841191066998,33.71874591482248,16.822164448092888,-0.5104421214813274,403,0.8666615709350275,1,0.21020183751557486
fov0,1030,14975.743342067186,5347.844980642134,940.3399151120965,195.77184902913535,-0.06692835941720736,25571,0.9780878410577074,0,0.1770272824594124
fov0,1031,14592.99774120684,5675.876089060987,262.7035528031555,41.82093531046484,-0.2309857722163356,3099,0.9872472547369369,1,0.08502175745634613
fov0,1032,14489.59090909091,7643.482954545455,71.27896361385481,13.24385663984426,0.8242906262705108,704,0.9825869864538548,1,0.8152318151787606
fov0,1033,14483.822894168467,5934.300215982721,49.85372100982026,13.90578969392342,-1.0530592531371417,463,0.9603109046228685,1,0.24237530621327597
fov0,1034,14520.823745410036,7591.499388004896,113.85333423520554,32.51393905336892,0.36844093326702715,817,0.9583556486010145,1,0.47840001798463794
fov0,1035,14484.118483412321,5980.526066350711,27.08568271132575,10.514150906973196,-1.0705741776429352,211,0.9215831002867576,1,0.24924619984838084
fov0,1036,14564.870782940801,6594.864099299809,290.3466990757882,47.20783015926654,-0.8965914083020002,3142,0.9866935128546485,1,0.7440256631632748
fov0,1038,14493.0,13364.291208791208,33.50497764950956,7.934779810790415,-0.9468860220659455,182,0.9715525902704416,1,0.08730500173858122
fov0,1039,14509.367041198502,13120.647940074907,37.37936656708792,11.091385844988064,-0.7974595316281259,267,0.9549630258502322,1,0.357975752621103
fov0,1040,14521.0,5947.72972972973,49.08603765391264,11.447175056774679,-0.863763696968796,333,0.9724272745121985,1,0.29657083302569764
fov0,1041,14598.400345871163,5901.904020752269,218.10784743433373,28.91680426012608,0.13151125012075637,2313,0.9911722673417922,1,0.401603805979033
fov0,1042,14529.943037974683,6019.107594936709,27.74118493041248,7.463813001053221,-0.28230644039782765,158,0.9631257353213476,1,0.3161691586017145
fov0,1043,14581.046538685283,5813.404886561954,137.39405975434613,17.273106089357533,0.006830485162397553,1719,0.992065834026636,1,0.2277659992590702
fov0,1044,14540.96338028169,13321.518309859155,61.30725452802281,10.71142227863633,-0.610981631909973,355,0.9846186848638185,1,0.1609231037143434
fov0,1045,14545.335097001764,6349.955908289242,98.8541660335379,20.243874933651,0.959821932089513,1134,0.978806927892935,1,0.5802069169486986
fov0,1046,14540.955782312925,13395.265306122448,75.09546878322976,13.06405565407059,-0.9816363011425088,588,0.9847516657546859,1,0.09877634917220722
fov0,1047,14607.57264231096,4319.345369583687,221.00617413481683,23.013521603034828,-0.37713766501300505,2354,0.9945636244025056,1,0.2952252001119275
fov0,1048,14612.139408099689,6866.27570093458,186.10732359468236,20.717531276014896,-0.1012108481289026,1284,0.9937845747548366,1,0.21417462031614962
fov0,1049,14638.095505617977,5567.3258426966295,217.90290867057126,18.526851274602073,-0.20212699150190272,1602,0.9963789527409049,1,0.06455819009069844
fov0,1050,14591.515060240963,13231.121485943775,184.5400271301808,9.513447573774313,-0.9310466771286066,996,0.9986703003967147,1,0.4027330332873686
fov0,1051,14586.540016168148,13417.523039611964,107.41420681085765,17.16486639966317,-0.8593395362016925,1237,0.9871492964182866,1,0.32660357574150695
fov0,1052,14605.648587570622,6619.366101694915,120.41596822814309,12.118842672865016,-0.5696667582041227,885,0.9949227558652791,1,0.17233531827603077
fov0,1053,14623.129847029526,4635.179295624333,210.90909866992732,49.46570667815348,0.6344633471336838,2811,0.9721075144716462,1,0.4789997273215211
fov0,1054,14579.152562574493,6199.414779499404,65.30141233433588,24.774255968956247,-1.25251079511532,839,0.9252396555342443,1,0.9570827825482905
fov0,1055,14582.512195121952,5747.373983739837,21.25471903200812,7.570587236306626,0.0080598389817443,123,0.9344159026088883,1,0.08032856719591559
fov0,1056,14644.07,7391.9972,168.0126091525581,53.46800015251879,0.044824604665502706,2500,0.9480108450437069,1,0.17742151067719647
fov0,1057,14610.158790170133,6152.115311909262,65.41580066189141,23.276222936198227,0.5017774453125097,529,0.9345546661927824,1,0.6331758354143279
fov0,1058,14621.466666666667,6891.953623188406,63.523626119704616,7.93896521407889,-0.016821797899549448,345,0.9921596926606072,1,0.21595211119473168
fov0,1059,14640.714285714286,6114.976516634051,59.841488251439095,22.408900754296468,0.2895479490024367,511,0.9272386343796597,1,0.5688252774984602
fov0,1060,14642.572115384615,4694.53125,44.641483392335736,13.317162527367977,-0.2689374927168475,416,0.9544679061810486,1,0.319603810109422
fov0,1061,14704.773089171975,5708.778662420382,191.77256348225376,16.491875768408068,-0.19741521779081508,1256,0.9962953911668742,1,0.10884018076618146
fov0,1062,14675.018791946308,6234.5704697986575,82.68713798245285,17.224857919750036,0.48190320588151536,745,0.9780620794676746,1,0.6388755228055903
fov0,1063,14706.741379310344,6064.482758620689,159.86088021667695,24.902082657907073,-0.1433877578964202,1392,0.9877928065720379,1,0.358622102742566
fov0,1064,14685.646581691773,13093.774044032445,97.71100032235552,12.610300147638766,-0.9958900475148665,863,0.9916371615483808,1,0.41878303344590195
fov0,1065,14692.854693140795,13171.258122743682,85.22343012419948,20.60624290218927,0.5848382085960641,1108,0.9703283981308317,1,0.715678079198564
fov0,1066,14698.350898203593,6947.479041916167,77.10817292776677,19.052979823285035,-0.39467095744092456,835,0.968991471695819,1,0.30370671489967027
fov0,1067,14768.327628361858,13234.299918500408,289.02157611037137,69.35509949297811,-0.4479101075124796,2454,0.9707815085618965,1,0.3640555932812641
fov0,1068,14744.853754940712,6986.966403162055,108.15862573962367,37.080507878118105,-0.2577492066184576,1012,0.9393958211355269,1,0.26322794905995833
fov0,1069,14717.8,13328.773333333333,44.09273133039664,9.845252631650157,0.4144013308775844,300,0.9747531670627297,1,0.4154347384142386
fov0,1071,14709.617647058823,6143.073529411765,22.35400232281736,8.159586813563845,-1.3125055099736151,136,0.9310009248387271,1,0.7034172072241017
fov0,1072,14713.0,13129.849557522124,19.901110479426375,7.741941420610116,-0.9422321623641289,113,0.9212290665501464,1,0.40150517551895126
fov0,1073,14764.809611829945,6341.156192236599,119.19056721114413,49.17179827819368,0.2720453448929155,1082,0.9109359846516472,1,0.3382351982378482
fov0,1074,14715.679069767442,6504.167441860465,35.36132015998257,9.513835547761579,-1.1501869702290632,215,0.9631272189222295,1,0.7069687457898913
fov0,1075,14741.335453100159,6875.144674085851,69.16094428609405,27.56144417396853,-0.5506541594796891,629,0.9171632570192901,1,0.3334248501054029
fov0,1076,14751.123481781377,5729.261133603239,71.48840314535481,26.297125063903913,0.17032556075825167,494,0.9298845003877199,1,0.2171633831186452
fov0,1077,14740.986078886312,6832.389791183295,74.84783119900996,8.227005203866147,-0.5457965958382175,431,0.9939408342175984,1,0.3251120143279532
fov0,1078,14780.553981106612,7119.258434547908,158.74872271974797,56.436417562962994,0.14765101579107018,1482,0.9346732940093448,1,0.1863500201771091
fov0,1079,14750.407506702413,12930.97944593387,83.5237820134011,44.48351873329418,-1.1653005522010491,1119,0.8463764826105313,1,
fov0,1080,14915.18271287976,4252.511767222935,316.65020578716144,145.673692034915,-0.3051430386206141,4674,0.8878950312175263,1,0.22414792553921256
fov0,1081,14754.308681672026,6948.749196141479,36.420214696040404,12.049802570872508,0.7410913355894941,311,0.9436816764005238,1,0.5656932145641633
fov0,1082,14770.872689938398,13306.58726899384,67.54711462881068,10.329478081859996,-0.19085134988333255,487,0.9882381741600414,1,0.3160970409680764
fov0,1083,14772.44,6113.443636363636,50.100620935647335,8.45873874767504,-0.4387675426588975,275,0.9856443273301752,1,0.30809661393380394
fov0,1084,14794.770873786409,7253.755339805825,122.1304964321033,27.834155974898074,0.44528399131392254,1030,0.973683363122611,1,0.23596199147428507
fov0,1085,14791.267924528302,5509.4301886792455,56.80034405949442,22.614990519023696,0.054057891279142414,530,0.9173208322805712,1,0.13583003714674521
fov0,1086,14788.855855855856,4858.477477477478,63.58306431228922,9.019860331003429,-0.24966599624931615,444,0.9898868058627469,1,0.2341847003525435
fov0,1087,14871.67420435511,5634.832077051927,238.7044791491057,22.057152850038694,-0.18331791932340882,2388,0.9957216352903757,1,0.13261462588959283
fov0,1088,14848.859453993933,13016.883720930233,166.40240374170637,35.00196240139842,-0.33939640726988807,1978,0.9776271567605795,1,0.3527119287503983
fov0,1089,14797.11155378486,6244.1713147410355,39.52862592295445,8.549266704179274,-0.06773429871418828,251,0.9763312921842919,1,0.26673441589617825
fov0,1090,14810.193675889328,6759.04347826087,86.33058217958488,16.055147402572995,-0.6292785195782934,759,0.9825548769255207,1,0.06998238349438786
fov0,1091,14839.740409207161,6793.253196930947,98.69496740139186,14.277931192453309,-0.7134026046681482,782,0.9894803595234587,1,0.07344188896412106
fov0,1092,14859.756513026052,7178.519038076152,108.06984641261639,13.43916802877144,-0.11133452788120966,998,0.9922376260437503,1,0.166530564615942
fov0,1093,14841.825,7024.047727272728,81.7062819317885,7.976827306318347,-0.3377488606413778,440,0.9952229691323169,1,0.3697079993750991
fov0,1094,14828.846153846154,5788.43891402715,36.84384297271152,7.95988700710317,-0.09273141818722865,221,0.9763836537794457,1,0.14409508369980956
fov0,1095,14827.635416666666,6311.104166666667,35.74058129753423,7.9672559867743065,-0.8313694977428274,192,0.9748369620953106,1,0.6316663523667079
fov0,1096,14836.71875,5263.9375,23.092077320702877,7.206097419177716,-0.004479963220701587,128,0.9500626269052441,1,0.1977394974446273
fov0,1097,14837.134328358208,6514.313432835821,132.08766551108764,14.3363647905207,-1.3818966607155296,1005,0.994092438242795,1,0.9890322181526028
fov0,1098,14969.156637789745,6338.89627721845,363.0103900057057,110.53014574880672,0.3629473645563473,4271,0.9525180756998517,1,0.339196953706018
fov0,1099,14861.539007092199,5850.992907801418,23.008759363862016,8.378725951437405,-0.009010544333989214,141,0.9313388470705208,1,0.1881826231921199
fov0,1100,14876.34855233853,6525.021158129176,95.53747025275025,33.46286433871036,1.2127432159947436,898,0.936652866465254,1,0.8989948323555821
fov0,1101,14896.176,5772.154285714286,57.715301432096844,24.25613470288802,-0.48164299223836576,875,0.9073980973572019,1,0.23524436437239032
fov0,1102,14875.963302752294,5259.183486238532,16.40381914815943,9.939560459267646,1.3211475804849582,109,0.795518230156257,1,
fov0,1103,14898.7217630854,5829.239669421488,61.21926373231977,7.835425638454387,0.2309256828034278,363,0.991775517277599,1,0.2805796084059124
fov0,1104,14967.848325673014,5677.272160210112,177.69750292039893,28.10725834013598,-0.07854488651350011,3046,0.9874111342470443,0,0.13660977175532968
fov0,1105,14892.12962962963,6410.672839506173,28.843675105166163,8.399692155937913,0.9454203861994679,162,0.956657828678196,1,0.6148309782072892
fov0,1106,14897.643678160919,12908.022988505747,55.68094985514375,10.719890930861473,-1.1600736290117903,435,0.9812923646102102,1,0.26388682033991756
fov0,1107,14911.070866141732,5862.561023622047,57.73157196270782,13.7490327170784,-0.5368771810138486,508,0.9712272864103052,1,0.25841835002233343
fov0,1108,14916.579852579853,7346.4791154791155,52.21703407557386,11.2096227933907,0.6132208278013619,407,0.9766858305992129,1,0.3300670047591204
fov0,1109,14919.375494071146,7283.644268774704,40.84952430003368,8.368025975077883,-0.23606513919788175,253,0.9787933736241992,1,0.41415621390485235
fov0,1110,14923.281690140846,13192.989436619719,45.66099735182907,9.431695271078668,-0.524343771933903,284,0.9784341221536458,1,0.16595529280119262
fov0,1111,14968.728413284132,6115.6073800738,132.21583791612665,39.84659007213178,-0.40026080349436727,1355,0.9535055942509572,1,0.20968627676607907
fov0,1113,14968.30580357143,6802.878720238095,191.5651347095,23.56088260442717,-0.8703856756488363,1344,0.9924077245652475,1,0.14962597218413726
fov0,1114,14955.81130063966,7045.83368869936,152.55754460479835,36.90149898352064,-1.221510662906628,938,0.9703047329508764,1,0.7437660829815357
fov0,1115,14936.371841155235,6491.075812274368,46.04293540675012,9.377570658090173,0.47517241429491336,277,0.979039569161854,1,0.5139579174011625
fov0,1116,14952.55421686747,4368.6024096385545,72.70190039233042,11.172343251871062,0.05982541203533619,498,0.9881217066404895,1,0.1626194326192204
fov0,1117,15013.02229845626,7214.9918524871355,252.8768437323457,97.765373146572,1.0062411416626662,2332,0.9222422134332584,1,0.8193274388732158
fov0,1118,14931.06697108067,7470.552511415525,78.86041847668346,14.16168138633981,1.529273904970817,657,0.9837435408080417,1,0.5811719079509589
fov0,1119,14973.629550321199,5482.246252676659,72.638339405051,9.211777932746553,-0.3125215807004932,467,0.9919261276774244,1,0.1900255646390213
fov0,1120,14959.789719626167,6195.985981308411,36.133162391378974,7.772574722158028,0.20147389285882208,214,0.9765900077247998,1,0.2560373512442012
fov0,1121,14992.349304482226,13079.987635239568,112.87342519209969,8.916059539446191,-1.0622970403703598,647,0.9968752766577488,1,0.273748357176737
fov0,1123,15003.067988668556,5524.691218130311,56.377202745795245,8.963265209950626,0.2511322553119976,353,0.9872806109723107,1,0.19614973219649573
fov0,1124,15030.555555555555,6217.362007168459,77.55575964726168,11.91024907915654,0.14129018809049187,558,0.9881377491319412,1,0.4229407302658563
fov0,1125,15025.096509240246,5557.168377823408,67.25503220385532,10.302303984040593,0.049686103263939456,487,0.9881978931770837,1,0.11842305249109943
fov0,1126,15121.93961260919,5908.321686289404,282.3151913067572,38.3154121209558,-0.3137507268636978,2633,0.9907474307890823,0,0.4188259029531261
fov0,1127,15042.271712158808,5029.168734491315,85.30740003535882,17.743647334297535,0.027704594548578276,806,0.9781295534345134,1,0.20432559164111855
fov0,1128,15057.398305084746,5969.7082324455205,108.64072632736827,10.683841975708292,-0.2072014518689548,826,0.9951527721510576,1,0.20373672956730543
fov0,1129,15088.67860906217,6067.456269757639,137.04847937864497,22.38398131801959,-0.33318633583527185,949,0.9865716705070087,1,0.23214998714067983
fov0,1130,15057.407692307692,5498.942307692308,52.68340441207104,7.216972936816487,-0.05072135161868607,260,0.9905727628256877,1,0.08639957700851139
fov0,1131,15075.172222222222,6150.122222222222,81.90228441644335,10.149183751652647,-0.6091441420610686,540,0.9922924364489333,1,0.5773829531368699
fov0,1132,15123.35154826958,5469.944444444444,163.72597146785128,12.130960282943375,0.03320792021156016,1098,0.9972513307083155,1,0.12520576469421885
fov0,1133,15076.08,6042.386666666666,63.123409594712086,8.117260418008375,-0.5326251454114732,375,0.9916973886999374,1,0.2809272311722328
fov0,1134,15067.047619047618,5197.748917748918,41.6571997188727,8.061228380620838,-0.7279427617790887,231,0.981097622652173,1,0.3486858807513864
fov0,1135,15118.363120567376,6756.5099290780145,197.49659779106108,15.737956920993016,-1.0489089334341841,1410,0.9968199161770849,1,0.5696162808307423
fov0,1136,15163.037162162162,5583.623873873874,239.54346401093488,27.31191162687866,-0.07342743997839553,1776,0.9934788541635362,1,0.07976488723140085
fov0,1137,15084.517910447761,6551.120895522388,101.79145221475264,12.60816201672994,-1.2786062880638165,670,0.9922993684562772,1,0.7548373846309173
fov0,1138,15132.316123188406,5521.503623188406,91.67305981842127,19.587823657115482,-0.15653633559056745,1104,0.9769057990079862,1,0.06693736190164801
fov0,1139,15097.577981651377,6630.0091743119265,21.502850924817643,6.977443694692962,-1.363903665168494,109,0.9458893883150764,1,0.791882637541097
fov0,1140,15113.27397260274,6195.239726027397,27.31843115863449,7.189745140672644,1.5562144059936438,146,0.9647459447605703,1,0.7223026570054758
fov0,1141,15137.990099009901,5988.732673267326,42.13217037996839,11.010912032282166,0.5215049089429533,303,0.9652462277183753,1,0.4104560771126731
fov0,1142,15152.166666666666,7172.6783783783785,138.31274968879828,34.49458761012023,-0.9239027057429529,1110,0.9684016974547688,1,0.7300152061937463
fov0,1143,15165.46435272045,5629.24765478424,79.3971037283924,19.48316122143015,-0.11649263086420814,1066,0.9694247414473094,1,0.06259726880703709
fov0,1144,15207.773234200744,5549.110594795539,153.69137664828546,15.098988565193336,-0.2891371829516893,1076,0.995162528365755,1,0.0766158528058718
fov0,1145,15138.791044776119,7296.514925373134,23.332934912484028,7.570980697783525,1.1352741566575626,134,0.9458938806168463,1,0.8042235588563721
fov0,1146,15204.34954954955,6038.563603603604,207.95882684761463,51.44994228546851,1.1179375965882736,2775,0.9689122925881906,1,0.6623755429545434
fov0,1147,15186.222009569377,6500.5224880382775,109.60336223376375,49.495193971394116,1.1669397412865277,1045,0.8922282893853979,1,1.1135679434191397
fov0,1148,15267.974366616989,4166.671833084948,311.1033402181594,54.295206526705776,0.3504393816994141,3355,0.984652802248557,1,0.1853275827649166
fov0,1149,15157.603738317757,7246.7794392523365,78.52691266580271,11.706599690050247,-1.3294235490296187,535,0.988825507514289,1,1.0731165634009165
fov0,1150,15209.584737363726,5336.359762140733,123.29397480107663,17.506326777174763,-0.1552187729826918,1009,0.9898683070610345,1,0.07767355224522257
fov0,1151,15161.850574712644,6067.646551724138,23.988319402355483,18.504982023894655,0.026576122632701676,348,0.6363307318489002,1,
fov0,1152,15165.378830083566,7329.25069637883,56.29784100769792,10.267620236289561,1.2649463274953185,359,0.9832280539432414,1,0.8516732938601889
fov0,1153,15261.553754727174,6757.641274986494,196.84502662146016,38.37949932838445,0.5126847592513483,1851,0.9808085756206092,1,0.5462839571925217
fov0,1154,15176.523985239852,6240.354243542435,46.52352919830867,7.658408551312963,1.524561521343586,271,0.9863581205597266,1,0.7089795467732118
fov0,1155,15204.19961612284,7297.330134357006,49.01410135135702,25.109901184063578,0.12039865984317874,521,0.858806840625409,1,
fov0,1156,15359.524728907696,4265.13012430574,376.21361551920535,96.55506377095627,0.1803496743424818,3781,0.9665045249200702,1,0.09110332912520809
fov0,1157,15240.745699326852,5494.747195213164,104.26071953274325,16.97227037420626,-0.2890813371170716,1337,0.986661265651683,1,0.10245277853996872
fov0,1158,15251.33734939759,5191.315834767642,82.37194101602776,18.926907965847747,0.020430121264959692,1162,0.9732440772711148,1,0.04860067272522305
fov0,1159,15232.254098360656,6210.459016393443,21.971797852994374,7.318279726900948,0.26945570136966035,122,0.9428999640948095,1,0.5724427367955031
fov0,1160,15225.969387755102,6960.714285714285,33.13591804992827,7.695481208589415,-1.45900488870103,196,0.9726585444374459,1,1.0592787381315378
fov0,1161,15227.687050359713,7034.60071942446,43.82851549100941,9.142019694453575,1.4737642153993449,278,0.9780040047831864,1,1.2123313442655426
fov0,1162,15241.665529010239,5680.631399317406,31.490516386777156,13.812541807007833,0.05506038914382623,293,0.898669971560514,1,0.10378945222579923
fov0,1163,15251.094017094018,6812.407407407408,61.32899670728289,7.983765935215922,0.5702687043107464,351,0.9914904687069273,1,0.44901338109830685
fov0,1164,15244.831578947369,7088.784210526316,52.212798872840885,16.432963389393745,-1.5536990567344784,570,0.9491810549481766,1,1.0859908727878145
fov0,1165,15255.029224904702,6871.809402795426,51.16695957173021,25.416889032961663,-0.676239364651595,787,0.8678970136416372,1,0.7201299290365217
fov0,1166,15457.932977235152,5150.921785578023,422.7222036588258,80.04983498477596,-0.059893600196355506,7863,0.9819062891235251,1,0.06714700711242082
fov0,1167,15251.424657534246,6948.876712328767,28.489840749895286,7.599235310921685,1.4957065442235182,146,0.9637699331240435,1,0.9455350781525448
fov0,1168,15323.958017894012,5305.813489332416,126.3294265979092,18.999893279108974,-0.04451848997001494,1453,0.9886252904723846,1,0.04673711468960136
fov0,1169,15300.991902834008,5975.6255060728745,68.4257515889603,13.381186592439999,0.2761198886956896,494,0.9806921857335782,1,0.6209123535436897
fov0,1170,15299.188854489164,6063.123839009288,46.836900385099966,17.033645387076337,-0.844130722049867,323,0.9315239315251215,1,0.8196116776268663
fov0,1171,15342.296875,5689.811298076923,123.4225463350267,20.90203734748888,-0.03407140512980826,832,0.9855553763578769,1,0.28340237782935684
fov0,1172,15412.00832778148,5588.500333111259,241.84348292568902,98.50976444803686,-0.4462286383388999,3002,0.9132816768630541,1,0.14459879753130003
fov0,1173,15332.388429752065,12850.462809917355,23.209656862838198,7.425639280669979,-0.41076754761508016,121,0.9474386548437823,1,0.5544944495379306
fov0,1174,15347.566985645934,5826.527511961723,101.30573916595458,32.87312360654549,0.9072405640222204,836,0.9458876898039429,1,0.49926680385959504
fov0,1175,15417.505349276275,5217.613593455003,203.398728283307,20.280791898278768,0.024785692499451017,1589,0.995016587466997,1,0.029855184875183433
fov0,1176,15352.15,7194.079268292683,89.7449512484503,45.65595379407757,1.0935563363829301,820,0.8609260904977009,1,
fov0,1177,15345.775862068966,6069.706896551724,17.245432339596928,8.788873109276695,-0.002894886422060683,116,0.8603908020959706,1,
fov0,1178,15383.514614278869,6781.424532822233,294.120251289595,31.592346975998325,1.4715315906131214,2087,0.9942144845444196,1,0.791361810417591
fov0,1179,15366.196004993757,6093.237203495631,84.5043213551974,18.007533946256274,1.4671858490370282,801,0.9770312632271424,1,1.1879005998347527
fov0,1181,15409.559231590181,5716.680896478121,103.1407053701167,24.916809900237407,-0.504373690094974,937,0.9703807174606677,1,0.39822231790367063
fov0,1182,15399.323024054982,5237.054982817869,50.16285813318919,7.795762003495282,0.0724164567479939,291,0.9878502052174141,1,0.04753354191543022
fov0,1183,15406.567415730337,7316.51872659176,87.80998053892633,52.61388005523062,-1.550987319984862,1068,0.8006152309658253,1,
fov0,1184,15392.51724137931,3502.5862068965516,20.28482946557292,20.015374025734513,1.3499425485904764,319,0.16245225210492906,1,
fov0,1185,15403.80658436214,7194.62962962963,40.90670017100406,8.116232583787125,-0.8235029865940501,243,0.980119436686118,1,0.8909967537181941
fov0,1186,15415.434782608696,7139.87536231884,51.284737535252475,10.985878434052564,0.31056519007043876,345,0.9767868834075869,1,0.6908368640470695
fov0,1187,15458.629392971246,5491.071352502662,142.16257289988664,11.981742492317219,-0.04615449164291173,939,0.9964419444195045,1,0.2783381261147866
fov0,1188,15403.461313868613,6371.073722627737,115.40280966288105,15.951258866523048,-1.4742969518953808,1370,0.990401209029809,1,0.7566429800138994
fov0,1189,15409.745495495496,6048.0157657657655,73.61849694399785,8.20662184724737,-1.3930888479365717,444,0.9937672386814669,1,0.7296808933665762
fov0,1190,15423.692612137203,6818.390501319262,102.29928521324526,20.72542182996298,-1.405478231046644,758,0.9792624149070777,1,1.2413078129708373
fov0,1191,15471.4120906801,6923.5949622166245,140.79080152303047,95.08829069991931,1.428936218885401,1985,0.7374634021061601,1,
fov0,1192,15437.8375,5801.93125,31.495800696335515,7.603710508476183,0.06388943284465709,160,0.9704207700352042,1,0.4557169927583589
fov0,1193,15458.41547277937,6706.905444126074,84.01259519006348,17.042643389483278,0.8277504780964465,698,0.9792081254037608,1,0.603940120822366
fov0,1194,15446.191747572815,5957.5,47.209231231279226,14.646024637676893,-1.2960969098553912,412,0.9506594241427389,1,0.07708060132802941
fov0,1195,15445.449814126394,7195.579925650558,67.634773261858,14.172495268212346,1.54404213750719,538,0.9777991098801985,1,1.0224870044208092
fov0,1196,15460.751243781095,5437.651741293533,33.556486103827375,8.32826380726504,-0.07687121882089738,201,0.9687122927138351,1,0.1056382140415091
fov0,1197,15460.10537870472,6414.672886937431,120.48385733548783,11.520735564033167,1.5518894938307153,911,0.9954178549126463,1,1.4557663604785875
fov0,1199,15463.347826086956,12786.92270531401,32.3178523098265,9.571418876947348,1.4696338490580823,207,0.9551367720976328,1,1.2032952756071027
fov0,1200,15475.035842293906,6781.064516129032,38.387628705423126,14.75516847546981,0.8319775592553007,279,0.9231778742568022,1,0.6043498329356132
fov0,1201,15488.788586251621,6264.330739299611,191.3638744428232,18.01142107754038,-1.427636727243525,1542,0.9955607347202959,1,0.7467999460389637
fov0,1202,15490.929032258064,12819.877419354838,46.26130241506112,18.744947330960375,-1.0412957523256532,465,0.9142293363772611,1,0.6479237280599771
fov0,1203,15510.828185328186,5699.984555984556,58.43152394615493,28.595686754777102,-0.4812606404962595,518,0.8720661577824728,1,0.3706501134777272
fov0,1204,15508.449848024316,6501.87537993921,50.051736249861335,11.228763256322523,-0.9971771392768611,329,0.9745102150659813,1,0.6608655279415585
fov0,1205,15501.699248120301,5871.380952380952,65.19673921359036,8.228073066796027,-1.3473139295395067,399,0.9920043412891215,1,0.3576665221984711
fov0,1206,15535.050458715596,6905.546636085627,166.0847138248239,46.887205446966206,1.1209455239587829,1308,0.9593235336492071,1,0.9062361236920444
fov0,1207,15533.864161849711,5918.252408477842,81.28641058342058,24.29599597765581,-1.1747363502638855,1038,0.9542864121448771,1,0.1359922629236334
fov0,1208,15532.302083333334,6432.229166666667,74.22408128397277,9.276425873936944,-1.4761966103708661,480,0.9921594305883,1,0.7700370239270852
fov0,1209,15534.1796875,6300.17578125,40.68652837819311,8.405826681675169,-1.4619520053260857,256,0.9784255425846886,1,0.7560205232664535
fov0,1210,15533.348148148149,6027.511111111111,24.207827706307267,7.285384364684765,-1.5574466774753752,135,0.9536394168358259,1,0.6732860748000844
fov0,1211,15569.560924369747,6317.649159663865,124.75485623565244,22.183620094196513,-1.1789689626377844,952,0.9840634480856807,1,0.6922872269385345
fov0,1212,15574.232939035486,5286.117379435851,79.60797524978197,17.838838341839693,-0.2772104224442816,1099,0.9745699354171059,1,0.13553649145295996
fov0,1213,15556.25641025641,5626.824457593689,28.73988883076935,22.61120756853128,-0.007839816182930736,507,0.6172673333539109,1,
fov0,1214,15545.894117647058,6694.713725490196,39.638124997509664,8.632075864196544,1.486625470969677,255,0.9759996582282401,1,0.7750099033067086
fov0,1215,15571.16814159292,6024.1106194690265,38.87315010501566,7.6713452369391755,1.0570473185591052,226,0.9803344982266243,1,1.143279122710442
fov0,1216,15643.419037199124,6970.4305251641135,127.79889121981637,62.01676931348793,-0.7104791969896194,1828,0.8743652186238139,0,0.6159019392870564
fov0,1217,15579.226804123711,6710.213058419244,46.501505415204555,8.261542832519478,1.5080664261870278,291,0.9840915973632287,1,0.78241519269422
fov0,1218,15602.996732026144,5958.267973856209,25.975414466704525,16.748757251492627,1.5686385062092651,306,0.7643575032007944,1,
fov0,1219,15601.528610354224,6179.1062670299725,57.20795665700954,8.597813698777966,1.490346964115028,367,0.988641875927814,1,1.1839264699893626
fov0,1220,15619.29054054054,5314.070945945946,37.8839431963822,10.442766369208034,-0.09485078074887329,296,0.9612576354956475,1,0.09493909270540848
fov0,1221,15617.95406360424,5597.296819787985,39.87290186444293,11.499646585403012,0.8968373419550321,283,0.9575077418690138,1,0.7342988308053169
fov0,1222,15628.312600969306,6272.610662358643,163.7657719297329,14.39915267151759,1.5486314358144218,1238,0.996127072074302,1,1.2658297162363101
fov0,1223,15635.588636363636,6096.775,41.7081064925918,17.294454322796163,-1.1072506474777881,440,0.909978922876216,1,1.0468073536094116
fov0,1224,15644.784222737819,6143.241299303944,59.30920741172982,10.568912438923267,-1.135381365161324,431,0.9839942529424546,1,0.9099928705294968
fov0,1225,15639.763337893297,5915.191518467852,91.64537887683778,17.0629297040102,-1.4986556740995094,731,0.9825148398568584,1,0.7266734885044915
fov0,1226,15640.943396226416,5806.316981132076,40.445568743071966,8.811168780958377,-1.5293565738521058,265,0.9759817020217207,1,0.7323784429391995
fov0,1227,15673.081280788178,6863.597290640394,89.40756454075844,24.25116327678097,-0.701082633663539,812,0.9625109414049395,1,0.47933520887166436
fov0,1228,15657.167272727273,6242.572727272727,94.87134345402423,10.237252318382533,-1.4730211350088733,550,0.9941610266968854,1,1.3014733323499874
fov0,1229,15668.323699421966,5950.439306358381,27.528459935051874,8.690431379988961,-1.0436124714335873,173,0.9488627241250591,1,0.815337196289239
fov0,1230,15695.169662113587,5468.139468008627,100.32852802673511,69.52832676880661,1.3766242532668935,1391,0.720931290677967,1,
fov0,1231,15682.168604651162,6684.116279069767,29.150581746668998,8.435271517399423,-1.4709251616432721,172,0.9572176580146213,1,1.1267440604448957
fov0,1232,15713.029350104822,5927.614255765199,173.4372619772606,34.181750063290814,1.3537010974899757,1908,0.9803865586551656,1,1.3851995548139635
fov0,1233,15716.314906219151,6358.458292201382,499.52705476086714,74.44671512111279,1.406244247321323,4052,0.9888320117587042,1,0.7665282678381801
fov0,1234,15746.557101449276,5634.345507246377,118.1614196581142,22.129321634013728,-1.1118693294784188,1725,0.9823064898799451,0,0.5414918483382954
fov0,1235,15869.927454242928,4329.743427620632,305.1442359333207,34.877845734816475,0.0677327546143278,3005,0.9934463323226084,1,0.2841070439560676
fov0,1236,15857.818119735943,4016.245845663556,277.72941949762605,115.2358442713595,0.42094298052406215,4393,0.909857316979044,1,0.17139050118206198
fov0,1237,15731.508108108108,6135.5837837837835,29.380893444133427,8.773486041894976,1.362648094234169,185,0.9543746120416257,1,1.0973793790891995
fov0,1238,15733.852417302798,6337.486005089058,101.16453112625906,10.387983003038958,-1.5357200684412167,786,0.9947140229419821,1,1.10799880319353
fov0,1239,15781.147172734314,4289.951200619675,144.16337394397763,16.50381284983981,0.34437068615173905,1291,0.9934255612769641,1,0.2639147769199283
fov0,1240,15746.740384615385,4346.778846153846,38.49907116046409,7.387554240162638,0.43022477629294587,208,0.9814166047732431,1,0.29476058341166117
fov0,1241,15738.1689373297,6202.66757493188,58.65226611975344,8.424549994116314,1.5395176602998215,367,0.9896306539653787,1,1.2277520116179084
fov0,1242,15752.533039647577,6429.422907488987,42.05104713586266,7.184323068025932,0.74649473094291,227,0.9852974558730605,1,0.6275854269619462
fov0,1243,15765.49570200573,5264.318051575931,44.96961316543639,10.58140303424013,-0.4052113966168047,349,0.9719225045092368,1,0.23461941248683507
fov0,1244,15768.446107784432,5913.510179640719,139.27965615097926,17.38107331608299,-1.5626959725344396,1670,0.9921828469552835,1,0.742230819933564
fov0,1245,15785.383333333333,6757.933333333333,59.03567860460784,11.719394491568417,-0.5246160765807493,360,0.9800981008938354,1,0.26098360272649707
fov0,1246,15841.140776699029,6364.726213592233,232.90035782172012,88.38002728781406,0.867401231878658,4120,0.9252017022996969,1,0.6389298990629066
fov0,1247,15842.54128440367,5554.856880733945,152.9684054804082,14.890302168609896,-0.6158423915349922,1090,0.9952509579549824,1,0.18351537725136716
fov0,1248,15842.857923497268,5514.915690866511,143.31988739478976,24.048361365360574,-0.5098308652088104,1281,0.9858219088463107,1,0.1642021344981189
fov0,1249,15820.25215393452,5732.673750717978,137.84442710820983,36.920557119388796,-1.3310022151489254,1741,0.9634627891955155,1,0.09423805291002561
fov0,1250,15812.035398230088,6798.230088495575,18.429974024902172,8.06170461672995,-0.1308366068601187,113,0.89925560335608,1,0.19586991177527216
fov0,1251,15827.77738515901,6043.199646643109,49.221848159229665,26.869759068396338,-1.3941596756031007,566,0.8378562666634681,1,
fov0,1252,15836.59585492228,4005.3652849740934,47.520859253025364,11.945644839544576,0.48656453235161873,386,0.9678892857305748,1,0.1961010579871106
fov0,1253,15867.43721633888,4244.9026727181035,114.01098033117843,69.6652961931321,0.016175532016003052,1983,0.7915995398156614,1,
fov0,1254,15849.305740987984,6761.79038718291,69.01179162514974,26.014510368169343,-0.41685500532405667,749,0.9262305684029913,1,0.27476107017136076
fov0,1255,15836.803713527852,6143.307692307692,57.725691029844974,9.416987902638393,-1.2633812674990264,377,0.9866040217532801,1,0.9621786949804592
fov0,1256,15845.561797752809,6800.376404494382,39.47462275759083,14.41633322442374,-0.3584130364463619,356,0.9309270868272757,1,0.11187392413907801
fov0,1257,15853.291666666666,5311.975,36.120377607476314,9.434716585509033,0.43330033642108645,240,0.9652841500880803,1,0.336467866612959
fov0,1258,15892.267555555556,5289.008,106.18145536952547,64.35335890745097,0.7108912169153794,1125,0.7954115684310088,1,
fov0,1259,15894.321222130471,5683.853014037985,257.3034259184237,32.68162016669241,-1.067054075096434,2422,0.9919006841008279,1,0.22733257257968226
fov0,1260,15857.46875,5887.921875,25.101478726140776,7.039352563347137,-1.3740568197525689,128,0.9598727925186831,1,0.6841772283690248
fov0,1261,15928.969429747207,5155.233392122281,135.04930954342737,29.94516376627958,-0.19378176129949243,1701,0.9751069546360743,0,0.19116510792072933
fov0,1262,15955.311969111968,4848.7930501930505,141.9181306125102,13.140678518838222,-0.25068958472655817,1295,0.9957040057796672,1,0.11709594883252943
fov0,1263,15933.405572755419,5373.693498452012,60.20398899403471,14.97411255568733,-0.3433924986722982,646,0.9685746765040593,1,0.25121086662620024
fov0,1264,15950.050073637702,4445.223858615611,100.6025265258368,13.783019297667455,-0.4581303427995535,679,0.9905703969301322,1,0.39937859962937305
fov0,1265,15934.191489361701,5230.36170212766,23.804546910665593,7.87651491625371,-0.15039693129460552,141,0.9436718596696098,1,0.17395861459084144
fov0,1266,16058.88756281407,4235.094849246231,347.8746482014179,32.55808119927146,-0.15790785890705616,3184,0.9956106903295672,1,0.30042857732048084
fov0,1267,15952.883495145632,5638.511326860841,46.31366442587969,9.553292104555133,-0.33660566626144134,309,0.9784943281142076,1,0.48236116955358543
fov0,1268,15981.444444444445,4468.052730696799,82.51544783599343,10.715444224724926,-0.24962418953582613,531,0.9915323583419949,1,0.32823130487639673
fov0,1269,15961.2,5768.35,36.742032565815826,8.817613943681241,-1.481173546178971,220,0.9707760764078789,1,0.6138246860792997
fov0,1270,16012.493353028065,4559.483013293944,97.26485684634753,12.842767847091931,-0.006797092745837538,677,0.9912445036717974,1,0.13662483071349932
fov0,1271,16004.100687285223,5725.847766323024,220.84214402876034,62.31605492239601,-1.2954465923878764,2910,0.9593630524052297,1,0.5456608058243305
fov0,1272,16015.545310015897,4608.836248012719,89.31177785912406,11.257646084002948,0.12908798605302457,629,0.9920240368511387,1,0.19017927577616664
fov0,1273,16022.751937984496,5290.728682170543,39.39727140630558,10.258046568862415,0.02794392862315334,258,0.9655076887046546,1,0.07703072779925163
fov0,1274,16154.13545026048,4398.23344083354,339.85372156389377,68.92363918666395,-0.15730277680102364,4031,0.9792193846014188,1,0.29987067329845535
fov0,1275,16031.076923076924,5259.952380952381,45.86442589509175,9.899182352528701,0.1809569389352679,273,0.9764296865981019,1,0.12224351155642468
fov0,1276,16032.623955431754,4364.259052924791,37.60484189642324,13.009928590705872,0.9660689893503027,359,0.9382477181625855,1,0.61397993265715
fov0,1277,16073.797554347826,5359.822010869565,97.76733168520107,10.229716259941094,-0.14099430791882983,736,0.9945108734575048,1,0.3328407445911319
fov0,1278,16113.034459759894,5035.292352156514,172.39382438511328,126.33979236830788,0.11880601883227755,4498,0.6803841275650774,1,
fov0,1279,16049.98031496063,5402.212598425197,40.26442860504876,8.249979859471676,0.1336849187718291,254,0.9787839605414018,1,0.4647116287576515
fov0,1280,16069.914285714285,5680.342857142857,30.790024754698177,7.768729054052388,0.6430832307697355,175,0.9676456269033747,1,0.8322080760674473
fov0,1282,16099.67912087912,5476.404395604395,73.9934419370515,11.361152830425738,-0.36901626281673594,455,0.9881420137754879,1,0.30900183790394237
fov0,1283,16121.182746299131,5596.717202654416,173.39507589619996,55.5551580347466,-0.7174201486086339,1959,0.9472835621339721,1,0.39143078511790363
fov0,1284,16097.298780487805,5412.759146341464,36.07731353868467,17.040060050442754,-1.4218885945628752,328,0.8814268018378005,1,0.5957978284458498
fov0,1285,16173.306926210955,4664.167949298325,153.0531123786797,73.97371696626617,-0.13919820188092008,2209,0.8754434476774584,1,0.12048837648095949
fov0,1286,16157.384798099762,5406.444180522565,74.43162422890049,9.960675728611795,-0.7073526877042642,421,0.9910052269270062,1,0.2628425342654304
fov0,1287,16154.040609137055,5367.215736040609,51.22815606037835,11.43515790945376,-0.30787271053886334,394,0.9747680513433875,1,0.3185354359483968
fov0,1288,16207.436464088398,4174.132596685083,67.0934139136879,7.443767747251652,-0.048248491171923535,362,0.993826399745284,1,0.2673307658728518
fov0,1289,16215.189814814816,4362.912037037037,36.02997052664521,8.0893291314516,0.2529057030136287,216,0.9744702475136224,1,0.2190632495306376
fov0,1290,16218.753541076487,6708.900849858357,21.749975634679632,20.66121688376308,1.0065089575661386,353,0.3124260921255992,1,
fov0,1291,16289.701023890784,5548.681228668942,106.3510992074057,29.127821548984617,0.09520068868708341,1465,0.9617628478661523,1,0.29540164112627404
fov0,1292,16253.379690949227,5217.23178807947,38.763408175561636,20.591638987283346,1.1082852950899864,453,0.8472381024192703,1,
fov0,1293,16338.056102900931,4834.601806239737,198.05031445217278,130.47827956382932,0.4439624475407969,3654,0.7523060424659508,0,
fov0,1294,16282.925696594428,5288.09907120743,43.82723788853446,14.002840577705824,-0.6177431810551003,323,0.9475859828563389,1,0.498067027255193
fov0,1295,16402.05043478261,5453.156521739131,230.08621391839475,53.2558824673548,0.38612430588323793,1725,0.9728442897456999,1,0.17309211265972255
fov0,1296,16323.013392857143,4617.678571428572,38.008411644865724,10.003092320334234,-0.21818577367586803,224,0.9647464712694603,1,0.16106572798564547
fov0,1297,16363.561504142766,5474.005736137668,122.245479479408,36.56332224675562,0.17953914417861047,1569,0.9542225428485995,1,0.09375626199621577
fov0,1298,16381.307057057056,5218.078828828829,152.67585447315219,35.35212567670373,1.168205572931537,1332,0.9728229549772347,1,0.6189382158360195
fov0,1299,16376.114155251142,4383.803652968037,35.915812042037416,8.254284808322025,0.2370123662703234,219,0.9732324095114079,1,0.19214435937287602
fov0,1300,16402.753709198812,5136.830860534124,56.16627193302111,8.340239940140584,0.002000035912308032,337,0.9889136145801578,1,0.47473216334085594
fov0,1301,16418.853458382182,4624.032825322392,116.58129816554133,29.277173109873967,0.23030499572079077,853,0.967953119661355,1,0.18693803410457396
fov0,1302,16432.42031029619,4509.851904090268,116.30425418931544,22.372262815252423,-0.2402390356158537,709,0.9813244663225263,1,0.20809533056225044
fov0,1303,16418.233990147783,5018.241379310345,58.0897963515842,15.677910278802045,0.10567451861406965,406,0.9628908949176992,1,0.4553310477314068
fov0,1304,16425.097393689986,5360.455418381344,70.11267240543891,30.620953088804193,-0.021458972460064802,729,0.899588163162684,1,0.31843209538592776
fov0,1305,16439.32057416268,5292.488038277512,33.48846284236448,8.628189869299588,-0.045078619171777745,209,0.9662392094260399,1,0.5109064605476985
fov0,1306,16450.652482269503,5202.666666666667,72.24227071513229,30.968015852502727,1.4962991618781616,846,0.9034616542743477,1,0.5552753356117176
fov0,1307,16582.776553106214,4884.251169004676,265.3341360512173,28.63058027198352,0.4560898694991643,2994,0.9941613323389092,0,0.1386919315308648
fov0,1308,16612.087559808613,4840.88995215311,300.41256473281527,42.87975138997872,0.49408613957244985,2090,0.9897607660006819,1,0.12862668297214203
fov0,1309,16535.454835281616,4993.6471838469715,106.82460655600873,38.00096285101355,0.8247982055704437,941,0.934587894015766,1,0.2118535871189368
fov0,1310,16573.95225464191,5243.647214854112,100.92135198439595,51.976263496719675,0.173521500270473,1508,0.8571796564639284,1,
fov0,1311,16583.581632653062,5121.119047619048,140.6322806841069,18.78960115740182,1.030605669831446,882,0.9910342556521956,1,0.3312714097162546
fov0,1312,16655.644078530717,5103.236225459152,196.70835091194994,39.630904234236866,0.6742337627997464,1579,0.9794946094923263,1,0.27651225559073755
fov0,1313,16615.35185185185,4291.658436213992,60.624012951598274,21.249665211058975,1.006223763667373,486,0.9365568750456538,1,0.4552468473550553
fov0,1314,16647.53517364203,5550.505788067676,76.97806153154106,27.756858560801806,0.7923593425081905,1123,0.9327277422651734,1,0.23512177719790317
fov0,1315,16670.77910278251,5393.393526405452,189.31743062068298,19.37289184515135,0.6166471015124992,1761,0.9947504856776125,1,0.1945775090070663
fov0,1316,16682.459873284053,5470.428194297782,149.2907173917722,46.26004555841663,0.36976217901067165,1894,0.9507803954738544,1,0.17948362919212793
fov0,1317,16641.942857142858,5665.867857142857,46.79292569996877,8.216997213867884,1.3881220304746154,280,0.9844609911869886,1,0.29524778036391763
fov0,1318,16658.36842105263,5710.736842105263,20.026722120857382,7.5394698193407494,1.4311542351079845,114,0.9264286118278107,1,0.17499805585630815
fov0,1319,16715.27953586498,5381.698312236287,148.796820811383,9.866944083411159,0.6412626415867758,948,0.9977989685651973,1,0.20032241670033357
fov0,1320,16715.253631284915,5191.442458100559,88.73199567405791,15.507355661703658,-0.13970363685832612,895,0.9846099570994462,1,0.3832167825304201
fov0,1321,16714.11573604061,5302.62538071066,109.48566520091462,26.065768515093467,0.859670139197563,985,0.9712468430748759,1,0.3209135111235156
fov0,1324,16731.185714285715,5233.5690476190475,60.43656799198004,19.99268409071747,0.015562266442027503,420,0.943699333877033,1,0.3142410551283937
fov0,1325,16771.166972477065,5100.361467889908,83.29966524226494,14.137002408696329,0.6753620678854392,545,0.9854935996052153,1,0.35930574667826165
fov0,1326,16772.68233387358,5302.625607779579,82.1205730280263,11.122897664475405,0.9289211594434732,617,0.9907847390465508,1,0.34815987696939127
fov0,1327,16792.789808917198,5031.6942675159235,85.78696494728133,16.007778731424253,-0.24088929478342488,785,0.9824361250770818,1,0.41760238199827626
fov0,1328,16768.922535211266,5360.450704225352,23.189719687710845,8.29495221729727,-0.07987872397049163,142,0.9338367279059843,1,0.4261471551690636
fov0,1329,16789.251184834124,4706.450236966824,32.17864641488482,8.857871941811233,0.4389553611724042,211,0.9613664597710733,1,0.09142886557965761
fov0,1330,16818.581030619865,5542.192681105303,172.1781624553065,19.11986019961237,1.1577518094313137,1339,0.9938151610720719,1,0.38130764291449765
fov0,1331,16800.424012158055,5580.050151975684,103.38662678479177,15.352686766248537,1.358150529429965,658,0.98891273780604,1,0.28918950710292135
fov0,1333,16848.196629213482,4569.101123595506,32.83686084045629,7.136937282041052,0.25217505562973525,178,0.9760947811242288,1,0.14856408097753185
fov0,1334,16856.080487804877,5319.55243902439,61.226170808827106,49.518152048217246,0.9058055169911364,820,0.5881191787092679,1,
fov0,1335,16858.472222222223,4653.391666666666,56.932139653610925,8.679363513815554,0.7439379893891652,360,0.9883110251682403,1,0.18121291550256843
fov0,1336,16893.08357628766,5051.620991253644,138.70610796277455,26.15468397346827,0.8009827551216668,1029,0.9820613111214088,1,0.41473006198131734
fov0,1337,16870.16918429003,5122.954682779457,48.98352418245905,9.201485408424139,-0.07414442162749559,331,0.9821980000976254,1,0.29151644644132346
fov0,1338,16892.440789473683,4560.585526315789,25.40620346369637,8.015387215191915,0.38597318870544295,152,0.948929109666992,1,0.182612743476976
fov0,1339,16921.265363128492,5333.209497206704,39.811604001099525,12.795796958812982,1.3777635868422797,358,0.946940563212294,1,0.4245208335706646
fov0,1340,16971.957025920874,5821.697817189632,154.65046774030296,30.40457233629,0.7984911224552956,1466,0.9804834020557379,1,0.6329542536433685
fov0,1341,16962.056603773584,5887.88679245283,54.0656042639836,9.876689491008282,1.5136276492212604,371,0.9831724770425443,1,0.7825772246526886
fov0,1342,16973.1608040201,5383.356783919598,33.17994720876607,8.119550000688063,1.417823231486979,199,0.969595668484696,1,0.19784538993233436
fov0,1343,17011.236559139787,5433.720430107527,27.798261422606615,9.72708206001241,0.6323096284152002,186,0.9367807363780103,1,0.6324582356167701
fov0,1344,17048.020810514787,5466.208105147864,88.78508700182076,25.915953035863854,1.4054074209891634,913,0.9564502659756741,1,0.7563401768323137
fov0,1345,17074.157534246577,5237.732876712329,46.23744920609348,8.818447716657104,1.504392423405661,292,0.9816443042327435,1,0.1937971500158153
fov0,1346,17123.030120481926,5109.051204819277,52.66431066107142,9.641998373285977,0.9984752252889525,332,0.9830972531606895,1,0.3009561639851909
fov0,1347,17141.612359550563,5591.595505617977,32.29511249642752,9.162896477250614,-1.5193504969678726,178,0.9589060054712748,1,1.3586781312392509
fov0,1348,17153.597633136094,5780.7278106508875,22.977436904797596,11.303299239907751,1.2600847953142267,169,0.870634540112014,1,0.7081548165438057
fov0,1349,17237.13389121339,5336.857740585774,41.609835170497966,7.598344088617986,0.9374391033881053,239,0.9831855536413416,1,0.19957138729525292
fov0,1350,18427.136778115502,6205.285714285715,20.800316432007875,20.158107167312195,0.850568029965261,329,0.2465698426490092,1,
